episode_number,episode_reward,episode_length,episode_time_seconds,policy_loss,value_loss,total_loss
1,9.0,682,1.1169102191925049,,,
2,1.0,425,0.49192142486572266,,0.07391915796324611,-0.03164646402001381
3,9.0,834,0.8645436763763428,,0.12076861038804054,-0.011106133460998535
4,9.0,727,0.8619036674499512,,0.08418569690547884,-0.03285476565361023
5,12.0,831,0.8607761859893799,,0.12065163441002369,-0.020975947380065918
6,3.0,365,0.4322361946105957,,0.13600122276693583,-0.01627051830291748
7,9.0,863,1.003465175628662,,0.13652028189972043,0.00371580570936203
8,16.0,1083,1.1879594326019287,,0.11772632552310824,-0.008464787155389786
9,19.0,1223,1.3256099224090576,,0.11069214507006109,-0.02029230445623398
10,7.0,575,0.6275551319122314,,0.12575741205364466,-0.020253319293260574
11,1.0,475,0.5348880290985107,,0.1008568606339395,-0.021092943847179413
12,1.0,411,0.4718194007873535,,0.14373714476823807,-0.011382944881916046
13,17.0,980,1.0916600227355957,,0.11410538828931749,-0.007833603769540787
14,8.0,622,0.6822290420532227,,0.15936626913025975,-0.002472158521413803
15,8.0,641,0.6930131912231445,,0.09640409448184073,-0.03377585858106613
16,5.0,534,0.7131023406982422,,0.1787406774237752,-0.0005790852010250092
17,32.0,1687,1.8116016387939453,,0.12036159355193377,-0.039001137018203735
18,8.0,803,0.8387537002563477,,0.13144314917735755,-0.021070605143904686
19,10.0,790,0.9149599075317383,,0.1126885418780148,-0.021641850471496582
20,9.0,641,0.6838757991790771,,0.08279012120328844,-0.033963892608881
21,7.0,489,0.5519182682037354,,0.06704235402867198,-0.028025180101394653
22,17.0,1032,1.148482322692871,,0.11445243982598186,-0.025202233344316483
23,6.0,571,0.62650465965271,,0.07854291633702815,-0.031403303146362305
24,13.0,677,0.8245737552642822,,0.1389905922114849,-0.018559250980615616
25,10.0,686,0.7344350814819336,,0.14773585693910718,0.0030239447951316833
26,7.0,760,0.8014054298400879,,0.08292745263315737,-0.034701623022556305
27,3.0,429,0.49466800689697266,,0.11496836971491575,-0.012178812175989151
28,4.0,511,0.565394401550293,,0.11437799641862512,-0.01360669732093811
29,2.0,455,0.5173006057739258,,0.18043252639472485,0.014407716691493988
30,12.0,960,1.0699436664581299,,0.12838424555957317,-0.009719304740428925
31,7.0,669,0.7117738723754883,,0.06643277802504599,-0.04110090062022209
32,3.0,425,0.4931633472442627,,0.11006334377452731,-0.027668070048093796
33,5.0,677,0.7294998168945312,,0.0879348365124315,-0.033039264380931854
34,3.0,585,0.7275090217590332,,0.07300068391487002,-0.03760796785354614
35,15.0,897,0.9194400310516357,,0.07175082201138139,-0.023969240486621857
36,14.0,869,0.9874541759490967,,0.22073753084987402,0.02695154771208763
37,4.0,677,0.721738338470459,,0.0520177842117846,-0.0399518683552742
38,9.0,831,0.9581608772277832,,0.09257124783471227,-0.032211948186159134
39,10.0,845,0.9612672328948975,,0.12247606925666332,-0.016026388853788376
40,10.0,869,0.9001219272613525,,0.0534201601985842,-0.03520640358328819
41,4.0,651,0.7921006679534912,,0.08250096417032182,-0.03051725961267948
42,14.0,988,1.1014752388000488,,0.050123044522479177,-0.039278604090213776
43,16.0,1088,1.2005481719970703,,0.04298039060086012,-0.03913882002234459
44,8.0,844,0.8786349296569824,,0.114440874196589,-0.019484680145978928
45,6.0,787,0.9293749332427979,,0.07268999493680894,-0.04915837198495865
46,9.0,839,0.8807761669158936,,0.05329725472256541,-0.023479189723730087
47,4.0,627,0.7754526138305664,,0.07251600897870958,-0.022326763719320297
48,7.0,773,0.8217425346374512,,0.038202383322641253,-0.05158744752407074
49,17.0,1073,1.1936120986938477,,0.08824327425099909,-0.016307692974805832
50,7.0,786,0.916163444519043,,0.09163042064756155,-0.028677619993686676
51,15.0,953,1.0730557441711426,,0.06480217049829662,-0.04839953035116196
52,8.0,788,0.8356838226318359,,0.10738308494910598,-0.014590132981538773
53,10.0,818,0.9460995197296143,,0.02749947493430227,-0.052806705236434937
54,13.0,951,1.0668456554412842,,0.05914865876547992,-0.03066716343164444
55,9.0,829,0.8849945068359375,,0.04457182390615344,-0.04890584200620651
56,10.0,866,1.007988691329956,,0.07224950310774148,-0.04682778939604759
57,7.0,799,0.9291324615478516,,0.06961367907933891,-0.033893100917339325
58,21.0,2008,2.228332757949829,,0.03770568617619574,-0.038801804184913635
59,10.0,843,0.8833718299865723,,0.0749591221101582,-0.042838819324970245
60,10.0,841,0.9685940742492676,,0.051538064843043685,-0.026060843840241432
61,14.0,964,1.084315299987793,,0.08185951481573284,-0.017312129959464073
62,10.0,855,0.8947353363037109,,0.05598952295258641,-0.03527509421110153
63,11.0,856,0.9826712608337402,,0.05843929760158062,-0.030938029289245605
64,10.0,843,0.9656558036804199,,0.06414063600823283,-0.02497551590204239
65,9.0,803,0.8284828662872314,,0.024063325952738523,-0.0452764667570591
66,9.0,809,0.9265608787536621,,0.04443102271761745,-0.0458701066672802
67,10.0,861,0.9764881134033203,,0.05361859407275915,-0.03826836496591568
68,10.0,828,0.8559310436248779,,0.02252199500799179,-0.06149696186184883
69,9.0,802,0.9173550605773926,,0.06745733320713043,-0.03295014053583145
70,4.0,751,0.7843787670135498,,0.03183897223789245,-0.048185642808675766
71,18.0,1297,1.4548590183258057,,0.06184128765016794,-0.04132983833551407
72,4.0,584,0.6330549716949463,,0.05862387258093804,-0.03431938216090202
73,7.0,813,0.8401272296905518,,0.0955858863890171,-0.03804440051317215
74,11.0,867,0.9866490364074707,,0.07472600950859487,-0.036218076944351196
75,13.0,953,1.0733280181884766,,0.09257053537294269,-0.021451786160469055
76,8.0,809,0.9439795017242432,,0.058924902230501175,-0.042235273867845535
77,15.0,970,0.991173505783081,,0.03933342033997178,-0.04556546360254288
78,11.0,825,0.9516332149505615,,0.058725673239678144,-0.051651183515787125
79,14.0,1135,1.242614507675171,,0.058382152346894145,-0.031198307871818542
80,9.0,813,0.9457015991210938,,0.043752964469604194,-0.045410607010126114
81,14.0,1385,1.5660343170166016,,0.03601339238230139,-0.052870333194732666
82,10.0,827,0.8629002571105957,,0.03725048108026385,-0.04512684792280197
83,4.0,639,0.6877989768981934,,0.052106119925156236,-0.04700664430856705
84,10.0,840,0.9609012603759766,,0.05749890930019319,-0.03904431685805321
85,10.0,847,0.9702861309051514,,0.04829315235838294,-0.04112653434276581
86,8.0,811,0.8536117076873779,,0.02464659232646227,-0.04799913987517357
87,10.0,847,0.9678962230682373,,0.018639406305737793,-0.06625283509492874
88,10.0,833,0.9563660621643066,,0.05038443231023848,-0.04307530075311661
89,18.0,1075,1.1802754402160645,,0.05688200192525983,-0.03791499137878418
90,13.0,992,1.108316421508789,,0.03662534465547651,-0.0472162701189518
91,8.0,827,0.8652186393737793,,0.057986283442005515,-0.042466893792152405
92,10.0,859,0.9857866764068604,,0.0678795874118805,-0.035046692937612534
93,13.0,966,1.0855088233947754,,0.05339826084673405,-0.038755275309085846
94,14.0,967,1.0781018733978271,,0.03966137277893722,-0.04570639878511429
95,10.0,832,0.8650898933410645,,0.03692934417631477,-0.04103200137615204
96,9.0,830,0.9569263458251953,,0.036950677167624235,-0.03230901062488556
97,14.0,958,1.0865774154663086,,0.07442006189376116,-0.02221161313354969
98,9.0,837,0.8797500133514404,,0.0420521879568696,-0.02840014547109604
99,8.0,825,0.9467248916625977,,0.03887723293155432,-0.039326101541519165
100,9.0,806,0.9279522895812988,,0.038321552565321326,-0.04258515313267708
101,10.0,853,0.8936471939086914,,0.03240988124161959,-0.03732852265238762
102,9.0,881,1.0186645984649658,,0.04659738461486995,-0.037017639726400375
103,11.0,881,1.0223796367645264,,0.06531771225854754,-0.03298082947731018
104,1.0,417,0.486574649810791,,0.03585125762037933,-0.04307728633284569
105,8.0,795,0.8329527378082275,,0.061437019146978855,-0.03488963097333908
106,10.0,847,0.9996664524078369,,0.042346563655883074,-0.03983690217137337
107,4.0,651,0.7117810249328613,,0.02842635044362396,-0.05787859857082367
108,13.0,974,1.0925369262695312,,0.05682929768227041,-0.043090641498565674
109,9.0,845,0.9674282073974609,,0.03723371436353773,-0.04412439092993736
110,8.0,813,0.847466230392456,,0.027081957436166704,-0.04192798584699631
111,13.0,937,1.0582880973815918,,0.05947561911307275,-0.034675151109695435
112,15.0,1107,1.2145719528198242,,0.11947435326874256,-0.014182239770889282
113,11.0,894,1.016617774963379,,0.06310353241860867,-0.03361160308122635
114,9.0,807,0.8450145721435547,,0.024006524472497404,-0.05031228065490723
115,9.0,815,0.9456193447113037,,0.03300086874514818,-0.04891043156385422
116,9.0,843,0.9710690975189209,,0.06280253850854933,-0.045027606189250946
117,5.0,782,0.8253586292266846,,0.0335114753106609,-0.03938325121998787
118,8.0,828,0.9546473026275635,,0.07878972962498665,-0.02062402293086052
119,10.0,849,0.9739649295806885,,0.047121302923187613,-0.03689998388290405
120,4.0,649,0.691133975982666,,0.04519976442679763,-0.038972336798906326
121,4.0,425,0.48695969581604004,,0.0388880850514397,-0.038402259349823
122,9.0,809,0.8381929397583008,,0.041890296852216125,-0.03383572772145271
123,13.0,966,1.0763115882873535,,0.03208779531996697,-0.04773048311471939
124,10.0,871,0.9854397773742676,,0.04768251976929605,-0.040818437933921814
125,8.0,815,0.8462874889373779,,0.02318276511505246,-0.05163292586803436
126,9.0,827,0.9502091407775879,,0.047615434508770704,-0.04157999902963638
127,14.0,946,1.0633559226989746,,0.07877516141161323,-0.02611556649208069
128,9.0,837,0.8715434074401855,,0.02418121520895511,-0.04402726888656616
129,7.0,787,0.9204311370849609,,0.022834913223050535,-0.05312685668468475
130,10.0,797,0.9218277931213379,,0.04948097234591842,-0.035807207226753235
131,7.0,777,0.8143136501312256,,0.03592499915976077,-0.052828580141067505
132,7.0,783,0.9157845973968506,,0.03354590432718396,-0.036060724407434464
133,14.0,963,1.0763702392578125,,0.03501942870207131,-0.03730759024620056
134,5.0,651,0.7003343105316162,,0.06024655024521053,-0.03257959336042404
135,10.0,825,0.8590798377990723,,0.028130154823884368,-0.041034258902072906
136,15.0,1367,1.5486340522766113,,0.021679916826542467,-0.05749153345823288
137,7.0,787,0.915337085723877,,0.032657335861586034,-0.052779290825128555
138,8.0,790,0.8289117813110352,,0.0177169885719195,-0.05087559297680855
139,14.0,987,1.1053926944732666,,0.0459693493321538,-0.05671856552362442
140,8.0,821,0.9562034606933594,,0.05645754304714501,-0.03538022190332413
141,10.0,857,0.8919830322265625,,0.02147711702855304,-0.06704659759998322
142,10.0,841,0.9672839641571045,,0.026287957560271025,-0.04548156261444092
143,12.0,1095,1.204509973526001,,0.03197742463089526,-0.03587488830089569
144,14.0,999,1.1188654899597168,,0.022693324368447065,-0.041080541908741
145,14.0,984,1.0977210998535156,,0.03892345365602523,-0.040995415300130844
146,17.0,1089,1.1937432289123535,,0.02792986703570932,-0.04618263989686966
147,9.0,807,0.9372653961181641,,0.04139970475807786,-0.05492935702204704
148,10.0,841,0.8734745979309082,,0.014554365538060665,-0.056353792548179626
149,9.0,879,1.0068321228027344,,0.024358871742151678,-0.05208057165145874
150,9.0,886,1.0114469528198242,,0.050725042121484876,-0.03313467279076576
151,8.0,806,0.8421444892883301,,0.012814951012842357,-0.04774053022265434
152,17.0,1084,1.190371036529541,,0.017111207474954426,-0.045928169041872025
153,14.0,985,1.0976474285125732,,0.061873642494902015,-0.024391239508986473
154,9.0,821,0.9436299800872803,,0.03360902541317046,-0.04175115004181862
155,14.0,1001,1.1195876598358154,,0.045248704962432384,-0.04863693565130234
156,14.0,1015,1.1298820972442627,,0.04787511355243623,-0.028973203152418137
157,24.0,1471,1.6343042850494385,,0.03328123828396201,-0.035972028970718384
158,14.0,969,1.0881288051605225,,0.04751937836408615,-0.05120690539479256
159,9.0,881,0.9168598651885986,,0.025814834632910788,-0.055976253002882004
160,17.0,1380,1.5568618774414062,,0.029871193692088127,-0.044866837561130524
161,20.0,2084,2.2846202850341797,,0.04356622614432126,-0.04161044582724571
162,14.0,985,1.1087653636932373,,0.043961977236904204,-0.05536729097366333
163,17.0,1376,1.548971176147461,,0.011916776420548558,-0.04802843555808067
164,9.0,830,0.8642897605895996,,0.04218867141753435,-0.04503466933965683
165,10.0,833,0.9720525741577148,,0.04481546219903976,-0.03035140410065651
166,9.0,841,0.9695024490356445,,0.038659465266391635,-0.03240831196308136
167,8.0,798,0.8402836322784424,,0.021251844882499427,-0.046192269772291183
168,10.0,867,0.9944443702697754,,0.03407946589868516,-0.03382271155714989
169,10.0,849,0.9835731983184814,,0.05346242315135896,-0.03390844166278839
170,12.0,963,0.9881489276885986,,0.0316103232325986,-0.05008624121546745
171,14.0,991,1.1029305458068848,,0.04205410636495799,-0.05019836127758026
172,10.0,853,0.9750819206237793,,0.04629840480629355,-0.04539334774017334
173,9.0,877,0.9972898960113525,,0.03721181896980852,-0.06466628611087799
174,10.0,823,0.8591001033782959,,0.011998747591860592,-0.04075289145112038
175,9.0,822,0.9444341659545898,,0.03233515878673643,-0.03558385372161865
176,9.0,803,0.9241418838500977,,0.04761753301136196,-0.03478721156716347
177,10.0,839,0.8871543407440186,,0.01471648016013205,-0.05434644967317581
178,19.0,1431,1.5998659133911133,,0.016033975640311837,-0.0601813904941082
179,10.0,835,0.9585609436035156,,0.043483131914399564,-0.05287506431341171
180,15.0,982,1.0885953903198242,,0.04189188661985099,-0.05630560591816902
181,10.0,823,0.8606371879577637,,0.09997356915846467,-0.033622730523347855
182,9.0,795,0.9325606822967529,,0.05350036174058914,-0.04350070655345917
183,5.0,703,0.7530200481414795,,0.02914008917286992,-0.04879419133067131
184,9.0,788,0.9127585887908936,,0.10375631973147392,-0.017330840229988098
185,7.0,735,0.7798230648040771,,0.02600614109542221,-0.058193862438201904
186,9.0,793,0.9223673343658447,,0.14242709334939718,-0.022961650043725967
187,6.0,701,0.743788480758667,,0.044432751019485295,-0.05093920975923538
188,13.0,978,1.0916719436645508,,0.05379389482550323,-0.04384118318557739
189,7.0,711,0.755929708480835,,0.03545555693563074,-0.05095858499407768
190,7.0,716,0.8631594181060791,,0.039463534601964056,-0.05253249779343605
191,14.0,973,1.1002097129821777,,0.03444492246489972,-0.04300606995820999
192,10.0,813,0.8657069206237793,,0.07866517314687371,-0.040405914187431335
193,2.0,393,0.46632933616638184,,0.033612115192227066,-0.047571469098329544
194,10.0,838,0.9761672019958496,,0.05191986449062824,-0.04898934066295624
195,11.0,843,0.8826651573181152,,0.02891213051043451,-0.057423368096351624
196,9.0,893,1.0237388610839844,,0.04619716037996113,-0.048912085592746735
197,10.0,790,0.9199068546295166,,0.073472760617733,-0.03637610375881195
198,9.0,842,0.8914191722869873,,0.03262496693059802,-0.04880529269576073
199,9.0,811,0.94063401222229,,0.03284162958152592,-0.04907463118433952
200,14.0,967,1.0979363918304443,,0.04410181590355933,-0.037367355078458786
201,8.0,799,0.8402762413024902,,0.03368091385345906,-0.046530477702617645
202,8.0,885,1.0100657939910889,,0.02596612460911274,-0.04334282875061035
203,9.0,858,0.9881508350372314,,0.0373639864847064,-0.04389406368136406
204,13.0,954,0.982712984085083,,0.03262161812745035,-0.047436852008104324
205,18.0,1498,1.6611666679382324,,0.015823351975996047,-0.05858445540070534
206,14.0,985,1.0972692966461182,,0.030536388512700796,-0.06229798123240471
207,7.0,793,0.9235327243804932,,0.053227114491164684,-0.04117981716990471
208,9.0,883,1.0149784088134766,,0.046567187760956585,-0.04772710055112839
209,15.0,983,1.0967128276824951,,0.01627062144689262,-0.06667763739824295
210,14.0,1001,1.0228767395019531,,0.05309837241657078,-0.034966662526130676
211,10.0,804,0.936206579208374,,0.03621165663935244,-0.06026589125394821
212,3.0,425,0.4955010414123535,,0.037086060270667076,-0.04852958023548126
213,14.0,965,1.0901002883911133,,0.0433976361528039,-0.05786158889532089
214,8.0,781,0.8269922733306885,,0.019432568980846554,-0.06754785776138306
215,4.0,527,0.5863726139068604,,0.05520233674906194,-0.04210421442985535
216,8.0,781,0.9257602691650391,,0.034324649488553405,-0.046732332557439804
217,13.0,984,1.1032788753509521,,0.03612859488930553,-0.05062415450811386
218,17.0,1112,1.21047043800354,,0.03150616760831326,-0.05335434526205063
219,10.0,858,0.9778056144714355,,0.0340466417837888,-0.06210863217711449
220,4.0,639,0.690589427947998,,0.023005718947388232,-0.06643658131361008
221,6.0,645,0.7001628875732422,,0.03686425997875631,-0.0503917932510376
222,9.0,844,0.9730415344238281,,0.026096434274222702,-0.03583130985498428
223,5.0,679,0.7269923686981201,,0.0316107781836763,-0.054342709481716156
224,10.0,821,0.9502899646759033,,0.0354309402173385,-0.05163907632231712
225,8.0,783,0.828711986541748,,0.03300849674269557,-0.05617933347821236
226,4.0,397,0.4676990509033203,,0.04403310199268162,-0.06235722824931145
227,20.0,1385,1.5671544075012207,,0.034091298934072256,-0.05373144894838333
228,9.0,826,0.8738534450531006,,0.06472837971523404,-0.043836213648319244
229,10.0,872,1.0082378387451172,,0.041126950294710696,-0.051281169056892395
230,14.0,956,1.0806849002838135,,0.07352236704900861,-0.0393022783100605
231,9.0,824,0.8631513118743896,,0.03419090947136283,-0.05749322474002838
232,15.0,980,1.0932774543762207,,0.020966151787433773,-0.05794815719127655
233,20.0,1437,1.6005215644836426,,0.03480371134355664,-0.04187232628464699
234,21.0,1135,1.2345576286315918,,0.06813481054268777,-0.05793555825948715
235,13.0,901,1.0240097045898438,,0.10325356759130955,-0.0327131524682045
236,13.0,943,1.0587825775146484,,0.09914307738654315,-0.026341650635004044
237,10.0,819,0.9453237056732178,,0.07116224826313555,-0.03892948478460312
238,14.0,958,0.9857320785522461,,0.05066759418696165,-0.059202633798122406
239,15.0,946,1.0588886737823486,,0.05749401939101517,-0.051232825964689255
240,11.0,850,0.972475528717041,,0.07985729281790555,-0.03992290794849396
241,5.0,574,0.6331970691680908,,0.019450251595117152,-0.06410644203424454
242,13.0,949,1.0623259544372559,,0.04082521318923682,-0.054399579763412476
243,15.0,962,1.0812735557556152,,0.05484986095689237,-0.05892109498381615
244,8.0,788,0.8288345336914062,,0.021248178731184453,-0.07033250480890274
245,10.0,821,0.9464044570922852,,0.034197668195702136,-0.04129718244075775
246,18.0,1157,1.2576663494110107,,0.0532880499958992,-0.04542037844657898
247,10.0,647,0.7859714031219482,,0.05787923140451312,-0.04523518681526184
248,3.0,411,0.38898706436157227,,0.05787923140451312,-0.04523518681526184
249,14.0,993,1.1167125701904297,,0.06952320388518274,-0.028992105275392532
250,15.0,1301,1.4858109951019287,,0.02823808731045574,-0.053494032472372055
251,9.0,807,0.8475968837738037,,0.06413276819512248,-0.04861283674836159
252,13.0,937,1.061631679534912,,0.03392866859212518,-0.05622037500143051
253,9.0,810,0.9549179077148438,,0.1257245591841638,-0.012594722211360931
254,8.0,813,0.8518693447113037,,0.04430307983420789,-0.04982937127351761
255,14.0,973,1.09486722946167,,0.037834418821148574,-0.04548927769064903
256,13.0,979,1.104705572128296,,0.05563859036192298,-0.03804612159729004
257,9.0,793,0.9258162975311279,,0.068448506295681,-0.023184139281511307
258,5.0,675,0.7288832664489746,,0.018279583542607725,-0.07561161369085312
259,14.0,966,1.0901820659637451,,0.034702873206697404,-0.05739467963576317
260,10.0,819,0.9542560577392578,,0.05955917900428176,-0.050726987421512604
261,14.0,969,1.0029630661010742,,0.03227836196310818,-0.059292469173669815
262,14.0,1057,1.261317491531372,,0.016951533791143447,-0.050494398921728134
263,10.0,851,0.8824729919433594,,0.053157131653279066,-0.05132431909441948
264,10.0,850,0.9716336727142334,,0.077210180927068,-0.03964304178953171
265,13.0,963,1.082709550857544,,0.039502328843809664,-0.0562782920897007
266,15.0,943,1.0614657402038574,,0.033786731655709445,-0.04798386991024017
267,8.0,801,0.8373706340789795,,0.055016933707520366,-0.03652098402380943
268,13.0,976,1.0919511318206787,,0.03817377157974988,-0.04996625334024429
269,15.0,1297,1.4834961891174316,,0.019874787365552038,-0.06063425540924072
270,3.0,402,0.38138318061828613,,0.019874787365552038,-0.06063425540924072
271,9.0,835,0.9581871032714844,,0.043762975139543414,-0.06269688904285431
272,9.0,837,0.9643888473510742,,0.05335818091407418,-0.038921356201171875
273,9.0,809,0.8521502017974854,,0.025221951655112207,-0.04765327274799347
274,20.0,1357,1.5444526672363281,,0.019491038576234132,-0.05003883317112923
275,3.0,513,0.5758466720581055,,0.06346532236784697,-0.03904176503419876
276,10.0,825,0.864990234375,,0.08990170084871352,-0.03953713923692703
277,15.0,1057,1.2637200355529785,,0.016864391625858843,-0.044502031058073044
278,3.0,406,0.38651251792907715,,0.016864391625858843,-0.044502031058073044
279,13.0,906,1.0330734252929688,,0.035089023411273956,-0.039706751704216
280,4.0,653,0.7067532539367676,,0.03523904178291559,-0.04861205443739891
281,12.0,896,1.0275416374206543,,0.04945284128189087,-0.04706953465938568
282,18.0,1042,1.159679651260376,,0.09789217030629516,-0.024167165160179138
283,13.0,871,1.0073752403259277,,0.12660579243674874,-0.019278109073638916
284,4.0,649,0.7060279846191406,,0.024760495172813535,-0.06465510278940201
285,17.0,1351,1.5267748832702637,,0.021057892707176507,-0.05029148608446121
286,13.0,855,0.8884899616241455,,0.061219577910378575,-0.04666822403669357
287,11.0,959,1.0788781642913818,,0.04644477320834994,-0.04570097476243973
288,12.0,935,1.066622018814087,,0.11696260655298829,-0.024332884699106216
289,5.0,651,0.6990387439727783,,0.03164156305138022,-0.053527697920799255
290,11.0,798,0.9262576103210449,,0.040267491596750915,-0.04361547529697418
291,10.0,912,1.0404086112976074,,0.04508646344766021,-0.05861777067184448
292,15.0,979,1.0940630435943604,,0.10383900511078537,-0.043557025492191315
293,10.0,810,0.8465831279754639,,0.05797886988148093,-0.035102054476737976
294,2.0,378,0.44498229026794434,,0.04928779951296747,-0.05478069931268692
295,9.0,817,0.9467930793762207,,0.04973004339262843,-0.0485178679227829
296,10.0,844,0.8772487640380859,,0.027260716073215008,-0.04989735782146454
297,9.0,811,0.9370663166046143,,0.05460395640693605,-0.05046692490577698
298,11.0,918,1.039607286453247,,0.060031188651919365,-0.04315327852964401
299,12.0,882,0.9156398773193359,,0.047169647994451225,-0.06553598493337631
300,6.0,690,0.8331749439239502,,0.060807899571955204,-0.048891469836235046
301,8.0,515,0.5731759071350098,,0.021140558703336865,-0.059306710958480835
302,4.0,626,0.6760659217834473,,0.13412128668278456,-0.028425633907318115
303,11.0,881,0.9996976852416992,,0.04913998499978334,-0.059748027473688126
304,15.0,961,0.987048864364624,,0.039498864323832095,-0.04379340633749962
305,9.0,830,0.9572067260742188,,0.0721026745159179,-0.038848988711833954
306,17.0,1291,1.469618797302246,,0.03646771144121885,-0.05570285767316818
307,8.0,810,0.8493854999542236,,0.0674743962008506,-0.044131048023700714
308,14.0,1098,1.2033288478851318,,0.024405678152106702,-0.05572724714875221
309,4.0,398,0.4732699394226074,,0.027704583248123527,-0.05174609646201134
310,17.0,1342,1.5307269096374512,,0.01248034747550264,-0.058738335967063904
311,4.0,648,0.7054274082183838,,0.04337015934288502,-0.049531757831573486
312,10.0,818,0.9478962421417236,,0.03094204014632851,-0.04819837212562561
313,14.0,965,0.996631383895874,,0.02396963827777654,-0.06166181340813637
314,10.0,853,0.9852073192596436,,0.051955921575427055,-0.025981824845075607
315,3.0,399,0.4725067615509033,,0.015453694213647395,-0.06362616270780563
316,10.0,823,0.9605801105499268,,0.04244505055248737,-0.0504973828792572
317,12.0,981,1.01735258102417,,0.026896440074779093,-0.056753624230623245
318,27.0,1668,1.9285173416137695,,0.11090513248927891,-0.04934926703572273
319,14.0,1041,1.1736125946044922,,0.032736966270022094,-0.050400421023368835
320,9.0,808,0.8670549392700195,,0.029710648814216256,-0.04980398714542389
321,8.0,796,0.938823938369751,,0.030195947154425085,-0.04740646481513977
322,17.0,1072,1.199791431427002,,0.05290220305323601,-0.045708999037742615
323,10.0,857,0.9952101707458496,,0.07885854900814593,-0.04871179908514023
324,4.0,674,0.7303500175476074,,0.05134693020954728,-0.04100249707698822
325,1.0,396,0.46918392181396484,,0.08015246316790581,-0.043921273201704025
326,3.0,404,0.47652554512023926,,0.06951320404186845,-0.0440499447286129
327,17.0,1061,1.1823527812957764,,0.042405179468914866,-0.04886432737112045
328,10.0,897,0.9347131252288818,,0.09861537092365324,-0.02656669169664383
329,10.0,812,0.9580783843994141,,0.10901604779064655,-0.03751181811094284
330,6.0,484,0.553973913192749,,0.06599190994165838,-0.0534764863550663
331,9.0,654,0.7117383480072021,,0.05740926694124937,-0.043376222252845764
332,16.0,769,0.9084720611572266,,0.0601701270788908,-0.04712451994419098
333,14.0,949,1.0766007900238037,,0.1355595700442791,-0.022349823266267776
334,19.0,1128,1.236839771270752,,0.12598592601716518,-0.03796854242682457
335,16.0,1020,1.1349990367889404,,0.09541245363652706,-0.030552349984645844
336,11.0,905,0.9397931098937988,,0.05035157664678991,-0.050298936665058136
337,13.0,983,1.114135980606079,,0.052369438111782074,-0.052694689482450485
338,4.0,663,0.8112814426422119,,0.05828605615533888,-0.04691101610660553
339,10.0,812,0.8626396656036377,,0.07042272249236703,-0.04285736382007599
340,10.0,832,0.9886717796325684,,0.03526416642125696,-0.046677276492118835
341,9.0,821,0.9613776206970215,,0.04411084670573473,-0.06662049144506454
342,14.0,975,1.012267827987671,,0.025389811722561717,-0.07010781019926071
343,14.0,947,1.0800237655639648,,0.04391283658333123,-0.040235042572021484
344,10.0,804,0.9395825862884521,,0.043000535224564373,-0.06626708805561066
345,9.0,810,0.8592429161071777,,0.027070195181295276,-0.07258443534374237
346,4.0,646,0.8006942272186279,,0.03151038463693112,-0.05177793651819229
347,10.0,821,0.8692171573638916,,0.01964056759607047,-0.06479711085557938
348,12.0,954,1.0816516876220703,,0.04352234210819006,-0.04557636380195618
349,10.0,952,1.0911309719085693,,0.04595848673488945,-0.04415498301386833
350,13.0,1022,1.1430861949920654,,0.08071047975681722,-0.041446857154369354
351,2.0,441,0.5050158500671387,,0.051443769596517086,-0.06051797792315483
352,8.0,639,0.692204475402832,,0.057825116673484445,-0.04420900344848633
353,11.0,701,0.7459571361541748,,0.12535426067188382,-0.022979579865932465
354,2.0,451,0.5176389217376709,,0.12275324994698167,-0.0240107923746109
355,9.0,652,0.7921731472015381,,0.05775603768415749,-0.04411677271127701
356,11.0,878,0.9099175930023193,,0.06342450226657093,-0.03228741139173508
357,5.0,494,0.5553340911865234,,0.10054412647150457,-0.02728937566280365
358,7.0,379,0.4478797912597656,,0.061628566356375813,-0.04005458950996399
359,8.0,627,0.6796925067901611,,0.07934375270269811,-0.04299768805503845
360,2.0,436,0.5137476921081543,,0.08422853145748377,-0.028517425060272217
361,14.0,977,1.0947871208190918,,0.07855315157212317,-0.049269966781139374
362,9.0,671,0.7220134735107422,,0.06573163042776287,-0.04540039971470833
363,8.0,789,0.9255669116973877,,0.039300468284636736,-0.05931567773222923
364,14.0,959,1.087630271911621,,0.06088816234841943,-0.03902948647737503
365,14.0,949,1.0874147415161133,,0.06157729192636907,-0.05107545852661133
366,14.0,943,0.977773904800415,,0.07090419600717723,-0.03458122909069061
367,19.0,1372,1.5605850219726562,,0.02056546905077994,-0.053503748029470444
368,10.0,860,0.9952402114868164,,0.0508700895588845,-0.05256485939025879
369,13.0,933,1.0680418014526367,,0.04898158647119999,-0.054936379194259644
370,12.0,890,0.931671142578125,,0.02860842098016292,-0.045413218438625336
371,4.0,651,0.804443359375,,0.06981553579680622,-0.025599543005228043
372,9.0,807,0.851118803024292,,0.032924392726272345,-0.03498447686433792
373,8.0,807,0.9478821754455566,,0.04500414687208831,-0.03535844385623932
374,9.0,801,0.8515980243682861,,0.0186585703631863,-0.044986315071582794
375,10.0,865,1.0031020641326904,,0.02569852990563959,-0.046796128153800964
376,8.0,804,0.9467997550964355,,0.08513632463291287,-0.03933652490377426
377,9.0,819,0.8649375438690186,,0.015677245566621423,-0.05258651077747345
378,8.0,823,0.9556875228881836,,0.032569330651313066,-0.04949359968304634
379,13.0,1089,1.21268630027771,,0.042195965885184705,-0.04857433959841728
380,14.0,1367,1.5572290420532227,,0.020152011013124138,-0.06886022537946701
381,8.0,929,0.9738559722900391,,0.05087686679325998,-0.04021391272544861
382,14.0,985,1.1096792221069336,,0.04949051677249372,-0.06152099743485451
383,9.0,821,0.9575543403625488,,0.073722266824916,-0.04616712033748627
384,17.0,1069,1.187237024307251,,0.03029949776828289,-0.048149436712265015
385,9.0,884,1.0133752822875977,,0.052482591243460774,-0.026422012597322464
386,9.0,879,0.9173731803894043,,0.017661532678175718,-0.050478048622608185
387,15.0,1352,1.5693438053131104,,0.013041432132013142,-0.05324072390794754
388,10.0,859,0.9996623992919922,,0.02817713562399149,-0.04246461018919945
389,14.0,959,1.1002612113952637,,0.02819849771913141,-0.046820688992738724
390,12.0,959,1.0926530361175537,,0.02380568371154368,-0.046029530465602875
391,10.0,870,0.9155893325805664,,0.025987631524913013,-0.039329417049884796
392,14.0,958,1.080592155456543,,0.03197528840973973,-0.04670094698667526
393,10.0,861,0.9868760108947754,,0.031801199773326516,-0.04388544708490372
394,8.0,823,0.8659613132476807,,0.01180727151222527,-0.05165764316916466
395,10.0,872,1.014033555984497,,0.02669928560499102,-0.044106289744377136
396,16.0,1365,1.5490007400512695,,0.012417581398040056,-0.04261913523077965
397,10.0,829,0.875046968460083,,0.028665327816270292,-0.04357532411813736
398,8.0,820,0.9628055095672607,,0.025285745738074183,-0.05169504135847092
399,9.0,838,0.9739437103271484,,0.023890050128102303,-0.03946883976459503
400,16.0,1369,1.473907470703125,,0.016913818602915853,-0.03182140365242958
401,9.0,885,1.0186562538146973,,0.04453914344776422,-0.030796777456998825
402,9.0,849,0.9762132167816162,,0.03109946846961975,-0.04210840165615082
403,9.0,879,0.9195716381072998,,0.013523222412914038,-0.041155800223350525
404,10.0,847,0.9947371482849121,,0.018643464019987732,-0.05238513648509979
405,10.0,805,0.9468717575073242,,0.041067603044211864,-0.03748299926519394
406,13.0,951,1.085723876953125,,0.015726807119790465,-0.045806337147951126
407,10.0,828,0.8754386901855469,,0.04590901779010892,-0.04934518784284592
408,7.0,789,0.9306292533874512,,0.048755543073639274,-0.04325414448976517
409,9.0,821,0.864804744720459,,0.010816814115969464,-0.05649695545434952
410,19.0,1433,1.6173133850097656,,0.02136161137605086,-0.06595766544342041
411,4.0,636,0.6978745460510254,,0.07561336504295468,-0.04646245390176773
412,10.0,844,0.9790911674499512,,0.0163641546969302,-0.05882212892174721
413,8.0,807,0.9445087909698486,,0.029469635570421815,-0.04529503732919693
414,9.0,858,0.9099223613739014,,0.023914989200420678,-0.05193457007408142
415,10.0,852,0.9919333457946777,,0.029377413680776954,-0.045793626457452774
416,13.0,1059,1.189016342163086,,0.038032928365282714,-0.05384596809744835
417,13.0,872,1.0165035724639893,,0.04540814773645252,-0.04803504794836044
418,4.0,659,0.7167465686798096,,0.05203205591533333,-0.04341982305049896
419,13.0,991,1.126089096069336,,0.02409714972600341,-0.056083425879478455
420,23.0,1480,1.6717281341552734,,0.04185847216285765,-0.05368487536907196
421,4.0,645,0.7058179378509521,,0.07366771902889013,-0.046221837401390076
422,9.0,804,0.9536890983581543,,0.025358788552694023,-0.05127422884106636
423,14.0,968,1.0131783485412598,,0.02336824801750481,-0.05750037729740143
424,6.0,703,0.8474152088165283,,0.06477414211258292,-0.05839567258954048
425,5.0,715,0.7744674682617188,,0.020282892626710236,-0.0685926079750061
426,7.0,797,0.9457118511199951,,0.02330406877445057,-0.061408545821905136
427,9.0,799,0.8565046787261963,,0.023697915661614388,-0.05576634407043457
428,18.0,1405,1.6051340103149414,,0.011236816644668579,-0.059953656047582626
429,18.0,1079,1.2022068500518799,,0.05291218752972782,-0.05491222068667412
430,12.0,864,1.0098857879638672,,0.06831835443153977,-0.052072856575250626
431,9.0,796,0.8462369441986084,,0.008876130654243752,-0.0637153908610344
432,3.0,415,0.48940110206604004,,0.05461871693842113,-0.05068138986825943
433,16.0,1246,1.45794677734375,,0.014685938134789467,-0.0591893345117569
434,5.0,635,0.6946587562561035,,0.047917215153574944,-0.0614132322371006
435,11.0,871,1.0136988162994385,,0.022411172394640744,-0.06316667795181274
436,10.0,830,0.8772573471069336,,0.024435317027382553,-0.05839330330491066
437,9.0,896,1.0405964851379395,,0.051182723487727344,-0.056657575070858
438,18.0,1073,1.1969246864318848,,0.09314878541044891,-0.028018908575177193
439,12.0,867,1.0024487972259521,,0.08448642771691084,-0.0405980721116066
440,14.0,965,1.0970849990844727,,0.037787638953886926,-0.049828752875328064
441,6.0,685,0.7426443099975586,,0.06587498751468956,-0.04400430619716644
442,14.0,906,1.0412871837615967,,0.028520822641439736,-0.06976334005594254
443,10.0,814,0.8646440505981445,,0.034594244440086186,-0.06629916280508041
444,14.0,985,1.1210699081420898,,0.044001132948324084,-0.05145619809627533
445,13.0,981,1.1256849765777588,,0.09883156674914062,-0.05054425820708275
446,15.0,975,1.1060094833374023,,0.04825354681815952,-0.034870974719524384
447,21.0,1447,1.6268985271453857,,0.033169190399348736,-0.0725577101111412
448,3.0,401,0.47119784355163574,,0.06748641701415181,-0.06479284167289734
449,10.0,818,0.8703677654266357,,0.04167221032548696,-0.05444794520735741
450,10.0,835,0.9753344058990479,,0.04483386024367064,-0.05605108290910721
451,14.0,1041,1.1704339981079102,,0.05682999384589493,-0.0414268895983696
452,18.0,1406,1.5988283157348633,,0.03511923644691706,-0.05433305352926254
453,17.0,1041,1.1795692443847656,,0.048499010037630796,-0.05170881375670433
454,17.0,975,1.1087355613708496,,0.08180279936641455,-0.04809075966477394
455,25.0,1277,1.3864269256591797,,0.08210688130930066,-0.06193937733769417
456,14.0,983,1.1181185245513916,,0.130345081910491,-0.03720542788505554
457,10.0,803,0.9419374465942383,,0.11809688759967685,-0.03650025278329849
458,14.0,975,1.109496831893921,,0.051724532851949334,-0.054201602935791016
459,4.0,689,0.7493999004364014,,0.06603281619027257,-0.05945965647697449
460,10.0,828,0.971724271774292,,0.11563634476624429,-0.04006803780794144
461,4.0,661,0.72257399559021,,0.05846107332035899,-0.054072305560112
462,12.0,935,1.0751502513885498,,0.03951498633250594,-0.053036801517009735
463,10.0,845,0.89225172996521,,0.056316585978493094,-0.04765576124191284
464,10.0,869,1.0027263164520264,,0.042755463626235723,-0.04941565543413162
465,13.0,970,1.1036243438720703,,0.10187565279193223,-0.0488799586892128
466,4.0,431,0.5001261234283447,,0.03361249982845038,-0.06729752570390701
467,10.0,837,0.8829746246337891,,0.05115213664248586,-0.044466570019721985
468,15.0,1004,1.1302709579467773,,0.05682243383489549,-0.04838375747203827
469,9.0,803,0.9510378837585449,,0.08081503538414836,-0.04399264603853226
470,10.0,870,1.0137667655944824,,0.05735689611174166,-0.04131615534424782
471,7.0,789,0.8398070335388184,,0.02777726366184652,-0.0617162249982357
472,10.0,837,0.9722647666931152,,0.04260105360299349,-0.05655939131975174
473,10.0,845,0.8962082862854004,,0.030522611225023866,-0.0612955279648304
474,19.0,1109,1.3323657512664795,,0.028951247106306255,-0.04837183654308319
475,15.0,1049,1.1793336868286133,,0.022866772837005556,-0.060940906405448914
476,9.0,788,0.8391180038452148,,0.07062846818007529,-0.0475374311208725
477,14.0,978,1.1127665042877197,,0.030976890702731907,-0.06011451035737991
478,19.0,1440,1.6349880695343018,,0.04010047810152173,-0.05661641061306
479,4.0,653,0.7128031253814697,,0.053439050912857056,-0.054312750697135925
480,10.0,815,0.9483039379119873,,0.01659382414072752,-0.06089010834693909
481,3.0,408,0.4771091938018799,,0.013669530279003084,-0.062046896666288376
482,16.0,1019,1.1349294185638428,,0.028407711652107537,-0.05805627256631851
483,13.0,975,1.0124168395996094,,0.06188241601921618,-0.04492036625742912
484,18.0,1023,1.1562178134918213,,0.04559957596939057,-0.04235823452472687
485,9.0,845,0.9964385032653809,,0.09900216199457645,-0.027791734784841537
486,3.0,385,0.4626119136810303,,0.017912920156959444,-0.054158054292201996
487,15.0,955,1.0916507244110107,,0.04518917854875326,-0.06201760470867157
488,16.0,968,1.1074872016906738,,0.08808801788836718,-0.04772892966866493
489,9.0,807,0.8528587818145752,,0.07335891481488943,-0.039935413748025894
490,17.0,970,1.0939791202545166,,0.029995838878676295,-0.059329625219106674
491,4.0,624,0.6886508464813232,,0.03040331497322768,-0.0645776018500328
492,10.0,863,0.9980878829956055,,0.037930609309114516,-0.050660379230976105
493,9.0,862,1.0064194202423096,,0.0647266327869147,-0.04951360821723938
494,19.0,1337,1.4359488487243652,,0.03963554301299155,-0.04919746145606041
495,11.0,879,1.0185842514038086,,0.07051256182603538,-0.05159492790699005
496,16.0,997,1.1256976127624512,,0.05587550159543753,-0.04083311930298805
497,22.0,1414,1.5978150367736816,,0.14221445797011256,-0.017973963171243668
498,15.0,1013,1.1317977905273438,,0.05709695699624717,-0.039517804980278015
499,12.0,863,0.9066414833068848,,0.08874910068698227,-0.03827530890703201
500,13.0,929,1.065519094467163,,0.05472927773371339,-0.05259859561920166
501,15.0,951,1.0784480571746826,,0.09500332758761942,-0.04189833998680115
502,11.0,877,1.0115933418273926,,0.1578332632780075,-0.0023449212312698364
503,11.0,824,0.8739347457885742,,0.07115779386367649,-0.051506273448467255
504,10.0,823,0.9614570140838623,,0.06492067174986005,-0.0347999706864357
505,10.0,825,0.9665243625640869,,0.06799395103007555,-0.047734953463077545
506,15.0,1005,1.1333770751953125,,0.0374459084123373,-0.06995293498039246
507,19.0,1429,1.5227432250976562,,0.029543036711402237,-0.06420614570379257
508,16.0,972,1.1029887199401855,,0.05773751647211611,-0.05243220180273056
509,16.0,973,1.100609302520752,,0.04472556640394032,-0.04377768561244011
510,9.0,828,0.9663286209106445,,0.05468397447839379,-0.045737747102975845
511,18.0,1109,1.2348885536193848,,0.03380055248271674,-0.04995294287800789
512,13.0,983,1.1114449501037598,,0.04671978927217424,-0.05619443207979202
513,9.0,878,1.0136995315551758,,0.048399068298749626,-0.04628594219684601
514,14.0,997,1.1334025859832764,,0.027697087731212378,-0.052109599113464355
515,10.0,813,0.8712599277496338,,0.04529866483062506,-0.04672614857554436
516,9.0,811,0.9518043994903564,,0.04522904101759195,-0.06039615720510483
517,9.0,801,0.8508031368255615,,0.01232657179934904,-0.06921103596687317
518,16.0,1882,2.1470820903778076,,0.031697665457613766,-0.06045127287507057
519,10.0,850,0.9893331527709961,,0.0464286832138896,-0.04703736677765846
520,18.0,1093,1.2319998741149902,,0.03203214716631919,-0.04973967373371124
521,2.0,410,0.4862666130065918,,0.05361494282260537,-0.045952197164297104
522,9.0,833,0.8922195434570312,,0.05064320028759539,-0.04554173722863197
523,4.0,413,0.4804384708404541,,0.020472834818065166,-0.05395307391881943
524,14.0,986,1.1213033199310303,,0.03143547894433141,-0.05248484015464783
525,9.0,825,0.879072904586792,,0.016591453924775124,-0.056229643523693085
526,10.0,860,0.9987907409667969,,0.01975356275215745,-0.07290078699588776
527,14.0,1039,1.1738710403442383,,0.039641775540076196,-0.04765898361802101
528,9.0,887,1.0322179794311523,,0.039697751752100885,-0.06121935695409775
529,15.0,1006,1.1408843994140625,,0.05276822717860341,-0.03830987215042114
530,15.0,968,1.093665361404419,,0.03773040801752359,-0.05443909019231796
531,21.0,1455,1.6473238468170166,,0.03501954535022378,-0.05074078589677811
532,10.0,855,0.904043436050415,,0.028790916898287833,-0.06108260527253151
533,11.0,855,0.995978593826294,,0.02812679798807949,-0.05067535489797592
534,10.0,832,0.9789001941680908,,0.04370172158814967,-0.058140046894550323
535,14.0,1052,1.1780245304107666,,0.01750956999603659,-0.053292639553546906
536,17.0,1080,1.2065162658691406,,0.018655094841960818,-0.07030285894870758
537,9.0,809,0.8589961528778076,,0.03326184011530131,-0.055393606424331665
538,10.0,855,0.9925482273101807,,0.019533954851794988,-0.05448950082063675
539,10.0,859,0.9871830940246582,,0.0416418903041631,-0.0422896184027195
540,5.0,654,0.7054762840270996,,0.012180942518170923,-0.07075759768486023
541,10.0,825,0.9563517570495605,,0.04536134214140475,-0.04108969867229462
542,10.0,872,0.9120340347290039,,0.030847332905977964,-0.05905476585030556
543,4.0,647,0.803741455078125,,0.028105309465900064,-0.0571608729660511
544,11.0,857,0.9033608436584473,,0.02627460251096636,-0.07387101650238037
545,10.0,844,0.9777202606201172,,0.03709326288662851,-0.03752617537975311
546,14.0,987,1.112269639968872,,0.0251345596043393,-0.04689393937587738
547,14.0,987,1.1114983558654785,,0.020372635568492115,-0.039614398032426834
548,9.0,861,0.9071526527404785,,0.019968592037912458,-0.059344809502363205
549,11.0,856,0.983142614364624,,0.021143088466487825,-0.05974665284156799
550,10.0,831,0.9712800979614258,,0.03214038838632405,-0.04850044474005699
551,8.0,851,0.8925628662109375,,0.017564903537277132,-0.05047542229294777
552,9.0,881,1.0098209381103516,,0.03709486103616655,-0.049278728663921356
553,13.0,981,1.1127448081970215,,0.02888597419951111,-0.056045953184366226
554,16.0,1335,1.5379583835601807,,0.01777078426675871,-0.05289819836616516
555,11.0,831,0.8827767372131348,,0.04906523902900517,-0.06054207682609558
556,14.0,974,1.1107490062713623,,0.04676316084805876,-0.04495095834136009
557,10.0,819,0.9689395427703857,,0.0581910174805671,-0.035175882279872894
558,10.0,855,0.9038000106811523,,0.019893711141776294,-0.06510772556066513
559,10.0,849,0.989250659942627,,0.024969381745904684,-0.06395134329795837
560,20.0,1339,1.5451350212097168,,0.016103695845231414,-0.07430293411016464
561,17.0,1095,1.2217793464660645,,0.0329377168091014,-0.055378250777721405
562,10.0,867,1.0061280727386475,,0.03154900576919317,-0.05604163557291031
563,13.0,955,0.9879024028778076,,0.027297983528114855,-0.056306444108486176
564,10.0,858,0.9884722232818604,,0.033929659868590534,-0.055645376443862915
565,17.0,1036,1.1687617301940918,,0.03520498878788203,-0.05058450996875763
566,4.0,657,0.7208459377288818,,0.02070597669808194,-0.059284649789333344
567,13.0,981,1.1130173206329346,,0.03386177937500179,-0.058616604655981064
568,9.0,795,0.9365026950836182,,0.0641529243439436,-0.036816276609897614
569,14.0,984,1.1215672492980957,,0.05984371225349605,-0.043493203818798065
570,18.0,1117,1.2388346195220947,,0.04556309327017516,-0.043522801250219345
571,15.0,974,1.107616662979126,,0.04339488910045475,-0.05629171058535576
572,12.0,991,1.1260771751403809,,0.042111508548259735,-0.06497709453105927
573,3.0,545,0.6058166027069092,,0.028512320364825428,-0.05238965153694153
574,11.0,851,0.8962407112121582,,0.03930937161203474,-0.04569234699010849
575,16.0,1025,1.1450376510620117,,0.03691883909050375,-0.06301100552082062
576,14.0,985,1.1138441562652588,,0.10665939887985587,-0.03796428069472313
577,10.0,907,1.047121286392212,,0.06107530300505459,-0.05197129398584366
578,10.0,828,0.965691089630127,,0.13160701096057892,-0.03263296186923981
579,17.0,1084,1.2191152572631836,,0.045193850761279464,-0.05049263685941696
580,11.0,820,0.9728753566741943,,0.0406880663940683,-0.06149575486779213
581,15.0,1216,1.3318634033203125,,0.014082414796575904,-0.05733179673552513
582,5.0,733,0.780766487121582,,0.05883886129595339,-0.04074384644627571
583,17.0,995,1.1154160499572754,,0.07630219531711191,-0.05185018479824066
584,21.0,1419,1.6081113815307617,,0.03202569275163114,-0.06423556059598923
585,5.0,713,0.7657809257507324,,0.062089052982628345,-0.04252965748310089
586,8.0,795,0.9344842433929443,,0.07611900032497942,-0.04756654053926468
587,5.0,617,0.6759960651397705,,0.029897368396632373,-0.05459300056099892
588,10.0,826,0.9626002311706543,,0.040686798631213605,-0.048484060913324356
589,4.0,489,0.5575008392333984,,0.04040403920225799,-0.048009391874074936
590,5.0,502,0.5678496360778809,,0.04204244678840041,-0.05786699801683426
591,15.0,949,1.0905935764312744,,0.08563200058415532,-0.02986012026667595
592,9.0,879,0.9275753498077393,,0.08024513744749129,-0.048173997551202774
593,8.0,623,0.7773292064666748,,0.05907251057215035,-0.0462995208799839
594,22.0,1134,1.2490365505218506,,0.08940380811691284,-0.0428464412689209
595,11.0,864,0.9160444736480713,,0.13762310706079006,-0.04047694057226181
596,4.0,705,0.86061692237854,,0.08475494757294655,-0.03703295439481735
597,14.0,983,1.1163547039031982,,0.0779189879540354,-0.0419282540678978
598,9.0,859,0.9129397869110107,,0.03285777592100203,-0.05986382067203522
599,24.0,1575,1.7446370124816895,,0.01597794791450724,-0.07649606466293335
600,11.0,881,1.013697862625122,,0.046373598743230104,-0.06189093738794327
601,12.0,900,1.0372514724731445,,0.047891591442748904,-0.06474964320659637
602,10.0,869,1.0125038623809814,,0.031810571905225515,-0.06622019410133362
603,12.0,976,1.10914945602417,,0.043672060361132026,-0.05210456997156143
604,5.0,708,0.770068883895874,,0.05232205358333886,-0.041863370686769485
605,6.0,685,0.7435271739959717,,0.025298897875472903,-0.06023414433002472
606,9.0,795,0.9435892105102539,,0.029103985521942377,-0.07241663336753845
607,10.0,879,1.0166234970092773,,0.04282836883794516,-0.051799673587083817
608,11.0,862,0.9042582511901855,,0.076161521486938,-0.048102784901857376
609,10.0,829,0.9802954196929932,,0.06045573600567877,-0.05679398775100708
610,8.0,793,0.8447082042694092,,0.02089416212402284,-0.06218323856592178
611,10.0,816,0.9571869373321533,,0.048223397810943425,-0.060468416661024094
612,6.0,613,0.6758508682250977,,0.02025845239404589,-0.05953355133533478
613,9.0,837,0.9838428497314453,,0.021499933442100883,-0.05249829590320587
614,8.0,799,0.8530800342559814,,0.01973950065439567,-0.06309712678194046
615,10.0,862,1.008786678314209,,0.029256887384690344,-0.056715160608291626
616,9.0,880,1.006500482559204,,0.03170026442967355,-0.05429578945040703
617,8.0,791,0.839935302734375,,0.011368577601388097,-0.061323802918195724
618,12.0,940,1.0658795833587646,,0.0330023952992633,-0.06348021328449249
619,10.0,856,0.9887323379516602,,0.043129138299264014,-0.06534954160451889
620,10.0,868,1.011596918106079,,0.023973078932613134,-0.06053569167852402
621,6.0,691,0.762439489364624,,0.02431624080054462,-0.0542738102376461
622,10.0,867,1.008580207824707,,0.031002704054117203,-0.055623069405555725
623,10.0,849,0.895456075668335,,0.026397252338938415,-0.055682793259620667
624,11.0,835,0.9796252250671387,,0.050756642827764153,-0.05539337545633316
625,11.0,826,0.8792788982391357,,0.023315994068980217,-0.05233261361718178
626,10.0,850,0.9920287132263184,,0.026061026845127344,-0.05015452206134796
627,25.0,1573,1.7460215091705322,,0.047841121442615986,-0.05293995141983032
628,33.0,1377,1.551893711090088,,0.1531387292779982,-0.03197946399450302
629,20.0,740,0.7903509140014648,,0.20619651954621077,-0.01437779888510704
630,10.0,818,0.9523627758026123,,0.25779365096241236,0.015632137656211853
631,8.0,542,0.6073873043060303,,0.061367529444396496,-0.053415264934301376
632,6.0,518,0.5868475437164307,,0.11185012152418494,-0.03746064007282257
633,6.0,575,0.6412651538848877,,0.10473163821734488,-0.03912937268614769
634,19.0,1065,1.2039146423339844,,0.06616131658665836,-0.03661394491791725
635,18.0,1089,1.2134246826171875,,0.09638012037612498,-0.04944959282875061
636,10.0,807,0.9501914978027344,,0.053993710316717625,-0.06571915745735168
637,4.0,715,0.7700626850128174,,0.053595047211274505,-0.04758034646511078
638,9.0,691,0.8457746505737305,,0.1509306337684393,-0.024483337998390198
639,14.0,1014,1.1451756954193115,,0.031959354993887246,-0.060027316212654114
640,5.0,564,0.6289911270141602,,0.05056722857989371,-0.04441416263580322
641,6.0,576,0.6425027847290039,,0.04100691631902009,-0.0655040591955185
642,6.0,674,0.7354733943939209,,0.03715938946697861,-0.05847655609250069
643,7.0,592,0.652214527130127,,0.05464131198823452,-0.06290709972381592
644,15.0,754,0.8978784084320068,,0.04533103993162513,-0.04885557293891907
645,14.0,995,1.1259052753448486,,0.06735224626027048,-0.048708029091358185
646,5.0,530,0.5947999954223633,,0.036839090404100716,-0.059773772954940796
647,23.0,1718,1.8686127662658691,,0.03736160253174603,-0.05349273979663849
648,10.0,853,0.9903585910797119,,0.03526671638246626,-0.05297902971506119
649,10.0,808,0.8646275997161865,,0.013799667998682708,-0.05472363904118538
650,9.0,859,1.0019171237945557,,0.016686059825588018,-0.057662587612867355
651,10.0,871,1.0128507614135742,,0.03584601904731244,-0.04213942214846611
652,10.0,847,0.9022290706634521,,0.01953742152545601,-0.05396672338247299
653,21.0,1032,1.1553573608398438,,0.033977530198171735,-0.06582076847553253
654,5.0,521,0.5885112285614014,,0.22589354868978262,0.008370310068130493
655,15.0,997,1.1268932819366455,,0.029915109742432833,-0.06262043118476868
656,15.0,905,1.0414888858795166,,0.04777956916950643,-0.02073521353304386
657,14.0,988,1.1176204681396484,,0.04852934926748276,-0.04624972864985466
658,9.0,791,0.9360306262969971,,0.04603022779338062,-0.02456974983215332
659,22.0,1454,1.646186351776123,,0.049096543341875076,-0.04291112720966339
660,12.0,821,0.8778905868530273,,0.056889826082624495,-0.05113741382956505
661,17.0,1025,1.1555066108703613,,0.050137909362092614,-0.05040469393134117
662,9.0,525,0.5904016494750977,,0.058734687976539135,-0.04834533482789993
663,15.0,984,1.1187622547149658,,0.06095829093828797,-0.0501389354467392
664,11.0,606,0.6738531589508057,,0.052912757033482194,-0.04650910943746567
665,6.0,689,0.8563487529754639,,0.09525328688323498,-0.034390803426504135
666,2.0,405,0.38816142082214355,,0.09525328688323498,-0.034390803426504135
667,2.0,542,0.6064558029174805,,0.06014987570233643,-0.0620805025100708
668,14.0,771,0.914832592010498,,0.05009596282616258,-0.05124429613351822
669,3.0,436,0.5075383186340332,,0.08827413339167833,-0.044275395572185516
670,4.0,501,0.5721967220306396,,0.08270582370460033,-0.024629518389701843
671,2.0,351,0.335620641708374,,0.08270582370460033,-0.024629518389701843
672,10.0,823,0.978752851486206,,0.04950567171908915,-0.05165949463844299
673,2.0,387,0.46485233306884766,,0.05693283979780972,-0.050908949226140976
674,8.0,621,0.6918783187866211,,0.05179238342680037,-0.042076390236616135
675,7.0,550,0.6220061779022217,,0.10620472161099315,-0.034096941351890564
676,5.0,486,0.559215784072876,,0.0709961277898401,-0.05001556873321533
677,8.0,523,0.5892157554626465,,0.053040446946397424,-0.04844442382454872
678,3.0,503,0.5803375244140625,,0.044316013576462865,-0.06329469382762909
679,9.0,649,0.7260143756866455,,0.08006461733020842,-0.03260204941034317
680,9.0,722,0.8712854385375977,,0.06363089452497661,-0.04417010024189949
681,5.0,537,0.6085555553436279,,0.042778244824148715,-0.05675135925412178
682,4.0,531,0.6031355857849121,,0.07596667599864304,-0.04813355207443237
683,6.0,681,0.746795654296875,,0.0435126245720312,-0.05852941796183586
684,10.0,872,1.0195214748382568,,0.05341959744691849,-0.047533564269542694
685,10.0,697,0.758742094039917,,0.021507568540982902,-0.0606401152908802
686,19.0,1011,1.153998613357544,,0.06864768476225436,-0.034519463777542114
687,10.0,840,0.9760525226593018,,0.15323037467896938,-0.021180585026741028
688,5.0,595,0.6600973606109619,,0.04779804474674165,-0.04414855316281319
689,17.0,721,0.776115894317627,,0.06505842343904078,-0.04442053288221359
690,15.0,949,1.0796897411346436,,0.14146662293933332,-0.03230205178260803
691,12.0,681,0.8299384117126465,,0.08110939851030707,-0.06143995374441147
692,13.0,981,1.102996587753296,,0.18373943492770195,-0.007424201816320419
693,4.0,613,0.6722116470336914,,0.06477760570123792,-0.05001765489578247
694,11.0,663,0.7179708480834961,,0.062678532442078,-0.043077461421489716
695,22.0,1486,1.6559686660766602,,0.06508839898742735,-0.04539066553115845
696,24.0,1488,1.6550889015197754,,0.061623480170965195,-0.05740293115377426
697,10.0,813,0.8656558990478516,,0.031140215112827718,-0.07441411167383194
698,10.0,831,0.9680221080780029,,0.05452524358406663,-0.03514254838228226
699,7.0,549,0.6129577159881592,,0.043378560221754014,-0.04726101830601692
700,11.0,912,1.0565521717071533,,0.0884495209902525,-0.04506901651620865
701,7.0,527,0.6051173210144043,,0.09294891450554132,-0.048122063279151917
702,19.0,808,0.8594071865081787,,0.11677437974140048,-0.05933097004890442
703,1.0,405,0.47939515113830566,,0.07758131250739098,-0.047641634941101074
704,10.0,827,0.9814176559448242,,0.12659597815945745,-0.033842094242572784
705,10.0,810,0.8621759414672852,,0.07853107526898384,-0.03629433363676071
706,10.0,817,0.9628305435180664,,0.06658542458899319,-0.051784269511699677
707,12.0,632,0.6914510726928711,,0.06640004040673375,-0.0405162051320076
708,14.0,818,0.9712996482849121,,0.13443096494302154,-0.02829674631357193
709,21.0,863,0.9930839538574219,,0.08845788496546447,-0.044562309980392456
710,13.0,795,0.8397643566131592,,0.16225525038316846,-0.03753959760069847
711,5.0,462,0.5375790596008301,,0.09039481310173869,-0.04285411536693573
712,14.0,799,0.9452414512634277,,0.10934898070991039,-0.01239737868309021
713,5.0,649,0.7104496955871582,,0.05248826672323048,-0.05834157392382622
714,7.0,719,0.7811639308929443,,0.08380743046291173,-0.03456289321184158
715,18.0,965,1.098653793334961,,0.0629626598674804,-0.05348639562726021
716,8.0,627,0.6817753314971924,,0.11140446900390089,-0.05150754749774933
717,15.0,685,0.8238048553466797,,0.07224436057731509,-0.037252869457006454
718,11.0,673,0.7277438640594482,,0.10951746022328734,-0.03461138904094696
719,24.0,1460,1.6279287338256836,,0.118118891492486,-0.029628779739141464
720,6.0,581,0.6393535137176514,,0.08373679011128843,-0.05828339606523514
721,5.0,665,0.7201797962188721,,0.10125829931348562,-0.041494015604257584
722,7.0,536,0.5987238883972168,,0.08661321643739939,-0.03370142728090286
723,6.0,624,0.7820122241973877,,0.14272791659459472,-0.027928084135055542
724,6.0,685,0.7394638061523438,,0.07349291816353798,-0.033403441309928894
725,13.0,809,0.8641719818115234,,0.09697921015322208,-0.026168741285800934
726,21.0,1162,1.3748996257781982,,0.059423387865535915,-0.03486434370279312
727,12.0,824,0.874577522277832,,0.06740394188091159,-0.03866066038608551
728,31.0,1709,1.945108413696289,,0.30906899832189083,0.03385108709335327
729,16.0,1019,1.1449968814849854,,0.06800169171765447,-0.036629434674978256
730,25.0,974,1.1036758422851562,,0.12006335332989693,-0.026215456426143646
731,12.0,809,0.8613605499267578,,0.16321451496332884,-0.00017254427075386047
732,10.0,643,0.7035784721374512,,0.07137604965828359,-0.03987392038106918
733,11.0,699,0.8480653762817383,,0.05933395982719958,-0.035826582461595535
734,15.0,1127,1.2584795951843262,,0.08858683286234736,-0.048064179718494415
735,33.0,1564,1.7348449230194092,,0.14395877299830317,-0.0128936767578125
736,15.0,969,1.1004962921142578,,0.060275757452473044,-0.05252349376678467
737,12.0,762,0.8173947334289551,,0.04923795419745147,-0.05556570738554001
738,11.0,706,0.8700497150421143,,0.07955404953099787,-0.04063064977526665
739,21.0,1299,1.4051673412322998,,0.07746215560473502,-0.0424555242061615
740,16.0,785,0.9253437519073486,,0.16290004132315516,-0.024463482201099396
741,19.0,1043,1.172926425933838,,0.11563816061243415,-0.03662277013063431
742,24.0,1017,1.1412994861602783,,0.11151592200621963,-0.04450934752821922
743,4.0,542,0.6166415214538574,,0.12759822607040405,-0.048203833401203156
744,6.0,526,0.5974841117858887,,0.0973511366173625,-0.029230467975139618
745,14.0,828,0.9797439575195312,,0.10467199748381972,-0.03860054537653923
746,19.0,1047,1.1867318153381348,,0.07694432768039405,-0.050970520824193954
747,9.0,653,0.711594820022583,,0.08054194529540837,-0.052222564816474915
748,8.0,804,0.9489994049072266,,0.08069893694482744,-0.049099355936050415
749,17.0,1133,1.2639338970184326,,0.09213156532496214,-0.025317948311567307
750,11.0,733,0.7918188571929932,,0.07678312924690545,-0.05552683770656586
751,2.0,503,0.5702109336853027,,0.18432860169559717,-0.02009160816669464
752,13.0,1000,1.1226329803466797,,0.11150150140747428,-0.02127033844590187
753,15.0,992,1.1266727447509766,,0.04692471609450877,-0.04805834963917732
754,19.0,906,1.0361950397491455,,0.07307899231091142,-0.038591429591178894
755,22.0,1036,1.1728601455688477,,0.11234000977128744,-0.03980452939867973
756,12.0,971,1.104236125946045,,0.12365919491276145,-0.021068286150693893
757,25.0,1206,1.3122057914733887,,0.06299915537238121,-0.049233485013246536
758,14.0,803,0.9446191787719727,,0.09146812045946717,-0.04697868973016739
759,15.0,729,0.7897436618804932,,0.0894619778264314,-0.05336109176278114
760,14.0,991,1.1223647594451904,,0.0714260449167341,-0.04956955090165138
761,5.0,513,0.5778036117553711,,0.08294748794287443,-0.04913172125816345
762,13.0,791,0.9287426471710205,,0.08552796323783696,-0.03128507360816002
763,4.0,547,0.6094446182250977,,0.10706597566604614,-0.016860907897353172
764,10.0,716,0.7864573001861572,,0.0977518642321229,-0.04482853412628174
765,9.0,520,0.5893301963806152,,0.16300647892057896,-0.017670203000307083
766,16.0,1166,1.2833175659179688,,0.09112083213403821,-0.045904017984867096
767,5.0,594,0.6580581665039062,,0.10658837179653347,-0.031430684030056
768,6.0,631,0.7896466255187988,,0.1396971484646201,-0.019442301243543625
769,21.0,1022,1.1542575359344482,,0.06038222927600145,-0.05292927846312523
770,13.0,749,0.8042540550231934,,0.152012562379241,-0.03242048621177673
771,16.0,871,1.0156843662261963,,0.0833543292246759,-0.04737143591046333
772,6.0,472,0.5437138080596924,,0.08269772934727371,-0.048640478402376175
773,4.0,540,0.611004114151001,,0.10304295178502798,-0.033310726284980774
774,19.0,951,1.0832548141479492,,0.0785442772321403,-0.04305052012205124
775,19.0,854,0.9086756706237793,,0.0962394718080759,-0.036016277968883514
776,13.0,654,0.8020668029785156,,0.13465520832687616,-0.040817759931087494
777,5.0,448,0.5159611701965332,,0.13415057631209493,-0.04195854440331459
778,32.0,1352,1.458655595779419,,0.0854793582111597,-0.03678787499666214
779,8.0,648,0.7149624824523926,,0.2212835280224681,0.008192755281925201
780,10.0,802,0.9493038654327393,,0.1529325102455914,-0.02980569750070572
781,8.0,694,0.7524445056915283,,0.0993330713827163,-0.03912591189146042
782,4.0,524,0.5928783416748047,,0.053960949182510376,-0.06180309131741524
783,3.0,549,0.6182878017425537,,0.09084035200066864,-0.027970202267169952
784,5.0,489,0.5579433441162109,,0.08488128730095923,-0.0418807789683342
785,16.0,691,0.8453221321105957,,0.06728650419972837,-0.039700429886579514
786,14.0,847,0.8919506072998047,,0.06576679227873683,-0.04179687425494194
787,15.0,857,1.0011048316955566,,0.07722027227282524,-0.054102927446365356
788,18.0,1011,1.1406378746032715,,0.0689884761814028,-0.055081069469451904
789,16.0,1137,1.2504854202270508,,0.12341476185247302,-0.06579934060573578
790,17.0,912,1.0495948791503906,,0.09806361375376582,-0.04235844314098358
791,24.0,1251,1.3561851978302002,,0.08184801670722663,-0.04167315736413002
792,9.0,696,0.848548412322998,,0.14800229156389832,-0.033720750361680984
793,9.0,839,0.8879287242889404,,0.10257148323580623,-0.039143823087215424
794,7.0,686,0.8318560123443604,,0.06770615046843886,-0.04480542987585068
795,8.0,617,0.6775777339935303,,0.07701770239509642,-0.043705374002456665
796,2.0,545,0.6052052974700928,,0.16015814524143934,-0.021494567394256592
797,20.0,1142,1.2622132301330566,,0.09185698162764311,-0.03181518614292145
798,12.0,712,0.8583214282989502,,0.09721432533115149,-0.04003606364130974
799,5.0,429,0.49802064895629883,,0.07572551677003503,-0.05551938712596893
800,6.0,625,0.6800322532653809,,0.11142825847491622,-0.02253159135580063
801,12.0,645,0.7019872665405273,,0.10119305737316608,-0.028061777353286743
802,19.0,1029,1.152353286743164,,0.059914293233305216,-0.05489875003695488
803,6.0,655,0.7135729789733887,,0.11259701708331704,-0.042090415954589844
804,3.0,511,0.5757787227630615,,0.14621535129845142,-0.032005198299884796
805,19.0,918,1.0436382293701172,,0.09571349853649735,-0.0462440550327301
806,8.0,707,0.7556865215301514,,0.11650915024802089,-0.016726482659578323
807,10.0,867,1.0009315013885498,,0.07261018385179341,-0.04312045872211456
808,18.0,1031,1.1550688743591309,,0.05956380325369537,-0.05484455078840256
809,11.0,511,0.5853705406188965,,0.15569281298667192,-0.02037595957517624
810,14.0,974,1.1073243618011475,,0.10104859340935946,-0.03761550039052963
811,9.0,599,0.6623754501342773,,0.11157811642624438,-0.04472619667649269
812,15.0,777,0.9329578876495361,,0.07742034457623959,-0.05446692183613777
813,6.0,658,0.7190475463867188,,0.1208721287548542,-0.03688793629407883
814,11.0,574,0.6356847286224365,,0.06807534559629858,-0.049094729125499725
815,15.0,858,1.0035231113433838,,0.10464596236124635,-0.029084760695695877
816,23.0,1169,1.2866520881652832,,0.07825031434185803,-0.05552084743976593
817,2.0,633,0.6947500705718994,,0.1671826345846057,-0.024616628885269165
818,6.0,445,0.5284147262573242,,0.04975022212602198,-0.05296080559492111
819,7.0,697,0.8509202003479004,,0.06094376463443041,-0.05234179645776749
820,5.0,651,0.7108108997344971,,0.08194999815896153,-0.05758947134017944
821,21.0,1039,1.1666591167449951,,0.07677181111648679,-0.048584021627902985
822,9.0,698,0.7613356113433838,,0.1429894450120628,-0.01980973780155182
823,19.0,1008,1.141589641571045,,0.06529072695411742,-0.03638746216893196
824,16.0,1078,1.2045433521270752,,0.15467779198661447,-0.01838955283164978
825,16.0,735,0.8900413513183594,,0.06411014311015606,-0.051026105880737305
826,15.0,971,1.109964370727539,,0.14014795748516917,-0.04096408933401108
827,4.0,497,0.5658445358276367,,0.07049892074428499,-0.05158386379480362
828,22.0,1065,1.1913151741027832,,0.08524889941327274,-0.04091785475611687
829,13.0,813,0.8610217571258545,,0.1466714390553534,-0.042159635573625565
830,6.0,493,0.5552811622619629,,0.06964087206870317,-0.05677182972431183
831,7.0,587,0.6438755989074707,,0.1012840571347624,-0.0243847519159317
832,20.0,985,1.1040539741516113,,0.07140694162808359,-0.04913268983364105
833,24.0,1393,1.582662582397461,,0.07328335545025766,-0.049485862255096436
834,13.0,795,0.9364495277404785,,0.06256405333988369,-0.055768370628356934
835,2.0,423,0.4033467769622803,,0.06256405333988369,-0.055768370628356934
836,9.0,777,0.9175660610198975,,0.07677741046063602,-0.04919334128499031
837,17.0,922,1.0536525249481201,,0.11760123586282134,-0.038896892219781876
838,12.0,638,0.6963341236114502,,0.08460036222822964,-0.0462430939078331
839,28.0,1440,1.6152632236480713,,0.10404702788218856,-0.04862646758556366
840,13.0,810,0.8568260669708252,,0.17556239757686853,-0.014901459217071533
841,11.0,648,0.7941250801086426,,0.06583266821689904,-0.046649858355522156
842,11.0,806,0.8533892631530762,,0.18088268814608455,-0.011298801749944687
843,15.0,1047,1.1701538562774658,,0.05930217308923602,-0.05275265872478485
844,25.0,981,1.1109657287597656,,0.06372141116298735,-0.038534317165613174
845,18.0,875,1.0009791851043701,,0.10187254496850073,-0.03785529360175133
846,16.0,747,0.7925360202789307,,0.11933778179809451,-0.0346003919839859
847,10.0,499,0.5627789497375488,,0.08373561594635248,-0.04976506531238556
848,24.0,964,1.08487868309021,,0.11989813018590212,-0.03084862232208252
849,11.0,824,0.9588217735290527,,0.08942969096824527,-0.048747044056653976
850,15.0,1069,1.1903278827667236,,0.11061697686091065,-0.03770621493458748
851,19.0,679,0.7318527698516846,,0.1051735847722739,-0.025083936750888824
852,18.0,1347,1.5356671810150146,,0.07477970514446497,-0.036669399589300156
853,9.0,706,0.7588658332824707,,0.10071402601897717,-0.03851206600666046
854,13.0,860,1.0051639080047607,,0.08953444520011544,-0.04981478676199913
855,24.0,1094,1.2108721733093262,,0.07482976210303605,-0.043182920664548874
856,11.0,671,0.7280251979827881,,0.18118879571557045,-0.024299785494804382
857,22.0,1135,1.3411803245544434,,0.06751103908754885,-0.03904389590024948
858,21.0,1006,1.1362385749816895,,0.08114927378483117,-0.03435612469911575
859,6.0,653,0.7059698104858398,,0.13968250108882785,-0.022712349891662598
860,17.0,889,1.0202538967132568,,0.14501303434371948,-0.011163625866174698
861,9.0,637,0.6936380863189697,,0.12318222830072045,-0.031121116131544113
862,14.0,1007,1.1354553699493408,,0.08888493617996573,-0.045494429767131805
863,13.0,811,0.8618130683898926,,0.04616554663516581,-0.04939528927206993
864,20.0,954,1.0878989696502686,,0.052056675078347325,-0.04693502187728882
865,18.0,1089,1.2197067737579346,,0.0954942898824811,-0.04501612111926079
866,9.0,807,0.9516446590423584,,0.09826995944604278,-0.02787165716290474
867,5.0,445,0.5188474655151367,,0.05984417535364628,-0.044173192232847214
868,14.0,1245,1.3598721027374268,,0.045902741607278585,-0.06446695327758789
869,18.0,1033,1.1544930934906006,,0.034524964983575046,-0.06108419597148895
870,11.0,851,1.0012507438659668,,0.08517749793827534,-0.05348195880651474
871,10.0,818,0.9650478363037109,,0.05064488551579416,-0.05621004477143288
872,9.0,851,0.9024045467376709,,0.0372642467264086,-0.039071980863809586
873,14.0,803,0.9481852054595947,,0.05407530418597162,-0.04870305210351944
874,18.0,920,1.052046298980713,,0.08699548291042447,-0.04453020915389061
875,10.0,819,0.8724954128265381,,0.10583144519478083,-0.048854656517505646
876,8.0,546,0.6107561588287354,,0.08305699052289128,-0.04259028285741806
877,21.0,1053,1.1722500324249268,,0.07496076147072017,-0.05050206184387207
878,19.0,1177,1.374786376953125,,0.08515527728013694,-0.046868450939655304
879,17.0,768,0.8246712684631348,,0.06621036399155855,-0.06594936549663544
880,19.0,1100,1.2285380363464355,,0.14565512537956238,-0.027557194232940674
881,13.0,844,0.9858026504516602,,0.08384551177732646,-0.05374646186828613
882,22.0,872,1.0118284225463867,,0.12170202401466668,-0.028605366125702858
883,5.0,581,0.6450908184051514,,0.11262875283136964,-0.04222150519490242
884,17.0,921,1.0558412075042725,,0.15149524249136448,-0.029228918254375458
885,1.0,465,0.4445838928222656,,0.15149524249136448,-0.029228918254375458
886,24.0,1087,1.3043022155761719,,0.07509078271687031,-0.03973089158535004
887,9.0,571,0.6343889236450195,,0.2510982435196638,0.005599603056907654
888,8.0,722,0.7862575054168701,,0.09803963266313076,-0.040205568075180054
889,8.0,861,0.9935946464538574,,0.10606849938631058,-0.039577435702085495
890,5.0,487,0.5547115802764893,,0.0773727660998702,-0.04950609430670738
891,9.0,663,0.720196008682251,,0.07169636711478233,-0.060961395502090454
892,10.0,604,0.667095422744751,,0.10507005755789578,-0.049771808087825775
893,5.0,639,0.7012934684753418,,0.11759309470653534,-0.0433863028883934
894,6.0,722,0.881737470626831,,0.0765789607539773,-0.04123212769627571
895,17.0,713,0.7728421688079834,,0.08504062751308084,-0.03639371693134308
896,11.0,703,0.8561248779296875,,0.1207170863635838,-0.03286667913198471
897,9.0,601,0.6648304462432861,,0.09433190291747451,-0.0433785580098629
898,18.0,846,0.8994553089141846,,0.0958396764472127,-0.03500194847583771
899,9.0,692,0.8456542491912842,,0.16202137060463428,-0.008517798036336899
900,20.0,977,1.1171727180480957,,0.10998156853020191,-0.03436433523893356
901,13.0,637,0.6992301940917969,,0.13645772589370608,-0.02545703947544098
902,6.0,573,0.6380507946014404,,0.1298351539298892,-0.03119971603155136
903,11.0,591,0.6626296043395996,,0.07541668182238936,-0.03099021315574646
904,8.0,527,0.596613883972168,,0.08109202678315341,-0.05066072940826416
905,11.0,774,0.9226953983306885,,0.1287499452009797,-0.033162519335746765
906,6.0,507,0.58514404296875,,0.13865053420886397,-0.02713679149746895
907,2.0,517,0.5890209674835205,,0.061642558546736836,-0.04405810683965683
908,20.0,969,1.1113696098327637,,0.09777827677316964,-0.03955847769975662
909,11.0,713,0.7738747596740723,,0.13722925912588835,-0.026095762848854065
910,4.0,625,0.6912662982940674,,0.09150927187874913,-0.04286230355501175
911,9.0,709,0.8670103549957275,,0.08546649548225105,-0.035987336188554764
912,8.0,1187,1.3198521137237549,,0.1030125985853374,-0.04852397367358208
913,8.0,787,0.9343667030334473,,0.09436869621276855,-0.03057108074426651
914,1.0,362,0.34715986251831055,,0.09436869621276855,-0.03057108074426651
915,17.0,862,0.9986941814422607,,0.09154485771432519,-0.027838658541440964
916,8.0,623,0.6896283626556396,,0.08926939265802503,-0.04577929526567459
917,14.0,741,0.8886845111846924,,0.06254368415102363,-0.04767819494009018
918,12.0,909,0.9577515125274658,,0.09927919507026672,-0.030168134719133377
919,14.0,783,0.9286150932312012,,0.060232543386518955,-0.052869003266096115
920,9.0,609,0.6704757213592529,,0.10907738143578172,-0.04318110644817352
921,-1.0,520,0.5876080989837646,,0.07656856416724622,-0.05025097727775574
922,17.0,763,0.9046268463134766,,0.17268272629007697,-0.013917531818151474
923,7.0,690,0.7535386085510254,,0.17031845822930336,-0.01332051306962967
924,15.0,763,0.8223903179168701,,0.09972161031328142,-0.04120799899101257
925,24.0,1027,1.1554467678070068,,0.13211745209991932,-0.03368370234966278
926,3.0,607,0.7646169662475586,,0.16965362569317222,-0.03782118856906891
927,16.0,839,0.8927509784698486,,0.11725270515307784,-0.03395617753267288
928,11.0,627,0.6864805221557617,,0.19108394952490926,-0.02381051704287529
929,12.0,697,0.8464152812957764,,0.1459230058826506,-0.031010061502456665
930,20.0,963,1.1129815578460693,,0.15675066784024239,-0.014680389314889908
931,12.0,763,0.8169240951538086,,0.08554880018346012,-0.06294361501932144
932,7.0,604,0.6665022373199463,,0.09431953355669975,-0.04311242699623108
933,15.0,885,1.0249860286712646,,0.14742688415572047,-0.04155804216861725
934,10.0,695,0.7551517486572266,,0.10781792877241969,-0.031136319041252136
935,4.0,521,0.589085578918457,,0.11041396670043468,-0.02695128694176674
936,6.0,609,0.7668533325195312,,0.15431241830810905,-0.029945529997348785
937,6.0,513,0.5842740535736084,,0.07495922804810107,-0.05217697471380234
938,15.0,770,0.8289473056793213,,0.1303432658314705,-0.03203975036740303
939,4.0,382,0.4572899341583252,,0.12420265655964613,-0.030236318707466125
940,9.0,501,0.5715751647949219,,0.1265736110508442,-0.03653276711702347
941,15.0,860,1.005664587020874,,0.1082528424449265,-0.03258887678384781
942,0.0,310,0.29561829566955566,,0.1082528424449265,-0.03258887678384781
943,13.0,757,0.9076764583587646,,0.08323937258683145,-0.035062555223703384
944,11.0,761,0.8190164566040039,,0.14255482098087668,-0.035557910799980164
945,1.0,579,0.648310661315918,,0.09346800995990634,-0.028051428496837616
946,15.0,811,0.957674503326416,,0.11856221128255129,-0.03664209693670273
947,14.0,829,0.8823144435882568,,0.1461563496850431,-0.018440231680870056
948,9.0,507,0.5786890983581543,,0.08339136862196028,-0.05887683853507042
949,4.0,418,0.4884209632873535,,0.1261060112155974,-0.030528046190738678
950,3.0,414,0.4892573356628418,,0.08315655845217407,-0.031087644398212433
951,6.0,543,0.6107172966003418,,0.10219446616247296,-0.041141558438539505
952,3.0,312,0.39328670501708984,,0.13325778115540743,-0.025975391268730164
953,17.0,1128,1.2557120323181152,,0.09217690723016858,-0.027776092290878296
954,17.0,758,0.8197629451751709,,0.08008515858091414,-0.051590003073215485
955,4.0,434,0.5076680183410645,,0.1327955056913197,-0.020708613097667694
956,4.0,412,0.48566412925720215,,0.15233722794800997,-0.01849287375807762
957,17.0,776,0.9262292385101318,,0.09560765139758587,-0.034436941146850586
958,1.0,447,0.42662858963012695,,0.09560765139758587,-0.034436941146850586
959,7.0,591,0.7422628402709961,,0.14135590475052595,-0.017112813889980316
960,19.0,682,0.740530252456665,,0.07036790600977838,-0.04882906749844551
961,16.0,1013,1.1445536613464355,,0.1381249511614442,-0.03001183271408081
962,16.0,731,0.7917344570159912,,0.0774320550262928,-0.041571661829948425
963,8.0,585,0.7366347312927246,,0.13779635168612003,-0.02311781793832779
964,3.0,593,0.653191328048706,,0.06974264374002814,-0.06102650985121727
965,6.0,887,0.9370360374450684,,0.10050150286406279,-0.04162999615073204
966,1.0,425,0.500882625579834,,0.12645611679181457,-0.026672206819057465
967,11.0,739,0.8878672122955322,,0.10410414170473814,-0.02761969342827797
968,7.0,623,0.6910295486450195,,0.09345225477591157,-0.0404733270406723
969,5.0,421,0.4980454444885254,,0.0627249013632536,-0.042386092245578766
970,16.0,769,0.8313310146331787,,0.0956450451631099,-0.050923846662044525
971,19.0,779,0.9211664199829102,,0.10631949687376618,-0.036736030131578445
972,14.0,813,0.8685567378997803,,0.1739456383511424,-0.005197413265705109
973,19.0,1047,1.1744837760925293,,0.07900833804160357,-0.0316285714507103
974,8.0,569,0.636662483215332,,0.07796427025459707,-0.03753633424639702
975,3.0,469,0.5457372665405273,,0.1032377474475652,-0.036175310611724854
976,24.0,1120,1.3339169025421143,,0.11271614814177155,-0.024131178855895996
977,7.0,499,0.5650012493133545,,0.1758627095259726,0.0030944719910621643
978,7.0,691,0.7525234222412109,,0.11402018228545785,-0.036659128963947296
979,18.0,691,0.7457242012023926,,0.07928571035154164,-0.043496906757354736
980,10.0,516,0.5817086696624756,,0.09050053916871548,-0.04697897285223007
981,4.0,391,0.46424150466918945,,0.11698449635878205,-0.03468066453933716
982,21.0,1037,1.1630558967590332,,0.1109056188724935,-0.030589625239372253
983,16.0,707,0.7589113712310791,,0.1020400021225214,-0.03887287899851799
984,9.0,661,0.8046135902404785,,0.11846609087660909,-0.009682867676019669
985,15.0,913,1.0662198066711426,,0.1029971563257277,-0.040114596486091614
986,21.0,1029,1.1493480205535889,,0.07248863787390292,-0.0382794588804245
987,10.0,635,0.692680835723877,,0.1418329756706953,-0.025218810886144638
988,10.0,724,0.7810044288635254,,0.13650186406448483,-0.01293116807937622
989,11.0,615,0.6769616603851318,,0.06898793228901923,-0.04203077033162117
990,5.0,471,0.5457711219787598,,0.07881348743103445,-0.03476472198963165
991,8.0,513,0.5867898464202881,,0.0751830036751926,-0.047633908689022064
992,5.0,658,0.8134794235229492,,0.10005897236987948,-0.03541859611868858
993,5.0,459,0.438215970993042,,0.10005897236987948,-0.03541859611868858
994,3.0,331,0.40882110595703125,,0.10357911046594381,-0.05076955631375313
995,4.0,437,0.5130586624145508,,0.10630699596367776,-0.0252352487295866
996,13.0,653,0.7096421718597412,,0.14028164092451334,-0.016869880259037018
997,7.0,585,0.6454074382781982,,0.12387289851903915,-0.03188453987240791
998,12.0,629,0.7780919075012207,,0.04735415265895426,-0.04884879291057587
999,14.0,719,0.7905175685882568,,0.12467496562749147,-0.04567835107445717
1000,23.0,977,1.1100995540618896,,0.11403961572796106,-0.03432576358318329
1001,7.0,617,0.6769046783447266,,0.18486571591347456,-0.0031817592680454254
1002,18.0,837,0.9818189144134521,,0.11345059424638748,-0.03653945028781891
1003,17.0,840,0.9058554172515869,,0.12060297094285488,-0.016648638993501663
1004,19.0,870,1.0098650455474854,,0.0997250194195658,-0.0355757474899292
1005,14.0,868,1.0113332271575928,,0.10448161442764103,-0.038136400282382965
1006,3.0,455,0.5348386764526367,,0.10914683248847723,-0.04846912622451782
1007,14.0,691,0.756171703338623,,0.2098192060366273,0.02991652488708496
1008,4.0,379,0.45735669136047363,,0.1416760985739529,-0.023635514080524445
1009,6.0,399,0.48524022102355957,,0.1181974308565259,-0.012748029083013535
1010,17.0,923,0.9736471176147461,,0.11040825163945556,-0.028492383658885956
1011,15.0,695,0.8508245944976807,,0.08198552462272346,-0.057079900056123734
1012,11.0,702,0.7755379676818848,,0.09202806954272091,-0.04686776548624039
1013,15.0,938,1.0724682807922363,,0.12409903015941381,-0.018201693892478943
1014,13.0,721,0.7798709869384766,,0.09200746472924948,-0.029639054089784622
1015,19.0,999,1.1384289264678955,,0.11391247576102614,-0.030646376311779022
1016,7.0,517,0.587395191192627,,0.08933628327213228,-0.04217531904578209
1017,15.0,1099,1.2356925010681152,,0.0824600865598768,-0.04964618757367134
1018,17.0,942,1.07822585105896,,0.08135470794513822,-0.036548931151628494
1019,5.0,451,0.5238018035888672,,0.09911936894059181,-0.04374590888619423
1020,11.0,681,0.8404474258422852,,0.09783565532416105,-0.029712703078985214
1021,10.0,674,0.7391872406005859,,0.0958656151778996,-0.039321620017290115
1022,15.0,600,0.6658072471618652,,0.06947301886975765,-0.056952573359012604
1023,16.0,810,0.9520809650421143,,0.14842570945620537,-0.007662810385227203
1024,11.0,645,0.7040915489196777,,0.11171537451446056,-0.048347391188144684
1025,13.0,724,0.7888257503509521,,0.11443769885227084,-0.02211427316069603
1026,7.0,435,0.505826473236084,,0.08431068761274219,-0.02724672108888626
1027,21.0,1040,1.1635942459106445,,0.10283748246729374,-0.01622384786605835
1028,9.0,543,0.6111245155334473,,0.10435926052741706,-0.03000904992222786
1029,14.0,892,1.0401413440704346,,0.130898364353925,-0.03230474144220352
1030,20.0,855,0.9995400905609131,,0.13697740202769637,-0.030237946659326553
1031,12.0,697,0.7591795921325684,,0.11056475853547454,-0.029647499322891235
1032,15.0,767,0.8320565223693848,,0.06578333070501685,-0.04717804491519928
1033,17.0,897,1.0429809093475342,,0.12623809464275837,-0.02821909263730049
1034,7.0,565,0.6358768939971924,,0.08265452738851309,-0.030925236642360687
1035,20.0,922,1.0682201385498047,,0.13620877638459206,-0.02639387920498848
1036,19.0,822,0.9693553447723389,,0.10602563945576549,-0.0317385271191597
1037,13.0,649,0.7120330333709717,,0.1271244939416647,-0.03331328555941582
1038,0.0,437,0.5144093036651611,,0.07674379320815206,-0.04185307398438454
1039,23.0,931,1.0758183002471924,,0.1816679947078228,-0.012669973075389862
1040,9.0,689,0.7490279674530029,,0.16306422790512443,-0.02554941177368164
1041,19.0,894,1.0337204933166504,,0.10440906719304621,-0.02305563911795616
1042,22.0,872,0.9267857074737549,,0.13580532930791378,-0.01899043843150139
1043,17.0,780,0.9381494522094727,,0.14833678863942623,-0.01982085034251213
1044,15.0,703,0.7572197914123535,,0.09302688576281071,-0.03663018345832825
1045,3.0,355,0.4320108890533447,,0.11491048848256469,-0.0288875512778759
1046,10.0,727,0.7876086235046387,,0.1228649839758873,-0.023703165352344513
1047,10.0,674,0.8360583782196045,,0.14036854496225715,-0.014517832547426224
1048,19.0,955,1.0989875793457031,,0.11335809342563152,-0.03990594297647476
1049,11.0,633,0.7000336647033691,,0.1456759669817984,-0.012106556445360184
1050,3.0,387,0.46741557121276855,,0.09543510503135622,-0.05682653188705444
1051,21.0,995,1.135716199874878,,0.13082935800775886,-0.033540863543748856
1052,9.0,687,0.7511208057403564,,0.09114059479907155,-0.04142558574676514
1053,9.0,645,0.7131202220916748,,0.0778025349136442,-0.04954501986503601
1054,4.0,343,0.4211854934692383,,0.1521771834231913,6.0811638832092285e-05
1055,8.0,841,0.8992483615875244,,0.08664474682882428,-0.04706798121333122
1056,9.0,631,0.796330451965332,,0.08755273907445371,-0.05021325498819351
1057,7.0,479,0.5643959045410156,,0.08235938590951264,-0.05554743856191635
1058,12.0,687,0.7414772510528564,,0.07428239937871695,-0.04612740874290466
1059,13.0,868,1.0047948360443115,,0.08884856291115284,-0.029397301375865936
1060,9.0,689,0.7505538463592529,,0.08382157352752984,-0.03779079020023346
1061,14.0,1030,1.1676530838012695,,0.13819078030064702,-0.047437652945518494
1062,12.0,686,0.7444636821746826,,0.06691472930833697,-0.047702349722385406
1063,8.0,413,0.49060797691345215,,0.05552091682329774,-0.05194931849837303
1064,9.0,628,0.7019500732421875,,0.08061150438152254,-0.04001691937446594
1065,18.0,889,1.031928539276123,,0.05514202010817826,-0.06120244413614273
1066,15.0,836,0.9814832210540771,,0.14526160713285208,-0.03210396692156792
1067,23.0,971,1.1209404468536377,,0.06217240123078227,-0.03609730303287506
1068,19.0,963,1.0874927043914795,,0.1640967703424394,-0.019847217947244644
1069,16.0,736,0.7987816333770752,,0.10684823291376233,-0.05266333371400833
1070,15.0,669,0.7245938777923584,,0.10181022249162197,-0.03547018766403198
1071,9.0,585,0.6452624797821045,,0.09271985525265336,-0.03554206341505051
1072,22.0,907,1.0332748889923096,,0.09711914462968707,-0.054318007081747055
1073,15.0,693,0.8568873405456543,,0.14163097832351923,-0.026308316737413406
1074,19.0,760,0.8154211044311523,,0.10052076820284128,-0.05432993918657303
1075,19.0,1183,1.3002846240997314,,0.1482693711295724,-0.03480536863207817
1076,16.0,1057,1.1914787292480469,,0.14759048260748386,-0.03602837026119232
1077,10.0,731,0.8688647747039795,,0.08975387155078351,-0.03710261732339859
1078,14.0,775,0.8349113464355469,,0.10604902124032378,-0.04058773070573807
1079,11.0,554,0.6388616561889648,,0.09660932049155235,-0.04544974863529205
1080,8.0,538,0.6971774101257324,,0.08062694221735,-0.045663245022296906
1081,8.0,611,0.6750521659851074,,0.11591847101226449,-0.03912656381726265
1082,11.0,701,0.7734544277191162,,0.09948984859511256,-0.037035610526800156
1083,16.0,758,0.9123668670654297,,0.10127421864308417,-0.055368147790431976
1084,18.0,849,0.9018592834472656,,0.09966178657487035,-0.042468491941690445
1085,12.0,646,0.7116529941558838,,0.13648698618635535,-0.01649419218301773
1086,17.0,789,0.9451589584350586,,0.09103710623458028,-0.046081967651844025
1087,10.0,511,0.5870339870452881,,0.11662629526108503,-0.028623752295970917
1088,6.0,401,0.4837203025817871,,0.0483891237527132,-0.05336592346429825
1089,5.0,433,0.5125026702880859,,0.10124427499249578,-0.019464761018753052
1090,7.0,555,0.6249189376831055,,0.09344140253961086,-0.030188515782356262
1091,4.0,383,0.3667466640472412,,0.09344140253961086,-0.030188515782356262
1092,19.0,693,0.8629469871520996,,0.14739253465086222,-0.0028188861906528473
1093,8.0,521,0.601839542388916,,0.1682090600952506,-0.01163412258028984
1094,23.0,997,1.1290602684020996,,0.11542429495602846,-0.022076211869716644
1095,4.0,362,0.4421713352203369,,0.12420072266831994,-0.025118373334407806
1096,19.0,1031,1.175835371017456,,0.12170009687542915,-0.029465563595294952
1097,16.0,755,0.8095040321350098,,0.09523469093255699,-0.057881925255060196
1098,12.0,773,0.9240758419036865,,0.09201379003934562,-0.03713901340961456
1099,16.0,802,0.85945725440979,,0.09906576154753566,-0.03837699443101883
1100,15.0,691,0.7571728229522705,,0.10399059439077973,-0.029204733669757843
1101,12.0,780,0.9232997894287109,,0.1479451134800911,-0.012672126293182373
1102,20.0,940,1.0729303359985352,,0.10862741526216269,-0.01935795322060585
1103,11.0,606,0.682823896408081,,0.08721455209888518,-0.04761216789484024
1104,5.0,525,0.5936307907104492,,0.12448562309145927,-0.0460781566798687
1105,9.0,530,0.5983626842498779,,0.09737389674410224,-0.025262612849473953
1106,15.0,945,1.0948729515075684,,0.08542917668819427,-0.024589814245700836
1107,5.0,487,0.5666103363037109,,0.11749254539608955,-0.03574513643980026
1108,10.0,669,0.7354631423950195,,0.08262241655029356,-0.051657017320394516
1109,11.0,713,0.8579165935516357,,0.07217594026587903,-0.052052512764930725
1110,22.0,976,1.0287294387817383,,0.10298359673470259,-0.0361708402633667
1111,18.0,1011,1.1454055309295654,,0.1403493396937847,-0.03335073962807655
1112,20.0,760,0.9085984230041504,,0.12666864274069667,-0.03882221132516861
1113,8.0,460,0.5391542911529541,,0.18831672007218003,-0.008205883204936981
1114,22.0,979,1.114288091659546,,0.09406880615279078,-0.0251203253865242
1115,6.0,566,0.6371114253997803,,0.18251312617212534,-0.018498986959457397
1116,18.0,963,1.0993988513946533,,0.10522181773558259,-0.03607062250375748
1117,25.0,1301,1.4131948947906494,,0.07894276129081845,-0.04211900383234024
1118,28.0,1222,1.4224421977996826,,0.15852681826800108,-0.022477436810731888
1119,20.0,1169,1.296903371810913,,0.07843397208489478,-0.0479046106338501
1120,3.0,437,0.5128138065338135,,0.10266233258880675,-0.043830156326293945
1121,9.0,833,0.8917157649993896,,0.11028795223683119,-0.03879052400588989
1122,11.0,641,0.8083963394165039,,0.13613978028297424,-0.031160201877355576
1123,13.0,924,0.9707126617431641,,0.09538284502923489,-0.030709192156791687
1124,4.0,421,0.49547386169433594,,0.0802696798928082,-0.03341365233063698
1125,16.0,832,0.9809708595275879,,0.057978804456070065,-0.04084031656384468
1126,21.0,945,1.0814235210418701,,0.05684785102494061,-0.06427588313817978
1127,22.0,990,1.1327502727508545,,0.07701189676299691,-0.03400638699531555
1128,11.0,641,0.7071328163146973,,0.137133558280766,-0.036564186215400696
1129,12.0,654,0.7233226299285889,,0.13719816179946065,-0.023550953716039658
1130,7.0,683,0.8392138481140137,,0.06082097836770117,-0.049105606973171234
1131,13.0,622,0.6900041103363037,,0.2095343447290361,0.008758224546909332
1132,6.0,497,0.5738186836242676,,0.13070786744356155,-0.031125299632549286
1133,12.0,637,0.7180254459381104,,0.059389946050941944,-0.04760252684354782
1134,19.0,988,1.1284000873565674,,0.07187098218128085,-0.04347850754857063
1135,10.0,608,0.6866326332092285,,0.11841021291911602,-0.050079140812158585
1136,9.0,526,0.5992021560668945,,0.05648967484012246,-0.049335505813360214
1137,14.0,606,0.675011157989502,,0.12934688851237297,-0.006471917033195496
1138,17.0,771,0.9237802028656006,,0.10701446468010545,-0.033845655620098114
1139,16.0,758,0.8227229118347168,,0.15829547215253115,-0.02729910984635353
1140,20.0,966,1.0996472835540771,,0.14487116690725088,-0.03585091978311539
1141,20.0,908,1.0420889854431152,,0.07681488222442567,-0.055289410054683685
1142,18.0,932,1.0598094463348389,,0.07164685218594968,-0.053745731711387634
1143,21.0,997,1.1407396793365479,,0.10401000501587987,-0.04006111994385719
1144,24.0,1080,1.2065129280090332,,0.11366322869434953,-0.025236573070287704
1145,20.0,990,1.1307222843170166,,0.10292144306004047,-0.04588466137647629
1146,8.0,604,0.6719257831573486,,0.17252866365015507,-0.04477020353078842
1147,8.0,548,0.6196174621582031,,0.1009334228001535,-0.024076711386442184
1148,15.0,595,0.6591403484344482,,0.11864277254790068,-0.027711283415555954
1149,14.0,699,0.8579347133636475,,0.12719612754881382,-0.013757660984992981
1150,8.0,673,0.737128496170044,,0.16187476180493832,-0.010834868997335434
1151,9.0,607,0.6770033836364746,,0.07459070021286607,-0.040999170392751694
1152,15.0,1022,1.1638131141662598,,0.06747551029548049,-0.06583871692419052
1153,10.0,709,0.775139331817627,,0.06960240192711353,-0.05458173155784607
1154,3.0,389,0.4655015468597412,,0.06077820737846196,-0.05494276434183121
1155,11.0,779,0.9167754650115967,,0.11552453506737947,-0.029358040541410446
1156,6.0,501,0.5723981857299805,,0.07697112439200282,-0.05819939449429512
1157,22.0,1039,1.1749939918518066,,0.07965462538413703,-0.04337743669748306
1158,6.0,645,0.7131547927856445,,0.12327645905315876,-0.04167690873146057
1159,4.0,499,0.5712919235229492,,0.06317195878364146,-0.05697617307305336
1160,21.0,896,1.0471224784851074,,0.06400678283534944,-0.04138955473899841
1161,4.0,474,0.543004035949707,,0.2049491461366415,-0.0012102946639060974
1162,18.0,1075,1.2023494243621826,,0.07299490156583488,-0.0428718701004982
1163,16.0,853,0.9141566753387451,,0.11318772239610553,-0.04733916372060776
1164,6.0,403,0.47991514205932617,,0.047944690799340606,-0.052899640053510666
1165,20.0,934,1.0735158920288086,,0.07255399134010077,-0.04249131307005882
1166,23.0,1279,1.4048609733581543,,0.0626991621684283,-0.04772794246673584
1167,16.0,843,0.9885666370391846,,0.13859760761260986,-0.03352361172437668
1168,20.0,789,0.93160080909729,,0.09090034570544958,-0.03341977298259735
1169,6.0,509,0.5866930484771729,,0.15907585248351097,-0.03991985321044922
1170,17.0,890,0.9417204856872559,,0.10942393587902188,-0.026046693325042725
1171,23.0,1163,1.366180181503296,,0.05250055599026382,-0.05493098497390747
1172,21.0,1028,1.159074306488037,,0.08105457993224263,-0.0356856994330883
1173,26.0,1199,1.3038759231567383,,0.07478045090101659,-0.03534423187375069
1174,28.0,1145,1.2641370296478271,,0.0477215894497931,-0.06904783844947815
1175,22.0,1005,1.1213219165802002,,0.15630879160016775,-0.02629604935646057
1176,7.0,535,0.596548318862915,,0.08797496999613941,-0.03811521828174591
1177,7.0,610,0.6662309169769287,,0.07309174374677241,-0.04884108901023865
1178,24.0,1067,1.289557695388794,,0.13870831951498985,-0.024018514901399612
1179,14.0,883,0.932661771774292,,0.10879903752356768,-0.03828011453151703
1180,26.0,1197,1.406348705291748,,0.13983148895204067,-0.041006624698638916
1181,27.0,1508,1.692084550857544,,0.1349050705321133,-0.0319579541683197
1182,17.0,943,0.9997873306274414,,0.07440474000759423,-0.03913099318742752
1183,15.0,1189,1.4054315090179443,,0.1285605109296739,-0.025918368250131607
1184,17.0,923,1.0633118152618408,,0.08993938891217113,-0.04251442849636078
1185,12.0,854,0.9189679622650146,,0.09764293162152171,-0.05465668812394142
1186,11.0,697,0.8440549373626709,,0.0826969260815531,-0.05135360360145569
1187,9.0,635,0.693791389465332,,0.12157455063425004,-0.03797309100627899
1188,4.0,434,0.5089974403381348,,0.1243622382171452,-0.025748521089553833
1189,7.0,693,0.7561607360839844,,0.10337318107485771,-0.04029041528701782
1190,12.0,685,0.7488539218902588,,0.09586379118263721,-0.01935739256441593
1191,18.0,885,1.0304045677185059,,0.08626240422017872,-0.05685612931847572
1192,6.0,553,0.6289312839508057,,0.15800730185583234,-0.0142412930727005
1193,16.0,799,0.9482889175415039,,0.04423163877800107,-0.0420655719935894
1194,16.0,934,1.0602755546569824,,0.08640552405267954,-0.037686653435230255
1195,13.0,691,0.7524425983428955,,0.07833758648484945,-0.04515060409903526
1196,18.0,987,1.1226859092712402,,0.0969834525603801,-0.05064496397972107
1197,18.0,914,1.0540037155151367,,0.10411559185013175,-0.04345744848251343
1198,16.0,875,0.9277055263519287,,0.13978601386770606,-0.02438100427389145
1199,23.0,1217,1.4228441715240479,,0.07200300437398255,-0.03376418724656105
1200,21.0,929,0.9673452377319336,,0.05140470201149583,-0.043162256479263306
1201,16.0,839,0.9935128688812256,,0.10922745149582624,-0.02979772537946701
1202,14.0,744,0.9032881259918213,,0.05460491729900241,-0.043095219880342484
1203,16.0,844,0.895388126373291,,0.1330368067137897,-0.030642107129096985
1204,13.0,817,0.9731137752532959,,0.08137128665111959,-0.04123568907380104
1205,7.0,517,0.5945661067962646,,0.08639155304990709,-0.04725858196616173
1206,21.0,990,1.121584415435791,,0.09753400925546885,-0.03814391791820526
1207,7.0,657,0.7255074977874756,,0.1887545632198453,-0.004888422787189484
1208,9.0,653,0.7182073593139648,,0.05493628955446184,-0.05577408894896507
1209,13.0,825,0.9757328033447266,,0.06423286721110344,-0.053822893649339676
1210,14.0,825,0.9674785137176514,,0.07111037522554398,-0.04242856428027153
1211,14.0,815,0.8767974376678467,,0.08162341336719692,-0.03619594871997833
1212,11.0,758,0.9049065113067627,,0.04009608644992113,-0.0495610274374485
1213,16.0,924,0.971278190612793,,0.15174908004701138,-0.025866545736789703
1214,15.0,652,0.8100025653839111,,0.08598524308763444,-0.04801400005817413
1215,10.0,737,0.7929837703704834,,0.11341857397928834,-0.03888486325740814
1216,13.0,836,0.9767763614654541,,0.05670172651298344,-0.05297515168786049
1217,11.0,820,0.8777470588684082,,0.04746431368403137,-0.05394693464040756
1218,14.0,809,0.9476423263549805,,0.04088821040932089,-0.0552196130156517
1219,12.0,829,0.9770228862762451,,0.043360930285416543,-0.06125180795788765
1220,21.0,1165,1.285923957824707,,0.06589493225328624,-0.0491330549120903
1221,20.0,923,1.0544278621673584,,0.10339553887024522,-0.02727692574262619
1222,26.0,1153,1.266228437423706,,0.08332562376745045,-0.051552578806877136
1223,25.0,1115,1.232633113861084,,0.09981330949813128,-0.04561247304081917
1224,11.0,642,0.7003512382507324,,0.1375903645530343,-0.035163938999176025
1225,11.0,703,0.8543851375579834,,0.12499489868059754,-0.031170383095741272
1226,13.0,858,0.9161286354064941,,0.07057050126604736,-0.05561339855194092
1227,7.0,590,0.7532908916473389,,0.07965536578558385,-0.04188334196805954
1228,13.0,799,0.8496880531311035,,0.06222899886779487,-0.0626005157828331
1229,16.0,918,1.0626094341278076,,0.07608910743147135,-0.04805005341768265
1230,17.0,939,1.0843868255615234,,0.09732387261465192,-0.03896862268447876
1231,17.0,998,1.1332216262817383,,0.07613528799265623,-0.047936975955963135
1232,11.0,649,0.7206361293792725,,0.09956866595894098,-0.04192231595516205
1233,18.0,1025,1.163804054260254,,0.06839682068675756,-0.04416698217391968
1234,12.0,843,0.9868736267089844,,0.055555765982717276,-0.05119621008634567
1235,9.0,659,0.7282273769378662,,0.09275686414912343,-0.058697063475847244
1236,20.0,1145,1.2758798599243164,,0.051315824734047055,-0.05970163643360138
1237,10.0,644,0.703310489654541,,0.10239219735376537,-0.051747679710388184
1238,7.0,549,0.6261441707611084,,0.0737360967323184,-0.06547864526510239
1239,15.0,868,1.0110337734222412,,0.07165263057686388,-0.04825123772025108
1240,19.0,1023,1.1455116271972656,,0.08575989934615791,-0.03920486569404602
1241,7.0,708,0.8642997741699219,,0.05260488763451576,-0.04270794987678528
1242,14.0,1095,1.2204022407531738,,0.08989448333159089,-0.04098057001829147
1243,18.0,1110,1.2333269119262695,,0.06304910150356591,-0.05696074292063713
1244,15.0,901,1.04461669921875,,0.06305424915626645,-0.05005742236971855
1245,20.0,1003,1.1422524452209473,,0.11067581409588456,-0.057695306837558746
1246,9.0,700,0.762258768081665,,0.11695325002074242,-0.0428302064538002
1247,14.0,924,1.064316987991333,,0.04323435830883682,-0.05333977937698364
1248,18.0,866,0.9172689914703369,,0.0999891203828156,-0.04518193006515503
1249,21.0,991,1.1274330615997314,,0.14270230429247022,-0.043178461492061615
1250,15.0,771,0.920224666595459,,0.13194910064339638,-0.03363834321498871
1251,5.0,673,0.7437355518341064,,0.13453248981386423,-0.03037523478269577
1252,19.0,1081,1.2102875709533691,,0.08557580458000302,-0.03961235284805298
1253,9.0,491,0.5673553943634033,,0.12449820898473263,-0.03378507122397423
1254,18.0,1022,1.1618061065673828,,0.0887337566819042,-0.043316710740327835
1255,16.0,737,0.8927454948425293,,0.05331249535083771,-0.06141556799411774
1256,15.0,894,0.9477055072784424,,0.1444040983915329,-0.02133452147245407
1257,15.0,879,1.0214755535125732,,0.09005165472626686,-0.04444051533937454
1258,8.0,565,0.6330580711364746,,0.07429021364077926,-0.048223577439785004
1259,32.0,1467,1.656851053237915,,0.08902197843417525,-0.05667000263929367
1260,20.0,1031,1.166348934173584,,0.052290150662884116,-0.05821622908115387
1261,24.0,1171,1.3007206916809082,,0.11493828287348151,-0.03432730957865715
1262,13.0,645,0.7961165904998779,,0.16153137618675828,-0.03440265730023384
1263,17.0,933,0.9760515689849854,,0.15284492960199714,-0.02354002743959427
1264,14.0,821,0.9675817489624023,,0.08231555996462703,-0.051561206579208374
1265,24.0,1131,1.2543165683746338,,0.11061094561591744,-0.045864179730415344
1266,18.0,1021,1.1453967094421387,,0.06939911050722003,-0.06275640428066254
1267,17.0,717,0.8664796352386475,,0.07499928888864815,-0.05905451625585556
1268,17.0,907,0.9504520893096924,,0.11824259534478188,-0.031178519129753113
1269,7.0,526,0.5898613929748535,,0.10806029802188277,-0.04445522278547287
1270,18.0,904,1.049851417541504,,0.10334618203341961,-0.029226329177618027
1271,13.0,817,0.9665470123291016,,0.1188764669932425,-0.04080067574977875
1272,23.0,977,1.1075859069824219,,0.09005815023556352,-0.034377798438072205
1273,21.0,1038,1.1796164512634277,,0.12622552504763007,-0.023963667452335358
1274,15.0,839,0.8919401168823242,,0.07670354237779975,-0.06500484049320221
1275,20.0,893,1.0329303741455078,,0.08887343038804829,-0.053746119141578674
1276,7.0,638,0.7029762268066406,,0.07667923136614263,-0.03141206130385399
1277,12.0,689,0.8452489376068115,,0.14589778380468488,-0.044303569942712784
1278,14.0,937,1.0683722496032715,,0.10657067317515612,-0.02818828448653221
1279,7.0,586,0.64949631690979,,0.09096528310328722,-0.04112941026687622
1280,12.0,679,0.735417366027832,,0.09002536674961448,-0.03346734493970871
1281,20.0,1036,1.1635229587554932,,0.07421660027466714,-0.059269338846206665
1282,20.0,1029,1.1600534915924072,,0.12133786967024207,-0.03836999833583832
1283,14.0,857,0.9891233444213867,,0.14362138602882624,-0.029405929148197174
1284,22.0,917,1.0529637336730957,,0.1232198141515255,-0.019384555518627167
1285,20.0,882,0.9333627223968506,,0.09427903546020389,-0.0500963032245636
1286,14.0,1076,1.2195115089416504,,0.07393900258466601,-0.05408362299203873
1287,25.0,1183,1.3974931240081787,,0.11296399543061852,-0.03451492637395859
1288,18.0,1033,1.1625630855560303,,0.06061974028125405,-0.04752784222364426
1289,17.0,815,0.8690192699432373,,0.06346742017194629,-0.06467819213867188
1290,16.0,986,1.1280364990234375,,0.1067869202233851,-0.04858892783522606
1291,17.0,1055,1.1892614364624023,,0.08441303367726505,-0.04315069317817688
1292,14.0,851,1.008885145187378,,0.10684875072911382,-0.04019692912697792
1293,10.0,693,0.7681341171264648,,0.09860189771279693,-0.04975506290793419
1294,17.0,861,1.0034830570220947,,0.09976663766428828,-0.037123870104551315
1295,9.0,627,0.6930091381072998,,0.12234494462609291,-0.024678800255060196
1296,17.0,869,1.0070157051086426,,0.0895079281181097,-0.043934546411037445
1297,22.0,931,1.0645272731781006,,0.09305533254519105,-0.042638782411813736
1298,9.0,635,0.7021784782409668,,0.14213931653648615,-0.02745266631245613
1299,3.0,397,0.4850294589996338,,0.10944696888327599,-0.027371175587177277
1300,23.0,976,1.1163268089294434,,0.10562576167285442,-0.04046257585287094
1301,11.0,631,0.6956882476806641,,0.18272474454715848,-0.008718747645616531
1302,15.0,806,0.8669648170471191,,0.129136654548347,-0.024762094020843506
1303,11.0,531,0.600013256072998,,0.10313759231939912,-0.042516980320215225
1304,18.0,846,0.9993362426757812,,0.13479063706472516,-0.011782929301261902
1305,11.0,633,0.6957879066467285,,0.09278686298057437,-0.059874773025512695
1306,25.0,1217,1.4116568565368652,,0.10013732174411416,-0.047305844724178314
1307,14.0,916,1.0650770664215088,,0.09591082250699401,-0.026197560131549835
1308,13.0,805,0.8524551391601562,,0.15688932035118341,-0.01838141307234764
1309,17.0,765,0.9064574241638184,,0.1828784141689539,-0.002193048596382141
1310,16.0,651,0.7102651596069336,,0.0972089075949043,-0.04484066367149353
1311,16.0,809,0.8627414703369141,,0.072176871355623,-0.05638054385781288
1312,23.0,1114,1.3257803916931152,,0.11587103642523289,-0.02896643429994583
1313,14.0,661,0.7251744270324707,,0.1508318865671754,-0.03508912771940231
1314,16.0,933,1.0663816928863525,,0.08285278640687466,-0.04173392802476883
1315,27.0,1250,1.3814160823822021,,0.07294924254529178,-0.052311524748802185
1316,7.0,549,0.6195831298828125,,0.1885690400376916,-0.01344059407711029
1317,11.0,989,1.1149799823760986,,0.14224994322285056,-0.033959612250328064
1318,24.0,1202,1.4066169261932373,,0.11349383369088173,-0.0408792681992054
1319,14.0,754,0.8057568073272705,,0.12084849271923304,-0.030317850410938263
1320,10.0,499,0.5707666873931885,,0.09658278711140156,-0.02764943614602089
1321,21.0,1049,1.177306890487671,,0.1299725673161447,-0.021586090326309204
1322,23.0,1108,1.2371983528137207,,0.07291583251208067,-0.05382675677537918
1323,5.0,426,0.5063023567199707,,0.09358154842630029,-0.04910937696695328
1324,13.0,877,1.015139102935791,,0.09402837115339935,-0.040931135416030884
1325,11.0,544,0.6110818386077881,,0.15129235060885549,-0.02023392915725708
1326,21.0,1033,1.158287525177002,,0.08450831891968846,-0.04941916465759277
1327,15.0,780,0.8388447761535645,,0.10733532905578613,-0.025696560740470886
1328,23.0,1236,1.443988561630249,,0.08070472115650773,-0.048039015382528305
1329,20.0,923,1.067657709121704,,0.06027981941588223,-0.05678212642669678
1330,7.0,439,0.4198496341705322,,0.06027981941588223,-0.05678212642669678
1331,6.0,431,0.5158462524414062,,0.1097391969524324,-0.05149290710687637
1332,17.0,944,1.079322338104248,,0.058543286519125104,-0.040365129709243774
1333,15.0,747,0.9020016193389893,,0.05208355584181845,-0.06764001399278641
1334,6.0,487,0.5598258972167969,,0.1758959353901446,-0.023475781083106995
1335,4.0,464,0.44449639320373535,,0.1758959353901446,-0.023475781083106995
1336,25.0,1299,1.4998750686645508,,0.0886699864640832,-0.03974822163581848
1337,14.0,785,0.8537726402282715,,0.09965111268684268,-0.048924267292022705
1338,25.0,1247,1.4458403587341309,,0.061941634863615036,-0.05970321595668793
1339,19.0,1030,1.1573398113250732,,0.11177298007532954,-0.025620367377996445
1340,18.0,919,1.066406011581421,,0.047938184812664986,-0.06579926609992981
1341,8.0,485,0.5612924098968506,,0.08249823516234756,-0.058046095073223114
1342,18.0,916,0.9657554626464844,,0.08425625134259462,-0.05426044762134552
1343,13.0,615,0.7879436016082764,,0.10010830406099558,-0.04982931166887283
1344,17.0,943,1.084524393081665,,0.12832861999049783,-0.020786546170711517
1345,13.0,946,1.005143642425537,,0.12116141011938453,-0.04093341529369354
1346,20.0,1067,1.1970891952514648,,0.12528044753707945,-0.029440395534038544
1347,12.0,697,0.8523285388946533,,0.08044723933562636,-0.04799015074968338
1348,7.0,619,0.6866796016693115,,0.10921933315694332,-0.060220517218112946
1349,15.0,826,0.9631741046905518,,0.10385460499674082,-0.04029553011059761
1350,13.0,849,0.9008433818817139,,0.09696629969403148,-0.06089428439736366
1351,4.0,487,0.5552418231964111,,0.0720974754076451,-0.049034737050533295
1352,19.0,917,1.0546705722808838,,0.12415205361321568,-0.03149980306625366
1353,14.0,843,0.9884953498840332,,0.05827175173908472,-0.05118006467819214
1354,21.0,924,0.9701714515686035,,0.08882286120206118,-0.043970271944999695
1355,18.0,884,1.0269484519958496,,0.097048778552562,-0.04611118510365486
1356,2.0,479,0.5440998077392578,,0.0861718743108213,-0.05007080361247063
1357,9.0,695,0.7567760944366455,,0.06412735162302852,-0.06020745262503624
1358,14.0,669,0.82352614402771,,0.13284376775845885,-0.018855497241020203
1359,11.0,703,0.7747313976287842,,0.09421609900891781,-0.0428648367524147
1360,7.0,480,0.5547773838043213,,0.05948942736722529,-0.07142023742198944
1361,21.0,1008,1.1329145431518555,,0.07405839371494949,-0.0651751160621643
1362,19.0,1014,1.1472465991973877,,0.08867005817592144,-0.04307994246482849
1363,21.0,961,1.0960314273834229,,0.06986869662068784,-0.05264768376946449
1364,18.0,881,1.0220391750335693,,0.0895606460981071,-0.05594940111041069
1365,18.0,1066,1.194718360900879,,0.06921412469819188,-0.045788127928972244
1366,9.0,629,0.6936764717102051,,0.09814304509200156,-0.04097723215818405
1367,15.0,746,0.8000121116638184,,0.06723186746239662,-0.04615619033575058
1368,13.0,777,0.9250502586364746,,0.10196376428939402,-0.035971499979496
1369,13.0,905,1.0399174690246582,,0.09129116497933865,-0.03639226406812668
1370,14.0,817,0.8732316493988037,,0.11472223559394479,-0.0324273519217968
1371,5.0,505,0.574007511138916,,0.058525263564661145,-0.054426565766334534
1372,6.0,575,0.6594555377960205,,0.10927591007202864,-0.05664391070604324
1373,19.0,1086,1.3029248714447021,,0.08843586686998606,-0.02764700911939144
1374,4.0,550,0.615821361541748,,0.10438228957355022,-0.04913151264190674
1375,4.0,561,0.6306412220001221,,0.060338683892041445,-0.04966985806822777
1376,6.0,534,0.6123812198638916,,0.08842258458025753,-0.03316190466284752
1377,16.0,1029,1.1747567653656006,,0.07124624284915626,-0.04871740937232971
1378,16.0,1100,1.2436940670013428,,0.050760745303705335,-0.046440377831459045
1379,9.0,593,0.6615800857543945,,0.10380978602916002,-0.037649400532245636
1380,18.0,1091,1.2134132385253906,,0.11658675456419587,-0.029547467827796936
1381,13.0,759,0.908165693283081,,0.037314255139790475,-0.06042110547423363
1382,7.0,603,0.676105260848999,,0.05445615481585264,-0.05334530770778656
1383,20.0,1336,1.4519028663635254,,0.0847746932413429,-0.03905097767710686
1384,17.0,749,0.9117658138275146,,0.043451575795188546,-0.059954237192869186
1385,6.0,469,0.5451228618621826,,0.23642917722463608,-0.012396790087223053
1386,16.0,766,0.8190553188323975,,0.052915910026058555,-0.057516857981681824
1387,17.0,963,1.096853256225586,,0.11135833663865924,-0.05169141665101051
1388,13.0,801,0.9544072151184082,,0.08204496931284666,-0.06163552775979042
1389,19.0,1074,1.2051360607147217,,0.08870331291109324,-0.047446250915527344
1390,15.0,761,0.8217105865478516,,0.07450431236065924,-0.06227216124534607
1391,12.0,610,0.7746381759643555,,0.06643227697350085,-0.05336317792534828
1392,14.0,628,0.689072847366333,,0.06351214135065675,-0.05533610284328461
1393,7.0,543,0.617739200592041,,0.07059740601107478,-0.04812638834118843
1394,13.0,751,0.8199257850646973,,0.07471197401173413,-0.055496685206890106
1395,18.0,685,0.8526995182037354,,0.08315695356577635,-0.030266456305980682
1396,7.0,544,0.6124374866485596,,0.14769009733572602,-0.017172008752822876
1397,5.0,433,0.5096807479858398,,0.08891320368275046,-0.04586314409971237
1398,15.0,848,0.8993737697601318,,0.07643655687570572,-0.048112090677022934
1399,15.0,795,0.9552230834960938,,0.05342331831343472,-0.07368816435337067
1400,14.0,935,1.0836684703826904,,0.11004952061921358,-0.04700043797492981
1401,21.0,1149,1.2710108757019043,,0.09457346191629767,-0.03451947122812271
1402,19.0,1019,1.1499593257904053,,0.08728241082280874,-0.03702859207987785
1403,14.0,693,0.7655014991760254,,0.06646899715997279,-0.05750063806772232
1404,11.0,618,0.6792244911193848,,0.06678161607123911,-0.032480910420417786
1405,23.0,1033,1.1611714363098145,,0.12366179330274463,-0.0327279157936573
1406,15.0,793,0.9324193000793457,,0.03237150877248496,-0.08135190606117249
1407,10.0,563,0.6310698986053467,,0.09347896790131927,-0.04914483428001404
1408,14.0,801,0.9536867141723633,,0.0670525855384767,-0.05008946731686592
1409,15.0,788,0.8409202098846436,,0.10952149331569672,-0.052391041070222855
1410,18.0,861,0.9975259304046631,,0.07709306804463267,-0.047458842396736145
1411,22.0,1102,1.2373161315917969,,0.10346294427290559,-0.03964082896709442
1412,20.0,1078,1.1947813034057617,,0.06872290302999318,-0.0435507595539093
1413,26.0,881,1.0103509426116943,,0.07147504412569106,-0.0674920380115509
1414,4.0,375,0.46210265159606934,,0.18207754381000996,-0.016606442630290985
1415,15.0,819,0.8667731285095215,,0.09088570531457663,-0.03130384162068367
1416,20.0,913,1.0486187934875488,,0.0859518377110362,-0.0523175410926342
1417,24.0,1101,1.225600004196167,,0.08076189854182303,-0.04752141237258911
1418,11.0,557,0.6174945831298828,,0.16565750585868955,-0.03076241910457611
1419,22.0,1005,1.1261274814605713,,0.10880687786266208,-0.03299601376056671
1420,12.0,651,0.7293341159820557,,0.07248929468914866,-0.06450837105512619
1421,7.0,495,0.5637223720550537,,0.11771292705088854,-0.03890308737754822
1422,13.0,673,0.8309605121612549,,0.11614509718492627,-0.041551023721694946
1423,19.0,885,0.9392588138580322,,0.1230096286162734,-0.020335469394922256
1424,21.0,936,1.0856657028198242,,0.09827290871180594,-0.049106478691101074
1425,6.0,507,0.5732324123382568,,0.07377215451560915,-0.047315970063209534
1426,4.0,397,0.47263288497924805,,0.1176446913741529,-0.04804373160004616
1427,11.0,619,0.6848649978637695,,0.1451076935045421,-0.026074104011058807
1428,10.0,596,0.6661932468414307,,0.16927057411521673,-0.0023762360215187073
1429,15.0,727,0.879335880279541,,0.09538720594719052,-0.06287878751754761
1430,12.0,552,0.6248106956481934,,0.06128684594295919,-0.054008036851882935
1431,23.0,1046,1.182300329208374,,0.052721787709742785,-0.06536388397216797
1432,7.0,507,0.5795156955718994,,0.09814327256754041,-0.06113625690340996
1433,13.0,707,0.7654542922973633,,0.0727087170816958,-0.057632721960544586
1434,9.0,582,0.6630420684814453,,0.149362089112401,-0.027929700911045074
1435,16.0,815,0.9611425399780273,,0.0792405647225678,-0.050409041345119476
1436,12.0,657,0.7209975719451904,,0.05842175963334739,-0.06367072463035583
1437,14.0,780,0.9251971244812012,,0.12525767786428332,-0.039966434240341187
1438,10.0,605,0.6792590618133545,,0.11102967662736773,-0.03251997381448746
1439,7.0,437,0.5053999423980713,,0.06927492446266115,-0.04915999621152878
1440,12.0,607,0.6751246452331543,,0.06601488683372736,-0.05193032696843147
1441,22.0,1255,1.4670050144195557,,0.10757603286765516,-0.04303351044654846
1442,21.0,901,0.9498951435089111,,0.1659894515760243,-0.03198239952325821
1443,14.0,796,0.950432300567627,,0.0573330894112587,-0.0654096007347107
1444,18.0,859,1.0184016227722168,,0.06746638123877347,-0.05791403353214264
1445,20.0,1067,1.1929712295532227,,0.09474811144173145,-0.038503728806972504
1446,9.0,575,0.6489691734313965,,0.06338817067444324,-0.055994387716054916
1447,16.0,783,0.8563046455383301,,0.07870076084509492,-0.03488627076148987
1448,6.0,517,0.5872960090637207,,0.07359959674067795,-0.056752245873212814
1449,20.0,885,1.021294355392456,,0.14947353675961494,-0.01382756233215332
1450,20.0,1379,1.5641417503356934,,0.11142320418730378,-0.04422657564282417
1451,10.0,647,0.7174355983734131,,0.06594162597320974,-0.06345129013061523
1452,20.0,909,1.0485498905181885,,0.07787633314728737,-0.031206635758280754
1453,11.0,863,0.925438642501831,,0.15951991779729724,-0.019792504608631134
1454,12.0,615,0.7726650238037109,,0.13944947253912687,-0.022956594824790955
1455,21.0,1074,1.2017087936401367,,0.07044394174590707,-0.05618579685688019
1456,16.0,761,0.8194859027862549,,0.10110648768022656,-0.057732973247766495
1457,12.0,795,0.9469678401947021,,0.07877825596369803,-0.05175906419754028
1458,11.0,825,0.8842380046844482,,0.09250346571207047,-0.04837629199028015
1459,11.0,808,0.9584269523620605,,0.06377079919911921,-0.04362191632390022
1460,8.0,644,0.7133889198303223,,0.06176420743577182,-0.05203251540660858
1461,26.0,1332,1.5181517601013184,,0.05768718454055488,-0.058429062366485596
1462,17.0,867,0.9143126010894775,,0.13635561475530267,-0.04584028571844101
1463,24.0,1394,1.5820825099945068,,0.07932636397890747,-0.04530167207121849
1464,11.0,518,0.5775268077850342,,0.13312098989263177,-0.02803417295217514
1465,10.0,655,0.7117047309875488,,0.0394608702044934,-0.08429266512393951
1466,15.0,855,1.0127601623535156,,0.11854409100487828,-0.0335857979953289
1467,24.0,1263,1.4673378467559814,,0.12054477678611875,-0.0337841771543026
1468,19.0,1074,1.2058937549591064,,0.0739336907863617,-0.06038894131779671
1469,10.0,721,0.7859485149383545,,0.11674671759828925,-0.044336285442113876
1470,4.0,529,0.5997397899627686,,0.08426549565047026,-0.03952912613749504
1471,24.0,1227,1.439831018447876,,0.15845002001151443,-0.012574266642332077
1472,25.0,1220,1.3337876796722412,,0.15528557356446981,-0.022902578115463257
1473,19.0,1087,1.2095279693603516,,0.09620417794212699,-0.04512275010347366
1474,21.0,1003,1.1379303932189941,,0.05186715617310256,-0.06357219815254211
1475,13.0,801,0.9477760791778564,,0.07890335097908974,-0.04862505570054054
1476,9.0,796,0.8577375411987305,,0.08828433253802359,-0.04168768599629402
1477,15.0,762,0.9197826385498047,,0.11927639553323388,-0.02841513231396675
1478,15.0,685,0.742987871170044,,0.11146374046802521,-0.03971817344427109
1479,10.0,615,0.6849277019500732,,0.12490013055503368,-0.04553545266389847
1480,22.0,965,1.0991325378417969,,0.09519866551272571,-0.04432313144207001
1481,18.0,1315,1.5184953212738037,,0.10013813711702824,-0.04877268150448799
1482,14.0,927,0.9775152206420898,,0.09196536289528012,-0.03505764156579971
1483,12.0,799,0.9432647228240967,,0.08054025424644351,-0.038411688059568405
1484,14.0,813,0.9516222476959229,,0.047078209929168224,-0.06348484009504318
1485,10.0,643,0.7068688869476318,,0.06886642961762846,-0.04662628471851349
1486,27.0,1070,1.1882753372192383,,0.09980538534000516,-0.03437409549951553
1487,9.0,652,0.7120611667633057,,0.1153089264407754,-0.02161639928817749
1488,12.0,807,0.9626195430755615,,0.15364228375256062,-0.018378321081399918
1489,5.0,441,0.517716646194458,,0.09747393475845456,-0.022072874009609222
1490,18.0,1039,1.1686184406280518,,0.09491251688450575,-0.03716139495372772
1491,7.0,652,0.7186541557312012,,0.04762705089524388,-0.07202035188674927
1492,4.0,441,0.5166811943054199,,0.05850250949151814,-0.044914789497852325
1493,10.0,659,0.7295269966125488,,0.09300352726131678,-0.04561452567577362
1494,24.0,1281,1.4793291091918945,,0.1102789556607604,-0.035271719098091125
1495,14.0,971,1.0186610221862793,,0.043342266930267215,-0.05890747159719467
1496,4.0,520,0.6787469387054443,,0.04726474406197667,-0.05366680026054382
1497,15.0,815,0.877133846282959,,0.0749748689122498,-0.029599200934171677
1498,11.0,803,0.9550466537475586,,0.1119870743714273,-0.027454055845737457
1499,20.0,955,1.0871813297271729,,0.11876977467909455,-0.02449910342693329
1500,5.0,456,0.43596601486206055,,0.11876977467909455,-0.02449910342693329
1501,17.0,1059,1.192655324935913,,0.10147618525661528,-0.0354728102684021
1502,16.0,1120,1.3244826793670654,,0.08470886060968041,-0.03945396468043327
1503,10.0,627,0.68985915184021,,0.0686212268192321,-0.07299364358186722
1504,14.0,643,0.7087907791137695,,0.09045403567142785,-0.03308253735303879
1505,8.0,494,0.5714390277862549,,0.07718908158130944,-0.029367323964834213
1506,5.0,515,0.5828158855438232,,0.14847879856824875,-0.008935119956731796
1507,13.0,991,1.1263608932495117,,0.07812612899579108,-0.02568625845015049
1508,8.0,501,0.5754470825195312,,0.0516417280305177,-0.05091867968440056
1509,15.0,1169,1.2985191345214844,,0.05093864141963422,-0.04542014002799988
1510,22.0,1503,1.700181007385254,,0.06854173354804516,-0.05787988752126694
1511,6.0,541,0.6138784885406494,,0.057671614456921816,-0.06787794828414917
1512,5.0,513,0.585120677947998,,0.024844407627824694,-0.0657723993062973
1513,6.0,571,0.6377897262573242,,0.05625462764874101,-0.059083543717861176
1514,14.0,710,0.8700764179229736,,0.1303445124067366,-0.023761238902807236
1515,20.0,1055,1.1893644332885742,,0.0642014283221215,-0.04448800906538963
1516,12.0,675,0.732537031173706,,0.08523287530988455,-0.05547001212835312
1517,9.0,594,0.6601302623748779,,0.03998515289276838,-0.07137943059206009
1518,11.0,804,0.9638524055480957,,0.09761228738352656,-0.04412881284952164
1519,4.0,374,0.4529151916503906,,0.09664722951129079,-0.04781164973974228
1520,16.0,851,0.9032430648803711,,0.06703132833354175,-0.05864231288433075
1521,13.0,796,0.9434900283813477,,0.08232592698186636,-0.04704013466835022
1522,19.0,1072,1.2038257122039795,,0.1102436538785696,-0.04636385664343834
1523,16.0,774,0.8319671154022217,,0.06731329415924847,-0.05922718718647957
1524,18.0,858,1.0018925666809082,,0.08010902628302574,-0.04982142895460129
1525,19.0,785,0.9451336860656738,,0.07426749123260379,-0.05423472449183464
1526,15.0,741,0.7974667549133301,,0.09806517930701375,-0.04568914324045181
1527,20.0,1052,1.1822926998138428,,0.09145164722576737,-0.050881147384643555
1528,12.0,575,0.639207124710083,,0.09661697270348668,-0.048882268369197845
1529,12.0,782,0.9286003112792969,,0.07624611840583384,-0.0557558536529541
1530,5.0,417,0.4935777187347412,,0.057948648231104016,-0.05212385207414627
1531,6.0,443,0.5159397125244141,,0.08669415721669793,-0.025848835706710815
1532,10.0,644,0.7128622531890869,,0.07499445881694555,-0.04801115021109581
1533,8.0,673,0.7438309192657471,,0.0901143616065383,-0.05748588591814041
1534,17.0,951,1.0808382034301758,,0.07802991382777691,-0.03517480194568634
1535,14.0,581,0.6487131118774414,,0.07240794063545763,-0.050437621772289276
1536,23.0,1084,1.2109532356262207,,0.14467292558401823,-0.026891235262155533
1537,8.0,636,0.694936990737915,,0.11856321152299643,-0.036441124975681305
1538,15.0,763,0.9084842205047607,,0.10516100144013762,-0.0315718799829483
1539,5.0,403,0.4958662986755371,,0.07616382604464889,-0.04551266133785248
1540,12.0,498,0.5756561756134033,,0.055912968004122376,-0.06430240720510483
1541,12.0,684,0.7492961883544922,,0.08032386214472353,-0.03871746361255646
1542,10.0,601,0.663865327835083,,0.08122733561322093,-0.044375285506248474
1543,20.0,969,1.095442533493042,,0.08104529837146401,-0.045838363468647
1544,15.0,712,0.7699272632598877,,0.07482938771136105,-0.057940833270549774
1545,11.0,565,0.7273075580596924,,0.12265143729746342,-0.03860997408628464
1546,22.0,978,1.1186602115631104,,0.08592068706639111,-0.04051647335290909
1547,14.0,699,0.7598707675933838,,0.11755794519558549,-0.03796003758907318
1548,19.0,937,1.072289228439331,,0.11088994424790144,-0.035804349929094315
1549,22.0,1156,1.2854211330413818,,0.0766842090524733,-0.05484097823500633
1550,6.0,487,0.5572681427001953,,0.08778980397619307,-0.059438273310661316
1551,23.0,1031,1.1626002788543701,,0.14162036450579762,0.004829559475183487
1552,9.0,544,0.6168239116668701,,0.13703038170933723,-0.030369676649570465
1553,25.0,1176,1.2866523265838623,,0.10904170386493206,-0.03393414244055748
1554,19.0,903,1.0265965461730957,,0.07336069690063596,-0.08159017562866211
1555,11.0,647,0.7083687782287598,,0.08477633353322744,-0.04855789244174957
1556,5.0,481,0.5522990226745605,,0.06452336814254522,-0.0825301855802536
1557,15.0,699,0.8539831638336182,,0.1454931446351111,-0.024560853838920593
1558,4.0,445,0.42818164825439453,,0.1454931446351111,-0.024560853838920593
1559,17.0,773,0.9228134155273438,,0.13241455424576998,-0.018114354461431503
1560,19.0,927,1.0658810138702393,,0.05622876877896488,-0.0645906999707222
1561,12.0,645,0.7108447551727295,,0.17805540328845382,-0.027235470712184906
1562,23.0,883,1.0171897411346436,,0.09508728748187423,-0.046738915145397186
1563,21.0,872,0.9305965900421143,,0.2105559976771474,-0.002629987895488739
1564,24.0,872,1.0090782642364502,,0.1451365053653717,-0.02998964861035347
1565,16.0,746,0.8962607383728027,,0.12157736206427217,-0.05106683447957039
1566,5.0,489,0.5624387264251709,,0.1606885395012796,-0.022232674062252045
1567,23.0,1086,1.2170159816741943,,0.16461742296814919,-0.027910061180591583
1568,27.0,1229,1.3432579040527344,,0.05760985123924911,-0.052997149527072906
1569,5.0,503,0.5762255191802979,,0.1328139714896679,-0.04174523055553436
1570,10.0,699,0.7643988132476807,,0.11275279242545366,-0.05969463661313057
1571,16.0,972,1.106961965560913,,0.15341021306812763,-0.017092905938625336
1572,25.0,934,1.0704119205474854,,0.12210572231560946,-0.03945877403020859
1573,6.0,507,0.5745081901550293,,0.113559810211882,-0.03594154864549637
1574,23.0,915,1.0558538436889648,,0.09972831327468157,-0.030842110514640808
1575,12.0,785,0.9319469928741455,,0.09450213192030787,-0.05192919820547104
1576,27.0,1087,1.2157313823699951,,0.10185907315462828,-0.03289736807346344
1577,16.0,912,0.9578430652618408,,0.12497173063457012,-0.04210769385099411
1578,9.0,539,0.6049966812133789,,0.05706496490165591,-0.05681491643190384
1579,4.0,512,0.5821137428283691,,0.1347387949936092,-0.04235776886343956
1580,18.0,819,0.971369743347168,,0.12591800186783075,-0.01722288504242897
1581,22.0,932,1.070707082748413,,0.08710057311691344,-0.04987733066082001
1582,20.0,813,0.8667736053466797,,0.2083615348674357,-0.014301333576440811
1583,18.0,905,1.046715259552002,,0.14456958323717117,-0.04538225382566452
1584,27.0,1135,1.2750513553619385,,0.11100378027185798,-0.06548458337783813
1585,20.0,891,1.0347414016723633,,0.1470082700252533,-0.0433027520775795
1586,17.0,676,0.8282227516174316,,0.10638279188424349,-0.07292117178440094
1587,15.0,713,0.7691774368286133,,0.13343464769423008,-0.03762800246477127
1588,24.0,1120,1.2568011283874512,,0.09296170552261174,-0.042146407067775726
1589,20.0,844,0.9852607250213623,,0.08591622370295227,-0.07649783045053482
1590,7.0,503,0.5841472148895264,,0.12092100456357002,-0.039299458265304565
1591,7.0,481,0.5580646991729736,,0.11000818805769086,-0.04287077113986015
1592,20.0,829,0.8766422271728516,,0.08226616261526942,-0.03412840515375137
1593,14.0,665,0.8171648979187012,,0.13388899946585298,-0.0451727956533432
1594,16.0,731,0.7919273376464844,,0.0910250679589808,-0.04265187308192253
1595,20.0,890,1.0325160026550293,,0.09716535918414593,-0.049208495765924454
1596,20.0,986,1.1157567501068115,,0.09250657283701003,-0.04391047731041908
1597,20.0,918,0.9644322395324707,,0.07588711031712592,-0.07169567048549652
1598,20.0,917,1.052900791168213,,0.09755300777032971,-0.054748259484767914
1599,18.0,738,0.8953151702880859,,0.15850017638877034,-0.030907586216926575
1600,17.0,773,0.8267292976379395,,0.1150398119352758,-0.04100790619850159
1601,9.0,551,0.6114342212677002,,0.08878440735861659,-0.03995796665549278
1602,17.0,598,0.6605539321899414,,0.12793618347495794,-0.03997031971812248
1603,15.0,747,0.8941209316253662,,0.12855896446853876,-0.03441258892416954
1604,10.0,559,0.6306929588317871,,0.14264556393027306,-0.03157268837094307
1605,22.0,945,1.0721015930175781,,0.10788392694666982,-0.030727043747901917
1606,20.0,783,0.8410134315490723,,0.17745912726968527,-0.037013404071331024
1607,16.0,758,0.9049806594848633,,0.15666888747364283,-0.029082734137773514
1608,19.0,743,0.8023746013641357,,0.10271848551928997,-0.045641057193279266
1609,5.0,501,0.5668473243713379,,0.10129590192809701,-0.05541718751192093
1610,14.0,710,0.8558933734893799,,0.11909635551273823,-0.0240086168050766
1611,17.0,583,0.6488094329833984,,0.11682678386569023,-0.0350981280207634
1612,18.0,867,1.0036625862121582,,0.11777312541380525,-0.052209511399269104
1613,4.0,524,0.6027989387512207,,0.11733599472790956,-0.05058656260371208
1614,11.0,521,0.5872819423675537,,0.14292090106755495,-0.023654408752918243
1615,2.0,423,0.40413665771484375,,0.14292090106755495,-0.023654408752918243
1616,15.0,644,0.8029155731201172,,0.17174208583310246,-0.0058287158608436584
1617,11.0,467,0.5407252311706543,,0.09602221171371639,-0.0519925020635128
1618,8.0,507,0.5861225128173828,,0.10947891604155302,-0.028188660740852356
1619,9.0,479,0.4596247673034668,,0.10947891604155302,-0.028188660740852356
1620,19.0,933,1.0697221755981445,,0.08546410501003265,-0.04173826053738594
1621,4.0,402,0.4769134521484375,,0.11141595058143139,-0.030190739780664444
1622,15.0,783,0.926910400390625,,0.11304207053035498,-0.03059712052345276
1623,19.0,915,0.9560520648956299,,0.09849754953756928,-0.052071355283260345
1624,17.0,889,1.0229969024658203,,0.08943474618718028,-0.06728428602218628
1625,17.0,860,0.9937324523925781,,0.11954507511109114,-0.061519913375377655
1626,12.0,473,0.5563886165618896,,0.0994307529181242,-0.049661457538604736
1627,19.0,1023,1.1735625267028809,,0.1172585878521204,-0.046782251447439194
1628,4.0,351,0.33537769317626953,,0.1172585878521204,-0.046782251447439194
1629,19.0,899,1.0411417484283447,,0.11793698463588953,-0.039194487035274506
1630,18.0,831,0.9795973300933838,,0.08558788779191673,-0.06211388111114502
1631,19.0,769,0.8328289985656738,,0.14930935017764568,-0.03972385451197624
1632,16.0,868,1.0121359825134277,,0.1869629006832838,-0.003356717526912689
1633,22.0,902,1.0406477451324463,,0.05532142147421837,-0.0627850592136383
1634,12.0,521,0.5975677967071533,,0.11980921495705843,-0.03932030126452446
1635,18.0,862,0.9094376564025879,,0.07828743709251285,-0.05597929283976555
1636,11.0,703,0.8612229824066162,,0.11064515123143792,-0.04792195186018944
1637,17.0,801,0.8532364368438721,,0.09292486193589866,-0.04387256130576134
1638,9.0,491,0.5615031719207764,,0.1317011727951467,-0.02035023272037506
1639,18.0,753,0.8928885459899902,,0.0807493207976222,-0.05027278512716293
1640,11.0,617,0.6905698776245117,,0.16298148315399885,-0.020044025033712387
1641,10.0,519,0.5883688926696777,,0.07327405852265656,-0.05306035652756691
1642,17.0,874,1.0150325298309326,,0.13182685105130076,-0.05430110543966293
1643,14.0,663,0.7313625812530518,,0.10798410791903734,-0.043275266885757446
1644,21.0,892,1.016470193862915,,0.11551834084093571,-0.03561953455209732
1645,21.0,916,1.0553429126739502,,0.07554557081311941,-0.08469102531671524
1646,6.0,433,0.4116554260253906,,0.07554557081311941,-0.08469102531671524
1647,13.0,552,0.7186610698699951,,0.1507155317813158,-0.03452516347169876
1648,7.0,472,0.4486556053161621,,0.1507155317813158,-0.03452516347169876
1649,2.0,352,0.4285423755645752,,0.11908211838454008,-0.036056071519851685
1650,16.0,662,0.725409984588623,,0.31005091313272715,0.05302226543426514
1651,21.0,997,1.1338410377502441,,0.07967292331159115,-0.05350901558995247
1652,4.0,501,0.5687172412872314,,0.0952699282206595,-0.05964608117938042
1653,5.0,583,0.6481940746307373,,0.08004147512838244,-0.07654780149459839
1654,14.0,581,0.7330100536346436,,0.2278212928213179,-0.007804706692695618
1655,10.0,546,0.618746280670166,,0.1530304541811347,-0.024212270975112915
1656,18.0,857,0.9187378883361816,,0.11097886832430959,-0.033156462013721466
1657,7.0,527,0.5978024005889893,,0.08930512750521302,-0.04854630306363106
1658,18.0,905,1.042245626449585,,0.13718480477109551,-0.044844839721918106
1659,14.0,795,0.9555306434631348,,0.060886606108397245,-0.06667203456163406
1660,16.0,980,1.1146056652069092,,0.06255179643630981,-0.06689637899398804
1661,9.0,763,0.8182308673858643,,0.07787069701589644,-0.07487089186906815
1662,13.0,823,0.9628317356109619,,0.1541829272173345,-0.03955509886145592
1663,13.0,821,0.8845860958099365,,0.08464378118515015,-0.051526233553886414
1664,26.0,1157,1.3578803539276123,,0.14549424638971686,-0.05353733152151108
1665,12.0,731,0.7848732471466064,,0.126842740457505,-0.03953951224684715
1666,18.0,949,1.0844554901123047,,0.08571481727994978,-0.056935690343379974
1667,8.0,562,0.6357247829437256,,0.1040884517133236,-0.04730978235602379
1668,1.0,381,0.45317554473876953,,0.036327178706415,-0.06786736100912094
1669,9.0,728,0.791715145111084,,0.13013819931074977,-0.025261126458644867
1670,18.0,885,1.02091383934021,,0.07649704162031412,-0.050934966653585434
1671,22.0,1041,1.1686084270477295,,0.07903023390099406,-0.054894644767045975
1672,8.0,585,0.6526174545288086,,0.12239924445748329,-0.030837252736091614
1673,17.0,793,0.9325399398803711,,0.1064728603232652,-0.04378896951675415
1674,11.0,669,0.725959062576294,,0.10762853268533945,-0.046637073159217834
1675,4.0,417,0.48798370361328125,,0.08866600645706058,-0.05996342748403549
1676,5.0,449,0.5210709571838379,,0.08534260164014995,-0.057525020092725754
1677,17.0,731,0.803269624710083,,0.12313900329172611,-0.03505659103393555
1678,20.0,904,1.0421223640441895,,0.1218698606826365,-0.04040685296058655
1679,7.0,531,0.6058986186981201,,0.11935573630034924,-0.03319229185581207
1680,5.0,435,0.518953800201416,,0.07248499267734587,-0.04843730852007866
1681,17.0,797,0.852921724319458,,0.08999717840924859,-0.045995380729436874
1682,16.0,944,1.080707311630249,,0.07386196288280189,-0.06750965118408203
1683,14.0,687,0.7526962757110596,,0.11172063509002328,-0.04416799917817116
1684,3.0,387,0.4665865898132324,,0.032554861973039806,-0.0779142677783966
1685,12.0,748,0.8943779468536377,,0.09245876176282763,-0.03606856241822243
1686,18.0,993,1.121025562286377,,0.07299703732132912,-0.05404055118560791
1687,11.0,727,0.7859132289886475,,0.12880277959629893,-0.018151279538869858
1688,20.0,797,0.9334521293640137,,0.11636500479653478,-0.05261512100696564
1689,29.0,1117,1.2325422763824463,,0.11252163676545024,-0.038303278386592865
1690,26.0,1185,1.3158140182495117,,0.1746220188215375,-0.026498232036828995
1691,28.0,1109,1.2354447841644287,,0.10321440454572439,-0.03643489629030228
1692,21.0,957,1.0896522998809814,,0.1717117764055729,-0.03394880145788193
1693,19.0,860,0.9975762367248535,,0.09548815246671438,-0.056783951818943024
1694,9.0,532,0.6022021770477295,,0.07224442181177437,-0.056391581892967224
1695,15.0,1381,1.4856626987457275,,0.1955036399886012,-0.014114335179328918
1696,18.0,957,1.0976052284240723,,0.08998630591668189,-0.05733434855937958
1697,15.0,655,0.813953161239624,,0.0798494394402951,-0.04858635365962982
1698,22.0,1183,1.2979600429534912,,0.11291280388832092,-0.02281169593334198
1699,12.0,635,0.6945075988769531,,0.06814412702806294,-0.06054037809371948
1700,21.0,752,0.9084970951080322,,0.11800147918984294,-0.03243305906653404
1701,22.0,1003,1.1318111419677734,,0.10991850076243281,-0.029392071068286896
1702,22.0,1109,1.2232520580291748,,0.1309297475963831,-0.03036346286535263
1703,19.0,940,1.0741651058197021,,0.11222386499866843,-0.0416349433362484
1704,20.0,1014,1.1348199844360352,,0.10270538832992315,-0.0467468798160553
1705,17.0,668,0.7306313514709473,,0.12870776699855924,-0.03413894772529602
1706,22.0,1064,1.198462724685669,,0.15720492601394653,-0.029528535902500153
1707,15.0,1052,1.1872212886810303,,0.0931966055650264,-0.04016946256160736
1708,13.0,623,0.6872885227203369,,0.10210884967818856,-0.039220187813043594
1709,15.0,732,0.8816697597503662,,0.10864694090560079,-0.049616359174251556
1710,15.0,688,0.7472310066223145,,0.09230448585003614,-0.0414271205663681
1711,15.0,726,0.7910969257354736,,0.10122740315273404,-0.04252200573682785
1712,9.0,493,0.5616731643676758,,0.0637786656152457,-0.05264497548341751
1713,19.0,879,1.0151441097259521,,0.10452214768156409,-0.03929881751537323
1714,10.0,535,0.6040115356445312,,0.08652897132560611,-0.04483059421181679
1715,20.0,904,1.0318005084991455,,0.11667557572945952,-0.02685566619038582
1716,25.0,1031,1.148559331893921,,0.06868592160753906,-0.06962472200393677
1717,18.0,883,1.02138090133667,,0.11030273092910647,-0.03661062568426132
1718,8.0,503,0.5762295722961426,,0.08293602848425508,-0.05973166972398758
1719,22.0,941,0.9834849834442139,,0.09316047700121999,-0.03794682025909424
1720,9.0,543,0.7061965465545654,,0.11615610914304852,-0.05179685726761818
1721,5.0,390,0.3708064556121826,,0.11615610914304852,-0.05179685726761818
1722,3.0,393,0.47022223472595215,,0.10822881199419498,-0.03895217180252075
1723,14.0,513,0.5869152545928955,,0.18394858855754137,0.0019407793879508972
1724,17.0,1030,1.1546711921691895,,0.08823635755106807,-0.06317088007926941
1725,7.0,513,0.5784432888031006,,0.06565783731639385,-0.07778140902519226
1726,14.0,665,0.7370553016662598,,0.05785582633689046,-0.056711867451667786
1727,11.0,1527,1.7210309505462646,,0.11162968236021698,-0.0435587540268898
1728,14.0,597,0.7479152679443359,,0.06566064455546439,-0.04625638574361801
1729,9.0,522,0.5885000228881836,,0.1626028921455145,-0.030643798410892487
1730,9.0,571,0.6354727745056152,,0.11980901286005974,-0.03405872732400894
1731,26.0,1017,1.1325719356536865,,0.1435959986411035,-0.05307877063751221
1732,18.0,840,0.8899705410003662,,0.11756731104105711,-0.051314935088157654
1733,7.0,505,0.574664831161499,,0.15658746380358934,-0.021882090717554092
1734,13.0,801,0.9474303722381592,,0.12421087175607681,-0.03551115095615387
1735,8.0,571,0.6446709632873535,,0.12308047758415341,-0.03378898650407791
1736,21.0,968,1.0995845794677734,,0.10728473169729114,-0.037332285195589066
1737,10.0,528,0.5998570919036865,,0.13925547851249576,-0.051112107932567596
1738,17.0,701,0.7638392448425293,,0.12121491366997361,-0.02400931715965271
1739,9.0,701,0.8589470386505127,,0.10363903222605586,-0.04138090834021568
1740,3.0,372,0.357832670211792,,0.10363903222605586,-0.04138090834021568
1741,11.0,627,0.7934348583221436,,0.08521060901694,-0.03968891501426697
1742,19.0,768,0.8211324214935303,,0.09078030660748482,-0.05708802863955498
1743,14.0,949,1.0919628143310547,,0.0835919426754117,-0.05362239480018616
1744,20.0,997,1.1349875926971436,,0.07521693361923099,-0.056257229298353195
1745,22.0,1095,1.2229387760162354,,0.10419709654524922,-0.0418890118598938
1746,22.0,1109,1.2287321090698242,,0.15846438286826015,-0.03296906128525734
1747,18.0,775,0.9226505756378174,,0.06735238013789058,-0.06852175295352936
1748,17.0,892,0.943166971206665,,0.13353834673762321,-0.03175714239478111
1749,17.0,879,1.0213978290557861,,0.08863839460536838,-0.04531847685575485
1750,15.0,729,0.8755288124084473,,0.10508814174681902,-0.04976191371679306
1751,8.0,445,0.4268467426300049,,0.10508814174681902,-0.04976191371679306
1752,8.0,537,0.6064291000366211,,0.08603377710096538,-0.06718357652425766
1753,18.0,764,0.9130828380584717,,0.15907679498195648,-0.004674382507801056
1754,18.0,775,0.827167272567749,,0.08266321895644069,-0.05828389152884483
1755,11.0,630,0.7867214679718018,,0.10405861539766192,-0.05416166037321091
1756,13.0,976,1.114684820175171,,0.11978838825598359,-0.039067480713129044
1757,18.0,953,0.991969108581543,,0.08534118440002203,-0.05382126569747925
1758,14.0,749,0.8968932628631592,,0.06159395887516439,-0.07428330183029175
1759,26.0,1245,1.3493423461914062,,0.10014510899782181,-0.04952090233564377
1760,16.0,964,1.0909574031829834,,0.06724300072528422,-0.05977530777454376
1761,23.0,1084,1.2087669372558594,,0.054328263737261295,-0.07157684862613678
1762,17.0,843,0.9893877506256104,,0.09286751481704414,-0.05556103587150574
1763,4.0,411,0.48364782333374023,,0.09934214712120593,-0.043635301291942596
1764,18.0,891,1.0302417278289795,,0.17404430313035846,-0.029943861067295074
1765,14.0,801,0.8586163520812988,,0.08401210024021566,-0.0642990693449974
1766,3.0,425,0.5009996891021729,,0.06673951935954392,-0.06059166043996811
1767,25.0,1101,1.2204713821411133,,0.2186347059905529,0.009612604975700378
1768,9.0,549,0.6161673069000244,,0.08802062482573092,-0.04704345762729645
1769,14.0,729,0.8790900707244873,,0.07548916270025074,-0.05357454717159271
1770,7.0,637,0.69352126121521,,0.1202878369949758,-0.04843953624367714
1771,16.0,760,0.8129940032958984,,0.10185816371813416,-0.04162464290857315
1772,8.0,473,0.5501682758331299,,0.06720310775563121,-0.055363208055496216
1773,14.0,743,0.8905143737792969,,0.07777455495670438,-0.035065907984972
1774,23.0,985,1.1165363788604736,,0.10140556958504021,-0.04932677745819092
1775,15.0,724,0.7764976024627686,,0.08604735904373229,-0.052252091467380524
1776,18.0,896,1.0217561721801758,,0.11108704702928662,-0.04506947845220566
1777,25.0,1049,1.1714749336242676,,0.08882118854671717,-0.05771501362323761
1778,22.0,1066,1.1963250637054443,,0.14176195207983255,-0.04680018126964569
1779,15.0,737,0.787304162979126,,0.07225855509750545,-0.0660640150308609
1780,13.0,645,0.8050668239593506,,0.09584723459556699,-0.048981085419654846
1781,16.0,719,0.7702929973602295,,0.08500698651187122,-0.05495421588420868
1782,16.0,853,0.998643159866333,,0.09093944309279323,-0.039909400045871735
1783,24.0,1073,1.2107172012329102,,0.09631625865586102,-0.06007475405931473
1784,13.0,735,0.7993760108947754,,0.07091895560733974,-0.0706419050693512
1785,13.0,679,0.8368954658508301,,0.08353452081792057,-0.051538027822971344
1786,14.0,941,0.9843997955322266,,0.12640235293656588,-0.04826657474040985
1787,20.0,837,0.9841556549072266,,0.059078468941152096,-0.062084510922431946
1788,9.0,686,0.7437257766723633,,0.07468695659190416,-0.05323716998100281
1789,13.0,685,0.8301453590393066,,0.07153823156841099,-0.046788882464170456
1790,20.0,1273,1.393808126449585,,0.06497729383409023,-0.05215269327163696
1791,19.0,974,1.1142773628234863,,0.0937701070215553,-0.04488928243517876
1792,20.0,930,1.0713989734649658,,0.09025437105447054,-0.059602249413728714
1793,14.0,821,0.9680254459381104,,0.06598469498567283,-0.05831674858927727
1794,11.0,685,0.749913215637207,,0.09628636809065938,-0.04705999046564102
1795,18.0,919,1.067551851272583,,0.09332388639450073,-0.05142219364643097
1796,16.0,654,0.7180681228637695,,0.07564479717984796,-0.05966350436210632
1797,14.0,832,0.9779367446899414,,0.10199168557301164,-0.0394304022192955
1798,13.0,631,0.7008602619171143,,0.09830793319270015,-0.05009967088699341
1799,16.0,802,0.8585495948791504,,0.07963968440890312,-0.044840142130851746
1800,18.0,878,1.0206522941589355,,0.10129357036203146,-0.05762956291437149
1801,9.0,583,0.6566965579986572,,0.1020819921977818,-0.0474073626101017
1802,18.0,829,0.9680476188659668,,0.12957444740459323,-0.033435970544815063
1803,16.0,760,0.815518856048584,,0.1294067488051951,-0.03925459831953049
1804,15.0,1069,1.2004375457763672,,0.07590373605489731,-0.04407855123281479
1805,29.0,1271,1.446620225906372,,0.09396881540305912,-0.047627635300159454
1806,19.0,829,0.9651439189910889,,0.08950833650305867,-0.06558442115783691
1807,16.0,741,0.7976319789886475,,0.12923486065119505,-0.05303163826465607
1808,14.0,753,0.8028383255004883,,0.13606895180419087,-0.04016111046075821
1809,19.0,949,1.0745654106140137,,0.14525992283597589,-0.034321561455726624
1810,13.0,894,1.036433219909668,,0.06860298337414861,-0.07095356285572052
1811,11.0,637,0.6970784664154053,,0.08356603258289397,-0.05149111524224281
1812,18.0,879,1.0195462703704834,,0.05968375154770911,-0.04340437799692154
1813,20.0,1016,1.144216775894165,,0.05902967741712928,-0.06315732002258301
1814,4.0,353,0.42931580543518066,,0.09217165061272681,-0.050873853266239166
1815,21.0,881,0.932382345199585,,0.12741118855774403,-0.033603817224502563
1816,19.0,781,0.9185502529144287,,0.09659189451485872,-0.044905729591846466
1817,16.0,859,0.9896862506866455,,0.08743608882650733,-0.057123661041259766
1818,20.0,1001,1.137453317642212,,0.10758540034294128,-0.023176919668912888
1819,15.0,853,0.9112401008605957,,0.06325662275776267,-0.06813949346542358
1820,23.0,1009,1.143789291381836,,0.1270448504947126,-0.03136056661605835
1821,9.0,544,0.6209731101989746,,0.19063483458012342,0.0005194693803787231
1822,21.0,1054,1.1821637153625488,,0.13071928778663278,-0.03541304171085358
1823,13.0,706,0.8572998046875,,0.06366405659355223,-0.06127519905567169
1824,13.0,665,0.7319836616516113,,0.10461071459576488,-0.026938769966363907
1825,11.0,641,0.7096219062805176,,0.09528648713603616,-0.02286381646990776
1826,19.0,925,1.0570240020751953,,0.061979367630556226,-0.04758881777524948
1827,6.0,543,0.6066422462463379,,0.09173640422523022,-0.05003666877746582
1828,16.0,740,0.8971951007843018,,0.11510405177250504,-0.03142055124044418
1829,17.0,739,0.7925446033477783,,0.12134024314582348,-0.037826038897037506
1830,10.0,546,0.6091485023498535,,0.1038646581582725,-0.03650164604187012
1831,14.0,1041,1.1683619022369385,,0.05936836008913815,-0.05611170083284378
1832,19.0,1089,1.2207083702087402,,0.05543102975934744,-0.06588149815797806
1833,16.0,891,1.0276741981506348,,0.09102387027814984,-0.05885925143957138
1834,17.0,729,0.7809829711914062,,0.09973223670385778,-0.06147553771734238
1835,15.0,787,0.9446539878845215,,0.14650470297783613,-0.0407315269112587
1836,18.0,818,0.9621374607086182,,0.0790832822676748,-0.046679772436618805
1837,13.0,816,0.8746345043182373,,0.061516241170465946,-0.04282158613204956
1838,8.0,514,0.5853714942932129,,0.08343523344956338,-0.03802250325679779
1839,18.0,985,1.1124837398529053,,0.18902986031025648,-4.276633262634277e-06
1840,15.0,982,1.111063003540039,,0.05490953428670764,-0.05620059743523598
1841,23.0,1057,1.1978111267089844,,0.06745128170587122,-0.06736785173416138
1842,19.0,977,1.1030664443969727,,0.13293743086978793,-0.04380018264055252
1843,14.0,821,0.9778287410736084,,0.06720051355659962,-0.05405603349208832
1844,14.0,729,0.7830495834350586,,0.08442468196153641,-0.05319507420063019
1845,13.0,714,0.7768294811248779,,0.07508180104196072,-0.05429747328162193
1846,18.0,731,0.8778886795043945,,0.07993175368756056,-0.053144484758377075
1847,16.0,732,0.7990975379943848,,0.08636486297473311,-0.05177827924489975
1848,25.0,983,1.1182568073272705,,0.05175202200189233,-0.06878186762332916
1849,14.0,764,0.915276288986206,,0.05474140727892518,-0.07053922861814499
1850,12.0,693,0.7589294910430908,,0.1034972476772964,-0.03449292853474617
1851,19.0,855,0.9956731796264648,,0.07505988399498165,-0.04504608362913132
1852,13.0,636,0.699505090713501,,0.16471063811331987,-0.01851717382669449
1853,21.0,1137,1.2786986827850342,,0.07142070680856705,-0.05188082903623581
1854,14.0,733,0.8813591003417969,,0.1136466444004327,-0.045811861753463745
1855,20.0,1027,1.1656317710876465,,0.09837931767106056,-0.03701403737068176
1856,12.0,679,0.7482583522796631,,0.06291076191700995,-0.07323282957077026
1857,14.0,627,0.6946723461151123,,0.0700875367037952,-0.03916970640420914
1858,19.0,979,1.1100385189056396,,0.07090120879001915,-0.05080822482705116
1859,16.0,963,1.1083652973175049,,0.07726464024744928,-0.06370368599891663
1860,17.0,782,0.8353099822998047,,0.07033524359576404,-0.05227585881948471
1861,27.0,1352,1.5765995979309082,,0.06751014292240143,-0.0423911027610302
1862,17.0,1065,1.1974937915802002,,0.19261529296636581,-0.02032475918531418
1863,25.0,1141,1.2552716732025146,,0.08031360851600766,-0.0400581993162632
1864,22.0,1066,1.2030041217803955,,0.07686453452333808,-0.0681542307138443
1865,17.0,865,1.0048308372497559,,0.055833709659054875,-0.07759691029787064
1866,15.0,661,0.7205288410186768,,0.10418632766231894,-0.04771265387535095
1867,16.0,1109,1.3511033058166504,,0.11104903952218592,-0.045615095645189285
1868,18.0,855,0.9072294235229492,,0.06167764076963067,-0.07099223881959915
1869,17.0,959,1.1034367084503174,,0.07988046668469906,-0.05916289985179901
1870,13.0,701,0.7779195308685303,,0.05664485692977905,-0.06486291438341141
1871,18.0,958,1.0884757041931152,,0.1633840575814247,-0.04798545688390732
1872,11.0,567,0.6324560642242432,,0.10830210940912366,-0.04886699467897415
1873,7.0,657,0.8117427825927734,,0.09742316487245262,-0.05338555574417114
1874,18.0,857,0.909630537033081,,0.11599066434428096,-0.04754672199487686
1875,22.0,1055,1.171518087387085,,0.062191160628572106,-0.055865176022052765
1876,17.0,733,0.8863146305084229,,0.11572533776052296,-0.05388271063566208
1877,12.0,621,0.6787054538726807,,0.11633759224787354,-0.03666490316390991
1878,20.0,1085,1.1956298351287842,,0.07719866931438446,-0.05182868242263794
1879,14.0,747,0.9008827209472656,,0.04685905436053872,-0.08855349570512772
1880,5.0,575,0.6469883918762207,,0.08643983560614288,-0.03911035135388374
1881,30.0,1137,1.2645211219787598,,0.1539976648055017,-0.023538216948509216
1882,26.0,862,1.0152230262756348,,0.2620007488876581,-0.0009721741080284119
1883,16.0,711,0.7723636627197266,,0.15220765210688114,-0.0333496630191803
1884,21.0,860,0.9909539222717285,,0.11244371067732573,-0.038315992802381516
1885,27.0,1069,1.1936748027801514,,0.08701231284067035,-0.05893273651599884
1886,20.0,887,1.0167410373687744,,0.0627466905862093,-0.054341040551662445
1887,19.0,757,0.8106558322906494,,0.17089904379099607,-0.04426344484090805
1888,19.0,927,1.0696418285369873,,0.09735780744813383,-0.05548977851867676
1889,16.0,723,0.7754464149475098,,0.08062170469202101,-0.050928473472595215
1890,25.0,1026,1.1428406238555908,,0.11471817456185818,-0.05449557304382324
1891,23.0,1011,1.1581554412841797,,0.15544518921524286,-0.03248994052410126
1892,23.0,869,0.9983932971954346,,0.16243147011846304,-0.04708320274949074
1893,13.0,811,0.9553663730621338,,0.06990156904794276,-0.056537844240665436
1894,13.0,627,0.7044641971588135,,0.06679375935345888,-0.05473675578832626
1895,12.0,665,0.7299935817718506,,0.07792928046546876,-0.04125755652785301
1896,16.0,1017,1.148036003112793,,0.07593562453985214,-0.041098084300756454
1897,17.0,882,1.01814866065979,,0.05603089672513306,-0.0613565631210804
1898,15.0,731,0.7877473831176758,,0.10832236520946026,-0.04516981914639473
1899,5.0,421,0.5053017139434814,,0.07754473853856325,-0.059063870459795
1900,26.0,861,1.0034477710723877,,0.07471258495934308,-0.042782410979270935
1901,14.0,701,0.7766396999359131,,0.13098289212211967,-0.03812894970178604
1902,21.0,901,1.0372083187103271,,0.08862056932412088,-0.05132732540369034
1903,20.0,819,0.8759217262268066,,0.14406095445156097,-0.03287135064601898
1904,21.0,1137,1.3802821636199951,,0.055764552438631654,-0.051191143691539764
1905,13.0,663,0.7298831939697266,,0.1675327755510807,-0.038697369396686554
1906,19.0,1004,1.1381587982177734,,0.10677982959896326,-0.04860306158661842
1907,13.0,724,0.786362886428833,,0.11000253586098552,-0.04912491887807846
1908,19.0,780,0.9188404083251953,,0.12508224695920944,-0.03380697965621948
1909,12.0,839,0.9802289009094238,,0.08890388160943985,-0.05467334762215614
1910,17.0,995,1.0390136241912842,,0.0915603693574667,-0.051977090537548065
1911,17.0,679,0.8302178382873535,,0.10075901495292783,-0.04701053351163864
1912,18.0,765,0.8333535194396973,,0.11949399253353477,-0.029864631593227386
1913,13.0,729,0.8842263221740723,,0.09484875830821693,-0.039799511432647705
1914,22.0,906,0.9558887481689453,,0.1320989327505231,-0.03557003289461136
1915,27.0,1165,1.360239028930664,,0.07576313754543662,-0.05117474123835564
1916,19.0,886,0.9431252479553223,,0.11408765194937587,-0.055826686322689056
1917,21.0,982,1.1067469120025635,,0.08478891546837986,-0.050512850284576416
1918,16.0,1097,1.3229823112487793,,0.10908503783866763,-0.04256953299045563
1919,26.0,1569,1.7401089668273926,,0.0909032931085676,-0.06131066381931305
1920,22.0,941,0.9924716949462891,,0.13162785023450851,-0.04356494918465614
1921,21.0,917,1.059786081314087,,0.14919933443889022,-0.03738563507795334
1922,28.0,1283,1.4811115264892578,,0.06809086306020617,-0.04935640096664429
1923,24.0,999,1.140392780303955,,0.07751450198702514,-0.035215042531490326
1924,18.0,967,1.1076042652130127,,0.09277588641270995,-0.037975896149873734
1925,23.0,1155,1.2839531898498535,,0.085333805764094,-0.04223274812102318
1926,24.0,1027,1.1592040061950684,,0.07585110422223806,-0.047912776470184326
1927,24.0,909,1.036508560180664,,0.05339594418182969,-0.05914008617401123
1928,13.0,701,0.7586476802825928,,0.11350444192066789,-0.04400762915611267
1929,13.0,665,0.7201807498931885,,0.09126974456012249,-0.03373804688453674
1930,24.0,935,1.0614464282989502,,0.1089510009624064,-0.04714856669306755
1931,11.0,572,0.6393697261810303,,0.10140311066061258,-0.03659914433956146
1932,19.0,892,1.039841651916504,,0.10165888536721468,-0.04510745406150818
1933,28.0,1005,1.1323432922363281,,0.09855603985488415,-0.061375077813863754
1934,17.0,905,1.0513851642608643,,0.05925059667788446,-0.05460716784000397
1935,19.0,859,0.9166066646575928,,0.08440080867148936,-0.04781697690486908
1936,17.0,951,1.0775666236877441,,0.09013008559122682,-0.057569582015275955
1937,13.0,665,0.8234968185424805,,0.09047824516892433,-0.06540561467409134
1938,19.0,900,0.9395506381988525,,0.11133212363347411,-0.031916093081235886
1939,15.0,672,0.8188159465789795,,0.08509933459572494,-0.0553034171462059
1940,11.0,629,0.6927156448364258,,0.07953028636984527,-0.03396911919116974
1941,21.0,905,1.047588586807251,,0.07333390973508358,-0.049634501338005066
1942,26.0,1063,1.1970503330230713,,0.07486447412520647,-0.0510997548699379
1943,23.0,977,1.1173577308654785,,0.07982569141313434,-0.045175012201070786
1944,18.0,1143,1.2798190116882324,,0.11679944326169789,-0.028597531840205193
1945,28.0,1219,1.3291311264038086,,0.0506483786739409,-0.06393574923276901
1946,12.0,625,0.6894140243530273,,0.20770482625812292,-0.019856415688991547
1947,17.0,1009,1.1389508247375488,,0.09138226974755526,-0.03991739824414253
1948,18.0,1012,1.142735481262207,,0.08524047583341599,-0.06954948604106903
1949,17.0,792,0.9412977695465088,,0.10325501440092921,-0.06848402321338654
1950,12.0,716,0.775836706161499,,0.05118702445179224,-0.06681159883737564
1951,15.0,797,0.9466814994812012,,0.09890431724488735,-0.03066730499267578
1952,20.0,959,1.0907721519470215,,0.05153781455010176,-0.07698049396276474
1953,19.0,815,0.8653957843780518,,0.1145361210219562,-0.03424813970923424
1954,25.0,1069,1.1970069408416748,,0.07719811145216227,-0.055626802146434784
1955,24.0,1132,1.347632884979248,,0.08622402953915298,-0.045885119587183
1956,22.0,913,0.9614841938018799,,0.14289229875430465,-0.041149578988552094
1957,14.0,819,0.9719364643096924,,0.24997298419475555,-0.008760891854763031
1958,15.0,711,0.7631275653839111,,0.09181210165843368,-0.036435920745134354
1959,24.0,982,1.1091883182525635,,0.08975793467834592,-0.05658889189362526
1960,10.0,683,0.863436222076416,,0.18234647950157523,-0.018666546791791916
1961,17.0,765,0.8248991966247559,,0.10949098784476519,-0.02662844955921173
1962,27.0,1109,1.2288355827331543,,0.08810232812538743,-0.047712381929159164
1963,20.0,1093,1.225142240524292,,0.118657854385674,-0.05202120542526245
1964,11.0,669,0.8189427852630615,,0.07867954322136939,-0.05822233110666275
1965,11.0,740,0.8085422515869141,,0.10913426475599408,-0.04280495643615723
1966,18.0,1141,1.2643306255340576,,0.10661178035661578,-0.037984706461429596
1967,12.0,630,0.7931368350982666,,0.057049655355513096,-0.07271867990493774
1968,20.0,938,1.0736680030822754,,0.09021029435098171,-0.04012560471892357
1969,13.0,678,0.7441565990447998,,0.07443425594829023,-0.05639958381652832
1970,30.0,1229,1.337766170501709,,0.11987752327695489,-0.03292810916900635
1971,15.0,705,0.8457448482513428,,0.10413293214514852,-0.05697193741798401
1972,29.0,1335,1.4281940460205078,,0.06292397133074701,-0.05831165611743927
1973,15.0,645,0.7001256942749023,,0.15720006357878447,-0.031472355127334595
1974,30.0,1223,1.4317398071289062,,0.08435884537175298,-0.03465213254094124
1975,20.0,872,1.0143113136291504,,0.05558818648569286,-0.06873299181461334
1976,22.0,962,1.0082287788391113,,0.10217199590988457,-0.05492140352725983
1977,22.0,994,1.1378858089447021,,0.14852024521678686,-0.02187006175518036
1978,15.0,732,0.8796544075012207,,0.09464668529108167,-0.057915955781936646
1979,16.0,850,0.9082539081573486,,0.07169868727214634,-0.04382938891649246
1980,34.0,1284,1.4826607704162598,,0.08151617459952831,-0.04615199938416481
1981,17.0,712,0.7694094181060791,,0.1550620454363525,-0.04257628321647644
1982,17.0,782,0.9449927806854248,,0.1328836902976036,-0.026153691112995148
1983,12.0,623,0.6914441585540771,,0.06905651395209134,-0.03874804079532623
1984,26.0,1159,1.2774198055267334,,0.0854368694126606,-0.03378205746412277
1985,6.0,498,0.5674870014190674,,0.09181640855967999,-0.0644635260105133
1986,26.0,919,1.050119400024414,,0.18003593618050218,-0.006435539573431015
1987,24.0,1146,1.2668499946594238,,0.13736174581572413,-0.0314781591296196
1988,51.0,2258,2.5671396255493164,,0.24840903654694557,0.047287292778491974
1989,19.0,875,1.0158510208129883,,0.10934968641959131,-0.04821218550205231
1990,23.0,921,0.9660868644714355,,0.09475701209157705,-0.051912471652030945
1991,19.0,1053,1.177880048751831,,0.13750281324610114,-0.02124091237783432
1992,25.0,1265,1.4587106704711914,,0.11606160085648298,-0.017346184700727463
1993,27.0,1073,1.1992466449737549,,0.1002279594540596,-0.04939381405711174
1994,27.0,1193,1.3074040412902832,,0.10801127320155501,-0.05151809751987457
1995,15.0,737,0.880089282989502,,0.07115801912732422,-0.06751149147748947
1996,25.0,1123,1.2459492683410645,,0.12253769999369979,-0.03773999214172363
1997,26.0,954,1.079641580581665,,0.12079097330570221,-0.035803720355033875
1998,31.0,1277,1.382859706878662,,0.093199432361871,-0.06248579919338226
1999,13.0,691,0.8406071662902832,,0.13357833633199334,-0.05190740525722504
2000,27.0,1146,1.257763385772705,,0.09073570277541876,-0.040666475892066956
2001,9.0,561,0.6263012886047363,,0.16622861474752426,-0.03941251337528229
2002,18.0,759,0.809340238571167,,0.09790526935830712,-0.040262117981910706
2003,17.0,841,0.9787216186523438,,0.1259269085712731,-0.04591784253716469
2004,14.0,645,0.7130298614501953,,0.07225160184316337,-0.05040748417377472
2005,26.0,923,1.0544366836547852,,0.08539752662181854,-0.025012768805027008
2006,9.0,520,0.5872814655303955,,0.1283258181065321,-0.039518918842077255
2007,33.0,1509,1.6930725574493408,,0.11128911143168807,-0.04456485062837601
2008,15.0,729,0.8771440982818604,,0.123967872466892,-0.049759261310100555
2009,10.0,461,0.4390857219696045,,0.123967872466892,-0.049759261310100555
2010,27.0,1009,1.1463639736175537,,0.08001021016389132,-0.049906134605407715
2011,13.0,555,0.6225008964538574,,0.14113355847075582,-0.050936877727508545
2012,12.0,673,0.8360531330108643,,0.12812746409326792,-0.036490023136138916
2013,20.0,810,0.8656914234161377,,0.08553263894282281,-0.05003625154495239
2014,8.0,394,0.47024035453796387,,0.12786837201565504,-0.039978064596652985
2015,3.0,343,0.4214041233062744,,0.09974169754423201,-0.047804802656173706
2016,12.0,512,0.5920825004577637,,0.19172054808586836,-0.007143579423427582
2017,21.0,836,0.8924555778503418,,0.17201662296429276,-0.009801384061574936
2018,14.0,738,0.8795726299285889,,0.08628298877738416,-0.0817585363984108
2019,20.0,889,1.0372745990753174,,0.11119879502803087,-0.04191958159208298
2020,17.0,742,0.8011581897735596,,0.10754655068740249,-0.0462615042924881
2021,5.0,385,0.4614074230194092,,0.11132650310173631,-0.04401784390211105
2022,14.0,645,0.7149486541748047,,0.15239234874024987,-0.040441785007715225
2023,14.0,697,0.7526676654815674,,0.09954278450459242,-0.03289574757218361
2024,11.0,711,0.8634672164916992,,0.09361530467867851,-0.04944147542119026
2025,25.0,1124,1.2438790798187256,,0.09276296757161617,-0.0362580269575119
2026,15.0,614,0.6745138168334961,,0.13587165344506502,-0.04627314209938049
2027,6.0,401,0.4744691848754883,,0.12635089829564095,-0.06239630654454231
2028,6.0,371,0.4501612186431885,,0.12980952952057123,-0.03858315199613571
2029,26.0,1162,1.283538579940796,,0.11238761385902762,-0.038798581808805466
2030,18.0,805,0.9382832050323486,,0.12856028508394957,-0.050726115703582764
2031,27.0,1085,1.1928443908691406,,0.08364867931231856,-0.04549408704042435
2032,11.0,505,0.5789194107055664,,0.2195613170042634,-0.007981084287166595
2033,7.0,381,0.3627195358276367,,0.2195613170042634,-0.007981084287166595
2034,17.0,752,0.9142930507659912,,0.08535803691484034,-0.0452912375330925
2035,11.0,787,0.8411374092102051,,0.08022542507387698,-0.0690891370177269
2036,20.0,833,0.9635107517242432,,0.09553028387017548,-0.04636567458510399
2037,21.0,983,1.111975908279419,,0.10224676225334406,-0.04654672369360924
2038,11.0,643,0.7151806354522705,,0.0883228899911046,-0.05361902713775635
2039,13.0,674,0.829336404800415,,0.08818553993478417,-0.04896648973226547
2040,11.0,623,0.6882994174957275,,0.07654133252799511,-0.05799873545765877
2041,14.0,639,0.7176501750946045,,0.10681722033768892,-0.029462873935699463
2042,10.0,507,0.5774168968200684,,0.07124456972815096,-0.042468443512916565
2043,7.0,345,0.4255831241607666,,0.07962804613634944,-0.044180478900671005
2044,4.0,384,0.3692901134490967,,0.07962804613634944,-0.044180478900671005
2045,19.0,785,0.9303696155548096,,0.06317722448147833,-0.06086503341794014
2046,16.0,591,0.6541516780853271,,0.10115237673744559,-0.03489983081817627
2047,11.0,550,0.6159510612487793,,0.1002785530872643,-0.05336157605051994
2048,11.0,697,0.8495266437530518,,0.1420961320400238,-0.03802298754453659
2049,10.0,605,0.6701784133911133,,0.09852858819067478,-0.0400141105055809
2050,12.0,641,0.7158777713775635,,0.0723062097094953,-0.061821602284908295
2051,25.0,1071,1.1982274055480957,,0.10170643869787455,-0.04063339903950691
2052,12.0,623,0.6977057456970215,,0.1585692586377263,-0.044321853667497635
2053,21.0,1044,1.1788978576660156,,0.0863135657273233,-0.043187160044908524
2054,23.0,1023,1.1538686752319336,,0.14598302682861686,-0.04444434493780136
2055,14.0,693,0.8418278694152832,,0.19586254935711622,-0.045787692070007324
2056,9.0,501,0.5785224437713623,,0.11071889009326696,-0.03158565238118172
2057,6.0,537,0.6098978519439697,,0.11429843585938215,-0.035354889929294586
2058,2.0,401,0.38773179054260254,,0.11429843585938215,-0.035354889929294586
2059,12.0,896,1.0467689037322998,,0.16783902514725924,-0.032593730837106705
2060,12.0,665,0.8227488994598389,,0.09999801451340318,-0.04637601226568222
2061,1.0,313,0.30111193656921387,,0.09999801451340318,-0.04637601226568222
2062,12.0,635,0.6990373134613037,,0.11558205494657159,-0.050015322864055634
2063,13.0,619,0.7753279209136963,,0.16298213135451078,-0.02788418158888817
2064,13.0,684,0.7459228038787842,,0.12832591775804758,-0.041319794952869415
2065,9.0,609,0.6829588413238525,,0.11846621008589864,-0.041499074548482895
2066,16.0,785,0.9354524612426758,,0.09627528581768274,-0.06299135088920593
2067,14.0,699,0.761462926864624,,0.11728854710236192,-0.039378952234983444
2068,23.0,1043,1.1947410106658936,,0.14570734603330493,-0.02642105519771576
2069,17.0,934,1.063096284866333,,0.09069845755584538,-0.05480615049600601
2070,6.0,543,0.6235671043395996,,0.0770051593426615,-0.06359615176916122
2071,8.0,529,0.5967087745666504,,0.11098707979544997,-0.047102004289627075
2072,11.0,607,0.6709647178649902,,0.21888832887634635,0.013328559696674347
2073,17.0,937,1.0825839042663574,,0.10465204739011824,-0.07138538360595703
2074,15.0,980,1.121262788772583,,0.07414587074890733,-0.051546335220336914
2075,15.0,735,0.7929208278656006,,0.07526341429911554,-0.06372492760419846
2076,10.0,652,0.8001935482025146,,0.08431152650155127,-0.05938703566789627
2077,3.0,613,0.6893770694732666,,0.11678787926211953,-0.045962437987327576
2078,14.0,733,0.7986044883728027,,0.10859938617795706,-0.02665846049785614
2079,11.0,635,0.7050261497497559,,0.15190169727429748,-0.025202322751283646
2080,24.0,1015,1.1336205005645752,,0.0841912878677249,-0.061455391347408295
2081,15.0,766,0.9070663452148438,,0.10771658085286617,-0.05417736619710922
2082,7.0,551,0.6233329772949219,,0.08476365590468049,-0.042754728347063065
2083,12.0,664,0.7243328094482422,,0.14519474329426885,-0.030549146234989166
2084,7.0,518,0.5880227088928223,,0.09933146741241217,-0.04034227877855301
2085,12.0,677,0.8286449909210205,,0.13364606769755483,-0.026810921728610992
2086,3.0,373,0.3602447509765625,,0.13364606769755483,-0.026810921728610992
2087,24.0,1395,1.5861942768096924,,0.07810361101292074,-0.05130010098218918
2088,29.0,1440,1.6115989685058594,,0.12471767468377948,-0.04699815809726715
2089,14.0,627,0.6888344287872314,,0.1856276518665254,-0.0410696305334568
2090,13.0,697,0.8499546051025391,,0.06930168415419757,-0.05094418674707413
2091,23.0,889,0.9517159461975098,,0.09656804846599698,-0.06346171349287033
2092,25.0,865,0.9997634887695312,,0.11048576980829239,-0.04604693502187729
2093,31.0,1769,1.9262640476226807,,0.15725649055093527,-0.04773038625717163
2094,7.0,361,0.43900299072265625,,0.11494371760636568,-0.06270433217287064
2095,19.0,697,0.7618534564971924,,0.017990155378356576,-0.07893066853284836
2096,10.0,626,0.7829351425170898,,0.17327965330332518,-0.018294788897037506
2097,11.0,641,0.7108073234558105,,0.08578276447951794,-0.04659933224320412
2098,16.0,650,0.7122578620910645,,0.14977904316037893,-0.02305367961525917
2099,6.0,595,0.667485237121582,,0.11538698570802808,-0.05007915943861008
2100,6.0,475,0.5502579212188721,,0.1258037406951189,-0.04344820976257324
2101,3.0,365,0.44869422912597656,,0.21471703052520752,0.006207004189491272
2102,15.0,595,0.6701536178588867,,0.231957096606493,-0.01326676458120346
2103,0.0,341,0.4200897216796875,,0.07787938229739666,-0.05271497741341591
2104,13.0,585,0.657263994216919,,0.11463516019284725,-0.05067664012312889
2105,19.0,753,0.8192579746246338,,0.2060127267614007,-0.008187457919120789
2106,14.0,703,0.8649022579193115,,0.17205416737124324,-0.043093085289001465
2107,9.0,467,0.5436809062957764,,0.13138273218646646,-0.047570131719112396
2108,15.0,717,0.7821612358093262,,0.10328023508191109,-0.053754813969135284
2109,20.0,816,0.9615037441253662,,0.10794580262154341,-0.04669433832168579
2110,4.0,370,0.3528330326080322,,0.10794580262154341,-0.04669433832168579
2111,20.0,975,1.1084630489349365,,0.12091574957594275,-0.040875621140003204
2112,27.0,1381,1.5792739391326904,,0.1175015177577734,-0.04862287640571594
2113,13.0,626,0.6976771354675293,,0.11327795358374715,-0.04062822461128235
2114,6.0,527,0.5984711647033691,,0.08701137360185385,-0.059852756559848785
2115,27.0,1035,1.1571083068847656,,0.15827441681176424,-0.03171638026833534
2116,19.0,619,0.7666466236114502,,0.06567655992694199,-0.05423735827207565
2117,15.0,706,0.763822078704834,,0.14493911154568195,-0.026816029101610184
2118,32.0,1389,1.593531847000122,,0.10244983807206154,-0.054346829652786255
2119,17.0,786,0.8428142070770264,,0.08499481924809515,-0.04943078011274338
2120,8.0,528,0.5994768142700195,,0.1446197433397174,-0.03325630724430084
2121,9.0,523,0.589730978012085,,0.11818887433037162,-0.04946865141391754
2122,9.0,507,0.582956075668335,,0.1756391846574843,-0.008140753954648972
2123,17.0,751,0.8928413391113281,,0.10846219072118402,-0.04180460795760155
2124,16.0,705,0.7693145275115967,,0.09272218961268663,-0.04718847572803497
2125,17.0,782,0.9381046295166016,,0.09037230536341667,-0.06046868860721588
2126,18.0,893,0.9420163631439209,,0.1272940901108086,-0.050391603261232376
2127,15.0,781,0.9338870048522949,,0.07523135817609727,-0.0861886665225029
2128,21.0,850,1.0011868476867676,,0.09015103871934116,-0.05368068814277649
2129,18.0,881,0.9230706691741943,,0.10419020056724548,-0.06250423192977905
2130,25.0,1011,1.1468892097473145,,0.06570463022217155,-0.05919117107987404
2131,17.0,813,0.9513084888458252,,0.07734677474945784,-0.06106844171881676
2132,25.0,1093,1.2212724685668945,,0.0978734903037548,-0.039490267634391785
2133,8.0,520,0.5873661041259766,,0.08066180301830173,-0.06763409078121185
2134,26.0,1160,1.2746484279632568,,0.1746957814320922,-0.0032985247671604156
2135,13.0,725,0.8770809173583984,,0.07447744649834931,-0.04985608905553818
2136,11.0,558,0.6239609718322754,,0.145975180901587,-0.031597673892974854
2137,25.0,1160,1.280153751373291,,0.09325192542746663,-0.06109754741191864
2138,22.0,829,0.9710934162139893,,0.10229165432974696,-0.053779538720846176
2139,9.0,503,0.5722188949584961,,0.1719413362443447,-0.028096944093704224
2140,15.0,794,0.8486185073852539,,0.15832922281697392,-0.015621203929185867
2141,14.0,793,0.9380083084106445,,0.07477385411038995,-0.07432268559932709
2142,15.0,647,0.7178776264190674,,0.1727086314931512,-0.036967962980270386
2143,21.0,1099,1.2294261455535889,,0.09505903697572649,-0.054602961987257004
2144,17.0,929,1.070432424545288,,0.044689780566841364,-0.0840529054403305
2145,19.0,869,1.0257830619812012,,0.05885978904552758,-0.06606700271368027
2146,12.0,671,0.7368571758270264,,0.11919360561296344,-0.06460831314325333
2147,25.0,840,0.9786286354064941,,0.09479937283322215,-0.03569735214114189
2148,19.0,891,0.944434404373169,,0.1701235887594521,-0.027142412960529327
2149,15.0,699,0.8519299030303955,,0.06058995891362429,-0.06252351403236389
2150,19.0,675,0.7339949607849121,,0.13468743115663528,-0.034089721739292145
2151,21.0,882,1.027547836303711,,0.11617175210267305,-0.027094662189483643
2152,17.0,681,0.7451071739196777,,0.0841124327853322,-0.056749653071165085
2153,21.0,962,1.0890331268310547,,0.10663254419341683,-0.0386885441839695
2154,12.0,565,0.6334412097930908,,0.1350232777185738,-0.051218122243881226
2155,19.0,792,0.9347128868103027,,0.12316415412351489,-0.01640418916940689
2156,17.0,709,0.7763621807098389,,0.1454343358054757,-0.025012686848640442
2157,23.0,895,1.035560131072998,,0.10989464679732919,-0.03672906011343002
2158,21.0,1009,1.1525003910064697,,0.10675817495211959,-0.042958393692970276
2159,12.0,678,0.7376198768615723,,0.12198120541870594,-0.06489424407482147
2160,12.0,598,0.6589305400848389,,0.12503929995000362,-0.0235530324280262
2161,16.0,729,0.893157958984375,,0.07367748254910111,-0.04668663442134857
2162,14.0,623,0.6882748603820801,,0.1387430028989911,-0.024979721754789352
2163,15.0,700,0.7729294300079346,,0.08369062142446637,-0.0554523691534996
2164,15.0,689,0.8434267044067383,,0.08392088441178203,-0.03034048154950142
2165,24.0,1024,1.1600992679595947,,0.16204454703256488,-0.03469298407435417
2166,15.0,745,0.8012163639068604,,0.11030659219250083,-0.051782771944999695
2167,16.0,772,0.8305423259735107,,0.10232756845653057,-0.04229450970888138
2168,21.0,799,0.9529438018798828,,0.14862307161092758,-0.01839202269911766
2169,25.0,1160,1.2803411483764648,,0.05974861024878919,-0.08141403645277023
2170,20.0,865,1.003483533859253,,0.0717406990006566,-0.056102197617292404
2171,20.0,938,1.0769155025482178,,0.061958884820342064,-0.05452696233987808
2172,17.0,674,0.7388911247253418,,0.08524819300509989,-0.051593028008937836
2173,11.0,625,0.686009407043457,,0.09793615527451038,-0.04655788093805313
2174,13.0,635,0.7891457080841064,,0.14312109118327498,-0.03018786385655403
2175,10.0,575,0.641183614730835,,0.08089388837106526,-0.05083957687020302
2176,5.0,425,0.5082864761352539,,0.1086912420578301,-0.03337793052196503
2177,23.0,896,0.943173885345459,,0.12873497745022178,-0.0039586834609508514
2178,14.0,715,0.8676121234893799,,0.12877645809203386,-0.03437943756580353
2179,13.0,722,0.7800407409667969,,0.15581005392596126,-0.02388140931725502
2180,8.0,513,0.5759766101837158,,0.15097447158768773,-0.016701869666576385
2181,9.0,569,0.6418626308441162,,0.0767883628141135,-0.047965675592422485
2182,6.0,549,0.6130256652832031,,0.10135948099195957,-0.027698807418346405
2183,15.0,753,0.8914303779602051,,0.11342210369184613,-0.029531951993703842
2184,20.0,773,0.8334052562713623,,0.09774599643424153,-0.04967509210109711
2185,9.0,641,0.7969517707824707,,0.16536012990400195,-0.030551627278327942
2186,13.0,682,0.7480525970458984,,0.14852082636207342,-0.021389905363321304
2187,20.0,866,1.0078623294830322,,0.06295779044739902,-0.049380168318748474
2188,13.0,697,0.7517969608306885,,0.12384321633726358,-0.02087736874818802
2189,29.0,1003,1.1208057403564453,,0.07265992369502783,-0.049954213201999664
2190,16.0,780,0.8445534706115723,,0.19098005536943674,-0.038040269166231155
2191,17.0,983,1.1178088188171387,,0.09551452426239848,-0.046650901436805725
2192,17.0,942,1.0719892978668213,,0.05851807305589318,-0.05044633895158768
2193,18.0,761,0.9130473136901855,,0.037767019239254296,-0.07597509026527405
2194,20.0,827,0.8813583850860596,,0.13490626076236367,-0.03140292316675186
2195,16.0,605,0.6746337413787842,,0.09066586196422577,-0.05068046599626541
2196,5.0,458,0.532888650894165,,0.06522290641441941,-0.069522425532341
2197,15.0,647,0.8002474308013916,,0.15366101823747158,-0.01788444072008133
2198,11.0,659,0.7219393253326416,,0.10029856255277991,-0.05734699219465256
2199,23.0,1115,1.2358088493347168,,0.08701176522299647,-0.054305367171764374
2200,13.0,675,0.7409331798553467,,0.15075053740292788,-0.034303247928619385
2201,13.0,806,0.9547090530395508,,0.11452046316117048,-0.04521269351243973
2202,14.0,891,1.032881736755371,,0.07238740054890513,-0.06738679111003876
2203,18.0,901,0.9481110572814941,,0.10847841529175639,-0.043829236179590225
2204,20.0,1074,1.2848029136657715,,0.09963474911637604,-0.057912856340408325
2205,21.0,1047,1.17539644241333,,0.05793306278064847,-0.06337282061576843
2206,5.0,435,0.4258599281311035,,0.05793306278064847,-0.06337282061576843
2207,19.0,687,0.8406119346618652,,0.12211331259459257,-0.036717891693115234
2208,14.0,694,0.7614226341247559,,0.17345083132386208,-0.0157548226416111
2209,19.0,912,1.0421738624572754,,0.13206435181200504,-0.044892456382513046
2210,28.0,1458,1.6250622272491455,,0.22930646128952503,0.009093761444091797
2211,14.0,1030,1.1714038848876953,,0.08826183620840311,-0.03589458391070366
2212,8.0,818,0.8793275356292725,,0.08302182308398187,-0.06579354405403137
2213,20.0,931,1.0697710514068604,,0.08282935107126832,-0.059127312153577805
2214,3.0,354,0.4299356937408447,,0.14766926364973187,-0.04205026850104332
2215,21.0,1043,1.1845557689666748,,0.11016829963773489,-0.0515616200864315
2216,21.0,1128,1.2517483234405518,,0.0715756332501769,-0.05881495401263237
2217,16.0,928,1.0660719871520996,,0.06144390720874071,-0.07512430846691132
2218,10.0,577,0.6443989276885986,,0.13938369555398822,-0.03875155746936798
2219,16.0,798,0.9378020763397217,,0.12099773436784744,-0.04904785752296448
2220,17.0,707,0.767704963684082,,0.07767778262495995,-0.06394803524017334
2221,18.0,859,1.0060029029846191,,0.0798362921923399,-0.058597974479198456
2222,15.0,689,0.7579994201660156,,0.10476220212876797,-0.054683126509189606
2223,11.0,663,0.730731725692749,,0.13056299462914467,-0.05004999786615372
2224,12.0,610,0.779090166091919,,0.1883105579763651,-0.0060722120106220245
2225,20.0,927,0.9670422077178955,,0.1332101314328611,-0.027776479721069336
2226,21.0,995,1.125640630722046,,0.08471662225201726,-0.07434064149856567
2227,24.0,970,1.1141438484191895,,0.12473766272887588,-0.03899586200714111
2228,20.0,834,0.9758455753326416,,0.04775570088531822,-0.08203241229057312
2229,9.0,571,0.648423433303833,,0.11466500302776694,-0.03902546688914299
2230,10.0,703,0.7686443328857422,,0.10795707395300269,-0.05270538479089737
2231,16.0,827,0.9724278450012207,,0.14628481399267912,-0.017922967672348022
2232,22.0,1142,1.2660982608795166,,0.06309950328432024,-0.0769788846373558
2233,7.0,473,0.5510139465332031,,0.08994866604916751,-0.05986630171537399
2234,16.0,734,0.7861266136169434,,0.08381241117604077,-0.07112740725278854
2235,24.0,1203,1.4050178527832031,,0.1392745398916304,-0.04090069979429245
2236,17.0,745,0.8068528175354004,,0.08712384779937565,-0.04189685359597206
2237,16.0,750,0.9057705402374268,,0.16272311145439744,-0.04473723843693733
2238,20.0,871,0.9385950565338135,,0.10440995800308883,-0.039939284324645996
2239,13.0,669,0.8209362030029297,,0.12812300538644195,-0.042415209114551544
2240,17.0,709,0.7770581245422363,,0.09193299477919936,-0.04559320583939552
2241,24.0,1068,1.195678472518921,,0.09770862059667706,-0.06712450087070465
2242,5.0,433,0.5093615055084229,,0.1673078308813274,-0.029698602855205536
2243,14.0,669,0.7314074039459229,,0.07442804262973368,-0.07404538989067078
2244,9.0,621,0.7828137874603271,,0.07022967492230237,-0.05669229477643967
2245,18.0,856,0.9164490699768066,,0.07892087032087147,-0.05236077308654785
2246,22.0,930,1.0740368366241455,,0.12268549436703324,-0.04127444326877594
2247,20.0,872,1.0253732204437256,,0.17870960664004087,-0.03679036349058151
2248,13.0,689,0.7581901550292969,,0.17491500498726964,-0.035105496644973755
2249,20.0,937,1.0679700374603271,,0.11406295793130994,-0.04412618279457092
2250,5.0,436,0.506309986114502,,0.1663531782105565,-0.040091805160045624
2251,4.0,459,0.542156457901001,,0.06761389714665711,-0.07029475271701813
2252,21.0,887,0.9518425464630127,,0.11109409015625715,-0.04349347576498985
2253,21.0,926,1.0616180896759033,,0.09529461013153195,-0.05786933749914169
2254,14.0,711,0.8705191612243652,,0.08144068857654929,-0.07695375382900238
2255,20.0,842,0.8952991962432861,,0.12225825386121869,-0.03448718041181564
2256,21.0,880,1.0238778591156006,,0.09731896733865142,-0.04771154373884201
2257,23.0,970,1.1044175624847412,,0.11552797979675233,-0.062398046255111694
2258,25.0,823,0.9680452346801758,,0.1118425796739757,-0.05959508568048477
2259,16.0,599,0.6686336994171143,,0.15826325584203005,-0.025149911642074585
2260,18.0,933,1.0788636207580566,,0.12347376579418778,-0.03864513337612152
2261,22.0,932,0.977787971496582,,0.11717627197504044,-0.04973054677248001
2262,21.0,807,0.9635655879974365,,0.06433240976184607,-0.07938216626644135
2263,12.0,558,0.6229290962219238,,0.1605955041013658,-0.02873396873474121
2264,30.0,1346,1.5288197994232178,,0.1540201809257269,-0.03424803912639618
2265,16.0,705,0.7566347122192383,,0.08115817466750741,-0.06446339190006256
2266,19.0,648,0.7025599479675293,,0.09900794178247452,-0.04768901690840721
2267,16.0,745,0.8978543281555176,,0.13675341848284006,-0.03590279817581177
2268,29.0,1294,1.412532091140747,,0.1315377363935113,-0.020564433187246323
2269,19.0,781,0.935894250869751,,0.05178322969004512,-0.07862219959497452
2270,15.0,635,0.7157249450683594,,0.09544696006923914,-0.03832407295703888
2271,18.0,817,0.9694797992706299,,0.10417668242007494,-0.04089654982089996
2272,17.0,798,0.859184741973877,,0.12314664199948311,-0.041668184101581573
2273,6.0,635,0.7001399993896484,,0.08201700542122126,-0.053225383162498474
2274,25.0,1089,1.315385341644287,,0.0747669511474669,-0.06724688410758972
2275,20.0,719,0.7873129844665527,,0.12546190759167075,-0.04699775576591492
2276,12.0,584,0.6498267650604248,,0.1130055608227849,-0.03707156330347061
2277,22.0,897,1.0387699604034424,,0.057301747845485806,-0.06943969428539276
2278,28.0,1027,1.1682782173156738,,0.08909882325679064,-0.04494410753250122
2279,17.0,832,0.8935489654541016,,0.09402454271912575,-0.07094183564186096
2280,4.0,473,0.5486857891082764,,0.1583904060535133,-0.026976410299539566
2281,22.0,911,1.047739028930664,,0.3596587395295501,0.040337953716516495
2282,24.0,1005,1.1504440307617188,,0.07536528562195599,-0.07750603556632996
2283,27.0,1123,1.2404069900512695,,0.0500504020601511,-0.07158318161964417
2284,7.0,656,0.8052737712860107,,0.11510404106229544,-0.04049097001552582
2285,13.0,827,0.9027955532073975,,0.14967562444508076,-0.03545192629098892
2286,27.0,1095,1.2248728275299072,,0.10856774263083935,-0.043702855706214905
2287,23.0,981,1.123960256576538,,0.07199392770417035,-0.0679854303598404
2288,16.0,610,0.6784968376159668,,0.12753171753138304,-0.04578157141804695
2289,9.0,492,0.5758450031280518,,0.04846228938549757,-0.06740929186344147
2290,10.0,489,0.5668284893035889,,0.11552841169759631,-0.04440784454345703
2291,5.0,398,0.47952866554260254,,0.1317971353419125,-0.02903006225824356
2292,23.0,952,1.0973074436187744,,0.11631946242414415,-0.02878458797931671
2293,17.0,654,0.7210037708282471,,0.21871932595968246,0.010557912290096283
2294,21.0,903,1.0561299324035645,,0.13468272984027863,-0.03465494140982628
2295,11.0,546,0.6151425838470459,,0.1425722516141832,-0.055811069905757904
2296,21.0,831,0.9730794429779053,,0.1188751207664609,-0.03549041599035263
2297,9.0,573,0.6453897953033447,,0.14332285756245255,-0.023625295609235764
2298,14.0,665,0.7267229557037354,,0.06606785906478763,-0.06310255080461502
2299,20.0,771,0.9100742340087891,,0.11302601872012019,-0.03560400381684303
2300,12.0,560,0.6338763236999512,,0.11712585855275393,-0.045772917568683624
2301,18.0,733,0.7944881916046143,,0.11601691646501422,-0.02401687204837799
2302,15.0,722,0.8716678619384766,,0.11329726641997695,-0.04371786117553711
2303,19.0,919,0.9746990203857422,,0.1322305272333324,-0.018400460481643677
2304,28.0,1064,1.1882271766662598,,0.12296762550249696,-0.04996639862656593
2305,24.0,1091,1.3153893947601318,,0.13386678602546453,-0.027686119079589844
2306,9.0,517,0.5922214984893799,,0.08297149022109807,-0.07277609407901764
2307,22.0,858,0.9181699752807617,,0.10238018119707704,-0.0346723273396492
2308,19.0,927,1.0641705989837646,,0.09755758848041296,-0.05759580433368683
2309,10.0,537,0.604499340057373,,0.12077697785571218,-0.03417743742465973
2310,20.0,773,0.925117015838623,,0.1280439724214375,-0.0226641446352005
2311,15.0,791,0.8522789478302002,,0.08939896151423454,-0.045262642204761505
2312,13.0,632,0.7050752639770508,,0.08276955084875226,-0.04844878613948822
2313,16.0,675,0.8270421028137207,,0.1502419114112854,-0.012613385915756226
2314,22.0,910,1.066035509109497,,0.07149524660781026,-0.06311099976301193
2315,18.0,1042,1.1714839935302734,,0.17087126709520817,-0.019703064113855362
2316,17.0,854,0.9147200584411621,,0.08605843689292669,-0.06338557600975037
2317,14.0,909,1.0635294914245605,,0.03977134882006794,-0.0755193904042244
2318,8.0,531,0.6055693626403809,,0.09568600938655436,-0.04274424910545349
2319,14.0,762,0.9128668308258057,,0.09263818641193211,-0.03470543771982193
2320,15.0,613,0.6801581382751465,,0.14127561450004578,-0.05712427943944931
2321,7.0,452,0.5318779945373535,,0.09581862483173609,-0.02519669383764267
2322,15.0,621,0.690711498260498,,0.07999878260307014,-0.04190831631422043
2323,19.0,837,0.8989813327789307,,0.09861093712970614,-0.02258772775530815
2324,24.0,900,1.0521879196166992,,0.0875324890948832,-0.05406926944851875
2325,11.0,595,0.6651878356933594,,0.1195660992525518,-0.040423132479190826
2326,17.0,655,0.826695442199707,,0.1571500040590763,-0.013003092259168625
2327,23.0,1147,1.2749264240264893,,0.11053727241232991,-0.042794473469257355
2328,20.0,705,0.7633578777313232,,0.07469826634041965,-0.0643526166677475
2329,24.0,1198,1.4165403842926025,,0.11830133758485317,-0.06186986342072487
2330,17.0,829,0.8897442817687988,,0.08113060682080686,-0.07341059297323227
2331,16.0,642,0.7061741352081299,,0.1396106593310833,-0.016324006021022797
2332,11.0,598,0.7637529373168945,,0.11451074853539467,-0.045413851737976074
2333,10.0,519,0.6029736995697021,,0.07911709765903652,-0.03883529454469681
2334,5.0,393,0.37871742248535156,,0.07911709765903652,-0.03883529454469681
2335,13.0,645,0.8314681053161621,,0.22519212774932384,0.01641305536031723
2336,10.0,567,0.6484637260437012,,0.0999420927837491,-0.05297819525003433
2337,9.0,493,0.5727579593658447,,0.11770093534141779,-0.029639989137649536
2338,28.0,909,1.0609002113342285,,0.11267415760084987,-0.039474599063396454
2339,14.0,523,0.5989763736724854,,0.20764423394575715,-0.01440412551164627
2340,18.0,723,0.7893581390380859,,0.107720204629004,-0.05189339071512222
2341,22.0,894,1.0444350242614746,,0.10285090701654553,-0.044000882655382156
2342,21.0,853,0.9112601280212402,,0.11877266131341457,-0.05624620243906975
2343,3.0,390,0.47707557678222656,,0.10058348579332232,-0.041574232280254364
2344,1.0,351,0.43553614616394043,,0.08467282308265567,-0.05328637361526489
2345,18.0,749,0.8181791305541992,,0.3946989895775914,0.05790126696228981
2346,17.0,663,0.814509391784668,,0.18008363200351596,-0.05241230130195618
2347,15.0,640,0.7098486423492432,,0.1634559128433466,-0.013925068080425262
2348,4.0,351,0.4337296485900879,,0.15801664534956217,-0.03719775751233101
2349,12.0,502,0.578507661819458,,0.14960170397534966,-0.03463377058506012
2350,13.0,510,0.5885128974914551,,0.15018725581467152,-0.03443150594830513
2351,9.0,447,0.4332101345062256,,0.15018725581467152,-0.03443150594830513
2352,21.0,827,0.9750475883483887,,0.14057046920061111,-0.03531365841627121
2353,11.0,775,0.9371016025543213,,0.13998344773426652,-0.05092252045869827
2354,17.0,843,0.8998703956604004,,0.12952464492991567,-0.034090179949998856
2355,21.0,903,1.055454969406128,,0.10879273107275367,-0.047839194536209106
2356,16.0,833,0.9784195423126221,,0.1256254599429667,-0.04279281571507454
2357,20.0,829,0.8935158252716064,,0.07046268018893898,-0.06324461847543716
2358,15.0,744,0.8975911140441895,,0.1057787835597992,-0.050404131412506104
2359,1.0,333,0.3219738006591797,,0.1057787835597992,-0.050404131412506104
2360,20.0,755,0.9249916076660156,,0.1862555705010891,-0.009454026818275452
2361,20.0,862,0.9160640239715576,,0.13031338201835752,-0.045244570821523666
2362,26.0,988,1.120978832244873,,0.07213843590579927,-0.05815787985920906
2363,10.0,473,0.5558366775512695,,0.17486583115532994,-0.02296767383813858
2364,18.0,851,0.9956190586090088,,0.1063495515845716,-0.031044218689203262
2365,19.0,767,0.8203761577606201,,0.1682596425525844,-0.006051696836948395
2366,14.0,588,0.742600679397583,,0.13430589903146029,-0.048703067004680634
2367,22.0,832,0.8898348808288574,,0.15478850062936544,-0.024065479636192322
2368,16.0,758,0.9044334888458252,,0.13259495748206973,-0.04232019558548927
2369,21.0,866,0.9306025505065918,,0.10582873551174998,-0.05271650478243828
2370,18.0,587,0.7447636127471924,,0.15769619774073362,-0.045827336609363556
2371,7.0,447,0.4285132884979248,,0.15769619774073362,-0.045827336609363556
2372,28.0,1152,1.3687121868133545,,0.11753065790981054,-0.04181806743144989
2373,20.0,710,0.7680904865264893,,0.12369221774861217,-0.044984929263591766
2374,9.0,379,0.4547896385192871,,0.07457598438486457,-0.04794428125023842
2375,9.0,379,0.46343135833740234,,0.2157299416139722,-0.0030640289187431335
2376,28.0,1505,1.5906240940093994,,0.13438854087144136,-0.011981822550296783
2377,18.0,789,0.9288902282714844,,0.06032444071024656,-0.05179855599999428
2378,23.0,879,1.0135219097137451,,0.08610183140262961,-0.052895475178956985
2379,16.0,697,0.76338791847229,,0.08983879815787077,-0.06321050971746445
2380,17.0,727,0.8805315494537354,,0.1373480511829257,-0.020487740635871887
2381,21.0,723,0.7827723026275635,,0.07158585521392524,-0.06620410829782486
2382,21.0,895,1.0333662033081055,,0.12337390705943108,-0.05915587395429611
2383,4.0,352,0.33648157119750977,,0.12337390705943108,-0.05915587395429611
2384,22.0,880,1.0247001647949219,,0.24876336008310318,0.013374269008636475
2385,13.0,703,0.7599284648895264,,0.1477906065993011,-0.03661582991480827
2386,15.0,605,0.7608413696289062,,0.153190937358886,-0.035455137491226196
2387,22.0,739,0.7919821739196777,,0.14335186267271638,-0.04643796756863594
2388,18.0,789,0.9286985397338867,,0.13073535356670618,-0.04361830651760101
2389,16.0,813,0.8625411987304688,,0.10643197037279606,-0.04651527851819992
2390,11.0,521,0.5871806144714355,,0.11407966911792755,-0.037851713597774506
2391,7.0,505,0.5755608081817627,,0.12398823024705052,-0.03137267380952835
2392,12.0,537,0.603081226348877,,0.1500209434889257,-0.022188030183315277
2393,21.0,883,1.0286791324615479,,0.08666537515819073,-0.05306632071733475
2394,19.0,751,0.8017215728759766,,0.07001668238081038,-0.049085430800914764
2395,15.0,596,0.7470331192016602,,0.12496300926432014,-0.044549666345119476
2396,20.0,712,0.7734668254852295,,0.11925623170100152,-0.03778766840696335
2397,15.0,652,0.713092565536499,,0.10902002872899175,-0.03781053051352501
2398,14.0,571,0.6519351005554199,,0.1338416556827724,-0.028296902775764465
2399,5.0,613,0.7716073989868164,,0.13800125056877732,-0.03691764175891876
2400,24.0,909,0.9653699398040771,,0.2463007098995149,0.00874967873096466
2401,7.0,479,0.5527231693267822,,0.17708037048578262,-0.015889443457126617
2402,9.0,623,0.7856144905090332,,0.1483043236657977,-0.01150888204574585
2403,16.0,707,0.769719123840332,,0.16692193876951933,-0.010819673538208008
2404,16.0,869,1.012915849685669,,0.15802158694714308,-0.023324918001890182
2405,17.0,661,0.7260274887084961,,0.09965793415904045,-0.053797878324985504
2406,18.0,665,0.7291073799133301,,0.09542730636894703,-0.05994521453976631
2407,15.0,1067,1.1907994747161865,,0.14489281782880425,-0.021071691066026688
2408,23.0,966,1.0932509899139404,,0.07343286974355578,-0.07589536905288696
2409,7.0,521,0.5871748924255371,,0.17193663585931063,-0.012029089033603668
2410,16.0,651,0.7122507095336914,,0.1423404598608613,-0.05102938413619995
2411,5.0,385,0.4668395519256592,,0.1988683771342039,0.009999819099903107
2412,11.0,539,0.6082608699798584,,0.07929290318861604,-0.06589589267969131
2413,7.0,470,0.5381124019622803,,0.21682909224182367,-0.009679794311523438
2414,4.0,358,0.44164204597473145,,0.0826542575377971,-0.052167799323797226
2415,12.0,560,0.6397562026977539,,0.08950692601501942,-0.04605576768517494
2416,12.0,673,0.7347428798675537,,0.11294292379170656,-0.030336368829011917
2417,9.0,461,0.5491716861724854,,0.11222911207005382,-0.05453627184033394
2418,2.0,351,0.4337306022644043,,0.10921254521235824,-0.06108450889587402
2419,15.0,621,0.6997039318084717,,0.10559324268251657,-0.04591376706957817
2420,4.0,381,0.4581935405731201,,0.12990182312205434,-0.032036542892456055
2421,6.0,593,0.6711053848266602,,0.10999686550348997,-0.05367444455623627
2422,22.0,907,1.046828269958496,,0.23345497203990817,-0.02287980541586876
2423,11.0,491,0.5722756385803223,,0.10221553314477205,-0.05590003356337547
2424,11.0,716,0.7949810028076172,,0.06810473999939859,-0.06812706589698792
2425,21.0,745,0.8972396850585938,,0.0889086879324168,-0.05922956019639969
2426,13.0,659,0.7224841117858887,,0.16118779964745045,-0.023872118443250656
2427,5.0,459,0.5432956218719482,,0.09717670176178217,-0.05088786408305168
2428,21.0,997,1.1511657238006592,,0.19957910850644112,4.053860902786255e-05
2429,11.0,525,0.6027398109436035,,0.1360888136550784,-0.04425214231014252
2430,16.0,655,0.73410964012146,,0.0884989770129323,-0.05210098996758461
2431,17.0,721,0.7826998233795166,,0.08185878302901983,-0.048541031777858734
2432,16.0,994,1.1361539363861084,,0.09106274507939816,-0.05704885348677635
2433,23.0,774,0.919888973236084,,0.08361954824067652,-0.07714236527681351
2434,15.0,655,0.7240650653839111,,0.17004750948399305,-0.02376342937350273
2435,17.0,960,1.0940783023834229,,0.08869303343817592,-0.060780346393585205
2436,16.0,629,0.6962149143218994,,0.10719028860330582,-0.0676610916852951
2437,18.0,853,0.99127197265625,,0.09971250547096133,-0.05383792892098427
2438,14.0,617,0.6861429214477539,,0.08968609268777072,-0.060798853635787964
2439,19.0,935,1.073469877243042,,0.1269439710304141,-0.05314096063375473
2440,21.0,935,1.0701484680175781,,0.10627102665603161,-0.050024762749671936
2441,21.0,797,0.8576176166534424,,0.13747959537431598,-0.052204690873622894
2442,21.0,1131,1.3473308086395264,,0.10589366918429732,-0.05322137102484703
2443,34.0,1115,1.2206592559814453,,0.13612055638805032,-0.04298577085137367
2444,23.0,851,0.9213628768920898,,0.09588202927261591,-0.06526878476142883
2445,15.0,566,0.6308951377868652,,0.10222237510606647,-0.04228781536221504
2446,17.0,784,0.9275650978088379,,0.1467470214702189,-0.050153087824583054
2447,21.0,919,1.0573296546936035,,0.14478045934811234,-0.031653229147195816
2448,27.0,1151,1.2898130416870117,,0.10857567726634443,-0.0583396814763546
2449,25.0,1067,1.1938831806182861,,0.06325437175109982,-0.06188061833381653
2450,13.0,643,0.7133066654205322,,0.10057678213343024,-0.06351268291473389
2451,5.0,367,0.44532299041748047,,0.11495725903660059,-0.044657137244939804
2452,17.0,627,0.6951451301574707,,0.12516415026038885,-0.014915704727172852
2453,21.0,923,1.070129156112671,,0.13671955792233348,-0.04915209859609604
2454,18.0,894,1.0440716743469238,,0.08935878379270434,-0.06470350176095963
2455,24.0,1150,1.2752182483673096,,0.08181378664448857,-0.05019009858369827
2456,15.0,566,0.6382644176483154,,0.12129924027249217,-0.04693065956234932
2457,7.0,364,0.4538578987121582,,0.08071275590918958,-0.0439244769513607
2458,24.0,1019,1.1533565521240234,,0.11339788790792227,-0.02627192810177803
2459,25.0,942,1.0826396942138672,,0.08495807368308306,-0.05263997241854668
2460,17.0,718,0.794870138168335,,0.11118994606658816,-0.05588270351290703
2461,23.0,905,1.0421583652496338,,0.1356919347308576,-0.03656111657619476
2462,5.0,375,0.45448756217956543,,0.14756688242778182,-0.04472174495458603
2463,13.0,554,0.6280293464660645,,0.15683735068887472,-0.029921449720859528
2464,22.0,698,0.7768847942352295,,0.2532806321978569,0.028276711702346802
2465,8.0,421,0.4984278678894043,,0.09017289662733674,-0.04290882498025894
2466,7.0,456,0.541046142578125,,0.12541727535426617,-0.07814019173383713
2467,24.0,853,0.9048378467559814,,0.16567165683954954,-0.004510022699832916
2468,16.0,632,0.7919440269470215,,0.1025205752812326,-0.0761643722653389
2469,3.0,345,0.3299140930175781,,0.1025205752812326,-0.0761643722653389
2470,6.0,351,0.4376494884490967,,0.10388273559510708,-0.04078218340873718
2471,23.0,871,1.0150434970855713,,0.08960699522867799,-0.03382973372936249
2472,10.0,431,0.5162591934204102,,0.12421750649809837,-0.050890058279037476
2473,22.0,854,0.9041647911071777,,0.10414158785715699,-0.053555116057395935
2474,13.0,599,0.6723792552947998,,0.1353119076229632,-0.03384282439947128
2475,11.0,633,0.7976944446563721,,0.1904617017135024,0.0069092437624931335
2476,9.0,459,0.5470211505889893,,0.08720314595848322,-0.057743825018405914
2477,19.0,637,0.7070860862731934,,0.08171808277256787,-0.055497683584690094
2478,15.0,603,0.68105149269104,,0.14107492985203862,-0.041169747710227966
2479,6.0,403,0.47853755950927734,,0.10466886451467872,-0.03781504929065704
2480,33.0,1355,1.4640257358551025,,0.20898829866200686,-0.003398604691028595
2481,25.0,1085,1.2993230819702148,,0.12753485050052404,-0.052589915692806244
2482,15.0,711,0.7722129821777344,,0.09541330114006996,-0.06432126462459564
2483,12.0,669,0.7268402576446533,,0.13996984343975782,-0.029239684343338013
2484,5.0,435,0.5157573223114014,,0.0889803902246058,-0.032219670712947845
2485,32.0,1201,1.3085682392120361,,0.19660980021581054,-0.005226626992225647
2486,19.0,996,1.1336071491241455,,0.0925899432040751,-0.061254728585481644
2487,28.0,994,1.1142990589141846,,0.11456587770953774,-0.050926633179187775
2488,21.0,813,0.96390700340271,,0.09939298406243324,-0.06831144541501999
2489,16.0,813,0.9607417583465576,,0.11779056070372462,-0.05192430317401886
2490,22.0,734,0.7924754619598389,,0.22172445338219404,0.018876008689403534
2491,23.0,1069,1.204195499420166,,0.13040672708302736,-0.04763231426477432
2492,13.0,657,0.7222838401794434,,0.1825327519327402,-0.016421034932136536
2493,23.0,897,1.0392186641693115,,0.1290120123885572,-0.02367008849978447
2494,16.0,643,0.7150382995605469,,0.1243276041932404,-0.04681624472141266
2495,21.0,815,0.9537379741668701,,0.09662665706127882,-0.05934048444032669
2496,4.0,412,0.49303483963012695,,0.11619185470044613,-0.03686986863613129
2497,14.0,661,0.7346596717834473,,0.11962980451062322,-0.04329627752304077
2498,5.0,397,0.4697749614715576,,0.23056701570749283,0.018908560276031494
2499,29.0,1025,1.1598429679870605,,0.18797786068171263,0.00921429693698883
2500,17.0,796,0.8584370613098145,,0.18474380765110254,-0.015806112438440323
2501,21.0,773,0.9353084564208984,,0.12558178789913654,-0.06875400245189667
2502,11.0,636,0.7040655612945557,,0.09362399647943676,-0.06024669483304024
2503,8.0,485,0.5616781711578369,,0.0886476815212518,-0.044631559401750565
2504,11.0,691,0.7563357353210449,,0.14028241438791156,-0.013953670859336853
2505,14.0,615,0.7692697048187256,,0.12402028543874621,-0.019864171743392944
2506,32.0,1237,1.3374583721160889,,0.0612184377387166,-0.06980766355991364
2507,31.0,1246,1.3586859703063965,,0.12509254179894924,-0.03008144348859787
2508,28.0,1082,1.3022048473358154,,0.1053729304112494,-0.053793877363204956
2509,14.0,687,0.7495789527893066,,0.10486622853204608,-0.06573589891195297
2510,25.0,1024,1.1589770317077637,,0.10731592075899243,-0.03373859077692032
2511,21.0,841,0.9861152172088623,,0.06087114056572318,-0.06053347885608673
2512,20.0,705,0.7628936767578125,,0.11587897222489119,-0.05223582684993744
2513,11.0,565,0.6302852630615234,,0.09203729312866926,-0.04038878530263901
2514,21.0,936,1.080831527709961,,0.19239117205142975,-0.014061830937862396
2515,21.0,889,1.041071891784668,,0.09504233812913299,-0.05118372291326523
2516,15.0,635,0.7031357288360596,,0.12154330918565392,-0.050565723329782486
2517,21.0,725,0.7898340225219727,,0.10509088030084968,-0.04193636775016785
2518,21.0,887,1.0290977954864502,,0.08212914736941457,-0.06034379452466965
2519,30.0,1068,1.1808996200561523,,0.08323637908324599,-0.05590588599443436
2520,22.0,820,0.9669756889343262,,0.06828753999434412,-0.06109251827001572
2521,20.0,903,0.9578940868377686,,0.11115177953615785,-0.03666214644908905
2522,18.0,793,0.9378011226654053,,0.10996063752099872,-0.07404056191444397
2523,26.0,839,0.984623908996582,,0.07650221581570804,-0.062146835029125214
2524,26.0,803,0.866523265838623,,0.1688193678855896,-0.026483900845050812
2525,22.0,860,0.9992763996124268,,0.0601101906504482,-0.07622155547142029
2526,11.0,678,0.7448053359985352,,0.08475312544032931,-0.0442548431456089
2527,13.0,698,0.8600401878356934,,0.26917373947799206,0.017971526831388474
2528,11.0,552,0.6230261325836182,,0.1260788794606924,-0.022769082337617874
2529,28.0,975,1.1247026920318604,,0.08217807649634778,-0.044857509434223175
2530,12.0,650,0.7195930480957031,,0.14657839247956872,-0.028077080845832825
2531,21.0,869,1.0197603702545166,,0.10592987015843391,-0.02836613729596138
2532,29.0,1075,1.1922128200531006,,0.1343318591825664,-0.043963633477687836
2533,15.0,835,0.8845822811126709,,0.1287979637272656,-0.05324530601501465
2534,28.0,1197,1.4135403633117676,,0.10946096573024988,-0.040976278483867645
2535,17.0,807,0.8587427139282227,,0.09011765383183956,-0.07266485691070557
2536,25.0,1069,1.202892780303955,,0.0837241942062974,-0.05535130947828293
2537,21.0,939,1.0750641822814941,,0.051282791420817375,-0.08613207936286926
2538,21.0,913,1.052060604095459,,0.08180945739150047,-0.06318007409572601
2539,7.0,539,0.6138684749603271,,0.11311232717707753,-0.04279407113790512
2540,12.0,613,0.6798896789550781,,0.19275588728487492,-0.023740746080875397
2541,21.0,952,1.090885877609253,,0.09357437863945961,-0.03650263696908951
2542,15.0,721,0.7822859287261963,,0.04859312833286822,-0.06616148352622986
2543,12.0,877,1.0422189235687256,,0.1216327603906393,-0.030699536204338074
2544,17.0,763,0.913576602935791,,0.06303766020573676,-0.07191887497901917
2545,8.0,512,0.5939874649047852,,0.12467282498255372,-0.04272528365254402
2546,11.0,508,0.5851876735687256,,0.08974147913977504,-0.0321425199508667
2547,26.0,925,0.967864990234375,,0.09787867683917284,-0.03581687808036804
2548,14.0,536,0.6067416667938232,,0.10561760747805238,-0.03846947103738785
2549,26.0,1041,1.168102502822876,,0.12535494472831488,-0.031097933650016785
2550,21.0,916,1.0603535175323486,,0.10902032116428018,-0.06506411731243134
2551,27.0,993,1.1252992153167725,,0.21802336489781737,-0.029937200248241425
2552,22.0,983,1.1340439319610596,,0.07218938297592103,-0.06860985606908798
2553,19.0,903,1.0512745380401611,,0.10653130104765296,-0.05258449167013168
2554,24.0,985,1.122675895690918,,0.08246647799387574,-0.0616174191236496
2555,16.0,759,0.8282499313354492,,0.15802577696740627,-0.04489676654338837
2556,8.0,497,0.5698721408843994,,0.09561423165723681,-0.044524386525154114
2557,8.0,490,0.5645930767059326,,0.07655482133850455,-0.06575265526771545
2558,22.0,835,0.9970219135284424,,0.07049110322259367,-0.04976939782500267
2559,20.0,987,1.1338696479797363,,0.05395296914502978,-0.0637512281537056
2560,13.0,769,0.8453948497772217,,0.14323494769632816,-0.059501465409994125
2561,20.0,743,0.8989570140838623,,0.14368271687999368,-0.02616307884454727
2562,26.0,1232,1.3634850978851318,,0.15814172057434916,-0.03662547469139099
2563,29.0,1225,1.4357843399047852,,0.10720035340636969,-0.05323714762926102
2564,23.0,985,1.037449836730957,,0.16303238831460476,-0.026866666972637177
2565,9.0,665,0.8262207508087158,,0.1105416314676404,-0.06746498495340347
2566,16.0,851,0.9155564308166504,,0.10230607818812132,-0.04274231567978859
2567,12.0,663,0.8126378059387207,,0.10687755327671766,-0.05180523172020912
2568,28.0,1477,1.6916711330413818,,0.11412795400246978,-0.046588234603405
2569,17.0,865,0.9218039512634277,,0.06336626247502863,-0.08703309297561646
2570,7.0,515,0.5928683280944824,,0.11150915315374732,-0.04487960785627365
2571,12.0,611,0.677156925201416,,0.09977776138111949,-0.052559494972229004
2572,21.0,836,0.991877555847168,,0.09898656606674194,-0.03522355854511261
2573,15.0,699,0.7629034519195557,,0.11581584671512246,-0.03913396969437599
2574,13.0,719,0.8889789581298828,,0.11613198975101113,-0.0312158465385437
2575,11.0,566,0.6316337585449219,,0.12222835002467036,-0.023311618715524673
2576,19.0,893,1.0324642658233643,,0.11896131141111255,-0.053781479597091675
2577,30.0,1230,1.340601921081543,,0.08858865778893232,-0.05964227765798569
2578,31.0,1138,1.240610122680664,,0.06070912326686084,-0.07062678039073944
2579,20.0,1207,1.4216508865356445,,0.12366654351353645,-0.03409015014767647
2580,20.0,810,0.8751380443572998,,0.09514775965362787,-0.04930899664759636
2581,16.0,825,0.9618871212005615,,0.10914001939818263,-0.04954288899898529
2582,21.0,1041,1.1797819137573242,,0.11144585069268942,-0.04695851355791092
2583,19.0,850,1.0050804615020752,,0.061023216461762786,-0.06147477775812149
2584,18.0,820,0.8838291168212891,,0.21152239385992289,-0.006075844168663025
2585,7.0,481,0.5609378814697266,,0.09837778424844146,-0.055716656148433685
2586,28.0,1321,1.5300369262695312,,0.25421493873000145,-0.011299572885036469
2587,16.0,845,0.9031617641448975,,0.10012419801205397,-0.06651066243648529
2588,16.0,596,0.7665939331054688,,0.08301244443282485,-0.0568113774061203
2589,19.0,765,0.8278963565826416,,0.18329792562872171,-0.02878466248512268
2590,26.0,1365,1.5680274963378906,,0.12524614203721285,-0.041244104504585266
2591,9.0,512,0.5937845706939697,,0.09473539283499122,-0.06171511486172676
2592,16.0,778,0.8515708446502686,,0.07048305845819414,-0.049824148416519165
2593,18.0,708,0.8534512519836426,,0.07080690423026681,-0.05969905108213425
2594,7.0,509,0.5782070159912109,,0.09882993344217539,-0.04298510029911995
2595,21.0,1037,1.1680700778961182,,0.07640919275581837,-0.041660577058792114
2596,26.0,1018,1.149512767791748,,0.11055359290912747,-0.05476439744234085
2597,23.0,845,0.8951587677001953,,0.1863786750473082,-0.011574041098356247
2598,21.0,847,0.9974620342254639,,0.15051245829090476,-0.04493999481201172
2599,17.0,883,1.02378249168396,,0.0596725745126605,-0.06622426211833954
2600,13.0,701,0.7740004062652588,,0.17756609478965402,-0.008470449596643448
2601,14.0,728,0.7971103191375732,,0.1241074982099235,-0.053082749247550964
2602,10.0,643,0.8158764839172363,,0.16419948684051633,-0.02321065589785576
2603,17.0,638,0.7128868103027344,,0.06764410785399377,-0.05393843352794647
2604,8.0,547,0.621281623840332,,0.12530434178188443,-0.04663792997598648
2605,11.0,565,0.6339232921600342,,0.08805660926736891,-0.05070916563272476
2606,15.0,690,0.7510685920715332,,0.11147345323115587,-0.03999050334095955
2607,18.0,743,0.8856890201568604,,0.14961991226300597,-0.03622893989086151
2608,23.0,869,1.0026214122772217,,0.1465463601052761,-0.0338868722319603
2609,17.0,802,0.8514058589935303,,0.17689756210893393,-0.01320408284664154
2610,21.0,817,0.969942569732666,,0.0928420820273459,-0.06367314606904984
2611,15.0,784,0.8488857746124268,,0.1813628412783146,-0.014111071825027466
2612,24.0,912,1.043832540512085,,0.13705877168104053,-0.03420795500278473
2613,20.0,957,1.0887932777404785,,0.1429598182439804,-0.047471191734075546
2614,25.0,986,1.1292567253112793,,0.06746388948522508,-0.05274605751037598
2615,20.0,873,1.017275094985962,,0.0644700052216649,-0.05926385894417763
2616,15.0,703,0.7713785171508789,,0.14605746092274785,-0.042240582406520844
2617,30.0,1297,1.4033153057098389,,0.10840555233880877,-0.04166678339242935
2618,24.0,995,1.1303119659423828,,0.23738825600594282,-0.012003034353256226
2619,26.0,1017,1.14042329788208,,0.11242856224998832,-0.06571382284164429
2620,26.0,795,0.9322381019592285,,0.18966615805402398,-0.04159272462129593
2621,9.0,491,0.5641822814941406,,0.14825246250256896,-0.03739813342690468
2622,20.0,739,0.806849479675293,,0.10243458300828934,-0.05837447568774223
2623,13.0,621,0.7828867435455322,,0.18191348994150758,-0.025551360100507736
2624,21.0,847,0.8972427845001221,,0.19315071776509285,0.00784512609243393
2625,28.0,1034,1.178114652633667,,0.11460852692835033,-0.08456611633300781
2626,23.0,908,1.0400595664978027,,0.11993888905271888,-0.056750115007162094
2627,25.0,887,1.014573335647583,,0.07009147573262453,-0.07121804356575012
2628,25.0,868,0.9306035041809082,,0.1564541757106781,-0.030813366174697876
2629,16.0,657,0.8175077438354492,,0.09742384031414986,-0.07130555808544159
2630,18.0,744,0.8160173892974854,,0.08684498001821339,-0.0479908250272274
2631,28.0,755,0.9052538871765137,,0.08398403832688928,-0.06623922288417816
2632,22.0,910,0.9715580940246582,,0.16745922900736332,-0.022841937839984894
2633,27.0,830,0.9700136184692383,,0.15175886591896415,-0.047105781733989716
2634,10.0,597,0.667572021484375,,0.09766098856925964,-0.04991830885410309
2635,26.0,986,1.1219632625579834,,0.36669952515512705,0.06896078586578369
2636,20.0,716,0.8733687400817871,,0.06905742594972253,-0.06934086233377457
2637,18.0,785,0.8361799716949463,,0.1369262645021081,-0.030171286314725876
2638,31.0,1274,1.465576410293579,,0.14484433643519878,-0.005471203476190567
2639,26.0,835,0.8799054622650146,,0.044872975908219814,-0.0937042087316513
2640,25.0,852,0.9911866188049316,,0.09760372946038842,-0.05796929821372032
2641,32.0,1393,1.5821592807769775,,0.10659595020115376,-0.0663837343454361
2642,18.0,750,0.809415340423584,,0.08754104701802135,-0.06191381812095642
2643,16.0,796,0.9472041130065918,,0.12268806295469403,-0.03187035396695137
2644,6.0,633,0.7104976177215576,,0.20443084742873907,0.0008827373385429382
2645,14.0,912,1.050408124923706,,0.12368022743612528,-0.03279316425323486
2646,31.0,1292,1.3989529609680176,,0.07778804935514927,-0.060826145112514496
2647,15.0,727,0.8717608451843262,,0.05284254113212228,-0.06595110148191452
2648,17.0,779,0.8336837291717529,,0.11452748067677021,-0.04515153169631958
2649,28.0,1149,1.2802765369415283,,0.15159287303686142,-0.01618661731481552
2650,20.0,780,0.9278366565704346,,0.16996640851721168,-0.04138574376702309
2651,21.0,968,1.1076760292053223,,0.06063859933055937,-0.06798820197582245
2652,18.0,839,0.9069433212280273,,0.09188010403886437,-0.06372754275798798
2653,11.0,701,0.8627831935882568,,0.16712638502940536,-0.03663601353764534
2654,18.0,795,0.8624024391174316,,0.10645281011238694,-0.029564272612333298
2655,21.0,950,1.0891354084014893,,0.14875441091135144,-0.04354662820696831
2656,17.0,839,0.995081901550293,,0.1638136524707079,-0.023528799414634705
2657,9.0,464,0.5535380840301514,,0.12739550229161978,-0.0317862331867218
2658,15.0,641,0.7266614437103271,,0.10579147655516863,-0.06858145445585251
2659,19.0,789,0.8435385227203369,,0.13500590855255723,-0.04985625669360161
2660,23.0,921,1.065194845199585,,0.12024230370298028,-0.05588585510849953
2661,10.0,623,0.7725265026092529,,0.12676721811294556,-0.04354451596736908
2662,13.0,532,0.6024353504180908,,0.16127895656973124,-0.02607908844947815
2663,22.0,712,0.7730827331542969,,0.20108878798782825,-0.01857902854681015
2664,24.0,908,1.0524582862854004,,0.08602660289034247,-0.058282166719436646
2665,21.0,910,0.9775650501251221,,0.15033880062401295,-0.04103540629148483
2666,12.0,707,0.863720178604126,,0.1363849132321775,-0.05492321401834488
2667,17.0,804,0.8669023513793945,,0.17335917940363288,-0.0026857443153858185
2668,25.0,1149,1.3701069355010986,,0.12619487009942532,-0.0334709957242012
2669,20.0,832,0.8919947147369385,,0.08468260709196329,-0.05989696457982063
2670,19.0,752,0.9055113792419434,,0.14842479955404997,-0.056992825120687485
2671,7.0,503,0.5852756500244141,,0.12408361118286848,-0.03947840631008148
2672,1.0,345,0.34063005447387695,,0.12408361118286848,-0.03947840631008148
2673,27.0,1207,1.436875820159912,,0.08641719166189432,-0.06428506970405579
2674,15.0,827,0.893688440322876,,0.2146806800737977,-0.02424679324030876
2675,22.0,1091,1.3269867897033691,,0.08062958787195385,-0.060959674417972565
2676,22.0,769,0.8252840042114258,,0.18723957985639572,-0.03481096029281616
2677,11.0,641,0.7043042182922363,,0.1346145560964942,-0.04092317074537277
2678,11.0,685,0.8591451644897461,,0.07641633693128824,-0.06468890607357025
2679,12.0,709,0.771665096282959,,0.09695352683775127,-0.059055399149656296
2680,16.0,837,0.9789330959320068,,0.18686719285324216,-0.018377430737018585
2681,9.0,457,0.5333783626556396,,0.06419976032339036,-0.07145315408706665
2682,22.0,960,1.0276575088500977,,0.09119350300170481,-0.04141401872038841
2683,15.0,789,0.9358086585998535,,0.1789795528165996,-0.04245257377624512
2684,13.0,697,0.7677128314971924,,0.07457493152469397,-0.06924475729465485
2685,11.0,512,0.5890300273895264,,0.12922496860846877,-0.03100467473268509
2686,6.0,696,0.8599140644073486,,0.09271376207470894,-0.056207939982414246
2687,24.0,1130,1.2659595012664795,,0.10406230296939611,-0.060568422079086304
2688,12.0,561,0.632979154586792,,0.14314055582508445,-0.059714458882808685
2689,23.0,897,1.050793170928955,,0.08670797315426171,-0.0612027645111084
2690,19.0,766,0.8359930515289307,,0.16608752310276031,-0.018497467041015625
2691,17.0,626,0.6954586505889893,,0.14297927683219314,-0.04453665390610695
2692,25.0,1133,1.35335373878479,,0.13074578763917089,-0.057587556540966034
2693,8.0,410,0.3926572799682617,,0.13074578763917089,-0.057587556540966034
2694,21.0,854,1.0221891403198242,,0.12973674666136503,-0.05105404183268547
2695,17.0,785,0.9352073669433594,,0.12919209245592356,-0.05091267451643944
2696,32.0,1270,1.3797707557678223,,0.11117976764217019,-0.06548842042684555
2697,24.0,965,1.097269058227539,,0.09376336983405054,-0.07112634181976318
2698,8.0,484,0.5536620616912842,,0.15037897136062384,-0.02674749493598938
2699,17.0,893,1.030867576599121,,0.27118675597012043,0.031057581305503845
2700,32.0,1247,1.383286952972412,,0.09282258106395602,-0.0631268173456192
2701,22.0,901,1.0415451526641846,,0.09069002233445644,-0.05169752240180969
2702,15.0,517,0.5872199535369873,,0.1360223456285894,-0.06035515293478966
2703,23.0,887,1.0323796272277832,,0.1012444463558495,-0.02710125595331192
2704,19.0,835,0.8971893787384033,,0.16669939877465367,-0.05724119767546654
2705,17.0,632,0.7950901985168457,,0.11203947896137834,-0.056949183344841
2706,30.0,1238,1.3514025211334229,,0.13819516310468316,-0.052638523280620575
2707,30.0,1363,1.5623574256896973,,0.15871738269925117,-0.018284998834133148
2708,21.0,883,0.9381661415100098,,0.06939026201143861,-0.09005066752433777
2709,26.0,990,1.1267516613006592,,0.1435190956108272,-0.03223498910665512
2710,30.0,1306,1.501845121383667,,0.13662294251844287,-0.050360992550849915
2711,20.0,847,0.9092826843261719,,0.11900280090048909,-0.06561282277107239
2712,8.0,413,0.4918358325958252,,0.11103097628802061,-0.03446521982550621
2713,6.0,647,0.7977526187896729,,0.15146852703765035,-0.028562523424625397
2714,57.0,2032,2.28177809715271,,0.3241161126643419,0.038399532437324524
2715,22.0,1046,1.17746901512146,,0.10332031082361937,-0.06570826470851898
2716,15.0,730,0.7989089488983154,,0.11983540747314692,-0.04907491058111191
2717,27.0,910,1.042691946029663,,0.16886440152302384,-0.019624460488557816
2718,21.0,803,0.8631126880645752,,0.11610310385003686,-0.04951823130249977
2719,24.0,831,0.9853591918945312,,0.09875865513458848,-0.063868947327137
2720,12.0,522,0.6061563491821289,,0.1315681771375239,-0.03518831357359886
2721,22.0,797,0.9466450214385986,,0.0921267291996628,-0.05779693275690079
2722,9.0,519,0.6005043983459473,,0.12130666896700859,-0.0562201663851738
2723,23.0,830,0.8857784271240234,,0.1677713724784553,-0.014085959643125534
2724,23.0,1002,1.1370341777801514,,0.13973557157441974,-0.04737088084220886
2725,20.0,854,0.9963388442993164,,0.11747459508478642,-0.07097869366407394
2726,17.0,715,0.7859840393066406,,0.12214846024289727,-0.042142271995544434
2727,18.0,654,0.7266108989715576,,0.17435702914372087,-0.022743098437786102
2728,22.0,977,1.111100673675537,,0.18988697556778789,-0.03630508854985237
2729,26.0,901,1.0557663440704346,,0.08226583665236831,-0.05645982548594475
2730,0.0,318,0.4007914066314697,,0.1809432883746922,-0.02682269737124443
2731,12.0,546,0.628101110458374,,0.20453482866287231,-0.03364149481058121
2732,23.0,954,1.088815450668335,,0.1584422355517745,-0.012394294142723083
2733,24.0,1075,1.2111625671386719,,0.12425265647470951,-0.04366190731525421
2734,19.0,997,1.1422600746154785,,0.1481919134967029,-0.029904015362262726
2735,21.0,884,0.9425325393676758,,0.10354731185361743,-0.05346373841166496
2736,18.0,932,1.0795788764953613,,0.07498099468648434,-0.06474636495113373
2737,9.0,559,0.6344814300537109,,0.10256153997033834,-0.061022549867630005
2738,6.0,509,0.5826046466827393,,0.0989315272308886,-0.07077234983444214
2739,9.0,567,0.6536881923675537,,0.11321846442297101,-0.036940887570381165
2740,13.0,611,0.7746853828430176,,0.16526798345148563,-0.029742233455181122
2741,13.0,775,0.8402972221374512,,0.06264781299978495,-0.0655909851193428
2742,21.0,887,1.0368871688842773,,0.10561377974227071,-0.047824449837207794
2743,21.0,933,1.080272912979126,,0.0954582632984966,-0.05936874449253082
2744,26.0,1007,1.157701015472412,,0.14873006427660584,-0.029795177280902863
2745,24.0,1050,1.193876028060913,,0.12626077886670828,-0.0485505536198616
2746,23.0,1047,1.202761173248291,,0.10055042034946382,-0.061325185000896454
2747,21.0,922,1.0759127140045166,,0.08674591593444347,-0.06205494701862335
2748,18.0,783,0.857741117477417,,0.2538836859166622,0.0015977174043655396
2749,24.0,1104,1.2358415126800537,,0.10227689193561673,-0.058089032769203186
2750,23.0,823,0.9814624786376953,,0.08517705230042338,-0.06853506714105606
2751,24.0,993,1.1398320198059082,,0.09916492784395814,-0.06205019727349281
2752,14.0,649,0.7177529335021973,,0.126173275988549,-0.052031517028808594
2753,12.0,647,0.7095534801483154,,0.1299731764011085,-0.04123431444168091
2754,25.0,881,1.031891107559204,,0.20622168527916074,-0.016457553952932358
2755,10.0,665,0.7270145416259766,,0.14945530192926526,-0.028454314917325974
2756,12.0,761,0.9183340072631836,,0.13636058010160923,-0.044243067502975464
2757,18.0,719,0.7965292930603027,,0.15725353173911572,-0.02604164183139801
2758,22.0,1209,1.4348881244659424,,0.13580313697457314,-0.03246651589870453
2759,13.0,706,0.7770044803619385,,0.06275503500364721,-0.08335649967193604
2760,31.0,1109,1.2417612075805664,,0.14529676316305995,-0.03654344379901886
2761,20.0,973,1.1156399250030518,,0.0942459562793374,-0.06496965885162354
2762,14.0,634,0.7040114402770996,,0.2756006233394146,-0.003917180001735687
2763,14.0,694,0.8681495189666748,,0.08465015818364918,-0.05336230993270874
2764,22.0,963,1.1251020431518555,,0.12389383465051651,-0.04990539699792862
2765,15.0,649,0.7205343246459961,,0.1307189711369574,-0.058132756501436234
2766,15.0,523,0.6115272045135498,,0.13315902138128877,-0.03744452819228172
2767,11.0,543,0.6229124069213867,,0.11154087260365486,-0.03456484153866768
2768,15.0,786,0.8508956432342529,,0.09794554067775607,-0.04628486931324005
2769,30.0,1023,1.1561365127563477,,0.15025373501703143,-0.03146950900554657
2770,22.0,897,1.0468132495880127,,0.10620984388515353,-0.0723658949136734
2771,30.0,1221,1.414113998413086,,0.17519778851419687,-0.025006745010614395
2772,10.0,530,0.6113133430480957,,0.09253460634499788,-0.05633765831589699
2773,23.0,1034,1.1766738891601562,,0.12161536561325192,-0.034019216895103455
2774,30.0,1171,1.2879197597503662,,0.0992882358841598,-0.06409993022680283
2775,27.0,1092,1.2222113609313965,,0.06725045060738921,-0.06629421561956406
2776,10.0,573,0.6407384872436523,,0.187299613840878,0.00914175808429718
2777,20.0,946,1.0977113246917725,,0.18622667016461492,-0.011584032326936722
2778,18.0,775,0.9218528270721436,,0.11287161475047469,-0.05886371061205864
2779,20.0,777,0.8301196098327637,,0.2209653197787702,-0.010181467980146408
2780,24.0,1061,1.193629503250122,,0.07238994538784027,-0.06595566868782043
2781,25.0,987,1.1147480010986328,,0.07540501584298909,-0.06460011750459671
2782,15.0,746,0.8133349418640137,,0.16092678904533386,-0.030698630958795547
2783,23.0,1094,1.3154442310333252,,0.19046994857490063,-0.022453568875789642
2784,19.0,894,0.9537570476531982,,0.09962791902944446,-0.06401064246892929
2785,27.0,1053,1.1968519687652588,,0.2173626935109496,-0.010970436036586761
2786,31.0,1385,1.5900142192840576,,0.12230086931958795,-0.030895482748746872
2787,15.0,777,0.9220030307769775,,0.12522114347666502,-0.042486973106861115
2788,13.0,699,0.7713494300842285,,0.13242593267932534,-0.023029007017612457
2789,27.0,1101,1.2232964038848877,,0.09855952439829707,-0.04410611838102341
2790,31.0,1351,1.5413472652435303,,0.11088150274008512,-0.043178021907806396
2791,17.0,763,0.8288922309875488,,0.14490336226299405,-0.030300110578536987
2792,29.0,1051,1.1887845993041992,,0.16974964877590537,-0.01865251362323761
2793,12.0,611,0.7666740417480469,,0.1520012435503304,-0.039066132158041
2794,19.0,833,0.8884551525115967,,0.13480985863134265,-0.028509821742773056
2795,27.0,1094,1.2155706882476807,,0.08732107328251004,-0.06044295057654381
2796,24.0,926,1.0733184814453125,,0.10842852480709553,-0.058909542858600616
2797,23.0,929,1.0633838176727295,,0.12192910723388195,-0.037653811275959015
2798,12.0,579,0.6440880298614502,,0.13274573162198067,-0.050204381346702576
2799,18.0,737,0.8975222110748291,,0.13195154117420316,-0.03415350615978241
2800,14.0,643,0.7193922996520996,,0.1219780188985169,-0.05429904907941818
2801,10.0,532,0.6160416603088379,,0.17024358920753002,-0.02232035994529724
2802,9.0,496,0.574652910232544,,0.21237859223037958,-0.014508292078971863
2803,27.0,1217,1.3465728759765625,,0.09879809385165572,-0.0642593652009964
2804,17.0,849,1.0019114017486572,,0.07117411540821195,-0.06524094194173813
2805,20.0,930,1.0719165802001953,,0.0628078414592892,-0.057285651564598083
2806,26.0,941,0.9956505298614502,,0.08878367161378264,-0.050847239792346954
2807,27.0,1141,1.3569061756134033,,0.09220504388213158,-0.05053708702325821
2808,29.0,1077,1.2178409099578857,,0.0805999783333391,-0.05044235289096832
2809,19.0,747,0.8280959129333496,,0.1479048770852387,-0.03115178644657135
2810,11.0,554,0.6268067359924316,,0.1268709502182901,-0.05130509287118912
2811,21.0,866,1.0160853862762451,,0.14879012340679765,-0.029461082071065903
2812,22.0,949,1.0973312854766846,,0.0870845546014607,-0.05960710346698761
2813,15.0,705,0.7733829021453857,,0.10230338713154197,-0.059475988149642944
2814,11.0,634,0.701740026473999,,0.08629086939617991,-0.06341756880283356
2815,17.0,695,0.8541629314422607,,0.15541932079941034,-0.03539422154426575
2816,12.0,663,0.7468423843383789,,0.1605793721973896,-0.022400464862585068
2817,23.0,802,0.9498617649078369,,0.1299307867884636,-0.05693494901061058
2818,22.0,1076,1.218813180923462,,0.1012863153591752,-0.054429762065410614
2819,22.0,999,1.1620593070983887,,0.14480726793408394,-0.016261760145425797
2820,10.0,654,0.7321732044219971,,0.18133105617016554,-0.02445739507675171
2821,20.0,944,1.0948600769042969,,0.13122249534353614,-0.051795054227113724
2822,24.0,931,1.0736069679260254,,0.06476659839972854,-0.06927323341369629
2823,15.0,674,0.7444736957550049,,0.145366451703012,-0.03393635153770447
2824,12.0,527,0.5962021350860596,,0.1039780774153769,-0.05971995368599892
2825,20.0,828,0.9741799831390381,,0.2007400281727314,-0.02834498882293701
2826,10.0,499,0.57723069190979,,0.10154475993476808,-0.05773641914129257
2827,20.0,797,0.8589413166046143,,0.16831682715564966,-0.012057259678840637
2828,21.0,765,0.9164590835571289,,0.10257029393687844,-0.049083493649959564
2829,14.0,609,0.6928870677947998,,0.1165219726972282,-0.04279397800564766
2830,18.0,599,0.6704216003417969,,0.09580541215837002,-0.04805484041571617
2831,18.0,753,0.9088337421417236,,0.14591451128944755,-0.01335947960615158
2832,21.0,1005,1.0585660934448242,,0.1366871832869947,-0.03832317143678665
2833,19.0,858,1.0060927867889404,,0.13579401466995478,-0.040671758353710175
2834,14.0,741,0.8976039886474609,,0.08924656780436635,-0.06255215406417847
2835,9.0,456,0.4385809898376465,,0.08924656780436635,-0.06255215406417847
2836,15.0,647,0.8226511478424072,,0.17816667212173343,-0.03220916539430618
2837,18.0,893,1.0435881614685059,,0.10725236358121037,-0.04919658973813057
2838,27.0,1289,1.3970575332641602,,0.09835421782918274,-0.06111176311969757
2839,13.0,676,0.746251106262207,,0.12512034503743052,-0.04120253026485443
2840,18.0,721,0.8716051578521729,,0.2180055808275938,0.005341149866580963
2841,8.0,567,0.6421003341674805,,0.14293323550373316,-0.040049582719802856
2842,12.0,587,0.6559646129608154,,0.060682045528665185,-0.0700836181640625
2843,21.0,773,0.9213006496429443,,0.17175786569714546,-0.041419848799705505
2844,10.0,474,0.4533357620239258,,0.17175786569714546,-0.041419848799705505
2845,19.0,897,1.0495989322662354,,0.12341352691873908,-0.030897531658411026
2846,6.0,468,0.5474309921264648,,0.15026873024180532,-0.015759818255901337
2847,20.0,833,0.9797122478485107,,0.17023274721577764,-0.015584807842969894
2848,29.0,849,0.9075949192047119,,0.15462009003385901,-0.027710847556591034
2849,20.0,955,1.1008117198944092,,0.21057253889739513,-0.022397734224796295
2850,20.0,821,0.954829216003418,,0.11031968984752893,-0.06575514376163483
2851,16.0,637,0.6968145370483398,,0.10999960917979479,-0.05040086433291435
2852,21.0,675,0.7550179958343506,,0.09389817714691162,-0.052893608808517456
2853,24.0,935,1.077620267868042,,0.17992560379207134,-0.032790303230285645
2854,23.0,872,1.0107810497283936,,0.12099651899188757,-0.05827145278453827
2855,9.0,567,0.6367363929748535,,0.14609504397958517,-0.03562634065747261
2856,16.0,703,0.7840306758880615,,0.08114676852710545,-0.05943194404244423
2857,31.0,1152,1.3665027618408203,,0.10586844244971871,-0.03232764080166817
2858,20.0,723,0.7957050800323486,,0.14803222194314003,-0.051491424441337585
2859,14.0,579,0.6520600318908691,,0.1236271089874208,-0.028672851622104645
2860,12.0,505,0.5785212516784668,,0.18205224489793181,-0.025021139532327652
2861,21.0,913,1.0575993061065674,,0.11657843505963683,-0.03220478445291519
2862,15.0,701,0.7668383121490479,,0.11245389608666301,-0.06671024858951569
2863,16.0,639,0.7944560050964355,,0.14250824879854918,-0.017867453396320343
2864,24.0,874,0.935495138168335,,0.1191304987296462,-0.05769935995340347
2865,20.0,880,1.0221877098083496,,0.1360471360385418,-0.05257082358002663
2866,22.0,873,1.0101275444030762,,0.10424839006736875,-0.062395304441452026
2867,12.0,618,0.7010025978088379,,0.1242810059338808,-0.05903797596693039
2868,24.0,866,1.0088987350463867,,0.1447992385365069,-0.02905193343758583
2869,29.0,1235,1.3599424362182617,,0.16854298720136285,-0.013160847127437592
2870,14.0,555,0.626786470413208,,0.10852825595065951,-0.05246490612626076
2871,19.0,777,0.93524169921875,,0.1781006962992251,-0.020035944879055023
2872,18.0,920,0.9842965602874756,,0.1115735238417983,-0.04334821552038193
2873,22.0,772,0.9227015972137451,,0.15830489108338952,-0.045755431056022644
2874,25.0,827,0.9623608589172363,,0.12123002158477902,-0.04311869665980339
2875,20.0,834,0.8964958190917969,,0.12869103392586112,-0.04858851432800293
2876,11.0,500,0.5704262256622314,,0.14777722209692,-0.016213953495025635
2877,14.0,604,0.6679322719573975,,0.14415235817432404,-0.04598626866936684
2878,20.0,866,1.0051591396331787,,0.1244839490391314,-0.05651053041219711
2879,19.0,977,1.1194806098937988,,0.0746763504575938,-0.07696080207824707
2880,19.0,718,0.7784757614135742,,0.10962065495550632,-0.04860717058181763
2881,19.0,882,1.02952241897583,,0.12045211484655738,-0.04136919975280762
2882,24.0,815,0.948683500289917,,0.08936165552586317,-0.05771762877702713
2883,22.0,887,0.9463310241699219,,0.13412663200870156,-0.05536055192351341
2884,17.0,808,0.9582540988922119,,0.0859012973960489,-0.06735031306743622
2885,8.0,452,0.5332040786743164,,0.10064819059334695,-0.04607604071497917
2886,33.0,1535,1.7131056785583496,,0.15550834871828556,-0.04135100543498993
2887,10.0,658,0.7226696014404297,,0.05082773347385228,-0.08618354797363281
2888,18.0,803,0.9532907009124756,,0.17834844114258885,-0.012532506138086319
2889,17.0,718,0.7880887985229492,,0.08407487371005118,-0.0685809925198555
2890,16.0,853,0.9950981140136719,,0.08357213041745126,-0.05373278260231018
2891,14.0,641,0.7116425037384033,,0.14360968442633748,-0.04540608450770378
2892,14.0,805,0.9536337852478027,,0.08356747264042497,-0.06650484353303909
2893,17.0,621,0.6859281063079834,,0.09488393226638436,-0.05823167413473129
2894,18.0,715,0.7727208137512207,,0.11985299969092011,-0.058257222175598145
2895,24.0,995,1.1207149028778076,,0.10989872412756085,-0.06026638299226761
2896,17.0,659,0.7174456119537354,,0.15442410577088594,-0.03009086847305298
2897,23.0,865,1.0058658123016357,,0.11046525649726391,-0.05652522295713425
2898,7.0,378,0.4486405849456787,,0.11620115535333753,-0.04540276899933815
2899,10.0,452,0.5205049514770508,,0.08585091563872993,-0.06199442595243454
2900,22.0,961,1.0951182842254639,,0.09889831952750683,-0.05506047606468201
2901,22.0,893,0.9419617652893066,,0.07038123346865177,-0.06969500333070755
2902,22.0,973,1.095771312713623,,0.08906052657403052,-0.067713163793087
2903,16.0,743,0.8940708637237549,,0.0993588101118803,-0.054145656526088715
2904,18.0,731,0.8006832599639893,,0.10483497940003872,-0.035970911383628845
2905,21.0,957,1.0864341259002686,,0.1147332158870995,-0.06080445647239685
2906,11.0,503,0.5829100608825684,,0.07349138590507209,-0.06726871430873871
2907,20.0,993,1.1226060390472412,,0.11982071120291948,-0.04582158476114273
2908,29.0,1431,1.6277720928192139,,0.0954123695846647,-0.0589476004242897
2909,21.0,940,1.0832433700561523,,0.09717287868261337,-0.04435954615473747
2910,21.0,963,1.0088927745819092,,0.05237788776867092,-0.06526477634906769
2911,25.0,1071,1.2817983627319336,,0.09964512242004275,-0.04655446857213974
2912,18.0,925,0.9654831886291504,,0.06991340010426939,-0.07303019613027573
2913,27.0,1143,1.347306728363037,,0.15447447542101145,-0.03464768826961517
2914,19.0,733,0.7911076545715332,,0.09122773446142673,-0.07534822076559067
2915,27.0,740,0.7952139377593994,,0.09856680454686284,-0.06056532263755798
2916,22.0,855,0.9950745105743408,,0.15548437787219882,-0.03131113946437836
2917,23.0,881,1.009324073791504,,0.23961504083126783,-0.006026655435562134
2918,13.0,745,0.8164844512939453,,0.14607362542301416,-0.034372054040431976
2919,20.0,873,1.007889986038208,,0.2146837804466486,0.005551561713218689
2920,19.0,867,1.019223690032959,,0.1192672555334866,-0.05243442952632904
2921,29.0,1383,1.4959321022033691,,0.11244269972667098,-0.043566666543483734
2922,33.0,1452,1.6229584217071533,,0.10351696610450745,-0.060175955295562744
2923,26.0,878,1.0063748359680176,,0.09465411072596908,-0.034249238669872284
2924,11.0,537,0.6014063358306885,,0.15223990194499493,-0.01919180154800415
2925,23.0,867,0.9989700317382812,,0.142280382104218,-0.02778032049536705
2926,20.0,807,0.8668689727783203,,0.11008264403790236,-0.06673495471477509
2927,23.0,741,0.8970131874084473,,0.08190222061239183,-0.06794831901788712
2928,15.0,769,0.8413784503936768,,0.10803868342190981,-0.049116432666778564
2929,19.0,761,0.9239230155944824,,0.10775143280625343,-0.0644528716802597
2930,24.0,880,0.9338059425354004,,0.1041036807000637,-0.042693909257650375
2931,24.0,801,0.9441604614257812,,0.1290635084733367,-0.05082278698682785
2932,20.0,886,1.0292878150939941,,0.07921336055733263,-0.05068943649530411
2933,12.0,584,0.6622238159179688,,0.09171191183850169,-0.05527295172214508
2934,19.0,754,0.8151824474334717,,0.14596516359597445,-0.024446550756692886
2935,19.0,795,0.9365310668945312,,0.14696887461468577,-0.02754291519522667
2936,22.0,935,1.0590996742248535,,0.07186216185800731,-0.060912251472473145
2937,17.0,931,1.069582223892212,,0.09068947844207287,-0.0709284245967865
2938,24.0,809,0.849531888961792,,0.09877839591354132,-0.0703473761677742
2939,10.0,560,0.6206490993499756,,0.0912538671400398,-0.05231528729200363
2940,8.0,505,0.5712757110595703,,0.07668902957811952,-0.06129641830921173
2941,18.0,643,0.6982824802398682,,0.15739805391058326,-0.012883774936199188
2942,18.0,784,0.9304797649383545,,0.10705204121768475,-0.06990837305784225
2943,23.0,933,1.0556864738464355,,0.0953822776209563,-0.06075558811426163
2944,9.0,543,0.6119768619537354,,0.21966497227549553,-0.02443385124206543
2945,8.0,429,0.4964725971221924,,0.13727515935897827,-0.025352079421281815
2946,24.0,825,0.8840179443359375,,0.1913929171860218,-0.0004530772566795349
2947,15.0,730,0.8740134239196777,,0.07812729268334806,-0.06040379777550697
2948,27.0,1041,1.1651134490966797,,0.08808019291609526,-0.04906299710273743
2949,13.0,584,0.6543042659759521,,0.2321612648665905,-0.0066161975264549255
2950,11.0,631,0.6880908012390137,,0.1561822108924389,-0.013632863759994507
2951,15.0,679,0.7404859066009521,,0.2235712856054306,0.009897928684949875
2952,8.0,473,0.5575835704803467,,0.1043990533798933,-0.0452866367995739
2953,11.0,538,0.6107919216156006,,0.11592295672744513,-0.047530896961688995
2954,22.0,838,0.9734029769897461,,0.11158299073576927,-0.05864867568016052
2955,21.0,779,0.9180135726928711,,0.09988810960203409,-0.044897474348545074
2956,14.0,559,0.626288652420044,,0.1273916237987578,-0.038751378655433655
2957,7.0,489,0.56833815574646,,0.1212392095476389,-0.028561778366565704
2958,16.0,633,0.6971502304077148,,0.14785881247371435,-0.0290057435631752
2959,17.0,591,0.652623176574707,,0.12348911026492715,-0.03834981471300125
2960,27.0,854,0.9846434593200684,,0.12975913705304265,-0.02514435350894928
2961,9.0,425,0.5142505168914795,,0.18711614701896906,-0.03945612162351608
2962,17.0,904,0.9435482025146484,,0.08456512121483684,-0.05174921825528145
2963,20.0,949,1.0773119926452637,,0.15356620261445642,-0.05007614195346832
2964,19.0,853,0.9903745651245117,,0.14383591525256634,-0.02236485481262207
2965,14.0,731,0.7895183563232422,,0.16927945893257856,-0.04757024347782135
2966,18.0,747,0.8976309299468994,,0.1130951545201242,-0.04403987526893616
2967,16.0,573,0.6538569927215576,,0.10604296531528234,-0.05589589104056358
2968,16.0,711,0.7725529670715332,,0.1591437035240233,-0.022304881364107132
2969,14.0,659,0.8181438446044922,,0.11632246570661664,-0.04973281919956207
2970,9.0,449,0.42993783950805664,,0.11632246570661664,-0.04973281919956207
2971,20.0,750,0.901911735534668,,0.05691078561358154,-0.0593869611620903
2972,8.0,422,0.5028772354125977,,0.13587143924087286,-0.0329350009560585
2973,24.0,857,0.9158508777618408,,0.08311493322253227,-0.061707645654678345
2974,31.0,1601,1.7635877132415771,,0.2302302005700767,-0.032505568116903305
2975,1.0,317,0.4048283100128174,,0.11483054142445326,-0.07058672606945038
2976,7.0,438,0.5171351432800293,,0.05010783136822283,-0.07114236801862717
2977,17.0,725,0.7835226058959961,,0.33010737132281065,0.055595941841602325
2978,21.0,685,0.8476390838623047,,0.1966668302193284,-0.03957027196884155
2979,22.0,1058,1.1973576545715332,,0.07137995189987123,-0.05382251739501953
2980,16.0,670,0.7369418144226074,,0.12639552727341652,-0.0456429123878479
2981,14.0,457,0.5283284187316895,,0.0964315568562597,-0.05217437073588371
2982,23.0,740,0.7939295768737793,,0.09258152637630701,-0.0512944757938385
2983,11.0,476,0.5507433414459229,,0.11949191195890307,-0.03206070885062218
2984,5.0,359,0.4314255714416504,,0.09148303093388677,-0.06823582947254181
2985,25.0,1067,1.1947760581970215,,0.23165341652929783,-0.016128741204738617
2986,23.0,883,1.0225298404693604,,0.08896647300571203,-0.05816667526960373
2987,27.0,1066,1.1903021335601807,,0.11739302426576614,-0.04116259142756462
2988,14.0,694,0.753493070602417,,0.1345126749947667,-0.042791835963726044
2989,17.0,959,1.0850694179534912,,0.2475102934986353,0.021398037672042847
2990,27.0,1043,1.1565537452697754,,0.07008695229887962,-0.04774169996380806
2991,18.0,871,0.9989635944366455,,0.08170134760439396,-0.0597306527197361
2992,23.0,951,1.0934622287750244,,0.13151498325169086,-0.04968106374144554
2993,13.0,746,0.8179519176483154,,0.12312094727531075,-0.060256943106651306
2994,20.0,865,1.0033671855926514,,0.12969868071377277,-0.03512365743517876
2995,31.0,1191,1.306699275970459,,0.07976622483693063,-0.06914301961660385
2996,10.0,521,0.5833048820495605,,0.09299281286075711,-0.07485651969909668
2997,22.0,816,0.9582788944244385,,0.13059515645727515,-0.0375765785574913
2998,9.0,525,0.5953552722930908,,0.1348315286450088,-0.04257789999246597
2999,17.0,781,0.8328936100006104,,0.14167172834277153,-0.032927319407463074
3000,17.0,577,0.740015983581543,,0.10573046491481364,-0.0385168194770813
3001,13.0,578,0.6485047340393066,,0.14991024509072304,-0.02628861740231514
3002,21.0,865,0.9169199466705322,,0.10177050810307264,-0.04068616405129433
3003,20.0,790,0.944378137588501,,0.1376810590736568,-0.053986117243766785
3004,21.0,908,1.0447683334350586,,0.10824143746867776,-0.04696238040924072
3005,24.0,890,0.9515290260314941,,0.13892484549432993,-0.04129477217793465
3006,19.0,703,0.8480103015899658,,0.1624938971363008,-0.04661037027835846
3007,23.0,886,1.0464458465576172,,0.10704611241817474,-0.05493421107530594
3008,19.0,737,0.7899577617645264,,0.1464114310219884,-0.05031309276819229
3009,18.0,871,1.0081026554107666,,0.10201465478166938,-0.04498637467622757
3010,25.0,755,0.8154687881469727,,0.1098515554331243,-0.04967935383319855
3011,21.0,885,1.034158706665039,,0.09264880837872624,-0.06108228862285614
3012,19.0,851,0.9914717674255371,,0.0716128065250814,-0.07335261255502701
3013,18.0,1002,1.0390329360961914,,0.162007556296885,-0.029706045985221863
3014,15.0,625,0.7751493453979492,,0.12037850404158235,-0.038007788360118866
3015,22.0,883,0.9428048133850098,,0.08375917444936931,-0.04438244551420212
3016,19.0,758,0.8994696140289307,,0.0654773865826428,-0.06963331997394562
3017,16.0,945,1.0827579498291016,,0.06703456211835146,-0.07174088805913925
3018,19.0,761,0.829965353012085,,0.1217755563557148,-0.06488928198814392
3019,22.0,955,1.0892925262451172,,0.13301751902326941,-0.043664511293172836
3020,14.0,855,0.9999628067016602,,0.11036959849298,-0.06079466640949249
3021,8.0,553,0.6320006847381592,,0.11441849963739514,-0.0350770503282547
3022,24.0,919,1.0550470352172852,,0.11259177746251225,-0.03516680747270584
3023,10.0,560,0.6410269737243652,,0.1518138269893825,-0.028397977352142334
3024,27.0,909,1.0486555099487305,,0.1557243806309998,-0.01735645905137062
3025,8.0,600,0.6759116649627686,,0.13971747225150466,-0.052282582968473434
3026,9.0,512,0.5895566940307617,,0.1831567627377808,0.006503593176603317
3027,22.0,843,0.9038815498352051,,0.1666149557568133,-0.004794463515281677
3028,27.0,806,0.9481720924377441,,0.10970592079684138,-0.05802740901708603
3029,25.0,1032,1.1639811992645264,,0.18266825936734676,-0.02358809858560562
3030,18.0,822,0.9720942974090576,,0.10154810640960932,-0.06159551441669464
3031,25.0,915,0.9724774360656738,,0.11429847124963999,-0.06321948766708374
3032,10.0,581,0.6469836235046387,,0.07919205143116415,-0.060487814247608185
3033,15.0,543,0.6975440979003906,,0.11175135616213083,-0.039148200303316116
3034,10.0,553,0.6330568790435791,,0.12817859696224332,-0.04313931614160538
3035,25.0,855,0.9090874195098877,,0.12283928785473108,-0.02276698127388954
3036,31.0,1265,1.4630825519561768,,0.153885412029922,-0.023034431040287018
3037,20.0,727,0.8000457286834717,,0.06493489514105022,-0.08180045336484909
3038,29.0,1165,1.278412103652954,,0.15814544260501862,-0.019153133034706116
3039,25.0,1048,1.179431676864624,,0.08440528996288776,-0.06611146032810211
3040,21.0,876,1.0089576244354248,,0.10227712756022811,-0.05566267669200897
3041,15.0,868,1.0166041851043701,,0.08737560012377799,-0.05822598189115524
3042,9.0,508,0.5828359127044678,,0.14825808070600033,-0.008877977728843689
3043,21.0,813,0.874420166015625,,0.1457153051160276,-0.031421758234500885
3044,8.0,370,0.45262646675109863,,0.1144351908005774,-0.024095803499221802
3045,25.0,958,1.095599889755249,,0.09453998925164342,-0.0333295539021492
3046,22.0,857,0.984161376953125,,0.14617880946025252,-0.044384993612766266
3047,23.0,698,0.767505407333374,,0.16108816908672452,-0.06111644580960274
3048,20.0,897,1.045454740524292,,0.16784682869911194,-0.02418670803308487
3049,23.0,752,0.8055908679962158,,0.10172436479479074,-0.030107252299785614
3050,18.0,636,0.7996718883514404,,0.10594874527305365,-0.04561779648065567
3051,16.0,623,0.7032465934753418,,0.15979871107265353,-0.047009993344545364
3052,17.0,726,0.7887973785400391,,0.1558665302582085,-0.026330042630434036
3053,31.0,1243,1.4286456108093262,,0.11172564048320055,-0.06618700921535492
3054,29.0,1005,1.1298456192016602,,0.07440479239448905,-0.046279363334178925
3055,32.0,1160,1.2606348991394043,,0.09707716153934598,-0.04421202093362808
3056,19.0,676,0.738147497177124,,0.15176514349877834,-0.04856283217668533
3057,25.0,901,1.0304648876190186,,0.10321003897115588,-0.05340234935283661
3058,25.0,891,1.0136103630065918,,0.11047820979729295,-0.055782318115234375
3059,21.0,882,0.9442787170410156,,0.21375290490686893,-0.03324687480926514
3060,29.0,1201,1.388385534286499,,0.08542807563208044,-0.061601169407367706
3061,27.0,915,1.048410177230835,,0.11891534645110369,-0.024413801729679108
3062,31.0,1004,1.037438154220581,,0.12320597795769572,-0.056895673274993896
3063,25.0,1063,1.2658357620239258,,0.10401851031929255,-0.050559625029563904
3064,18.0,854,0.9015860557556152,,0.1363633400760591,-0.05966751277446747
3065,16.0,705,0.8461818695068359,,0.15999366156756878,-0.01821231096982956
3066,17.0,675,0.7318174839019775,,0.11656508781015873,-0.057160455733537674
3067,27.0,969,1.089972972869873,,0.10060497466474771,-0.04486802592873573
3068,19.0,607,0.679847002029419,,0.14371319813653827,-0.03691887855529785
3069,21.0,858,0.9841799736022949,,0.16429061768576503,-0.027011048048734665
3070,24.0,849,0.9011557102203369,,0.10657139122486115,-0.05211509019136429
3071,33.0,1243,1.4468226432800293,,0.15650854725390673,-0.0407584048807621
3072,30.0,1087,1.2054033279418945,,0.08786004036664963,-0.04939555376768112
3073,26.0,1121,1.251246690750122,,0.0774933488573879,-0.05716472119092941
3074,31.0,1198,1.3024325370788574,,0.07876081671565771,-0.06010301411151886
3075,26.0,997,1.1395182609558105,,0.10280040511861444,-0.04944206029176712
3076,26.0,748,0.8947713375091553,,0.1028888444416225,-0.05396973341703415
3077,31.0,1173,1.2835652828216553,,0.21388193033635616,-0.0036395639181137085
3078,20.0,911,1.050652027130127,,0.08408349892124534,-0.05622895061969757
3079,16.0,655,0.7105343341827393,,0.15761115541681647,0.009084552526473999
3080,23.0,868,1.012681007385254,,0.18117679376155138,-0.0064856261014938354
3081,25.0,759,0.8203392028808594,,0.12765989731997252,-0.0392894446849823
3082,18.0,784,0.9223859310150146,,0.12749218242242932,-0.034749820828437805
3083,22.0,871,1.0058393478393555,,0.09367309417575598,-0.04473811388015747
3084,11.0,545,0.6154520511627197,,0.13382893009111285,-0.045826442539691925
3085,32.0,1098,1.2151494026184082,,0.2227957770228386,-0.012064740061759949
3086,17.0,645,0.7119307518005371,,0.08607396576553583,-0.06054749712347984
3087,32.0,1376,1.5578951835632324,,0.17055643303319812,-0.03643970191478729
3088,29.0,1213,1.3304011821746826,,0.0692807650193572,-0.04511125385761261
3089,22.0,757,0.9135947227478027,,0.13154755532741547,-0.04005962610244751
3090,19.0,649,0.7207515239715576,,0.1306693060323596,-0.03391782566905022
3091,32.0,1235,1.3500902652740479,,0.09906367538496852,-0.049461349844932556
3092,19.0,832,0.9807491302490234,,0.08598709525540471,-0.04492262750864029
3093,30.0,1147,1.2640655040740967,,0.0941122118383646,-0.04846281558275223
3094,26.0,930,1.0652167797088623,,0.07522970251739025,-0.0514991357922554
3095,18.0,835,0.990598201751709,,0.1223790138028562,-0.01956901326775551
3096,22.0,861,0.9090747833251953,,0.13651235960423946,-0.02275729551911354
3097,16.0,685,0.8399031162261963,,0.13803901011124253,-0.04290934279561043
3098,30.0,903,0.9658358097076416,,0.1827770983800292,-0.016124650835990906
3099,24.0,857,0.9942688941955566,,0.1332933702506125,-0.050913020968437195
3100,29.0,986,1.119659662246704,,0.1583081679418683,-0.05421541631221771
3101,25.0,894,1.0321917533874512,,0.10991944232955575,-0.05854157358407974
3102,4.0,417,0.5057246685028076,,0.1151988753117621,-0.05227409303188324
3103,29.0,1243,1.355217695236206,,0.13455600244924426,-0.021174117922782898
3104,27.0,972,1.1097931861877441,,0.07829534984193742,-0.06478036940097809
3105,21.0,911,1.0526549816131592,,0.13991907937452197,-0.0582754984498024
3106,28.0,1095,1.2257332801818848,,0.10034231329336762,-0.05843132361769676
3107,27.0,1153,1.295011281967163,,0.17194601008668542,-0.010504141449928284
3108,33.0,1333,1.524660587310791,,0.16826793272048235,-0.013678677380084991
3109,27.0,1067,1.2008187770843506,,0.10407729819417,-0.045081548392772675
3110,38.0,1732,1.8974990844726562,,0.09262677514925599,-0.07351826876401901
3111,30.0,1205,1.3187334537506104,,0.3968668468296528,0.043701060116291046
3112,29.0,941,1.0745110511779785,,0.07255990314297378,-0.06519263237714767
3113,21.0,689,0.8417015075683594,,0.10659265471622348,-0.05294981971383095
3114,25.0,929,0.9756534099578857,,0.1911509996280074,-0.019243068993091583
3115,22.0,746,0.9043135643005371,,0.12025614781305194,-0.06864670664072037
3116,25.0,951,1.0928733348846436,,0.10617335513234138,-0.04865244776010513
3117,31.0,1121,1.2513010501861572,,0.1575280181132257,-0.03314806520938873
3118,20.0,843,0.9905023574829102,,0.1704049864783883,-0.023297078907489777
3119,31.0,1167,1.2921977043151855,,0.14085685089230537,-0.032066166400909424
3120,25.0,857,1.007516860961914,,0.124637839384377,-0.03745689243078232
3121,20.0,753,0.8281373977661133,,0.18459868943318725,-0.038701511919498444
3122,16.0,649,0.70768141746521,,0.21718247793614864,-0.004819512367248535
3123,29.0,1113,1.221531629562378,,0.20656222850084305,-0.018893472850322723
3124,27.0,1337,1.5262925624847412,,0.1550233014859259,-0.018728934228420258
3125,26.0,935,1.0703532695770264,,0.07151343137957156,-0.07504372298717499
3126,27.0,989,1.1222379207611084,,0.09528320096433163,-0.05564715713262558
3127,10.0,481,0.564915657043457,,0.15131785767152905,-0.03189627081155777
3128,8.0,421,0.5117967128753662,,0.13116238405928016,-0.03165008872747421
3129,16.0,715,0.7870297431945801,,0.16471003973856568,-0.0009542927145957947
3130,20.0,759,0.8128283023834229,,0.11300448048859835,-0.050245922058820724
3131,29.0,899,1.0191841125488281,,0.18934514885768294,-0.02857925370335579
3132,6.0,389,0.4621090888977051,,0.23363336268812418,0.004887819290161133
3133,36.0,1257,1.362450122833252,,0.23871668335050344,-0.005047544836997986
3134,32.0,1347,1.5417225360870361,,0.12050073314458132,-0.046125687658786774
3135,18.0,941,1.0830974578857422,,0.109933165833354,-0.04913902282714844
3136,14.0,724,0.792189359664917,,0.25783095555379987,0.01602591946721077
3137,26.0,878,1.045527696609497,,0.26462674513459206,0.04572927951812744
3138,21.0,831,0.9771699905395508,,0.1614409671165049,-0.04553898423910141
3139,28.0,1049,1.186920166015625,,0.1164988842792809,-0.04136384278535843
3140,29.0,1243,1.3567357063293457,,0.10384251130744815,-0.04729236662387848
3141,19.0,935,1.0891034603118896,,0.06023106724023819,-0.07488299906253815
3142,23.0,1001,1.1512455940246582,,0.16145412484183908,-0.03709584102034569
3143,31.0,1080,1.2017922401428223,,0.08511335169896483,-0.0747048631310463
3144,16.0,627,0.7021253108978271,,0.13360380288213491,-0.04231346771121025
3145,18.0,870,1.032775640487671,,0.14211200876161456,-0.006144583225250244
3146,19.0,955,1.093609094619751,,0.10520992241799831,-0.0558914989233017
3147,10.0,558,0.6416478157043457,,0.13804399920627475,-0.039281390607357025
3148,34.0,1202,1.3222432136535645,,0.14501580968499184,-0.029618505388498306
3149,27.0,1071,1.1880064010620117,,0.15007425751537085,-0.03459705412387848
3150,26.0,890,1.0436859130859375,,0.11260425159707665,-0.032307837158441544
3151,33.0,1337,1.5300333499908447,,0.13510421384125948,-0.033368855714797974
3152,8.0,492,0.5730762481689453,,0.12202468747273088,-0.06004522740840912
3153,21.0,960,1.122035026550293,,0.2544022100046277,0.023701995611190796
3154,27.0,929,0.9743421077728271,,0.15064548887312412,-0.04557737708091736
3155,30.0,1261,1.481499195098877,,0.15479029202833772,-0.019206836819648743
3156,32.0,1155,1.2761814594268799,,0.09157875878736377,-0.05096382647752762
3157,23.0,975,1.1035125255584717,,0.1497681736946106,-0.03423084318637848
3158,22.0,962,1.0851502418518066,,0.10289963148534298,-0.044850196689367294
3159,4.0,367,0.44535040855407715,,0.1757272370159626,-0.04108729958534241
3160,5.0,478,0.45622849464416504,,0.1757272370159626,-0.04108729958534241
3161,44.0,1979,2.1950008869171143,,0.1556302011013031,-0.05792412906885147
3162,7.0,524,0.5884816646575928,,0.07843001000583172,-0.06735162436962128
3163,16.0,917,1.0516817569732666,,0.22579933982342482,0.005467966198921204
3164,18.0,781,0.9181017875671387,,0.1537080043926835,-0.05201958119869232
3165,25.0,782,0.8420524597167969,,0.1435286751948297,-0.0388646237552166
3166,25.0,905,1.0435564517974854,,0.125850485637784,-0.07173564285039902
3167,32.0,1053,1.1680173873901367,,0.11382101429626346,-0.05619731545448303
3168,22.0,742,0.7969112396240234,,0.13544370606541634,-0.04296344518661499
3169,18.0,733,0.8790366649627686,,0.13710871478542686,-0.038324154913425446
3170,23.0,799,0.8513569831848145,,0.16171363182365894,-0.026541121304035187
3171,17.0,768,0.9188663959503174,,0.15062875766307116,-0.03608860820531845
3172,27.0,845,0.9759912490844727,,0.0859465217217803,-0.06486481428146362
3173,15.0,624,0.7023530006408691,,0.11224834714084864,-0.04267833009362221
3174,8.0,407,0.49062228202819824,,0.17231715098023415,-0.0169975683093071
3175,18.0,915,0.9765348434448242,,0.15039616636931896,-0.03687306493520737
3176,30.0,1039,1.1648852825164795,,0.12129080528393388,-0.06052802503108978
3177,24.0,1379,1.5774741172790527,,0.150339359883219,-0.051123760640621185
3178,15.0,619,0.6907148361206055,,0.12114023882895708,-0.059034474194049835
3179,9.0,472,0.5452101230621338,,0.15074811456725,-0.03708396106958389
3180,8.0,402,0.4819309711456299,,0.10038171289488673,-0.04249858483672142
3181,25.0,1011,1.1384131908416748,,0.11709230998530984,-0.031455375254154205
3182,28.0,1089,1.2130014896392822,,0.10872089583426714,-0.05253754183650017
3183,15.0,690,0.8486497402191162,,0.08521100250072777,-0.07374724745750427
3184,13.0,653,0.7211763858795166,,0.17214691126719117,-0.020211052149534225
3185,29.0,1253,1.3646864891052246,,0.09588102996349335,-0.055520933121442795
3186,32.0,1243,1.4316463470458984,,0.10096522374078631,-0.060720641165971756
3187,9.0,373,0.35642027854919434,,0.10096522374078631,-0.060720641165971756
3188,18.0,762,0.9426403045654297,,0.13348436076194048,-0.03724926710128784
3189,23.0,1067,1.1973323822021484,,0.14166282955557108,-0.05816002935171127
3190,31.0,1318,1.5052883625030518,,0.08869697107002139,-0.0648084506392479
3191,7.0,371,0.35329627990722656,,0.08869697107002139,-0.0648084506392479
3192,21.0,837,0.981158971786499,,0.08970436220988631,-0.02828502655029297
3193,24.0,871,1.0038738250732422,,0.09236573008820415,-0.07741136848926544
3194,7.0,362,0.34546947479248047,,0.09236573008820415,-0.07741136848926544
3195,23.0,779,0.9408471584320068,,0.08198822638951242,-0.046292249113321304
3196,31.0,1142,1.2634668350219727,,0.1295603890903294,-0.03890959545969963
3197,13.0,527,0.5978138446807861,,0.12990912701934576,-0.04495597630739212
3198,30.0,1213,1.3184928894042969,,0.2008239533752203,-0.004105307161808014
3199,32.0,1329,1.5187065601348877,,0.1321389451622963,-0.04269929230213165
3200,28.0,1325,1.5030689239501953,,0.1165301869623363,-0.060962095856666565
3201,11.0,529,0.6078619956970215,,0.05484778410755098,-0.08487439155578613
3202,11.0,481,0.5622849464416504,,0.16611938225105405,-0.016740038990974426
3203,5.0,439,0.42215442657470703,,0.16611938225105405,-0.016740038990974426
3204,16.0,632,0.8081910610198975,,0.38690819777548313,0.033540189266204834
3205,24.0,987,1.134171724319458,,0.15812742803245783,-0.02538745105266571
3206,26.0,871,0.9239616394042969,,0.11184380622580647,-0.06998437643051147
3207,5.0,413,0.4899263381958008,,0.10645326878875494,-0.048946645110845566
3208,27.0,1021,1.149170160293579,,0.17213676823303103,-0.03270253166556358
3209,26.0,959,1.094822645187378,,0.03985594259575009,-0.08741772174835205
3210,4.0,423,0.4937551021575928,,0.13242670753970742,-0.05755266919732094
3211,22.0,773,0.836923360824585,,0.08872529584914446,-0.0609004944562912
3212,27.0,908,1.0494675636291504,,0.10792651120573282,-0.041162244975566864
3213,24.0,945,1.0875568389892578,,0.17135920003056526,-0.0368085652589798
3214,31.0,1241,1.3400461673736572,,0.1420370931737125,-0.03505222499370575
3215,24.0,750,0.8964657783508301,,0.06796979322098196,-0.0852886289358139
3216,18.0,677,0.738567590713501,,0.12898472975939512,-0.03329341858625412
3217,19.0,677,0.8267264366149902,,0.09138668980449438,-0.04168252646923065
3218,44.0,1657,1.8239669799804688,,0.10795359686017036,-0.06724845618009567
3219,13.0,634,0.7080607414245605,,0.2764004357159138,-0.013210698962211609
3220,29.0,1109,1.2174081802368164,,0.11161685222759843,-0.049715667963027954
3221,25.0,953,1.085184097290039,,0.06531525403261185,-0.07693960517644882
3222,22.0,877,1.0076274871826172,,0.12635144079104066,-0.03480726480484009
3223,23.0,683,0.7547709941864014,,0.13864181796088815,-0.04340880736708641
3224,18.0,709,0.7732231616973877,,0.08180348621681333,-0.07374623417854309
3225,23.0,974,1.1079976558685303,,0.16636511869728565,-0.06308360397815704
3226,14.0,579,0.6450929641723633,,0.15563109423965216,-0.03941592946648598
3227,26.0,867,1.024049997329712,,0.2726887846365571,0.03059716522693634
3228,27.0,1017,1.1348752975463867,,0.12960392888635397,-0.06610067188739777
3229,30.0,1111,1.220705270767212,,0.10478298831731081,-0.05688099190592766
3230,32.0,1454,1.6343896389007568,,0.13648017589002848,-0.04938726872205734
3231,25.0,1107,1.2459321022033691,,0.08561798953451216,-0.0710284560918808
3232,28.0,1065,1.1820957660675049,,0.11290796427056193,-0.06626179814338684
3233,7.0,556,0.6262259483337402,,0.17953950306400657,-0.037426646798849106
3234,30.0,982,1.108555793762207,,0.35802812222391367,0.020423904061317444
3235,27.0,1147,1.3551864624023438,,0.16592800430953503,-0.06031370908021927
3236,11.0,465,0.5472102165222168,,0.07160327327437699,-0.08598862588405609
3237,12.0,606,0.6860024929046631,,0.15627178642898798,-0.03395658731460571
3238,21.0,961,1.105173110961914,,0.17483376618474722,-0.013626012951135635
3239,16.0,737,0.8003342151641846,,0.18668595561757684,-0.03228527680039406
3240,26.0,1035,1.1674752235412598,,0.24314420856535435,-0.025947533547878265
3241,25.0,1332,1.522329330444336,,0.13223583018407226,-0.06412960588932037
3242,11.0,831,0.8913896083831787,,0.07843489781953394,-0.08489105850458145
3243,17.0,795,0.9532885551452637,,0.17575731547549367,-0.01759050041437149
3244,14.0,606,0.6735856533050537,,0.10854252055287361,-0.06310657411813736
3245,8.0,383,0.4555966854095459,,0.12871827045455575,-0.0646650642156601
3246,15.0,919,1.0675511360168457,,0.11702042305842042,-0.06132311373949051
3247,24.0,803,0.8544743061065674,,0.1124642537906766,-0.0652371421456337
3248,11.0,574,0.6412227153778076,,0.14342779899016023,-0.04588449001312256
3249,26.0,1045,1.171823263168335,,0.1325703952461481,-0.022233344614505768
3250,15.0,567,0.6422786712646484,,0.14477288303896785,-0.03173138201236725
3251,16.0,679,0.8410232067108154,,0.17068495694547892,-0.023364633321762085
3252,8.0,412,0.49741578102111816,,0.0952313020825386,-0.0399002730846405
3253,22.0,839,0.8968312740325928,,0.1378404344432056,-0.042034272104501724
3254,7.0,410,0.48921847343444824,,0.11395695758983493,-0.0507052056491375
3255,24.0,1135,1.2600140571594238,,0.23428635578602552,-0.0007954537868499756
3256,15.0,708,0.8601469993591309,,0.08906454825773835,-0.07399416714906693
3257,28.0,1116,1.2532234191894531,,0.1335219806060195,-0.03646738827228546
3258,24.0,1011,1.1523809432983398,,0.18431015266105533,-0.023758642375469208
3259,20.0,781,0.8475613594055176,,0.11549372971057892,-0.04297887533903122
3260,20.0,725,0.8784365653991699,,0.2059548106044531,-0.026790954172611237
3261,16.0,651,0.7226369380950928,,0.2079996420070529,-0.007954716682434082
3262,12.0,661,0.7194263935089111,,0.15597124304622412,-0.022624090313911438
3263,25.0,1044,1.181326150894165,,0.17823051242157817,-0.04030461236834526
3264,16.0,766,0.9181180000305176,,0.17877286858856678,-0.04730907082557678
3265,12.0,606,0.6820976734161377,,0.1224770937114954,-0.05082327872514725
3266,31.0,1126,1.246037244796753,,0.13505989965051413,-0.04480937123298645
3267,20.0,781,0.9239635467529297,,0.14629856497049332,-0.036014050245285034
3268,25.0,888,0.9415960311889648,,0.10513030365109444,-0.054690416902303696
3269,19.0,796,0.9398620128631592,,0.09342532884329557,-0.06843525171279907
3270,20.0,927,1.064319133758545,,0.14210609253495932,-0.0507345125079155
3271,12.0,521,0.5987601280212402,,0.20172203611582518,-0.0442819818854332
3272,13.0,503,0.5817852020263672,,0.23698076233267784,-0.00658850371837616
3273,24.0,898,1.0483880043029785,,0.13662364427000284,-0.040554240345954895
3274,10.0,507,0.576378583908081,,0.19412006111815572,-0.038215406239032745
3275,14.0,653,0.7187659740447998,,0.18425522465258837,-0.022297948598861694
3276,8.0,490,0.5663692951202393,,0.13067088229581714,-0.040994174778461456
3277,12.0,505,0.5839025974273682,,0.13545535691082478,-0.03968748450279236
3278,31.0,891,1.0297861099243164,,0.16925093438476324,-0.019999094307422638
3279,30.0,1141,1.258882761001587,,0.1644960674457252,-0.042960572987794876
3280,19.0,754,0.818800687789917,,0.12168254004791379,-0.062241196632385254
3281,23.0,957,1.106881856918335,,0.14379608584567904,-0.04799669608473778
3282,26.0,1193,1.3073747158050537,,0.08236618060618639,-0.06484797596931458
3283,29.0,1386,1.569542646408081,,0.1514872880652547,-0.031785234808921814
3284,21.0,634,0.6924591064453125,,0.09486326714977622,-0.0685817301273346
3285,21.0,806,0.9580204486846924,,0.12883654376491904,-0.022639084607362747
3286,27.0,927,1.0531220436096191,,0.12642651982605457,-0.04151688888669014
3287,24.0,923,1.0811693668365479,,0.21333777345716953,-0.010613583028316498
3288,11.0,601,0.6638486385345459,,0.19997116783633828,-0.04778887704014778
3289,26.0,941,1.0835161209106445,,0.11720460373908281,-0.039523884654045105
3290,20.0,772,0.8332953453063965,,0.07516318373382092,-0.0690598264336586
3291,25.0,832,0.9779422283172607,,0.1477847695350647,-0.026626579463481903
3292,32.0,1278,1.3905019760131836,,0.08268799749203026,-0.04488905146718025
3293,18.0,738,0.8870103359222412,,0.16027387976646423,-0.02036580815911293
3294,13.0,668,0.7360641956329346,,0.16041895234957337,-0.0322747677564621
3295,22.0,894,1.0399267673492432,,0.15071331150829792,-0.024550393223762512
3296,31.0,999,1.1290454864501953,,0.131538906134665,-0.0541098415851593
3297,23.0,889,0.948173999786377,,0.1798095367848873,-0.032610729336738586
3298,33.0,1390,1.5652005672454834,,0.14418496703729033,-0.029079720377922058
3299,24.0,929,1.0643572807312012,,0.09312619362026453,-0.05922174081206322
3300,10.0,652,0.715904951095581,,0.1506766937673092,-0.04680606722831726
3301,15.0,696,0.8519928455352783,,0.20626768935471773,0.002547048032283783
3302,19.0,688,0.7512352466583252,,0.149142948910594,-0.03923920542001724
3303,23.0,952,1.0927371978759766,,0.14677972253412008,-0.03058728203177452
3304,26.0,899,0.9543523788452148,,0.1559512224048376,-0.037126801908016205
3305,8.0,570,0.726423978805542,,0.17233764845877886,-0.030043285340070724
3306,31.0,1148,1.2726080417633057,,0.12470534443855286,-0.03496662899851799
3307,32.0,1168,1.2902443408966064,,0.06620472087524831,-0.05623691529035568
3308,27.0,1019,1.1451585292816162,,0.09190016379579902,-0.05638204887509346
3309,33.0,1154,1.255695104598999,,0.060607827734202147,-0.07599762827157974
3310,17.0,583,0.6448588371276855,,0.18089454993605614,-0.02229718118906021
3311,27.0,1101,1.2994203567504883,,0.13827222120016813,-0.03343571722507477
3312,29.0,1125,1.2414987087249756,,0.11817949824035168,-0.034334465861320496
3313,11.0,599,0.6680052280426025,,0.10675369226373732,-0.08017978072166443
3314,22.0,951,1.0712668895721436,,0.1685728384181857,-0.005815483629703522
3315,13.0,505,0.5706913471221924,,0.13447758369147778,-0.038613177835941315
3316,16.0,715,0.7807843685150146,,0.2503237258642912,-0.013483785092830658
3317,32.0,1023,1.1369383335113525,,0.19182589976117015,-0.01060079038143158
3318,22.0,834,0.9764304161071777,,0.11092370515689254,-0.051415976136922836
3319,22.0,730,0.7928426265716553,,0.1752993669360876,-0.028828322887420654
3320,27.0,971,1.0976247787475586,,0.09916166635230184,-0.042429544031620026
3321,29.0,1188,1.3895440101623535,,0.1281038587912917,-0.04586929455399513
3322,30.0,1189,1.2997667789459229,,0.14870778005570173,-0.001679740846157074
3323,24.0,726,0.7819092273712158,,0.08838951564393938,-0.06404387205839157
3324,21.0,707,0.8598189353942871,,0.1852562790736556,-0.019045963883399963
3325,34.0,1057,1.183220386505127,,0.15181450778618455,-0.02786097675561905
3326,24.0,835,0.8963148593902588,,0.13653169991448522,-0.03414411097764969
3327,19.0,716,0.8689324855804443,,0.10757857002317905,-0.0644092857837677
3328,9.0,680,0.7522082328796387,,0.194530276581645,0.002278365194797516
3329,32.0,1336,1.5109660625457764,,0.15871379943564534,-0.02138606458902359
3330,23.0,793,0.8577187061309814,,0.08408301137387753,-0.07806932181119919
3331,16.0,601,0.6716840267181396,,0.09748053317889571,-0.05744323879480362
3332,23.0,751,0.9144065380096436,,0.14788719872012734,-0.03597992658615112
3333,23.0,745,0.8093714714050293,,0.15715961763635278,-0.028153620660305023
3334,32.0,1175,1.3785250186920166,,0.1413611858151853,-0.03660343587398529
3335,34.0,1413,1.507190227508545,,0.11707829451188445,-0.04204579442739487
3336,25.0,857,0.9964263439178467,,0.05096837552264333,-0.08852237462997437
3337,27.0,1024,1.1518032550811768,,0.08417744748294353,-0.05562838539481163
3338,26.0,827,0.9635910987854004,,0.09171040076762438,-0.0686471164226532
3339,24.0,898,0.9603822231292725,,0.2654601465910673,-0.0023133456707000732
3340,13.0,675,0.8275473117828369,,0.1138247586786747,-0.06950433552265167
3341,29.0,969,1.1190216541290283,,0.14032946806401014,-0.035922929644584656
3342,24.0,855,0.9019222259521484,,0.14001486729830503,-0.043070901185274124
3343,16.0,639,0.8095622062683105,,0.15228091599419713,-0.02687694877386093
3344,17.0,563,0.6286098957061768,,0.20379489660263062,-0.012602925300598145
3345,23.0,944,0.990546703338623,,0.10127175832167268,-0.05047561228275299
3346,28.0,1143,1.3494617938995361,,0.12361646117642522,-0.03000306338071823
3347,21.0,757,0.8220679759979248,,0.10477093933150172,-0.06335373222827911
3348,13.0,493,0.5632956027984619,,0.0741424709558487,-0.0639287680387497
3349,18.0,549,0.6128182411193848,,0.11423067515715957,-0.05632878839969635
3350,30.0,1190,1.3788487911224365,,0.12547866627573967,-0.04805700108408928
3351,29.0,892,0.9360387325286865,,0.095429303124547,-0.07090695947408676
3352,27.0,796,0.93129563331604,,0.11474795313552022,-0.046660758554935455
3353,28.0,967,1.1003482341766357,,0.11785456538200378,-0.04299423098564148
3354,25.0,1001,1.1428191661834717,,0.20686224941164255,-0.008823230862617493
3355,19.0,883,0.9400002956390381,,0.13386082788929343,-0.05771839618682861
3356,28.0,1179,1.3814032077789307,,0.10856438148766756,-0.058891892433166504
3357,24.0,820,0.8774075508117676,,0.10834034252911806,-0.07023243606090546
3358,26.0,828,0.9704651832580566,,0.14203803054988384,-0.043920256197452545
3359,24.0,911,1.0555262565612793,,0.09202165668830276,-0.05681343376636505
3360,21.0,670,0.7434258460998535,,0.09586051059886813,-0.05445244163274765
3361,22.0,799,0.9435939788818359,,0.13373782578855753,-0.03423554450273514
3362,7.0,347,0.3327159881591797,,0.13373782578855753,-0.03423554450273514
3363,28.0,955,1.1081790924072266,,0.10363553231582046,-0.04127845913171768
3364,28.0,984,1.1093261241912842,,0.12755529070273042,-0.04969382286071777
3365,19.0,720,0.7755284309387207,,0.0945886536501348,-0.06531055271625519
3366,25.0,816,0.9618425369262695,,0.17107711266726255,-0.015463285148143768
3367,23.0,715,0.7836048603057861,,0.10501460544764996,-0.05758792161941528
3368,31.0,1058,1.2589483261108398,,0.16885388176888227,-0.013915963470935822
3369,27.0,1175,1.2881896495819092,,0.1615705150179565,-0.03020894154906273
3370,28.0,970,1.1097774505615234,,0.15013026120141149,-0.022175416350364685
3371,23.0,856,0.9231531620025635,,0.09819383453577757,-0.07233880460262299
3372,28.0,1129,1.3363521099090576,,0.11696729995310307,-0.05807272344827652
3373,18.0,679,0.745955228805542,,0.07525008590891957,-0.08343978226184845
3374,14.0,567,0.6389820575714111,,0.15471966937184334,-0.023166723549365997
3375,6.0,381,0.46950221061706543,,0.17166447080671787,-0.001266375184059143
3376,28.0,1161,1.29244065284729,,0.188486997038126,-0.022027499973773956
3377,22.0,910,1.0492103099822998,,0.11662210896611214,-0.043455056846141815
3378,30.0,1158,1.2790300846099854,,0.11807255586609244,-0.053947292268276215
3379,25.0,753,0.9053561687469482,,0.10148510104045272,-0.036043670028448105
3380,18.0,580,0.6417927742004395,,0.1654792674817145,-0.038535259664058685
3381,15.0,607,0.6840000152587891,,0.11766588082537055,-0.04962582141160965
3382,23.0,811,0.8738031387329102,,0.1302781281992793,-0.03758151829242706
3383,16.0,694,0.8540806770324707,,0.16592267155647278,-0.01840374618768692
3384,30.0,1033,1.1627883911132812,,0.13323612976819277,-0.03995605185627937
3385,10.0,453,0.5343184471130371,,0.13511272985488176,-0.0545928031206131
3386,24.0,880,0.9391674995422363,,0.12902956223115325,-0.03360950946807861
3387,9.0,708,0.8667604923248291,,0.08684204518795013,-0.0833309069275856
3388,19.0,715,0.7765665054321289,,0.11469905590638518,-0.039619170129299164
3389,32.0,932,1.0559005737304688,,0.1679580956697464,-0.03678859770298004
3390,25.0,878,1.0238068103790283,,0.049997765105217695,-0.06991936266422272
3391,19.0,629,0.7021336555480957,,0.22314981929957867,-0.02483910322189331
3392,29.0,1221,1.3269107341766357,,0.18552947975695133,-0.01501135528087616
3393,26.0,755,0.8974840641021729,,0.059119715355336666,-0.06399273872375488
3394,13.0,685,0.7547857761383057,,0.12877265084534883,-0.04394400864839554
3395,16.0,779,0.9414017200469971,,0.2017102800309658,-0.010353423655033112
3396,29.0,1187,1.3118772506713867,,0.1706825657747686,-0.01624433323740959
3397,17.0,930,1.0722882747650146,,0.10169510869309306,-0.053032658994197845
3398,24.0,876,1.0277276039123535,,0.08864656067453325,-0.06944745033979416
3399,10.0,525,0.601341962814331,,0.14071535179391503,-0.05597434192895889
3400,12.0,588,0.6525042057037354,,0.13097149645909667,-0.031856708228588104
3401,27.0,1151,1.2817566394805908,,0.09828914469107985,-0.02678786590695381
3402,30.0,1097,1.2102549076080322,,0.09564926894381642,-0.06558676809072495
3403,22.0,799,0.9333455562591553,,0.12844372494146228,-0.050571974366903305
3404,20.0,762,0.8363635540008545,,0.16152122849598527,-0.04645626246929169
3405,27.0,1170,1.2818677425384521,,0.12244978547096252,-0.0377296507358551
3406,26.0,886,1.0116865634918213,,0.19643825013190508,-0.018955916166305542
3407,31.0,1423,1.596323013305664,,0.1482702223584056,-0.055371176451444626
3408,22.0,771,0.8278391361236572,,0.09743703040294349,-0.09171256422996521
3409,15.0,655,0.8107397556304932,,0.17412409093230963,-0.025644294917583466
3410,9.0,569,0.653663158416748,,0.19150816183537245,-0.0012585222721099854
3411,31.0,1167,1.2860987186431885,,0.13996969629079103,-0.030836783349514008
3412,17.0,747,0.8959712982177734,,0.07997600943781435,-0.057149868458509445
3413,29.0,1079,1.1954383850097656,,0.10605321591719985,-0.04745546728372574
3414,30.0,1032,1.1719636917114258,,0.12776528438553214,-0.0318964347243309
3415,29.0,1168,1.2900755405426025,,0.0968133476562798,-0.04059471935033798
3416,31.0,1055,1.1726250648498535,,0.0919851423241198,-0.043578121811151505
3417,26.0,924,1.064899206161499,,0.096975008957088,-0.05189422145485878
3418,23.0,898,1.042097806930542,,0.10767327481880784,-0.04038228839635849
3419,48.0,2003,2.23742413520813,,0.3485061964020133,0.055311545729637146
3420,25.0,1084,1.2072186470031738,,0.19076730404049158,-0.021298304200172424
3421,30.0,1024,1.1485021114349365,,0.1381268072873354,-0.03312890976667404
3422,32.0,1136,1.246537685394287,,0.16832097340375185,-0.02760111540555954
3423,25.0,970,1.0979185104370117,,0.1472576200030744,-0.013469628989696503
3424,22.0,893,0.9552304744720459,,0.15419791545718908,-0.030178051441907883
3425,25.0,855,1.0001978874206543,,0.14943564450368285,-0.03638937324285507
3426,27.0,910,1.0485124588012695,,0.11089948751032352,-0.03860323503613472
3427,22.0,781,0.8358919620513916,,0.19305830262601376,-0.011287130415439606
3428,20.0,766,0.9288513660430908,,0.19017828721553087,-0.03687971085309982
3429,16.0,697,0.754413366317749,,0.09329053293913603,-0.049793992191553116
3430,18.0,739,0.8936829566955566,,0.13308636052533984,-0.05203508958220482
3431,20.0,765,0.8327274322509766,,0.08383957901969552,-0.05694900453090668
3432,15.0,575,0.6450469493865967,,0.140402945689857,-0.0602688230574131
3433,27.0,1007,1.127310037612915,,0.09731161966919899,-0.0447118878364563
3434,28.0,879,1.0216474533081055,,0.0901955496519804,-0.05342012271285057
3435,23.0,835,0.9740660190582275,,0.11652231588959694,-0.0572228878736496
3436,9.0,475,0.5704805850982666,,0.21417345106601715,-0.04376819729804993
3437,12.0,504,0.5809845924377441,,0.1768046012148261,-0.0011863410472869873
3438,26.0,1125,1.256338357925415,,0.10829795338213444,-0.052623625844717026
3439,25.0,1080,1.2062010765075684,,0.09367779362946749,-0.0642714649438858
3440,13.0,641,0.706681489944458,,0.10679516615346074,-0.055355094373226166
3441,29.0,856,0.9936068058013916,,0.10051500936970115,-0.04231967404484749
3442,12.0,525,0.6002404689788818,,0.19149560946971178,-0.01618083566427231
3443,12.0,491,0.5662534236907959,,0.11660800129175186,-0.05155918374657631
3444,21.0,813,0.8688180446624756,,0.0791039471514523,-0.057342514395713806
3445,26.0,1023,1.1531622409820557,,0.11922531854361296,-0.05655001848936081
3446,14.0,631,0.7815797328948975,,0.0922355568036437,-0.05946032702922821
3447,22.0,689,0.7622578144073486,,0.11564508359879255,-0.03383485972881317
3448,15.0,724,0.7825381755828857,,0.24150612391531467,-0.0019495636224746704
3449,16.0,777,0.932098388671875,,0.13683826522901654,-0.022997792810201645
3450,29.0,1121,1.2377629280090332,,0.17062216438353062,-0.016448311507701874
3451,27.0,965,1.0979022979736328,,0.0773845377843827,-0.07323333621025085
3452,26.0,753,0.8098864555358887,,0.154353064019233,-0.041279517114162445
3453,15.0,635,0.790172815322876,,0.19329261779785156,-0.025894559919834137
3454,6.0,353,0.3405900001525879,,0.19329261779785156,-0.025894559919834137
3455,26.0,893,1.047715187072754,,0.30530584789812565,0.03110010176897049
3456,29.0,924,1.0557317733764648,,0.09935656795278192,-0.04327147826552391
3457,19.0,724,0.7943723201751709,,0.19652064610272646,-0.04548048973083496
3458,19.0,549,0.6216580867767334,,0.07250926271080971,-0.06647364795207977
3459,26.0,1024,1.145564079284668,,0.13079519430175424,-0.05381329357624054
3460,11.0,579,0.7319738864898682,,0.0956897116266191,-0.06625721603631973
3461,22.0,917,0.9690089225769043,,0.2082173083908856,-0.011194642633199692
3462,20.0,662,0.8206613063812256,,0.14509185450151563,-0.031202293932437897
3463,30.0,1216,1.3316826820373535,,0.0794249048922211,-0.044497258961200714
3464,17.0,799,0.9434406757354736,,0.11021222406998277,-0.05310575291514397
3465,31.0,1043,1.1610560417175293,,0.09828800288960338,-0.06292205303907394
3466,17.0,591,0.6775598526000977,,0.14039274072274566,-0.046257685869932175
3467,22.0,756,0.8278183937072754,,0.10563621716573834,-0.05012134462594986
3468,19.0,633,0.6974952220916748,,0.19969842676073313,0.002375692129135132
3469,11.0,503,0.5812866687774658,,0.1145928599871695,-0.0256112702190876
3470,28.0,1225,1.4249060153961182,,0.15450542327016592,-0.04307671636343002
3471,23.0,765,0.8326101303100586,,0.09707411052659154,-0.06304506957530975
3472,25.0,875,1.0153591632843018,,0.17691382858902216,-0.021769896149635315
3473,24.0,870,1.0231730937957764,,0.19062678515911102,-0.034923866391181946
3474,9.0,543,0.6236481666564941,,0.1451754835434258,-0.051467880606651306
3475,28.0,1107,1.2185165882110596,,0.1948578404262662,-0.00428357720375061
3476,28.0,1027,1.141678810119629,,0.07175964955240488,-0.061451561748981476
3477,25.0,806,0.9411993026733398,,0.10691594332456589,-0.05651278421282768
3478,12.0,505,0.5756247043609619,,0.1141128814779222,-0.07589995861053467
3479,26.0,1279,1.39162278175354,,0.1845508348196745,-0.010950714349746704
3480,27.0,1247,1.355297565460205,,0.06691703479737043,-0.07412879168987274
3481,14.0,688,0.8429021835327148,,0.078814985929057,-0.07831650227308273
3482,23.0,821,0.8800911903381348,,0.10810309834778309,-0.04608437791466713
3483,11.0,531,0.597020149230957,,0.1309740045107901,-0.016019921749830246
3484,15.0,615,0.7849788665771484,,0.09684749785810709,-0.059669822454452515
3485,21.0,739,0.8005173206329346,,0.08708246517926455,-0.06580467522144318
3486,10.0,661,0.732344388961792,,0.12124833324924111,-0.04050726443529129
3487,17.0,785,0.9358551502227783,,0.20284512639045715,0.003683440387248993
3488,16.0,643,0.7093076705932617,,0.18827185034751892,-0.014599494636058807
3489,27.0,1227,1.433988332748413,,0.08105968357995152,-0.05618076026439667
3490,33.0,1159,1.273444652557373,,0.07637404603883624,-0.06350509077310562
3491,16.0,661,0.7235119342803955,,0.22010913025587797,-0.013232968747615814
3492,25.0,1109,1.2330317497253418,,0.14263209234923124,-0.02345876395702362
3493,18.0,771,0.912205696105957,,0.10503646824508905,-0.05419372767210007
3494,11.0,588,0.6598570346832275,,0.11635373719036579,-0.02914191037416458
3495,14.0,731,0.7912707328796387,,0.18915967177599669,-0.014635078608989716
3496,17.0,823,0.970928430557251,,0.09108889289200306,-0.05330229550600052
3497,18.0,968,1.1026811599731445,,0.11101336078718305,-0.06637593358755112
3498,20.0,938,1.090806484222412,,0.07916314480826259,-0.06843369454145432
3499,20.0,885,0.9381451606750488,,0.11984687764197588,-0.050598569214344025
3500,14.0,639,0.7925987243652344,,0.09997421130537987,-0.06013796478509903
3501,7.0,538,0.6193325519561768,,0.06914452952332795,-0.059360358864068985
3502,26.0,1086,1.2184064388275146,,0.08541649207472801,-0.06178673729300499
3503,29.0,1136,1.2435829639434814,,0.07995958672836423,-0.06108362227678299
3504,8.0,535,0.6019446849822998,,0.17377842403948307,-0.03610255569219589
3505,8.0,621,0.6899003982543945,,0.07017599977552891,-0.061766400933265686
3506,26.0,899,1.0244128704071045,,0.17153999209403992,-0.013754282146692276
3507,20.0,898,1.0230209827423096,,0.12300333566963673,-0.03806009516119957
3508,15.0,943,1.075226068496704,,0.07891855738125741,-0.059597063809633255
3509,22.0,898,0.9481253623962402,,0.164594033267349,-0.03427538648247719
3510,16.0,711,0.8540701866149902,,0.09881416615098715,-0.06616592407226562
3511,19.0,820,0.8727929592132568,,0.10449691209942102,-0.03897923231124878
3512,22.0,872,1.0107390880584717,,0.13413085229694843,-0.026924092322587967
3513,9.0,409,0.4754495620727539,,0.12688801996409893,-0.03840024769306183
3514,17.0,799,0.8525681495666504,,0.109188970644027,-0.0520656518638134
3515,23.0,773,0.9117567539215088,,0.15670709125697613,-0.04517136514186859
3516,17.0,759,0.8196847438812256,,0.10031236615031958,-0.04251512885093689
3517,31.0,1321,1.5015332698822021,,0.09179338067770004,-0.04903180152177811
3518,13.0,653,0.7073547840118408,,0.22475997637957335,-0.03579822927713394
3519,30.0,1151,1.3360209465026855,,0.10474859783425927,-0.04694712907075882
3520,23.0,844,0.9031083583831787,,0.11101986467838287,-0.055984802544116974
3521,11.0,695,0.83990478515625,,0.1555764959193766,-0.03409316763281822
3522,23.0,845,0.8927972316741943,,0.16564317559823394,-0.014550905674695969
3523,24.0,877,1.029426097869873,,0.16200014669448137,-0.052109092473983765
3524,28.0,1166,1.2705657482147217,,0.09458781266584992,-0.04968268796801567
3525,9.0,415,0.48802900314331055,,0.19267823453992605,-0.03447164595127106
3526,29.0,833,0.9810993671417236,,0.15191694675013423,-0.028865069150924683
3527,30.0,1305,1.4117035865783691,,0.10373031347990036,-0.033692583441734314
3528,12.0,501,0.5689561367034912,,0.20111953560262918,-0.02709539234638214
3529,24.0,903,1.0523171424865723,,0.16655847057700157,-0.016599468886852264
3530,16.0,621,0.6923532485961914,,0.13020156975835562,-0.031799592077732086
3531,24.0,929,1.054098129272461,,0.19394197780638933,-0.006201326847076416
3532,22.0,909,1.0482590198516846,,0.09693936072289944,-0.04148629307746887
3533,23.0,1143,1.2665231227874756,,0.11512907966971397,-0.048939257860183716
3534,26.0,889,1.0189590454101562,,0.11085257865488529,-0.06656831502914429
3535,10.0,462,0.546276330947876,,0.17803551815450191,-0.02452797442674637
3536,21.0,773,0.8371989727020264,,0.1211762041784823,-0.05509956553578377
3537,9.0,617,0.679656982421875,,0.1776914894580841,-0.006661862134933472
3538,10.0,593,0.7525146007537842,,0.1432535662315786,-0.017484180629253387
3539,24.0,813,0.8629450798034668,,0.15550336055457592,-0.030121468007564545
3540,20.0,727,0.8730847835540771,,0.08782998844981194,-0.0478217750787735
3541,8.0,633,0.6950039863586426,,0.16936128679662943,-0.04196079075336456
3542,11.0,582,0.6566388607025146,,0.08741507423110306,-0.05513838306069374
3543,18.0,937,1.0811772346496582,,0.10734111978672445,-0.04460504651069641
3544,9.0,510,0.5946404933929443,,0.15830755000934005,-0.034291502088308334
3545,9.0,635,0.7155628204345703,,0.1455842056311667,-0.051886092871427536
3546,18.0,921,1.061645746231079,,0.10529876034706831,-0.04321136698126793
3547,13.0,763,0.8260579109191895,,0.07499324297532439,-0.08298641443252563
3548,30.0,1005,1.1274232864379883,,0.10607091151177883,-0.06655000895261765
3549,59.0,2105,2.348400831222534,,0.04602789878845215,-0.07115799188613892
3550,25.0,997,1.125774621963501,,0.17166370898485184,-0.03517677262425423
3551,30.0,1262,1.4381768703460693,,0.12038452830165625,-0.055349819362163544
3552,18.0,647,0.7271931171417236,,0.09624370839446783,-0.06425029039382935
3553,25.0,1093,1.2209386825561523,,0.13409266527742147,-0.03705615922808647
3554,30.0,1196,1.3040120601654053,,0.08427648153156042,-0.06822501122951508
3555,24.0,862,1.004406213760376,,0.06944567756727338,-0.08969251066446304
3556,7.0,548,0.613612174987793,,0.1754612885415554,-0.022205401211977005
3557,10.0,539,0.6035819053649902,,0.12917427439242601,-0.04701095074415207
3558,24.0,827,0.9698448181152344,,0.11810581851750612,-0.03646636754274368
3559,22.0,904,1.0399789810180664,,0.1144010815769434,-0.06091878563165665
3560,33.0,1497,1.6793873310089111,,0.0828759465366602,-0.07772424817085266
3561,18.0,703,0.7779495716094971,,0.10841484693810344,-0.05910642072558403
3562,9.0,469,0.5405447483062744,,0.06374288443475962,-0.058359403163194656
3563,26.0,874,1.002464771270752,,0.1336935698054731,-0.038587555289268494
3564,23.0,957,1.0035068988800049,,0.13795900996774435,-0.03789380192756653
3565,25.0,1031,1.1678388118743896,,0.1936324522830546,-0.034603964537382126
3566,11.0,515,0.5848977565765381,,0.14877598639577627,-0.039685871452093124
3567,28.0,1047,1.2534940242767334,,0.1644404223188758,-0.022357262670993805
3568,25.0,830,0.8803012371063232,,0.16002987045794725,-0.028625592589378357
3569,24.0,995,1.115518569946289,,0.13199320016428828,-0.025360271334648132
3570,30.0,1263,1.4670343399047852,,0.16635720245540142,-0.03860361874103546
3571,18.0,697,0.7567198276519775,,0.07618986070156097,-0.07013577222824097
3572,24.0,1127,1.240408182144165,,0.227852838113904,0.004136398434638977
3573,26.0,961,1.09098482131958,,0.08816912490874529,-0.059265486896038055
3574,26.0,1031,1.1566388607025146,,0.08661302924156189,-0.0507587194442749
3575,50.0,1647,1.8164219856262207,,0.1426330730319023,-0.03546655550599098
3576,8.0,569,0.637089729309082,,0.28564536664634943,0.052512750029563904
3577,25.0,914,1.0500545501708984,,0.25056328158825636,0.024829361587762833
3578,10.0,621,0.6915056705474854,,0.13277847319841385,-0.05739226192235947
3579,27.0,826,0.9613082408905029,,0.2517578275874257,0.015550389885902405
3580,22.0,709,0.760828971862793,,0.1756654758937657,-0.020400211215019226
3581,15.0,652,0.8103740215301514,,0.26164002157747746,0.014214940369129181
3582,22.0,888,0.9433424472808838,,0.1364412480033934,-0.03577961027622223
3583,12.0,553,0.6178462505340576,,0.1363694742321968,-0.04292691871523857
3584,25.0,967,1.0908584594726562,,0.09544929442927241,-0.05816570296883583
3585,12.0,511,0.5936853885650635,,0.11122345039620996,-0.04363647848367691
3586,22.0,965,1.0913615226745605,,0.19351933104917407,-0.017120636999607086
3587,25.0,1084,1.1945219039916992,,0.18958203541114926,-0.026119116693735123
3588,26.0,789,0.943812370300293,,0.10395715711638331,-0.08709387481212616
3589,27.0,891,1.027482509613037,,0.11335430154576898,-0.0422525480389595
3590,19.0,867,0.916456937789917,,0.17176834074780345,-0.02833404392004013
3591,22.0,841,0.981818437576294,,0.1713073537684977,-0.03511618822813034
3592,27.0,1133,1.243971586227417,,0.1428886349312961,-0.031893715262413025
3593,21.0,1075,1.195526361465454,,0.0765653527341783,-0.04626696556806564
3594,30.0,1525,1.6808745861053467,,0.09130164957605302,-0.07401631772518158
3595,31.0,1325,1.5002048015594482,,0.1439528618939221,-0.04490432143211365
3596,15.0,677,0.7396693229675293,,0.11536980979144573,-0.07368116080760956
3597,18.0,775,0.9079861640930176,,0.15769279981032014,-0.03401336818933487
3598,23.0,794,0.8575999736785889,,0.124110063072294,-0.046051282435655594
3599,28.0,1006,1.1331875324249268,,0.16238305997103453,-0.027656160295009613
3600,19.0,798,0.9484813213348389,,0.09720458602532744,-0.07825426757335663
3601,7.0,380,0.36541128158569336,,0.09720458602532744,-0.07825426757335663
3602,27.0,1214,1.4398317337036133,,0.10337552335113287,-0.06632198393344879
3603,26.0,1285,1.3931748867034912,,0.08546019718050957,-0.05918174237012863
3604,26.0,1078,1.2005751132965088,,0.06716908677481115,-0.06809121370315552
3605,12.0,561,0.726508378982544,,0.0886371717788279,-0.06094905734062195
3606,21.0,846,0.8949990272521973,,0.19271821668371558,-0.01792840287089348
3607,15.0,555,0.6400496959686279,,0.15049579786136746,-0.02382400631904602
3608,26.0,1118,1.2403223514556885,,0.2599812839180231,0.01951538771390915
3609,25.0,865,1.00600266456604,,0.04252465581521392,-0.08388938754796982
3610,27.0,993,1.1280360221862793,,0.12011888856068254,-0.04107871651649475
3611,19.0,615,0.6836621761322021,,0.1256560399197042,-0.04358743876218796
3612,13.0,653,0.8078396320343018,,0.1046260492876172,-0.06080818548798561
3613,31.0,998,1.1294503211975098,,0.1350047718733549,-0.037082359194755554
3614,19.0,761,0.8085384368896484,,0.07985662901774049,-0.07116620242595673
3615,22.0,775,0.9114553928375244,,0.15211854176595807,-0.04261956736445427
3616,26.0,1000,1.0398681163787842,,0.15897776558995247,-0.04800818860530853
3617,22.0,836,0.9798235893249512,,0.06733278837054968,-0.08925241231918335
3618,30.0,1009,1.1270945072174072,,0.08891484653577209,-0.05116480216383934
3619,18.0,599,0.6771042346954346,,0.1640753773972392,-0.04877591133117676
3620,24.0,847,0.9959161281585693,,0.13768216175958514,-0.03815646842122078
3621,18.0,699,0.7619314193725586,,0.15029564406722784,-0.040009163320064545
3622,34.0,1435,1.5986955165863037,,0.09894064208492637,-0.06625419855117798
3623,6.0,489,0.5552730560302734,,0.0779308273922652,-0.07898153364658356
3624,25.0,845,0.9732077121734619,,0.28293393831700087,-0.004665091633796692
3625,29.0,1198,1.3210761547088623,,0.1201276327483356,-0.06177245080471039
3626,25.0,881,1.0103037357330322,,0.11386297456920147,-0.03918252885341644
3627,20.0,715,0.7787280082702637,,0.07943755271844566,-0.06946327537298203
3628,22.0,835,0.9720218181610107,,0.2190880198031664,0.005501538515090942
3629,11.0,526,0.6033501625061035,,0.12038302281871438,-0.052375636994838715
3630,30.0,1225,1.3284354209899902,,0.20501879509538412,-0.0018618255853652954
3631,28.0,1011,1.1388683319091797,,0.07352536031976342,-0.06639742106199265
3632,15.0,749,0.8868057727813721,,0.13644550647586584,-0.044520776718854904
3633,18.0,899,0.9408438205718994,,0.15868713287636638,-0.02680594101548195
3634,17.0,578,0.6506273746490479,,0.08285782067105174,-0.06879594922065735
3635,25.0,971,1.0934522151947021,,0.17134610656648874,-0.014477759599685669
3636,11.0,616,0.7623860836029053,,0.1578921671025455,-0.04382328689098358
3637,17.0,893,0.9505376815795898,,0.12476572347804904,-0.027921542525291443
3638,29.0,1432,1.6193974018096924,,0.1390598500147462,-0.04705981910228729
3639,24.0,898,1.0379836559295654,,0.08415155671536922,-0.0462905690073967
3640,27.0,1191,1.3052546977996826,,0.067618936765939,-0.07206539809703827
3641,23.0,833,0.9614694118499756,,0.09825128549709916,-0.04898122698068619
3642,22.0,799,0.8533132076263428,,0.09021599404513836,-0.06350931525230408
3643,20.0,713,0.85294508934021,,0.11701055010780692,-0.05192949250340462
3644,31.0,1748,1.889714241027832,,0.17586431605741382,-0.024176612496376038
3645,20.0,861,1.0011420249938965,,0.07810818240977824,-0.0472441092133522
3646,25.0,809,0.8495101928710938,,0.29096475429832935,0.030943304300308228
3647,24.0,865,1.0103232860565186,,0.10395637108013034,-0.06258445233106613
3648,24.0,739,0.8756778240203857,,0.09979748399928212,-0.05802636221051216
3649,28.0,1053,1.1743650436401367,,0.13568429416045547,-0.030626926571130753
3650,23.0,797,0.8571581840515137,,0.07194148818962276,-0.08054284751415253
3651,17.0,548,0.6093459129333496,,0.18859263323247433,-0.03086996078491211
3652,25.0,835,0.9716324806213379,,0.11574726970866323,-0.03510984033346176
3653,21.0,977,1.1088967323303223,,0.12725972896441817,-0.043553370982408524
3654,22.0,779,0.8385133743286133,,0.10304929222911596,-0.06842909753322601
3655,30.0,886,1.0209879875183105,,0.10049620363861322,-0.06491992622613907
3656,27.0,893,1.0330076217651367,,0.06284263893030584,-0.0516919270157814
3657,18.0,622,0.7019805908203125,,0.2809391440823674,0.029680028557777405
3658,20.0,899,1.0396854877471924,,0.2097882954403758,0.01029101014137268
3659,31.0,1118,1.2343246936798096,,0.07590579614043236,-0.06112644076347351
3660,25.0,890,1.0194101333618164,,0.09126805095002055,-0.05051020160317421
3661,29.0,957,1.0958282947540283,,0.08511577360332012,-0.04902258887887001
3662,32.0,1114,1.2301623821258545,,0.17219791002571583,-0.019202977418899536
3663,24.0,875,0.9273719787597656,,0.1759506673552096,-0.03246201202273369
3664,24.0,843,0.9816021919250488,,0.09058221615850925,-0.07149448245763779
3665,32.0,975,1.0856881141662598,,0.08168540755286813,-0.0603991374373436
3666,28.0,1266,1.3516573905944824,,0.09371026791632175,-0.04443351551890373
3667,26.0,922,1.0469741821289062,,0.09668979467824101,-0.0693119615316391
3668,14.0,507,0.5731549263000488,,0.12423532223328948,-0.03837088495492935
3669,23.0,1168,1.359501600265503,,0.21321042580530047,-0.012008927762508392
3670,17.0,536,0.6039955615997314,,0.10022231889888644,-0.07848695665597916
3671,18.0,815,0.8757748603820801,,0.11362280417233706,-0.050127845257520676
3672,18.0,590,0.6521129608154297,,0.137223687954247,-0.0333738848567009
3673,23.0,815,0.9535939693450928,,0.1291686911135912,-0.027152251452207565
3674,17.0,635,0.6874196529388428,,0.09689903305843472,-0.047262370586395264
3675,28.0,1121,1.2243235111236572,,0.16822068905457854,-0.0308738574385643
3676,34.0,1091,1.2786147594451904,,0.12478632479906082,-0.05324184522032738
3677,27.0,995,1.0199248790740967,,0.09730761218816042,-0.0630384162068367
3678,18.0,761,0.8970651626586914,,0.103175716008991,-0.08310936391353607
3679,30.0,1229,1.319336175918579,,0.16633527586236596,-0.03183778375387192
3680,29.0,995,1.1137375831604004,,0.06247308920137584,-0.058534640818834305
3681,19.0,730,0.885606050491333,,0.11468121083453298,-0.0520932599902153
3682,22.0,811,0.8712806701660156,,0.1651766919530928,-0.01021735742688179
3683,28.0,891,1.0352272987365723,,0.09718608763068914,-0.04784227907657623
3684,17.0,662,0.7230398654937744,,0.1388970846310258,-0.04765498265624046
3685,27.0,939,1.0731546878814697,,0.15859200293198228,-0.042236946523189545
3686,21.0,833,0.9690296649932861,,0.11423018714413047,-0.041928041726350784
3687,21.0,774,0.8512938022613525,,0.15245947940275073,-0.033994268625974655
3688,17.0,857,1.0012643337249756,,0.13593533635139465,-0.018287312239408493
3689,29.0,975,1.1061253547668457,,0.15208677109330893,-0.020921632647514343
3690,20.0,788,0.841465950012207,,0.18702030600979924,-0.025371845811605453
3691,34.0,1243,1.4313204288482666,,0.06635542772710323,-0.06770221889019012
3692,22.0,861,0.9924864768981934,,0.08934958465397358,-0.04362348094582558
3693,9.0,391,0.37037181854248047,,0.08934958465397358,-0.04362348094582558
3694,22.0,982,1.1063287258148193,,0.144733855035156,-0.02767196297645569
3695,28.0,865,0.9982390403747559,,0.16687822295352817,-0.051121968775987625
3696,18.0,669,0.7301805019378662,,0.20034601166844368,-0.02646714448928833
3697,14.0,631,0.6907024383544922,,0.1069834721274674,-0.04189179465174675
3698,27.0,799,0.9312739372253418,,0.15710722096264362,-0.020489484071731567
3699,18.0,666,0.7195181846618652,,0.17893919069319963,-0.009233027696609497
3700,26.0,1360,1.550931453704834,,0.09383893758058548,-0.0771474540233612
3701,29.0,1090,1.2057056427001953,,0.1061740224249661,-0.04351162165403366
3702,24.0,903,1.0344629287719727,,0.09088414767757058,-0.06027008593082428
3703,25.0,1147,1.2711732387542725,,0.11551434267312288,-0.05087602511048317
3704,8.0,381,0.45687127113342285,,0.11464353697374463,-0.06062162667512894
3705,22.0,733,0.798025369644165,,0.0876189605332911,-0.06236676126718521
3706,32.0,1283,1.4719488620758057,,0.16896577086299658,-0.03757699951529503
3707,25.0,719,0.7807114124298096,,0.059922245563939214,-0.08638610690832138
3708,31.0,1235,1.4216899871826172,,0.09765693079680204,-0.06911943107843399
3709,27.0,941,0.9795289039611816,,0.09250805294141173,-0.07497745752334595
3710,24.0,864,1.0136096477508545,,0.11413770820945501,-0.05494286119937897
3711,28.0,1044,1.169485092163086,,0.09103501262143254,-0.06045958399772644
3712,26.0,805,0.9497404098510742,,0.11999749997630715,-0.03979336470365524
3713,20.0,715,0.7825706005096436,,0.0867363391444087,-0.06451244652271271
3714,30.0,1251,1.4412634372711182,,0.1398392552509904,-0.0444408543407917
3715,29.0,1005,1.1259264945983887,,0.0948385032825172,-0.04081124812364578
3716,18.0,739,0.7979366779327393,,0.11210028873756528,-0.06678970158100128
3717,28.0,879,1.0290663242340088,,0.1697540287859738,-0.012819398194551468
3718,14.0,554,0.6285507678985596,,0.22655958496034145,-0.016494661569595337
3719,23.0,783,0.8467550277709961,,0.16908470541238785,-0.03074832260608673
3720,16.0,590,0.6523711681365967,,0.0979730961844325,-0.050217676907777786
3721,27.0,1126,1.3451881408691406,,0.15827277954667807,-0.027657583355903625
3722,27.0,973,1.103285789489746,,0.10181017545983195,-0.05845075845718384
3723,21.0,687,0.7490508556365967,,0.15270585613325238,-0.021712027490139008
3724,31.0,1321,1.4080109596252441,,0.12460101256147027,-0.03415171429514885
3725,6.0,404,0.48772430419921875,,0.15416339971125126,-0.03724946081638336
3726,29.0,999,1.1280381679534912,,0.2721500722691417,0.02480900287628174
3727,24.0,864,0.9959802627563477,,0.08274306543171406,-0.0651584342122078
3728,27.0,1197,1.298217535018921,,0.2060148799791932,-0.0026780441403388977
3729,15.0,614,0.6749064922332764,,0.12016529869288206,-0.060301005840301514
3730,26.0,995,1.1337041854858398,,0.23205626429989934,-0.012089107185602188
3731,13.0,473,0.5405170917510986,,0.12649318343028426,-0.04610970988869667
3732,32.0,1347,1.5263359546661377,,0.1438816632144153,-0.049783721566200256
3733,15.0,575,0.6446864604949951,,0.13977323193103075,-0.04371863231062889
3734,25.0,940,1.0697169303894043,,0.17199987964704633,-0.003996655344963074
3735,22.0,767,0.8184263706207275,,0.11278367508202791,-0.0492817685008049
3736,42.0,1397,1.5972797870635986,,0.1395447375252843,-0.05658859387040138
3737,32.0,1250,1.442563772201538,,0.10948214633390307,-0.06480934470891953
3738,26.0,899,0.939293622970581,,0.07108067953959107,-0.08847170323133469
3739,24.0,1143,1.3542149066925049,,0.15198468044400215,-0.03222864121198654
3740,20.0,805,0.8548920154571533,,0.17128665605559945,-0.04303897172212601
3741,37.0,1765,1.9899404048919678,,0.07627615774981678,-0.07302111387252808
3742,32.0,1412,1.4992985725402832,,0.14308644272387028,-0.04346262663602829
3743,21.0,802,0.9413106441497803,,0.09332791343331337,-0.061813585460186005
3744,21.0,671,0.7278728485107422,,0.08912917086854577,-0.059811897575855255
3745,20.0,799,0.9464104175567627,,0.11439607385545969,-0.05313713848590851
3746,13.0,723,0.7857894897460938,,0.10419582296162844,-0.063942551612854
3747,23.0,739,0.8946743011474609,,0.10217842180281878,-0.03647162765264511
3748,29.0,1126,1.243506908416748,,0.09416673704981804,-0.04810049384832382
3749,30.0,1258,1.374190330505371,,0.08681860286742449,-0.04577258229255676
3750,27.0,1042,1.1683459281921387,,0.07212795177474618,-0.06413578987121582
3751,16.0,664,0.8087642192840576,,0.12504497822374105,-0.050651587545871735
3752,10.0,623,0.6865675449371338,,0.1132011185400188,-0.0286923348903656
3753,28.0,862,0.9038710594177246,,0.2506395382806659,0.025218132883310318
3754,21.0,924,1.0736801624298096,,0.14722645981237292,-0.029180224984884262
3755,28.0,1181,1.377133846282959,,0.11852019606158137,-0.06755920499563217
3756,30.0,1125,1.2424168586730957,,0.12477338314056396,-0.02694001793861389
3757,8.0,493,0.5703461170196533,,0.13155792793259025,-0.05416300147771835
3758,24.0,773,0.8376710414886475,,0.13788896519690752,-0.022815942764282227
3759,31.0,1513,1.6963725090026855,,0.19397167302668095,-0.019343450665473938
3760,29.0,1116,1.2370188236236572,,0.06284861685708165,-0.04354667663574219
3761,6.0,464,0.5370240211486816,,0.12280503893271089,-0.05830683559179306
3762,24.0,947,1.0922765731811523,,0.2180182822048664,-0.007891714572906494
3763,23.0,814,0.9582436084747314,,0.11892535351216793,-0.05872330442070961
3764,30.0,1008,1.1328911781311035,,0.09778183558955789,-0.04558136314153671
3765,22.0,678,0.7481601238250732,,0.1958467150107026,-0.010130003094673157
3766,24.0,884,1.026000738143921,,0.2032981188967824,-0.0068609267473220825
3767,13.0,528,0.6016654968261719,,0.1803065980784595,-0.031275492161512375
3768,29.0,1025,1.1507186889648438,,0.2232747171074152,0.001021549105644226
3769,23.0,986,1.1382267475128174,,0.10733694350346923,-0.045475780963897705
3770,27.0,1137,1.2621650695800781,,0.07467396790161729,-0.057060375809669495
3771,19.0,629,0.6959407329559326,,0.1459955694153905,-0.0455428883433342
3772,13.0,757,0.9041867256164551,,0.190564070828259,-0.01365683227777481
3773,29.0,974,1.1202399730682373,,0.17561466619372368,-0.04231155663728714
3774,16.0,581,0.6531789302825928,,0.12804429000243545,-0.053082771599292755
3775,26.0,984,1.1319701671600342,,0.11794808693230152,-0.03380276635289192
3776,12.0,638,0.7086660861968994,,0.2452262882143259,-0.009222745895385742
3777,24.0,747,0.8035967350006104,,0.15148231899365783,-0.03829564154148102
3778,16.0,715,0.867626428604126,,0.19737409800291061,-0.01517031341791153
3779,22.0,843,0.8972344398498535,,0.16968163615092635,-0.02671259641647339
3780,28.0,1009,1.124645709991455,,0.15753706777468324,-0.026577576994895935
3781,28.0,1113,1.3084163665771484,,0.12064947746694088,-0.03971955552697182
3782,16.0,617,0.6749088764190674,,0.13144343672320247,-0.06935322284698486
3783,22.0,762,0.8203165531158447,,0.12853442737832665,-0.03339679539203644
3784,24.0,841,0.9895162582397461,,0.16180992498993874,-0.02327713370323181
3785,24.0,997,1.1193902492523193,,0.05668274941854179,-0.0813937783241272
3786,29.0,913,1.0550730228424072,,0.09115694602951407,-0.05567162483930588
3787,27.0,873,0.9137609004974365,,0.1443357146345079,-0.04795355349779129
3788,25.0,897,1.0307581424713135,,0.07784311985597014,-0.0623437836766243
3789,22.0,799,0.952338457107544,,0.10347895696759224,-0.046651627868413925
3790,19.0,726,0.792452335357666,,0.127214880194515,-0.04000962898135185
3791,30.0,1347,1.5318717956542969,,0.10139721445739269,-0.06689783930778503
3792,26.0,811,0.8695087432861328,,0.06181590515188873,-0.08289483189582825
3793,27.0,1049,1.1628754138946533,,0.0948270633816719,-0.06205764412879944
3794,31.0,917,1.053781270980835,,0.062268742360174656,-0.060599006712436676
3795,28.0,773,0.9272031784057617,,0.12987833144143224,-0.030400350689888
3796,28.0,1171,1.2980952262878418,,0.09761773981153965,-0.04400979354977608
3797,25.0,883,1.020571231842041,,0.1006768406368792,-0.04620591178536415
3798,31.0,1154,1.2787272930145264,,0.11559021286666393,-0.03745622560381889
3799,30.0,1117,1.2304530143737793,,0.10961523605510592,-0.04946622624993324
3800,11.0,689,0.7573461532592773,,0.15694092260673642,-0.02093753218650818
3801,20.0,691,0.8383274078369141,,0.20067911688238382,-0.010920532047748566
3802,19.0,695,0.7637770175933838,,0.12527553085237741,-0.04181849583983421
3803,9.0,540,0.611384391784668,,0.22658656910061836,-0.014431223273277283
3804,22.0,859,0.9914102554321289,,0.14361958485096693,-0.024231478571891785
3805,17.0,580,0.649932861328125,,0.121567293535918,-0.06234051287174225
3806,18.0,740,0.7964351177215576,,0.10824739839881659,-0.05851655453443527
3807,21.0,749,0.9004185199737549,,0.12382079428061843,-0.05725608021020889
3808,20.0,661,0.7221107482910156,,0.14259253162890673,-0.025907021015882492
3809,21.0,861,1.0071065425872803,,0.11690910067409277,-0.053580570966005325
3810,8.0,462,0.5408241748809814,,0.18718816805630922,-0.04697863757610321
3811,17.0,846,0.9056203365325928,,0.0967092840000987,-0.05834255367517471
3812,23.0,932,1.0761992931365967,,0.10603879392147064,-0.04919575899839401
3813,6.0,539,0.6102745532989502,,0.12658720649778843,-0.04218285158276558
3814,21.0,672,0.8191239833831787,,0.1656201984733343,-0.015685036778450012
3815,17.0,885,0.9322512149810791,,0.1334121050313115,-0.0460834763944149
3816,24.0,1173,1.368924617767334,,0.1100585819222033,-0.06630294024944305
3817,19.0,1027,1.1605801582336426,,0.06788209965452552,-0.07374371588230133
3818,23.0,947,0.9854264259338379,,0.14896713476628065,-0.03979872912168503
3819,20.0,891,1.049689769744873,,0.11217993358150125,-0.060749564319849014
3820,22.0,751,0.8981802463531494,,0.12776483735069633,-0.040494855493307114
3821,28.0,994,1.1374380588531494,,0.12956608273088932,-0.04408067464828491
3822,22.0,739,0.7994914054870605,,0.12516919616609812,-0.048101842403411865
3823,15.0,638,0.7087709903717041,,0.12318482203409076,-0.037731241434812546
3824,17.0,842,0.9737410545349121,,0.08114186092279851,-0.04627915471792221
3825,19.0,749,0.8046026229858398,,0.08928832458332181,-0.054993391036987305
3826,24.0,1061,1.1838760375976562,,0.15416397713124752,-0.024779610335826874
3827,11.0,567,0.7276201248168945,,0.08988540433347225,-0.08890242129564285
3828,20.0,755,0.8121883869171143,,0.11167072411626577,-0.04136936366558075
3829,23.0,839,0.9876139163970947,,0.10249347239732742,-0.058592282235622406
3830,14.0,540,0.6205832958221436,,0.176611446775496,-0.0457877442240715
3831,24.0,808,0.8698596954345703,,0.11950959218665957,-0.024445168673992157
3832,30.0,1079,1.2170484066009521,,0.11499323975294828,-0.04452819377183914
3833,12.0,513,0.5859472751617432,,0.18337383260950446,-0.016294006258249283
3834,28.0,1165,1.3731131553649902,,0.1956510730087757,-0.018124699592590332
3835,11.0,571,0.6510651111602783,,0.0732447300106287,-0.07534338533878326
3836,31.0,1239,1.3483445644378662,,0.14633957110345364,-0.04020083695650101
3837,16.0,601,0.6615166664123535,,0.17910241382196546,-0.03538784012198448
3838,19.0,872,1.0095348358154297,,0.1650652177631855,-0.013450488448143005
3839,7.0,582,0.6461517810821533,,0.10743168741464615,-0.05718281492590904
3840,28.0,1030,1.1482722759246826,,0.18467371398583055,-0.027063772082328796
3841,27.0,963,1.0823800563812256,,0.10882683424279094,-0.07225407660007477
3842,29.0,1047,1.1599957942962646,,0.10170072736218572,-0.08189726620912552
3843,31.0,1210,1.3912029266357422,,0.13190574711188674,-0.06266605854034424
3844,29.0,1057,1.1659634113311768,,0.09255953598767519,-0.051006972789764404
3845,32.0,1113,1.231989860534668,,0.12978558661416173,-0.03324126824736595
3846,27.0,841,0.893334150314331,,0.30710216145962477,0.003127545118331909
3847,28.0,949,1.0797622203826904,,0.1424633371643722,-0.03808285668492317
3848,28.0,1082,1.204817771911621,,0.09975207690149546,-0.0718015506863594
3849,17.0,612,0.7720017433166504,,0.06688518286682665,-0.08623374253511429
3850,30.0,1076,1.2070600986480713,,0.15478060953319073,-0.028065774589776993
3851,21.0,823,0.8813726902008057,,0.07126732333563268,-0.07833263278007507
3852,25.0,1069,1.1994786262512207,,0.2349873185157776,0.008279755711555481
3853,27.0,965,1.0874829292297363,,0.08339123264886439,-0.07045005261898041
3854,20.0,778,0.9199643135070801,,0.08618956105783582,-0.06104802340269089
3855,29.0,1148,1.2710144519805908,,0.090964260045439,-0.063340924680233
3856,28.0,1083,1.2159435749053955,,0.04786749021150172,-0.0776795893907547
3857,28.0,1139,1.2456707954406738,,0.07589454669505358,-0.06900971382856369
3858,31.0,1275,1.4710040092468262,,0.1015942101366818,-0.06311946362257004
3859,16.0,703,0.7618370056152344,,0.10566550772637129,-0.0777604952454567
3860,29.0,1129,1.2521612644195557,,0.1839171121828258,-0.029732268303632736
3861,20.0,876,1.0185182094573975,,0.08491016691550612,-0.06939641386270523
3862,27.0,1033,1.1524298191070557,,0.09871297981590033,-0.06686858087778091
3863,26.0,818,0.9709913730621338,,0.05209135450422764,-0.06465966999530792
3864,28.0,915,1.047548770904541,,0.11172035010531545,-0.04512300342321396
3865,25.0,855,0.8955986499786377,,0.10912584001198411,-0.056178584694862366
3866,23.0,832,0.968416690826416,,0.09980958793312311,-0.06182653456926346
3867,26.0,971,1.086580514907837,,0.09693021001294255,-0.06102638319134712
3868,20.0,858,0.9127635955810547,,0.10901087196543813,-0.06916362792253494
3869,30.0,1180,1.3827323913574219,,0.13653605477884412,-0.04419649764895439
3870,25.0,893,0.9486558437347412,,0.18138930946588516,-0.04787791520357132
3871,23.0,858,0.9888577461242676,,0.11908816220238805,-0.06142494082450867
3872,21.0,823,0.9618675708770752,,0.08583314227871597,-0.05013255774974823
3873,30.0,1063,1.1736762523651123,,0.0928839398548007,-0.042565569281578064
3874,40.0,1633,1.7955927848815918,,0.15080275014042854,-0.037486884742975235
3875,26.0,884,1.0037662982940674,,0.1548684537410736,-0.03166978061199188
3876,22.0,1038,1.184464931488037,,0.12225219514220953,-0.03533940762281418
3877,18.0,756,0.8219318389892578,,0.1266843699850142,-0.057398002594709396
3878,24.0,986,1.1228668689727783,,0.12354536587372422,-0.040604326874017715
3879,14.0,628,0.7006254196166992,,0.11808067467063665,-0.04537529498338699
3880,28.0,1161,1.366339921951294,,0.12407307978719473,-0.05299733206629753
3881,27.0,1045,1.1662917137145996,,0.07093503698706627,-0.06456249952316284
3882,27.0,1157,1.2685050964355469,,0.06428464106284082,-0.059257347136735916
3883,25.0,762,0.8165023326873779,,0.17181513970717788,-0.039358023554086685
3884,26.0,1070,1.275048017501831,,0.08895496535114944,-0.05641809105873108
3885,29.0,1223,1.3219006061553955,,0.1322089876048267,-0.0456809476017952
3886,17.0,823,0.966728687286377,,0.10216490528546274,-0.0547085776925087
3887,29.0,1211,1.3214530944824219,,0.11449661292135715,-0.06851769983768463
3888,30.0,1501,1.680091142654419,,0.1257187044247985,-0.06124480068683624
3889,23.0,1014,1.138976812362671,,0.0984428757801652,-0.04847116023302078
3890,31.0,1375,1.5630550384521484,,0.11660921154543757,-0.05411515012383461
3891,15.0,673,0.7351205348968506,,0.037498672609217465,-0.10353562235832214
3892,10.0,535,0.6093566417694092,,0.18551218882203102,-0.011814646422863007
3893,18.0,857,0.9990866184234619,,0.07867652899585664,-0.054484955966472626
3894,22.0,888,0.9325644969940186,,0.19036392215639353,-0.030366554856300354
3895,11.0,539,0.6118354797363281,,0.10804732935503125,-0.053306758403778076
3896,33.0,1438,1.6157188415527344,,0.1314431424252689,-0.06403765827417374
3897,15.0,693,0.7530550956726074,,0.10066786361858249,-0.06807252764701843
3898,6.0,515,0.5831482410430908,,0.1919997986406088,-0.008930273354053497
3899,20.0,943,1.079535722732544,,0.17501502996310592,-0.030713185667991638
3900,11.0,529,0.6024625301361084,,0.0923629654571414,-0.06411029398441315
3901,19.0,767,0.9162197113037109,,0.10924340784549713,-0.051794618368148804
3902,20.0,866,1.0175831317901611,,0.10818412806838751,-0.06002780422568321
3903,28.0,1055,1.1653990745544434,,0.10592053877189755,-0.04644640535116196
3904,13.0,601,0.6698999404907227,,0.12104448117315769,-0.06951039284467697
3905,14.0,725,0.8009998798370361,,0.11812934232875705,-0.04569435119628906
3906,25.0,971,1.1052272319793701,,0.1339755654335022,-0.041392888873815536
3907,28.0,1183,1.2998168468475342,,0.13546740217134356,-0.05832858383655548
3908,25.0,922,1.060682773590088,,0.0787878530099988,-0.06277838349342346
3909,30.0,1239,1.4227278232574463,,0.12791808834299445,-0.0365355983376503
3910,18.0,1056,1.1892249584197998,,0.09715031762607396,-0.06074102222919464
3911,24.0,881,0.9390020370483398,,0.09619306959211826,-0.06643439829349518
3912,22.0,802,0.9467952251434326,,0.1580142956227064,-0.03550706058740616
3913,18.0,752,0.812288761138916,,0.0904103338252753,-0.061075359582901
3914,27.0,1311,1.4925613403320312,,0.1131551992148161,-0.04165319353342056
3915,20.0,899,1.0331172943115234,,0.060148045187816024,-0.07027588784694672
3916,13.0,638,0.7149345874786377,,0.1756488559767604,-0.04162900894880295
3917,24.0,781,0.9392218589782715,,0.15022612130269408,-0.03688320890069008
3918,25.0,1017,1.147486925125122,,0.0840566991828382,-0.07992739975452423
3919,13.0,681,0.7514731884002686,,0.09700199030339718,-0.08255521208047867
3920,9.0,499,0.5700924396514893,,0.10940506961196661,-0.03544606268405914
3921,20.0,764,0.832364559173584,,0.3108687596395612,0.03431025892496109
3922,15.0,781,0.9352946281433105,,0.18886250723153353,-0.0173804834485054
3923,28.0,1011,1.1442790031433105,,0.1204383447766304,-0.04301296919584274
3924,24.0,925,1.0641613006591797,,0.07341165910474956,-0.05842955783009529
3925,27.0,918,0.9671001434326172,,0.15441231988370419,-0.048747360706329346
3926,29.0,1139,1.3442089557647705,,0.11234870133921504,-0.021337591111660004
3927,18.0,783,0.8587770462036133,,0.11577261844649911,-0.055740028619766235
3928,26.0,919,1.0564382076263428,,0.09899413445964456,-0.03625006228685379
3929,24.0,971,1.1030292510986328,,0.11575829889625311,-0.04356265813112259
3930,31.0,1322,1.418119192123413,,0.06876093707978725,-0.048861853778362274
3931,24.0,801,0.9466567039489746,,0.09386314451694489,-0.05748826637864113
3932,32.0,1398,1.581406593322754,,0.12990065710619092,-0.04059278219938278
3933,29.0,936,1.0667335987091064,,0.12398697016760707,-0.04291259124875069
3934,22.0,919,0.9666838645935059,,0.16585080791264772,-0.04056769609451294
3935,31.0,1207,1.409414291381836,,0.16684754518792033,-0.016756057739257812
3936,23.0,783,0.8413426876068115,,0.10918637691065669,-0.06942310184240341
3937,27.0,1006,1.1337840557098389,,0.10627998691052198,-0.04767761379480362
3938,21.0,703,0.8546159267425537,,0.12267563445493579,-0.051820799708366394
3939,30.0,1099,1.2286386489868164,,0.08621188579127192,-0.05800870805978775
3940,33.0,1153,1.2735247611999512,,0.052421651780605316,-0.06686799228191376
3941,9.0,489,0.5619220733642578,,0.26124110259115696,0.0010916739702224731
3942,23.0,895,1.0305514335632324,,0.16955934464931488,-0.016896836459636688
3943,30.0,1214,1.3265235424041748,,0.1055846968665719,-0.04658592492341995
3944,30.0,1032,1.149799108505249,,0.10445291548967361,-0.04817690700292587
3945,34.0,1232,1.3326292037963867,,0.07158447499386966,-0.08166556805372238
3946,28.0,1287,1.4937443733215332,,0.22833414375782013,-0.004864417016506195
3947,29.0,972,1.098832368850708,,0.032468354678712785,-0.061048805713653564
3948,23.0,919,1.0555016994476318,,0.12272072536870837,-0.04991332069039345
3949,28.0,866,0.9239661693572998,,0.13914345111697912,-0.04125158488750458
3950,19.0,649,0.8113901615142822,,0.19338600616902113,-0.028285101056098938
3951,21.0,711,0.7841470241546631,,0.1439616847783327,-0.023158587515354156
3952,29.0,919,1.0489561557769775,,0.1618898781016469,-0.03016698732972145
3953,28.0,1228,1.331944465637207,,0.056197409285232425,-0.0700104609131813
3954,17.0,775,0.9102213382720947,,0.06014903634786606,-0.08496107161045074
3955,29.0,1482,1.6513676643371582,,0.09726167190819979,-0.05937669053673744
3956,26.0,1011,1.1446101665496826,,0.09732026513665915,-0.051478080451488495
3957,17.0,789,0.8495666980743408,,0.08752062567509711,-0.06953920423984528
3958,25.0,981,1.1039760112762451,,0.06957116280682385,-0.0827006995677948
3959,16.0,790,0.9375207424163818,,0.15081835817545652,-0.04234066605567932
3960,23.0,867,0.9159862995147705,,0.10694304807111621,-0.05468829721212387
3961,33.0,1106,1.2097885608673096,,0.14856662834063172,-0.02907581999897957
3962,20.0,843,0.9817073345184326,,0.11951761785894632,-0.05737844854593277
3963,32.0,1417,1.6183366775512695,,0.15038009593263268,-0.039652418345212936
3964,31.0,1154,1.255969762802124,,0.0962375421077013,-0.060939591377973557
3965,31.0,1135,1.2367300987243652,,0.08423588844016194,-0.06010269746184349
3966,30.0,849,0.9775540828704834,,0.05648937146179378,-0.08556222915649414
3967,16.0,783,0.9345722198486328,,0.11264581140130758,-0.03898097202181816
3968,21.0,685,0.7451164722442627,,0.22108959034085274,-0.009603887796401978
3969,19.0,771,0.8274116516113281,,0.12674195924773812,-0.04623661935329437
3970,7.0,611,0.7627182006835938,,0.3097126195207238,0.04404047876596451
3971,24.0,694,0.7479536533355713,,0.11673228302970529,-0.038512781262397766
3972,25.0,903,1.0280983448028564,,0.12616222072392702,-0.05171816796064377
3973,8.0,405,0.3902897834777832,,0.12616222072392702,-0.05171816796064377
3974,14.0,942,1.0989484786987305,,0.17564011411741376,-0.0398835726082325
3975,17.0,575,0.6397218704223633,,0.1467028479091823,-0.023317653685808182
3976,16.0,758,0.9025249481201172,,0.12618980184197426,-0.06080756336450577
3977,28.0,1064,1.1802318096160889,,0.15177104901522398,-0.045140646398067474
3978,12.0,513,0.5843448638916016,,0.10117400763556361,-0.05621057376265526
3979,19.0,772,0.9251558780670166,,0.11712471535429358,-0.030685335397720337
3980,18.0,794,0.8439493179321289,,0.09506322303786874,-0.06655515730381012
3981,18.0,695,0.7635719776153564,,0.12519898544996977,-0.040520910173654556
3982,19.0,719,0.86297607421875,,0.13660884462296963,-0.030724234879016876
3983,24.0,955,1.0874323844909668,,0.13999226968735456,-0.03727317601442337
3984,21.0,777,0.8389816284179688,,0.14977447967976332,-0.027406223118305206
3985,17.0,878,1.021085500717163,,0.11962275300174952,-0.06439337134361267
3986,17.0,628,0.6932651996612549,,0.10878856386989355,-0.0675404891371727
3987,22.0,778,0.9188313484191895,,0.1299281851388514,-0.03564117103815079
3988,27.0,1045,1.1850051879882812,,0.1194884916767478,-0.03487035632133484
3989,27.0,1201,1.3213741779327393,,0.08478631218895316,-0.06633446365594864
3990,17.0,607,0.6683254241943359,,0.12221270380541682,-0.06674083322286606
3991,17.0,760,0.9072403907775879,,0.1599937602877617,-0.03644300997257233
3992,20.0,691,0.7567613124847412,,0.08526617614552379,-0.0753520131111145
3993,25.0,884,1.01804780960083,,0.12010433245450258,-0.05591754615306854
3994,31.0,1155,1.274841547012329,,0.11284404201433063,-0.056397370994091034
3995,30.0,1087,1.2044107913970947,,0.07089886511676013,-0.061180710792541504
3996,30.0,1016,1.1474294662475586,,0.07331417966634035,-0.0756646990776062
3997,24.0,829,0.9613115787506104,,0.09261219413019717,-0.06609364598989487
3998,20.0,825,0.8835785388946533,,0.11525805713608861,-0.06666755676269531
3999,29.0,973,1.094801902770996,,0.20161332748830318,0.0006881952285766602
4000,18.0,793,0.9300756454467773,,0.1502629411406815,-0.044203873723745346
4001,24.0,1012,1.144272804260254,,0.0861746424343437,-0.06143521890044212
4002,16.0,702,0.7609608173370361,,0.18212222727015615,-0.030862372368574142
4003,13.0,695,0.8487441539764404,,0.12625176459550858,-0.030777309089899063
4004,27.0,1086,1.2070224285125732,,0.07062958413735032,-0.07212801277637482
4005,17.0,719,0.7909514904022217,,0.15884585259482265,-0.05110862851142883
4006,29.0,1177,1.2894713878631592,,0.10473767714574933,-0.04915232211351395
4007,30.0,1429,1.6070148944854736,,0.15565451001748443,-0.038960423320531845
4008,28.0,999,1.1388049125671387,,0.019816673710010946,-0.06686974316835403
4009,29.0,929,1.063392162322998,,0.07100045587867498,-0.07017387449741364
4010,27.0,899,1.0393085479736328,,0.10466649383306503,-0.05444139242172241
4011,26.0,947,1.0952608585357666,,0.08326587709598243,-0.06491749733686447
4012,27.0,833,0.8802621364593506,,0.125590730458498,-0.05059422552585602
4013,25.0,1099,1.2164006233215332,,0.09221733477897942,-0.073017418384552
4014,21.0,869,1.0000171661376953,,0.05099915177561343,-0.07696402072906494
4015,20.0,862,1.002490758895874,,0.12820321461185813,-0.05822238326072693
4016,32.0,998,1.1215877532958984,,0.07633140916004777,-0.08041559159755707
4017,31.0,1147,1.2701239585876465,,0.08952640602365136,-0.06319177150726318
4018,29.0,1019,1.140124797821045,,0.048806227277964354,-0.06055499240756035
4019,30.0,1122,1.2375156879425049,,0.09967640694230795,-0.0598248690366745
4020,30.0,1049,1.1621928215026855,,0.04635472595691681,-0.06664283573627472
4021,31.0,1205,1.305358648300171,,0.0364208243554458,-0.06775887310504913
4022,19.0,946,1.080030918121338,,0.1421083491295576,-0.05799127742648125
4023,32.0,1061,1.182577133178711,,0.1123930960893631,-0.06065244600176811
4024,30.0,1276,1.466517448425293,,0.10780873522162437,-0.033667828887701035
4025,23.0,811,0.863499641418457,,0.11181056825444102,-0.055947814136743546
4026,23.0,883,1.0311026573181152,,0.12978701386600733,-0.07826054096221924
4027,20.0,928,1.0653502941131592,,0.14915033103898168,-0.030142892152071
4028,16.0,797,0.9341709613800049,,0.0808588236104697,-0.05895689129829407
4029,29.0,1057,1.1637616157531738,,0.09954558848403394,-0.06021690368652344
4030,26.0,925,0.9699971675872803,,0.05836546188220382,-0.08932392299175262
4031,22.0,840,0.9834315776824951,,0.12699353089556098,-0.04252902418375015
4032,31.0,1094,1.2114193439483643,,0.07780822599306703,-0.08311744034290314
4033,13.0,531,0.5990743637084961,,0.11838695034384727,-0.03063184767961502
4034,13.0,438,0.5129728317260742,,0.10100389271974564,-0.06357915699481964
4035,27.0,1374,1.5535938739776611,,0.07824658742174506,-0.0848226323723793
4036,29.0,980,1.1128520965576172,,0.08295338042080402,-0.047511160373687744
4037,19.0,699,0.7723114490509033,,0.1790685299783945,-0.006157904863357544
4038,18.0,748,0.9029467105865479,,0.18817848153412342,-0.018638744950294495
4039,25.0,945,0.9978313446044922,,0.15094164479523897,-0.025951668620109558
4040,31.0,1161,1.3664724826812744,,0.11418939661234617,-0.04258256033062935
4041,20.0,813,0.8805646896362305,,0.1174881593324244,-0.04934413358569145
4042,31.0,1262,1.4545564651489258,,0.1623965371400118,-0.02566901594400406
4043,24.0,745,0.8224203586578369,,0.1154180420562625,-0.05409282445907593
4044,30.0,1057,1.1740233898162842,,0.11705432692542672,-0.03774704784154892
4045,10.0,529,0.5978407859802246,,0.09698422811925411,-0.05759507790207863
4046,22.0,742,0.8947749137878418,,0.3852574545890093,0.08328494429588318
4047,28.0,962,1.105393409729004,,0.1105809397995472,-0.05201394110918045
4048,22.0,715,0.7804403305053711,,0.11556302197277546,-0.061383940279483795
4049,28.0,1280,1.372758388519287,,0.14331082720309496,-0.046505607664585114
4050,30.0,1065,1.2772753238677979,,0.13254025531932712,-0.05434750020503998
4051,23.0,901,0.9440248012542725,,0.0807842374779284,-0.07704649865627289
4052,24.0,953,1.090942144393921,,0.1398355672135949,-0.021156229078769684
4053,20.0,684,0.8385376930236816,,0.1261193286627531,-0.0575580820441246
4054,20.0,805,0.8483026027679443,,0.1317794476635754,-0.04405701160430908
4055,25.0,980,1.1191930770874023,,0.11558031849563122,-0.035909391939640045
4056,29.0,1159,1.2775142192840576,,0.09465511608868837,-0.05849715322256088
4057,23.0,941,1.073857069015503,,0.09396307682618499,-0.05543015897274017
4058,31.0,950,1.0784943103790283,,0.050251600332558155,-0.0821148082613945
4059,18.0,713,0.7668344974517822,,0.13281093118712306,-0.03293459862470627
4060,29.0,951,1.077362060546875,,0.17686462961137295,-0.0005090236663818359
4061,28.0,1180,1.3695759773254395,,0.11283091315999627,-0.06873730570077896
4062,31.0,1077,1.2012977600097656,,0.07138205552473664,-0.06328955292701721
4063,25.0,887,0.9390063285827637,,0.09396778093650937,-0.05525043606758118
4064,41.0,1657,1.9215340614318848,,0.09637872641906142,-0.04741545394062996
4065,33.0,975,1.0060079097747803,,0.3153623342514038,0.03799353539943695
4066,17.0,737,0.8826234340667725,,0.06816790020093322,-0.06909381598234177
4067,27.0,854,0.9841659069061279,,0.19177093915641308,-0.012160882353782654
4068,21.0,731,0.7937781810760498,,0.09353918302804232,-0.06042267382144928
4069,24.0,864,0.9912738800048828,,0.10886814817786217,-0.05350393429398537
4070,17.0,575,0.6561508178710938,,0.1668893937021494,-0.05183114856481552
4071,29.0,1273,1.3818833827972412,,0.12384696863591671,-0.038675762712955475
4072,25.0,839,0.9803273677825928,,0.04138045944273472,-0.07989031076431274
4073,25.0,855,0.9975106716156006,,0.0802924174349755,-0.0738559365272522
4074,24.0,790,0.8466088771820068,,0.13093985663726926,-0.04727090150117874
4075,30.0,1219,1.4333961009979248,,0.10868092719465494,-0.05112282559275627
4076,31.0,923,0.9592876434326172,,0.09833533503115177,-0.055107925087213516
4077,21.0,938,1.0743024349212646,,0.17694272147491574,-0.029507841914892197
4078,19.0,722,0.8739874362945557,,0.10288711963221431,-0.0729781836271286
4079,33.0,1223,1.3440525531768799,,0.10451935650780797,-0.03446236252784729
4080,33.0,1441,1.6188063621520996,,0.19421817921102047,0.0027142763137817383
4081,32.0,1377,1.471574068069458,,0.06299297977238894,-0.048937853425741196
4082,29.0,1213,1.4128484725952148,,0.1986674191430211,-0.009301632642745972
4083,24.0,997,1.1186463832855225,,0.10489948373287916,-0.06481514126062393
4084,25.0,749,0.7999086380004883,,0.16684029018506408,-0.045812711119651794
4085,30.0,1237,1.4381861686706543,,0.14919145219027996,-0.008369795978069305
4086,18.0,715,0.7820606231689453,,0.08519399771466851,-0.06903095543384552
4087,21.0,967,1.1062324047088623,,0.13705486664548516,-0.03305257856845856
4088,28.0,970,1.0964984893798828,,0.08269099984318018,-0.05643245950341225
4089,27.0,917,1.045109510421753,,0.05489734094589949,-0.07459376752376556
4090,23.0,790,0.8568649291992188,,0.16664196690544486,-0.03386618196964264
4091,30.0,1188,1.385145664215088,,0.12698474479839206,-0.04298800602555275
4092,23.0,813,0.8646531105041504,,0.055412066634744406,-0.08552835881710052
4093,33.0,1447,1.6310162544250488,,0.09776021330617368,-0.06423389166593552
4094,26.0,1240,1.3469879627227783,,0.13847396662458777,-0.031817756593227386
4095,22.0,914,1.0535731315612793,,0.060053454944863915,-0.08378644287586212
4096,13.0,542,0.6106178760528564,,0.12772770877927542,-0.04699452966451645
4097,30.0,1059,1.1768593788146973,,0.1177525632083416,-0.051580581814050674
4098,23.0,824,0.9651584625244141,,0.07261125929653645,-0.06511638313531876
4099,30.0,1236,1.3439412117004395,,0.11397567903622985,-0.05051412060856819
4100,32.0,1050,1.1735711097717285,,0.09426181856542826,-0.058547668159008026
4101,15.0,556,0.6243808269500732,,0.09504909650422633,-0.05578751116991043
4102,25.0,923,1.0595874786376953,,0.1526950253173709,-0.03567267581820488
4103,19.0,722,0.8747379779815674,,0.11898654932156205,-0.061341293156147
4104,25.0,747,0.8046720027923584,,0.12420940725132823,-0.03224271908402443
4105,23.0,804,0.9431633949279785,,0.0737150963395834,-0.07910323888063431
4106,19.0,862,0.9233248233795166,,0.11341346381232142,-0.03691253066062927
4107,29.0,1069,1.189910888671875,,0.08131388016045094,-0.0793885737657547
4108,28.0,1083,1.2931110858917236,,0.1270762956701219,-0.04557117819786072
4109,28.0,944,0.9866232872009277,,0.05825038277544081,-0.07345913350582123
4110,29.0,1183,1.3868072032928467,,0.11029193364083767,-0.04319135844707489
4111,20.0,776,0.841327428817749,,0.07225321535952389,-0.07298079133033752
4112,25.0,896,1.031872272491455,,0.19835611712187529,-0.033460550010204315
4113,18.0,590,0.6521480083465576,,0.12060625338926911,-0.03852072358131409
4114,19.0,681,0.7398591041564941,,0.07005906640551984,-0.06874285638332367
4115,31.0,1120,1.3195469379425049,,0.10009496891871095,-0.05091911926865578
4116,29.0,1137,1.2678992748260498,,0.060178278014063835,-0.07023508101701736
4117,27.0,747,0.8104016780853271,,0.1555965798906982,-0.039552606642246246
4118,18.0,739,0.8867671489715576,,0.11076427483931184,-0.04621767997741699
4119,29.0,1126,1.2323451042175293,,0.06104048923589289,-0.06780187785625458
4120,31.0,1073,1.1908290386199951,,0.050495360512286425,-0.08313938230276108
4121,15.0,587,0.6484169960021973,,0.15395741816610098,-0.037380050867795944
4122,25.0,885,1.022984504699707,,0.17945079179480672,-0.008944246917963028
4123,34.0,1169,1.2682290077209473,,0.051915744319558144,-0.07522476464509964
4124,12.0,623,0.6852023601531982,,0.12377534760162234,-0.041069213300943375
4125,22.0,738,0.8893167972564697,,0.2619330929592252,0.00923561304807663
4126,12.0,559,0.6256341934204102,,0.10546506755053997,-0.0475740060210228
4127,30.0,1083,1.2037272453308105,,0.14795112237334251,-0.02107134461402893
4128,25.0,782,0.9244117736816406,,0.047029759269207716,-0.07799559086561203
4129,28.0,912,0.9585998058319092,,0.11881844932213426,-0.047787342220544815
4130,17.0,755,0.9145350456237793,,0.14567046705633402,-0.044397689402103424
4131,29.0,989,1.1227471828460693,,0.10484729334712029,-0.027497757226228714
4132,30.0,1186,1.3138396739959717,,0.09793241461738944,-0.0671587809920311
4133,22.0,925,1.0727698802947998,,0.04561710637062788,-0.07677967846393585
4134,25.0,851,0.99611496925354,,0.11719148186966777,-0.051651641726493835
4135,18.0,763,0.8299102783203125,,0.07874100329354405,-0.06572777032852173
4136,30.0,1059,1.173868179321289,,0.11820876784622669,-0.03427853062748909
4137,32.0,1185,1.3037796020507812,,0.14133665850386024,-0.05959669128060341
4138,25.0,925,1.0652668476104736,,0.10040836408734322,-0.06794373691082001
4139,24.0,945,1.0758912563323975,,0.0841791476123035,-0.070506751537323
4140,22.0,790,0.9379541873931885,,0.11306490609422326,-0.07331180572509766
4141,21.0,1117,1.2534739971160889,,0.11573812738060951,-0.04917192459106445
4142,21.0,822,0.8797695636749268,,0.13793914625421166,-0.029936015605926514
4143,19.0,745,0.8985474109649658,,0.09636408695951104,-0.05190971866250038
4144,18.0,771,0.8294892311096191,,0.16663752775639296,-0.030596207827329636
4145,26.0,958,1.0882189273834229,,0.1338021163828671,-0.023677200078964233
4146,30.0,1474,1.6590545177459717,,0.08147656312212348,-0.0720101147890091
4147,8.0,481,0.5537660121917725,,0.08214392885565758,-0.07984639704227448
4148,21.0,823,0.9599123001098633,,0.13617089297622442,-0.03547201678156853
4149,18.0,734,0.8042745590209961,,0.1648934120312333,-0.038763873279094696
4150,13.0,717,0.87337327003479,,0.07262569945305586,-0.0796128585934639
4151,23.0,787,0.8513844013214111,,0.14723014971241355,-0.030942954123020172
4152,31.0,1088,1.196894884109497,,0.11706127831712365,-0.052028052508831024
4153,29.0,1022,1.1488401889801025,,0.04793288721702993,-0.06961633265018463
4154,27.0,1245,1.4531502723693848,,0.16297512082383037,-0.02837429568171501
4155,18.0,895,0.9555764198303223,,0.03832528064958751,-0.10239996016025543
4156,27.0,962,1.1020066738128662,,0.17548140604048967,-0.029462531208992004
4157,23.0,906,1.0455524921417236,,0.16563200345262885,-0.037368305027484894
4158,30.0,1035,1.166081428527832,,0.10893623484298587,-0.06937266141176224
4159,32.0,1121,1.2159273624420166,,0.07513678935356438,-0.07489334046840668
4160,13.0,641,0.7198004722595215,,0.09393992694094777,-0.06187596544623375
4161,24.0,883,1.0119807720184326,,0.2443410437554121,-0.01142730563879013
4162,27.0,997,1.1247053146362305,,0.06182607961818576,-0.07836367189884186
4163,22.0,986,1.109786033630371,,0.09559143939986825,-0.05202695354819298
4164,24.0,871,0.9972648620605469,,0.08107083127833903,-0.07219178974628448
4165,22.0,670,0.7330868244171143,,0.11688163923099637,-0.05632883310317993
4166,22.0,869,1.0009489059448242,,0.15462731383740902,-0.027705516666173935
4167,31.0,1078,1.198688268661499,,0.07282348396256566,-0.07766299694776535
4168,29.0,951,1.0684831142425537,,0.07256083493120968,-0.0726885125041008
4169,30.0,1099,1.222048044204712,,0.059809803031384945,-0.0721127986907959
4170,26.0,913,1.0421431064605713,,0.03984765033237636,-0.08601287007331848
4171,28.0,987,1.130906343460083,,0.15419558295980096,-0.03268669918179512
4172,14.0,551,0.6413478851318359,,0.15762381674721837,-0.058406636118888855
4173,18.0,649,0.7184970378875732,,0.202608123421669,0.01254996657371521
4174,27.0,864,1.008274793624878,,0.1098991110920906,-0.05265771970152855
4175,18.0,958,1.106548547744751,,0.11788305453956127,-0.05682641640305519
4176,24.0,938,0.9856095314025879,,0.0776610563043505,-0.07771732658147812
4177,14.0,486,0.5613830089569092,,0.1536510130390525,-0.03421203792095184
4178,14.0,597,0.6602568626403809,,0.09779907343909144,-0.05654387176036835
4179,20.0,732,0.8819291591644287,,0.14043838810175657,-0.04472827911376953
4180,22.0,939,1.0720620155334473,,0.12140909256413579,-0.06030159443616867
4181,19.0,725,0.7922995090484619,,0.1340232603251934,-0.06380963325500488
4182,18.0,754,0.907989501953125,,0.12726868269965053,-0.046115707606077194
4183,11.0,611,0.678652286529541,,0.12016965541988611,-0.046475768089294434
4184,25.0,1143,1.276376485824585,,0.12882318114861846,-0.04637552425265312
4185,21.0,967,1.1009466648101807,,0.08658055658452213,-0.0648992732167244
4186,22.0,791,0.838815450668335,,0.13508171308785677,-0.04635201394557953
4187,18.0,859,1.004633903503418,,0.09846002981066704,-0.06827510893344879
4188,18.0,764,0.9219362735748291,,0.061888916650786996,-0.06872549653053284
4189,18.0,831,0.894923210144043,,0.12017450062558055,-0.07042217254638672
4190,26.0,989,1.1221776008605957,,0.08220518194139004,-0.07059080898761749
4191,16.0,566,0.6378500461578369,,0.1433797529898584,-0.02618877962231636
4192,29.0,1108,1.2356910705566406,,0.10953788366168737,-0.06498152762651443
4193,16.0,525,0.5987458229064941,,0.11972219264134765,-0.04446076974272728
4194,19.0,1012,1.1574058532714844,,0.13891565427184105,-0.03483115881681442
4195,14.0,746,0.8929092884063721,,0.0969790993258357,-0.054241202771663666
4196,29.0,955,1.097764492034912,,0.11678189598023891,-0.04839256778359413
4197,18.0,880,1.0316812992095947,,0.1154252989217639,-0.05744825303554535
4198,29.0,838,0.8917615413665771,,0.11664354614913464,-0.07803364098072052
4199,17.0,572,0.6373515129089355,,0.18602544302120805,-0.027852371335029602
4200,21.0,656,0.8077929019927979,,0.12029724009335041,-0.046387217938899994
4201,18.0,877,0.9315476417541504,,0.14647411229088902,-0.03443903848528862
4202,21.0,845,0.9813721179962158,,0.13166853366419673,-0.042005039751529694
4203,24.0,804,0.8613886833190918,,0.1352056604810059,-0.04081502556800842
4204,35.0,1151,1.3449137210845947,,0.14722027955576777,0.0011778920888900757
4205,16.0,737,0.803011417388916,,0.12426000274717808,-0.05140985921025276
4206,10.0,419,0.5012013912200928,,0.12612425535917282,-0.033261314034461975
4207,13.0,533,0.6119265556335449,,0.21381050162017345,-0.003229677677154541
4208,27.0,973,1.1001336574554443,,0.13815973699092865,-0.04431214928627014
4209,21.0,663,0.7235698699951172,,0.0915619214065373,-0.06575234234333038
4210,31.0,1021,1.1504685878753662,,0.11022220645099878,-0.06530939042568207
4211,12.0,665,0.8206732273101807,,0.15969606582075357,-0.030239447951316833
4212,25.0,930,0.9716761112213135,,0.10666698450222611,-0.058358967304229736
4213,20.0,651,0.8066043853759766,,0.11829571332782507,-0.059188105165958405
4214,26.0,943,0.9942479133605957,,0.07926598913036287,-0.06937471032142639
4215,20.0,735,0.8800690174102783,,0.0874003479257226,-0.06431779265403748
4216,28.0,1314,1.4286868572235107,,0.1022986457683146,-0.04504750296473503
4217,28.0,1097,1.3197987079620361,,0.1066540963947773,-0.03780459240078926
4218,11.0,499,0.5728096961975098,,0.14700030023232102,-0.056441664695739746
4219,16.0,738,0.7985100746154785,,0.0987345683388412,-0.05056820809841156
4220,32.0,1301,1.4833457469940186,,0.14405920635908842,-0.052910685539245605
4221,19.0,739,0.7890267372131348,,0.13532297173514962,-0.06191272288560867
4222,22.0,906,1.0400676727294922,,0.10947678238153458,-0.053784534335136414
4223,15.0,732,0.7954151630401611,,0.16264078952372074,-0.03623427450656891
4224,18.0,754,0.9142115116119385,,0.12319074803963304,-0.05928296223282814
4225,17.0,729,0.8121891021728516,,0.19574885535985231,-0.006304994225502014
4226,8.0,441,0.5168640613555908,,0.12342914519831538,-0.05398101359605789
4227,24.0,1069,1.2093431949615479,,0.10168837429955602,-0.07491651177406311
4228,23.0,879,1.0164122581481934,,0.09481874061748385,-0.08092860877513885
4229,28.0,1274,1.40323805809021,,0.0938645675778389,-0.07554242014884949
4230,32.0,1480,1.6590282917022705,,0.11551228584721684,-0.05528900772333145
4231,23.0,814,0.9618966579437256,,0.15027394238859415,-0.024021178483963013
4232,15.0,699,0.7791531085968018,,0.15910127200186253,-0.024741768836975098
4233,20.0,882,1.0282115936279297,,0.10674577718600631,-0.04789812117815018
4234,29.0,1126,1.2585248947143555,,0.1104932683520019,-0.07362549751996994
4235,8.0,525,0.5917341709136963,,0.16035391297191381,-0.027495630085468292
4236,21.0,869,1.0083849430084229,,0.09834090666845441,-0.05885365605354309
4237,16.0,589,0.668027400970459,,0.17938844254240394,-0.03859362378716469
4238,25.0,1015,1.143622875213623,,0.15250970143824816,-0.023733466863632202
4239,19.0,844,0.9834318161010742,,0.0938799399882555,-0.06162450835108757
4240,24.0,925,0.9770603179931641,,0.12451609713025391,-0.07371506839990616
4241,27.0,1287,1.4842286109924316,,0.09260938316583633,-0.06237705424427986
4242,17.0,822,0.8886456489562988,,0.08845672896131873,-0.07775546610355377
4243,5.0,503,0.5712451934814453,,0.07315570511855185,-0.06510408967733383
4244,24.0,902,1.0311672687530518,,0.15545606892555952,-0.03794566169381142
4245,14.0,695,0.8361968994140625,,0.18967355042696,-0.037511132657527924
4246,20.0,670,0.7371277809143066,,0.0843068368267268,-0.0649939477443695
4247,26.0,935,1.065843105316162,,0.13879170874133706,-0.053875360637903214
4248,16.0,927,0.9812746047973633,,0.15348805719986558,-0.04949968680739403
4249,18.0,989,1.116847038269043,,0.15568808419629931,-0.0486118346452713
4250,25.0,874,1.0008642673492432,,0.19805582147091627,-0.007143691182136536
4251,18.0,923,1.0637695789337158,,0.14648170582950115,-0.037178367376327515
4252,14.0,671,0.7294607162475586,,0.14281702553853393,-0.06607438623905182
4253,15.0,562,0.6267476081848145,,0.1339150662533939,-0.03270440548658371
4254,28.0,1140,1.3450229167938232,,0.14178901305422187,-0.05132822319865227
4255,13.0,539,0.615093469619751,,0.09533248236402869,-0.06831182539463043
4256,12.0,629,0.6984927654266357,,0.11081181652843952,-0.044506095349788666
4257,13.0,517,0.5964632034301758,,0.09719270840287209,-0.054005216807127
4258,14.0,557,0.628199577331543,,0.11677771992981434,-0.04218139499425888
4259,25.0,932,1.0672729015350342,,0.08437929931096733,-0.06522777676582336
4260,20.0,843,0.8998486995697021,,0.0859000775963068,-0.07717776298522949
4261,27.0,1065,1.1869943141937256,,0.08161305938847363,-0.06934964656829834
4262,16.0,740,0.8977329730987549,,0.1506376713514328,-0.057782866060733795
4263,22.0,704,0.7650678157806396,,0.11724765412509441,-0.037536390125751495
4264,17.0,716,0.8802189826965332,,0.1765697719529271,-0.03471077233552933
4265,28.0,1189,1.3071544170379639,,0.09033030946739018,-0.04103471711277962
4266,23.0,841,0.9777591228485107,,0.08868716820143163,-0.05528334155678749
4267,23.0,806,0.8825523853302002,,0.10303547233343124,-0.06098344922065735
4268,29.0,1048,1.1635656356811523,,0.16757620545104146,-0.04317186027765274
4269,28.0,1016,1.1445672512054443,,0.09150718618184328,-0.05925251170992851
4270,20.0,749,0.9020504951477051,,0.0991826094686985,-0.062013328075408936
4271,20.0,967,1.11893630027771,,0.09955135593190789,-0.07361271977424622
4272,17.0,747,0.813072681427002,,0.14515006309375167,-0.06983166188001633
4273,16.0,555,0.6278641223907471,,0.07502772519364953,-0.07616394758224487
4274,22.0,896,1.0408942699432373,,0.15439360029995441,-0.024273857474327087
4275,29.0,1121,1.2443337440490723,,0.09350590500980616,-0.04297991096973419
4276,18.0,812,0.9503700733184814,,0.11559060821309686,-0.04402252659201622
4277,25.0,1109,1.2360782623291016,,0.10572903137654066,-0.056225184351205826
4278,29.0,1223,1.3290824890136719,,0.08379404270090163,-0.062190666794776917
4279,14.0,516,0.5820438861846924,,0.15256873006001115,-0.0438726507127285
4280,16.0,541,0.6115479469299316,,0.11924993991851807,-0.048005469143390656
4281,27.0,1198,1.4035298824310303,,0.12451796513050795,-0.06067486107349396
4282,22.0,679,0.7592751979827881,,0.07289456203579903,-0.07937769591808319
4283,29.0,985,1.1069164276123047,,0.1406225822865963,-0.038428664207458496
4284,22.0,739,0.791994571685791,,0.20580800343304873,0.007609963417053223
4285,23.0,850,1.0019261837005615,,0.17338828649371862,-0.01699991524219513
4286,30.0,894,1.0240910053253174,,0.09556754166260362,-0.05698170140385628
4287,20.0,683,0.753467321395874,,0.2078888458199799,-0.022737428545951843
4288,11.0,585,0.6544234752655029,,0.08444867422804236,-0.0502174086868763
4289,28.0,1221,1.4147212505340576,,0.12007918953895569,-0.05029517784714699
4290,22.0,1067,1.1977667808532715,,0.23646885808557272,0.047873467206954956
4291,23.0,655,0.7285561561584473,,0.1368522709235549,-0.054786842316389084
4292,22.0,865,1.0240304470062256,,0.17616491299122572,-0.01767302304506302
4293,17.0,705,0.7810413837432861,,0.10547002451494336,-0.06834933161735535
4294,20.0,776,0.923370361328125,,0.12673057848587632,-0.039934005588293076
4295,23.0,1059,1.1869730949401855,,0.0907887052744627,-0.050263576209545135
4296,21.0,709,0.7786998748779297,,0.10808018269017339,-0.072054922580719
4297,17.0,811,0.9624760150909424,,0.18841483257710934,-0.0022713690996170044
4298,14.0,599,0.6707491874694824,,0.16229615407064557,-0.03638594597578049
4299,30.0,1064,1.1991550922393799,,0.10214280243963003,-0.037983134388923645
4300,30.0,1103,1.2254233360290527,,0.05935649829916656,-0.055852990597486496
4301,27.0,1156,1.2747795581817627,,0.14845900749787688,-0.02357514202594757
4302,22.0,659,0.8039345741271973,,0.04057685029692948,-0.05156092718243599
4303,19.0,821,0.8799302577972412,,0.1594557063654065,-0.031369343400001526
4304,22.0,812,0.9564387798309326,,0.15428378712385893,-0.049122899770736694
4305,25.0,766,0.8380296230316162,,0.15854036156088114,-0.039778005331754684
4306,23.0,745,0.8867664337158203,,0.13676259526982903,-0.030602622777223587
4307,14.0,493,0.5788383483886719,,0.09772565960884094,-0.0753697007894516
4308,21.0,821,0.8790764808654785,,0.09095183527097106,-0.02848733961582184
4309,11.0,621,0.6812601089477539,,0.21567649766802788,-0.0015311166644096375
4310,25.0,762,0.8981764316558838,,0.1913629975169897,-0.008606147021055222
4311,13.0,649,0.7108504772186279,,0.14240215765312314,-0.036554966121912
4312,20.0,713,0.8653867244720459,,0.1281962040811777,-0.039454370737075806
4313,19.0,700,0.7683584690093994,,0.13534328108653426,-0.04751257598400116
4314,11.0,570,0.6458661556243896,,0.1356625985354185,-0.004175551235675812
4315,30.0,1152,1.2612504959106445,,0.11654531676322222,-0.048631973564624786
4316,15.0,534,0.6035385131835938,,0.14734233543276787,-0.047984570264816284
4317,26.0,1007,1.1382508277893066,,0.15080251032486558,-0.04025011509656906
4318,23.0,939,1.0782876014709473,,0.1149823609739542,-0.04942913353443146
4319,22.0,868,1.012798547744751,,0.1100958522874862,-0.060171909630298615
4320,24.0,740,0.7983462810516357,,0.11261280765756965,-0.05810276046395302
4321,16.0,616,0.773897647857666,,0.1077442062087357,-0.05775531381368637
4322,20.0,847,0.9024519920349121,,0.10091436700895429,-0.055677324533462524
4323,3.0,372,0.45174336433410645,,0.0887900753878057,-0.043865837156772614
4324,21.0,862,1.005345344543457,,0.18244146602228284,-0.011641643941402435
4325,13.0,699,0.7704226970672607,,0.14697482297196984,-0.04391230642795563
4326,15.0,789,0.9308886528015137,,0.1817088471725583,0.0019955039024353027
4327,17.0,800,0.8623874187469482,,0.11661046231165528,-0.05370413139462471
4328,20.0,867,1.0028297901153564,,0.12223413260653615,-0.06041182577610016
4329,22.0,801,0.8616888523101807,,0.08963046874850988,-0.055718790739774704
4330,18.0,731,0.8827979564666748,,0.12892580451443791,-0.03355077654123306
4331,25.0,1251,1.3764610290527344,,0.07930155843496323,-0.05580988526344299
4332,32.0,1145,1.2554981708526611,,0.14194286381825805,-0.02813362330198288
4333,19.0,742,0.8844184875488281,,0.19343235902488232,-0.02073560655117035
4334,28.0,1179,1.2968213558197021,,0.07541187875904143,-0.047773633152246475
4335,15.0,761,0.91982102394104,,0.11476840823888779,-0.03763484209775925
4336,25.0,967,1.1129581928253174,,0.14352878695353866,-0.03775223717093468
4337,18.0,793,0.8522255420684814,,0.11211834428831935,-0.0408821702003479
4338,27.0,939,1.0817241668701172,,0.1365691414102912,-0.04184674471616745
4339,22.0,709,0.7745931148529053,,0.08351619867607951,-0.07365339994430542
4340,30.0,1135,1.3440561294555664,,0.15426810085773468,-0.038251399993896484
4341,13.0,584,0.655494213104248,,0.1314364057034254,-0.04868059605360031
4342,16.0,680,0.7570664882659912,,0.1048022867180407,-0.0452590249478817
4343,15.0,563,0.6297385692596436,,0.12344805244356394,-0.05272987484931946
4344,19.0,893,1.023958444595337,,0.11604837514460087,-0.028458207845687866
4345,11.0,577,0.6453628540039062,,0.10707002086564898,-0.054568275809288025
4346,11.0,513,0.586233377456665,,0.07699972693808377,-0.07009609788656235
4347,28.0,1172,1.2919106483459473,,0.07450373703613877,-0.061540741473436356
4348,31.0,1142,1.3457221984863281,,0.20149876363575459,-0.007998928427696228
4349,24.0,774,0.829315185546875,,0.08695823885500431,-0.031681716442108154
4350,14.0,502,0.5770957469940186,,0.12706111697480083,-0.03570900857448578
4351,17.0,601,0.6675784587860107,,0.19590565375983715,-0.007931172847747803
4352,18.0,813,0.9576418399810791,,0.11281450185924768,-0.047932714223861694
4353,7.0,431,0.5152468681335449,,0.09506421163678169,-0.06720766425132751
4354,25.0,1071,1.2035188674926758,,0.21730331517755985,-0.022554978728294373
4355,32.0,1159,1.2839739322662354,,0.08978409506380558,-0.04158390313386917
4356,19.0,740,0.8011586666107178,,0.18632755894213915,-0.028960078954696655
4357,15.0,627,0.7893798351287842,,0.21111934073269367,-0.023580536246299744
4358,28.0,1089,1.232422113418579,,0.13424530532211065,-0.03501129895448685
4359,12.0,625,0.7010598182678223,,0.08952743466943502,-0.06872043013572693
4360,22.0,823,0.9659903049468994,,0.11384729761630297,-0.024478793144226074
4361,22.0,994,1.1321184635162354,,0.07143742451444268,-0.058196455240249634
4362,27.0,1069,1.1925199031829834,,0.09750635083764791,-0.05144769698381424
4363,14.0,673,0.7420041561126709,,0.18822314776480198,-0.01902482658624649
4364,13.0,617,0.6828818321228027,,0.1406330931931734,-0.02995350956916809
4365,16.0,765,0.91098952293396,,0.13400700502097607,-0.016326025128364563
4366,30.0,1177,1.3128736019134521,,0.0788229675963521,-0.07049155235290527
4367,18.0,817,0.9635481834411621,,0.06936978548765182,-0.061917923390865326
4368,24.0,1097,1.2225375175476074,,0.12034340249374509,-0.03805677592754364
4369,14.0,577,0.6604962348937988,,0.11904802406206727,-0.048192836344242096
4370,22.0,859,0.929124116897583,,0.08696882566437125,-0.059406958520412445
4371,20.0,743,0.8929545879364014,,0.08632241981104016,-0.057516373693943024
4372,16.0,980,1.1306300163269043,,0.15213960828259587,-0.04789435490965843
4373,17.0,747,0.8078601360321045,,0.10753072425723076,-0.04858525097370148
4374,15.0,685,0.8480501174926758,,0.074271269608289,-0.058145735412836075
4375,15.0,669,0.7379894256591797,,0.11637866729870439,-0.04456345736980438
4376,9.0,574,0.6385314464569092,,0.10121639259159565,-0.042955223470926285
4377,19.0,748,0.8948724269866943,,0.14299018122255802,-0.032615404576063156
4378,26.0,1119,1.241837739944458,,0.22158981068059802,-0.016906503587961197
4379,19.0,879,0.9420661926269531,,0.13755893614143133,-0.05332041531801224
4380,20.0,956,1.092639684677124,,0.0993260140530765,-0.059403195977211
4381,8.0,485,0.5580289363861084,,0.10625783447176218,-0.05294347554445267
4382,26.0,993,1.123100996017456,,0.12468119338154793,-0.05190633237361908
4383,14.0,907,1.040074348449707,,0.11854525236412883,-0.061856430023908615
4384,25.0,1250,1.3702027797698975,,0.05986853316426277,-0.07371007651090622
4385,29.0,1204,1.40910005569458,,0.17889135889708996,-0.033765390515327454
4386,24.0,802,0.8584225177764893,,0.0810825084336102,-0.0948684811592102
4387,17.0,644,0.7957961559295654,,0.14881497528403997,-0.04489769786596298
4388,21.0,780,0.8484680652618408,,0.22658739518374205,-0.015519268810749054
4389,26.0,889,1.021817684173584,,0.09972435468807817,-0.05835884436964989
4390,22.0,883,1.020681381225586,,0.15179204335436225,-0.03787299990653992
4391,13.0,651,0.7294931411743164,,0.11356130801141262,-0.05409852787852287
4392,19.0,915,1.0648763179779053,,0.09706281637772918,-0.03993990644812584
4393,17.0,674,0.7452099323272705,,0.12407103553414345,-0.05758608132600784
4394,17.0,869,1.0129375457763672,,0.12295228708535433,-0.044866155833005905
4395,23.0,875,0.9377338886260986,,0.08854405512101948,-0.0773947611451149
4396,23.0,886,1.0243465900421143,,0.1401680181734264,-0.022513628005981445
4397,21.0,761,0.9073755741119385,,0.0898395599797368,-0.05302905663847923
4398,24.0,899,0.9581947326660156,,0.15207861410453916,-0.044959262013435364
4399,23.0,894,1.0300955772399902,,0.10590116726234555,-0.046543609350919724
4400,23.0,779,0.9323036670684814,,0.07994192419573665,-0.06174508482217789
4401,23.0,849,0.9013106822967529,,0.15798454685136676,-0.04151298850774765
4402,22.0,861,0.9950201511383057,,0.08614780707284808,-0.057641834020614624
4403,19.0,666,0.7270870208740234,,0.14130801986902952,-0.05727067217230797
4404,22.0,846,0.9880809783935547,,0.12823485769331455,-0.04145863652229309
4405,21.0,829,0.8881399631500244,,0.11125993216410279,-0.05655790865421295
4406,21.0,1201,1.4156861305236816,,0.16140097891911864,-0.007503509521484375
4407,14.0,559,0.6262118816375732,,0.09904757747426629,-0.05760703608393669
4408,21.0,947,1.085515022277832,,0.10347077716141939,-0.06191141530871391
4409,17.0,813,0.8792908191680908,,0.05715678143315017,-0.0629032775759697
4410,19.0,771,0.9342293739318848,,0.13770670583471656,-0.0359947495162487
4411,21.0,840,0.8879237174987793,,0.09046985069289804,-0.05360209941864014
4412,14.0,665,0.8240272998809814,,0.08253752370364964,-0.0859236940741539
4413,19.0,925,1.076481580734253,,0.1342866630293429,-0.054169975221157074
4414,28.0,953,0.9946866035461426,,0.054607322672382,-0.0758068859577179
4415,27.0,943,1.074767827987671,,0.11638060305267572,-0.04706777259707451
4416,15.0,730,0.8874573707580566,,0.12204166734591126,-0.05013403296470642
4417,17.0,753,0.8246643543243408,,0.14464405877515674,-0.04154258593916893
4418,10.0,507,0.5880203247070312,,0.10551201365888119,-0.05363500118255615
4419,14.0,685,0.8468272686004639,,0.14019598485901952,-0.030697807669639587
4420,19.0,833,0.8892922401428223,,0.1152741415426135,-0.05882418900728226
4421,27.0,1317,1.5148649215698242,,0.0769810932688415,-0.07127173990011215
4422,20.0,767,0.8303866386413574,,0.10358250909484923,-0.06210684776306152
4423,17.0,768,0.9056293964385986,,0.09329011105000973,-0.03406665101647377
4424,12.0,497,0.572502851486206,,0.0966069558635354,-0.058585718274116516
4425,33.0,1331,1.4411892890930176,,0.1165629643946886,-0.045455582439899445
4426,26.0,908,1.0452299118041992,,0.10064901644364,-0.0336456373333931
4427,32.0,1226,1.3307349681854248,,0.08751522935926914,-0.05187276750802994
4428,22.0,889,1.0197415351867676,,0.13863739557564259,-0.036427050828933716
4429,22.0,965,1.0928459167480469,,0.1444518635980785,-0.025402411818504333
4430,15.0,723,0.789409875869751,,0.09566809842363,-0.061321694403886795
4431,16.0,664,0.8255634307861328,,0.13239277573302388,-0.03657664358615875
4432,26.0,1015,1.1642158031463623,,0.10740343714132905,-0.04418349638581276
4433,15.0,662,0.7342832088470459,,0.1138401567004621,-0.06414772570133209
4434,19.0,835,0.9819214344024658,,0.0836114352568984,-0.06827519834041595
4435,25.0,945,1.093930721282959,,0.08646174054592848,-0.052202098071575165
4436,19.0,697,0.7710905075073242,,0.11410829797387123,-0.04347790777683258
4437,8.0,368,0.4450833797454834,,0.2338642138056457,-0.01169021800160408
4438,26.0,999,1.1452703475952148,,0.17112935055047274,-0.012607082724571228
4439,20.0,763,0.8381321430206299,,0.1492658294737339,-0.01463017612695694
4440,21.0,827,0.9706099033355713,,0.09504688158631325,-0.06381779164075851
4441,19.0,610,0.683333158493042,,0.09088521916419268,-0.06365546584129333
4442,28.0,965,1.0919990539550781,,0.12405186938121915,-0.05450370907783508
4443,23.0,760,0.829395055770874,,0.11128407111391425,-0.03141777217388153
4444,31.0,1041,1.1586308479309082,,0.09179222537204623,-0.06403078883886337
4445,33.0,1143,1.3391730785369873,,0.13932943996042013,-0.045045629143714905
4446,24.0,727,0.7781007289886475,,0.10619189869612455,-0.055572256445884705
4447,28.0,965,1.086615800857544,,0.0811030063778162,-0.05299398675560951
4448,27.0,950,1.078326940536499,,0.11322527332231402,-0.044114187359809875
4449,13.0,429,0.5117108821868896,,0.10353013034909964,-0.06107019633054733
4450,17.0,749,0.8065886497497559,,0.12582273920997977,-0.018746204674243927
4451,19.0,803,0.939854621887207,,0.1359067908488214,-0.011844664812088013
4452,25.0,856,0.9061594009399414,,0.08319110237061977,-0.0664689838886261
4453,31.0,1228,1.4301762580871582,,0.07750817108899355,-0.08171787858009338
4454,19.0,784,0.8443553447723389,,0.1351948487572372,-0.04764087498188019
4455,23.0,1115,1.2276413440704346,,0.12892259610816836,-0.04774651676416397
4456,22.0,793,0.9458420276641846,,0.07736048265360296,-0.0744200125336647
4457,18.0,728,0.785839319229126,,0.08551900740712881,-0.06900584697723389
4458,29.0,971,1.114891529083252,,0.10349273402243853,-0.050421424210071564
4459,25.0,904,1.0354437828063965,,0.14111038343980908,-0.024831898510456085
4460,28.0,1031,1.1693990230560303,,0.05616258620284498,-0.05444025993347168
4461,20.0,734,0.7997076511383057,,0.10184803325682878,-0.06780505925416946
4462,17.0,748,0.8906824588775635,,0.15348144248127937,-0.019915074110031128
4463,33.0,1145,1.2690503597259521,,0.10864626988768578,-0.04685491323471069
4464,14.0,624,0.6854887008666992,,0.15204158797860146,-0.04123048111796379
4465,24.0,887,1.024895191192627,,0.10598758794367313,-0.04547611251473427
4466,23.0,935,1.0688605308532715,,0.11183965625241399,-0.056704334914684296
4467,21.0,656,0.7186493873596191,,0.14537820871919394,-0.056416742503643036
4468,19.0,795,0.9396955966949463,,0.08417659811675549,-0.04660981893539429
4469,21.0,861,0.9219298362731934,,0.06745668570511043,-0.06916525959968567
4470,14.0,653,0.7999296188354492,,0.13532772241160274,-0.056271035224199295
4471,24.0,918,0.9722225666046143,,0.11201492557302117,-0.036067720502614975
4472,17.0,705,0.8503782749176025,,0.11836112663149834,-0.0444195456802845
4473,19.0,630,0.6947140693664551,,0.07808726257644594,-0.06452547758817673
4474,28.0,1135,1.242448091506958,,0.14411774277687073,-0.03730879724025726
4475,27.0,1083,1.203857660293579,,0.07191584119573236,-0.05654308944940567
4476,24.0,807,0.9577763080596924,,0.15701952343806624,-0.04507746547460556
4477,20.0,1013,1.1410200595855713,,0.14990169182419777,-0.03758116811513901
4478,19.0,843,0.9809408187866211,,0.1534199547022581,-0.03474562615156174
4479,24.0,707,0.7733438014984131,,0.12061050767078996,-0.04352641850709915
4480,30.0,1211,1.3171734809875488,,0.19429063703864813,-0.019582506269216537
4481,13.0,497,0.5666687488555908,,0.14757923362776637,-0.03462690860033035
4482,22.0,760,0.9050612449645996,,0.16720120003446937,-0.023934558033943176
4483,21.0,938,1.0864388942718506,,0.10172884445637465,-0.06197202950716019
4484,13.0,488,0.5675959587097168,,0.15167651511728764,-0.06347568333148956
4485,14.0,533,0.6103682518005371,,0.13743449514731765,-0.048857130110263824
4486,17.0,723,0.7983095645904541,,0.08220022940076888,-0.05048523098230362
4487,22.0,921,1.0590462684631348,,0.11896912101656199,-0.04134899377822876
4488,21.0,758,0.820260763168335,,0.12186807161197066,-0.05719573050737381
4489,25.0,859,0.9979214668273926,,0.11050708033144474,-0.05482940375804901
4490,17.0,696,0.752018928527832,,0.09856410510838032,-0.05819196254014969
4491,24.0,812,0.9634702205657959,,0.08567611174657941,-0.043220989406108856
4492,24.0,866,1.007214069366455,,0.12080077081918716,-0.04248954355716705
4493,26.0,894,0.9543139934539795,,0.13381741754710674,-0.04922293499112129
4494,23.0,802,0.9535894393920898,,0.10638392949476838,-0.057874809950590134
4495,28.0,1167,1.2777929306030273,,0.1693698726594448,-0.02504974603652954
4496,18.0,889,1.0397937297821045,,0.11343138013035059,-0.051395587623119354
4497,22.0,759,0.8181791305541992,,0.1536725563928485,-0.02167128399014473
4498,27.0,971,1.1019904613494873,,0.11066830111667514,-0.07278625667095184
4499,24.0,838,0.9730269908905029,,0.1413067034445703,-0.049588948488235474
4500,32.0,1354,1.5264568328857422,,0.13345672190189362,-0.055329933762550354
4501,33.0,1764,1.9246869087219238,,0.11423705704510212,-0.06311257928609848
4502,18.0,755,0.9019379615783691,,0.05101469228975475,-0.061417195945978165
4503,20.0,804,0.8610591888427734,,0.2777174012735486,0.014507681131362915
4504,11.0,513,0.5811502933502197,,0.11596396379172802,-0.04123537987470627
4505,31.0,1218,1.3186790943145752,,0.12833335483446717,-0.026522573083639145
4506,28.0,899,1.0505633354187012,,0.15326670464128256,-0.02880994975566864
4507,24.0,851,0.9838907718658447,,0.10005750646814704,-0.05506696552038193
4508,26.0,952,1.0845072269439697,,0.09654061775654554,-0.07055526971817017
4509,17.0,712,0.7985751628875732,,0.07981825899332762,-0.07359546422958374
4510,26.0,1145,1.2758080959320068,,0.08809599746018648,-0.04671856015920639
4511,29.0,1203,1.4002163410186768,,0.09106795955449343,-0.06681545823812485
4512,32.0,1316,1.4226038455963135,,0.13013557298108935,-0.034701868891716
4513,19.0,813,0.9531023502349854,,0.11485992651432753,-0.06954527646303177
4514,19.0,757,0.806922197341919,,0.11229525180533528,-0.056398458778858185
4515,14.0,731,0.8781008720397949,,0.10642901575192809,-0.04690580070018768
4516,9.0,687,0.7631466388702393,,0.12772930273786187,-0.05283427610993385
4517,29.0,1143,1.2481837272644043,,0.24245426524430513,-0.027499668300151825
4518,18.0,821,0.9566566944122314,,0.07204749295488,-0.06307312846183777
4519,14.0,636,0.6990096569061279,,0.1434476892463863,-0.027987360954284668
4520,16.0,603,0.6621522903442383,,0.11470996169373393,-0.05866865813732147
4521,28.0,1143,1.3432555198669434,,0.12079448066651821,-0.059743158519268036
4522,21.0,709,0.7759110927581787,,0.13568941736593843,-0.06534426659345627
4523,26.0,971,1.106173038482666,,0.11459024762734771,-0.05199848487973213
4524,18.0,648,0.70534348487854,,0.09126834431663156,-0.07866372168064117
4525,26.0,1046,1.164093017578125,,0.09392124600708485,-0.05923544242978096
4526,19.0,898,1.0390105247497559,,0.10239724116399884,-0.06180347502231598
4527,30.0,1135,1.248462438583374,,0.08568295277655125,-0.06462068855762482
4528,3.0,338,0.416705846786499,,0.10426159482449293,-0.0656999945640564
4529,24.0,770,0.8220868110656738,,0.13456697668880224,-0.0524723157286644
4530,16.0,645,0.8026840686798096,,0.19249060656875372,-0.01633593440055847
4531,18.0,595,0.6643538475036621,,0.11946342838928103,-0.06982575356960297
4532,19.0,735,0.7990193367004395,,0.12550624227151275,-0.04203158989548683
4533,14.0,719,0.8620514869689941,,0.13954252051189542,-0.05115341767668724
4534,22.0,865,0.9275612831115723,,0.2056168746203184,-0.021377138793468475
4535,26.0,837,0.9775254726409912,,0.14370560832321644,-0.04572451859712601
4536,26.0,876,1.0060720443725586,,0.12030026270076632,-0.047024358063936234
4537,20.0,715,0.7749409675598145,,0.12248925771564245,-0.05062192305922508
4538,18.0,860,1.0006074905395508,,0.11648681666702032,-0.06431876122951508
4539,23.0,763,0.8264071941375732,,0.09959839889779687,-0.06693441420793533
4540,28.0,1140,1.2456459999084473,,0.1165010049007833,-0.06491903960704803
4541,25.0,1065,1.2769386768341064,,0.10485260561108589,-0.06294117867946625
4542,24.0,987,1.020826816558838,,0.11080836364999413,-0.06613138318061829
4543,21.0,737,0.873267650604248,,0.18279282795265317,-0.04122897982597351
4544,20.0,675,0.7348763942718506,,0.20480100717395544,-0.026576168835163116
4545,18.0,899,1.0314652919769287,,0.1314070993103087,-0.045007675886154175
4546,21.0,783,0.913170337677002,,0.08862049086019397,-0.0748094841837883
4547,25.0,937,0.9710352420806885,,0.112279511988163,-0.06860964000225067
4548,23.0,775,0.9181265830993652,,0.1693450096063316,-0.04308130592107773
4549,28.0,1282,1.3979973793029785,,0.10466068238019943,-0.03808616101741791
4550,31.0,1179,1.3734605312347412,,0.06313605676405132,-0.07531392574310303
4551,25.0,931,0.9846367835998535,,0.1843301486223936,-0.03304590284824371
4552,16.0,682,0.8467073440551758,,0.13582527404651046,-0.055454399436712265
4553,27.0,1118,1.2331433296203613,,0.11185846896842122,-0.06196935847401619
4554,26.0,977,1.1032779216766357,,0.09113102266564965,-0.06304121017456055
4555,19.0,701,0.7551536560058594,,0.11379387276247144,-0.07304626703262329
4556,24.0,957,1.0781981945037842,,0.14098225720226765,-0.05851459503173828
4557,21.0,862,1.000293254852295,,0.1165608880110085,-0.05341831222176552
4558,12.0,697,0.7715258598327637,,0.08290757611393929,-0.06674328446388245
4559,13.0,672,0.735553503036499,,0.12070168228819966,-0.05250281095504761
4560,24.0,1091,1.310276985168457,,0.07525087334215641,-0.06413020938634872
4561,9.0,515,0.5950486660003662,,0.1176128308288753,-0.05428488552570343
4562,22.0,1077,1.2219326496124268,,0.14248682279139757,-0.008869078010320663
4563,5.0,547,0.6297280788421631,,0.10177754936739802,-0.07518138736486435
4564,14.0,613,0.6911482810974121,,0.10852140933275223,-0.0528644397854805
4565,24.0,822,0.9603903293609619,,0.1245256382972002,-0.03687214106321335
4566,10.0,498,0.5887033939361572,,0.14856042433530092,-0.03222540020942688
4567,11.0,511,0.5954108238220215,,0.11944841081276536,-0.03957727551460266
4568,15.0,627,0.7000877857208252,,0.11065009515732527,-0.06436656415462494
4569,25.0,1415,1.6239049434661865,,0.08741025859490037,-0.061144232749938965
4570,33.0,1560,1.7324292659759521,,0.09716495219618082,-0.07517804205417633
4571,27.0,921,0.9781143665313721,,0.08016833616420627,-0.06394870579242706
4572,22.0,859,0.9942717552185059,,0.10691781109198928,-0.059552811086177826
4573,24.0,1006,1.1249425411224365,,0.12853663926944137,-0.03964868187904358
4574,18.0,671,0.7236998081207275,,0.10714759957045317,-0.05903333052992821
4575,20.0,723,0.8794105052947998,,0.09531242772936821,-0.052100472152233124
4576,14.0,625,0.7024917602539062,,0.0951651162467897,-0.06538458168506622
4577,14.0,613,0.6825809478759766,,0.17048554215580225,-0.034655071794986725
4578,21.0,908,1.0424835681915283,,0.1290183626115322,-0.06373225897550583
4579,15.0,705,0.7647385597229004,,0.07543298276141286,-0.0775085836648941
4580,23.0,1097,1.2296793460845947,,0.08531778282485902,-0.07070350646972656
4581,13.0,713,0.8616676330566406,,0.07167488499544561,-0.06979422271251678
4582,25.0,940,1.0765886306762695,,0.13348131347447634,-0.020394757390022278
4583,14.0,911,0.9812824726104736,,0.15860370360314846,-0.033159516751766205
4584,23.0,889,1.0250139236450195,,0.10227785864844918,-0.06681619584560394
4585,21.0,818,0.9710326194763184,,0.14566260669380426,-0.03609040752053261
4586,10.0,479,0.5564076900482178,,0.1204953002743423,-0.0351397730410099
4587,33.0,1405,1.5809483528137207,,0.12837752746418118,-0.0297408364713192
4588,7.0,384,0.3653249740600586,,0.12837752746418118,-0.0297408364713192
4589,28.0,1087,1.2070751190185547,,0.13435848848894238,-0.02413356676697731
4590,16.0,808,0.944847583770752,,0.13353348849341273,-0.06070584058761597
4591,28.0,1275,1.3686251640319824,,0.09997089114040136,-0.064981609582901
4592,15.0,607,0.756516695022583,,0.08267802745103836,-0.06302112340927124
4593,23.0,749,0.8071517944335938,,0.11042678263038397,-0.0362066850066185
4594,25.0,957,1.0783531665802002,,0.1606142190285027,-0.013674512505531311
4595,20.0,920,1.0604121685028076,,0.05896859150379896,-0.07629373669624329
4596,20.0,733,0.7917051315307617,,0.09312788164243102,-0.06378883868455887
4597,22.0,742,0.881356954574585,,0.0789929332677275,-0.08446475863456726
4598,22.0,747,0.8326256275177002,,0.10560820996761322,-0.04953362047672272
4599,23.0,688,0.7452487945556641,,0.11611245479434729,-0.03467757999897003
4600,29.0,1000,1.1276214122772217,,0.11701325746253133,-0.046311043202877045
4601,28.0,1225,1.4215824604034424,,0.09341286448761821,-0.07421144098043442
4602,11.0,503,0.5745878219604492,,0.10552043793722987,-0.06244794651865959
4603,25.0,939,1.0710794925689697,,0.14205084973946214,-0.04101252555847168
4604,19.0,733,0.7931129932403564,,0.1275944598019123,-0.06685451418161392
4605,26.0,905,1.0471622943878174,,0.12864823918789625,-0.046944886445999146
4606,20.0,795,0.8532459735870361,,0.15676088444888592,-0.04035714641213417
4607,21.0,881,1.025773286819458,,0.12963546253740788,-0.044561371207237244
4608,26.0,989,1.1078386306762695,,0.10226080752909184,-0.04329749941825867
4609,28.0,1025,1.15183687210083,,0.09874768555164337,-0.05798774212598801
4610,28.0,858,0.9925620555877686,,0.12152965506538749,-0.04455743730068207
4611,22.0,661,0.7355570793151855,,0.14906327240169048,-0.020206496119499207
4612,26.0,1092,1.2154383659362793,,0.06575789209455252,-0.06060023233294487
4613,8.0,371,0.4606196880340576,,0.09915129095315933,-0.07060995697975159
4614,30.0,1076,1.1972870826721191,,0.2035801513120532,-0.006323143839836121
4615,23.0,784,0.8367397785186768,,0.17500145453959703,-0.03842521458864212
4616,18.0,826,0.9686074256896973,,0.1343876551836729,-0.05001195892691612
4617,20.0,829,0.9664924144744873,,0.13752645952627063,-0.04512178152799606
4618,25.0,931,1.0746312141418457,,0.07306952262297273,-0.07482264935970306
4619,28.0,1039,1.1621615886688232,,0.14311032369732857,-0.044853050261735916
4620,12.0,613,0.687999963760376,,0.10323261003941298,-0.0730568990111351
4621,29.0,945,1.0866327285766602,,0.14068023208528757,-0.03961259126663208
4622,18.0,626,0.6980483531951904,,0.08139394060708582,-0.0758257582783699
4623,15.0,610,0.6874158382415771,,0.10258061671629548,-0.03259444236755371
4624,24.0,813,0.9516124725341797,,0.14418118447065353,-0.033910807222127914
4625,26.0,842,0.8891420364379883,,0.21342684980481863,-0.0016533657908439636
4626,17.0,672,0.8224191665649414,,0.13893178896978498,-0.04674520343542099
4627,31.0,1001,1.1365258693695068,,0.10494166053831577,-0.05503254756331444
4628,26.0,1163,1.2728612422943115,,0.13515771459788084,-0.04546911641955376
4629,18.0,590,0.6626267433166504,,0.06867738720029593,-0.061451785266399384
4630,21.0,880,1.0275819301605225,,0.09895263286307454,-0.0493023507297039
4631,29.0,1228,1.3527615070343018,,0.10518702305853367,-0.04804612696170807
4632,33.0,1165,1.2742478847503662,,0.11748256720602512,-0.026311393827199936
4633,21.0,693,0.8624193668365479,,0.12210835702717304,-0.030887816101312637
4634,28.0,971,1.1110575199127197,,0.12265789741650224,-0.01981518417596817
4635,25.0,805,0.8582208156585693,,0.11355360504239798,-0.06677822768688202
4636,16.0,677,0.7450087070465088,,0.09050919208675623,-0.04074818640947342
4637,17.0,641,0.8013052940368652,,0.20932648330926895,0.005059406161308289
4638,23.0,840,0.9010622501373291,,0.11919932812452316,-0.04285730421543121
4639,14.0,555,0.6377615928649902,,0.10358307044953108,-0.03046039491891861
4640,27.0,849,1.0118441581726074,,0.201185523532331,-0.014565989375114441
4641,29.0,975,1.100679874420166,,0.08643779018893838,-0.06511159241199493
4642,22.0,796,0.9439535140991211,,0.06906584138050675,-0.06493354588747025
4643,27.0,1022,1.1477177143096924,,0.09132026042789221,-0.044631753116846085
4644,20.0,781,0.8463850021362305,,0.08349087368696928,-0.07795392721891403
4645,28.0,839,0.9925422668457031,,0.12232579523697495,-0.04606855660676956
4646,26.0,1029,1.1584398746490479,,0.1464415048249066,-0.04283786565065384
4647,23.0,952,1.087113618850708,,0.08563811937347054,-0.06517207622528076
4648,25.0,1033,1.166914939880371,,0.14270685892552137,-0.03079911693930626
4649,25.0,688,0.7483675479888916,,0.08213096717372537,-0.07191343605518341
4650,29.0,1003,1.11643385887146,,0.1028401954099536,-0.025633707642555237
4651,19.0,707,0.7629480361938477,,0.17213468253612518,-0.032669052481651306
4652,24.0,771,0.9020824432373047,,0.15010950481519103,-0.037962656468153
4653,21.0,1054,1.1869299411773682,,0.10276801465079188,-0.03583963215351105
4654,19.0,863,0.9997904300689697,,0.15877420268952847,-0.02718541771173477
4655,22.0,838,0.8832056522369385,,0.15196180436760187,-0.03608271852135658
4656,29.0,1183,1.2866897583007812,,0.09334479132667184,-0.04306088387966156
4657,14.0,774,0.911043643951416,,0.0766432317905128,-0.05147752910852432
4658,25.0,950,1.076277732849121,,0.1684082834981382,-0.015750661492347717
4659,11.0,483,0.5525510311126709,,0.09580789925530553,-0.06171783432364464
4660,17.0,756,0.8199481964111328,,0.1441367892548442,-0.02000865712761879
4661,23.0,1069,1.1856446266174316,,0.08983872830867767,-0.06495900452136993
4662,11.0,616,0.7680158615112305,,0.07806577743031085,-0.06399446725845337
4663,16.0,708,0.7727935314178467,,0.12305209180340171,-0.04704941064119339
4664,24.0,1143,1.259680986404419,,0.09419496357440948,-0.04935123771429062
4665,19.0,755,0.8983142375946045,,0.06892798561602831,-0.061961088329553604
4666,25.0,1280,1.404484510421753,,0.11999220727011561,-0.043313249945640564
4667,23.0,876,1.0194928646087646,,0.04780874284915626,-0.05470138043165207
4668,23.0,1098,1.2124731540679932,,0.0818403409793973,-0.059198252856731415
4669,27.0,1183,1.2844524383544922,,0.13064669538289309,-0.04231119155883789
4670,27.0,1059,1.1983733177185059,,0.1170875714160502,-0.05130946636199951
4671,27.0,1073,1.1896686553955078,,0.10283365566283464,-0.04939945414662361
4672,10.0,540,0.6939949989318848,,0.09056480578146875,-0.06307587772607803
4673,22.0,810,0.8602948188781738,,0.14915807358920574,-0.0317523218691349
4674,20.0,659,0.7207472324371338,,0.11060939868912101,-0.050065260380506516
4675,30.0,1237,1.4344079494476318,,0.07872911542654037,-0.03433399647474289
4676,23.0,834,0.8895819187164307,,0.12723868107423186,-0.031123340129852295
4677,21.0,893,1.028815746307373,,0.12620829697698355,-0.05787862837314606
4678,20.0,864,1.002129316329956,,0.06838014046661556,-0.05968325212597847
4679,31.0,1426,1.5959115028381348,,0.09832566045224667,-0.053284600377082825
4680,18.0,707,0.7779290676116943,,0.0937513024546206,-0.06036488711833954
4681,34.0,1432,1.5972445011138916,,0.10085242427885532,-0.0686497837305069
4682,31.0,1233,1.3360309600830078,,0.10499230306595564,-0.04869239404797554
4683,22.0,853,0.9862639904022217,,0.12207419937476516,-0.04929111897945404
4684,24.0,994,1.1177799701690674,,0.08731212862767279,-0.043792303651571274
4685,25.0,802,0.8473587036132812,,0.0910021630115807,-0.06829207390546799
4686,24.0,893,1.034048318862915,,0.1419882313348353,-0.06442584842443466
4687,25.0,841,0.9833540916442871,,0.09494912577793002,-0.04468692094087601
4688,16.0,559,0.638080358505249,,0.08061371394433081,-0.07110407203435898
4689,27.0,906,1.0357825756072998,,0.15750206261873245,-0.029096972197294235
4690,25.0,996,1.144906997680664,,0.07590470463037491,-0.04654671996831894
4691,21.0,1097,1.2253081798553467,,0.06531794532202184,-0.056683942675590515
4692,22.0,774,0.8307726383209229,,0.07302738283760846,-0.08529242873191833
4693,13.0,523,0.6072981357574463,,0.14825567929074168,-0.032831043004989624
4694,9.0,517,0.5964813232421875,,0.07752553559839725,-0.05092017725110054
4695,18.0,669,0.8251292705535889,,0.15387657145038247,-0.02664296329021454
4696,12.0,510,0.595750093460083,,0.07246770989149809,-0.06423628330230713
4697,24.0,873,0.920764684677124,,0.12848806800320745,-0.037528373301029205
4698,18.0,704,0.848280668258667,,0.12768742069602013,-0.04220379889011383
4699,22.0,765,0.822148323059082,,0.09159098658710718,-0.06940580904483795
4700,22.0,777,0.9161777496337891,,0.06766785169020295,-0.06901198625564575
4701,20.0,786,0.8412370681762695,,0.12500054063275456,-0.04595891013741493
4702,30.0,1323,1.5038628578186035,,0.07699597929604352,-0.07092434167861938
4703,21.0,813,0.8674776554107666,,0.13785294676199555,-0.04172653704881668
4704,30.0,1337,1.5249009132385254,,0.07657457189634442,-0.08104958385229111
4705,17.0,694,0.7595140933990479,,0.18157706083729863,-0.03497903794050217
4706,26.0,1011,1.1268749237060547,,0.10915769962593913,-0.04003258794546127
4707,24.0,764,0.8974711894989014,,0.13667815458029509,-0.02558400109410286
4708,18.0,757,0.8297774791717529,,0.09073569532483816,-0.06477890908718109
4709,28.0,1181,1.3823051452636719,,0.09448740817606449,-0.07115630805492401
4710,20.0,747,0.8196561336517334,,0.13599694380536675,-0.06360769271850586
4711,23.0,747,0.8952193260192871,,0.13310685753822327,-0.016073256731033325
4712,21.0,741,0.8050193786621094,,0.08032100182026625,-0.07303604483604431
4713,23.0,763,0.8146543502807617,,0.1832544319331646,-0.018453791737556458
4714,17.0,701,0.865260124206543,,0.10446780314669013,-0.052330248057842255
4715,22.0,914,1.0498509407043457,,0.14190456923097372,-0.03232874721288681
4716,22.0,810,0.8723769187927246,,0.13954174052923918,-0.05078209191560745
4717,30.0,1231,1.4192395210266113,,0.06665753806009889,-0.06527163833379745
4718,31.0,1683,1.858480453491211,,0.11463786289095879,-0.07270904630422592
4719,33.0,1001,1.1241731643676758,,0.04094901424832642,-0.05529618635773659
4720,18.0,711,0.773747444152832,,0.17943899938836694,-0.04611542075872421
4721,25.0,984,1.1180839538574219,,0.20360451284796,-0.003636673092842102
4722,25.0,808,0.9472215175628662,,0.10139251872897148,-0.0654524490237236
4723,25.0,840,0.8990719318389893,,0.10664053214713931,-0.051506172865629196
4724,24.0,952,1.0855388641357422,,0.12691112468019128,-0.056215252727270126
4725,22.0,752,0.9008901119232178,,0.10559152718633413,-0.06702110916376114
4726,23.0,856,0.9057157039642334,,0.10651154955849051,-0.055496860295534134
4727,24.0,993,1.1118831634521484,,0.08507141098380089,-0.051382869482040405
4728,25.0,1153,1.3461182117462158,,0.08132014237344265,-0.058286216109991074
4729,26.0,963,1.0050609111785889,,0.1101566948927939,-0.06593537330627441
4730,28.0,983,1.1043810844421387,,0.12783375615254045,-0.05731058120727539
4731,16.0,797,0.9396710395812988,,0.14225153159350157,-0.04482655972242355
4732,29.0,1113,1.235647439956665,,0.12964642234146595,-0.04036938399076462
4733,9.0,433,0.5102057456970215,,0.09381999424658716,-0.07530882954597473
4734,16.0,687,0.754382848739624,,0.1530762962065637,-0.04247846454381943
4735,17.0,549,0.6183850765228271,,0.21591854933649302,0.007053837180137634
4736,18.0,849,0.9904725551605225,,0.18923196382820606,-0.02661275863647461
4737,32.0,1267,1.4635655879974365,,0.09757801936939359,-0.05360539257526398
4738,22.0,1011,1.065117359161377,,0.1193795851431787,-0.050008829683065414
4739,32.0,1425,1.599358081817627,,0.11906172428280115,-0.04033375531435013
4740,16.0,747,0.9089462757110596,,0.20608361717313528,-0.00946052372455597
4741,32.0,1079,1.2123959064483643,,0.13900899095460773,-0.03540753200650215
4742,28.0,998,1.129871129989624,,0.18487836886197329,-0.003837496042251587
4743,35.0,1485,1.660675048828125,,0.14213839825242758,-0.059086479246616364
4744,26.0,1080,1.221360683441162,,0.11036306945607066,-0.03765086829662323
4745,21.0,817,0.8711621761322021,,0.10210064658895135,-0.08069264888763428
4746,14.0,800,0.9579074382781982,,0.15809259610250592,-0.011147629469633102
4747,17.0,785,0.8427605628967285,,0.23841395881026983,-0.00035847723484039307
4748,21.0,825,0.9578890800476074,,0.09471171302720904,-0.042874082922935486
4749,18.0,725,0.8859162330627441,,0.1029198681935668,-0.05578141659498215
4750,19.0,759,0.8194437026977539,,0.11715895449742675,-0.051355212926864624
4751,20.0,805,0.961317777633667,,0.09324765438213944,-0.05553191155195236
4752,27.0,965,1.016557216644287,,0.06426137988455594,-0.08539092540740967
4753,21.0,847,0.9986202716827393,,0.13618864817544818,-0.05656435340642929
4754,21.0,843,0.9891445636749268,,0.10200185468420386,-0.06916318833827972
4755,21.0,825,0.88698410987854,,0.05322784720920026,-0.06751205772161484
4756,22.0,733,0.8773984909057617,,0.09120589820668101,-0.05710732191801071
4757,27.0,847,0.9040603637695312,,0.0806419188156724,-0.07577715814113617
4758,19.0,759,0.915175199508667,,0.11313242139294744,-0.056554242968559265
4759,19.0,747,0.807279109954834,,0.07183796004392207,-0.05987703055143356
4760,16.0,783,0.93208909034729,,0.10980713414028287,-0.04015912115573883
4761,27.0,931,1.0687553882598877,,0.10592406708747149,-0.03840279206633568
4762,28.0,1340,1.456252098083496,,0.11448389291763306,-0.03532906994223595
4763,19.0,775,0.9287855625152588,,0.03920628293417394,-0.07723654806613922
4764,21.0,755,0.808910608291626,,0.06681596487760544,-0.08307090401649475
4765,33.0,1494,1.6704928874969482,,0.06732426304370165,-0.06657081097364426
4766,26.0,1015,1.138791561126709,,0.13162262784317136,-0.026133354753255844
4767,24.0,1076,1.202986717224121,,0.12861452158540487,-0.04383787512779236
4768,18.0,646,0.8167884349822998,,0.1081662867218256,-0.04972342401742935
4769,21.0,785,0.8555018901824951,,0.05871375952847302,-0.04727989435195923
4770,24.0,1026,1.1521880626678467,,0.08050373569130898,-0.05089816078543663
4771,18.0,751,0.9080684185028076,,0.15974024077877402,-0.03755384683609009
4772,26.0,1168,1.2891442775726318,,0.067237404640764,-0.055328451097011566
4773,11.0,609,0.6786530017852783,,0.09836559230461717,-0.07110758125782013
4774,10.0,619,0.6818618774414062,,0.12898822547867894,-0.04846573248505592
4775,25.0,1020,1.1551809310913086,,0.12116473261266947,-0.023848015815019608
4776,24.0,843,0.9872574806213379,,0.09177127410657704,-0.06234715133905411
4777,21.0,907,1.0470097064971924,,0.11012775730341673,-0.0645846426486969
4778,33.0,1316,1.4302308559417725,,0.11233268678188324,-0.03515775501728058
4779,24.0,1219,1.4244141578674316,,0.06736499886028469,-0.0645880177617073
4780,25.0,967,1.1092097759246826,,0.08243699721060693,-0.05809187889099121
4781,27.0,833,0.9070639610290527,,0.06428595050238073,-0.06950360536575317
4782,18.0,697,0.8532207012176514,,0.17089714389294386,-0.027830734848976135
4783,29.0,1158,1.2824199199676514,,0.1193875060416758,-0.04760393500328064
4784,22.0,654,0.718942403793335,,0.06170257111079991,-0.09110227972269058
4785,27.0,898,1.0364999771118164,,0.0913565712980926,-0.054999079555273056
4786,28.0,911,1.0504214763641357,,0.16959276935085654,-0.04128453508019447
4787,32.0,1381,1.5038108825683594,,0.10146957449615002,-0.048019614070653915
4788,24.0,1011,1.1365790367126465,,0.10253391088917851,-0.055497925728559494
4789,27.0,1053,1.1762099266052246,,0.09396064933389425,-0.0545068085193634
4790,25.0,819,0.9748032093048096,,0.10483481688424945,-0.06596323102712631
4791,18.0,880,1.0376756191253662,,0.0819089226424694,-0.07320606708526611
4792,22.0,865,0.9186611175537109,,0.10396658163517714,-0.051609255373477936
4793,23.0,1014,1.1358954906463623,,0.09267562907189131,-0.04557038098573685
4794,27.0,767,0.9130141735076904,,0.06973350537009537,-0.06683425605297089
4795,20.0,769,0.8345978260040283,,0.16378803411498666,-0.03361918404698372
4796,30.0,1349,1.5485315322875977,,0.12145453039556742,-0.03994424641132355
4797,18.0,779,0.8368656635284424,,0.14206534577533603,-0.05621132254600525
4798,24.0,1036,1.2470901012420654,,0.06796518573537469,-0.05558433011174202
4799,20.0,727,0.7967891693115234,,0.10207163542509079,-0.06240326911211014
4800,21.0,859,1.0020461082458496,,0.11221455177292228,-0.05361088365316391
4801,26.0,1027,1.1579029560089111,,0.11967117711901665,-0.029296182096004486
4802,20.0,763,0.8315415382385254,,0.17006393754854798,-0.05212761461734772
4803,17.0,553,0.6197912693023682,,0.07836876506917179,-0.05380295217037201
4804,21.0,656,0.7226667404174805,,0.09821608383208513,-0.03702728450298309
4805,31.0,993,1.1148393154144287,,0.11029005190357566,-0.04819918051362038
4806,21.0,992,1.1282038688659668,,0.15806958079338074,-0.03024984896183014
4807,7.0,477,0.5470361709594727,,0.07576555386185646,-0.08267553895711899
4808,20.0,711,0.8562328815460205,,0.19002167461439967,-0.019353456795215607
4809,22.0,627,0.7072455883026123,,0.0996596785262227,-0.05177910998463631
4810,18.0,733,0.7918446063995361,,0.09153750003315508,-0.04953924939036369
4811,31.0,1469,1.6571238040924072,,0.07218690076842904,-0.06379202753305435
4812,30.0,1303,1.5012238025665283,,0.11003786139190197,-0.05312858149409294
4813,32.0,1256,1.376960277557373,,0.056292495457455516,-0.05553639680147171
4814,27.0,726,0.8733394145965576,,0.06657399469986558,-0.056535638868808746
4815,28.0,1145,1.2714550495147705,,0.06258754641748965,-0.04166456684470177
4816,26.0,964,1.1057615280151367,,0.06045336299575865,-0.047070011496543884
4817,23.0,1041,1.1850979328155518,,0.08020776929333806,-0.045851510018110275
4818,28.0,952,1.0907456874847412,,0.08773300796747208,-0.04757149517536163
4819,27.0,1165,1.3002824783325195,,0.09339158982038498,-0.05352179333567619
4820,24.0,1091,1.2127389907836914,,0.07231478299945593,-0.04285164922475815
4821,23.0,1047,1.168884515762329,,0.1007526577450335,-0.04912380129098892
4822,29.0,1174,1.28159499168396,,0.09935250040143728,-0.06247584521770477
4823,25.0,930,1.0675582885742188,,0.05431407131254673,-0.07747622579336166
4824,19.0,748,0.9000434875488281,,0.10934170708060265,-0.05641898512840271
4825,24.0,881,0.9391469955444336,,0.12966340500861406,-0.03228360414505005
4826,22.0,1008,1.1292548179626465,,0.13041736418381333,-0.05899740383028984
4827,27.0,999,1.1427385807037354,,0.11341228149831295,-0.041862811893224716
4828,21.0,913,1.040602684020996,,0.16511112777516246,-0.0009567812085151672
4829,25.0,1000,1.131371259689331,,0.09071635687723756,-0.06179910525679588
4830,18.0,865,1.0051124095916748,,0.06329791410826147,-0.07359759509563446
4831,27.0,1368,1.4983396530151367,,0.111269467510283,-0.032102975994348526
4832,21.0,863,1.005275011062622,,0.10673542460426688,-0.05139835923910141
4833,18.0,976,1.1129932403564453,,0.09188783401623368,-0.051214396953582764
4834,30.0,1071,1.179358720779419,,0.14454493019729853,-0.017812326550483704
4835,26.0,869,1.0095858573913574,,0.08668300975114107,-0.04851454496383667
4836,23.0,1007,1.1392364501953125,,0.09528178302571177,-0.04428987205028534
4837,7.0,506,0.5937016010284424,,0.12006686208769679,-0.054301049560308456
4838,19.0,827,0.8876128196716309,,0.27196811977773905,0.007390297949314117
4839,26.0,815,0.9583375453948975,,0.1145347822457552,-0.04337698221206665
4840,30.0,1112,1.2339754104614258,,0.16888927295804024,-0.03898157924413681
4841,15.0,795,0.9468083381652832,,0.13307577650994062,-0.048956528306007385
4842,29.0,909,0.9568111896514893,,0.12463603774085641,-0.05390171706676483
4843,8.0,550,0.6296167373657227,,0.14225325733423233,-0.03128892928361893
4844,18.0,748,0.8953475952148438,,0.20075779454782605,-0.004127278923988342
4845,10.0,541,0.61794114112854,,0.10736682685092092,-0.06367248296737671
4846,32.0,1177,1.2934861183166504,,0.11691545322537422,-0.04918218404054642
4847,23.0,691,0.8435797691345215,,0.10982769913971424,-0.04459959268569946
4848,12.0,457,0.5526924133300781,,0.14322176156565547,-0.04909832775592804
4849,11.0,667,0.74509596824646,,0.1550167934037745,-0.041216153651475906
4850,10.0,695,0.7633240222930908,,0.10862185200676322,-0.03948648273944855
4851,22.0,889,1.0312845706939697,,0.14497369155287743,-0.035455022007226944
4852,25.0,984,1.1131603717803955,,0.16469473484903574,-0.05227801948785782
4853,23.0,731,0.7965140342712402,,0.15317146060988307,-0.051384132355451584
4854,19.0,811,0.9541089534759521,,0.16557443886995316,-0.06288488209247589
4855,7.0,346,0.42614245414733887,,0.08162996568717062,-0.07028272747993469
4856,26.0,917,0.9590978622436523,,0.1413589296862483,-0.03436970338225365
4857,23.0,855,0.9905083179473877,,0.13494640262797475,-0.05415772646665573
4858,30.0,1053,1.1618201732635498,,0.0879086134955287,-0.06925743818283081
4859,20.0,848,0.9919896125793457,,0.09056641673669219,-0.05410034582018852
4860,13.0,529,0.6081943511962891,,0.10172882117331028,-0.0541260801255703
4861,29.0,966,1.1252620220184326,,0.11491157626733184,-0.04109213501214981
4862,20.0,681,0.7476229667663574,,0.13647921197116375,-0.054265737533569336
4863,29.0,1217,1.3332905769348145,,0.11129212519153953,-0.04748343676328659
4864,18.0,732,0.8737759590148926,,0.09183268574997783,-0.07271277904510498
4865,22.0,863,0.9244716167449951,,0.08248281781561673,-0.06514116376638412
4866,17.0,781,0.927039623260498,,0.08446747297421098,-0.07529530674219131
4867,18.0,623,0.6861691474914551,,0.06821063929237425,-0.06068960204720497
4868,25.0,776,0.9288492202758789,,0.10421841777861118,-0.05266190320253372
4869,29.0,1188,1.3085947036743164,,0.08367108157835901,-0.04368940368294716
4870,30.0,980,1.104125738143921,,0.06769144930876791,-0.06544031947851181
4871,21.0,831,0.9781150817871094,,0.08504178654402494,-0.0613585039973259
4872,29.0,1104,1.2278892993927002,,0.062078579096123576,-0.051794253289699554
4873,29.0,1109,1.2427377700805664,,0.1244656783528626,-0.027140289545059204
4874,22.0,988,1.1219267845153809,,0.09285736922174692,-0.05283790081739426
4875,30.0,1175,1.2852821350097656,,0.07975591905415058,-0.05067719146609306
4876,10.0,587,0.6584494113922119,,0.15408283844590187,-0.04576197639107704
4877,22.0,805,0.962583065032959,,0.1872857017442584,-0.02043953537940979
4878,21.0,744,0.7970809936523438,,0.0884793484583497,-0.06532412767410278
4879,11.0,477,0.5547661781311035,,0.067909354576841,-0.07947217673063278
4880,28.0,1091,1.218703269958496,,0.16437073657289147,-0.02283015102148056
4881,22.0,839,0.9821302890777588,,0.10129078244790435,-0.06490826606750488
4882,31.0,1046,1.1766653060913086,,0.0845012878999114,-0.06624556332826614
4883,18.0,859,0.9962403774261475,,0.09924107417464256,-0.04042068123817444
4884,27.0,925,1.061021089553833,,0.12507974822074175,-0.038944557309150696
4885,26.0,916,0.9577820301055908,,0.17298401100561023,-0.029242701828479767
4886,29.0,1139,1.3460967540740967,,0.11914684530347586,-0.06317688524723053
4887,20.0,1007,1.1466128826141357,,0.0928309082519263,-0.03925875574350357
4888,24.0,1252,1.3843412399291992,,0.12003436870872974,-0.033574771136045456
4889,9.0,621,0.6933703422546387,,0.08229565992951393,-0.08256986737251282
4890,28.0,1237,1.4443819522857666,,0.06015218165703118,-0.07083971798419952
4891,13.0,634,0.7204883098602295,,0.16746418457478285,-0.04058604687452316
4892,20.0,936,1.0779197216033936,,0.10807656776160002,-0.04130766913294792
4893,17.0,770,0.8492462635040283,,0.0983218690380454,-0.06876862794160843
4894,29.0,1335,1.5303611755371094,,0.05682193813845515,-0.08509060740470886
4895,21.0,850,0.9071338176727295,,0.08059771708212793,-0.07417239993810654
4896,34.0,1596,1.8482732772827148,,0.16975018195807934,-0.04970990866422653
4897,17.0,825,0.8854663372039795,,0.029747360851615667,-0.07825207710266113
4898,24.0,745,0.896939754486084,,0.1343140141107142,-0.05343475937843323
4899,23.0,905,0.9566636085510254,,0.09472108585759997,-0.05582447350025177
4900,24.0,965,1.0996384620666504,,0.1107337111607194,-0.05110880732536316
4901,32.0,1203,1.408874750137329,,0.11644246196374297,-0.057583149522542953
4902,10.0,543,0.6427347660064697,,0.12101838504895568,-0.06618288904428482
4903,24.0,821,0.8925507068634033,,0.11081901425495744,-0.05506880581378937
4904,18.0,621,0.6937766075134277,,0.10117185581475496,-0.052796248346567154
4905,49.0,1967,2.220573663711548,,0.12928023049607873,-0.0715147852897644
4906,31.0,1179,1.3754966259002686,,0.06197920115664601,-0.07401404529809952
4907,21.0,800,0.870168924331665,,0.14351844368502498,-0.04401186481118202
4908,21.0,813,0.9505958557128906,,0.12890414474532008,-0.04783961921930313
4909,17.0,686,0.7534282207489014,,0.06717389775440097,-0.07012561708688736
4910,18.0,669,0.7235767841339111,,0.1225394275970757,-0.04986977577209473
4911,24.0,1033,1.1596970558166504,,0.07906904863193631,-0.06769758462905884
4912,21.0,733,0.8843250274658203,,0.11008331296034157,-0.07550667971372604
4913,24.0,755,0.8159868717193604,,0.12766435742378235,-0.03542482852935791
4914,23.0,797,0.9432287216186523,,0.1218772572465241,-0.04220477119088173
4915,28.0,1113,1.2464609146118164,,0.08780684834346175,-0.06695406138896942
4916,27.0,1022,1.142228603363037,,0.07101172651164234,-0.0641551986336708
4917,25.0,880,1.0239300727844238,,0.12437700713053346,-0.05161287635564804
4918,26.0,1239,1.3359966278076172,,0.10007477179169655,-0.0500350221991539
4919,24.0,875,1.004166841506958,,0.08675520191900432,-0.06316196918487549
4920,32.0,1345,1.5184996128082275,,0.09874222055077553,-0.06476442515850067
4921,26.0,1009,1.1416881084442139,,0.12861464032903314,-0.03847789764404297
4922,26.0,943,0.9826982021331787,,0.1335909627377987,-0.06023844704031944
4923,25.0,1070,1.203033685684204,,0.11800435744225979,-0.05412982031702995
4924,30.0,1345,1.5392084121704102,,0.10101749422028661,-0.061656348407268524
4925,19.0,777,0.9307351112365723,,0.07826830446720123,-0.057070016860961914
4926,21.0,900,0.9506263732910156,,0.10160722397267818,-0.039999984204769135
4927,21.0,922,1.0593962669372559,,0.16408086474984884,-0.02279936522245407
4928,17.0,655,0.714379072189331,,0.06070897006429732,-0.0706460177898407
4929,42.0,1513,1.6756782531738281,,0.09064005827531219,-0.047562744468450546
4930,34.0,1143,1.3336708545684814,,0.12941054394468665,-0.0597769133746624
4931,23.0,717,0.7873377799987793,,0.06623427756130695,-0.08377009630203247
4932,23.0,864,1.001453161239624,,0.17478835862129927,-0.03610725700855255
4933,22.0,729,0.8023264408111572,,0.16733989585191011,-0.028282154351472855
4934,24.0,722,0.8728539943695068,,0.17940007848665118,-0.03337305411696434
4935,26.0,789,0.8518309593200684,,0.14754963293671608,-0.037900589406490326
4936,29.0,1275,1.481386661529541,,0.09568024147301912,-0.06720148026943207
4937,24.0,845,0.902493953704834,,0.10459874430671334,-0.0669468566775322
4938,16.0,569,0.6384046077728271,,0.07614060840569437,-0.06201167404651642
4939,27.0,1283,1.4890334606170654,,0.10873334528878331,-0.036292217671871185
4940,25.0,956,1.0909392833709717,,0.04136734222993255,-0.0654221847653389
4941,22.0,940,1.092510461807251,,0.140028172172606,-0.023869942873716354
4942,17.0,776,0.8479626178741455,,0.10447207558900118,-0.06813963502645493
4943,16.0,499,0.5759835243225098,,0.09982888074591756,-0.05942101776599884
4944,22.0,853,0.9973244667053223,,0.11694035911932588,-0.04136793687939644
4945,31.0,1144,1.2652552127838135,,0.09320155717432499,-0.05189267173409462
4946,16.0,629,0.6945149898529053,,0.10998475179076195,-0.05895734950900078
4947,21.0,723,0.872713565826416,,0.13747316412627697,-0.0330890454351902
4948,25.0,1009,1.1439182758331299,,0.07861550385132432,-0.07258885353803635
4949,26.0,875,0.9347748756408691,,0.204401143360883,-0.027204200625419617
4950,28.0,1071,1.179579496383667,,0.10622273152694106,-0.0643479973077774
4951,27.0,901,1.0434751510620117,,0.10038781119510531,-0.057243410497903824
4952,19.0,650,0.7073519229888916,,0.1430366151034832,-0.05257618427276611
4953,21.0,847,0.9913966655731201,,0.17865453101694584,-0.0018359273672103882
4954,31.0,1175,1.2835094928741455,,0.10064272303134203,-0.05062791705131531
4955,29.0,1066,1.1895875930786133,,0.10466449102386832,-0.04585614055395126
4956,17.0,741,0.8913178443908691,,0.12037673220038414,-0.052468862384557724
4957,10.0,605,0.6755199432373047,,0.14793110499158502,-0.029536128044128418
4958,29.0,1010,1.12274169921875,,0.1609185286797583,-0.030784282833337784
4959,25.0,857,0.9900553226470947,,0.10661118710413575,-0.03951501101255417
4960,8.0,410,0.390794038772583,,0.10661118710413575,-0.03951501101255417
4961,24.0,770,0.9257030487060547,,0.238769156858325,0.015153937041759491
4962,17.0,571,0.6328089237213135,,0.14873480470851064,-0.05472751706838608
4963,22.0,879,1.0127849578857422,,0.10293893795460463,-0.045068539679050446
4964,22.0,1008,1.1383304595947266,,0.14374300139024854,-0.03269719332456589
4965,20.0,694,0.7631394863128662,,0.127506697550416,-0.053804755210876465
4966,18.0,739,0.8984942436218262,,0.1443273238837719,-0.04461666941642761
4967,24.0,891,0.9479646682739258,,0.1748684598132968,-0.012112349271774292
4968,17.0,773,0.9181249141693115,,0.10558714671060443,-0.0633203387260437
4969,31.0,1093,1.2024118900299072,,0.11992542631924152,-0.04870424419641495
4970,19.0,817,0.956108570098877,,0.09822726156562567,-0.0355985127389431
4971,18.0,714,0.7852551937103271,,0.12498774053528905,-0.057315558195114136
4972,21.0,839,0.9816513061523438,,0.10588150704279542,-0.06438760459423065
4973,29.0,1089,1.2323873043060303,,0.07585595967248082,-0.07321590185165405
4974,19.0,848,0.8996801376342773,,0.15879439935088158,-0.048489347100257874
4975,26.0,815,0.9642565250396729,,0.11251543229445815,-0.06483930349349976
4976,28.0,1172,1.283249855041504,,0.1107046720571816,-0.06121723726391792
4977,28.0,1255,1.4543285369873047,,0.06329866731539369,-0.06683553755283356
4978,19.0,738,0.8078808784484863,,0.07885654456913471,-0.08581168949604034
4979,22.0,800,0.9504797458648682,,0.09411772224120796,-0.07313206791877747
4980,16.0,693,0.7665424346923828,,0.13603110797703266,-0.04644342511892319
4981,27.0,839,0.9862642288208008,,0.11040045460686088,-0.052703239023685455
4982,20.0,886,0.944955587387085,,0.15193000342696905,-0.04118650406599045
4983,34.0,1317,1.513240098953247,,0.08409334463067353,-0.06069015711545944
4984,32.0,1348,1.542189359664917,,0.10216039512306452,-0.07502444833517075
4985,19.0,717,0.7952265739440918,,0.06107507459819317,-0.09206384420394897
4986,29.0,1161,1.2747716903686523,,0.15248967008665204,-0.014782436192035675
4987,25.0,963,1.083552598953247,,0.12348966160789132,-0.04780685156583786
4988,19.0,797,0.9342532157897949,,0.08955896366387606,-0.061748605221509933
4989,19.0,796,0.8514142036437988,,0.08642029855400324,-0.07037913799285889
4990,27.0,876,1.0032017230987549,,0.08768144180066884,-0.06582299619913101
4991,15.0,580,0.6383171081542969,,0.09569383226335049,-0.05684463679790497
4992,20.0,699,0.8510158061981201,,0.21916298754513264,-0.0008330643177032471
4993,24.0,916,0.9617769718170166,,0.1368201905861497,-0.03917204216122627
4994,23.0,713,0.8620612621307373,,0.11438885983079672,-0.07009391486644745
4995,17.0,757,0.8155319690704346,,0.12348198937252164,-0.05504407733678818
4996,19.0,671,0.7309675216674805,,0.11558602284640074,-0.04022888466715813
4997,20.0,917,1.059678316116333,,0.1657410217449069,-0.05350763723254204
4998,19.0,731,0.8861885070800781,,0.14103997312486172,-0.03950541466474533
4999,25.0,985,1.1365299224853516,,0.18252087198197842,-0.03235241025686264
5000,19.0,779,0.836113452911377,,0.19508424634113908,-0.04908805340528488
5001,24.0,797,0.9333155155181885,,0.13271412160247564,-0.049656473100185394
5002,26.0,1020,1.1586856842041016,,0.13328196993097663,-0.04467001557350159
5003,20.0,813,0.872992992401123,,0.14504348672926426,-0.05237140506505966
5004,29.0,1070,1.2046029567718506,,0.13919506687670946,-0.050630122423172
5005,29.0,961,1.0888187885284424,,0.13768735900521278,-0.023518912494182587
5006,32.0,1404,1.5726501941680908,,0.14614281198009849,-0.03820410743355751
5007,28.0,1085,1.2064099311828613,,0.07555324747227132,-0.06717410683631897
5008,22.0,939,1.067535161972046,,0.07212334778159857,-0.06483598798513412
5009,17.0,665,0.7205648422241211,,0.15727456752210855,-0.041897229850292206
5010,15.0,708,0.885631799697876,,0.17495656246319413,-0.022512227296829224
5011,29.0,1191,1.3066699504852295,,0.16266642464324832,-0.03642475605010986
5012,23.0,884,1.023550271987915,,0.0669372957199812,-0.06552806496620178
5013,20.0,981,1.1326191425323486,,0.12221655296161771,-0.05329711735248566
5014,24.0,906,0.9624736309051514,,0.13348687114194036,-0.05465720593929291
5015,25.0,1003,1.1407699584960938,,0.1270946552976966,-0.06467366218566895
5016,24.0,901,1.0550987720489502,,0.08724555326625705,-0.0833217054605484
5017,28.0,1259,1.453584909439087,,0.05983566353097558,-0.08281773328781128
5018,13.0,613,0.6978375911712646,,0.17158990912139416,-0.05934762954711914
5019,21.0,942,1.0820636749267578,,0.13056734204292297,-0.029463991522789
5020,21.0,671,0.7382402420043945,,0.08025530586019158,-0.0668390691280365
5021,33.0,1399,1.5738821029663086,,0.13445910951122642,-0.05969616770744324
5022,19.0,754,0.813248872756958,,0.09091247012838721,-0.05003706365823746
5023,26.0,1067,1.1892726421356201,,0.14102568197995424,-0.020811352878808975
5024,28.0,1147,1.2606205940246582,,0.14299870701506734,-0.05699753016233444
5025,22.0,801,0.9614334106445312,,0.08086147392168641,-0.06825806200504303
5026,33.0,1285,1.4820923805236816,,0.1377061358653009,-0.04764873534440994
5027,12.0,527,0.6043980121612549,,0.1355800535529852,-0.04452146589756012
5028,23.0,865,0.923853874206543,,0.21232184953987598,-0.010268136858940125
5029,27.0,984,1.1226391792297363,,0.1563885067589581,-0.05660634487867355
5030,29.0,1158,1.274519920349121,,0.08768602274358273,-0.06572180986404419
5031,24.0,920,1.0498015880584717,,0.09996514162048697,-0.06760440021753311
5032,15.0,639,0.708380937576294,,0.21982921287417412,-0.02360931783914566
5033,29.0,1042,1.1543314456939697,,0.16547626117244363,-0.04529188945889473
5034,22.0,790,0.9297709465026855,,0.09860124625265598,-0.07940512150526047
5035,28.0,1131,1.2522943019866943,,0.14583959989249706,-0.057240940630435944
5036,31.0,1455,1.6390652656555176,,0.14895822992548347,-0.033559635281562805
5037,22.0,861,0.9997363090515137,,0.07462084013968706,-0.055789001286029816
5038,20.0,635,0.7056314945220947,,0.07617374788969755,-0.08540064096450806
5039,11.0,607,0.6844174861907959,,0.17237349692732096,-0.02783290296792984
5040,32.0,1441,1.6207633018493652,,0.15083003416657448,-0.034051563590765
5041,30.0,1194,1.298612356185913,,0.08072592318058014,-0.051339950412511826
5042,24.0,857,0.9992051124572754,,0.08474147762171924,-0.06613987684249878
5043,23.0,1032,1.1757068634033203,,0.14523631613701582,-0.040762051939964294
5044,18.0,907,1.050755500793457,,0.09311432437971234,-0.06251218914985657
5045,19.0,735,0.798370361328125,,0.16636678902432323,-0.044879250228405
5046,25.0,1017,1.134634256362915,,0.1262553776614368,-0.06389451026916504
5047,32.0,1115,1.2268447875976562,,0.05472903489135206,-0.06937307119369507
5048,28.0,1047,1.1704893112182617,,0.09528171131387353,-0.0708557516336441
5049,31.0,1057,1.2816212177276611,,0.12638244545087218,-0.0481286495923996
5050,30.0,1107,1.2281498908996582,,0.12151746870949864,-0.0420755110681057
5051,27.0,859,0.9238259792327881,,0.15414213063195348,-0.0361674502491951
5052,20.0,640,0.7963225841522217,,0.25571772549301386,-0.010122515261173248
5053,14.0,661,0.742905855178833,,0.08878184808418155,-0.052338141947984695
5054,27.0,987,1.1346912384033203,,0.20389952696859837,-0.020309709012508392
5055,31.0,1242,1.3494236469268799,,0.12102276366204023,-0.052565306425094604
5056,16.0,819,0.9665021896362305,,0.051941968966275454,-0.07184786349534988
5057,21.0,731,0.7959306240081787,,0.14908905932679772,-0.022871673107147217
5058,31.0,1312,1.5110876560211182,,0.14494614163413644,-0.03096689283847809
5059,15.0,535,0.6129195690155029,,0.12402153247967362,-0.04988136142492294
5060,21.0,1023,1.1653265953063965,,0.24068568740040064,-0.003258742392063141
5061,20.0,1075,1.1989917755126953,,0.12832511076703668,-0.0444800965487957
5062,24.0,903,1.0293371677398682,,0.1141769727692008,-0.06630603224039078
5063,31.0,1291,1.3966054916381836,,0.09339028410613537,-0.07113192975521088
5064,11.0,611,0.6746540069580078,,0.1491176476702094,-0.05290057137608528
5065,22.0,639,0.782696008682251,,0.12000061059370637,-0.05394196882843971
5066,15.0,577,0.6546897888183594,,0.14468965400010347,-0.04820661246776581
5067,27.0,1011,1.1369667053222656,,0.1131282770074904,-0.044782865792512894
5068,13.0,620,0.6846749782562256,,0.12383680790662766,-0.04224199056625366
5069,19.0,783,0.9192907810211182,,0.18865732895210385,-0.017134319990873337
5070,25.0,827,0.8723337650299072,,0.13637365028262138,-0.04062458872795105
5071,19.0,779,0.9236280918121338,,0.10150521388277411,-0.06046520173549652
5072,31.0,1365,1.4722614288330078,,0.09586899727582932,-0.05934027582406998
5073,31.0,1143,1.3554868698120117,,0.13646489335224032,-0.05863938108086586
5074,32.0,1239,1.3594684600830078,,0.13874252932146192,-0.0422782301902771
5075,29.0,1117,1.2290306091308594,,0.06472291541285813,-0.07118195295333862
5076,26.0,963,1.0863473415374756,,0.09904983127489686,-0.06946307420730591
5077,22.0,775,0.9102175235748291,,0.12599767837673426,-0.058594994246959686
5078,23.0,825,0.8712365627288818,,0.14702493557706475,-0.04185637831687927
5079,17.0,644,0.7075610160827637,,0.0926679614931345,-0.04613053798675537
5080,10.0,524,0.5963523387908936,,0.1142675718292594,-0.06037763133645058
5081,29.0,1064,1.2771096229553223,,0.1688504251651466,-0.03996044769883156
5082,23.0,953,1.0036230087280273,,0.14595194440335035,-0.04987224191427231
5083,31.0,1011,1.1172139644622803,,0.08367174258455634,-0.08728271722793579
5084,20.0,777,0.9278297424316406,,0.09983653365634382,-0.06715746968984604
5085,22.0,928,1.0636487007141113,,0.09572805697098374,-0.04584969952702522
5086,11.0,580,0.6550159454345703,,0.1762689994648099,-0.037390246987342834
5087,34.0,1337,1.4288275241851807,,0.2329214122146368,0.003868706524372101
5088,30.0,1157,1.338430404663086,,0.12924586283043027,-0.05177643150091171
5089,27.0,1139,1.2603633403778076,,0.1738514183089137,-0.00451776385307312
5090,25.0,1217,1.3078334331512451,,0.09193287487141788,-0.05450233072042465
5091,25.0,819,0.970038652420044,,0.040870097815059125,-0.0843014270067215
5092,21.0,843,0.9806551933288574,,0.12061550002545118,-0.04433741793036461
5093,28.0,875,0.9390957355499268,,0.26644192077219486,0.006197229027748108
5094,25.0,823,0.9530258178710938,,0.14338498143479228,-0.04205979406833649
5095,26.0,887,1.015801191329956,,0.11406816774979234,-0.06162327155470848
5096,24.0,965,1.021916151046753,,0.12070768605917692,-0.053656600415706635
5097,22.0,795,0.9375176429748535,,0.12213328527286649,-0.047450169920921326
5098,24.0,799,0.9308116436004639,,0.09876479534432292,-0.05988362058997154
5099,22.0,665,0.7355289459228516,,0.12641280191019177,-0.06681425869464874
5100,27.0,983,1.1055278778076172,,0.1478867046535015,-0.04936247691512108
5101,30.0,1216,1.3228464126586914,,0.07626850833185017,-0.07850225269794464
5102,20.0,691,0.8491098880767822,,0.1408963669091463,-0.03821725398302078
5103,15.0,595,0.6711771488189697,,0.18254517298191786,-0.03437986224889755
5104,31.0,1261,1.3648526668548584,,0.14038229268044233,-0.038263313472270966
5105,18.0,707,0.8677704334259033,,0.09295533876866102,-0.06983378529548645
5106,7.0,545,0.6307101249694824,,0.20827492978423834,-0.009298458695411682
5107,19.0,682,0.7577786445617676,,0.1787785403430462,-0.026790868490934372
5108,20.0,827,0.9726412296295166,,0.14460288221016526,-0.04052509367465973
5109,30.0,1009,1.142552137374878,,0.10147320432588458,-0.053632721304893494
5110,25.0,749,0.8150513172149658,,0.13096344145014882,-0.0600251704454422
5111,24.0,787,0.9378397464752197,,0.09614732256159186,-0.0680227279663086
5112,19.0,696,0.7726190090179443,,0.13229698967188597,-0.05295151472091675
5113,21.0,828,0.9762110710144043,,0.3806717284023762,0.031820788979530334
5114,31.0,1417,1.528264045715332,,0.1318814787082374,-0.053390972316265106
5115,22.0,812,0.9589312076568604,,0.09104752726852894,-0.051150690764188766
5116,26.0,851,0.9971814155578613,,0.1251919586211443,-0.05561386048793793
5117,25.0,903,0.9695916175842285,,0.14463143376633525,-0.05780913308262825
5118,25.0,960,1.0872738361358643,,0.11671787174418569,-0.05594897270202637
5119,29.0,849,0.9973106384277344,,0.09508505649864674,-0.050847772508859634
5120,24.0,791,0.8542492389678955,,0.1554423146881163,-0.04090309143066406
5121,19.0,783,0.9193310737609863,,0.14541061455383897,-0.03342381492257118
5122,30.0,1109,1.2239840030670166,,0.10190313495695591,-0.06071755290031433
5123,28.0,1081,1.192366600036621,,0.09017652878537774,-0.07560218870639801
5124,26.0,1131,1.2550950050354004,,0.09485416440293193,-0.0665845200419426
5125,30.0,1052,1.1733345985412598,,0.07844477728940547,-0.08354689180850983
5126,30.0,1010,1.156097412109375,,0.07579217478632927,-0.08304690569639206
5127,34.0,1154,1.3532309532165527,,0.19901650305837393,-0.0134940966963768
5128,29.0,1155,1.2758841514587402,,0.07616702956147492,-0.07458970695734024
5129,39.0,1395,1.583430290222168,,0.10209602024406195,-0.06733620911836624
5130,25.0,893,0.9524648189544678,,0.24369950778782368,0.02889334410429001
5131,20.0,873,1.0187695026397705,,0.19452451542019844,-0.04583968222141266
5132,30.0,1314,1.4834928512573242,,0.12211083620786667,-0.07363720238208771
5133,43.0,1873,2.0433733463287354,,0.10792512772604823,-0.059910643845796585
5134,26.0,1181,1.3899857997894287,,0.10904929786920547,-0.044005848467350006
5135,29.0,1131,1.266495704650879,,0.09829984419047832,-0.04951173812150955
5136,32.0,1225,1.323042392730713,,0.0955058466643095,-0.06364947557449341
5137,28.0,912,1.0414183139801025,,0.09308032738044858,-0.043317947536706924
5138,20.0,687,0.7451474666595459,,0.15954363904893398,-0.03648154437541962
5139,31.0,1238,1.4293277263641357,,0.15667054848745465,-0.042132243514060974
5140,31.0,1213,1.3290777206420898,,0.07489129435271025,-0.05052127689123154
5141,29.0,920,1.0642902851104736,,0.055931912269443274,-0.07121530175209045
5142,24.0,831,0.9776637554168701,,0.06614305707626045,-0.06978699564933777
5143,27.0,994,1.1343140602111816,,0.1150021911598742,-0.05128329247236252
5144,30.0,1437,1.5203726291656494,,0.09768465626984835,-0.03680693730711937
5145,29.0,1296,1.4930791854858398,,0.12810790538787842,-0.04473593086004257
5146,18.0,619,0.6818609237670898,,0.07503468333743513,-0.07614380121231079
5147,36.0,1460,1.6398580074310303,,0.1360840843990445,-0.05616653710603714
5148,30.0,1330,1.4318335056304932,,0.2227542088367045,-0.041658710688352585
5149,31.0,1626,1.8786494731903076,,0.07818483095616102,-0.07482761144638062
5150,30.0,1151,1.2746508121490479,,0.14367251191288233,-0.04320871829986572
5151,16.0,673,0.7312257289886475,,0.1407679789699614,-0.04703875258564949
5152,29.0,827,0.9659464359283447,,0.17903754208236933,-0.0255206860601902
5153,28.0,1097,1.2280855178833008,,0.06825894396752119,-0.06859087198972702
5154,23.0,910,1.045642614364624,,0.1434410223737359,-0.052886757999658585
5155,20.0,904,1.0543136596679688,,0.11952065350487828,-0.057554278522729874
5156,29.0,1364,1.4654011726379395,,0.1533936350606382,-0.04676615819334984
5157,22.0,1017,1.1443417072296143,,0.040964428102597594,-0.06968432664871216
5158,17.0,785,0.9283764362335205,,0.1825835071504116,-0.04387706518173218
5159,33.0,1406,1.510460376739502,,0.12173248315230012,-0.06539442390203476
5160,32.0,1499,1.6614937782287598,,0.10477082431316376,-0.053855426609516144
5161,27.0,969,1.1085715293884277,,0.09025829611346126,-0.038086190819740295
5162,5.0,500,0.5763387680053711,,0.13458753703162074,-0.03504430875182152
5163,23.0,983,1.1156625747680664,,0.29914247896522284,0.03463750705122948
5164,15.0,769,0.9155941009521484,,0.11007319716736674,-0.05950731411576271
5165,22.0,901,0.9571397304534912,,0.14069054881110787,-0.03427860885858536
5166,23.0,763,0.9096167087554932,,0.16673658741638064,-0.04458360746502876
5167,25.0,913,1.050656795501709,,0.134176317602396,-0.03770004212856293
5168,30.0,1301,1.4178059101104736,,0.1054371097125113,-0.055465374141931534
5169,15.0,687,0.8510329723358154,,0.10829526791349053,-0.06815874576568604
5170,26.0,999,1.131040334701538,,0.1696683489717543,-0.018235258758068085
5171,29.0,1015,1.1661708354949951,,0.10806934395805001,-0.04806775972247124
5172,26.0,790,0.8455426692962646,,0.09877412673085928,-0.07233525812625885
5173,29.0,905,1.043962001800537,,0.2040144931524992,-0.04023367166519165
5174,6.0,503,0.5802814960479736,,0.12348764389753342,-0.060468919575214386
5175,33.0,1440,1.6291618347167969,,0.15339953964576125,-0.04601481929421425
5176,30.0,1409,1.4957637786865234,,0.0769466906785965,-0.06329695880413055
5177,28.0,1123,1.3263051509857178,,0.0981338529381901,-0.06154929846525192
5178,30.0,1118,1.235872745513916,,0.1198343001306057,-0.03755650669336319
5179,24.0,700,0.7740914821624756,,0.11049036309123039,-0.07697324454784393
5180,29.0,902,1.0292229652404785,,0.11481374921277165,-0.06194321811199188
5181,26.0,1351,1.558603048324585,,0.1063771671615541,-0.07456839829683304
5182,16.0,734,0.799584150314331,,0.08681105938740075,-0.07305309176445007
5183,24.0,1046,1.1692321300506592,,0.24876045808196068,-0.01405584067106247
5184,26.0,985,1.104219675064087,,0.10571392066776752,-0.06697507202625275
5185,28.0,753,0.808821439743042,,0.08486090530641377,-0.08711531013250351
5186,24.0,785,0.9394207000732422,,0.131416498683393,-0.05113598331809044
5187,22.0,843,0.9838459491729736,,0.1068787588737905,-0.04587996006011963
5188,24.0,939,0.987645149230957,,0.07099860114976764,-0.0801602229475975
5189,27.0,1045,1.1745505332946777,,0.09199401759542525,-0.06810328364372253
5190,20.0,778,0.924959659576416,,0.13187476573511958,-0.06614857167005539
5191,23.0,877,1.0170960426330566,,0.12297855457291007,-0.06243244558572769
5192,22.0,819,0.8781487941741943,,0.10495472932234406,-0.07410875707864761
5193,20.0,749,0.8973355293273926,,0.13790000323206186,-0.04768531769514084
5194,33.0,1314,1.4158127307891846,,0.14485479379072785,-0.04509757086634636
5195,26.0,860,0.9968037605285645,,0.08119871513918042,-0.046520430594682693
5196,27.0,1243,1.3462374210357666,,0.06775802280753851,-0.060820940881967545
5197,5.0,417,0.4916384220123291,,0.22253198828548193,-0.011335179209709167
5198,34.0,1441,1.6102509498596191,,0.12677518976852298,-0.0419040322303772
5199,24.0,1000,1.1278460025787354,,0.04257705598138273,-0.06262744963169098
5200,32.0,978,1.119544506072998,,0.10113142896443605,-0.04454965889453888
5201,22.0,870,1.0077109336853027,,0.13930476177483797,-0.0373321995139122
5202,19.0,618,0.6949799060821533,,0.17599063087254763,-0.030927732586860657
5203,24.0,846,0.8986647129058838,,0.10365547286346555,-0.047087863087654114
5204,27.0,1045,1.2540979385375977,,0.13682842813432217,-0.04375836253166199
5205,30.0,1224,1.341601848602295,,0.09179860493168235,-0.05738982930779457
5206,28.0,1103,1.2148425579071045,,0.04592918697744608,-0.05328158289194107
5207,28.0,1122,1.2372095584869385,,0.07950104167684913,-0.06840598583221436
5208,30.0,1285,1.4718120098114014,,0.16934480099007487,-0.02464357018470764
5209,32.0,1458,1.638597011566162,,0.14882344007492065,-0.040151312947273254
5210,22.0,810,0.8657321929931641,,0.08155972650274634,-0.06613266468048096
5211,21.0,859,0.9933257102966309,,0.14670124370604753,-0.02974582090973854
5212,27.0,958,1.0923171043395996,,0.08099513920024037,-0.06387291848659515
5213,31.0,1297,1.405555009841919,,0.08678407082334161,-0.04456758499145508
5214,31.0,1349,1.537966012954712,,0.18335893005132675,-0.009763352572917938
5215,22.0,773,0.8278913497924805,,0.13025620207190514,-0.04689270257949829
5216,31.0,1198,1.4022126197814941,,0.1591031146235764,-0.03655228391289711
5217,28.0,1240,1.3542280197143555,,0.0781778316013515,-0.053089845925569534
5218,33.0,1172,1.28940749168396,,0.05542343808338046,-0.07246199995279312
5219,33.0,1265,1.4643824100494385,,0.09134833654388785,-0.0475325807929039
5220,30.0,1204,1.312119722366333,,0.056778381345793605,-0.05661055073142052
5221,24.0,757,0.9020423889160156,,0.10078493505716324,-0.047689665108919144
5222,9.0,541,0.6124577522277832,,0.18694942723959684,0.018332891166210175
5223,30.0,1033,1.1551098823547363,,0.2981201084330678,0.01939091831445694
5224,27.0,974,1.0910675525665283,,0.05379912187345326,-0.06293649971485138
5225,32.0,1187,1.2913668155670166,,0.060981186805292964,-0.06218796968460083
5226,31.0,1067,1.1743488311767578,,0.03640546975657344,-0.08521454781293869
5227,26.0,962,1.0771515369415283,,0.04824778507463634,-0.07418889552354813
5228,26.0,892,1.016087532043457,,0.09781490918248892,-0.05041401833295822
5229,24.0,876,0.9285356998443604,,0.21191239543259144,-0.007179193198680878
5230,17.0,639,0.7948448657989502,,0.10962713463231921,-0.07474624365568161
5231,26.0,1102,1.2416157722473145,,0.09171989420428872,-0.0526866652071476
5232,17.0,643,0.710277795791626,,0.08813080564141273,-0.07838407903909683
5233,32.0,1135,1.2484214305877686,,0.18492806795984507,-0.009305186569690704
5234,28.0,1061,1.1778881549835205,,0.08875005738809705,-0.05861041694879532
5235,31.0,1310,1.4913935661315918,,0.08220173930749297,-0.048817168921232224
5236,25.0,1091,1.2113752365112305,,0.059552236227318645,-0.061521776020526886
5237,22.0,816,0.9636707305908203,,0.05130003462545574,-0.07096938788890839
5238,28.0,1165,1.2849147319793701,,0.06682929559610784,-0.0667874813079834
5239,34.0,1293,1.487830638885498,,0.12225043587386608,-0.05446728318929672
5240,27.0,971,1.0112111568450928,,0.1228943313471973,-0.04142211377620697
5241,16.0,642,0.7985515594482422,,0.11112255090847611,-0.05215609818696976
5242,20.0,667,0.7410061359405518,,0.14327864162623882,-0.040104370564222336
5243,19.0,683,0.7472362518310547,,0.21548054181039333,-0.01697973906993866
5244,31.0,1205,1.3959951400756836,,0.11237663868814707,-0.04758066311478615
5245,24.0,873,0.9324436187744141,,0.10390235297381878,-0.06120686233043671
5246,34.0,1387,1.5747332572937012,,0.08566433121450245,-0.06627082824707031
5247,29.0,1015,1.1348600387573242,,0.11376026645302773,-0.038958728313446045
5248,21.0,747,0.8938555717468262,,0.05422491440549493,-0.06644903868436813
5249,27.0,1070,1.1912634372711182,,0.16069855680689216,-0.04079510271549225
5250,26.0,1031,1.1540207862854004,,0.1006440557539463,-0.051680371165275574
5251,14.0,601,0.682725191116333,,0.12489043409004807,-0.04476543515920639
5252,20.0,822,0.8721551895141602,,0.13957433169707656,-0.027654998004436493
5253,32.0,1133,1.3384125232696533,,0.08831600705161691,-0.06416280567646027
5254,24.0,930,0.9877176284790039,,0.138336471747607,-0.03817892447113991
5255,21.0,879,1.0144987106323242,,0.12282539298757911,-0.056236300617456436
5256,18.0,755,0.8974087238311768,,0.12405225448310375,-0.06845317780971527
5257,27.0,979,1.1103694438934326,,0.15680471248924732,-0.04932471364736557
5258,19.0,952,1.009859323501587,,0.12892227713018656,-0.058785032480955124
5259,9.0,615,0.7777872085571289,,0.11586689529940486,-0.06875135004520416
5260,19.0,902,0.9633228778839111,,0.20439197961241007,-0.0115375816822052
5261,29.0,1168,1.3614907264709473,,0.12217321945354342,-0.04956603795289993
5262,24.0,875,0.9322481155395508,,0.07928696740418673,-0.07071655988693237
5263,18.0,789,0.9255678653717041,,0.13912402000278234,-0.05530065298080444
5264,31.0,1149,1.25506591796875,,0.11909004207700491,-0.05385042726993561
5265,31.0,1189,1.310971736907959,,0.06815095595084131,-0.08058008551597595
5266,14.0,613,0.7832932472229004,,0.06622658437117934,-0.07501072436571121
5267,16.0,613,0.6942646503448486,,0.14771710941568017,-0.011144239455461502
5268,14.0,626,0.6951773166656494,,0.15260469960048795,-0.03561688959598541
5269,26.0,1214,1.320777416229248,,0.1477487632073462,-0.04288773238658905
5270,32.0,1196,1.38685941696167,,0.1605585403740406,-0.024748779833316803
5271,31.0,1207,1.3233234882354736,,0.05948895635083318,-0.06575898826122284
5272,33.0,1173,1.2604897022247314,,0.08445600373670459,-0.05070313811302185
5273,31.0,1159,1.3507037162780762,,0.1550119216553867,-0.04837159812450409
5274,30.0,1161,1.2682151794433594,,0.06056487211026251,-0.05999156832695007
5275,25.0,868,1.001826524734497,,0.07575096748769283,-0.06354157626628876
5276,34.0,1189,1.3005032539367676,,0.07488347333855927,-0.05963555723428726
5277,16.0,619,0.688218355178833,,0.20432196743786335,-0.04105984419584274
5278,21.0,839,0.9732110500335693,,0.20957586914300919,-0.02248895913362503
5279,25.0,659,0.7222161293029785,,0.19055350683629513,-0.02203134447336197
5280,27.0,920,1.044222116470337,,0.09142682980746031,-0.07158797979354858
5281,19.0,795,0.8577580451965332,,0.1409362363629043,-0.04674314334988594
5282,33.0,1616,1.8636493682861328,,0.10670007579028606,-0.08033894002437592
5283,24.0,783,0.8446731567382812,,0.09039773140102625,-0.071075439453125
5284,33.0,1499,1.6621599197387695,,0.11763020930811763,-0.0559605211019516
5285,32.0,1315,1.508840799331665,,0.14023270038887858,-0.05175875872373581
5286,30.0,1393,1.4904921054840088,,0.1062201177701354,-0.042198359966278076
5287,21.0,717,0.8786277770996094,,0.05325000383891165,-0.07358483970165253
5288,31.0,1395,1.490840196609497,,0.14068361511453986,-0.03901976719498634
5289,26.0,987,1.1149754524230957,,0.06754849362187088,-0.06095193326473236
5290,21.0,815,0.9607958793640137,,0.1571839009411633,-0.033741872757673264
5291,19.0,857,0.9933326244354248,,0.16081244591623545,-0.03681079298257828
5292,30.0,1177,1.2979674339294434,,0.10336041217669845,-0.050501007586717606
5293,30.0,1073,1.1953308582305908,,0.05466343159787357,-0.08043038845062256
5294,24.0,1084,1.2076282501220703,,0.06513792579062283,-0.09659618139266968
5295,20.0,705,0.8470101356506348,,0.05539082293398678,-0.09950020909309387
5296,26.0,880,0.9304189682006836,,0.11676510516554117,-0.04167666286230087
5297,18.0,776,0.9237198829650879,,0.16137056844308972,-0.05926162004470825
5298,17.0,827,0.8849401473999023,,0.14708106592297554,-0.02154368907213211
5299,23.0,987,1.119184970855713,,0.21431686263531446,0.010194383561611176
5300,26.0,1030,1.1523306369781494,,0.09876713203266263,-0.0744580328464508
5301,29.0,1360,1.5373985767364502,,0.08327606087550521,-0.06012185662984848
5302,24.0,926,1.0696604251861572,,0.08225744962692261,-0.04997260868549347
5303,25.0,1055,1.1892423629760742,,0.13020451227203012,-0.0459299311041832
5304,31.0,1195,1.3082237243652344,,0.09112994116730988,-0.06042763218283653
5305,20.0,736,0.8872201442718506,,0.08566940296441317,-0.06725139170885086
5306,28.0,1078,1.2237977981567383,,0.11809202004224062,-0.04275643080472946
5307,21.0,776,0.835442304611206,,0.1365455836057663,-0.039896704256534576
5308,31.0,1018,1.1467103958129883,,0.11641452740877867,-0.061074867844581604
5309,14.0,733,0.8878192901611328,,0.10492286831140518,-0.0464356392621994
5310,31.0,1181,1.2904267311096191,,0.10755640640854836,-0.05389043688774109
5311,27.0,1287,1.487278699874878,,0.13417088333517313,-0.029710348695516586
5312,20.0,771,0.841616153717041,,0.10972683504223824,-0.08560881018638611
5313,23.0,901,1.0477619171142578,,0.08549296180717647,-0.06443697959184647
5314,20.0,777,0.8417689800262451,,0.14252648362889886,-0.037417951971292496
5315,27.0,1123,1.2460274696350098,,0.11621957086026669,-0.04345104098320007
5316,27.0,1067,1.2942826747894287,,0.0809674421325326,-0.0544215627014637
5317,23.0,948,1.009277582168579,,0.14224960654973984,-0.07099063694477081
5318,31.0,1332,1.4997828006744385,,0.13762513734400272,-0.043489303439855576
5319,26.0,1113,1.2233173847198486,,0.041480294428765774,-0.07778898626565933
5320,21.0,874,1.0088107585906982,,0.0703960508108139,-0.07093234360218048
5321,16.0,659,0.7283351421356201,,0.16930592246353626,-0.0259518101811409
5322,26.0,1054,1.1735014915466309,,0.18671333556994796,-0.013175789266824722
5323,22.0,919,1.061835527420044,,0.07103859400376678,-0.057775743305683136
5324,23.0,911,1.054056167602539,,0.07299385732039809,-0.07194099575281143
5325,24.0,854,0.9132261276245117,,0.15260421996936202,-0.036889392882585526
5326,29.0,1126,1.3442597389221191,,0.10283979028463364,-0.035983696579933167
5327,29.0,1082,1.2199339866638184,,0.08700484642758965,-0.06538665294647217
5328,27.0,977,1.1220669746398926,,0.10629307245835662,-0.047894325107336044
5329,16.0,667,0.7416849136352539,,0.14217753428965807,-0.031574077904224396
5330,22.0,731,0.7965457439422607,,0.08394104056060314,-0.07433263212442398
5331,18.0,755,0.9179699420928955,,0.10132207022979856,-0.05525728315114975
5332,17.0,677,0.7409243583679199,,0.13544803066179156,-0.05165193974971771
5333,28.0,1097,1.2178146839141846,,0.12621723860502243,-0.035773761570453644
5334,28.0,1050,1.1675803661346436,,0.11342135677114129,-0.06232614815235138
5335,18.0,719,0.8689877986907959,,0.10217589791864157,-0.07134144008159637
5336,16.0,697,0.7602372169494629,,0.1436552037484944,-0.02728639543056488
5337,24.0,986,1.1210129261016846,,0.12164632324129343,-0.04090186953544617
5338,34.0,1413,1.5880341529846191,,0.17384734516963363,-0.03758561983704567
5339,29.0,1162,1.281372308731079,,0.07200497575104237,-0.07579079270362854
5340,28.0,1141,1.2585687637329102,,0.05588755779899657,-0.08396659046411514
5341,31.0,1023,1.1442060470581055,,0.08162370300851762,-0.08744755387306213
5342,21.0,714,0.8797633647918701,,0.12447313545271754,-0.059236928820610046
5343,29.0,911,1.0568368434906006,,0.09901376953348517,-0.03434016555547714
5344,13.0,511,0.5868422985076904,,0.16653544129803777,-0.047151364386081696
5345,13.0,616,0.6993334293365479,,0.15717725874856114,-0.014508761465549469
5346,26.0,1050,1.1954913139343262,,0.19462042953819036,-0.016063593327999115
5347,32.0,1022,1.1771330833435059,,0.08902585040777922,-0.08423453569412231
5348,21.0,769,0.827791690826416,,0.2425547083839774,0.008047670125961304
5349,22.0,779,0.9285979270935059,,0.23756816796958447,0.010603182017803192
5350,36.0,1435,1.6271326541900635,,0.09636804298497736,-0.05343552678823471
5351,31.0,1327,1.4373197555541992,,0.2644337275996804,-0.01068115234375
5352,21.0,851,0.9848406314849854,,0.06427524867467582,-0.05659604072570801
5353,27.0,1019,1.1445469856262207,,0.09625597205013037,-0.0777362808585167
5354,17.0,691,0.7532262802124023,,0.18555145058780909,-0.02884019911289215
5355,34.0,1336,1.5078003406524658,,0.1350698103196919,-0.04274061322212219
5356,31.0,1008,1.1226999759674072,,0.05578655656427145,-0.07099871337413788
5357,28.0,1061,1.1962437629699707,,0.04925250820815563,-0.08160537481307983
5358,36.0,1483,1.6530673503875732,,0.09005478117614985,-0.0660107284784317
5359,24.0,946,1.090635061264038,,0.2749901721253991,0.03136402368545532
5360,31.0,1061,1.1896355152130127,,0.09724381705746055,-0.05681392177939415
5361,28.0,1021,1.157243251800537,,0.08523644041270018,-0.07117781043052673
5362,27.0,1013,1.1460812091827393,,0.05586133757606149,-0.08132416754961014
5363,31.0,1201,1.3245975971221924,,0.13241262501105666,-0.03605709224939346
5364,29.0,970,1.098440170288086,,0.08328832220286131,-0.05912473797798157
5365,27.0,837,0.9700636863708496,,0.12046416010707617,-0.06222585588693619
5366,28.0,1166,1.2838289737701416,,0.1709621213376522,-0.010713547468185425
5367,29.0,1165,1.2791543006896973,,0.08781205443665385,-0.0520673468708992
5368,32.0,1377,1.5483522415161133,,0.10279584117233753,-0.057826653122901917
5369,22.0,933,1.075535774230957,,0.11456600204110146,-0.02613518387079239
5370,33.0,1377,1.472949743270874,,0.0992180616594851,-0.05962774157524109
5371,63.0,2154,2.3908851146698,,0.30720996763557196,0.02859189361333847
5372,28.0,978,1.104144811630249,,0.20889525953680277,-0.03729276359081268
5373,30.0,1167,1.3695416450500488,,0.08565893420018256,-0.07305032759904861
5374,26.0,890,0.9472496509552002,,0.06255788845010102,-0.09672778099775314
5375,27.0,902,1.0422399044036865,,0.16944710072129965,-0.03287971019744873
5376,28.0,1167,1.2727234363555908,,0.06587628368288279,-0.07135067880153656
5377,30.0,1109,1.324784278869629,,0.09685068344697356,-0.050851453095674515
5378,25.0,895,0.9394886493682861,,0.10568120749667287,-0.06925594806671143
5379,30.0,1393,1.5648078918457031,,0.12273026304319501,-0.05393429473042488
5380,25.0,915,1.0408480167388916,,0.09518701117485762,-0.052878331393003464
5381,34.0,1195,1.285834550857544,,0.09206978417932987,-0.0629819855093956
5382,32.0,995,1.1085996627807617,,0.0687286788597703,-0.060131751000881195
5383,20.0,693,0.8459534645080566,,0.09396759700030088,-0.07152431458234787
5384,20.0,763,0.8173799514770508,,0.24348439648747444,-0.004216350615024567
5385,22.0,895,1.0451323986053467,,0.15399909671396017,-0.02912823110818863
5386,31.0,1355,1.45603609085083,,0.13048343593254685,-0.06288490444421768
5387,31.0,1120,1.3288512229919434,,0.07735508913174272,-0.07505100965499878
5388,20.0,709,0.7735722064971924,,0.12484862888231874,-0.06332127004861832
5389,37.0,1721,1.8703699111938477,,0.13876218255609274,-0.04163406789302826
5390,31.0,1266,1.4468650817871094,,0.12282917043194175,-0.043689191341400146
5391,23.0,798,0.852907657623291,,0.09187406091950834,-0.08976685255765915
5392,24.0,997,1.1211657524108887,,0.14505057875066996,-0.07139544188976288
5393,24.0,795,0.952857494354248,,0.09028539503924549,-0.07048863917589188
5394,27.0,983,1.1135506629943848,,0.12231351947411895,-0.061131399124860764
5395,32.0,1175,1.2830016613006592,,0.15294365165755153,-0.060277510434389114
5396,14.0,635,0.6993026733398438,,0.13345741899684072,-0.03989345580339432
5397,29.0,1025,1.1516609191894531,,0.16818227712064981,-0.015301637351512909
5398,28.0,1013,1.1417133808135986,,0.11326921312138438,-0.06072383373975754
5399,31.0,1093,1.2234539985656738,,0.10221104277297854,-0.07066623866558075
5400,29.0,1094,1.3102734088897705,,0.08922209683805704,-0.05322883650660515
5401,28.0,1151,1.288189172744751,,0.04482272593304515,-0.06568662822246552
5402,28.0,1199,1.3043432235717773,,0.04571968759410083,-0.08143262565135956
5403,29.0,987,1.1131725311279297,,0.07418062188662589,-0.0792132019996643
5404,12.0,660,0.7235333919525146,,0.16766656981781125,-0.036871232092380524
5405,25.0,941,1.0746212005615234,,0.2754501812160015,0.024767905473709106
5406,24.0,920,1.043936014175415,,0.13857477763667703,-0.07794712483882904
5407,11.0,553,0.6209301948547363,,0.09738357225432992,-0.07111794501543045
5408,28.0,1135,1.2433712482452393,,0.2519222777336836,0.029446281492710114
5409,32.0,1329,1.5011019706726074,,0.14996672188863158,-0.028747696429491043
5410,28.0,1135,1.2369236946105957,,0.06445175525732338,-0.0717894658446312
5411,24.0,944,1.0679752826690674,,0.04538769368082285,-0.0997561439871788
5412,25.0,989,1.101625680923462,,0.1230846717953682,-0.05717385560274124
5413,23.0,933,1.0636708736419678,,0.09073256840929389,-0.06646840274333954
5414,24.0,820,0.8845055103302002,,0.1561003616079688,-0.031216993927955627
5415,30.0,1463,1.6390399932861328,,0.12874884251505136,-0.05104098469018936
5416,27.0,1008,1.1400129795074463,,0.0803407127968967,-0.05486573278903961
5417,33.0,1339,1.5245873928070068,,0.1428740695118904,-0.043882474303245544
5418,27.0,1014,1.1444227695465088,,0.05987928085960448,-0.07492499053478241
5419,27.0,893,0.9555778503417969,,0.37519838102161884,0.043149396777153015
5420,12.0,619,0.7789850234985352,,0.20511988457292318,-0.009783834218978882
5421,30.0,1148,1.2689793109893799,,0.09603522531688213,-0.05546174943447113
5422,27.0,973,1.1097383499145508,,0.08087936788797379,-0.07544682919979095
5423,33.0,1081,1.2139286994934082,,0.10231566336005926,-0.0707070380449295
5424,30.0,1211,1.3165979385375977,,0.0673712445423007,-0.07669682800769806
5425,26.0,893,1.0333373546600342,,0.07842914247885346,-0.06891509145498276
5426,29.0,1185,1.283778190612793,,0.08054360304959118,-0.08169934153556824
5427,31.0,1116,1.3130948543548584,,0.09020020766183734,-0.04987887293100357
5428,33.0,1170,1.2895214557647705,,0.11113203223794699,-0.04409073665738106
5429,35.0,1165,1.28464674949646,,0.046343791065737605,-0.07869777828454971
5430,14.0,602,0.6716916561126709,,0.199101768899709,-0.04128928855061531
5431,33.0,1305,1.496406078338623,,0.1529453294351697,-0.03395111858844757
5432,32.0,1152,1.2763111591339111,,0.0612392199691385,-0.0689363107085228
5433,5.0,486,0.5575318336486816,,0.18649896560236812,-0.029387567192316055
5434,29.0,1063,1.1929388046264648,,0.3437763499096036,0.03201918303966522
5435,28.0,1044,1.167466402053833,,0.08200760465115309,-0.08412254601716995
5436,25.0,926,1.0731606483459473,,0.09297510609030724,-0.05824050307273865
5437,32.0,1169,1.2749683856964111,,0.10150782810524106,-0.06462990492582321
5438,32.0,1221,1.4141476154327393,,0.1579765104688704,-0.028588443994522095
5439,27.0,899,0.9491176605224609,,0.10359930386766791,-0.07331708818674088
5440,32.0,1178,1.373281478881836,,0.09685377031564713,-0.06048097833991051
5441,15.0,663,0.7308928966522217,,0.11615636618807912,-0.06567665934562683
5442,24.0,876,1.0082769393920898,,0.1983257746323943,-0.030335046350955963
5443,30.0,910,0.9540836811065674,,0.15967148263007402,-0.051077671349048615
5444,15.0,661,0.8151113986968994,,0.1944288481026888,-0.02461475133895874
5445,21.0,824,0.8875422477722168,,0.12556126387789845,-0.04499438777565956
5446,11.0,615,0.7879736423492432,,0.11009092256426811,-0.04715018346905708
5447,23.0,915,0.9891295433044434,,0.22666704189032316,0.0032816529273986816
5448,13.0,613,0.7704548835754395,,0.1439676508307457,-0.0557386577129364
5449,28.0,1062,1.210235834121704,,0.08556021028198302,-0.03937951475381851
5450,20.0,727,0.7976558208465576,,0.1827960293740034,-0.038176029920578
5451,27.0,916,1.059028148651123,,0.08910778863355517,-0.06525449454784393
5452,32.0,1119,1.2407724857330322,,0.08986811595968902,-0.07965724170207977
5453,25.0,917,1.0587825775146484,,0.0589842873159796,-0.07113554328680038
5454,25.0,871,1.0114192962646484,,0.10638311970978975,-0.05970773845911026
5455,26.0,917,0.9700756072998047,,0.25232058484107256,0.006133340299129486
5456,23.0,979,1.103926658630371,,0.13155496679246426,-0.04752284288406372
5457,32.0,1443,1.6313698291778564,,0.10277592204511166,-0.052248675376176834
5458,25.0,880,1.0164883136749268,,0.05758530064485967,-0.06573496758937836
5459,34.0,1225,1.3379859924316406,,0.06537864939309657,-0.06000996753573418
5460,23.0,1069,1.1919968128204346,,0.05515039642341435,-0.07483415305614471
5461,30.0,1157,1.3792333602905273,,0.08641457324847579,-0.0760028064250946
5462,30.0,1113,1.2265779972076416,,0.11990176513791084,-0.05189888924360275
5463,17.0,743,0.8191347122192383,,0.1841299505904317,-0.036469802260398865
5464,24.0,1092,1.214216947555542,,0.2713627675548196,0.009394459426403046
5465,28.0,1007,1.1415913105010986,,0.10136963753029704,-0.06750916689634323
5466,32.0,1159,1.2620482444763184,,0.1320333182811737,-0.04533574730157852
5467,28.0,952,1.0731558799743652,,0.0939288497902453,-0.08124379813671112
5468,29.0,1236,1.4281959533691406,,0.08599105523899198,-0.06434141099452972
5469,23.0,825,0.8829314708709717,,0.09533384628593922,-0.07008810341358185
5470,29.0,1111,1.322068452835083,,0.11192184081301093,-0.07196508347988129
5471,28.0,937,0.9896268844604492,,0.06026000855490565,-0.09034110605716705
5472,28.0,1189,1.3781545162200928,,0.10663960175588727,-0.05746142193675041
5473,23.0,993,1.1349806785583496,,0.0795873049646616,-0.0585736408829689
5474,21.0,729,0.7941765785217285,,0.11758092977106571,-0.07214489579200745
5475,21.0,947,1.0777320861816406,,0.10601166170090437,-0.04597274214029312
5476,28.0,1068,1.1767916679382324,,0.07880954956635833,-0.06821471452713013
5477,22.0,891,1.0197362899780273,,0.10025062691420317,-0.04608403146266937
5478,23.0,909,1.0458033084869385,,0.10944085335358977,-0.05449146777391434
5479,33.0,1223,1.3461310863494873,,0.1279157716780901,-0.048170968890190125
5480,22.0,778,0.8261129856109619,,0.13499412219971418,-0.04698365554213524
5481,49.0,1833,2.0909922122955322,,0.129884272813797,-0.06600716710090637
5482,30.0,1031,1.1485764980316162,,0.19846597127616405,-0.015329506248235703
5483,28.0,1121,1.2317321300506592,,0.059767320519313216,-0.08020587265491486
5484,19.0,750,0.8861207962036133,,0.0737997330725193,-0.07832451164722443
5485,33.0,1418,1.5195491313934326,,0.10123654315248132,-0.0716123878955841
5486,25.0,857,0.9971323013305664,,0.05137763428501785,-0.07355796545743942
5487,26.0,889,1.020000696182251,,0.165887504350394,-0.023540005087852478
5488,34.0,1561,1.7250657081604004,,0.20438494067639112,-0.02249056100845337
5489,34.0,1467,1.6296155452728271,,0.13765220902860165,-0.042266834527254105
5490,29.0,1111,1.239943504333496,,0.0672674688976258,-0.0669555738568306
5491,33.0,1299,1.3991122245788574,,0.06014305609278381,-0.07734201848506927
5492,32.0,1293,1.491877555847168,,0.09247751859948039,-0.07383458316326141
5493,17.0,673,0.7377488613128662,,0.08776117186062038,-0.07442108541727066
5494,31.0,1411,1.5944552421569824,,0.08491007471457124,-0.05490373820066452
5495,19.0,747,0.8956305980682373,,0.06586037459783256,-0.07565106451511383
5496,55.0,2128,2.3700637817382812,,0.19522841181606054,-0.013170510530471802
5497,34.0,1290,1.4003205299377441,,0.1496308189816773,-0.05976482480764389
5498,32.0,1075,1.1899564266204834,,0.07266175397671759,-0.06617023795843124
5499,31.0,1070,1.1777243614196777,,0.08231238927692175,-0.06295178830623627
5500,21.0,733,0.8707301616668701,,0.11797752091661096,-0.06157658249139786
5501,33.0,1300,1.3904774188995361,,0.0884974030777812,-0.06127775087952614
5502,32.0,1264,1.457911729812622,,0.14629504643380642,-0.025091152638196945
5503,19.0,685,0.7478654384613037,,0.09900375502184033,-0.0723060816526413
5504,32.0,1156,1.2571918964385986,,0.2578409230336547,-0.020148761570453644
5505,28.0,1088,1.3188536167144775,,0.14299359265714884,-0.042826153337955475
5506,15.0,604,0.6766064167022705,,0.08319708099588752,-0.07552852481603622
5507,28.0,973,1.1050043106079102,,0.11244790442287922,-0.04408465325832367
5508,33.0,1323,1.4233996868133545,,0.06912873568944633,-0.0705849826335907
5509,23.0,765,0.9050717353820801,,0.1151489238254726,-0.04024365544319153
5510,16.0,661,0.7383196353912354,,0.08886582404375076,-0.06143619492650032
5511,31.0,1721,1.8858087062835693,,0.1222557881847024,-0.05518345534801483
5512,21.0,754,0.9016280174255371,,0.07693892042152584,-0.05527038127183914
5513,7.0,525,0.5994055271148682,,0.13382994709536433,-0.029211103916168213
5514,31.0,1021,1.1442286968231201,,0.16515879333019257,-0.024459876120090485
5515,30.0,1303,1.4091343879699707,,0.09776879474520683,-0.0778212919831276
5516,19.0,777,0.9255716800689697,,0.06994241126812994,-0.06960934400558472
5517,31.0,1149,1.261512279510498,,0.15632443455979228,-0.031986054033041
5518,34.0,1378,1.572160243988037,,0.08994403434917331,-0.062260814011096954
5519,50.0,1804,1.972823143005371,,0.1721343668177724,-0.02959486097097397
5520,26.0,857,0.9976236820220947,,0.2229642989113927,-0.017013438045978546
5521,31.0,1521,1.6835699081420898,,0.1443577203899622,-0.05947006493806839
5522,33.0,1335,1.5193712711334229,,0.10536303650587797,-0.06420077383518219
5523,25.0,985,1.136634111404419,,0.1498690485022962,-0.028676822781562805
5524,22.0,832,0.8996398448944092,,0.10987018933519721,-0.055474720895290375
5525,27.0,1134,1.2507565021514893,,0.2258304301649332,-0.018127255141735077
5526,15.0,577,0.7413613796234131,,0.08625721791759133,-0.07190059125423431
5527,29.0,1205,1.31998872756958,,0.10762868775054812,-0.06861153244972229
5528,24.0,904,1.0528066158294678,,0.06936894729733467,-0.06471554189920425
5529,32.0,1024,1.1658551692962646,,0.09236423764377832,-0.04861898347735405
5530,28.0,1208,1.3286430835723877,,0.2622176520526409,0.0016908198595046997
5531,29.0,1123,1.2444169521331787,,0.08471035724505782,-0.07940645515918732
5532,24.0,1004,1.1211092472076416,,0.0946734668686986,-0.06955374777317047
5533,31.0,1277,1.456939935684204,,0.14657664578408003,-0.03531116992235184
5534,21.0,835,0.8897621631622314,,0.13071758905425668,-0.06234452873468399
5535,31.0,1516,1.683713436126709,,0.15816678246483207,-0.024737238883972168
5536,30.0,1092,1.2209792137145996,,0.053881095722317696,-0.07875679433345795
5537,24.0,897,1.0396718978881836,,0.1096093594096601,-0.05533687025308609
5538,33.0,1186,1.2956390380859375,,0.07077765883877873,-0.0701475739479065
5539,12.0,635,0.788607120513916,,0.10562155954539776,-0.07536867260932922
5540,33.0,1393,1.4958209991455078,,0.21929780952632427,-0.0029805228114128113
5541,29.0,1235,1.4280352592468262,,0.15797193720936775,-0.03864593058824539
5542,27.0,993,1.135993480682373,,0.10894134314730763,-0.03566882014274597
5543,25.0,1011,1.1484222412109375,,0.10354836517944932,-0.0565841905772686
5544,29.0,1057,1.1827960014343262,,0.14417046681046486,-0.029183704406023026
5545,31.0,1165,1.2726364135742188,,0.07454604050144553,-0.0677049532532692
5546,20.0,807,0.9425733089447021,,0.08289908454753458,-0.06818439811468124
5547,27.0,985,1.1151466369628906,,0.14388390025123954,-0.04979494586586952
5548,20.0,767,0.8301398754119873,,0.10572362085804343,-0.05969179421663284
5549,28.0,1013,1.1290922164916992,,0.13861198537051678,-0.04221266508102417
5550,29.0,1509,1.6728813648223877,,0.1339293010532856,-0.050154343247413635
5551,24.0,811,0.9520618915557861,,0.03057272359728813,-0.0726667046546936
5552,14.0,570,0.6513140201568604,,0.2158263586461544,-0.006557159125804901
5553,22.0,980,1.1102476119995117,,0.09807869652286172,-0.05726524442434311
5554,32.0,1208,1.335556983947754,,0.13115902058780193,-0.053106725215911865
5555,33.0,1138,1.2427473068237305,,0.12420286843553185,-0.052287228405475616
5556,51.0,1835,2.1034977436065674,,0.12264495994895697,-0.063754603266716
5557,25.0,871,0.9245896339416504,,0.27156228199601173,0.017338059842586517
5558,28.0,1055,1.2850842475891113,,0.09499607468023896,-0.060423530638217926
5559,26.0,969,1.0279481410980225,,0.09646121878176928,-0.07834124565124512
5560,23.0,827,0.9731736183166504,,0.07388989278115332,-0.09471645206212997
5561,32.0,1281,1.4676446914672852,,0.15637130104005337,-0.05286356061697006
5562,31.0,1324,1.4170713424682617,,0.05164139065891504,-0.07277600467205048
5563,30.0,1267,1.4433743953704834,,0.09312695125117898,-0.058431729674339294
5564,23.0,902,0.9612011909484863,,0.0553234638646245,-0.08568844199180603
5565,32.0,1216,1.4096746444702148,,0.0814747354015708,-0.06991139054298401
5566,31.0,1020,1.1578080654144287,,0.08613635832443833,-0.060522645711898804
5567,28.0,1138,1.2580904960632324,,0.06355885160155594,-0.07494393736124039
5568,24.0,791,0.8467051982879639,,0.09476122865453362,-0.06200096383690834
5569,33.0,1191,1.4014036655426025,,0.20651502208784223,-0.012783382087945938
5570,22.0,854,0.9076480865478516,,0.14987106760963798,-0.048500217497348785
5571,25.0,834,0.9887580871582031,,0.07923649484291673,-0.07537428289651871
5572,25.0,831,0.9734530448913574,,0.13598049525171518,-0.04905186593532562
5573,29.0,1269,1.3710548877716064,,0.10208403132855892,-0.06031261384487152
5574,22.0,882,1.013517141342163,,0.038960344390943646,-0.09770677983760834
5575,26.0,1059,1.182105302810669,,0.09164767013862729,-0.060662753880023956
5576,43.0,1821,2.0814359188079834,,0.23461181949824095,-0.020960532128810883
5577,31.0,1346,1.4564697742462158,,0.08844791119918227,-0.04235837608575821
5578,28.0,1043,1.1650846004486084,,0.0776559291407466,-0.06341322511434555
5579,37.0,1364,1.5588746070861816,,0.16347093787044287,-0.03987371176481247
5580,33.0,1382,1.575324296951294,,0.15413094498217106,-0.040483325719833374
5581,20.0,727,0.795224666595459,,0.07768566301092505,-0.07712901383638382
5582,28.0,1108,1.2273001670837402,,0.1394694591872394,-0.015627935528755188
5583,31.0,1157,1.2589185237884521,,0.04869935289025307,-0.08421794325113297
5584,21.0,826,0.9792249202728271,,0.05532390554435551,-0.08247219771146774
5585,16.0,634,0.6943831443786621,,0.12565151881426573,-0.04303824156522751
5586,33.0,1193,1.3849411010742188,,0.14280335512012243,-0.03758188337087631
5587,33.0,1208,1.3251538276672363,,0.09448884683661163,-0.058902181684970856
5588,32.0,1320,1.5140879154205322,,0.16378816263750196,-0.04624437913298607
5589,30.0,1052,1.1938295364379883,,0.07725002150982618,-0.06147881969809532
5590,28.0,951,1.0033624172210693,,0.19796009827405214,-0.030032441020011902
5591,16.0,679,0.8349602222442627,,0.16510218987241387,-0.03856920078396797
5592,17.0,664,0.7349846363067627,,0.2572462959215045,-0.013914868235588074
5593,24.0,899,1.0441715717315674,,0.12907786760479212,-0.024048827588558197
5594,11.0,573,0.6442244052886963,,0.17594826454296708,-0.037075065076351166
5595,32.0,1351,1.5368785858154297,,0.1952482657507062,-0.030187800526618958
5596,6.0,490,0.573622465133667,,0.08467179839499295,-0.07402552664279938
5597,25.0,1006,1.1435933113098145,,0.12608337309211493,-0.059459373354911804
5598,15.0,773,0.8379933834075928,,0.09950032131746411,-0.06355885416269302
5599,13.0,619,0.6802079677581787,,0.06488437647931278,-0.05009891837835312
5600,30.0,1031,1.1428608894348145,,0.15121692372485995,-0.05070546641945839
5601,31.0,1239,1.418398141860962,,0.13618356315419078,-0.04319028928875923
5602,23.0,868,0.9351406097412109,,0.09677175479009748,-0.061493705958127975
5603,28.0,1007,1.134284496307373,,0.09509509289637208,-0.06905081868171692
5604,26.0,921,1.0571656227111816,,0.07892956770956516,-0.07428289949893951
5605,25.0,1068,1.2040815353393555,,0.09853687370195985,-0.06128469109535217
5606,23.0,921,1.0529072284698486,,0.05133932176977396,-0.09247421473264694
5607,27.0,1053,1.1773900985717773,,0.14803372416645288,-0.05060552433133125
5608,26.0,1051,1.1790344715118408,,0.061017563100904226,-0.08402144908905029
5609,26.0,1003,1.1390008926391602,,0.045975521206855774,-0.0949259102344513
5610,32.0,1141,1.250596284866333,,0.13559415750205517,-0.06021568179130554
5611,33.0,1135,1.3287429809570312,,0.08763232035562396,-0.0636010468006134
5612,31.0,1790,1.9585118293762207,,0.10119309928268194,-0.07637842744588852
5613,4.0,479,0.5483267307281494,,0.04672686359845102,-0.1029098629951477
5614,16.0,741,0.7997109889984131,,0.08804610185325146,-0.05130438506603241
5615,21.0,745,0.8930842876434326,,0.2410402288660407,-0.017172247171401978
5616,20.0,874,1.0233547687530518,,0.087330789770931,-0.06285762041807175
5617,22.0,987,1.1304295063018799,,0.09814612660557032,-0.06117570400238037
5618,33.0,1313,1.4381282329559326,,0.08981991745531559,-0.047639574855566025
5619,32.0,1266,1.4508342742919922,,0.1462039086036384,-0.04657202959060669
5620,22.0,797,0.8742077350616455,,0.15778031200170517,-0.036544352769851685
5621,33.0,1387,1.5662214756011963,,0.15177304251119494,-0.027870796620845795
5622,10.0,636,0.7113726139068604,,0.057371428003534675,-0.09594078361988068
5623,15.0,703,0.760883092880249,,0.055629960959777236,-0.0672316700220108
5624,26.0,955,1.0805139541625977,,0.12093546474352479,-0.04549996554851532
5625,15.0,673,0.8237254619598389,,0.15241121500730515,-0.06408126652240753
5626,34.0,1282,1.3996613025665283,,0.14786616759374738,-0.028996657580137253
5627,18.0,785,0.9332444667816162,,0.09678437747061253,-0.07480348646640778
5628,29.0,1098,1.226945161819458,,0.09672476630657911,-0.0755145251750946
5629,24.0,947,1.0868632793426514,,0.12288640672340989,-0.049852315336465836
5630,22.0,844,0.9093923568725586,,0.19368451740592718,-0.026736855506896973
5631,22.0,919,1.0650510787963867,,0.09236390516161919,-0.053533002734184265
5632,21.0,784,0.9254412651062012,,0.15144909825176,-0.031300295144319534
5633,27.0,971,1.1021854877471924,,0.13321116752922535,-0.035954900085926056
5634,16.0,745,0.8216497898101807,,0.15645567700266838,-0.05049866437911987
5635,31.0,1108,1.2307443618774414,,0.14468484930694103,-0.02320876717567444
5636,21.0,794,0.9490194320678711,,0.06007701577618718,-0.06542027741670609
5637,27.0,1061,1.195141315460205,,0.08532576309517026,-0.07775695621967316
5638,19.0,761,0.830394983291626,,0.1193605912849307,-0.060581356287002563
5639,21.0,805,0.952002763748169,,0.13937382865697145,-0.037271589040756226
5640,27.0,938,1.0837976932525635,,0.10428862925618887,-0.05610326677560806
5641,31.0,1265,1.386218786239624,,0.04915312281809747,-0.07232789695262909
5642,20.0,757,0.9032809734344482,,0.11137949302792549,-0.05557868257164955
5643,21.0,808,0.8818304538726807,,0.10819182964041829,-0.055425066500902176
5644,30.0,931,1.0637164115905762,,0.1189295588992536,-0.05246398597955704
5645,20.0,829,0.9739234447479248,,0.13818017207086086,-0.05929821357131004
5646,30.0,1163,1.2912180423736572,,0.09951814636588097,-0.07293027639389038
5647,30.0,1291,1.41231369972229,,0.03668860602192581,-0.08660691976547241
5648,27.0,881,1.0237364768981934,,0.07132017938420177,-0.08756665885448456
5649,30.0,1060,1.187263011932373,,0.0715857467148453,-0.07320868968963623
5650,31.0,1258,1.4570105075836182,,0.15205635270103812,-0.037430305033922195
5651,23.0,800,0.8640232086181641,,0.08938702894374728,-0.07989028096199036
5652,26.0,845,0.9874093532562256,,0.13893234357237816,-0.051706284284591675
5653,38.0,1533,1.7255985736846924,,0.1284687789157033,-0.05497479438781738
5654,30.0,1302,1.3948919773101807,,0.13673663418740034,-0.06825783848762512
5655,31.0,1091,1.2940011024475098,,0.11222636420279741,-0.06014653295278549
5656,23.0,726,0.7978122234344482,,0.2128195995464921,-0.03019043058156967
5657,37.0,1497,1.6811563968658447,,0.2391113368794322,-0.012030847370624542
5658,30.0,1179,1.2839970588684082,,0.10057865409180522,-0.05033508315682411
5659,23.0,819,0.9559493064880371,,0.07528509385883808,-0.08574675023555756
5660,60.0,2232,2.4716649055480957,,0.1350676934234798,-0.08631287515163422
5661,33.0,1132,1.2410809993743896,,0.12180822156369686,-0.04339633882045746
5662,33.0,1632,1.9038338661193848,,0.10615838970988989,-0.06600556522607803
5663,31.0,1121,1.2512242794036865,,0.07983745029196143,-0.07006558775901794
5664,30.0,1201,1.3172731399536133,,0.07507824362255633,-0.06734203547239304
5665,14.0,577,0.6438295841217041,,0.2033023377880454,-0.012357518076896667
5666,29.0,998,1.1158924102783203,,0.14586459333077073,-0.023819781839847565
5667,21.0,749,0.8936440944671631,,0.08674166956916451,-0.08147241175174713
5668,28.0,1102,1.2290256023406982,,0.11753785703331232,-0.028133295476436615
5669,36.0,1523,1.7021195888519287,,0.21272756066173315,-0.02374698966741562
5670,27.0,831,0.8865704536437988,,0.10861712833866477,-0.0630250871181488
5671,33.0,1202,1.3907337188720703,,0.1386379972100258,-0.042191989719867706
5672,29.0,1055,1.1957144737243652,,0.07466003810986876,-0.06171408295631409
5673,27.0,911,1.0579462051391602,,0.07215923932380974,-0.0750107690691948
5674,30.0,1251,1.370321273803711,,0.07857946353033185,-0.07803312689065933
5675,31.0,1185,1.3080053329467773,,0.11735387006774545,-0.056826137006282806
5676,31.0,1173,1.3741686344146729,,0.13706159265711904,-0.04183856397867203
5677,27.0,1168,1.3064546585083008,,0.08365581510588527,-0.06227643042802811
5678,32.0,1261,1.3824615478515625,,0.04265796986874193,-0.07870810478925705
5679,32.0,1239,1.4266455173492432,,0.09268412599340081,-0.04739318788051605
5680,22.0,742,0.8118107318878174,,0.08908492489717901,-0.07528043538331985
5681,26.0,873,1.0149450302124023,,0.1265194327570498,-0.03642084449529648
5682,32.0,1353,1.5390489101409912,,0.15875207539647818,-0.03867649286985397
5683,30.0,1106,1.251884937286377,,0.07036961638368666,-0.06799156218767166
5684,30.0,1322,1.4281744956970215,,0.06562889437191188,-0.07154014706611633
5685,33.0,1122,1.230593204498291,,0.05081080878153443,-0.08315247297286987
5686,49.0,1666,1.9250991344451904,,0.15218487568199635,-0.055003583431243896
5687,30.0,1104,1.2379968166351318,,0.13269271980971098,-0.04871462285518646
5688,30.0,1307,1.4068398475646973,,0.07956279558129609,-0.07484832406044006
5689,27.0,851,1.0016255378723145,,0.06912683509290218,-0.07735397666692734
5690,19.0,806,0.9506576061248779,,0.13113006809726357,-0.04306953027844429
5691,34.0,1286,1.400057077407837,,0.1179264415986836,-0.0649663656949997
5692,30.0,1443,1.6328799724578857,,0.06374765140935779,-0.07201065123081207
5693,25.0,841,0.9736709594726562,,0.03822141874115914,-0.0837721973657608
5694,30.0,1346,1.441131830215454,,0.07454526470974088,-0.0669173151254654
5695,30.0,915,1.0500602722167969,,0.0430974435294047,-0.09625931829214096
5696,19.0,757,0.899935245513916,,0.08475735993124545,-0.05857856571674347
5697,29.0,948,1.0102219581604004,,0.2451375313103199,0.02101884037256241
5698,30.0,1051,1.1711692810058594,,0.09581032395362854,-0.07816971838474274
5699,20.0,758,0.9063153266906738,,0.12699695536866784,-0.0533083900809288
5700,25.0,994,1.1273703575134277,,0.13814820488914847,-0.03916429728269577
5701,26.0,1096,1.2158448696136475,,0.06296419445425272,-0.06879351288080215
5702,29.0,1067,1.181459665298462,,0.05154998472426087,-0.08597072958946228
5703,30.0,1027,1.155775547027588,,0.04034162778407335,-0.08547050505876541
5704,29.0,1145,1.258903980255127,,0.07433376810513437,-0.07574411481618881
5705,26.0,1023,1.1555957794189453,,0.06792998732998967,-0.09313919395208359
5706,29.0,1108,1.3082301616668701,,0.09183381032198668,-0.05714532732963562
5707,28.0,1101,1.2205450534820557,,0.0992077796254307,-0.0643262192606926
5708,24.0,735,0.7962889671325684,,0.12697924673557281,-0.06671684235334396
5709,30.0,1318,1.4998080730438232,,0.18928048899397254,-0.020969539880752563
5710,28.0,1153,1.2779006958007812,,0.06540137901902199,-0.05394737422466278
5711,18.0,665,0.7295148372650146,,0.1130620869807899,-0.05963994562625885
5712,31.0,1068,1.1845636367797852,,0.23310106806457043,0.005824744701385498
5713,22.0,741,0.8794200420379639,,0.07190876919776201,-0.0717584416270256
5714,27.0,857,0.9079482555389404,,0.14358849171549082,-0.028948478400707245
5715,9.0,451,0.5205402374267578,,0.17396000027656555,-0.04010502249002457
5716,33.0,1301,1.4841973781585693,,0.13006671192124486,-0.05210382491350174
5717,28.0,1217,1.3253464698791504,,0.05475711333565414,-0.06998486071825027
5718,25.0,1029,1.1586642265319824,,0.05382579634897411,-0.09339869022369385
5719,14.0,634,0.6964154243469238,,0.23070085048675537,-0.007090285420417786
5720,28.0,880,1.0124731063842773,,0.1967502934858203,-0.013304457068443298
5721,26.0,837,0.9789555072784424,,0.09668043442070484,-0.07268188893795013
5722,29.0,1089,1.2051832675933838,,0.09345983015373349,-0.05415010079741478
5723,33.0,1435,1.5981695652008057,,0.10787545284256339,-0.053004004061222076
5724,19.0,670,0.7380764484405518,,0.08172644255682826,-0.08178822696208954
5725,31.0,1073,1.1942825317382812,,0.21552047785371542,-0.007959127426147461
5726,28.0,953,1.083817958831787,,0.07785510132089257,-0.06475597620010376
5727,33.0,1127,1.2361207008361816,,0.11220420198515058,-0.06067530810832977
5728,26.0,1277,1.4738178253173828,,0.12928956747055054,-0.0348447784781456
5729,21.0,688,0.758246660232544,,0.10339767811819911,-0.08331575989723206
5730,23.0,941,1.0720224380493164,,0.167671587318182,-0.01695340871810913
5731,10.0,415,0.4918689727783203,,0.11535492679104209,-0.0513593889772892
5732,19.0,651,0.7227280139923096,,0.11848670989274979,-0.04917600005865097
5733,25.0,903,1.035839557647705,,0.14587290957570076,-0.040397629141807556
5734,29.0,1026,1.167189598083496,,0.09041562397032976,-0.04928191006183624
5735,16.0,756,0.8291962146759033,,0.13946419302374125,-0.041141703724861145
5736,31.0,1241,1.4381744861602783,,0.1312397443689406,-0.055450208485126495
5737,27.0,908,0.9641873836517334,,0.14276299066841602,-0.0588344931602478
5738,27.0,859,0.9915049076080322,,0.10510721523314714,-0.09148222953081131
5739,25.0,867,1.0120043754577637,,0.09452397236600518,-0.05401870608329773
5740,30.0,1558,1.7400739192962646,,0.09909190330654383,-0.0856107547879219
5741,18.0,735,0.804044246673584,,0.09420097013935447,-0.07362750172615051
5742,25.0,1003,1.1447062492370605,,0.14466163888573647,-0.03986750543117523
5743,33.0,1333,1.5235154628753662,,0.11163381580263376,-0.06637497246265411
5744,21.0,800,0.8579275608062744,,0.19925531093031168,-0.03187781572341919
5745,19.0,687,0.8418581485748291,,0.10101907653734088,-0.06411070376634598
5746,16.0,674,0.7450730800628662,,0.11575685581192374,-0.06753354519605637
5747,23.0,844,0.9841489791870117,,0.09918219456449151,-0.048204898834228516
5748,18.0,561,0.6336948871612549,,0.09017056971788406,-0.0861109048128128
5749,15.0,488,0.5709013938903809,,0.1422635051421821,-0.028437215834856033
5750,16.0,653,0.7253758907318115,,0.11162634938955307,-0.05722875893115997
5751,21.0,663,0.726315975189209,,0.11913434136658907,-0.03522252291440964
5752,26.0,1003,1.1303362846374512,,0.13012450328096747,-0.042586732655763626
5753,28.0,1197,1.401149034500122,,0.1434704726561904,-0.047092895954847336
5754,21.0,835,0.8907136917114258,,0.06428098841570318,-0.08893092721700668
5755,30.0,1023,1.1383264064788818,,0.1270021516829729,-0.07588331401348114
5756,20.0,674,0.8204874992370605,,0.10046136286109686,-0.0525285080075264
5757,31.0,1222,1.3393795490264893,,0.09094378468580544,-0.07183154672384262
5758,23.0,760,0.7993135452270508,,0.06135634961538017,-0.08330041915178299
5759,14.0,497,0.5669465065002441,,0.12419965025037527,-0.053309544920921326
5760,26.0,1004,1.1279077529907227,,0.20304220635443926,-0.00546891987323761
5761,31.0,1041,1.1834964752197266,,0.1105218599550426,-0.08055737614631653
5762,18.0,853,0.987647533416748,,0.1459327945485711,-0.052912499755620956
5763,25.0,847,0.9992866516113281,,0.17544172191992402,-0.028550773859024048
5764,29.0,1157,1.2826752662658691,,0.11058252537623048,-0.05972200632095337
5765,29.0,1317,1.510878562927246,,0.13978254748508334,-0.05581490322947502
5766,30.0,994,1.0398244857788086,,0.0640321800019592,-0.08416790515184402
5767,26.0,1107,1.3218557834625244,,0.10823241388425231,-0.05490157753229141
5768,20.0,651,0.7170031070709229,,0.1235784967429936,-0.07716897875070572
5769,26.0,949,1.0821473598480225,,0.08341684588231146,-0.06300383061170578
5770,21.0,752,0.8136930465698242,,0.15670212637633085,-0.05536652356386185
5771,33.0,1370,1.5517370700836182,,0.08754109893925488,-0.06218128651380539
5772,31.0,1339,1.5290718078613281,,0.12895100517198443,-0.05931596830487251
5773,24.0,802,0.8668167591094971,,0.10078946547582746,-0.0552910715341568
5774,28.0,1191,1.2915973663330078,,0.14894036762416363,-0.040534406900405884
5775,50.0,1621,1.906123399734497,,0.13892488833516836,-0.04950167238712311
5776,27.0,1006,1.1479079723358154,,0.10382027737796307,-0.05785370618104935
5777,32.0,1108,1.2285499572753906,,0.08551106788218021,-0.055545635521411896
5778,24.0,765,0.8306124210357666,,0.2420220049098134,-0.006508737802505493
5779,19.0,746,0.8992719650268555,,0.10667735757306218,-0.05555247515439987
5780,25.0,1097,1.2301273345947266,,0.08466066047549248,-0.06860993802547455
5781,23.0,776,0.8374166488647461,,0.06812155293300748,-0.0902581512928009
5782,29.0,1034,1.1486451625823975,,0.10329207824543118,-0.07392766326665878
5783,29.0,1107,1.3212835788726807,,0.0920469332486391,-0.08278560638427734
5784,8.0,372,0.3562040328979492,,0.0920469332486391,-0.08278560638427734
5785,22.0,813,0.9657454490661621,,0.24990386608988047,0.013046786189079285
5786,19.0,649,0.7153496742248535,,0.10393295809626579,-0.06196175515651703
5787,23.0,772,0.9251394271850586,,0.1334160203114152,-0.03979824483394623
5788,31.0,1243,1.3563971519470215,,0.06712362659163773,-0.05893862619996071
5789,29.0,919,1.047149896621704,,0.06032834993675351,-0.05847293138504028
5790,32.0,1197,1.3064320087432861,,0.11788479099050164,-0.053433142602443695
5791,28.0,1122,1.2353911399841309,,0.06574718351475894,-0.06584863364696503
5792,26.0,917,1.0545880794525146,,0.07767750089988112,-0.0679311454296112
5793,22.0,701,0.8544201850891113,,0.15862600645050406,-0.03303296118974686
5794,28.0,903,0.9643361568450928,,0.09493784746155143,-0.042831435799598694
5795,23.0,953,1.0905537605285645,,0.1262326268479228,-0.03668207675218582
5796,32.0,1409,1.5863072872161865,,0.0991162140853703,-0.0652451366186142
5797,34.0,1326,1.4111571311950684,,0.05410107015632093,-0.05729028582572937
5798,26.0,1058,1.2610435485839844,,0.07929953560233116,-0.045388635247945786
5799,30.0,1057,1.2104871273040771,,0.14356266660615802,-0.013146884739398956
5800,13.0,498,0.5802280902862549,,0.16228289203718305,-0.037582796066999435
5801,24.0,1025,1.1676201820373535,,0.13808451360091567,-0.02540343999862671
5802,25.0,793,0.8542978763580322,,0.12040330097079277,-0.059390902519226074
5803,31.0,1041,1.1644649505615234,,0.11317496979609132,-0.058867353945970535
5804,33.0,1194,1.3917441368103027,,0.13443813007324934,-0.05245933309197426
5805,24.0,871,0.937924861907959,,0.07003937335684896,-0.07710053026676178
5806,19.0,858,0.9880781173706055,,0.1290298723615706,-0.036582328379154205
5807,25.0,1030,1.1466538906097412,,0.05856937891803682,-0.05979213863611221
5808,26.0,953,1.093824863433838,,0.11483270162716508,-0.03687877207994461
5809,19.0,957,1.105287790298462,,0.170701552182436,-0.032589562237262726
5810,27.0,951,1.0100603103637695,,0.08112250897102058,-0.07044190913438797
5811,22.0,747,0.9008564949035645,,0.11865728767588735,-0.06712469458580017
5812,25.0,893,1.0274782180786133,,0.09111526608467102,-0.06839010119438171
5813,31.0,1165,1.2799041271209717,,0.11085599474608898,-0.060868605971336365
5814,25.0,770,0.8219354152679443,,0.1672968128696084,-0.029749929904937744
5815,28.0,903,1.0323824882507324,,0.14216884225606918,-0.03893015906214714
5816,18.0,557,0.6240086555480957,,0.09139135479927063,-0.0489673875272274
5817,26.0,765,0.9103829860687256,,0.1542795281857252,-0.008525334298610687
5818,27.0,1064,1.2007849216461182,,0.1374046658165753,-0.033213622868061066
5819,29.0,1014,1.156264305114746,,0.08519835327751935,-0.06432640552520752
5820,25.0,857,1.0002424716949463,,0.11968590877950191,-0.05425918102264404
5821,16.0,587,0.6687240600585938,,0.11846971791237593,-0.07176482677459717
5822,31.0,983,1.1167504787445068,,0.14472938608378172,-0.03394206613302231
5823,31.0,1355,1.4527740478515625,,0.09431630745530128,-0.0440421998500824
5824,24.0,887,1.0329036712646484,,0.09607041534036398,-0.05966026335954666
5825,33.0,1465,1.6394062042236328,,0.11482105357572436,-0.06597007066011429
5826,25.0,789,0.8433828353881836,,0.11181928683072329,-0.058235447853803635
5827,21.0,844,0.9828016757965088,,0.12509336043149233,-0.038846246898174286
5828,23.0,750,0.8995656967163086,,0.14395039482042193,-0.030695553869009018
5829,9.0,483,0.46161890029907227,,0.14395039482042193,-0.030695553869009018
5830,24.0,787,0.9618322849273682,,0.2785862935706973,0.0036786720156669617
5831,29.0,1035,1.1668343544006348,,0.1279452219605446,-0.05570335313677788
5832,28.0,891,1.0326714515686035,,0.14953765738755465,-0.03582059592008591
5833,8.0,447,0.528132438659668,,0.08769876044243574,-0.0696183443069458
5834,11.0,606,0.6930403709411621,,0.162526348605752,-0.02176085114479065
5835,23.0,1124,1.2501022815704346,,0.13550489908084273,-0.0378461629152298
5836,32.0,1132,1.2447409629821777,,0.10050909919664264,-0.05486682802438736
5837,53.0,1963,2.2088968753814697,,0.16387164033949375,-0.0524839349091053
5838,23.0,745,0.7975168228149414,,0.380587013438344,0.04839421063661575
5839,27.0,1007,1.142857551574707,,0.12832471868023276,-0.04338352009654045
5840,31.0,1527,1.6926889419555664,,0.09652005601674318,-0.058706387877464294
5841,26.0,1029,1.1479904651641846,,0.08894806914031506,-0.07001584768295288
5842,26.0,879,1.0027709007263184,,0.1524010207504034,-0.05147631838917732
5843,27.0,901,1.051267385482788,,0.07085701660253108,-0.07435666024684906
5844,30.0,1027,1.15224027633667,,0.12772524636238813,-0.039066132158041
5845,32.0,1174,1.2906486988067627,,0.10649152426049113,-0.06265398859977722
5846,21.0,761,0.9261877536773682,,0.14792044926434755,-0.02886822074651718
5847,25.0,875,0.9245386123657227,,0.14873475162312388,-0.03833591938018799
5848,33.0,1451,1.61783766746521,,0.08401251444593072,-0.05955523997545242
5849,9.0,478,0.5453593730926514,,0.1964237568899989,-0.03577187657356262
5850,33.0,1235,1.4184062480926514,,0.10746779292821884,-0.04639652371406555
5851,29.0,1019,1.156090497970581,,0.08447748655453324,-0.06863494962453842
5852,28.0,942,0.9946539402008057,,0.14264852739870548,-0.049735769629478455
5853,25.0,1018,1.1575498580932617,,0.2281248327344656,-0.017218410968780518
5854,12.0,469,0.541785717010498,,0.10089454706758261,-0.07758873701095581
5855,46.0,1831,2.0793774127960205,,0.18725907942280173,-0.03822445124387741
5856,26.0,975,1.1086716651916504,,0.2591531667858362,0.01113583892583847
5857,32.0,1167,1.2737836837768555,,0.13155239541083574,-0.046066999435424805
5858,31.0,1274,1.4664978981018066,,0.13346059946343303,-0.04908627271652222
5859,17.0,639,0.7235949039459229,,0.1205209125764668,-0.0547194629907608
5860,24.0,980,1.128063440322876,,0.20150409173220396,-0.014009162783622742
5861,30.0,1108,1.2454090118408203,,0.08940079156309366,-0.06937603652477264
5862,30.0,939,1.0666193962097168,,0.10469522746279836,-0.05626554787158966
5863,25.0,1121,1.2579913139343262,,0.09521809592843056,-0.05443175509572029
5864,31.0,1119,1.2420189380645752,,0.06795599800534546,-0.07979633659124374
5865,28.0,1249,1.4412739276885986,,0.09272164572030306,-0.06052670627832413
5866,31.0,1195,1.3235418796539307,,0.08394553372636437,-0.0651683658361435
5867,20.0,780,0.8289098739624023,,0.09857025789096951,-0.06299985945224762
5868,25.0,1147,1.3475525379180908,,0.08770051272585988,-0.07000642269849777
5869,33.0,1313,1.43027663230896,,0.07864188333041966,-0.06347531825304031
5870,21.0,1045,1.1747543811798096,,0.09216273948550224,-0.06021716818213463
5871,23.0,938,1.0716524124145508,,0.1521108620800078,-0.05378340184688568
5872,19.0,879,1.0263745784759521,,0.11847477639093995,-0.05957898497581482
5873,10.0,610,0.6836593151092529,,0.08386667515151203,-0.0771695002913475
5874,18.0,730,0.7999305725097656,,0.13331656157970428,-0.04721815139055252
5875,28.0,1341,1.547537088394165,,0.1046255980618298,-0.0512368381023407
5876,17.0,761,0.9039456844329834,,0.125352643430233,-0.05466780066490173
5877,26.0,921,0.9908866882324219,,0.2581940842792392,-0.026039868593215942
5878,19.0,765,0.9182853698730469,,0.0887937257066369,-0.059492409229278564
5879,31.0,1191,1.3128917217254639,,0.13454060722142458,-0.04296620935201645
5880,31.0,1308,1.4866151809692383,,0.10246099438518286,-0.05047380179166794
5881,27.0,1095,1.2285268306732178,,0.13096322491765022,-0.04299720749258995
5882,15.0,649,0.7110297679901123,,0.1618068921379745,-0.04321756213903427
5883,30.0,1108,1.2445590496063232,,0.1834384985268116,-0.02331465482711792
5884,24.0,942,1.0812287330627441,,0.16189176589250565,-0.031438328325748444
5885,28.0,975,1.104970932006836,,0.10309761390089989,-0.04349981248378754
5886,27.0,1168,1.2932217121124268,,0.10823236173018813,-0.054269202053546906
5887,33.0,1379,1.5583460330963135,,0.16867034835740924,-0.031767625361680984
5888,26.0,1007,1.144845724105835,,0.060795972123742104,-0.06527823209762573
5889,41.0,1408,1.5921247005462646,,0.151449182536453,-0.03756353259086609
5890,25.0,788,0.8544158935546875,,0.22209272626787424,-0.009137138724327087
5891,22.0,875,1.0061709880828857,,0.2361678183078766,-0.0247918963432312
5892,12.0,528,0.6007721424102783,,0.07304721674881876,-0.07497822493314743
5893,26.0,902,1.0294694900512695,,0.20336706517264247,-0.022617071866989136
5894,28.0,1105,1.231447458267212,,0.06306863576173782,-0.0709141343832016
5895,31.0,1139,1.246002197265625,,0.10713910544291139,-0.0684051588177681
5896,52.0,1768,2.0140767097473145,,0.1657532388344407,-0.03397640585899353
5897,33.0,1280,1.3942041397094727,,0.12455842457711697,-0.0531526654958725
5898,33.0,1341,1.5112831592559814,,0.1263293707743287,-0.05776446312665939
5899,22.0,760,0.8259940147399902,,0.08726895274594426,-0.08485395461320877
5900,22.0,745,0.8896958827972412,,0.1633163350634277,-0.028942376375198364
5901,16.0,870,0.9360949993133545,,0.17192259756848216,-0.03952391818165779
5902,17.0,691,0.8412928581237793,,0.24080188013613224,0.018099844455718994
5903,32.0,1210,1.3326456546783447,,0.089119094889611,-0.04677030071616173
5904,35.0,1218,1.3178513050079346,,0.07858717488124967,-0.07424691319465637
5905,30.0,907,1.036452293395996,,0.16759777255356312,-0.031128566712141037
5906,21.0,672,0.8157398700714111,,0.1777246305719018,-0.046872831881046295
5907,17.0,817,0.8826351165771484,,0.14977519679814577,-0.04489646106958389
5908,20.0,746,0.8949980735778809,,0.19960007909685373,-0.011557064950466156
5909,22.0,853,0.9148392677307129,,0.12394437892362475,-0.04952283948659897
5910,8.0,483,0.5537633895874023,,0.15268649579957128,-0.021563325077295303
5911,22.0,821,0.9550602436065674,,0.19009436387568712,-0.011672884225845337
5912,52.0,1871,2.0344810485839844,,0.21699292212724686,-0.007018372416496277
5913,26.0,1163,1.366070032119751,,0.08563921600580215,-0.08221191167831421
5914,31.0,1199,1.3257830142974854,,0.12215660093352199,-0.04520263895392418
5915,23.0,991,1.1194605827331543,,0.11781647801399231,-0.04863814264535904
5916,24.0,892,1.0381138324737549,,0.1223833728581667,-0.05227861553430557
5917,22.0,747,0.8122906684875488,,0.09570868778973818,-0.06604122370481491
5918,24.0,1086,1.2072994709014893,,0.14028221555054188,-0.03481922298669815
5919,31.0,1138,1.346280574798584,,0.18398676440119743,-0.05590224266052246
5920,29.0,1286,1.4041082859039307,,0.07349544740281999,-0.0712563693523407
5921,22.0,862,1.0071778297424316,,0.04596725455485284,-0.07983031123876572
5922,33.0,1454,1.623826503753662,,0.22344365436583757,-0.015256941318511963
5923,20.0,797,0.8622415065765381,,0.08759621530771255,-0.07153395563364029
5924,17.0,693,0.7543017864227295,,0.1213365294970572,-0.04393316060304642
5925,12.0,607,0.7717325687408447,,0.18650946952402592,-0.02553199976682663
5926,24.0,831,0.8917927742004395,,0.21419565938413143,0.011482566595077515
5927,20.0,839,0.9867677688598633,,0.10273057827726007,-0.07210621237754822
5928,21.0,771,0.8249280452728271,,0.07840559515170753,-0.07723531872034073
5929,22.0,1011,1.137408971786499,,0.12414291920140386,-0.06510787457227707
5930,26.0,1006,1.129974365234375,,0.15536872344091535,-0.05846573784947395
5931,30.0,979,1.1136400699615479,,0.1273361393250525,-0.05420340225100517
5932,25.0,1059,1.1870815753936768,,0.12095061456784606,-0.07120448350906372
5933,37.0,1530,1.6984429359436035,,0.059913265984505415,-0.08361838012933731
5934,29.0,789,0.9333286285400391,,0.19562322786077857,-0.010819382965564728
5935,29.0,1463,1.6631309986114502,,0.15238662203773856,-0.030870676040649414
5936,30.0,930,1.0769157409667969,,0.09377221623435616,-0.05568509176373482
5937,16.0,631,0.7106330394744873,,0.14879525266587734,-0.040470145642757416
5938,20.0,747,0.8099033832550049,,0.11199694545939565,-0.04802989214658737
5939,23.0,961,1.0881776809692383,,0.11742004472762346,-0.053668003529310226
5940,26.0,919,1.046126365661621,,0.14159010350704193,-0.0409080907702446
5941,26.0,1056,1.1753623485565186,,0.06927291653119028,-0.057385414838790894
5942,30.0,993,1.11875319480896,,0.07035700185224414,-0.06228548288345337
5943,30.0,1018,1.1491694450378418,,0.07140784454531968,-0.06308053433895111
5944,33.0,1530,1.7067511081695557,,0.08500409312546253,-0.0856221541762352
5945,28.0,965,1.0942037105560303,,0.18383944081142545,-0.014626100659370422
5946,28.0,1025,1.1451478004455566,,0.1372146406210959,-0.03733394294977188
5947,31.0,1133,1.2552874088287354,,0.09341063350439072,-0.07171256095170975
5948,19.0,839,0.9842262268066406,,0.08680299622938037,-0.06178651750087738
5949,14.0,759,0.833200216293335,,0.11474162386730313,-0.05348018556833267
5950,20.0,833,0.972320556640625,,0.21483224909752607,0.003267720341682434
5951,12.0,661,0.7383756637573242,,0.11422066949307919,-0.06082964688539505
5952,25.0,897,1.0317375659942627,,0.13415387459099293,-0.008852049708366394
5953,25.0,851,0.9020214080810547,,0.10106977075338364,-0.06754498183727264
5954,29.0,1127,1.3439548015594482,,0.11243989085778594,-0.059848442673683167
5955,26.0,963,1.0955817699432373,,0.11945405951701105,-0.05737374722957611
5956,29.0,1277,1.3801703453063965,,0.08767610741779208,-0.061494380235672
5957,32.0,1343,1.5419695377349854,,0.13510039867833257,-0.04135313630104065
5958,30.0,1147,1.279754877090454,,0.06836800836026669,-0.06153623014688492
5959,27.0,1200,1.3071424961090088,,0.07912592310458422,-0.07059727609157562
5960,28.0,884,1.0188162326812744,,0.08132319897413254,-0.07958757877349854
5961,24.0,1061,1.183973789215088,,0.09278610441833735,-0.06512951105833054
5962,28.0,967,1.0897822380065918,,0.062076940666884184,-0.06169569119811058
5963,45.0,1479,1.6565072536468506,,0.207899353466928,-0.01791667938232422
5964,26.0,971,1.099527359008789,,0.18369128368794918,-0.024038664996623993
5965,20.0,805,0.8789324760437012,,0.13031135080382228,-0.049870818853378296
5966,22.0,825,0.9695553779602051,,0.11723302165046334,-0.039612483233213425
5967,30.0,1087,1.208754539489746,,0.1789831342175603,-0.010210361331701279
5968,25.0,889,1.0272853374481201,,0.16518614115193486,-0.027929406613111496
5969,29.0,1123,1.260195255279541,,0.143107941839844,-0.018602751195430756
5970,30.0,1249,1.351181983947754,,0.07098693586885929,-0.06171068921685219
5971,27.0,1023,1.1455631256103516,,0.07065909123048186,-0.07340621948242188
5972,26.0,763,0.9109368324279785,,0.09140065917745233,-0.0723983645439148
5973,14.0,639,0.7050776481628418,,0.16698545310646296,-0.027035489678382874
5974,31.0,1217,1.4175631999969482,,0.1543508544564247,-0.030914559960365295
5975,28.0,1036,1.173661470413208,,0.08180546597577631,-0.06199991703033447
5976,32.0,1556,1.7434070110321045,,0.10296894609928131,-0.07470761239528656
5977,28.0,931,0.977947473526001,,0.08798969630151987,-0.07127197086811066
5978,32.0,934,1.0809879302978516,,0.0996340811252594,-0.06405094265937805
5979,16.0,732,0.8759572505950928,,0.13640593038871884,-0.029696132987737656
5980,32.0,1231,1.3366329669952393,,0.06110109109431505,-0.06867377460002899
5981,28.0,1127,1.2331905364990234,,0.09328594687394798,-0.05692179501056671
5982,13.0,753,0.8986420631408691,,0.06886348128318787,-0.0854111909866333
5983,17.0,647,0.719700813293457,,0.27244645077735186,0.014625757932662964
5984,19.0,679,0.741631269454956,,0.12785985507071018,-0.043147675693035126
5985,31.0,1521,1.688352108001709,,0.14635189902037382,-0.05565677583217621
5986,16.0,694,0.8471035957336426,,0.07167093525640666,-0.06381411850452423
5987,24.0,769,0.826751708984375,,0.08272586250677705,-0.07558630406856537
5988,15.0,711,0.8620133399963379,,0.09595892997458577,-0.06426399946212769
5989,34.0,1028,1.154036521911621,,0.18110850220546126,-0.007405407726764679
5990,31.0,1379,1.4790170192718506,,0.08098946325480938,-0.0626019760966301
5991,27.0,813,0.9722402095794678,,0.02958575589582324,-0.073843814432621
5992,18.0,705,0.7716729640960693,,0.1788070648908615,-0.02220211923122406
5993,31.0,1000,1.1174495220184326,,0.0849995689932257,-0.06997555494308472
5994,30.0,1183,1.287867784500122,,0.07456127507612109,-0.06342388689517975
5995,19.0,863,1.0142977237701416,,0.07215280970558524,-0.08007971197366714
5996,35.0,1200,1.3088767528533936,,0.16069468762725592,-0.02661891281604767
5997,16.0,679,0.8454861640930176,,0.1436180449090898,-0.04245525598526001
5998,26.0,860,0.9230666160583496,,0.15898921946063638,-0.015824642032384872
5999,27.0,1410,1.6028366088867188,,0.07795784762129188,-0.06287997961044312
6000,31.0,1204,1.3944735527038574,,0.12559714633971453,-0.05361979082226753
6001,42.0,1545,1.7473421096801758,,0.11655523395165801,-0.04647020995616913
6002,28.0,1249,1.3705315589904785,,0.19256926514208317,-0.023213200271129608
6003,22.0,867,1.0081639289855957,,0.06224567396566272,-0.07841510325670242
6004,32.0,1240,1.3582274913787842,,0.07480080728419125,-0.06983332335948944
6005,22.0,937,1.0879805088043213,,0.06959202094003558,-0.06581491231918335
6006,29.0,999,1.121572494506836,,0.12358711007982492,-0.049543045461177826
6007,58.0,2080,2.3008759021759033,,0.1852794042788446,-0.0034209787845611572
6008,32.0,1406,1.5646522045135498,,0.08893797779455781,-0.06557019054889679
6009,24.0,825,0.877953290939331,,0.055262051755562425,-0.09131546318531036
6010,29.0,1177,1.372563123703003,,0.1025587311014533,-0.06763045489788055
6011,21.0,939,0.996293306350708,,0.08712276350706816,-0.06868252903223038
6012,13.0,525,0.6924045085906982,,0.15380201349034905,-0.02788608893752098
6013,29.0,1010,1.045691728591919,,0.18755128839984536,0.0012276172637939453
6014,27.0,1120,1.3487825393676758,,0.10714602377265692,-0.06598969548940659
6015,41.0,1619,1.80369234085083,,0.14647506782785058,-0.059966351836919785
6016,25.0,889,1.029691457748413,,0.17798481648787856,-0.027075424790382385
6017,15.0,613,0.6896059513092041,,0.15685060899704695,-0.041382722556591034
6018,33.0,1334,1.4454920291900635,,0.16366862086579204,-0.012172214686870575
6019,15.0,599,0.7581076622009277,,0.11224569845944643,-0.06954126805067062
6020,27.0,1263,1.3851542472839355,,0.08046486182138324,-0.06636887788772583
6021,21.0,777,0.9154520034790039,,0.06687932298518717,-0.07589133083820343
6022,34.0,1515,1.606107473373413,,0.08203879231587052,-0.04356515780091286
6023,26.0,913,1.0497565269470215,,0.0940948436036706,-0.08385764062404633
6024,30.0,1073,1.1888337135314941,,0.09761553723365068,-0.05971362441778183
6025,27.0,1093,1.301649808883667,,0.11062172800302505,-0.06755540519952774
6026,32.0,1216,1.3332021236419678,,0.07566172815859318,-0.07710133492946625
6027,21.0,832,0.9797844886779785,,0.1365767288953066,-0.05243682861328125
6028,27.0,1159,1.2993392944335938,,0.1674777138978243,-0.015593253076076508
6029,31.0,1416,1.6136236190795898,,0.0646310499869287,-0.09697559475898743
6030,33.0,1251,1.3677749633789062,,0.1014867378398776,-0.06411866843700409
6031,29.0,953,1.0810003280639648,,0.051390388049185276,-0.07372289896011353
6032,26.0,974,1.1141612529754639,,0.12628072872757912,-0.043351609259843826
6033,28.0,1103,1.233154535293579,,0.13516119495034218,-0.05118609964847565
6034,29.0,1537,1.706974744796753,,0.1389729012735188,-0.04004799202084541
6035,10.0,605,0.6781942844390869,,0.05727816792204976,-0.08389823138713837
6036,29.0,1161,1.2713449001312256,,0.19003660418093204,-0.011131249368190765
6037,16.0,752,0.9109194278717041,,0.10448879282921553,-0.05758688226342201
6038,29.0,1085,1.2169301509857178,,0.103419940918684,-0.062172431498765945
6039,19.0,835,0.9786834716796875,,0.05382452183403075,-0.06987513601779938
6040,6.0,505,0.5867664813995361,,0.16802342422306538,-0.011905111372470856
6041,21.0,853,0.9200925827026367,,0.17375884531065822,-0.03161206841468811
6042,32.0,1167,1.3531973361968994,,0.12087593181058764,-0.04037066549062729
6043,24.0,1073,1.2191486358642578,,0.11695703491568565,-0.04875391349196434
6044,27.0,897,0.9534914493560791,,0.10676747001707554,-0.07086218893527985
6045,30.0,1065,1.1942248344421387,,0.10382487578317523,-0.047690749168395996
6046,22.0,743,0.9056432247161865,,0.09763854299671948,-0.09294789284467697
6047,28.0,1083,1.2066595554351807,,0.1336880442686379,-0.048171479254961014
6048,24.0,1073,1.2075655460357666,,0.1341669512912631,-0.029798701405525208
6049,32.0,1208,1.3240149021148682,,0.08100372785702348,-0.060490142554044724
6050,23.0,899,1.0367085933685303,,0.09503145748749375,-0.06285835802555084
6051,22.0,615,0.6812775135040283,,0.12143402360379696,-0.025712527334690094
6052,30.0,974,1.1101024150848389,,0.14852114440873265,-0.040841393172740936
6053,31.0,1089,1.2156281471252441,,0.12287070462480187,-0.05556025356054306
6054,32.0,1402,1.5726234912872314,,0.11614033859223127,-0.06412412226200104
6055,22.0,1079,1.2051160335540771,,0.06625057710334659,-0.06365613639354706
6056,23.0,843,0.9850113391876221,,0.15000163298100233,-0.04140160232782364
6057,21.0,951,1.0869596004486084,,0.13681416725739837,-0.038661085069179535
6058,21.0,968,1.1061465740203857,,0.18128443555906415,-0.01655833050608635
6059,23.0,946,1.08160400390625,,0.12808332219719887,-0.03808189928531647
6060,18.0,583,0.6680119037628174,,0.1114791901782155,-0.06355929374694824
6061,22.0,877,0.9374315738677979,,0.12502883607521653,-0.02823805809020996
6062,13.0,495,0.566502571105957,,0.1573401610367,-0.013338923454284668
6063,28.0,1186,1.391545295715332,,0.08994736429303885,-0.06393574178218842
6064,19.0,577,0.6665239334106445,,0.11160017875954509,-0.0871858075261116
6065,28.0,854,0.9052567481994629,,0.06705132173374295,-0.0687049925327301
6066,18.0,777,0.9360876083374023,,0.11470906483009458,-0.06241323798894882
6067,60.0,2041,2.2857415676116943,,0.14045383594930172,-0.04404274374246597
6068,31.0,1147,1.251471757888794,,0.14515923475846648,-0.06559932231903076
6069,31.0,1394,1.5755579471588135,,0.1619404423981905,-0.048020415008068085
6070,25.0,1018,1.1470980644226074,,0.09268789505586028,-0.04530774801969528
6071,31.0,1271,1.3716483116149902,,0.1467182757332921,-0.037343598902225494
6072,15.0,581,0.7364718914031982,,0.08800716488622129,-0.08610940724611282
6073,40.0,1553,1.76170015335083,,0.0855304691940546,-0.07176115363836288
6074,31.0,1257,1.3745436668395996,,0.1488262782804668,-0.03270186856389046
6075,28.0,873,1.0090508460998535,,0.09056435571983457,-0.06606633961200714
6076,31.0,1110,1.241612195968628,,0.16105611342936754,-0.01155463233590126
6077,29.0,1065,1.1970446109771729,,0.07552655879408121,-0.06389166414737701
6078,20.0,890,1.0297183990478516,,0.09446743177250028,-0.0712694451212883
6079,15.0,623,0.7030954360961914,,0.18021228071302176,-0.03852789103984833
6080,27.0,1089,1.2049343585968018,,0.10729634575545788,-0.06357773393392563
6081,26.0,1238,1.340813398361206,,0.08655546978116035,-0.05979426950216293
6082,27.0,1010,1.1380631923675537,,0.17884461907669902,-0.03715405613183975
6083,20.0,668,0.8181407451629639,,0.13046446722000837,-0.057557519525289536
6084,16.0,607,0.6840167045593262,,0.13515087962150574,-0.048187918961048126
6085,24.0,976,1.1035182476043701,,0.21334418840706348,0.0017123669385910034
6086,34.0,1187,1.291576862335205,,0.07332290196791291,-0.06531806290149689
6087,25.0,863,0.997856855392456,,0.06405373569577932,-0.06272178888320923
6088,20.0,791,0.8610429763793945,,0.11711599957197905,-0.060969993472099304
6089,20.0,830,0.9731705188751221,,0.1787987994030118,-0.019435591995716095
6090,30.0,903,1.0366060733795166,,0.10757028684020042,-0.04730192571878433
6091,27.0,1361,1.468752145767212,,0.07469270890578628,-0.0777176171541214
6092,23.0,908,1.0445737838745117,,0.10716273495927453,-0.0579986572265625
6093,29.0,1289,1.4792380332946777,,0.11448589945212007,-0.0629919245839119
6094,33.0,1450,1.6443302631378174,,0.09157513966783881,-0.074587881565094
6095,33.0,1610,1.7947156429290771,,0.17207069136202335,-0.04639659821987152
6096,21.0,746,0.8197910785675049,,0.13489356683567166,-0.056960538029670715
6097,14.0,600,0.6725883483886719,,0.07068859972059727,-0.05232568085193634
6098,22.0,726,0.880448579788208,,0.20454122964292765,-0.00886160135269165
6099,24.0,1039,1.1657905578613281,,0.08713008230552077,-0.07774737477302551
6100,25.0,897,1.035151720046997,,0.08827767008915544,-0.05538500100374222
6101,30.0,1017,1.1469030380249023,,0.167334477417171,-0.04193241894245148
6102,29.0,1058,1.1956045627593994,,0.08063985360786319,-0.06732651591300964
6103,28.0,1013,1.1454708576202393,,0.052988586481660604,-0.07234922796487808
6104,22.0,945,1.0082557201385498,,0.15173773327842355,-0.03398601710796356
6105,33.0,1631,1.8814353942871094,,0.16092021763324738,-0.047757137566804886
6106,24.0,891,0.9503490924835205,,0.10270658135414124,-0.060493312776088715
6107,21.0,756,0.903165340423584,,0.09479613811708987,-0.06557788699865341
6108,17.0,769,0.8377830982208252,,0.08097666967660189,-0.0743308737874031
6109,20.0,733,0.8885009288787842,,0.09464991791173816,-0.029122181236743927
6110,27.0,979,1.1137828826904297,,0.10230588726699352,-0.048639874905347824
6111,27.0,959,1.112821340560913,,0.14613198209553957,-0.035790398716926575
6112,24.0,713,0.7876236438751221,,0.11330765672028065,-0.07646527886390686
6113,27.0,1211,1.3230314254760742,,0.07704980298876762,-0.06772859394550323
6114,21.0,1000,1.1311349868774414,,0.10242182901129127,-0.06797422468662262
6115,29.0,1172,1.3853259086608887,,0.14553091721609235,-0.06208464130759239
6116,25.0,1010,1.074023962020874,,0.08030835026875138,-0.07236373424530029
6117,29.0,1112,1.3237826824188232,,0.126132573466748,-0.056605979800224304
6118,24.0,891,0.9486773014068604,,0.10423634899780154,-0.06964988261461258
6119,31.0,912,1.0402138233184814,,0.12567307194694877,-0.04914216324687004
6120,31.0,1251,1.4413809776306152,,0.07236291305162013,-0.07095670700073242
6121,35.0,1938,2.0765371322631836,,0.14220250817015767,-0.04570266231894493
6122,20.0,807,0.9499697685241699,,0.46289091650396585,0.05969282239675522
6123,27.0,1002,1.1202125549316406,,0.09077390213496983,-0.0562126561999321
6124,21.0,790,0.8479013442993164,,0.06969460076652467,-0.0885322168469429
6125,26.0,779,0.9251232147216797,,0.05873968452215195,-0.09591276198625565
6126,31.0,1022,1.1365621089935303,,0.12199128745123744,-0.05394788086414337
6127,23.0,787,0.9384140968322754,,0.08883898984640837,-0.07440783083438873
6128,15.0,598,0.6789162158966064,,0.1767599917948246,-0.039301007986068726
6129,19.0,783,0.8629682064056396,,0.16072263848036528,-0.007639475166797638
6130,28.0,1045,1.1720857620239258,,0.11958773387596011,-0.06224767863750458
6131,25.0,1041,1.160874366760254,,0.14036604668945074,-0.056342367082834244
6132,29.0,1116,1.3170356750488281,,0.09773170063272119,-0.06604789197444916
6133,23.0,940,1.0020060539245605,,0.11439566873013973,-0.06362340599298477
6134,11.0,568,0.6352133750915527,,0.14770065201446414,-0.056648317724466324
6135,10.0,600,0.7562770843505859,,0.15082255471497774,-0.03371076285839081
6136,21.0,790,0.849956750869751,,0.2660122299566865,0.029552459716796875
6137,23.0,743,0.8795275688171387,,0.11790479253977537,-0.03423549234867096
6138,14.0,641,0.7148339748382568,,0.13207437098026276,-0.05576648563146591
6139,22.0,823,0.8796243667602539,,0.13771628122776747,-0.03726374730467796
6140,27.0,1257,1.4665498733520508,,0.09878082294017076,-0.06517978012561798
6141,3.0,389,0.46846675872802734,,0.07258883607573807,-0.09135477244853973
6142,19.0,679,0.7592222690582275,,0.14483374217525125,-0.04905077815055847
6143,13.0,683,0.7472183704376221,,0.29846600349992514,0.0020929574966430664
6144,28.0,916,1.0567188262939453,,0.14601666945964098,-0.0520615354180336
6145,29.0,1143,1.2578339576721191,,0.2037411956116557,-0.026461757719516754
6146,20.0,779,0.9291212558746338,,0.14909586822614074,-0.055354923009872437
6147,19.0,701,0.7657697200775146,,0.05925883515737951,-0.06964684277772903
6148,18.0,669,0.8315708637237549,,0.2894484605640173,0.010328918695449829
6149,34.0,1415,1.5113394260406494,,0.1700892997905612,-0.006663206964731216
6150,36.0,1378,1.54957914352417,,0.10502838529646397,-0.0701630711555481
6151,28.0,1157,1.2731080055236816,,0.196754002943635,0.007176429033279419
6152,30.0,1319,1.5201354026794434,,0.06425915937870741,-0.071915403008461
6153,23.0,928,1.0588183403015137,,0.16995819658041,-0.015146613121032715
6154,14.0,649,0.7232742309570312,,0.1094030225649476,-0.07034651935100555
6155,26.0,1131,1.237485408782959,,0.08049493539147079,-0.05919906497001648
6156,20.0,865,0.9963893890380859,,0.1023049233481288,-0.06873683631420135
6157,21.0,1224,1.3335225582122803,,0.06252170191146433,-0.09547822177410126
6158,21.0,733,0.8813138008117676,,0.10192233603447676,-0.08333325386047363
6159,18.0,724,0.7953288555145264,,0.07148603815585375,-0.08122345805168152
6160,19.0,627,0.6998631954193115,,0.1268214639276266,-0.030700087547302246
6161,28.0,1241,1.4374241828918457,,0.06055467715486884,-0.08215846121311188
6162,17.0,630,0.7153327465057373,,0.1189978513866663,-0.07665793597698212
6163,11.0,625,0.6894834041595459,,0.1464404002763331,-0.04788755998015404
6164,24.0,781,0.9305074214935303,,0.1688430653885007,-0.017397046089172363
6165,21.0,715,0.7877323627471924,,0.13368026865646243,-0.030388008803129196
6166,24.0,866,1.0057611465454102,,0.11435503605753183,-0.048701509833335876
6167,29.0,1306,1.4103267192840576,,0.08507454674690962,-0.06345685571432114
6168,24.0,745,0.8893718719482422,,0.08743455307558179,-0.06723712384700775
6169,5.0,390,0.4752182960510254,,0.09372065961360931,-0.07029598951339722
6170,20.0,863,0.9333124160766602,,0.18285121582448483,-0.025749780237674713
6171,41.0,1333,1.5223605632781982,,0.14009562833234668,-0.04617086797952652
6172,30.0,1146,1.2718465328216553,,0.26246145367622375,-0.007732056081295013
6173,10.0,481,0.5546681880950928,,0.1461576148867607,-0.052888453006744385
6174,15.0,617,0.6988303661346436,,0.09881453588604927,-0.06469829380512238
6175,10.0,606,0.6750946044921875,,0.20671243872493505,-0.015063300728797913
6176,20.0,787,0.9469089508056641,,0.3134064543992281,0.021423369646072388
6177,32.0,1130,1.2551794052124023,,0.14048591908067465,-0.03766542300581932
6178,10.0,615,0.6783390045166016,,0.15711906598880887,-0.03724660724401474
6179,25.0,864,1.001108169555664,,0.196804104372859,-0.004401154816150665
6180,29.0,1023,1.1543550491333008,,0.09658494032919407,-0.0681869387626648
6181,27.0,1017,1.1443142890930176,,0.1903097601607442,-0.023714743554592133
6182,43.0,1568,1.7303955554962158,,0.11383591359481215,-0.06681406497955322
6183,30.0,1159,1.26212477684021,,0.2628969755023718,-0.010895460844039917
6184,15.0,613,0.7788856029510498,,0.14282522210851312,-0.05620940774679184
6185,31.0,1259,1.3830783367156982,,0.12600912572816014,-0.05751325562596321
6186,10.0,375,0.4491403102874756,,0.1408783462829888,-0.05936238914728165
6187,16.0,827,0.8945276737213135,,0.09358507115393877,-0.06265425682067871
6188,22.0,865,1.0153119564056396,,0.1532682511024177,-0.05284133553504944
6189,14.0,623,0.6861522197723389,,0.08819632465019822,-0.07346320152282715
6190,23.0,852,0.9892051219940186,,0.20713853556662798,-0.019762761890888214
6191,9.0,472,0.5429718494415283,,0.1309416489675641,-0.05521376430988312
6192,23.0,763,0.8218324184417725,,0.2779049063101411,0.01324385404586792
6193,31.0,1402,1.5832085609436035,,0.21215265896171331,-0.0016801059246063232
6194,18.0,781,0.928424596786499,,0.09833918418735266,-0.06455866247415543
6195,21.0,767,0.8350529670715332,,0.09874566970393062,-0.06020547077059746
6196,14.0,505,0.5879828929901123,,0.1407434418797493,-0.039752792567014694
6197,18.0,791,0.9302272796630859,,0.20017378870397806,-0.008596643805503845
6198,21.0,982,1.1336431503295898,,0.12610828317701817,-0.05411113053560257
6199,23.0,920,0.9702785015106201,,0.12232926161959767,-0.07061107456684113
6200,26.0,934,1.060596227645874,,0.140369838103652,-0.0571860633790493
6201,36.0,1485,1.6432380676269531,,0.11397009715437889,-0.06520765274763107
6202,25.0,860,1.0024232864379883,,0.190109150018543,-0.024432703852653503
6203,15.0,633,0.7040035724639893,,0.14130107033997774,-0.05279715359210968
6204,30.0,1021,1.1544215679168701,,0.1484967260621488,-0.03224089741706848
6205,19.0,768,0.8224291801452637,,0.11776549555361271,-0.06637009978294373
6206,17.0,728,0.8934240341186523,,0.23440037574619055,-0.01157929003238678
6207,30.0,1160,1.2726249694824219,,0.1505255470983684,-0.05106890946626663
6208,14.0,630,0.6950254440307617,,0.11884846398606896,-0.06657558679580688
6209,27.0,1127,1.3298606872558594,,0.19994155503809452,-0.01520240306854248
6210,28.0,1135,1.255964756011963,,0.1341021773405373,-0.04419127479195595
6211,29.0,1155,1.273310661315918,,0.15240294160321355,-0.06395050883293152
6212,32.0,1444,1.6119451522827148,,0.10021518962457776,-0.06988754868507385
6213,24.0,975,1.1013638973236084,,0.12668614834547043,-0.04491095989942551
6214,33.0,1176,1.2960007190704346,,0.12013438297435641,-0.06843926757574081
6215,20.0,891,1.0230185985565186,,0.11103948717936873,-0.051719799637794495
6216,28.0,1241,1.3473091125488281,,0.13350132619962096,-0.04797951877117157
6217,3.0,349,0.42081165313720703,,0.08011014573276043,-0.08620212227106094
6218,32.0,1053,1.1583950519561768,,0.28181083034723997,0.012808538973331451
6219,15.0,599,0.6614878177642822,,0.16600137948989868,-0.06317663192749023
6220,32.0,1419,1.5973014831542969,,0.11293793097138405,-0.059716664254665375
6221,5.0,421,0.49013209342956543,,0.12899898923933506,-0.06408748030662537
6222,33.0,1396,1.4989655017852783,,0.28122898004949093,0.011405348777770996
6223,23.0,944,1.0686964988708496,,0.1726511102169752,-0.04019422084093094
6224,29.0,1218,1.3962457180023193,,0.13617037795484066,-0.03665994852781296
6225,26.0,891,0.935152530670166,,0.10718339122831821,-0.07586033642292023
6226,22.0,893,1.0185160636901855,,0.11910488782450557,-0.07791034877300262
6227,24.0,796,0.9308993816375732,,0.14514962770044804,-0.047773171216249466
6228,29.0,1269,1.3691370487213135,,0.11514772661030293,-0.04548487439751625
6229,26.0,939,1.0662140846252441,,0.09862390300258994,-0.07234866917133331
6230,29.0,939,1.0602905750274658,,0.13477516919374466,-0.04569602757692337
6231,21.0,783,0.8342995643615723,,0.14259857451543212,-0.05446867644786835
6232,14.0,522,0.5889077186584473,,0.09132498456165195,-0.0568058118224144
6233,32.0,1239,1.4280509948730469,,0.0879009070340544,-0.07537464797496796
6234,30.0,1207,1.3184266090393066,,0.16691201319918036,-0.014062397181987762
6235,3.0,347,0.42298126220703125,,0.11504502268508077,-0.06670119613409042
6236,26.0,800,0.8486232757568359,,0.09484710125252604,-0.06127142906188965
6237,33.0,1246,1.4215822219848633,,0.07528636208735406,-0.08244063705205917
6238,31.0,1371,1.5636348724365234,,0.1762547343969345,-0.03335285186767578
6239,19.0,781,0.846245527267456,,0.14865440037101507,-0.0557829886674881
6240,21.0,746,0.9002673625946045,,0.15446191187947989,-0.051279325038194656
6241,13.0,491,0.5739645957946777,,0.12519867671653628,-0.05291231721639633
6242,19.0,662,0.729222297668457,,0.1759040979668498,-0.017766110599040985
6243,26.0,1155,1.27349853515625,,0.14154136227443814,-0.05205120891332626
6244,22.0,955,1.0773963928222656,,0.1239471691660583,-0.0655331239104271
6245,29.0,1029,1.1468923091888428,,0.10204232251271605,-0.05282739922404289
6246,28.0,1040,1.158409595489502,,0.12543124379590154,-0.04268741235136986
6247,13.0,455,0.535538911819458,,0.12669603386893868,-0.05786626785993576
6248,26.0,1023,1.150543451309204,,0.11940790666267276,-0.056947655975818634
6249,22.0,732,0.7982583045959473,,0.08664760133251548,-0.0764712393283844
6250,24.0,807,0.9571495056152344,,0.14992411341518164,-0.05440676957368851
6251,23.0,842,0.9848387241363525,,0.12664945796132088,-0.043153420090675354
6252,19.0,711,0.7887251377105713,,0.15731870708987117,-0.03486005961894989
6253,24.0,1023,1.1616826057434082,,0.19983047060668468,-0.007466897368431091
6254,17.0,662,0.7263970375061035,,0.13378698658198118,-0.05157499760389328
6255,32.0,1415,1.5879313945770264,,0.1145864948630333,-0.05496978387236595
6256,27.0,901,1.032073736190796,,0.07256211270578206,-0.0651911050081253
6257,15.0,647,0.7218732833862305,,0.14176191063597798,-0.05723126232624054
6258,21.0,731,0.7878472805023193,,0.10311159864068031,-0.06542649865150452
6259,23.0,886,1.0252859592437744,,0.1617650529369712,-0.05295500159263611
6260,26.0,941,1.0654246807098389,,0.11138903349637985,-0.05051185190677643
6261,30.0,1321,1.5154552459716797,,0.12414339790120721,-0.06938862800598145
6262,32.0,1251,1.3623487949371338,,0.08699426567181945,-0.06258653104305267
6263,22.0,717,0.7741708755493164,,0.1352200717665255,-0.05725456774234772
6264,27.0,890,1.016860008239746,,0.17396199610084295,-0.021857425570487976
6265,31.0,1316,1.5009088516235352,,0.2073542894795537,-0.028431259095668793
6266,33.0,1210,1.316450595855713,,0.1652252427302301,-0.00544501468539238
6267,27.0,908,1.0401818752288818,,0.09620044915936887,-0.05277206748723984
6268,29.0,1189,1.2958619594573975,,0.1548241670243442,-0.045427557080984116
6269,23.0,781,0.9416072368621826,,0.11189073137938976,-0.07859085500240326
6270,17.0,643,0.723574161529541,,0.09090908383950591,-0.0676317885518074
6271,31.0,912,1.0357463359832764,,0.1359616918489337,-0.07392086833715439
6272,14.0,657,0.7299039363861084,,0.12022301740944386,-0.05622933804988861
6273,34.0,1163,1.2715725898742676,,0.143419171217829,-0.04269201681017876
6274,24.0,949,1.0811984539031982,,0.1020959671586752,-0.07614092528820038
6275,31.0,1197,1.3142123222351074,,0.13253437960520387,-0.043014902621507645
6276,25.0,1186,1.379857063293457,,0.14778243517503142,-0.042700935155153275
6277,30.0,1151,1.274808406829834,,0.10163058945909142,-0.06568029522895813
6278,33.0,1203,1.311760425567627,,0.08609344670549035,-0.06391850113868713
6279,20.0,669,0.8407557010650635,,0.2177093457430601,0.0035440996289253235
6280,33.0,1459,1.6333916187286377,,0.1402307152748108,-0.08307308703660965
6281,11.0,664,0.7412369251251221,,0.07318180543370545,-0.07628461718559265
6282,25.0,913,1.052541971206665,,0.1598003190010786,-0.030251845717430115
6283,28.0,1027,1.175478458404541,,0.0967099261470139,-0.06824632734060287
6284,28.0,791,0.8615710735321045,,0.10293788369745016,-0.07784785330295563
6285,33.0,1233,1.4377467632293701,,0.11290114372968674,-0.07985714077949524
6286,32.0,1911,2.052006959915161,,0.16683535976335406,-0.06349717825651169
6287,30.0,1125,1.3364224433898926,,0.08311730995774269,-0.07694123685359955
6288,15.0,597,0.6747112274169922,,0.10248361597768962,-0.08710049092769623
6289,14.0,709,0.7899234294891357,,0.1712336242198944,-0.0074446722865104675
6290,22.0,939,1.0804822444915771,,0.25808928441256285,0.016150720417499542
6291,19.0,783,0.8462953567504883,,0.09333087550476193,-0.0656052678823471
6292,28.0,1206,1.414459466934204,,0.08072122791782022,-0.06969548761844635
6293,27.0,1165,1.2802996635437012,,0.10856726858764887,-0.054770804941654205
6294,13.0,493,0.5742824077606201,,0.11000437755137682,-0.07829707115888596
6295,27.0,812,0.9531338214874268,,0.12822293397039175,-0.023343224078416824
6296,31.0,1467,1.5563504695892334,,0.12901974050328135,-0.043342091143131256
6297,22.0,746,0.8945138454437256,,0.0676006346475333,-0.07566818594932556
6298,21.0,744,0.7952446937561035,,0.11062295734882355,-0.061230581253767014
6299,27.0,1166,1.3721473217010498,,0.11933866003528237,-0.04146506264805794
6300,24.0,1166,1.2847349643707275,,0.0783586367033422,-0.07107354700565338
6301,31.0,996,1.11130952835083,,0.08320052456110716,-0.05155166983604431
6302,26.0,1039,1.1530818939208984,,0.0948270601220429,-0.053213462233543396
6303,27.0,989,1.1122636795043945,,0.10437639243900776,-0.05412911996245384
6304,45.0,1737,1.9125628471374512,,0.17615015245974064,-0.03402972221374512
6305,33.0,1339,1.5126068592071533,,0.07251936197280884,-0.07584747672080994
6306,17.0,717,0.7910716533660889,,0.08888741536065936,-0.0659552812576294
6307,32.0,1015,1.1416923999786377,,0.2461530538275838,-0.00027514249086380005
6308,24.0,916,1.0597350597381592,,0.09848074801266193,-0.06789209693670273
6309,31.0,1265,1.3642292022705078,,0.1089164037257433,-0.07767651975154877
6310,23.0,777,0.9191663265228271,,0.0607616207562387,-0.09373708069324493
6311,29.0,1112,1.238361120223999,,0.1530736698769033,-0.0490390807390213
6312,32.0,1485,1.6616556644439697,,0.07471853448078036,-0.08124926686286926
6313,32.0,1218,1.3279342651367188,,0.1415343419648707,-0.031506769359111786
6314,16.0,620,0.7843174934387207,,0.10393202118575573,-0.06071259826421738
6315,34.0,1493,1.6727113723754883,,0.15702514071017504,-0.06462741643190384
6316,30.0,1193,1.3155953884124756,,0.0796751813031733,-0.06224440038204193
6317,24.0,819,0.966510534286499,,0.07828706642612815,-0.053074441850185394
6318,26.0,999,1.0506458282470703,,0.19192280061542988,-0.022493064403533936
6319,25.0,875,1.0156772136688232,,0.13704747799783945,-0.0397065170109272
6320,28.0,1435,1.6127359867095947,,0.07467310968786478,-0.0681411623954773
6321,24.0,1016,1.1392371654510498,,0.047745082061737776,-0.0692131370306015
6322,32.0,1121,1.2412009239196777,,0.1272902782075107,-0.0452890619635582
6323,32.0,1141,1.2407646179199219,,0.07797802146524191,-0.07242002338171005
6324,29.0,969,1.100271224975586,,0.16349760768935084,-0.057287365198135376
6325,15.0,830,0.9649021625518799,,0.09903036919422448,-0.051800280809402466
6326,32.0,1459,1.6128575801849365,,0.10544188506901264,-0.068218894302845
6327,27.0,834,0.8849387168884277,,0.0745232820045203,-0.07911239564418793
6328,22.0,713,0.8645367622375488,,0.09811746003106236,-0.06325666606426239
6329,13.0,647,0.7139804363250732,,0.09349504113197327,-0.06662774831056595
6330,26.0,1076,1.1949570178985596,,0.10610659886151552,-0.06948958337306976
6331,33.0,1279,1.4480047225952148,,0.09848585538566113,-0.06410291790962219
6332,27.0,967,1.1010966300964355,,0.09542314615100622,-0.047693345695734024
6333,25.0,1005,1.0436756610870361,,0.10740680200979114,-0.0674632117152214
6334,28.0,1209,1.400728702545166,,0.17127076955512166,-0.007990792393684387
6335,25.0,948,1.0827550888061523,,0.0777650864329189,-0.0571976974606514
6336,16.0,693,0.7642951011657715,,0.15781697304919362,-0.058004558086395264
6337,24.0,774,0.9285926818847656,,0.14634069614112377,-0.054696567356586456
6338,31.0,1315,1.4313888549804688,,0.08346055215224624,-0.06957915425300598
6339,26.0,868,1.0055170059204102,,0.08102529076859355,-0.04715028777718544
6340,32.0,1556,1.7189669609069824,,0.08055301778949797,-0.09088341146707535
6341,25.0,1013,1.1441192626953125,,0.09601402888074517,-0.058017581701278687
6342,20.0,1012,1.143085241317749,,0.06772080273367465,-0.052943069487810135
6343,24.0,775,0.8350522518157959,,0.07492032460868359,-0.08786565065383911
6344,32.0,1242,1.4495048522949219,,0.06604645075276494,-0.07403861731290817
6345,21.0,658,0.731410026550293,,0.10939026065170765,-0.06378617137670517
6346,29.0,1333,1.5388028621673584,,0.1384272645227611,-0.06532251089811325
6347,30.0,1077,1.2107129096984863,,0.06554403272457421,-0.0763346403837204
6348,30.0,975,1.121229648590088,,0.08804458193480968,-0.06082380190491676
6349,31.0,1265,1.3715736865997314,,0.08102196245454252,-0.058206260204315186
6350,11.0,499,0.567190408706665,,0.09015582408756018,-0.06520038843154907
6351,26.0,1148,1.254021406173706,,0.2847367664799094,0.01752147078514099
6352,33.0,1213,1.3996977806091309,,0.08702187705785036,-0.06982353329658508
6353,29.0,1026,1.1511907577514648,,0.0828311953227967,-0.0621977373957634
6354,28.0,930,1.063544511795044,,0.10859560174867511,-0.05145328491926193
6355,28.0,827,0.8866591453552246,,0.11723620956763625,-0.06959743797779083
6356,32.0,1010,1.1276416778564453,,0.09243743540719151,-0.06111295521259308
6357,26.0,979,1.12453293800354,,0.1562822195701301,-0.03869328275322914
6358,29.0,1048,1.175102949142456,,0.08433010522276163,-0.043612830340862274
6359,32.0,1266,1.4688127040863037,,0.13793554063886404,-0.056816890835762024
6360,34.0,1254,1.375340223312378,,0.15492733102291822,-0.01162276417016983
6361,23.0,871,1.014375925064087,,0.07051148544996977,-0.05648854374885559
6362,31.0,1302,1.4194424152374268,,0.10657974006608129,-0.05999099463224411
6363,29.0,1113,1.2235960960388184,,0.08854747097939253,-0.061292942613363266
6364,29.0,937,1.0656182765960693,,0.08772214083001018,-0.05918148159980774
6365,23.0,1056,1.1788556575775146,,0.1341788824647665,-0.039048586040735245
6366,29.0,1090,1.2085821628570557,,0.15352390008047223,-0.02224016562104225
6367,21.0,828,0.968245267868042,,0.0926318527199328,-0.06899510324001312
6368,19.0,854,0.9871542453765869,,0.14859867189079523,-0.03886706009507179
6369,28.0,983,1.1259353160858154,,0.1321724154986441,-0.04644062742590904
6370,26.0,817,0.8752760887145996,,0.11001247237436473,-0.057714782655239105
6371,31.0,1327,1.52003812789917,,0.09762197639793158,-0.07116758823394775
6372,50.0,1652,1.8380393981933594,,0.12668540189042687,-0.06148580461740494
6373,28.0,837,0.9768455028533936,,0.31951233744621277,0.008192948997020721
6374,31.0,1069,1.1939575672149658,,0.11566486582159996,-0.051352255046367645
6375,35.0,1474,1.6394262313842773,,0.10442463122308254,-0.08647596091032028
6376,27.0,845,0.9012563228607178,,0.15363449836149812,-0.044682636857032776
6377,31.0,1218,1.414984941482544,,0.10470561077818274,-0.058563459664583206
6378,32.0,1327,1.4204022884368896,,0.08501842431724072,-0.05716226249933243
6379,33.0,1278,1.4672150611877441,,0.07498343475162983,-0.06481388211250305
6380,20.0,739,0.7943854331970215,,0.09846835490316153,-0.06264746189117432
6381,29.0,1027,1.158142328262329,,0.11886367527768016,-0.03708897903561592
6382,27.0,1167,1.3752319812774658,,0.12402408383786678,-0.055058225989341736
6383,33.0,1299,1.410944938659668,,0.07832640199922025,-0.0642600730061531
6384,33.0,1379,1.5667529106140137,,0.12405216693878174,-0.05618976429104805
6385,31.0,1149,1.2601149082183838,,0.07640097569674253,-0.05634547397494316
6386,21.0,905,1.026803970336914,,0.09179091081023216,-0.04566830396652222
6387,30.0,1003,1.1283018589019775,,0.19105290668085217,-0.019362501800060272
6388,30.0,1657,1.8310189247131348,,0.09766890946775675,-0.07317028194665909
6389,28.0,979,1.109694480895996,,0.056226772256195545,-0.055749185383319855
6390,23.0,957,1.0821473598480225,,0.07805882906541228,-0.04294322058558464
6391,26.0,869,0.9182024002075195,,0.07127666240558028,-0.09055566787719727
6392,34.0,1663,1.9108483791351318,,0.11694102035835385,-0.07622908055782318
6393,30.0,1711,1.8693034648895264,,0.08718344825319946,-0.07940859347581863
6394,22.0,923,1.0463101863861084,,0.0751860796008259,-0.04066283628344536
6395,25.0,926,1.0600266456604004,,0.10694935312494636,-0.020362377166748047
6396,22.0,772,0.8355698585510254,,0.13248676480725408,-0.06004941463470459
6397,34.0,1257,1.4459831714630127,,0.06305425777100027,-0.09442798048257828
6398,26.0,807,0.8696646690368652,,0.3274871036410332,0.021787643432617188
6399,26.0,1260,1.4568417072296143,,0.04927785252220929,-0.0781467854976654
6400,27.0,783,0.845059871673584,,0.10857430705800653,-0.06996965408325195
6401,27.0,937,1.0804071426391602,,0.14612103253602982,-0.05049110949039459
6402,27.0,942,1.0677783489227295,,0.08770648064091802,-0.0654057189822197
6403,14.0,515,0.5914402008056641,,0.06231136596761644,-0.09014998376369476
6404,29.0,913,1.0550904273986816,,0.11834065057337284,-0.04251819849014282
6405,21.0,774,0.8415160179138184,,0.07106076739728451,-0.07873693108558655
6406,30.0,1163,1.2848296165466309,,0.10484685003757477,-0.03537382557988167
6407,29.0,1139,1.3490443229675293,,0.07471756963059306,-0.06095394492149353
6408,33.0,1487,1.6512322425842285,,0.19436027528718114,-0.040898267179727554
6409,49.0,1995,2.1426470279693604,,0.13669640757143497,-0.058570027351379395
6410,30.0,958,1.0724217891693115,,0.2402184847742319,-0.013325847685337067
6411,24.0,1007,1.1704390048980713,,0.08027781685814261,-0.06504885107278824
6412,22.0,719,0.8673889636993408,,0.13238754263147712,-0.04935601353645325
6413,33.0,1285,1.3906769752502441,,0.11415685433894396,-0.053501032292842865
6414,28.0,1011,1.1419727802276611,,0.08804306853562593,-0.04715454950928688
6415,32.0,1227,1.40903902053833,,0.10963576985523105,-0.07333426922559738
6416,30.0,1177,1.2969512939453125,,0.09769980609416962,-0.039040207862854004
6417,21.0,879,1.0325868129730225,,0.06714562000706792,-0.05306078493595123
6418,22.0,917,0.9719991683959961,,0.12323190458118916,-0.04362490028142929
6419,31.0,1151,1.3588545322418213,,0.07917941943742335,-0.06449834257364273
6420,28.0,929,0.9742996692657471,,0.09993630275130272,-0.07704591751098633
6421,32.0,1011,1.131063461303711,,0.13899723766371608,-0.04942489415407181
6422,29.0,1123,1.328965663909912,,0.06344543932937086,-0.09170136600732803
6423,33.0,1174,1.301271915435791,,0.06759043969213963,-0.05850697681307793
6424,23.0,870,1.0006704330444336,,0.07994130835868418,-0.047849416732788086
6425,32.0,1347,1.4470062255859375,,0.0650584923569113,-0.06003684550523758
6426,28.0,1063,1.2009809017181396,,0.06248556263744831,-0.04574263095855713
6427,31.0,1165,1.3674139976501465,,0.06843513250350952,-0.0841890424489975
6428,27.0,869,0.9328770637512207,,0.07975176116451621,-0.07798248529434204
6429,33.0,1222,1.422107458114624,,0.07249933504499495,-0.07899881154298782
6430,24.0,705,0.7828752994537354,,0.1391313700005412,-0.048401109874248505
6431,18.0,618,0.6964564323425293,,0.08587872353382409,-0.043613798916339874
6432,31.0,1200,1.403862476348877,,0.14396255603060126,-0.044206924736499786
6433,18.0,738,0.8044757843017578,,0.07173442095518112,-0.08684373646974564
6434,34.0,1227,1.3472394943237305,,0.08668658137321472,-0.05327849090099335
6435,24.0,799,0.9401798248291016,,0.18801621347665787,-0.021801114082336426
6436,20.0,681,0.7351031303405762,,0.05599861033260822,-0.08410148322582245
6437,11.0,635,0.8016514778137207,,0.16422649286687374,-0.0371074378490448
6438,27.0,1028,1.1609783172607422,,0.09375595767050982,-0.04840453714132309
6439,22.0,790,0.8681676387786865,,0.12144461274147034,-0.06151046231389046
6440,29.0,923,1.0624876022338867,,0.10786912450566888,-0.048507146537303925
6441,23.0,818,0.8690900802612305,,0.09762684116140008,-0.06579779088497162
6442,28.0,1004,1.124701976776123,,0.10518464166671038,-0.06433145701885223
6443,25.0,868,1.0043022632598877,,0.15357867069542408,-0.06053885817527771
6444,30.0,1174,1.2964963912963867,,0.1102814064361155,-0.04901481419801712
6445,13.0,623,0.7775466442108154,,0.07411005697213113,-0.07797679305076599
6446,30.0,1051,1.1795034408569336,,0.1467391042970121,-0.02494470402598381
6447,24.0,935,1.0688481330871582,,0.21831945376470685,0.017071150243282318
6448,31.0,1041,1.1774578094482422,,0.1098063588142395,-0.037467315793037415
6449,32.0,1215,1.331129550933838,,0.05858659348450601,-0.053390443325042725
6450,24.0,982,1.1106271743774414,,0.07980557391420007,-0.06383238732814789
6451,28.0,1208,1.31856107711792,,0.1100136423483491,-0.05853353440761566
6452,30.0,1407,1.6011478900909424,,0.09735292848199606,-0.0603548139333725
6453,33.0,1251,1.3476216793060303,,0.048516980139538646,-0.07192686945199966
6454,57.0,1635,1.900925636291504,,0.2655441081151366,0.04690825194120407
6455,24.0,843,0.9068470001220703,,0.20640362612903118,-0.03946705907583237
6456,25.0,940,1.0720813274383545,,0.10571287991479039,-0.05050091817975044
6457,17.0,631,0.7003965377807617,,0.07315969467163086,-0.08812740445137024
6458,25.0,883,1.031385898590088,,0.1267373082228005,-0.04566100239753723
6459,23.0,955,1.0907354354858398,,0.10947874840348959,-0.040841199457645416
6460,30.0,1329,1.4419479370117188,,0.1693348167464137,-0.02319667488336563
6461,30.0,1039,1.25093412399292,,0.11533880140632391,-0.04246373102068901
6462,27.0,1000,1.0429878234863281,,0.1990712508559227,-0.0127582848072052
6463,27.0,956,1.0842442512512207,,0.10179645381867886,-0.06258122622966766
6464,24.0,913,1.0474309921264648,,0.15193356946110725,-0.05124269053339958
6465,28.0,1156,1.2722244262695312,,0.1267801020294428,-0.04044310748577118
6466,24.0,797,0.9562108516693115,,0.10974849620833993,-0.07617898285388947
6467,25.0,841,0.9792859554290771,,0.10902374750003219,-0.052340343594551086
6468,15.0,706,0.7832894325256348,,0.0799278556369245,-0.07531749457120895
6469,31.0,1534,1.7000350952148438,,0.11395056871697307,-0.069813571870327
6470,35.0,1253,1.3453640937805176,,0.06566719221882522,-0.04623957723379135
6471,24.0,787,0.9235153198242188,,0.08579168515279889,-0.05832190811634064
6472,27.0,1029,1.1565172672271729,,0.162226390093565,-0.023772791028022766
6473,21.0,773,0.8249225616455078,,0.17629775265231729,-0.03257308527827263
6474,20.0,848,0.983414888381958,,0.1947467694990337,-0.02509089931845665
6475,32.0,959,1.0821213722229004,,0.15920362854376435,-0.035514943301677704
6476,33.0,1144,1.2415568828582764,,0.0546854289714247,-0.06821820884943008
6477,30.0,1203,1.401012897491455,,0.1278948551043868,-0.0625142976641655
6478,26.0,849,0.9087402820587158,,0.08376303734257817,-0.07593463361263275
6479,22.0,813,0.9514267444610596,,0.11101900739595294,-0.06286032497882843
6480,33.0,1085,1.201415777206421,,0.12738734344020486,-0.03845912963151932
6481,22.0,782,0.828925371170044,,0.0854839594103396,-0.07763797044754028
6482,19.0,623,0.7740802764892578,,0.13167863432317972,-0.027509942650794983
6483,20.0,730,0.7908124923706055,,0.0868312930688262,-0.05863499268889427
6484,19.0,663,0.7219851016998291,,0.10549891274422407,-0.05281509459018707
6485,31.0,1113,1.3222289085388184,,0.09551303647458553,-0.08105222135782242
6486,25.0,967,1.0074152946472168,,0.1440870063379407,-0.043654993176460266
6487,22.0,816,0.9773521423339844,,0.10978788882493973,-0.06082722172141075
6488,20.0,723,0.7834486961364746,,0.08345648716203868,-0.057575374841690063
6489,31.0,961,1.0919127464294434,,0.12401828449219465,-0.057027608156204224
6490,18.0,621,0.7756693363189697,,0.19127989560365677,-0.013388149440288544
6491,27.0,1067,1.1964781284332275,,0.0823504445143044,-0.036809951066970825
6492,31.0,1009,1.1368436813354492,,0.08325844863429666,-0.06483446061611176
6493,30.0,879,0.9288330078125,,0.10243694670498371,-0.07429145276546478
6494,23.0,877,1.0190174579620361,,0.1600093566812575,-0.037169862538576126
6495,30.0,923,1.0479228496551514,,0.18803084641695023,-0.028754614293575287
6496,30.0,1357,1.5482425689697266,,0.09239217173308134,-0.08089180290699005
6497,9.0,383,0.36582422256469727,,0.09239217173308134,-0.08089180290699005
6498,27.0,967,1.1116771697998047,,0.19173855148255825,-0.0014221817255020142
6499,31.0,1059,1.1689033508300781,,0.08891053544357419,-0.060812465846538544
6500,19.0,855,0.9980583190917969,,0.15523062366992235,-0.03875349462032318
6501,25.0,885,1.019148349761963,,0.1961104292422533,-0.010731019079685211
6502,32.0,1176,1.280942678451538,,0.06019941112026572,-0.06001036986708641
6503,29.0,949,1.0766568183898926,,0.0730132416356355,-0.043332554399967194
6504,32.0,1029,1.1654152870178223,,0.11423509428277612,-0.03854279965162277
6505,25.0,951,1.0856709480285645,,0.099749771412462,-0.06427361816167831
6506,30.0,1105,1.2414584159851074,,0.07081677485257387,-0.0673801600933075
6507,27.0,1007,1.140838861465454,,0.07459650747478008,-0.05150067061185837
6508,34.0,1331,1.4269797801971436,,0.09049908258020878,-0.06828587502241135
6509,28.0,1076,1.1919021606445312,,0.12793986592441797,-0.03392437472939491
6510,31.0,1186,1.3910448551177979,,0.12122990330681205,-0.06389279663562775
6511,17.0,585,0.6580708026885986,,0.11112550320103765,-0.06308308243751526
6512,29.0,1408,1.6075592041015625,,0.13115684501826763,-0.074770987033844
6513,27.0,1110,1.2396433353424072,,0.05949210608378053,-0.05946725979447365
6514,23.0,888,1.0323872566223145,,0.07028084085322917,-0.06305833160877228
6515,23.0,863,0.9355370998382568,,0.07560975640080869,-0.07149921357631683
6516,26.0,975,1.1087312698364258,,0.08654696913436055,-0.06913819909095764
6517,21.0,852,0.9886817932128906,,0.10222970880568027,-0.05144583806395531
6518,28.0,1053,1.1804425716400146,,0.18563681980594993,-0.020787891000509262
6519,17.0,599,0.6646287441253662,,0.14446465438231826,-0.07651685178279877
6520,30.0,1195,1.3070940971374512,,0.11367115983739495,-0.05160742253065109
6521,26.0,840,0.9900846481323242,,0.10653482005000114,-0.05478531867265701
6522,28.0,1153,1.264618158340454,,0.11647176137194037,-0.043275557458400726
6523,28.0,1074,1.2024555206298828,,0.11950385710224509,-0.051412373781204224
6524,28.0,946,1.0743687152862549,,0.09408457949757576,-0.06139722093939781
6525,18.0,664,0.822136402130127,,0.11892844783142209,-0.049360714852809906
6526,18.0,669,0.7420430183410645,,0.11513990676030517,-0.05878967046737671
6527,27.0,1015,1.1600682735443115,,0.1775250369682908,-0.015368357300758362
6528,22.0,947,1.0738627910614014,,0.09306874545291066,-0.061524905264377594
6529,24.0,809,0.8628568649291992,,0.0970676802098751,-0.06548042595386505
6530,26.0,1092,1.2088887691497803,,0.1365780751220882,-0.04102945327758789
6531,29.0,1022,1.140000820159912,,0.09818059811368585,-0.05403472110629082
6532,30.0,1255,1.4435980319976807,,0.10491978982463479,-0.05275363102555275
6533,22.0,850,0.9000380039215088,,0.11984064150601625,-0.08349641412496567
6534,26.0,1157,1.3880844116210938,,0.07238367665559053,-0.07392171025276184
6535,34.0,1341,1.4484970569610596,,0.12460836861282587,-0.0369647815823555
6536,16.0,557,0.6277890205383301,,0.10123704979196191,-0.08107780665159225
6537,19.0,887,1.0386548042297363,,0.21178890764713287,-0.02750110626220703
6538,18.0,1036,1.1662731170654297,,0.17528077587485313,-0.02434714138507843
6539,20.0,690,0.8453309535980225,,0.17196736158803105,-0.042932476848363876
6540,29.0,1032,1.1783154010772705,,0.1220982950180769,-0.06421209871768951
6541,27.0,1025,1.1620781421661377,,0.08382681733928621,-0.06757985055446625
6542,25.0,1056,1.2087702751159668,,0.1486510969698429,-0.033582668751478195
6543,9.0,633,0.7098135948181152,,0.13607397116720676,-0.07307551056146622
6544,13.0,644,0.7151882648468018,,0.1875057090073824,-0.007375791668891907
6545,21.0,826,0.9680578708648682,,0.08562911953777075,-0.054745014756917953
6546,26.0,1097,1.231153964996338,,0.08229410648345947,-0.07791145145893097
6547,21.0,770,0.8237559795379639,,0.15352538274601102,-0.062237583100795746
6548,28.0,822,0.9654717445373535,,0.14762115525081754,-0.051218099892139435
6549,27.0,949,1.0778112411499023,,0.12225478747859597,-0.045528046786785126
6550,19.0,621,0.6857695579528809,,0.09796314220875502,-0.0810341015458107
6551,22.0,763,0.9077324867248535,,0.13077072519809008,-0.038331180810928345
6552,19.0,663,0.7345507144927979,,0.12036944460123777,-0.06700161844491959
6553,23.0,899,1.0378155708312988,,0.14992608688771725,-0.026675470173358917
6554,26.0,1131,1.264209270477295,,0.13085167203098536,-0.04767030477523804
6555,24.0,855,0.9095058441162109,,0.07796860788948834,-0.08097357302904129
6556,24.0,741,0.8926253318786621,,0.1292161913588643,-0.05159738287329674
6557,32.0,1313,1.4144997596740723,,0.10319998115301132,-0.05141902342438698
6558,29.0,942,1.078317642211914,,0.11821651645004749,-0.05743535980582237
6559,25.0,1086,1.2041831016540527,,0.08208636939525604,-0.07282213121652603
6560,12.0,620,0.7765765190124512,,0.14342411886900663,-0.06452694535255432
6561,24.0,873,0.9276723861694336,,0.178885858040303,-0.048277854919433594
6562,31.0,947,1.0886075496673584,,0.1284416737034917,-0.06323294341564178
6563,17.0,585,0.6520199775695801,,0.06610993458889425,-0.07627744227647781
6564,29.0,1181,1.380366563796997,,0.09616663074120879,-0.06056134030222893
6565,12.0,617,0.6949257850646973,,0.061866710893809795,-0.07524791359901428
6566,26.0,990,1.1335785388946533,,0.12643274804577231,-0.051128409802913666
6567,30.0,990,1.1184990406036377,,0.08087242348119617,-0.053654443472623825
6568,27.0,1030,1.169701099395752,,0.13520989194512367,-0.031770382076501846
6569,32.0,1203,1.3048968315124512,,0.09768038243055344,-0.055973730981349945
6570,47.0,1737,1.9097414016723633,,0.0968868900090456,-0.06866957992315292
6571,26.0,1038,1.2452001571655273,,0.13594079529866576,-0.0326552614569664
6572,23.0,803,0.8727800846099854,,0.131989152636379,-0.06695160269737244
6573,25.0,719,0.7756590843200684,,0.11070459894835949,-0.03996937721967697
6574,29.0,1178,1.3843200206756592,,0.08082448900677264,-0.062027253210544586
6575,23.0,718,0.7932350635528564,,0.09047259343788028,-0.08775397390127182
6576,38.0,1270,1.4778392314910889,,0.09408657671883702,-0.06890842318534851
6577,25.0,948,1.081131935119629,,0.1432508989237249,-0.05300314724445343
6578,32.0,1097,1.2230236530303955,,0.0931927184574306,-0.036644719541072845
6579,31.0,1399,1.5037569999694824,,0.07504954654723406,-0.06883694976568222
6580,27.0,921,1.0401065349578857,,0.09304847754538059,-0.057639725506305695
6581,28.0,840,0.9780988693237305,,0.09637106955051422,-0.06284891813993454
6582,28.0,1069,1.1907527446746826,,0.150503758341074,-0.021859757602214813
6583,32.0,1124,1.2391393184661865,,0.10051592392846942,-0.07227569818496704
6584,17.0,591,0.6640493869781494,,0.17317792121320963,-0.05162324011325836
6585,28.0,1127,1.259305477142334,,0.1853151647374034,-0.018635578453540802
6586,29.0,1049,1.2575109004974365,,0.07321021216921508,-0.06704161316156387
6587,31.0,1191,1.3232903480529785,,0.17093177698552608,-0.02854539081454277
6588,26.0,974,1.1116931438446045,,0.08665685239247978,-0.059395648539066315
6589,25.0,1003,1.1418607234954834,,0.11668673856183887,-0.054314784705638885
6590,30.0,912,0.9648857116699219,,0.15234506642445922,-0.06446363776922226
6591,24.0,763,0.8989930152893066,,0.0988964345306158,-0.06097792088985443
6592,23.0,935,1.0692667961120605,,0.09460376715287566,-0.04204900190234184
6593,31.0,1304,1.4085242748260498,,0.1530728186480701,-0.03052997961640358
6594,30.0,1240,1.4231727123260498,,0.16721079405397177,-0.022257544100284576
6595,29.0,1324,1.4354212284088135,,0.12954038102179766,-0.03559723496437073
6596,20.0,805,0.9383487701416016,,0.07763626705855131,-0.07137402892112732
6597,24.0,637,0.7178244590759277,,0.14561387989670038,-0.02305823564529419
6598,27.0,933,1.0634620189666748,,0.1041169879026711,-0.06677281111478806
6599,33.0,1505,1.6946144104003906,,0.20433261524885893,-0.013614960014820099
6600,28.0,1044,1.168191909790039,,0.08127496158704162,-0.04587959125638008
6601,23.0,739,0.7928991317749023,,0.11643967824056745,-0.06459272652864456
6602,26.0,848,0.9979038238525391,,0.10602270858362317,-0.07585421204566956
6603,32.0,1166,1.2547616958618164,,0.1339910994283855,-0.03491811826825142
6604,34.0,1227,1.40694260597229,,0.06987366685643792,-0.07370112091302872
6605,29.0,1100,1.2350339889526367,,0.07542195217683911,-0.05792148411273956
6606,21.0,784,0.8337340354919434,,0.1569553865119815,-0.040170818567276
6607,23.0,803,0.9540252685546875,,0.10439876466989517,-0.06310462206602097
6608,18.0,820,0.9666182994842529,,0.13525450928136706,-0.055459462106227875
6609,29.0,1110,1.258873462677002,,0.11772367591038346,-0.04834109544754028
6610,23.0,733,0.7989146709442139,,0.08793915016576648,-0.0802917629480362
6611,32.0,1255,1.4655601978302002,,0.0969867305830121,-0.06652188301086426
6612,26.0,787,0.847283124923706,,0.1413520216010511,-0.06804215908050537
6613,26.0,883,1.0336017608642578,,0.12679971614852548,-0.06247103214263916
6614,25.0,986,1.1115505695343018,,0.09968221187591553,-0.07087955623865128
6615,16.0,542,0.6146361827850342,,0.11608274234458804,-0.06949689984321594
6616,33.0,1101,1.2149667739868164,,0.1356867733411491,-0.040495872497558594
6617,15.0,657,0.7281782627105713,,0.20656642131507397,-0.03377452492713928
6618,28.0,1276,1.4654064178466797,,0.11581579595804214,-0.043767184019088745
6619,27.0,803,0.8628544807434082,,0.0916110286489129,-0.08138921111822128
6620,20.0,771,0.9218366146087646,,0.09732617624104023,-0.0625302791595459
6621,12.0,475,0.5540850162506104,,0.12136577069759369,-0.04807056486606598
6622,23.0,869,1.0110557079315186,,0.17705042520537972,-0.03138206899166107
6623,48.0,2165,2.4037179946899414,,0.13440241990610957,-0.023456145077943802
6624,18.0,687,0.7694039344787598,,0.20967893674969673,-0.04738287627696991
6625,13.0,509,0.5803608894348145,,0.18011488066986203,-0.03734595328569412
6626,20.0,819,0.968010425567627,,0.12322102906182408,-0.04456130415201187
6627,26.0,958,1.0944039821624756,,0.13435746589675546,-0.029763638973236084
6628,20.0,671,0.7491579055786133,,0.14131801761686802,-0.052794840186834335
6629,31.0,1146,1.2759814262390137,,0.08832731330767274,-0.06749745458364487
6630,16.0,597,0.6663539409637451,,0.15825623832643032,-0.048614129424095154
6631,33.0,1384,1.575493335723877,,0.121689282823354,-0.05999401584267616
6632,24.0,739,0.8018808364868164,,0.08629976632073522,-0.08874057233333588
6633,20.0,674,0.8404495716094971,,0.12643478624522686,-0.03928527235984802
6634,34.0,1232,1.3566884994506836,,0.13302560336887836,-0.047061674296855927
6635,35.0,1441,1.6172399520874023,,0.14153830474242568,-0.056923285126686096
6636,29.0,1085,1.2096140384674072,,0.08351009455509484,-0.05645563453435898
6637,24.0,819,0.9748721122741699,,0.1100736204534769,-0.06670451164245605
6638,31.0,1093,1.212010383605957,,0.10756751988083124,-0.059432514011859894
6639,53.0,2102,2.339000701904297,,0.1983824297785759,-0.02949746698141098
6640,29.0,999,1.1406173706054688,,0.194592431653291,-0.026476949453353882
6641,29.0,1187,1.308154821395874,,0.09528985852375627,-0.045166775584220886
6642,10.0,491,0.581770658493042,,0.16482718707993627,-0.04586787149310112
6643,22.0,691,0.7609930038452148,,0.09140985878184438,-0.07542479038238525
6644,22.0,793,0.946418046951294,,0.11141060059890151,-0.05411698669195175
6645,26.0,925,1.0586700439453125,,0.12381840962916613,-0.056608740240335464
6646,27.0,1023,1.151357650756836,,0.06338698207400739,-0.07380670309066772
6647,29.0,1061,1.1959125995635986,,0.12267054244875908,-0.060142651200294495
6648,25.0,1044,1.1595516204833984,,0.09920609183609486,-0.05718139931559563
6649,23.0,789,0.8545606136322021,,0.1644501918926835,-0.038236282765865326
6650,23.0,849,0.9863810539245605,,0.17716188309714198,-0.03184773400425911
6651,20.0,993,1.1391167640686035,,0.18424167856574059,-0.023314237594604492
6652,21.0,769,0.9247128963470459,,0.1206377218477428,-0.06490854173898697
6653,21.0,891,0.9479808807373047,,0.10757366241887212,-0.07871650159358978
6654,35.0,1373,1.5656578540802002,,0.15399737702682614,-0.053415872156620026
6655,31.0,1216,1.3283262252807617,,0.24051220901310444,-0.017625056207180023
6656,32.0,1106,1.3063836097717285,,0.10186682501807809,-0.069435715675354
6657,18.0,741,0.818690299987793,,0.1192329116165638,-0.06677784025669098
6658,27.0,1043,1.1756629943847656,,0.1685397601686418,-0.022805869579315186
6659,27.0,1111,1.2326927185058594,,0.11550650652498007,-0.06050679832696915
6660,18.0,767,0.9324774742126465,,0.14505452942103148,-0.05593758076429367
6661,27.0,955,1.1059470176696777,,0.20728248916566372,0.000337846577167511
6662,32.0,1309,1.4144649505615234,,0.08973660971969366,-0.07703723013401031
6663,33.0,1407,1.5878894329071045,,0.10721569322049618,-0.0621790811419487
6664,30.0,1199,1.31427001953125,,0.05372915486805141,-0.08396822214126587
6665,34.0,1163,1.2762651443481445,,0.09031736617907882,-0.07570723444223404
6666,26.0,999,1.124047040939331,,0.11227167956531048,-0.055683039128780365
6667,16.0,885,1.0285394191741943,,0.1278824000619352,-0.06194347143173218
6668,30.0,1339,1.5394248962402344,,0.13170527340844274,-0.05883973464369774
6669,27.0,919,1.0622045993804932,,0.06970373634248972,-0.06481821835041046
6670,28.0,1204,1.3216919898986816,,0.15512652974575758,-0.037862952798604965
6671,21.0,785,0.842684268951416,,0.10371244652196765,-0.04972955584526062
6672,32.0,1163,1.3674404621124268,,0.11383721185848117,-0.07005788385868073
6673,27.0,1009,1.1499528884887695,,0.0810856013558805,-0.07031943649053574
6674,48.0,1763,1.9392013549804688,,0.14240790298208594,-0.0689360648393631
6675,20.0,753,0.9034624099731445,,0.18617205740883946,-0.03911516070365906
6676,27.0,847,0.9060015678405762,,0.18327811686322093,-0.021334249526262283
6677,30.0,1250,1.4530668258666992,,0.1345704747363925,-0.041044555604457855
6678,29.0,1081,1.2184760570526123,,0.09049287834204733,-0.05594468116760254
6679,23.0,729,0.8032331466674805,,0.11141585512086749,-0.08271212875843048
6680,33.0,1306,1.5021305084228516,,0.10080480668693781,-0.06995531916618347
6681,31.0,1195,1.330277442932129,,0.13187893154099584,-0.04835048317909241
6682,22.0,791,0.9356110095977783,,0.0984211121685803,-0.05898532271385193
6683,23.0,1105,1.247795581817627,,0.10933798551559448,-0.04098090901970863
6684,32.0,991,1.1194732189178467,,0.12955656554549932,-0.05136176571249962
6685,24.0,885,1.024158239364624,,0.10818955302238464,-0.05630715191364288
6686,25.0,865,0.9330580234527588,,0.18232711823657155,-0.028529196977615356
6687,33.0,1256,1.4515743255615234,,0.14312659902498126,-0.06464836746454239
6688,24.0,817,0.8910400867462158,,0.10978828463703394,-0.07569120079278946
6689,33.0,1437,1.6414592266082764,,0.12772159418091178,-0.04705890268087387
6690,23.0,1095,1.223336935043335,,0.07618684298358858,-0.0729631707072258
6691,26.0,829,0.9752013683319092,,0.07195350364781916,-0.08767704665660858
6692,38.0,1723,1.894970417022705,,0.10858660796657205,-0.06955181062221527
6693,12.0,593,0.6602916717529297,,0.11388188600540161,-0.06398420035839081
6694,21.0,817,0.9806928634643555,,0.2915931297466159,0.01569390296936035
6695,14.0,665,0.748124361038208,,0.18926706677302718,-0.02113453298807144
6696,33.0,1101,1.2160465717315674,,0.13554709637537599,-0.04605025425553322
6697,15.0,679,0.8463902473449707,,0.07496607699431479,-0.08580183237791061
6698,32.0,1395,1.5054852962493896,,0.134249456692487,-0.059230443090200424
6699,5.0,423,0.4988820552825928,,0.14350151410326362,-0.056503184139728546
6700,32.0,1461,1.647413969039917,,0.14945934666320682,-0.03956965357065201
6701,19.0,773,0.9237549304962158,,0.07437568553723395,-0.0796557068824768
6702,27.0,1131,1.2716975212097168,,0.12376358592882752,-0.04779776930809021
6703,27.0,1005,1.1433420181274414,,0.153392200358212,-0.03422340378165245
6704,18.0,820,0.8844196796417236,,0.26160491816699505,-0.024046070873737335
6705,13.0,729,0.8899989128112793,,0.18584998231381178,-0.048598915338516235
6706,17.0,769,0.8336160182952881,,0.17439623828977346,-0.02167869359254837
6707,22.0,949,1.091602087020874,,0.14264113875105977,-0.04900628700852394
6708,29.0,1221,1.4292001724243164,,0.1727193184196949,-0.032642051577568054
6709,27.0,1033,1.1740036010742188,,0.0954271531663835,-0.056457579135894775
6710,31.0,1355,1.4758093357086182,,0.15434373123571277,-0.04767439141869545
6711,30.0,1185,1.3953185081481934,,0.1372665110975504,-0.059943169355392456
6712,17.0,697,0.7693076133728027,,0.08387784706428647,-0.07140105962753296
6713,25.0,1057,1.180333137512207,,0.17160457465797663,-0.04249465838074684
6714,32.0,1287,1.3835160732269287,,0.12294316990301013,-0.07355432212352753
6715,4.0,422,0.5048954486846924,,0.16529400646686554,-0.04869607836008072
6716,25.0,884,1.0247282981872559,,0.20088520972058177,-0.017687290906906128
6717,47.0,1833,2.083075761795044,,0.08377779531292617,-0.07500263303518295
6718,28.0,1345,1.4768784046173096,,0.13986693928018212,-0.020957328379154205
6719,20.0,891,1.0496525764465332,,0.10032105050049722,-0.060082778334617615
6720,20.0,813,0.9679534435272217,,0.17405209131538868,-0.04167938977479935
6721,20.0,723,0.8127946853637695,,0.23346477933228016,-0.0038784220814704895
6722,17.0,781,0.8443567752838135,,0.1134857451543212,-0.05783096328377724
6723,14.0,678,0.8406891822814941,,0.1371208392083645,-0.05014931783080101
6724,12.0,582,0.658165454864502,,0.1381258014589548,-0.04644065350294113
6725,26.0,1129,1.2515830993652344,,0.11033887835219502,-0.05712593346834183
6726,21.0,893,1.0401318073272705,,0.05762926465831697,-0.08147327601909637
6727,31.0,1241,1.3372840881347656,,0.07116763480007648,-0.07710286974906921
6728,33.0,1394,1.5842576026916504,,0.15847486443817616,-0.04269203543663025
6729,9.0,481,0.5525484085083008,,0.066288334550336,-0.07690874487161636
6730,29.0,1287,1.5112824440002441,,0.09005444264039397,-0.08267663419246674
6731,21.0,993,1.0598464012145996,,0.10508455778472126,-0.08933298289775848
6732,24.0,854,0.9959383010864258,,0.14371553855016828,-0.05365682393312454
6733,31.0,1540,1.7186896800994873,,0.24052000232040882,0.005495443940162659
6734,26.0,911,1.0579400062561035,,0.03368179907556623,-0.09049045294523239
6735,25.0,965,1.1062142848968506,,0.07444085413590074,-0.06218067184090614
6736,30.0,1342,1.4444799423217773,,0.13366505270823836,-0.0457618311047554
6737,26.0,996,1.1237306594848633,,0.07453261176124215,-0.0627768337726593
6738,18.0,722,0.8786008358001709,,0.11246639001183212,-0.05995050072669983
6739,13.0,688,0.7606348991394043,,0.18695878563448787,-0.037691716104745865
6740,12.0,539,0.6155381202697754,,0.0978359654545784,-0.05432663485407829
6741,27.0,1033,1.1692509651184082,,0.12008491950109601,-0.0415128692984581
6742,34.0,1324,1.5073137283325195,,0.16680952161550522,-0.052789002656936646
6743,4.0,393,0.4775881767272949,,0.073067408753559,-0.08785422146320343
6744,32.0,1032,1.1577048301696777,,0.15289524057880044,-0.0592159703373909
6745,16.0,745,0.8159153461456299,,0.17907889559864998,-0.04881282150745392
6746,5.0,507,0.5823853015899658,,0.18638053070753813,-0.012825414538383484
6747,16.0,783,0.9350783824920654,,0.24748299829661846,-0.0054153501987457275
6748,7.0,593,0.6867818832397461,,0.21282037533819675,-0.02368590235710144
6749,19.0,798,0.8701491355895996,,0.13430904364213347,-0.03280061483383179
6750,19.0,929,1.0760245323181152,,0.13321793312206864,-0.06319625675678253
6751,7.0,501,0.5719461441040039,,0.21128740813583136,-0.03407125920057297
6752,47.0,1961,2.193537950515747,,0.042282379465177655,-0.09487874060869217
6753,19.0,761,0.828394889831543,,0.28367431461811066,0.002036087214946747
6754,25.0,1006,1.1302225589752197,,0.15448564989492297,-0.05422865226864815
6755,26.0,837,0.9899659156799316,,0.07625395385548472,-0.09386666119098663
6756,28.0,1055,1.1812794208526611,,0.08539812569506466,-0.057988762855529785
6757,31.0,1229,1.3426251411437988,,0.08386129955761135,-0.07845095545053482
6758,24.0,907,1.0409157276153564,,0.14661373710259795,-0.057297706604003906
6759,32.0,1147,1.2752947807312012,,0.09887822158634663,-0.07680413872003555
6760,30.0,1113,1.3158326148986816,,0.13300926284864545,-0.056185927242040634
6761,29.0,1083,1.2125675678253174,,0.10957852378487587,-0.045603957027196884
6762,23.0,1068,1.2058959007263184,,0.15102909971028566,-0.043257471174001694
6763,9.0,602,0.6785147190093994,,0.2248956961557269,-0.018965542316436768
6764,31.0,1057,1.1796188354492188,,0.2582734227180481,0.013503789901733398
6765,19.0,752,0.8189160823822021,,0.14519755076617002,-0.05823902785778046
6766,29.0,1216,1.4217140674591064,,0.09088111063465476,-0.07692182809114456
6767,24.0,876,1.0219874382019043,,0.07883475441485643,-0.07803048938512802
6768,28.0,1151,1.284759759902954,,0.08683640602976084,-0.06674081832170486
6769,26.0,872,1.0167274475097656,,0.0840104897506535,-0.07137948274612427
6770,29.0,1102,1.2311451435089111,,0.13569492660462856,-0.06699590384960175
6771,30.0,1137,1.2761545181274414,,0.1250465870834887,-0.05479449778795242
6772,52.0,2147,2.401911973953247,,0.15983931720256805,-0.03462901711463928
6773,31.0,1259,1.4739353656768799,,0.13922593835741282,-0.043034546077251434
6774,19.0,814,0.8812816143035889,,0.11096047190949321,-0.07598166912794113
6775,25.0,988,1.1302237510681152,,0.11780408164486289,-0.07221128046512604
6776,40.0,1425,1.6124286651611328,,0.15841523418202996,-0.03588645160198212
6777,29.0,1220,1.3453915119171143,,0.15491928067058325,-0.028922799974679947
6778,33.0,1245,1.4376540184020996,,0.14552703313529491,-0.05628237500786781
6779,20.0,814,0.8742029666900635,,0.0862277215346694,-0.09056094288825989
6780,31.0,973,1.1101231575012207,,0.12562151905149221,-0.05922970548272133
6781,18.0,641,0.7071943283081055,,0.13082830933853984,-0.06387431919574738
6782,29.0,883,1.0325024127960205,,0.2577221551910043,0.006057754158973694
6783,22.0,843,0.9978339672088623,,0.1991564454510808,-0.051504313945770264
6784,27.0,1174,1.2983322143554688,,0.10176783939823508,-0.058376774191856384
6785,27.0,831,0.9673070907592773,,0.09296300634741783,-0.06696034967899323
6786,20.0,643,0.7178971767425537,,0.21574501786381006,-0.022819817066192627
6787,19.0,858,1.005704641342163,,0.09594054939225316,-0.048394497483968735
6788,24.0,845,0.9241080284118652,,0.22772613260895014,0.008893683552742004
6789,25.0,955,1.1089704036712646,,0.13941889628767967,-0.041142866015434265
6790,32.0,1231,1.440103530883789,,0.2045684796757996,-0.03663208708167076
6791,50.0,1928,2.1018314361572266,,0.15346125653013587,-0.06947203725576401
6792,25.0,1127,1.3565795421600342,,0.14555532671511173,-0.044391803443431854
6793,31.0,901,0.9674339294433594,,0.07104454934597015,-0.09406794607639313
6794,25.0,964,1.1097824573516846,,0.10808403417468071,-0.0787765383720398
6795,26.0,922,1.0591204166412354,,0.13245910732075572,-0.06075374037027359
6796,28.0,981,1.1191685199737549,,0.17295940034091473,-0.024037525057792664
6797,31.0,1043,1.176239252090454,,0.08100185869261622,-0.08319667726755142
6798,25.0,1219,1.3316524028778076,,0.09650250617414713,-0.0636487603187561
6799,18.0,687,0.8532240390777588,,0.20050722500309348,-0.0057368203997612
6800,31.0,1153,1.2712621688842773,,0.14478600351139903,-0.04376119747757912
6801,26.0,1064,1.1978535652160645,,0.0825156276114285,-0.06415984034538269
6802,14.0,927,1.0808255672454834,,0.11219880823045969,-0.05864512175321579
6803,23.0,739,0.8121416568756104,,0.15533496253192425,-0.0260903500020504
6804,16.0,588,0.6560945510864258,,0.09989960980601609,-0.05831815302371979
6805,33.0,1365,1.566824197769165,,0.1492589288391173,-0.06209094077348709
6806,17.0,653,0.7272648811340332,,0.08976781275123358,-0.08613622188568115
6807,30.0,991,1.1287257671356201,,0.15837409952655435,-0.047897253185510635
6808,23.0,1065,1.196307897567749,,0.14449558639898896,-0.054641567170619965
6809,27.0,943,1.0780763626098633,,0.10144982254132628,-0.06758186221122742
6810,27.0,985,1.1145689487457275,,0.09948897315189242,-0.07325716316699982
6811,27.0,908,1.037522792816162,,0.11403176700696349,-0.06892634928226471
6812,29.0,927,1.067922830581665,,0.11315193073824048,-0.05512956902384758
6813,34.0,1301,1.413964033126831,,0.08186330716125667,-0.06431581825017929
6814,29.0,1145,1.2561168670654297,,0.050954194040969014,-0.0859919935464859
6815,25.0,903,1.049274206161499,,0.051115268375724554,-0.08989642560482025
6816,24.0,859,1.0002434253692627,,0.10946438135579228,-0.058599166572093964
6817,17.0,660,0.7202019691467285,,0.24934015236794949,0.026001647114753723
6818,26.0,1000,1.1330783367156982,,0.15213707368820906,-0.02965979278087616
6819,28.0,1061,1.1885788440704346,,0.12326821917667985,-0.07572716474533081
6820,28.0,1025,1.140082597732544,,0.09089108416810632,-0.08020982146263123
6821,31.0,1180,1.3683512210845947,,0.14343191869556904,-0.048319894820451736
6822,23.0,761,0.8280739784240723,,0.04468473047018051,-0.08874770998954773
6823,26.0,948,1.08260178565979,,0.11130546499043703,-0.051032695919275284
6824,18.0,627,0.7087371349334717,,0.23488361481577158,-0.01601068675518036
6825,39.0,1415,1.6130452156066895,,0.1283716126345098,-0.06327939033508301
6826,23.0,930,1.0720109939575195,,0.12712542666122317,-0.02598274126648903
6827,19.0,759,0.8461728096008301,,0.15889384271577,-0.05515375733375549
6828,23.0,797,0.9585330486297607,,0.13882998656481504,-0.05226463824510574
6829,23.0,985,1.1350250244140625,,0.08313935017213225,-0.0836113765835762
6830,26.0,835,0.8947596549987793,,0.17483755759894848,-0.019840098917484283
6831,31.0,1002,1.146986484527588,,0.18401279859244823,-0.03428630530834198
6832,22.0,815,0.971473217010498,,0.057292408077046275,-0.08348904550075531
6833,24.0,833,0.8990931510925293,,0.20265513472259045,-0.00423392653465271
6834,33.0,1373,1.5625121593475342,,0.08416818315163255,-0.06253349781036377
6835,32.0,1163,1.2760365009307861,,0.08378234598785639,-0.06605377048254013
6836,37.0,1444,1.634937047958374,,0.09226915566250682,-0.05394705384969711
6837,30.0,1094,1.2078056335449219,,0.2415364170446992,0.024734333157539368
6838,36.0,1461,1.6409409046173096,,0.10395505372434855,-0.05496229603886604
6839,12.0,551,0.6216332912445068,,0.13513469835743308,-0.06182398274540901
6840,19.0,697,0.8462133407592773,,0.2336561121046543,-0.004669740796089172
6841,15.0,570,0.6526980400085449,,0.2014925554394722,-0.030211567878723145
6842,30.0,1291,1.3913941383361816,,0.15135599579662085,-0.034472476691007614
6843,31.0,1175,1.3774995803833008,,0.17944158241152763,-0.03424796462059021
6844,26.0,987,1.0291128158569336,,0.07757523329928517,-0.07724665105342865
6845,32.0,1199,1.398041009902954,,0.12735994579270482,-0.047538384795188904
6846,27.0,1406,1.5750796794891357,,0.1354542993940413,-0.05277658998966217
6847,28.0,999,1.1284584999084473,,0.15024143876507878,-0.02657628431916237
6848,20.0,770,0.845252275466919,,0.0932231885381043,-0.07153159379959106
6849,33.0,1546,1.736473798751831,,0.1349038677290082,-0.03450687974691391
6850,20.0,766,0.9136028289794922,,0.05935280676931143,-0.0832543671131134
6851,20.0,801,0.8731553554534912,,0.2627454223111272,0.0371067076921463
6852,15.0,753,0.902759313583374,,0.10577529622241855,-0.050571706146001816
6853,25.0,893,0.9570953845977783,,0.1250023553147912,-0.03911525011062622
6854,30.0,1187,1.3994386196136475,,0.12930665956810117,-0.037855200469493866
6855,23.0,853,0.9225902557373047,,0.07637867168523371,-0.08436350524425507
6856,30.0,1267,1.4438958168029785,,0.1444299416616559,-0.028726711869239807
6857,20.0,800,0.8665990829467773,,0.06304125231690705,-0.09125524014234543
6858,19.0,853,0.9931464195251465,,0.29345380794256926,0.0336923748254776
6859,24.0,739,0.7933249473571777,,0.2015138380229473,-0.01005774736404419
6860,30.0,1015,1.1413805484771729,,0.156118992716074,-0.03280124068260193
6861,20.0,705,0.8551275730133057,,0.14901429740712047,-0.05890801548957825
6862,14.0,675,0.74359130859375,,0.12236547702923417,-0.03195080906152725
6863,31.0,1241,1.448854684829712,,0.1420326274819672,-0.05455106496810913
6864,30.0,1415,1.5246131420135498,,0.12113729165866971,-0.04105500876903534
6865,39.0,1391,1.5760161876678467,,0.1792307933792472,-0.025663822889328003
6866,27.0,1235,1.3556387424468994,,0.2164672715589404,-0.010488487780094147
6867,16.0,721,0.8727638721466064,,0.09903027443215251,-0.08888097107410431
6868,16.0,735,0.8021917343139648,,0.12503818655386567,-0.047129444777965546
6869,30.0,1117,1.2409653663635254,,0.18563190754503012,-0.01267138123512268
6870,20.0,704,0.8604223728179932,,0.09486638195812702,-0.0712844654917717
6871,9.0,558,0.6333882808685303,,0.1374119776301086,-0.0506838858127594
6872,60.0,2117,2.353972911834717,,0.11723068775609136,-0.04900669306516647
6873,20.0,721,0.7838177680969238,,0.18827394023537636,-0.04795454442501068
6874,27.0,1005,1.1428356170654297,,0.17224952764809132,-0.02630148082971573
6875,29.0,1197,1.4019665718078613,,0.12125846417620778,-0.03484061360359192
6876,8.0,557,0.6465704441070557,,0.12787633063271642,-0.06743881106376648
6877,31.0,1205,1.3262884616851807,,0.17241553869098425,-0.04038779437541962
6878,27.0,1109,1.2196907997131348,,0.08763960050418973,-0.06440313160419464
6879,28.0,1108,1.3055293560028076,,0.10354404477402568,-0.05832289904356003
6880,26.0,955,1.0065085887908936,,0.21461320761591196,-0.04431157559156418
6881,30.0,1491,1.6729960441589355,,0.09295057458803058,-0.06514513492584229
6882,20.0,971,1.1108055114746094,,0.05889377067796886,-0.07307441532611847
6883,25.0,776,0.9112513065338135,,0.16142699914053082,-0.04818141460418701
6884,16.0,637,0.7139427661895752,,0.1400677184574306,-0.036067068576812744
6885,17.0,692,0.7508368492126465,,0.18929191678762436,-0.039574749767780304
6886,27.0,1020,1.159738540649414,,0.11214288417249918,-0.055426426231861115
6887,33.0,1315,1.507568597793579,,0.10062714293599129,-0.053898297250270844
6888,24.0,803,0.8657505512237549,,0.09307639254257083,-0.08427014201879501
6889,28.0,994,1.1203899383544922,,0.19719287287443876,-0.0477529913187027
6890,12.0,627,0.7898313999176025,,0.11861589923501015,-0.05906742438673973
6891,31.0,1439,1.5375220775604248,,0.20379982516169548,-0.03284697234630585
6892,28.0,1303,1.4984829425811768,,0.11357974167913198,-0.059425584971904755
6893,33.0,1471,1.6540114879608154,,0.1437665200792253,-0.04339376091957092
6894,31.0,1321,1.4453823566436768,,0.09097782103344798,-0.051393430680036545
6895,24.0,865,1.0060808658599854,,0.09916665917262435,-0.07009388506412506
6896,16.0,715,0.8746867179870605,,0.12328807078301907,-0.050468288362026215
6897,34.0,1572,1.7633650302886963,,0.16122369095683098,-0.05070436745882034
6898,30.0,1188,1.3157119750976562,,0.21286246087402105,-0.015985146164894104
6899,24.0,833,0.9801995754241943,,0.11633202387019992,-0.05265697091817856
6900,28.0,1299,1.4203784465789795,,0.12959918845444918,-0.04959093779325485
6901,29.0,1288,1.495572566986084,,0.26592081412672997,0.020304754376411438
6902,32.0,1257,1.3726208209991455,,0.14256050996482372,-0.037817470729351044
6903,12.0,629,0.69889235496521,,0.18358428729698062,-0.04602980613708496
6904,34.0,980,1.105339765548706,,0.14552799705415964,-0.02893023192882538
6905,31.0,1521,1.6874403953552246,,0.14388445764780045,-0.05324576795101166
6906,31.0,1139,1.2515554428100586,,0.06064216373488307,-0.07176610827445984
6907,27.0,983,1.1172425746917725,,0.08255017199553549,-0.0776328444480896
6908,17.0,744,0.9139924049377441,,0.11738485982641578,-0.07026667147874832
6909,25.0,912,1.0547544956207275,,0.14615599904209375,-0.05202117934823036
6910,26.0,989,1.0462496280670166,,0.16738015273585916,-0.050739120692014694
6911,29.0,1070,1.2923166751861572,,0.11732573714107275,-0.04888947308063507
6912,32.0,1101,1.2351326942443848,,0.12797964736819267,-0.04555869475007057
6913,29.0,994,1.1409854888916016,,0.06864465051330626,-0.06883830577135086
6914,24.0,727,0.8017592430114746,,0.1255609169602394,-0.059307921677827835
6915,30.0,1341,1.5324304103851318,,0.12941075628623366,-0.05073755607008934
6916,34.0,969,1.112579584121704,,0.10890285857021809,-0.05590066686272621
6917,33.0,1487,1.6928884983062744,,0.12092756293714046,-0.05987793207168579
6918,29.0,1277,1.390861988067627,,0.11755019286647439,-0.0524519681930542
6919,23.0,864,1.0108463764190674,,0.1105410996824503,-0.0572906918823719
6920,20.0,755,0.8268797397613525,,0.16099896701052785,-0.04437732324004173
6921,28.0,1186,1.2975435256958008,,0.2536433497443795,-0.0012375563383102417
6922,17.0,758,0.9127664566040039,,0.08462024945765734,-0.08650188893079758
6923,28.0,832,0.9748349189758301,,0.20105374325066805,0.0012789666652679443
6924,32.0,1345,1.436824083328247,,0.07675521052442491,-0.0727202445268631
6925,15.0,656,0.7183356285095215,,0.1062399186193943,-0.07363976538181305
6926,30.0,1283,1.4773991107940674,,0.1384103884920478,-0.04577723518013954
6927,24.0,941,1.076996088027954,,0.07214364316314459,-0.04766416549682617
6928,27.0,1016,1.1639487743377686,,0.09459269838407636,-0.06168809533119202
6929,24.0,819,0.8838391304016113,,0.12638498563319445,-0.0733509361743927
6930,29.0,1113,1.3227612972259521,,0.14817769546061754,-0.03044705092906952
6931,28.0,1155,1.2877061367034912,,0.09579606028273702,-0.06824152171611786
6932,18.0,737,0.8146648406982422,,0.1473894314840436,-0.05726964399218559
6933,24.0,935,1.074387788772583,,0.28729301039129496,0.016327567398548126
6934,32.0,1401,1.581801414489746,,0.16213461197912693,-0.045313797891139984
6935,28.0,1041,1.1738932132720947,,0.0797006250359118,-0.05222173407673836
6936,23.0,1111,1.23704195022583,,0.133404110558331,-0.06478717923164368
6937,23.0,795,0.9445416927337646,,0.14521599374711514,-0.045338936150074005
6938,24.0,947,0.9933066368103027,,0.21375378780066967,-0.023155897855758667
6939,30.0,921,1.0447731018066406,,0.13655020808801055,-0.06894996762275696
6940,25.0,854,1.0000083446502686,,0.1241526952944696,-0.0632697194814682
6941,29.0,1152,1.258716344833374,,0.11410946911200881,-0.057099901139736176
6942,30.0,1133,1.246352195739746,,0.05012164474464953,-0.07249605655670166
6943,52.0,1960,2.1895995140075684,,0.14262386923655868,-0.06225261092185974
6944,29.0,1062,1.1735761165618896,,0.2792095569893718,0.004021808505058289
6945,33.0,1238,1.4366836547851562,,0.11604503029957414,-0.05851687118411064
6946,18.0,801,0.8689026832580566,,0.07385891606099904,-0.09888608008623123
6947,31.0,1189,1.3747904300689697,,0.21223429311066866,-0.027172282338142395
6948,28.0,913,0.9667258262634277,,0.07132565835490823,-0.08742944896221161
6949,32.0,1221,1.4363651275634766,,0.14683840237557888,-0.039787180721759796
6950,31.0,1179,1.3053746223449707,,0.0659219790250063,-0.06907312572002411
6951,28.0,1008,1.1334567070007324,,0.07620172039605677,-0.06978081166744232
6952,32.0,1190,1.3062896728515625,,0.06806347169913352,-0.07976282387971878
6953,24.0,928,1.0642693042755127,,0.12635029247030616,-0.04020984098315239
6954,34.0,1369,1.5627672672271729,,0.12858890974894166,-0.0604182593524456
6955,23.0,805,0.8606078624725342,,0.07747698738239706,-0.09042572975158691
6956,34.0,1395,1.5910096168518066,,0.07206983957439661,-0.0674818828701973
6957,28.0,1218,1.4157328605651855,,0.12204567296430469,-0.04595473036170006
6958,26.0,967,1.024839162826538,,0.08668958814814687,-0.08112921565771103
6959,31.0,1241,1.4524240493774414,,0.10271922079846263,-0.06212473288178444
6960,27.0,1025,1.1554481983184814,,0.06861958070658147,-0.08332405984401703
6961,30.0,1175,1.3009157180786133,,0.10501167038455606,-0.06009480729699135
6962,27.0,1229,1.440537929534912,,0.14090164517983794,-0.03851015865802765
6963,25.0,941,0.9908554553985596,,0.11606696294620633,-0.06877388805150986
6964,24.0,891,1.0507876873016357,,0.11762971244752407,-0.06546774506568909
6965,32.0,1025,1.157179832458496,,0.11368824308738112,-0.04621632397174835
6966,20.0,745,0.8989882469177246,,0.09211043734103441,-0.06831426173448563
6967,26.0,945,1.0108819007873535,,0.21760834101587534,-0.0036340951919555664
6968,29.0,1019,1.1639275550842285,,0.07821431197226048,-0.0785081684589386
6969,31.0,1091,1.2982792854309082,,0.10541346855461597,-0.046557627618312836
6970,32.0,1061,1.2101783752441406,,0.15134521713480353,-0.03826221823692322
6971,28.0,812,0.8953113555908203,,0.16142570786178112,-0.033746011555194855
6972,29.0,1094,1.2425236701965332,,0.09278570837341249,-0.0652751624584198
6973,28.0,1150,1.4023492336273193,,0.11459930753335357,-0.06543461233377457
6974,23.0,827,0.90850830078125,,0.11247166525572538,-0.05576884001493454
6975,25.0,1041,1.209437608718872,,0.091657021548599,-0.0675291121006012
6976,31.0,1136,1.2941813468933105,,0.1157719362527132,-0.06896719336509705
6977,23.0,834,0.9980947971343994,,0.08158273599110544,-0.07062994688749313
6978,10.0,605,0.7048327922821045,,0.12487681210041046,-0.05557574704289436
6979,17.0,688,0.8859953880310059,,0.27172324154525995,0.02233286201953888
6980,25.0,983,1.1597392559051514,,0.1282252394594252,-0.08212156593799591
6981,24.0,948,1.0169734954833984,,0.0918561527505517,-0.0866500660777092
6982,23.0,743,0.9223761558532715,,0.0831673969514668,-0.07977212965488434
6983,30.0,1104,1.2624826431274414,,0.06768177193589509,-0.07312305271625519
6984,33.0,1271,1.423323392868042,,0.06333664013072848,-0.07030808925628662
6985,21.0,902,1.0796465873718262,,0.1076816082932055,-0.06366993486881256
6986,24.0,895,1.085386037826538,,0.14837400941178203,-0.040215007960796356
6987,29.0,1451,1.6635792255401611,,0.1748327761888504,-0.03408803045749664
6988,32.0,1542,1.7490415573120117,,0.13937874790281057,-0.03735535219311714
6989,26.0,911,1.0833845138549805,,0.12540037976577878,-0.03953346610069275
6990,20.0,742,0.8360404968261719,,0.08533673454076052,-0.07338424026966095
6991,31.0,1518,1.755251407623291,,0.08228911063633859,-0.0735742449760437
6992,27.0,1039,1.192553997039795,,0.1093968446366489,-0.04850373417139053
6993,30.0,1133,1.2919397354125977,,0.07054265378974378,-0.06312140822410583
6994,31.0,1226,1.5007224082946777,,0.19268759852275252,-0.02193554863333702
6995,21.0,931,1.0219659805297852,,0.07331013958901167,-0.09699876606464386
6996,28.0,1007,1.1784543991088867,,0.14116872707381845,-0.030923612415790558
6997,31.0,1269,1.5064616203308105,,0.1342258434742689,-0.06064067780971527
6998,29.0,1224,1.363088846206665,,0.05833785864524543,-0.07432085275650024
6999,32.0,1148,1.400400161743164,,0.17418310698121786,-0.03678217530250549
7000,33.0,1332,1.489830493927002,,0.110670430585742,-0.056166768074035645
7001,29.0,1056,1.226698398590088,,0.04167050635442138,-0.08644559979438782
7002,28.0,1185,1.4384255409240723,,0.15013994555920362,-0.048690952360630035
7003,32.0,1254,1.4409174919128418,,0.10353298438712955,-0.06787519156932831
7004,26.0,1060,1.2275300025939941,,0.10355541668832302,-0.05106189101934433
7005,31.0,1032,1.2091608047485352,,0.0789303695783019,-0.05883922055363655
7006,28.0,987,1.1364550590515137,,0.07627434097230434,-0.06839144974946976
7007,9.0,442,0.52095627784729,,0.27271784376353025,0.05259918421506882
7008,17.0,749,0.8349764347076416,,0.15359655255451798,-0.05031602457165718
7009,24.0,984,1.1490037441253662,,0.13914696965366602,-0.02930871769785881
7010,26.0,1057,1.2117464542388916,,0.08838306181132793,-0.07545266300439835
7011,20.0,778,0.9428596496582031,,0.10048647411167622,-0.08289793878793716
7012,25.0,861,0.944890022277832,,0.08625247795134783,-0.08819147944450378
7013,31.0,1224,1.4636518955230713,,0.0894902222789824,-0.05806531757116318
7014,23.0,863,1.029548168182373,,0.05560556333512068,-0.07746970653533936
7015,19.0,757,0.8356509208679199,,0.16354741947725415,-0.03122083842754364
7016,23.0,805,0.9707677364349365,,0.10879479721188545,-0.06472675502300262
7017,26.0,1117,1.244988203048706,,0.10316581837832928,-0.04559580981731415
7018,24.0,1053,1.1681997776031494,,0.07335350103676319,-0.07576367259025574
7019,28.0,1182,1.2862725257873535,,0.05462403316050768,-0.07788543403148651
7020,12.0,711,0.8509624004364014,,0.0768127590417862,-0.07591306418180466
7021,29.0,1303,1.3941233158111572,,0.11531135393306613,-0.04474218562245369
7022,25.0,983,1.0960266590118408,,0.04540306678973138,-0.058081235736608505
7023,31.0,1149,1.254617691040039,,0.08960466645658016,-0.07090064138174057
7024,25.0,1082,1.1897754669189453,,0.13401555689051747,-0.04436200484633446
7025,45.0,1817,2.0500802993774414,,0.09898939682170749,-0.06301763653755188
7026,33.0,1453,1.6162607669830322,,0.0833018128760159,-0.09456880390644073
7027,27.0,1079,1.1885933876037598,,0.1291637751273811,-0.04354948550462723
7028,26.0,1273,1.3698813915252686,,0.10377388121560216,-0.04847260192036629
7029,14.0,625,0.771517276763916,,0.08698390331119299,-0.07095727324485779
7030,20.0,729,0.7772054672241211,,0.23051651939749718,0.004410848021507263
7031,28.0,1319,1.5050182342529297,,0.12375254416838288,-0.07008859515190125
7032,25.0,1035,1.1511406898498535,,0.09220835007727146,-0.05630980804562569
7033,22.0,847,0.8916134834289551,,0.1277540624141693,-0.0582101047039032
7034,33.0,1622,1.7904300689697266,,0.17075505293905735,-0.03158963471651077
7035,32.0,1027,1.1378967761993408,,0.05127384653314948,-0.05907534807920456
7036,29.0,1127,1.3327796459197998,,0.13567586336284876,-0.04291543364524841
7037,20.0,711,0.766960620880127,,0.09723886987194419,-0.07306891679763794
7038,22.0,994,1.124526023864746,,0.09419958479702473,-0.06514529883861542
7039,31.0,1409,1.5788583755493164,,0.10396030871197581,-0.07049890607595444
7040,26.0,948,1.0689990520477295,,0.10955887427553535,-0.04648297280073166
7041,29.0,1177,1.2667927742004395,,0.08964545372873545,-0.06410009413957596
7042,22.0,891,1.0173816680908203,,0.1290230117738247,-0.04266694188117981
7043,19.0,739,0.7884078025817871,,0.11986015643924475,-0.05649819225072861
7044,29.0,1227,1.3188085556030273,,0.11411716276779771,-0.05599958449602127
7045,23.0,828,0.9691197872161865,,0.05946973687969148,-0.07264885306358337
7046,12.0,609,0.6716039180755615,,0.10256361542269588,-0.056378740817308426
7047,16.0,550,0.6139328479766846,,0.09159256564453244,-0.07933976501226425
7048,17.0,645,0.7947556972503662,,0.10319328820332885,-0.07205024361610413
7049,20.0,823,0.8692524433135986,,0.1497113285586238,-0.04265494644641876
7050,27.0,881,1.0127475261688232,,0.12921999441459775,-0.060012828558683395
7051,25.0,1039,1.1523308753967285,,0.10213113436475396,-0.06676642596721649
7052,28.0,1289,1.3773620128631592,,0.10245957784354687,-0.052564553916454315
7053,10.0,377,0.4481477737426758,,0.12571767019107938,-0.05123312771320343
7054,7.0,474,0.5480799674987793,,0.03987302095629275,-0.08167402446269989
7055,25.0,790,0.933234691619873,,0.17908357409760356,-0.02675630897283554
7056,29.0,1494,1.6719684600830078,,0.10793682793155313,-0.06742149591445923
7057,20.0,854,0.9036009311676025,,0.05475735478103161,-0.0863722562789917
7058,24.0,809,0.9543614387512207,,0.1043428536504507,-0.05464942753314972
7059,22.0,863,1.0000336170196533,,0.07427535904571414,-0.06817112118005753
7060,22.0,995,1.0428683757781982,,0.07720017177052796,-0.07679757475852966
7061,20.0,821,0.9666857719421387,,0.09589287638664246,-0.0790906623005867
7062,27.0,999,1.134932041168213,,0.062389668077230453,-0.08036522567272186
7063,27.0,1071,1.191490650177002,,0.09626417956314981,-0.06656589359045029
7064,20.0,867,0.9959716796875,,0.06510840076953173,-0.06605438888072968
7065,21.0,777,0.8276998996734619,,0.1784152276813984,-0.011283837258815765
7066,24.0,757,0.8961794376373291,,0.13791554188355803,-0.05971226841211319
7067,27.0,782,0.8315398693084717,,0.10113597754389048,-0.0604807548224926
7068,28.0,1145,1.3589587211608887,,0.1498877750709653,-0.04986335337162018
7069,19.0,770,0.8251705169677734,,0.06840171525254846,-0.08574040234088898
7070,24.0,890,1.0291249752044678,,0.0783944670110941,-0.06758274137973785
7071,24.0,881,1.0119578838348389,,0.11000666720792651,-0.05157536268234253
7072,18.0,717,0.7714307308197021,,0.09826518455520272,-0.08832995593547821
7073,32.0,1178,1.2762093544006348,,0.09472106024622917,-0.06866291165351868
7074,21.0,949,1.079270362854004,,0.08109103050082922,-0.06653930991888046
7075,22.0,757,0.9072823524475098,,0.12678711209446192,-0.04713694751262665
7076,32.0,1486,1.5622177124023438,,0.0705245709978044,-0.06541100144386292
7077,21.0,783,0.9226605892181396,,0.13646382605656981,-0.008616268634796143
7078,28.0,1073,1.18253755569458,,0.10419148299843073,-0.056996893137693405
7079,9.0,527,0.5929615497589111,,0.09884169930592179,-0.06311548501253128
7080,32.0,1145,1.2496886253356934,,0.3102661743760109,0.039771176874637604
7081,33.0,1359,1.5467584133148193,,0.13614954892545938,-0.07186560332775116
7082,28.0,1579,1.731229305267334,,0.1920771524310112,-0.0030046403408050537
7083,30.0,1007,1.1383590698242188,,0.049917392898350954,-0.07615116238594055
7084,23.0,994,1.119431734085083,,0.14850200014188886,-0.0487290620803833
7085,23.0,803,0.9426050186157227,,0.11124927131459117,-0.06124188005924225
7086,21.0,744,0.7921593189239502,,0.10850927885621786,-0.05780608579516411
7087,28.0,1581,1.7488324642181396,,0.09168725414201617,-0.09136837720870972
7088,27.0,1100,1.2254869937896729,,0.05138129531405866,-0.06181049346923828
7089,25.0,1011,1.1350679397583008,,0.0675291521474719,-0.07805456966161728
7090,30.0,1186,1.3905625343322754,,0.11334687750786543,-0.057630524039268494
7091,17.0,597,0.6630492210388184,,0.10616223607212305,-0.06829623132944107
7092,26.0,1033,1.1522407531738281,,0.10041726427152753,-0.05909770354628563
7093,25.0,843,0.8917567729949951,,0.11842241091653705,-0.07468508183956146
7094,26.0,842,0.9829897880554199,,0.10120169026777148,-0.06463925540447235
7095,25.0,883,1.0255863666534424,,0.12766451761126518,-0.06751200556755066
7096,25.0,929,1.056877851486206,,0.09864198975265026,-0.06644553691148758
7097,25.0,822,0.8744628429412842,,0.21609623078256845,-0.04558967053890228
7098,28.0,978,1.1095349788665771,,0.09787891805171967,-0.07918919622898102
7099,14.0,561,0.6264681816101074,,0.11178353428840637,-0.054249946027994156
7100,31.0,1543,1.7059471607208252,,0.10588756063953042,-0.07774454355239868
7101,23.0,902,1.0439345836639404,,0.047705917386338115,-0.07609718292951584
7102,22.0,843,0.9783821105957031,,0.09372202283702791,-0.06875906884670258
7103,18.0,709,0.7642977237701416,,0.10975778149440885,-0.06977063417434692
7104,26.0,788,0.931837797164917,,0.14680130081251264,-0.015952792018651962
7105,30.0,979,1.0054664611816406,,0.08270209468901157,-0.08388323336839676
7106,18.0,785,0.9370741844177246,,0.10020928457379341,-0.06918014585971832
7107,32.0,1115,1.2367701530456543,,0.12171522993594408,-0.05470634996891022
7108,26.0,795,0.9395720958709717,,0.10583835514262319,-0.06628598272800446
7109,32.0,1495,1.6591625213623047,,0.10165887465700507,-0.08015020936727524
7110,29.0,1037,1.15706467628479,,0.08773256558924913,-0.06034734845161438
7111,29.0,939,0.9710075855255127,,0.10204907972365618,-0.08232000470161438
7112,29.0,1028,1.1563975811004639,,0.1277223895303905,-0.08337198197841644
7113,17.0,714,0.8642821311950684,,0.13260488351806998,-0.0489821694791317
7114,25.0,775,0.8255288600921631,,0.15500441612675786,-0.03437206521630287
7115,30.0,1026,1.1432666778564453,,0.11154126049950719,-0.04995758831501007
7116,20.0,765,0.9085853099822998,,0.10987594025209546,-0.06170990318059921
7117,25.0,831,0.9671452045440674,,0.14803502894937992,-0.02695949375629425
7118,32.0,1332,1.4243755340576172,,0.09028060315176845,-0.06509433686733246
7119,21.0,780,0.9263761043548584,,0.082041060552001,-0.05533444881439209
7120,19.0,673,0.7299306392669678,,0.11977910622954369,-0.06276977062225342
7121,48.0,1821,1.9776017665863037,,0.17255305871367455,-0.047114625573158264
7122,34.0,977,1.0963797569274902,,0.182886628434062,-0.042402684688568115
7123,27.0,955,1.0795559883117676,,0.18898531515151262,-0.03561657667160034
7124,24.0,855,0.9992544651031494,,0.12784163188189268,-0.07209759205579758
7125,20.0,749,0.8033962249755859,,0.10119482455775142,-0.05944833904504776
7126,28.0,1161,1.3548362255096436,,0.11567773995921016,-0.06439981609582901
7127,24.0,965,1.0862977504730225,,0.13589991861954331,-0.023201070725917816
7128,15.0,646,0.7016174793243408,,0.13291283138096333,-0.07113714516162872
7129,27.0,1091,1.1938612461090088,,0.15657932311296463,-0.04057484120130539
7130,21.0,695,0.7474575042724609,,0.12067364528775215,-0.06184070557355881
7131,23.0,697,0.8357868194580078,,0.11878382600843906,-0.03678688779473305
7132,22.0,706,0.7536494731903076,,0.08724893815815449,-0.05946016684174538
7133,21.0,695,0.7458062171936035,,0.08963030204176903,-0.053747959434986115
7134,26.0,1031,1.136232852935791,,0.17081176629289985,-0.01832251250743866
7135,24.0,707,0.8466570377349854,,0.09858757024630904,-0.06426447629928589
7136,37.0,1456,1.6155424118041992,,0.11783422064036131,-0.0721660777926445
7137,28.0,924,0.958989143371582,,0.2973040174692869,0.03202337771654129
7138,14.0,586,0.7406864166259766,,0.13605154631659389,-0.06811103969812393
7139,28.0,938,0.967003583908081,,0.287863053381443,0.046601973474025726
7140,29.0,1151,1.3531630039215088,,0.16600703448057175,-0.021769560873508453
7141,29.0,1051,1.1674234867095947,,0.11203813459724188,-0.05306052416563034
7142,20.0,724,0.7776718139648438,,0.12796024046838284,-0.050302453339099884
7143,23.0,789,0.9347894191741943,,0.13295779144391418,-0.03259417414665222
7144,16.0,544,0.6033596992492676,,0.06995889474637806,-0.0836615115404129
7145,29.0,1009,1.1222286224365234,,0.17371642356738448,-0.0032167136669158936
7146,22.0,621,0.6758108139038086,,0.1485330886207521,-0.04972216486930847
7147,12.0,517,0.580378532409668,,0.09504194790497422,-0.05974726751446724
7148,31.0,1255,1.352839708328247,,0.2622153079137206,0.015220403671264648
7149,12.0,499,0.5678741931915283,,0.1689555738121271,-0.03167419880628586
7150,12.0,495,0.5612459182739258,,0.0487618048209697,-0.07612243294715881
7151,31.0,1052,1.1701698303222656,,0.14159426419064403,-0.04194456711411476
7152,22.0,797,0.936018705368042,,0.12875988380983472,-0.06475885957479477
7153,34.0,958,1.0866503715515137,,0.15806000120937824,-0.034128040075302124
7154,26.0,1081,1.2009038925170898,,0.10026698280125856,-0.04095999896526337
7155,20.0,659,0.7207529544830322,,0.14817564049735665,-0.05843145400285721
7156,30.0,1278,1.4689419269561768,,0.14564491575583816,-0.03274521976709366
7157,27.0,877,0.9139707088470459,,0.04697109269909561,-0.1066846176981926
7158,18.0,613,0.767979621887207,,0.15127016371116042,-0.05327911302447319
7159,29.0,923,0.963815450668335,,0.1541829532943666,-0.038883376866579056
7160,33.0,1276,1.4516677856445312,,0.20756587758660316,-0.007734708487987518
7161,14.0,589,0.653902530670166,,0.1317516309209168,-0.05301928147673607
7162,18.0,793,0.9432559013366699,,0.18670338112860918,-0.0027509257197380066
7163,32.0,1474,1.552497386932373,,0.17490325961261988,-0.013169601559638977
7164,30.0,998,1.1103155612945557,,0.05657948669977486,-0.0894765704870224
7165,24.0,967,1.101109266281128,,0.1495668962597847,-0.04341821372509003
7166,32.0,1496,1.661548376083374,,0.114562027156353,-0.06906253099441528
7167,33.0,1113,1.2212226390838623,,0.07586343702860177,-0.06129183620214462
7168,24.0,797,0.9407262802124023,,0.12983745243400335,-0.0321311317384243
7169,32.0,1275,1.3684322834014893,,0.07943879347294569,-0.06258352845907211
7170,30.0,1053,1.2842483520507812,,0.11611376143991947,-0.05429845303297043
7171,16.0,858,0.9163002967834473,,0.11092856945469975,-0.06151812523603439
7172,29.0,832,0.9889302253723145,,0.14014268573373556,-0.04659663513302803
7173,23.0,814,0.8796663284301758,,0.16653489088639617,-0.036050137132406235
7174,31.0,1881,2.1275458335876465,,0.12305474886670709,-0.057239312678575516
7175,29.0,1189,1.3105876445770264,,0.04348069429397583,-0.07653224468231201
7176,31.0,1097,1.3445820808410645,,0.11476937588304281,-0.04443277791142464
7177,26.0,877,0.9828305244445801,,0.07708572712726891,-0.06686971336603165
7178,5.0,519,0.6134333610534668,,0.10250547109171748,-0.05628998950123787
7179,31.0,1221,1.4647979736328125,,0.1634782012552023,-0.04122213274240494
7180,42.0,1721,1.8950302600860596,,0.16860689595341682,-0.04184121638536453
7181,21.0,755,0.9149129390716553,,0.31397861894220114,0.012680239975452423
7182,32.0,1161,1.3009631633758545,,0.07581322360783815,-0.0461195632815361
7183,27.0,981,1.1315159797668457,,0.08227440901100636,-0.06698143482208252
7184,28.0,1151,1.2791030406951904,,0.06250375951640308,-0.06111200898885727
7185,33.0,1377,1.6340556144714355,,0.1622727019712329,-0.04246624559164047
7186,33.0,1303,1.4494237899780273,,0.10765732219442725,-0.036560237407684326
7187,26.0,945,1.0863885879516602,,0.056606154423207045,-0.08220110833644867
7188,31.0,1321,1.5357646942138672,,0.18010798934847116,-0.0359940230846405
7189,23.0,808,0.8691244125366211,,0.05909886513836682,-0.10178051888942719
7190,33.0,1393,1.5637719631195068,,0.16608132980763912,-0.04167512059211731
7191,34.0,1565,1.741020917892456,,0.14890133729204535,-0.046150028705596924
7192,21.0,717,0.7704546451568604,,0.032474893843755126,-0.10204525291919708
7193,17.0,635,0.7822039127349854,,0.15946054318919778,-0.024203956127166748
7194,37.0,1748,1.893601417541504,,0.12890435755252838,-0.059015896171331406
7195,34.0,1310,1.4819920063018799,,0.11516720848158002,-0.06130780652165413
7196,35.0,1173,1.270777702331543,,0.0902097572106868,-0.043286655098199844
7197,25.0,915,1.0374908447265625,,0.0897370926104486,-0.07673853635787964
7198,25.0,748,0.7933940887451172,,0.17975448397919536,-0.03750598803162575
7199,31.0,1251,1.427821397781372,,0.15126042068004608,-0.042451612651348114
7200,26.0,863,0.9206807613372803,,0.08222085516899824,-0.06288114190101624
7201,14.0,635,0.6927170753479004,,0.16201106272637844,-0.02171432226896286
7202,14.0,655,0.802302360534668,,0.22246387414634228,0.02025511860847473
7203,27.0,935,1.0591480731964111,,0.13498308323323727,-0.023637741804122925
7204,29.0,1029,1.1526522636413574,,0.10686866194009781,-0.03972824662923813
7205,31.0,1235,1.3307104110717773,,0.17348224855959415,-0.019204050302505493
7206,28.0,916,1.0497181415557861,,0.057107785483822227,-0.07531072199344635
7207,26.0,931,1.0624003410339355,,0.07148316106759012,-0.08098019659519196
7208,12.0,567,0.631678581237793,,0.1695036985911429,-0.04347029700875282
7209,33.0,1053,1.1766462326049805,,0.14451917726546526,-0.03550652414560318
7210,28.0,1285,1.401623249053955,,0.11963387578725815,-0.049363791942596436
7211,33.0,1255,1.4536304473876953,,0.14261629153043032,-0.0408499501645565
7212,20.0,615,0.6769146919250488,,0.14170082425698638,-0.056878671050071716
7213,36.0,1428,1.6024169921875,,0.10806288197636604,-0.07563406974077225
7214,25.0,895,0.9444694519042969,,0.11683619674295187,-0.035158827900886536
7215,31.0,1447,1.6203289031982422,,0.1147422012872994,-0.05190908536314964
7216,28.0,1028,1.1500864028930664,,0.05915959971025586,-0.05252312868833542
7217,27.0,897,1.0358693599700928,,0.15242115361616015,-0.05156309902667999
7218,30.0,1301,1.483609676361084,,0.09961197152733803,-0.07400454580783844
7219,33.0,1219,1.3112835884094238,,0.12466525193303823,-0.06907087564468384
7220,33.0,1057,1.1721208095550537,,0.12066350318491459,-0.031272538006305695
7221,31.0,1201,1.308229923248291,,0.07838757382705808,-0.08708679676055908
7222,12.0,541,0.6168644428253174,,0.1743534505367279,-0.0350089967250824
7223,32.0,1317,1.5282504558563232,,0.11247906414791942,-0.05903637781739235
7224,51.0,2145,2.391098737716675,,0.07851178105920553,-0.09250198304653168
7225,25.0,979,1.1111712455749512,,0.48272073827683926,0.04289240390062332
7226,23.0,961,1.1073718070983887,,0.14672856824472547,-0.05187297239899635
7227,33.0,1241,1.3531954288482666,,0.08320643636398017,-0.08155769854784012
7228,23.0,844,0.9927537441253662,,0.07180021167732775,-0.0864080861210823
7229,30.0,1176,1.2834110260009766,,0.3076922884210944,0.012356005609035492
7230,32.0,1331,1.5202093124389648,,0.15402485895901918,-0.034847378730773926
7231,29.0,960,1.0913012027740479,,0.04502859408967197,-0.07374337315559387
7232,27.0,1338,1.4526801109313965,,0.1878821598365903,-0.03231748193502426
7233,52.0,2473,2.8371076583862305,,0.14640190359205008,-0.07172565162181854
7234,25.0,1045,1.2005503177642822,,0.141653582919389,-0.0482005700469017
7235,34.0,1315,1.5215187072753906,,0.11752779828384519,-0.04509890079498291
7236,31.0,1207,1.3233544826507568,,0.06737491395324469,-0.08617958426475525
7237,15.0,564,0.6375408172607422,,0.12866016197949648,-0.05744509398937225
7238,32.0,1283,1.4842960834503174,,0.11710483161732554,-0.059507980942726135
7239,28.0,1203,1.3223700523376465,,0.11177241057157516,-0.05524637922644615
7240,25.0,1091,1.2227914333343506,,0.07535430113784969,-0.06921553611755371
7241,30.0,985,1.124699354171753,,0.12698769802227616,-0.06310908496379852
7242,32.0,1333,1.562922716140747,,0.15345515497028828,-0.03121686726808548
7243,23.0,856,1.0192193984985352,,0.06592169520445168,-0.06451079249382019
7244,32.0,1227,1.3473975658416748,,0.10777075029909611,-0.051717013120651245
7245,30.0,1190,1.3143489360809326,,0.05717746703885496,-0.09156449884176254
7246,33.0,1192,1.405623197555542,,0.15175320208072662,-0.03694845736026764
7247,31.0,972,1.0142128467559814,,0.07765739597380161,-0.08808067440986633
7248,30.0,1055,1.3095712661743164,,0.1305392705835402,-0.0322931706905365
7249,23.0,872,0.9329571723937988,,0.1842586132697761,-0.03254134580492973
7250,19.0,813,0.9782328605651855,,0.21575385658070445,-0.0220118947327137
7251,23.0,915,1.069840908050537,,0.13526000222191215,-0.03425459936261177
7252,32.0,1662,1.847867488861084,,0.08048127265647054,-0.08372495323419571
7253,30.0,1437,1.6388721466064453,,0.15913153951987624,-0.04877692461013794
7254,30.0,1058,1.191685438156128,,0.07010070234537125,-0.0770290419459343
7255,24.0,992,1.1338965892791748,,0.15370301809161901,-0.039002999663352966
7256,26.0,818,0.8677334785461426,,0.12108133593574166,-0.04807976633310318
7257,34.0,1341,1.534780740737915,,0.11410188488662243,-0.05658448860049248
7258,33.0,1167,1.2797904014587402,,0.04658533539623022,-0.07920219749212265
7259,22.0,814,0.9587802886962891,,0.14986217813566327,-0.03744366765022278
7260,30.0,1348,1.4457275867462158,,0.07835454563610256,-0.0613892562687397
7261,27.0,827,0.9751243591308594,,0.05344881652854383,-0.09205049276351929
7262,30.0,1190,1.3187065124511719,,0.09000105038285255,-0.0712258517742157
7263,21.0,719,0.8807487487792969,,0.058261078083887696,-0.07916145026683807
7264,27.0,1288,1.4131786823272705,,0.1779842684045434,-0.033321984112262726
7265,32.0,1290,1.504321575164795,,0.18260021833702922,-0.032143257558345795
7266,24.0,873,0.9340372085571289,,0.08825108734890819,-0.08543014526367188
7267,31.0,1025,1.1590497493743896,,0.15774592058733106,-0.058821480721235275
7268,34.0,1300,1.5122191905975342,,0.12241140706464648,-0.0454045906662941
7269,25.0,1025,1.1634232997894287,,0.26428220607340336,0.008412390947341919
7270,23.0,823,0.9692630767822266,,0.08574783708900213,-0.072885662317276
7271,26.0,887,0.9334442615509033,,0.18757214583456516,-0.014454856514930725
7272,32.0,1638,1.8981330394744873,,0.07082450785674155,-0.09327256679534912
7273,28.0,1014,1.1471054553985596,,0.08985034748911858,-0.0509919598698616
7274,30.0,1751,1.9369993209838867,,0.11598736001178622,-0.0792188048362732
7275,32.0,1482,1.6878447532653809,,0.09303200850263238,-0.08937669545412064
7276,28.0,1119,1.2596235275268555,,0.09968527313321829,-0.058929797261953354
7277,18.0,675,0.7431952953338623,,0.17170484084635973,-0.03323179483413696
7278,29.0,993,1.129713773727417,,0.08931630849838257,-0.08029027283191681
7279,29.0,1045,1.1734082698822021,,0.10292159812524915,-0.07710112631320953
7280,28.0,973,1.117551326751709,,0.09941207617521286,-0.07701848447322845
7281,15.0,688,0.8526887893676758,,0.09955256432294846,-0.06967919319868088
7282,19.0,636,0.7064864635467529,,0.19621468055993319,-0.01947462558746338
7283,30.0,1118,1.2376484870910645,,0.062167373253032565,-0.06596994400024414
7284,37.0,1592,1.7706859111785889,,0.1486327601596713,-0.06003764271736145
7285,14.0,661,0.7245869636535645,,0.11584852496162057,-0.0634751170873642
7286,32.0,1462,1.649118185043335,,0.11592875374481082,-0.06137801706790924
7287,26.0,934,1.0774548053741455,,0.08068714430555701,-0.06905054301023483
7288,24.0,849,0.9928021430969238,,0.12071975879371166,-0.06140194833278656
7289,27.0,949,1.0808875560760498,,0.06287880754098296,-0.07335228472948074
7290,32.0,1336,1.4393038749694824,,0.08840737771242857,-0.05821262672543526
7291,19.0,758,0.9154930114746094,,0.058831959031522274,-0.08809865266084671
7292,33.0,1120,1.2366597652435303,,0.1288948687724769,-0.051157549023628235
7293,23.0,813,0.8788318634033203,,0.2457839585840702,-0.023915477097034454
7294,35.0,1404,1.6130187511444092,,0.1580259557813406,-0.02091347798705101
7295,27.0,1096,1.2315926551818848,,0.16446067998185754,-0.03186830133199692
7296,30.0,1403,1.616926670074463,,0.10621035331860185,-0.06046486645936966
7297,21.0,731,0.8954565525054932,,0.07927271630614996,-0.053465332835912704
7298,29.0,1363,1.4797749519348145,,0.16968711046501994,-0.034383825957775116
7299,26.0,1315,1.5455174446105957,,0.14652764052152634,-0.05578998476266861
7300,29.0,1093,1.2284319400787354,,0.06596242892555892,-0.06321835517883301
7301,33.0,1179,1.296858310699463,,0.0630132018122822,-0.06428582966327667
7302,9.0,623,0.6903436183929443,,0.1375777148641646,-0.05117522180080414
7303,30.0,1152,1.3707523345947266,,0.15232723159715533,-0.03230586647987366
7304,30.0,1153,1.2695178985595703,,0.09666551370173693,-0.05298614874482155
7305,30.0,1194,1.3090360164642334,,0.048998130951076746,-0.0890500620007515
7306,29.0,1059,1.1820576190948486,,0.04971015849150717,-0.08128287643194199
7307,22.0,838,1.0150916576385498,,0.05863714707084,-0.089283786714077
7308,27.0,980,1.126277208328247,,0.16798226488754153,-0.053797412663698196
7309,15.0,706,0.7807061672210693,,0.125766740180552,-0.050353728234767914
7310,24.0,805,0.9707880020141602,,0.14063630951568484,-0.04915991798043251
7311,35.0,1085,1.2227327823638916,,0.09881041292101145,-0.06903410702943802
7312,22.0,780,0.8455677032470703,,0.15518435649573803,-0.04715222120285034
7313,5.0,463,0.5437121391296387,,0.06958953244611621,-0.06070838123559952
7314,28.0,1059,1.1927623748779297,,0.2629401432350278,-0.004559502005577087
7315,26.0,1076,1.3163440227508545,,0.11596169066615403,-0.03811655193567276
7316,26.0,832,0.8902246952056885,,0.12879105005413294,-0.06540380418300629
7317,32.0,1428,1.6354515552520752,,0.15173424035310745,-0.04789373278617859
7318,27.0,1171,1.2974753379821777,,0.059062175918370485,-0.04430199787020683
7319,28.0,883,1.0298192501068115,,0.07413631677627563,-0.08817347884178162
7320,27.0,1088,1.2233128547668457,,0.04157883254811168,-0.08242934197187424
7321,32.0,1382,1.5881061553955078,,0.10134205874055624,-0.04224999248981476
7322,32.0,1471,1.6683778762817383,,0.11681879824027419,-0.06654833257198334
7323,24.0,772,0.836000919342041,,0.07954417658038437,-0.08126775920391083
7324,32.0,1464,1.6543023586273193,,0.13651171093806624,-0.0672941729426384
7325,32.0,1139,1.2714588642120361,,0.06511723902076483,-0.06550781428813934
7326,32.0,977,1.119140625,,0.07788753276690841,-0.08254016935825348
7327,36.0,1691,1.862086534500122,,0.12223992217332125,-0.06193371117115021
7328,29.0,1145,1.3701410293579102,,0.07632948970422149,-0.0718090832233429
7329,31.0,1301,1.409442663192749,,0.09279395639896393,-0.06891240179538727
7330,28.0,1076,1.199174404144287,,0.09925132524222136,-0.07031950354576111
7331,24.0,868,1.0121397972106934,,0.067408214090392,-0.07974964380264282
7332,23.0,747,0.8050024509429932,,0.14312007697299123,-0.05320078134536743
7333,40.0,1689,1.9580399990081787,,0.09963516099378467,-0.07805614918470383
7334,22.0,802,0.860074520111084,,0.09755714004859328,-0.06664443761110306
7335,29.0,1115,1.3527412414550781,,0.17619032505899668,-0.01882196217775345
7336,33.0,1415,1.5107042789459229,,0.12129648448899388,-0.039836108684539795
7337,37.0,1227,1.4358296394348145,,0.12139830505475402,-0.058341074734926224
7338,27.0,946,1.0853691101074219,,0.11931443680077791,-0.046272434294223785
7339,32.0,1216,1.3251686096191406,,0.06469630380161107,-0.07139525562524796
7340,28.0,1138,1.2600970268249512,,0.07504141819663346,-0.06609034538269043
7341,27.0,944,1.0906152725219727,,0.05632425914518535,-0.08124077320098877
7342,15.0,676,0.7480039596557617,,0.15792223066091537,-0.036224063485860825
7343,39.0,1769,2.058121919631958,,0.11834226176142693,-0.06842778623104095
7344,12.0,637,0.7155451774597168,,0.2449456062167883,0.011835187673568726
7345,24.0,977,1.1249146461486816,,0.08085347898304462,-0.05891239270567894
7346,27.0,1268,1.396550178527832,,0.05671193590387702,-0.08662839233875275
7347,24.0,841,0.9988844394683838,,0.1167993894778192,-0.06665873527526855
7348,13.0,532,0.6083126068115234,,0.08119174931198359,-0.06442946940660477
7349,31.0,1106,1.24637770652771,,0.13293833145871758,-0.046843670308589935
7350,4.0,421,0.5055356025695801,,0.11740733403712511,-0.06204632669687271
7351,31.0,1343,1.5546875,,0.14722865307703614,-0.04345270246267319
7352,28.0,1122,1.2590692043304443,,0.14567139837890863,-0.017522141337394714
7353,22.0,673,0.7413780689239502,,0.09359803330153227,-0.07204742729663849
7354,29.0,1023,1.1709980964660645,,0.14280455326661468,-0.03538518399000168
7355,30.0,955,1.1069514751434326,,0.08959382306784391,-0.08225969970226288
7356,29.0,1452,1.6560132503509521,,0.14937624661251903,-0.04792945459485054
7357,21.0,905,1.0543065071105957,,0.12055655755102634,-0.06300840526819229
7358,29.0,1167,1.2923789024353027,,0.09999483311548829,-0.06947381794452667
7359,33.0,1353,1.5617835521697998,,0.16712904162704945,-0.05665463209152222
7360,28.0,1114,1.2459168434143066,,0.1752149942331016,-0.0004981532692909241
7361,29.0,1089,1.221677541732788,,0.06460180319845676,-0.06525339931249619
7362,16.0,951,1.1179587841033936,,0.07748944731429219,-0.06528431922197342
7363,33.0,1493,1.6893904209136963,,0.16907161800190806,-0.04818493872880936
7364,31.0,1190,1.3167400360107422,,0.05711430194787681,-0.065798319876194
7365,31.0,1351,1.5667743682861328,,0.11805373104289174,-0.0729917660355568
7366,33.0,1296,1.413144588470459,,0.07805342320352793,-0.06653804332017899
7367,28.0,1171,1.299588680267334,,0.07082684547640383,-0.07391642034053802
7368,27.0,959,1.1061768531799316,,0.1371772987768054,-0.06624741107225418
7369,26.0,843,0.9987232685089111,,0.13503489876165986,-0.06510280072689056
7370,29.0,1237,1.360020637512207,,0.16315398598089814,-0.025001227855682373
7371,43.0,1368,1.5770692825317383,,0.13067941833287477,-0.033732131123542786
7372,18.0,698,0.7710115909576416,,0.15247329976409674,-0.046598225831985474
7373,23.0,955,1.1046369075775146,,0.16702818917110562,-0.033419229090213776
7374,33.0,1447,1.6471052169799805,,0.12731767306104302,-0.06624254584312439
7375,25.0,970,1.1147003173828125,,0.07722675800323486,-0.05197820067405701
7376,23.0,913,1.063326120376587,,0.19394663348793983,-0.027619600296020508
7377,29.0,1113,1.2504968643188477,,0.14168033143505454,-0.04800605773925781
7378,33.0,1443,1.6462714672088623,,0.2786613553762436,0.04561819136142731
7379,28.0,1127,1.2583727836608887,,0.05527289258316159,-0.08217842876911163
7380,31.0,987,1.1313025951385498,,0.07957442780025303,-0.06641889363527298
7381,22.0,831,0.9947967529296875,,0.11118361912667751,-0.05046415328979492
7382,30.0,1247,1.3773598670959473,,0.17110863281413913,-0.03552565723657608
7383,14.0,694,0.7634367942810059,,0.10326148383319378,-0.0714978277683258
7384,18.0,705,0.8691921234130859,,0.36281263921409845,0.010131895542144775
7385,21.0,857,0.910062313079834,,0.14978270372375846,-0.03330252319574356
7386,25.0,798,0.9492888450622559,,0.11153548071160913,-0.08253598213195801
7387,30.0,1380,1.5812726020812988,,0.17167489463463426,-0.056069452315568924
7388,31.0,1229,1.380706787109375,,0.09679948398843408,-0.0680774450302124
7389,30.0,954,1.094658374786377,,0.03521576011553407,-0.0715063065290451
7390,32.0,1377,1.5727393627166748,,0.12728457571938634,-0.06063545495271683
7391,24.0,854,0.9095361232757568,,0.054548360873013735,-0.07950861006975174
7392,28.0,919,1.0603106021881104,,0.1391269159503281,-0.024546310305595398
7393,30.0,1101,1.224987268447876,,0.046170433051884174,-0.07989586889743805
7394,22.0,876,1.0298206806182861,,0.08419085619971156,-0.06750752776861191
7395,26.0,1190,1.31640625,,0.08439264027401805,-0.07273775339126587
7396,30.0,1232,1.4415647983551025,,0.09519617166370153,-0.059848565608263016
7397,33.0,1315,1.4252102375030518,,0.13334047235548496,-0.0466485321521759
7398,32.0,1361,1.5627202987670898,,0.1124566555954516,-0.06755471974611282
7399,33.0,1090,1.2153863906860352,,0.07763300370424986,-0.06365256011486053
7400,14.0,575,0.6468100547790527,,0.08134124986827374,-0.0855334922671318
7401,31.0,1113,1.230370044708252,,0.1668748059310019,-0.01645495742559433
7402,32.0,1565,1.7470648288726807,,0.20814619679003954,-0.01753966510295868
7403,31.0,1488,1.674295425415039,,0.10883563803508878,-0.06214296072721481
7404,29.0,1078,1.2036166191101074,,0.06836412311531603,-0.06577154994010925
7405,26.0,953,1.094625473022461,,0.0895504797808826,-0.08063946664333344
7406,31.0,1457,1.6579675674438477,,0.1223057801835239,-0.06252041459083557
7407,21.0,701,0.7660939693450928,,0.08677406562492251,-0.07436962425708771
7408,33.0,1406,1.5962247848510742,,0.11523799784481525,-0.050385668873786926
7409,29.0,993,1.1235568523406982,,0.08186921547167003,-0.046953313052654266
7410,32.0,1026,1.1465024948120117,,0.0885388944298029,-0.0647951290011406
7411,31.0,1377,1.564772367477417,,0.10499992500990629,-0.0598154217004776
7412,15.0,819,0.8751711845397949,,0.09953566733747721,-0.07019729167222977
7413,33.0,1153,1.3747539520263672,,0.12703828886151314,-0.02471514418721199
7414,32.0,1291,1.4052412509918213,,0.08116468996740878,-0.04573224484920502
7415,34.0,1450,1.6485157012939453,,0.15291895670816302,-0.04281220585107803
7416,31.0,1421,1.6114978790283203,,0.16085096122696996,-0.038153793662786484
7417,19.0,671,0.7383577823638916,,0.05621109250932932,-0.06238095089793205
7418,32.0,1169,1.2919795513153076,,0.2334547471255064,-0.009520173072814941
7419,22.0,774,0.9281349182128906,,0.06437654886394739,-0.081642284989357
7420,32.0,1168,1.2777290344238281,,0.1391716762445867,-0.04710981249809265
7421,23.0,880,1.031029462814331,,0.05081901419907808,-0.07480347156524658
7422,20.0,921,1.0716447830200195,,0.07772140740416944,-0.07037641853094101
7423,30.0,1355,1.465883731842041,,0.1038555484265089,-0.08041113615036011
7424,24.0,889,1.044168472290039,,0.03471664118114859,-0.07985277473926544
7425,28.0,1471,1.6721549034118652,,0.11045085685327649,-0.07151241600513458
7426,24.0,963,1.1136627197265625,,0.061526711797341704,-0.07086265832185745
7427,30.0,1325,1.4405746459960938,,0.05679338239133358,-0.10164331644773483
7428,18.0,755,0.9130980968475342,,0.06564872688613832,-0.06614160537719727
7429,29.0,1445,1.6424083709716797,,0.08922399673610926,-0.06285689771175385
7430,34.0,1593,1.7752163410186768,,0.10542607586830854,-0.07568242400884628
7431,24.0,1031,1.1759719848632812,,0.10668652225285769,-0.03790266439318657
7432,25.0,999,1.144277572631836,,0.07363637001253664,-0.0792660266160965
7433,36.0,1307,1.4205105304718018,,0.09926903992891312,-0.05502581596374512
7434,33.0,1512,1.7196779251098633,,0.1799486526288092,-0.03991558775305748
7435,34.0,1452,1.6520075798034668,,0.12835272029042244,-0.06388101726770401
7436,31.0,1225,1.439918041229248,,0.15949974860996008,-0.046230241656303406
7437,25.0,915,0.9771664142608643,,0.09374367399141192,-0.06411167979240417
7438,23.0,968,1.1197197437286377,,0.06715360470116138,-0.08177122473716736
7439,29.0,1245,1.466398000717163,,0.13415587972849607,-0.043454360216856
7440,28.0,1244,1.3619608879089355,,0.09879986010491848,-0.04104067385196686
7441,33.0,1466,1.6579005718231201,,0.08823926001787186,-0.06287004798650742
7442,29.0,1139,1.2583296298980713,,0.05110979871824384,-0.07137405872344971
7443,33.0,1377,1.5885822772979736,,0.16651973873376846,-0.04882756620645523
7444,9.0,604,0.6799936294555664,,0.15417724661529064,-0.03229564428329468
7445,27.0,971,1.117053508758545,,0.11077395780012012,-0.036142878234386444
7446,22.0,744,0.8065831661224365,,0.11528686992824078,-0.05736137926578522
7447,27.0,1177,1.3956184387207031,,0.10257748048752546,-0.05426247790455818
7448,34.0,1415,1.5201473236083984,,0.1003056401386857,-0.06295707821846008
7449,28.0,1087,1.3094286918640137,,0.12474680505692959,-0.04976041615009308
7450,24.0,1004,1.0488064289093018,,0.10021232254803181,-0.06333838403224945
7451,28.0,1078,1.3058652877807617,,0.11193090537562966,-0.07274067401885986
7452,27.0,895,0.9558184146881104,,0.10816824622452259,-0.0667940005660057
7453,23.0,825,0.980889081954956,,0.07359441742300987,-0.07755304127931595
7454,30.0,1025,1.1661624908447266,,0.11568348482251167,-0.039080142974853516
7455,32.0,1506,1.703392505645752,,0.10686094267293811,-0.06517578661441803
7456,33.0,1493,1.686594009399414,,0.09259645221754909,-0.07453576475381851
7457,33.0,1149,1.2684390544891357,,0.034701982978731394,-0.06892935931682587
7458,32.0,1321,1.5209105014801025,,0.07587450766004622,-0.07694905251264572
7459,32.0,1085,1.2089791297912598,,0.10249017318710685,-0.05013858526945114
7460,42.0,1569,1.7611868381500244,,0.11179675627499819,-0.07837018370628357
7461,31.0,1333,1.4358916282653809,,0.2370559899136424,-0.004161767661571503
7462,33.0,1593,1.898763656616211,,0.0842219265177846,-0.07934345304965973
7463,29.0,991,1.0341110229492188,,0.05006702127866447,-0.08897267282009125
7464,26.0,1087,1.3246521949768066,,0.18447772460058331,-0.0278233140707016
7465,29.0,1151,1.2683935165405273,,0.13229055190458894,-0.050106778740882874
7466,31.0,1807,1.9802508354187012,,0.15438496135175228,-0.0334743857383728
7467,34.0,1175,1.3975353240966797,,0.15629840409383178,-0.04190277308225632
7468,24.0,829,0.8835442066192627,,0.1297499341890216,-0.05766771361231804
7469,22.0,801,0.948951244354248,,0.11618725303560495,-0.03661723807454109
7470,24.0,1005,1.144237756729126,,0.1323074083775282,-0.06400419026613235
7471,29.0,1245,1.3571131229400635,,0.0949630590621382,-0.07217201590538025
7472,15.0,740,0.8960936069488525,,0.06749511230736971,-0.08183268457651138
7473,30.0,1205,1.3193140029907227,,0.14209878630936146,-0.052591945976018906
7474,33.0,1383,1.5550854206085205,,0.08116934541612864,-0.07708938419818878
7475,31.0,1187,1.2910759449005127,,0.055504073621705174,-0.07656560838222504
7476,33.0,1429,1.6030693054199219,,0.10555469058454037,-0.0663076639175415
7477,23.0,869,1.0117900371551514,,0.07797684101387858,-0.06174059957265854
7478,28.0,1174,1.3059022426605225,,0.1010258118622005,-0.0602361224591732
7479,33.0,1394,1.606328010559082,,0.1400223197415471,-0.05223781615495682
7480,20.0,671,0.741013765335083,,0.08034138847142458,-0.08192235976457596
7481,28.0,1153,1.2919726371765137,,0.12391512840986252,-0.019101649522781372
7482,23.0,775,0.9250304698944092,,0.09375656256452203,-0.06606487929821014
7483,30.0,1087,1.2129480838775635,,0.07356594293378294,-0.07152041792869568
7484,32.0,1448,1.653458833694458,,0.10143353138118982,-0.06970640271902084
7485,32.0,1353,1.472738265991211,,0.07622583722695708,-0.06411858648061752
7486,33.0,1559,1.7678794860839844,,0.1227414426393807,-0.051804110407829285
7487,32.0,1466,1.685006856918335,,0.10064836870878935,-0.06190825253725052
7488,26.0,1169,1.2988271713256836,,0.05176872992888093,-0.08197340369224548
7489,33.0,1424,1.6215832233428955,,0.16182973561808467,-0.05108625441789627
7490,21.0,784,0.9471633434295654,,0.04958099126815796,-0.07368861138820648
7491,22.0,749,0.8106250762939453,,0.1134651955217123,-0.07041411846876144
7492,30.0,999,1.1323742866516113,,0.13049635384231806,-0.05030152574181557
7493,26.0,1063,1.206681728363037,,0.09820308489724994,-0.06886041164398193
7494,35.0,1141,1.262035608291626,,0.0816060455981642,-0.06481412053108215
7495,24.0,1021,1.1647498607635498,,0.07094558840617537,-0.07848328351974487
7496,33.0,1486,1.6719608306884766,,0.12640910921618342,-0.051052674651145935
7497,31.0,1242,1.4679224491119385,,0.08067027805373073,-0.07340221107006073
7498,27.0,1178,1.3127551078796387,,0.07331959460861981,-0.06534968316555023
7499,16.0,703,0.7737195491790771,,0.15747090009972453,-0.06491409987211227
7500,24.0,948,1.0880672931671143,,0.23448122385889292,-0.01424466073513031
7501,31.0,1133,1.360487699508667,,0.16272167349234223,-0.04874330386519432
7502,32.0,1373,1.4780759811401367,,0.09013484790921211,-0.07436376810073853
7503,18.0,665,0.8255932331085205,,0.06224322319030762,-0.07578157633543015
7504,25.0,937,0.9787585735321045,,0.16164523968473077,-0.015002857893705368
7505,24.0,928,1.0738310813903809,,0.07364535168744624,-0.08582399785518646
7506,23.0,913,1.0722081661224365,,0.07867402862757444,-0.09761692583560944
7507,28.0,1180,1.3197381496429443,,0.11444156337529421,-0.06735940277576447
7508,27.0,1113,1.2518177032470703,,0.05815290776081383,-0.09887466579675674
7509,17.0,745,0.9218783378601074,,0.059935176745057106,-0.08426586538553238
7510,27.0,949,1.0923047065734863,,0.06943461718037724,-0.07285882532596588
7511,33.0,1259,1.3645744323730469,,0.09557462902739644,-0.044101499021053314
7512,33.0,1496,1.6822476387023926,,0.13295556604862213,-0.059869229793548584
7513,30.0,1328,1.5495028495788574,,0.07013772521167994,-0.07441582530736923
7514,23.0,759,0.825768232345581,,0.07249988336116076,-0.09372374415397644
7515,33.0,1405,1.6089093685150146,,0.13504997733980417,-0.04347187280654907
7516,28.0,853,1.0073812007904053,,0.04510970087721944,-0.08230376243591309
7517,27.0,833,0.8887753486633301,,0.19267245661467314,-0.028406277298927307
7518,49.0,2054,2.3172447681427,,0.06147641106508672,-0.09686509519815445
7519,26.0,908,1.0523192882537842,,0.13851837255060673,-0.047850340604782104
7520,32.0,1321,1.523176908493042,,0.10996975470334291,-0.0676993727684021
7521,25.0,1019,1.1609845161437988,,0.16225474933162332,-0.011542584747076035
7522,33.0,1543,1.7259488105773926,,0.08748904196545482,-0.0857553705573082
7523,25.0,845,0.8988876342773438,,0.07879267237149179,-0.08416882902383804
7524,28.0,847,0.9947869777679443,,0.0863712108694017,-0.0783950686454773
7525,33.0,1415,1.6103956699371338,,0.15630091493949294,-0.02712997794151306
7526,26.0,896,0.944791316986084,,0.06312296562828124,-0.08805731683969498
7527,33.0,1365,1.563037633895874,,0.10783684719353914,-0.06056300550699234
7528,31.0,1325,1.5332872867584229,,0.1362738865427673,-0.054188765585422516
7529,26.0,749,0.8115758895874023,,0.11792638152837753,-0.06497827917337418
7530,25.0,1064,1.21681547164917,,0.10789212025702,-0.043557778000831604
7531,22.0,865,1.029860496520996,,0.05094581237062812,-0.08715784549713135
7532,24.0,953,1.1099445819854736,,0.12346755433827639,-0.08093629777431488
7533,10.0,581,0.6670184135437012,,0.2136921277269721,-0.013902038335800171
7534,26.0,1039,1.1735219955444336,,0.1673962906934321,-0.035859279334545135
7535,29.0,1116,1.2518959045410156,,0.0676873482298106,-0.09236730635166168
7536,22.0,789,0.9388935565948486,,0.15985654341056943,-0.03824250400066376
7537,28.0,887,0.9276063442230225,,0.15218486450612545,-0.04839170724153519
7538,33.0,1551,1.729835033416748,,0.09023424726910889,-0.07862309366464615
7539,24.0,837,0.9899704456329346,,0.07013217452913523,-0.07015223801136017
7540,32.0,1207,1.3206493854522705,,0.14397895522415638,-0.05593610927462578
7541,31.0,1141,1.3424968719482422,,0.1645331485196948,-0.02760717272758484
7542,23.0,976,1.0971367359161377,,0.08246066584251821,-0.0737127959728241
7543,30.0,1481,1.5704529285430908,,0.12030861619859934,-0.048131756484508514
7544,33.0,1306,1.505012035369873,,0.09986429591663182,-0.08365990221500397
7545,13.0,692,0.7592535018920898,,0.2142245965078473,-0.02902054786682129
7546,20.0,875,1.0266554355621338,,0.1393234604038298,-0.03026013821363449
7547,32.0,1234,1.3440520763397217,,0.136635173112154,-0.05492869019508362
7548,32.0,1473,1.6929264068603516,,0.0786106027662754,-0.07242679595947266
7549,32.0,1471,1.6757705211639404,,0.11316651804372668,-0.0627637729048729
7550,17.0,733,0.9033617973327637,,0.05665369797497988,-0.08950169384479523
7551,30.0,1295,1.4188222885131836,,0.1259833164513111,-0.03348658233880997
7552,33.0,1545,1.7449605464935303,,0.14395566890016198,-0.05046522617340088
7553,32.0,1205,1.4239344596862793,,0.10766172036528587,-0.07054193317890167
7554,31.0,1143,1.277545690536499,,0.12283394206315279,-0.052004482597112656
7555,31.0,1216,1.335780143737793,,0.07260680012404919,-0.07831540703773499
7556,29.0,966,1.1086606979370117,,0.07679373724386096,-0.06545758247375488
7557,36.0,1426,1.6319763660430908,,0.14160587918013334,-0.049774251878261566
7558,33.0,1435,1.6352283954620361,,0.09910964639857411,-0.08201505243778229
7559,34.0,1259,1.3741021156311035,,0.08542511565610766,-0.07379122823476791
7560,32.0,1267,1.4766209125518799,,0.1745007885619998,-0.051985740661621094
7561,32.0,1266,1.3783903121948242,,0.08354051085188985,-0.05228932574391365
7562,9.0,665,0.7321245670318604,,0.11176071735098958,-0.08375157415866852
7563,28.0,1037,1.1684017181396484,,0.2935366812162101,-0.001056920737028122
7564,32.0,1370,1.5747530460357666,,0.15541605046018958,-0.06073184311389923
7565,30.0,1562,1.750887393951416,,0.14891001675277948,-0.06405030190944672
7566,13.0,635,0.7061383724212646,,0.08286534552462399,-0.059697456657886505
7567,34.0,1275,1.4839277267456055,,0.20451357262209058,-0.042308490723371506
7568,12.0,686,0.7483956813812256,,0.09424620401114225,-0.08164382725954056
7569,25.0,804,0.9511704444885254,,0.17608405649662018,-0.01693487912416458
7570,27.0,924,0.9684505462646484,,0.25423459243029356,0.0050694942474365234
7571,13.0,633,0.802318811416626,,0.15136059001088142,-0.0467442125082016
7572,27.0,917,1.0543646812438965,,0.14359247824177146,-0.044636018574237823
7573,29.0,1272,1.3842225074768066,,0.08355045318603516,-0.06259363889694214
7574,16.0,781,0.9387416839599609,,0.09979374334216118,-0.06528662145137787
7575,26.0,838,0.8915555477142334,,0.2417381163686514,0.00284026563167572
7576,26.0,784,0.9431078433990479,,0.0820828836876899,-0.07623352110385895
7577,27.0,927,1.0710816383361816,,0.07949807564727962,-0.0728563666343689
7578,28.0,1296,1.4205167293548584,,0.09409980149939656,-0.08240309357643127
7579,34.0,1343,1.5507464408874512,,0.10304998443461955,-0.07341930270195007
7580,28.0,1010,1.143845796585083,,0.074712791480124,-0.06765548884868622
7581,17.0,838,0.892327070236206,,0.1214403584599495,-0.08846864849328995
7582,32.0,1334,1.5317432880401611,,0.1437006122432649,-0.06144726276397705
7583,29.0,1022,1.156986951828003,,0.08069175062701106,-0.07813432812690735
7584,34.0,1338,1.44016695022583,,0.06362838367931545,-0.07718555629253387
7585,24.0,835,0.9887328147888184,,0.09155388735234737,-0.07378734648227692
7586,33.0,1215,1.3376641273498535,,0.17307868832722306,-0.059698980301618576
7587,31.0,1137,1.363459587097168,,0.13512138836085796,-0.05242578685283661
7588,22.0,897,0.949357271194458,,0.14763426827266812,-0.061828143894672394
7589,33.0,1729,2.0213656425476074,,0.0900119598954916,-0.09218674153089523
7590,33.0,1395,1.594559907913208,,0.09937330149114132,-0.07202941924333572
7591,28.0,1128,1.2544503211975098,,0.09338407684117556,-0.06773273646831512
7592,29.0,870,0.9146521091461182,,0.10741266841068864,-0.07888281345367432
7593,40.0,1703,1.973585844039917,,0.08515838696621358,-0.08818066120147705
7594,27.0,977,1.1074440479278564,,0.2634554114192724,-0.013897933065891266
7595,24.0,1070,1.1999754905700684,,0.0919059687294066,-0.06894810497760773
7596,31.0,1223,1.3377864360809326,,0.0785764039028436,-0.06965204328298569
7597,30.0,959,1.0953679084777832,,0.07104010786861181,-0.0862250030040741
7598,30.0,1035,1.1714627742767334,,0.08745733415707946,-0.0819563940167427
7599,30.0,1170,1.317645788192749,,0.07517133606597781,-0.07572682946920395
7600,33.0,1283,1.4971508979797363,,0.08385272952727973,-0.07950420677661896
7601,21.0,867,1.02290940284729,,0.06032081297598779,-0.06765449047088623
7602,22.0,994,1.1426761150360107,,0.1885816240683198,-0.02012430876493454
7603,27.0,1183,1.304476261138916,,0.0950193083845079,-0.06491324305534363
7604,21.0,912,1.05800461769104,,0.09171570697799325,-0.07485383749008179
7605,35.0,1221,1.333021640777588,,0.0918696359731257,-0.07388107478618622
7606,24.0,778,0.9256665706634521,,0.11960365576669574,-0.06042105704545975
7607,23.0,837,0.8901605606079102,,0.1735311560332775,-0.06405215710401535
7608,31.0,1300,1.5037016868591309,,0.17172344075515866,-0.04204895719885826
7609,30.0,867,0.9166951179504395,,0.08263523178175092,-0.07577043771743774
7610,23.0,877,1.0331711769104004,,0.1197115178219974,-0.054376985877752304
7611,26.0,961,1.1088957786560059,,0.09673751518130302,-0.06770680844783783
7612,30.0,1160,1.2809867858886719,,0.10078931506723166,-0.0818997472524643
7613,31.0,1190,1.3999786376953125,,0.10218998556956649,-0.06671164929866791
7614,28.0,1118,1.272305965423584,,0.11022988194599748,-0.05510271340608597
7615,28.0,1089,1.2312273979187012,,0.10228794766589999,-0.05949468910694122
7616,31.0,1302,1.4158525466918945,,0.09554532449692488,-0.0729828029870987
7617,26.0,777,0.9364867210388184,,0.0543850464746356,-0.07792472839355469
7618,23.0,723,0.7872545719146729,,0.08600084367208183,-0.057877324521541595
7619,32.0,1365,1.5519185066223145,,0.13438000343739986,-0.056735165417194366
7620,21.0,749,0.8182933330535889,,0.11495145549997687,-0.06539963185787201
7621,15.0,738,0.9041152000427246,,0.15672275610268116,-0.029710981994867325
7622,28.0,1421,1.6291694641113281,,0.11563736898824573,-0.06256476044654846
7623,25.0,937,1.0967848300933838,,0.10642184875905514,-0.045469731092453
7624,28.0,1121,1.2575891017913818,,0.08594162249937654,-0.05935376510024071
7625,32.0,1456,1.6517391204833984,,0.11293133581057191,-0.06787109375
7626,23.0,877,0.9390127658843994,,0.05322101549245417,-0.07890143990516663
7627,31.0,1175,1.3976020812988281,,0.14108012011274695,-0.046792544424533844
7628,32.0,1211,1.3410816192626953,,0.10002689203247428,-0.06695528328418732
7629,26.0,948,1.100818395614624,,0.06815371429547668,-0.0811115950345993
7630,31.0,1361,1.4688146114349365,,0.11064576590433717,-0.05122881010174751
7631,31.0,1178,1.4087622165679932,,0.10789450164884329,-0.06336983293294907
7632,53.0,2107,2.3877644538879395,,0.22962451167404652,-0.0026726797223091125
7633,28.0,1029,1.1691522598266602,,0.15137617429718375,-0.04946833848953247
7634,24.0,1025,1.1663610935211182,,0.1407203609123826,-0.05694662034511566
7635,28.0,1063,1.202622652053833,,0.10488763265311718,-0.06625254452228546
7636,35.0,1157,1.2858014106750488,,0.06688822899013758,-0.08148547261953354
7637,30.0,1577,1.7766075134277344,,0.1295077856630087,-0.04821479693055153
7638,31.0,1041,1.1783597469329834,,0.07344066794030368,-0.08952406048774719
7639,27.0,1121,1.295708417892456,,0.12347348686307669,-0.08507521450519562
7640,23.0,791,0.9637532234191895,,0.08138431794941425,-0.07881104946136475
7641,17.0,653,0.7297914028167725,,0.1547152497805655,-0.05205557867884636
7642,33.0,1281,1.4954369068145752,,0.12202546373009682,-0.05739738047122955
7643,31.0,1239,1.3650825023651123,,0.07083749189041555,-0.07683906704187393
7644,27.0,930,1.0825445652008057,,0.060259792022407055,-0.06564976274967194
7645,27.0,1413,1.6301732063293457,,0.12255874928086996,-0.06166272610425949
7646,40.0,1520,1.735701084136963,,0.08881428744643927,-0.08893965184688568
7647,31.0,1248,1.363548994064331,,0.23557286895811558,-0.008072011172771454
7648,28.0,885,1.0357789993286133,,0.08588706981390715,-0.06530340760946274
7649,36.0,1318,1.5267000198364258,,0.10052851401269436,-0.0847410187125206
7650,31.0,1177,1.3132190704345703,,0.15130926528945565,-0.03233479708433151
7651,20.0,707,0.7822067737579346,,0.12666223011910915,-0.06818057596683502
7652,33.0,1381,1.589278221130371,,0.12625648733228445,-0.06662163138389587
7653,27.0,992,1.1390635967254639,,0.10737208742648363,-0.06081357225775719
7654,25.0,920,1.0637223720550537,,0.11104334704577923,-0.0596516877412796
7655,28.0,1027,1.1587347984313965,,0.13575109792873263,-0.04952305927872658
7656,31.0,1162,1.2820367813110352,,0.09431462688371539,-0.06778262555599213
7657,18.0,737,0.7993178367614746,,0.1021470888517797,-0.07242320477962494
7658,20.0,1059,1.1896998882293701,,0.23143455013632774,0.008004091680049896
7659,28.0,989,1.123697280883789,,0.0860502787400037,-0.06903109699487686
7660,25.0,1044,1.1815741062164307,,0.0900226307567209,-0.08120144158601761
7661,31.0,1104,1.3237946033477783,,0.1487413439899683,-0.04306437075138092
7662,30.0,1354,1.4563541412353516,,0.0946311573497951,-0.06257949769496918
7663,9.0,671,0.7382948398590088,,0.08552750758826733,-0.07997066527605057
7664,12.0,603,0.7790944576263428,,0.3010901715606451,0.01848713308572769
7665,33.0,1387,1.4855921268463135,,0.1482934169471264,-0.04367510974407196
7666,24.0,850,1.0128073692321777,,0.10351236676797271,-0.06069153547286987
7667,17.0,695,0.7652013301849365,,0.14541972940787673,-0.04585924744606018
7668,31.0,1272,1.4914343357086182,,0.15698300348594785,-0.03804190456867218
7669,40.0,1385,1.616757869720459,,0.16756276972591877,-0.03649310767650604
7670,29.0,1347,1.4707777500152588,,0.10548530705273151,-0.06789223849773407
7671,25.0,835,0.997549295425415,,0.050372728845104575,-0.09157057106494904
7672,34.0,1285,1.4127111434936523,,0.1321898577734828,-0.04367698356509209
7673,24.0,843,1.0007989406585693,,0.134559434838593,-0.052148014307022095
7674,22.0,793,0.9501488208770752,,0.14608429232612252,-0.040053918957710266
7675,31.0,1001,1.1378364562988281,,0.14433275442570448,-0.02255140244960785
7676,18.0,743,0.809136152267456,,0.1855046423152089,-0.04881913214921951
7677,32.0,1153,1.2878494262695312,,0.21793408785015345,-0.018981091678142548
7678,23.0,889,1.0432255268096924,,0.08267061738297343,-0.07391531765460968
7679,27.0,957,1.1053731441497803,,0.16380147263407707,-0.032929543405771255
7680,33.0,1149,1.2786924839019775,,0.1095349588431418,-0.055015068501234055
7681,31.0,1237,1.3610529899597168,,0.0991301666945219,-0.06282467395067215
7682,26.0,847,1.0021374225616455,,0.10821348149329424,-0.07136640697717667
7683,27.0,828,0.9868791103363037,,0.06566067598760128,-0.07194510102272034
7684,34.0,1146,1.270803689956665,,0.17194296140223742,-0.023340530693531036
7685,32.0,1323,1.5259826183319092,,0.07115365006029606,-0.0797477662563324
7686,26.0,943,0.9943139553070068,,0.09435391332954168,-0.07109269499778748
7687,31.0,1294,1.551039695739746,,0.10076280310750008,-0.07128256559371948
7688,25.0,1109,1.260044813156128,,0.08795504039153457,-0.0552484393119812
7689,22.0,709,0.7813336849212646,,0.16183448117226362,-0.04198803752660751
7690,31.0,1175,1.4041953086853027,,0.07391413324512541,-0.06442898511886597
7691,25.0,784,0.8520545959472656,,0.10727304639294744,-0.07092064619064331
7692,32.0,1112,1.2490780353546143,,0.19705261662602425,-0.022926539182662964
7693,31.0,1249,1.488358497619629,,0.08918171841651201,-0.08747060596942902
7694,17.0,585,0.6623904705047607,,0.17101256549358368,-0.040231265127658844
7695,20.0,762,0.9195454120635986,,0.25788345374166965,-0.0035238116979599
7696,32.0,1226,1.3520450592041016,,0.16918434062972665,-0.03027578815817833
7697,35.0,1133,1.258481740951538,,0.07106031221337616,-0.066911980509758
7698,21.0,899,1.0641851425170898,,0.10671978490427136,-0.04634271189570427
7699,20.0,715,0.7853744029998779,,0.18380657210946083,-0.018112264573574066
7700,28.0,1291,1.509690284729004,,0.10820447327569127,-0.07328712940216064
7701,26.0,981,1.1419613361358643,,0.08470495976507664,-0.0626736432313919
7702,17.0,682,0.7640948295593262,,0.17127060564234853,-0.034173302352428436
7703,33.0,1349,1.5958809852600098,,0.1293159849010408,-0.0577896311879158
7704,23.0,876,0.9380817413330078,,0.0885649025440216,-0.06620992720127106
7705,31.0,1376,1.6103692054748535,,0.11772989761084318,-0.0661209374666214
7706,25.0,781,0.9452860355377197,,0.10205387929454446,-0.0518394410610199
7707,25.0,1064,1.219883918762207,,0.11651400104165077,-0.06545764207839966
7708,28.0,1045,1.1982550621032715,,0.10002149548381567,-0.05260555073618889
7709,29.0,1096,1.2681410312652588,,0.1263265097513795,-0.07111764699220657
7710,18.0,759,0.8384225368499756,,0.12358143925666809,-0.06648619472980499
7711,26.0,853,1.0239253044128418,,0.13240270828828216,-0.04763904958963394
7712,31.0,1384,1.626814603805542,,0.08753458224236965,-0.07700379192829132
7713,23.0,1001,1.1421399116516113,,0.13323189271613955,-0.03675880655646324
7714,24.0,886,0.9339675903320312,,0.17096709879115224,-0.018173284828662872
7715,33.0,1161,1.3693573474884033,,0.12205220526084304,-0.057376615703105927
7716,32.0,1021,1.1503932476043701,,0.08803226798772812,-0.06666873395442963
7717,32.0,1351,1.466533899307251,,0.19423161912709475,0.0008590295910835266
7718,28.0,1018,1.1494410037994385,,0.05639166384935379,-0.07697140425443649
7719,30.0,1009,1.1431360244750977,,0.11372277839109302,-0.06423281878232956
7720,31.0,1069,1.1948838233947754,,0.09521263558417559,-0.07707741111516953
7721,16.0,518,0.5911788940429688,,0.10505651356652379,-0.057462017983198166
7722,19.0,665,0.8317203521728516,,0.26378700975328684,0.004774495959281921
7723,18.0,745,0.8065814971923828,,0.08992170402780175,-0.07011310756206512
7724,31.0,1082,1.2209866046905518,,0.155571433249861,-0.053247466683387756
7725,29.0,1017,1.153136968612671,,0.1445208666846156,-0.053250160068273544
7726,18.0,779,0.9381475448608398,,0.06708032893948257,-0.06498639285564423
7727,30.0,969,1.1125726699829102,,0.10169789893552661,-0.05514060705900192
7728,23.0,815,0.8779506683349609,,0.16083793435245752,-0.02340696007013321
7729,33.0,1485,1.6913743019104004,,0.19227764662355185,-0.03878619521856308
7730,26.0,964,1.1156284809112549,,0.07112141815014184,-0.0521700382232666
7731,27.0,961,1.108752965927124,,0.1084021138958633,-0.059066079556941986
7732,24.0,767,0.8367149829864502,,0.22992632817476988,-0.002058684825897217
7733,20.0,744,0.9089667797088623,,0.19840725976973772,-0.014313578605651855
7734,24.0,795,0.8624069690704346,,0.1848982535302639,-0.018903948366642
7735,33.0,1341,1.5470423698425293,,0.1503619789145887,-0.026942312717437744
7736,31.0,1177,1.307466745376587,,0.12996284058317542,-0.04285265877842903
7737,29.0,853,1.0023753643035889,,0.1425811955705285,-0.039908330887556076
7738,25.0,858,1.0132300853729248,,0.11880572326481342,-0.059682004153728485
7739,24.0,989,1.1324656009674072,,0.15730260498821735,-0.034766003489494324
7740,34.0,1241,1.3578977584838867,,0.10755230765789747,-0.05664730817079544
7741,24.0,858,1.0119476318359375,,0.07454973505809903,-0.07835470139980316
7742,30.0,1171,1.296278715133667,,0.11162634799256921,-0.05936725437641144
7743,11.0,645,0.7215452194213867,,0.0867811692878604,-0.08733823150396347
7744,33.0,1101,1.2297401428222656,,0.19733602739870548,0.0058174729347229
7745,27.0,1053,1.2088580131530762,,0.08391364337876439,-0.07163850218057632
7746,26.0,929,1.0869708061218262,,0.10764042846858501,-0.08225344866514206
7747,32.0,1443,1.651031732559204,,0.12858806364238262,-0.0400841049849987
7748,28.0,1078,1.2504243850708008,,0.05630055861547589,-0.06311313062906265
7749,30.0,1392,1.6256670951843262,,0.08522281283512712,-0.09255678206682205
7750,23.0,870,1.0294334888458252,,0.11887249397113919,-0.0626092478632927
7751,34.0,1337,1.443889856338501,,0.10888570779934525,-0.0623374804854393
7752,15.0,561,0.6345252990722656,,0.12334221927449107,-0.0614987388253212
7753,23.0,903,1.0435867309570312,,0.18707348499447107,-0.019275657832622528
7754,22.0,778,0.954171895980835,,0.1623908681795001,-0.04774678498506546
7755,32.0,1314,1.4336397647857666,,0.15579207288101315,-0.034183748066425323
7756,34.0,1298,1.5151522159576416,,0.1436627944931388,-0.03702862560749054
7757,14.0,671,0.756244421005249,,0.09510378492996097,-0.07263557612895966
7758,17.0,806,0.9733049869537354,,0.1459537884220481,-0.028093859553337097
7759,34.0,1296,1.4058189392089844,,0.0911132893525064,-0.06444115191698074
7760,31.0,1222,1.4314236640930176,,0.12520062969997525,-0.08214324712753296
7761,24.0,838,0.8988375663757324,,0.09013245673850179,-0.08054149895906448
7762,29.0,1018,1.1512997150421143,,0.08380914526060224,-0.0707128494977951
7763,32.0,1223,1.4476523399353027,,0.16966333845630288,-0.048633042722940445
7764,16.0,581,0.6594467163085938,,0.10440693749114871,-0.08582092821598053
7765,29.0,994,1.1404783725738525,,0.1339513109996915,-0.04624861851334572
7766,20.0,765,0.8272697925567627,,0.11789502575993538,-0.07085134088993073
7767,31.0,1145,1.2721405029296875,,0.16828683065250516,-0.019027307629585266
7768,25.0,943,1.088050365447998,,0.15233338251709938,-0.0542205385863781
7769,22.0,739,0.8985929489135742,,0.2911127954721451,0.01451631635427475
7770,33.0,1083,1.2125613689422607,,0.14158566808328032,-0.03753843531012535
7771,23.0,776,0.840280294418335,,0.1381649300456047,-0.05730482190847397
7772,20.0,735,0.9075906276702881,,0.1434937142767012,-0.052683282643556595
7773,26.0,957,1.1086385250091553,,0.1398729351349175,-0.046574629843235016
7774,25.0,757,0.8235440254211426,,0.21717798337340355,-0.007250398397445679
7775,33.0,1621,1.8137948513031006,,0.1937289359048009,-0.03613555431365967
7776,19.0,665,0.8351535797119141,,0.06965651107020676,-0.06935402005910873
7777,31.0,1167,1.3057267665863037,,0.09100248059257865,-0.03859700262546539
7778,22.0,763,0.8347339630126953,,0.16670749429613352,-0.058282047510147095
7779,22.0,809,0.9609560966491699,,0.16927171451970935,-0.02724287286400795
7780,20.0,696,0.7591595649719238,,0.11511784372851253,-0.047376036643981934
7781,26.0,1512,1.704535722732544,,0.14063681149855256,-0.042986780405044556
7782,32.0,941,1.076723337173462,,0.07276201550848782,-0.0597078911960125
7783,24.0,851,1.0022342205047607,,0.12889297166839242,-0.05469554290175438
7784,24.0,1005,1.1497390270233154,,0.1324738571420312,-0.056482262909412384
7785,32.0,1063,1.1982684135437012,,0.1214461731724441,-0.06456638127565384
7786,27.0,1027,1.161957025527954,,0.1776899015530944,-0.026323765516281128
7787,28.0,1011,1.1441776752471924,,0.1527492799796164,-0.028576750308275223
7788,31.0,1242,1.3550739288330078,,0.0845640548504889,-0.05767703801393509
7789,30.0,1118,1.2411861419677734,,0.12494899611920118,-0.05704315006732941
7790,22.0,922,1.077080488204956,,0.11245727119967341,-0.0688968300819397
7791,27.0,951,1.1036298274993896,,0.18790010875090957,-0.03629166632890701
7792,28.0,1260,1.3895988464355469,,0.10561663238331676,-0.060422927141189575
7793,31.0,1173,1.390873670578003,,0.1112774577923119,-0.06794239580631256
7794,33.0,1271,1.3831403255462646,,0.10198263637721539,-0.0617344006896019
7795,23.0,780,0.9321696758270264,,0.1626893850043416,-0.020552441477775574
7796,25.0,989,1.1270065307617188,,0.1403671856969595,-0.03733103722333908
7797,21.0,836,0.8883011341094971,,0.11941108573228121,-0.07599031925201416
7798,32.0,1737,2.011448621749878,,0.0803796243853867,-0.07730342447757721
7799,25.0,957,1.091569423675537,,0.09099826170131564,-0.04726122319698334
7800,29.0,1473,1.575181007385254,,0.26914311293512583,0.00794897973537445
7801,25.0,1047,1.1785361766815186,,0.06979286507703364,-0.06627528369426727
7802,25.0,979,1.1217803955078125,,0.12395682837814093,-0.06541325151920319
7803,29.0,943,1.0855193138122559,,0.1560637317597866,-0.04539663344621658
7804,26.0,1088,1.2187116146087646,,0.13612666027620435,-0.04456774517893791
7805,31.0,1231,1.4433748722076416,,0.13007596088573337,-0.05228935927152634
7806,23.0,827,0.8794000148773193,,0.06437588203698397,-0.11043132096529007
7807,30.0,1075,1.1988840103149414,,0.0937908268533647,-0.052523329854011536
7808,32.0,1266,1.471240520477295,,0.09954835521057248,-0.06338746100664139
7809,32.0,1260,1.3869154453277588,,0.08324657753109932,-0.06805595755577087
7810,29.0,1311,1.5266125202178955,,0.15098666865378618,-0.04697331041097641
7811,34.0,1275,1.3939037322998047,,0.12713964050635695,-0.0523810014128685
7812,15.0,561,0.7314560413360596,,0.11675152322277427,-0.0516410768032074
7813,31.0,1558,1.763113260269165,,0.07860676874406636,-0.08681116998195648
7814,30.0,1452,1.551337480545044,,0.11210234463214874,-0.04767603054642677
7815,26.0,749,0.9029934406280518,,0.05272463336586952,-0.0809345692396164
7816,31.0,1335,1.4346067905426025,,0.15494497073814273,-0.03132915124297142
7817,31.0,1323,1.5262620449066162,,0.1074064583517611,-0.05337228998541832
7818,20.0,748,0.8996918201446533,,0.0966923525556922,-0.06428112834692001
7819,22.0,875,0.9269044399261475,,0.11231535812839866,-0.0576857328414917
7820,32.0,1318,1.5188779830932617,,0.1001904341392219,-0.058052387088537216
7821,29.0,1121,1.2352406978607178,,0.14761937409639359,-0.05696164071559906
7822,30.0,1311,1.5138611793518066,,0.07696713600307703,-0.08617027848958969
7823,32.0,1278,1.3873467445373535,,0.08442785078659654,-0.05900116264820099
7824,32.0,1374,1.56978178024292,,0.1333954455330968,-0.04913435876369476
7825,23.0,943,1.0904159545898438,,0.10774717759341002,-0.048727892339229584
7826,10.0,643,0.7108719348907471,,0.1909274784848094,-0.03992915153503418
7827,30.0,1053,1.1798350811004639,,0.2845214009284973,-0.026112809777259827
7828,28.0,1581,1.7616546154022217,,0.17226758552715182,-0.03943904489278793
7829,21.0,1073,1.2098727226257324,,0.10832174913957715,-0.056437790393829346
7830,10.0,530,0.6022124290466309,,0.12414697743952274,-0.0776161402463913
7831,33.0,1726,1.891831398010254,,0.07570969173684716,-0.08432058244943619
7832,27.0,1271,1.4795103073120117,,0.11636373214423656,-0.06454190611839294
7833,28.0,1096,1.2292306423187256,,0.08427500911056995,-0.06780337542295456
7834,26.0,924,1.0794813632965088,,0.125548436306417,-0.07297515869140625
7835,32.0,1435,1.643977403640747,,0.2014657398685813,-0.038790956139564514
7836,29.0,1399,1.4993369579315186,,0.12628907337784767,-0.04408780485391617
7837,25.0,928,1.0654349327087402,,0.0935056023299694,-0.054310403764247894
7838,26.0,1038,1.1691029071807861,,0.08324397727847099,-0.06776781380176544
7839,31.0,1116,1.234907627105713,,0.11624085390940309,-0.06572428345680237
7840,28.0,959,1.0986766815185547,,0.08890887815505266,-0.09404259920120239
7841,26.0,1207,1.44258451461792,,0.11690039839595556,-0.06693577766418457
7842,33.0,1275,1.3912622928619385,,0.09040537709370255,-0.06635037064552307
7843,29.0,948,1.0979180335998535,,0.07105376268737018,-0.06677024066448212
7844,35.0,1499,1.6949522495269775,,0.11679669190198183,-0.07906220108270645
7845,17.0,735,0.8012161254882812,,0.09248851193115115,-0.06929878890514374
7846,23.0,813,0.9712841510772705,,0.22523683309555054,0.019994065165519714
7847,30.0,1199,1.331761121749878,,0.11537419306114316,-0.058534473180770874
7848,34.0,1713,1.9876809120178223,,0.10522681707516313,-0.07019323110580444
7849,27.0,1047,1.1922192573547363,,0.19255070388317108,-0.0176539346575737
7850,21.0,795,0.8611128330230713,,0.16575508238747716,-0.04996924102306366
7851,33.0,1295,1.5360634326934814,,0.1310375123284757,-0.0635359138250351
7852,29.0,792,0.8525998592376709,,0.1706572389230132,-0.04720304533839226
7853,23.0,902,1.0645270347595215,,0.14824862871319056,-0.04691310226917267
7854,31.0,1129,1.2701539993286133,,0.1211845688521862,-0.07082852721214294
7855,27.0,893,1.0685374736785889,,0.19682179018855095,-0.031093500554561615
7856,30.0,1117,1.2537894248962402,,0.14646767638623714,-0.04501698911190033
7857,33.0,1303,1.510915756225586,,0.11437284667044878,-0.07050768285989761
7858,31.0,1176,1.3027007579803467,,0.09539271309040487,-0.05896805226802826
7859,26.0,998,1.135960340499878,,0.08886137651279569,-0.07489486038684845
7860,28.0,1032,1.1749796867370605,,0.14622937934473157,-0.0336017981171608
7861,25.0,885,1.0317010879516602,,0.1154071711935103,-0.05826697126030922
7862,26.0,853,0.9029338359832764,,0.1139041599817574,-0.04582352563738823
7863,20.0,748,0.9068634510040283,,0.19814622588455677,-0.01604340225458145
7864,25.0,768,0.8290183544158936,,0.10012878337875009,-0.0736294537782669
7865,32.0,1291,1.5070416927337646,,0.16722713923081756,-0.03736430034041405
7866,25.0,980,1.1231107711791992,,0.1340585141442716,-0.027697548270225525
7867,33.0,987,1.1347424983978271,,0.09109245357103646,-0.06413473188877106
7868,23.0,719,0.7866787910461426,,0.1976246116682887,-0.03996003419160843
7869,26.0,938,1.0881016254425049,,0.19568846933543682,-0.027897439897060394
7870,32.0,1508,1.7017030715942383,,0.1263070683926344,-0.05673544108867645
7871,34.0,1466,1.666830062866211,,0.12919315276667476,-0.06765091419219971
7872,31.0,1441,1.640679121017456,,0.12689455784857273,-0.05728375166654587
7873,7.0,367,0.3557419776916504,,0.12689455784857273,-0.05728375166654587
7874,33.0,1266,1.481522798538208,,0.13422836922109127,-0.053300902247428894
7875,31.0,1282,1.4021852016448975,,0.10243000648915768,-0.04462809860706329
7876,29.0,1181,1.4152848720550537,,0.12396805034950376,-0.05744844675064087
7877,23.0,694,0.7819702625274658,,0.07753390050493181,-0.07868979126214981
7878,33.0,1131,1.2564270496368408,,0.24201655946671963,-0.01054556667804718
7879,32.0,1171,1.2950263023376465,,0.08781900722533464,-0.07705889642238617
7880,30.0,1142,1.360962152481079,,0.11078725894913077,-0.054715998470783234
7881,33.0,1091,1.2266056537628174,,0.08547432231716812,-0.062283266335725784
7882,34.0,1079,1.2204391956329346,,0.05613732500933111,-0.06997688859701157
7883,33.0,1367,1.5791888236999512,,0.12031450076028705,-0.06739388406276703
7884,27.0,1101,1.2426061630249023,,0.06858913227915764,-0.06811782717704773
7885,33.0,1338,1.4503026008605957,,0.13370886258780956,-0.027243249118328094
7886,27.0,959,1.1084644794464111,,0.12238725647330284,-0.04346001148223877
7887,26.0,1092,1.2361345291137695,,0.10588852129876614,-0.07276448607444763
7888,49.0,1905,2.1908485889434814,,0.12613879423588514,-0.06913343071937561
7889,21.0,733,0.8977818489074707,,0.1972391363233328,-0.02991446852684021
7890,27.0,855,0.9110250473022461,,0.11766331503167748,-0.061414219439029694
7891,26.0,937,1.0844550132751465,,0.08905034000054002,-0.07776699215173721
7892,27.0,816,0.986445426940918,,0.10477780783548951,-0.06467708945274353
7893,23.0,851,0.9065666198730469,,0.351582907140255,0.07223823666572571
7894,16.0,695,0.858154296875,,0.13834991678595543,-0.04993775114417076
7895,30.0,1603,1.8058764934539795,,0.2549234824255109,-0.02134890854358673
7896,26.0,853,0.9072983264923096,,0.07286344515159726,-0.07725214958190918
7897,32.0,1151,1.3737742900848389,,0.12253989884629846,-0.04054331034421921
7898,25.0,902,0.9533801078796387,,0.12637128354981542,-0.054406024515628815
7899,24.0,1283,1.494293212890625,,0.1986389709636569,-0.010786063969135284
7900,31.0,1251,1.3449418544769287,,0.0696981349028647,-0.05161232873797417
7901,30.0,1284,1.470790147781372,,0.11070404294878244,-0.07210145890712738
7902,31.0,1290,1.3964276313781738,,0.11286753276363015,-0.04956292361021042
7903,24.0,974,1.102229356765747,,0.08194761862978339,-0.079562246799469
7904,27.0,917,1.047752857208252,,0.0761559153907001,-0.07515065371990204
7905,26.0,981,1.1090543270111084,,0.10465889610350132,-0.05362720787525177
7906,30.0,1243,1.3386857509613037,,0.11782825319096446,-0.040064919739961624
7907,33.0,1063,1.2746732234954834,,0.06906076543964446,-0.0703461617231369
7908,25.0,843,0.8964316844940186,,0.08311982965096831,-0.0813516154885292
7909,26.0,897,1.033174991607666,,0.11243274202570319,-0.06544123589992523
7910,28.0,1256,1.362656831741333,,0.0625304994173348,-0.0705014020204544
7911,32.0,1183,1.3873798847198486,,0.08307228260673583,-0.07259244471788406
7912,23.0,857,0.9078938961029053,,0.1268067224882543,-0.07947701215744019
7913,27.0,1049,1.1674821376800537,,0.2572620576247573,0.036856770515441895
7914,27.0,877,1.0148653984069824,,0.11663730861619115,-0.05845249444246292
7915,33.0,1313,1.4993176460266113,,0.14213654771447182,-0.06077929958701134
7916,25.0,759,0.8154487609863281,,0.07224670657888055,-0.09497644007205963
7917,33.0,1235,1.42423677444458,,0.12323175743222237,-0.052217721939086914
7918,25.0,959,1.0053424835205078,,0.0660002261865884,-0.08099167048931122
7919,34.0,1524,1.699700117111206,,0.07962397113442421,-0.05894006788730621
7920,25.0,882,1.022298812866211,,0.12490428518503904,-0.044569648802280426
7921,21.0,762,0.9234211444854736,,0.09609937807545066,-0.07069297134876251
7922,31.0,1181,1.3098316192626953,,0.12074684025719762,-0.062094204127788544
7923,24.0,910,1.0618336200714111,,0.10529135540127754,-0.06068987399339676
7924,13.0,524,0.6041285991668701,,0.11589109245687723,-0.05343091860413551
7925,15.0,632,0.7075872421264648,,0.17293861974030733,-0.002724573016166687
7926,18.0,606,0.6801548004150391,,0.12945121200755239,-0.034060437232255936
7927,21.0,777,0.9401876926422119,,0.17192627117037773,-0.0396319143474102
7928,32.0,1253,1.3744921684265137,,0.11600348213687539,-0.05329304561018944
7929,33.0,1169,1.2918736934661865,,0.13532265275716782,-0.04489683359861374
7930,31.0,1306,1.5150442123413086,,0.1418152442201972,-0.02997390180826187
7931,27.0,927,1.1040663719177246,,0.11055126087740064,-0.036020491272211075
7932,29.0,1225,1.3513522148132324,,0.0834202840924263,-0.07376369833946228
7933,32.0,1106,1.2360291481018066,,0.06518980767577887,-0.08278600126504898
7934,26.0,1041,1.1804165840148926,,0.08638603193685412,-0.06756485253572464
7935,35.0,1102,1.3354218006134033,,0.057292893063277006,-0.07225862890481949
7936,32.0,1143,1.2763926982879639,,0.10001557134091854,-0.049908991903066635
7937,26.0,839,0.894981861114502,,0.11659762123599648,-0.07729452848434448
7938,27.0,886,1.0308921337127686,,0.136579105630517,-0.05559155344963074
7939,23.0,857,1.0094735622406006,,0.09582862071692944,-0.064979687333107
7940,32.0,1491,1.677837610244751,,0.10819285595789552,-0.04358499497175217
7941,29.0,1098,1.2198472023010254,,0.08768061571754515,-0.064854197204113
7942,28.0,813,0.8665802478790283,,0.08871185383759439,-0.09401623159646988
7943,33.0,1333,1.5230090618133545,,0.1133155720308423,-0.05190011486411095
7944,29.0,1035,1.1591393947601318,,0.057209138525649905,-0.061096251010894775
7945,37.0,1640,1.8347113132476807,,0.12385977664962411,-0.04045863449573517
7946,24.0,829,0.9964978694915771,,0.4230703478679061,0.06365055590867996
7947,43.0,1743,1.9634253978729248,,0.23922648094594479,-0.017029717564582825
7948,26.0,1020,1.151052713394165,,0.36376727744936943,0.03719571605324745
7949,33.0,1255,1.4525372982025146,,0.07879642629995942,-0.08112366497516632
7950,27.0,880,0.926978349685669,,0.12786145601421595,-0.05521649867296219
7951,26.0,1045,1.2830605506896973,,0.07836926355957985,-0.05669330060482025
7952,20.0,759,0.8256247043609619,,0.10370344761759043,-0.08457906544208527
7953,17.0,647,0.7228546142578125,,0.05721363774500787,-0.0875713899731636
7954,15.0,624,0.6993515491485596,,0.18092840444296598,-0.025075726211071014
7955,26.0,827,0.9849429130554199,,0.23044422827661037,0.0075545534491539
7956,29.0,699,0.7706930637359619,,0.17024998599663377,-0.040075063705444336
7957,21.0,926,1.085036039352417,,0.1216924749314785,-0.05352797359228134
7958,28.0,1020,1.175137996673584,,0.12620341731235385,-0.04658960551023483
7959,24.0,848,0.9996054172515869,,0.08763913298025727,-0.06409647315740585
7960,20.0,700,0.7685494422912598,,0.07805694825947285,-0.07789105176925659
7961,34.0,1012,1.1414034366607666,,0.10539456875994802,-0.061266202479600906
7962,16.0,1039,1.180487871170044,,0.10142389591783285,-0.04434579238295555
7963,27.0,1009,1.1575450897216797,,0.13360262336209416,-0.06615979969501495
7964,23.0,786,0.9499266147613525,,0.19220192357897758,-0.01971317082643509
7965,8.0,515,0.6013443470001221,,0.09201005613431334,-0.0770973265171051
7966,27.0,945,1.0935883522033691,,0.16329516470432281,-0.0482306182384491
7967,19.0,667,0.74615478515625,,0.12391463434323668,-0.06957431137561798
7968,28.0,953,1.1033811569213867,,0.1213299143128097,-0.03873413801193237
7969,20.0,725,0.7899675369262695,,0.14474889542907476,-0.053663045167922974
7970,31.0,1336,1.5466430187225342,,0.10362280765548348,-0.06997068226337433
7971,31.0,1197,1.315138339996338,,0.07288488163612783,-0.055208720266819
7972,11.0,535,0.6107373237609863,,0.10959418583661318,-0.07866781949996948
7973,32.0,1356,1.5486741065979004,,0.16952572762966156,-0.01982705295085907
7974,30.0,1044,1.1792900562286377,,0.07872033165767789,-0.06594178825616837
7975,33.0,1329,1.5280101299285889,,0.1900228662416339,-0.032716505229473114
7976,24.0,838,0.892573356628418,,0.07714068912900984,-0.07802201062440872
7977,16.0,550,0.6266193389892578,,0.09720220090821385,-0.05465158447623253
7978,12.0,478,0.5521173477172852,,0.13960450235754251,-0.05275777354836464
7979,26.0,914,1.0554289817810059,,0.18690443504601717,-0.006240919232368469
7980,25.0,756,0.8130621910095215,,0.18587208911776543,-0.0324132964015007
7981,31.0,1420,1.6086957454681396,,0.08966305293142796,-0.07804890722036362
7982,29.0,1107,1.2298824787139893,,0.0807539694942534,-0.05815613269805908
7983,65.0,2181,2.5596413612365723,,0.2810564963147044,-0.0003761500120162964
7984,17.0,639,0.7090284824371338,,0.13546887319535017,-0.062326110899448395
7985,36.0,1358,1.5608248710632324,,0.14281154610216618,-0.051266878843307495
7986,23.0,873,0.9304389953613281,,0.19031637161970139,-0.03514610230922699
7987,25.0,715,0.887749433517456,,0.12758764764294028,-0.06209181249141693
7988,27.0,1066,1.198000431060791,,0.13846067758277059,-0.018131066113710403
7989,25.0,829,0.8853976726531982,,0.08671753108501434,-0.07641750574111938
7990,27.0,1139,1.357297420501709,,0.10696132993325591,-0.037302449345588684
7991,31.0,1109,1.2277677059173584,,0.09976593591272831,-0.06510680168867111
7992,31.0,1276,1.3751912117004395,,0.11500818282365799,-0.03615957498550415
7993,9.0,413,0.4919137954711914,,0.12901300750672817,-0.06681911647319794
7994,24.0,859,1.0133693218231201,,0.24070836883038282,0.014925286173820496
7995,14.0,528,0.6003878116607666,,0.08817468816414475,-0.08762804418802261
7996,31.0,1247,1.3702492713928223,,0.1881995964795351,-0.01971617341041565
7997,16.0,556,0.6360528469085693,,0.12101683206856251,-0.05973436310887337
7998,10.0,439,0.5180623531341553,,0.14189886394888163,-0.03833029791712761
7999,28.0,1022,1.1520678997039795,,0.253502300940454,0.022771671414375305
8000,23.0,685,0.7625226974487305,,0.17965070996433496,-0.03112531453371048
8001,22.0,838,1.0020463466644287,,0.12123734503984451,-0.06864318996667862
8002,25.0,899,1.0532891750335693,,0.1232574419118464,-0.02333293855190277
8003,30.0,1430,1.6408002376556396,,0.09736523358151317,-0.0725136399269104
8004,22.0,725,0.7876338958740234,,0.07242112793028355,-0.07187820225954056
8005,27.0,947,1.1092309951782227,,0.11538220942020416,-0.06347760558128357
8006,31.0,1520,1.7104578018188477,,0.08791158394888043,-0.08841709047555923
8007,34.0,952,1.0942635536193848,,0.1284286230802536,-0.03898744657635689
8008,31.0,1112,1.242009162902832,,0.07602520799264312,-0.06626559048891068
8009,28.0,1171,1.30320405960083,,0.06216882658191025,-0.054451074451208115
8010,31.0,1319,1.5187113285064697,,0.07680808566510677,-0.07509857416152954
8011,30.0,1157,1.2735888957977295,,0.0923402369953692,-0.05822225660085678
8012,29.0,1037,1.166654348373413,,0.09558826498687267,-0.05277028679847717
8013,29.0,1237,1.3567259311676025,,0.16560935135930777,-0.029410764575004578
8014,26.0,795,0.9514563083648682,,0.08203417039476335,-0.0782700777053833
8015,24.0,755,0.8203554153442383,,0.13388910330832005,-0.027869246900081635
8016,31.0,955,1.122392177581787,,0.15398342162370682,-0.0397820919752121
8017,17.0,573,0.6565744876861572,,0.07998846773989499,-0.08461865037679672
8018,33.0,1411,1.6236062049865723,,0.12023421190679073,-0.055999863892793655
8019,20.0,843,1.0032117366790771,,0.09683360205963254,-0.06680658459663391
8020,32.0,913,1.055696964263916,,0.12966816127300262,-0.04315662384033203
8021,29.0,1043,1.174544095993042,,0.11909796018153429,-0.0345194935798645
8022,29.0,1162,1.2908825874328613,,0.15597444027662277,-0.016167327761650085
8023,56.0,2340,2.6929032802581787,,0.2032429543323815,-0.03115709125995636
8024,32.0,1438,1.548628568649292,,0.20171096920967102,-0.03094971925020218
8025,30.0,959,1.096651554107666,,0.09259449457749724,-0.06863407790660858
8026,30.0,987,1.1222970485687256,,0.0985053745098412,-0.06205129623413086
8027,28.0,1112,1.2510123252868652,,0.1010605483315885,-0.048913080245256424
8028,28.0,1034,1.1659440994262695,,0.07484606630168855,-0.08113877475261688
8029,21.0,764,0.9182248115539551,,0.09962407080456614,-0.0615406297147274
8030,46.0,1765,1.9642720222473145,,0.1359281213954091,-0.05509117990732193
8031,20.0,843,0.9920425415039062,,0.4180913856253028,0.021437905728816986
8032,23.0,887,1.0372765064239502,,0.17238086555153131,-0.04324031621217728
8033,14.0,624,0.6914994716644287,,0.11556471697986126,-0.08476769179105759
8034,22.0,918,1.066288948059082,,0.11429414944723248,-0.02814067155122757
8035,26.0,923,0.9677605628967285,,0.11152884736657143,-0.06642038375139236
8036,24.0,844,0.9924185276031494,,0.09649383509531617,-0.07466985285282135
8037,16.0,763,0.923755407333374,,0.17194855539128184,-0.030138704925775528
8038,16.0,851,0.9037659168243408,,0.20264253672212362,-0.041894540190696716
8039,26.0,1006,1.141509771347046,,0.1146315154619515,-0.08866097778081894
8040,29.0,1100,1.2246992588043213,,0.11150016915053129,-0.0841732993721962
8041,33.0,1207,1.4088468551635742,,0.10408312221989036,-0.07404325902462006
8042,22.0,841,0.9003725051879883,,0.12335245264694095,-0.053265731781721115
8043,24.0,865,1.0142357349395752,,0.11856473051011562,-0.06856076419353485
8044,23.0,987,1.1207916736602783,,0.08971436973661184,-0.06269605457782745
8045,30.0,992,1.1067752838134766,,0.10265052644535899,-0.053715355694293976
8046,27.0,1277,1.3712363243103027,,0.06280818488448858,-0.07004620134830475
8047,27.0,1002,1.1168742179870605,,0.07666535582393408,-0.08259996771812439
8048,28.0,1068,1.1830112934112549,,0.12774184346199036,-0.05885929614305496
8049,33.0,1199,1.4167835712432861,,0.07642329391092062,-0.07863892614841461
8050,18.0,811,0.8678722381591797,,0.12806676235049963,-0.06069466471672058
8051,29.0,1159,1.365940809249878,,0.093927470035851,-0.07884335517883301
8052,31.0,1194,1.3058254718780518,,0.0893470929004252,-0.059962041676044464
8053,23.0,923,1.0690655708312988,,0.08150403713807464,-0.0725138932466507
8054,19.0,759,0.8146045207977295,,0.0863549206405878,-0.08780833333730698
8055,19.0,743,0.8973269462585449,,0.34266960714012384,0.03164473921060562
8056,30.0,1364,1.4671828746795654,,0.11845469567924738,-0.07175940275192261
8057,28.0,961,1.0952680110931396,,0.0802719839848578,-0.08788301795721054
8058,29.0,1103,1.2275102138519287,,0.08891798090189695,-0.07710379362106323
8059,15.0,709,0.8661508560180664,,0.117006606888026,-0.06309755146503448
8060,21.0,731,0.8008372783660889,,0.16026202868670225,-0.043834004551172256
8061,30.0,779,0.9380242824554443,,0.18930264143273234,-0.04353393241763115
8062,34.0,1187,1.2957422733306885,,0.07623807666823268,-0.06619267910718918
8063,21.0,1121,1.2504029273986816,,0.09018248226493597,-0.06309040635824203
8064,32.0,1345,1.5423274040222168,,0.07143705990165472,-0.09149113297462463
8065,25.0,972,1.1113231182098389,,0.09030684176832438,-0.05728694796562195
8066,26.0,1140,1.2729344367980957,,0.07119720918126404,-0.06935203075408936
8067,19.0,836,0.992499589920044,,0.08960578660480678,-0.06945712119340897
8068,29.0,1174,1.2852559089660645,,0.1079536029137671,-0.06726515293121338
8069,21.0,844,1.0035126209259033,,0.08764998707920313,-0.054203473031520844
8070,24.0,804,0.8637747764587402,,0.10361895896494389,-0.07773104310035706
8071,29.0,1294,1.501509189605713,,0.11124237580224872,-0.08386718481779099
8072,42.0,1578,1.7686107158660889,,0.18512080935761333,-0.06055394932627678
8073,25.0,977,1.1089096069335938,,0.20489428052678704,-0.039506666362285614
8074,31.0,1465,1.6576952934265137,,0.1025629648938775,-0.08096471428871155
8075,45.0,1781,1.9692509174346924,,0.08998444443568587,-0.0895383432507515
8076,33.0,1330,1.5418455600738525,,0.11371601233258843,-0.06895791739225388
8077,31.0,1437,1.530247449874878,,0.07392443995922804,-0.0679888129234314
8078,28.0,1190,1.4173460006713867,,0.11511026090011,-0.07306799292564392
8079,25.0,1023,1.1638927459716797,,0.10107581317424774,-0.052910298109054565
8080,29.0,1065,1.1899447441101074,,0.0992313171736896,-0.05316604673862457
8081,25.0,859,0.9183893203735352,,0.18747416604310274,-0.030946195125579834
8082,24.0,832,0.9878983497619629,,0.11051542591303587,-0.07076829671859741
8083,33.0,1281,1.4806759357452393,,0.1269930936396122,-0.049531444907188416
8084,29.0,1125,1.255244255065918,,0.07148161297664046,-0.05943647772073746
8085,31.0,1219,1.3384809494018555,,0.0806190213188529,-0.05212404578924179
8086,31.0,1364,1.5625665187835693,,0.12496865727007389,-0.0873129814863205
8087,26.0,966,1.1121881008148193,,0.13564358837902546,-0.03350949287414551
8088,26.0,1125,1.253587007522583,,0.09850606648251414,-0.07120999693870544
8089,27.0,874,1.0269474983215332,,0.09645204804837704,-0.04882245510816574
8090,27.0,866,0.924260139465332,,0.14651335589587688,-0.06299842894077301
8091,13.0,504,0.5874209403991699,,0.19625700172036886,-0.040401242673397064
8092,28.0,1099,1.2328975200653076,,0.17713466146960855,-0.02680625393986702
8093,31.0,1225,1.4611332416534424,,0.175120004452765,-0.024785347282886505
8094,27.0,1117,1.2543842792510986,,0.05825407267548144,-0.06573282182216644
8095,26.0,901,1.0509963035583496,,0.08605148340575397,-0.05776737630367279
8096,33.0,1171,1.2929468154907227,,0.11432908196002245,-0.04655968397855759
8097,22.0,1065,1.2042641639709473,,0.16455103270709515,-0.026868917047977448
8098,30.0,1659,1.8472907543182373,,0.10296676773577929,-0.07938630133867264
8099,28.0,969,1.11177396774292,,0.044973981101065874,-0.06956440210342407
8100,23.0,743,0.9109599590301514,,0.1320321816019714,-0.059026747941970825
8101,25.0,845,0.898125171661377,,0.13840030087158084,-0.07553032040596008
8102,29.0,929,1.0784714221954346,,0.2318980535492301,-0.023836135864257812
8103,28.0,916,1.0527894496917725,,0.14331452455371618,-0.04889831691980362
8104,14.0,590,0.6557819843292236,,0.18051376100629568,-0.03787694126367569
8105,21.0,612,0.6785125732421875,,0.10782537888735533,-0.05605686083436012
8106,21.0,797,0.9557101726531982,,0.17005385551601648,-0.04091537743806839
8107,31.0,1010,1.1604816913604736,,0.10334886750206351,-0.05075343698263168
8108,16.0,596,0.6681935787200928,,0.17819384671747684,-0.03325546532869339
8109,32.0,1327,1.549316644668579,,0.11232261685654521,-0.07566793262958527
8110,54.0,2440,2.6875932216644287,,0.128694168291986,-0.06365865468978882
8111,20.0,1011,1.1592800617218018,,0.1762237143702805,-0.06039303541183472
8112,24.0,973,1.1130077838897705,,0.1824814979918301,-0.051455412060022354
8113,32.0,1498,1.6924400329589844,,0.0943364268168807,-0.07412071526050568
8114,24.0,965,1.1010074615478516,,0.10324457567185163,-0.052782922983169556
8115,14.0,717,0.779447078704834,,0.15927236713469028,-0.042963363230228424
8116,10.0,533,0.7029192447662354,,0.25299600046128035,-0.014570310711860657
8117,27.0,1241,1.374401330947876,,0.10058522177860141,-0.06169670820236206
8118,15.0,632,0.7052690982818604,,0.14844135055318475,-0.07262633740901947
8119,25.0,951,1.1039600372314453,,0.14392757881432772,-0.036628663539886475
8120,29.0,1441,1.6469647884368896,,0.10913011291995645,-0.07453406602144241
8121,32.0,1203,1.3160974979400635,,0.08434903156012297,-0.06590178608894348
8122,22.0,801,0.9516088962554932,,0.07690814859233797,-0.06565725058317184
8123,32.0,1380,1.474034070968628,,0.1451330636627972,-0.05327519029378891
8124,29.0,951,1.0858991146087646,,0.09154684981331229,-0.06672365963459015
8125,21.0,771,0.9287006855010986,,0.12258316623046994,-0.060314103960990906
8126,29.0,1461,1.6506285667419434,,0.10552143747918308,-0.07650048285722733
8127,26.0,977,1.1227586269378662,,0.1736487252637744,-0.008094936609268188
8128,22.0,813,0.8621442317962646,,0.10239873826503754,-0.07926870882511139
8129,27.0,873,1.024487018585205,,0.14285179506987333,-0.05225576460361481
8130,26.0,854,1.0124859809875488,,0.0936503796838224,-0.0664689913392067
8131,25.0,965,1.016470193862915,,0.09720854088664055,-0.08879167586565018
8132,25.0,967,1.113966941833496,,0.11446248181164265,-0.05157974362373352
8133,31.0,1249,1.467738151550293,,0.22142454981803894,-0.015657544136047363
8134,21.0,831,0.8881978988647461,,0.07923420541919768,-0.08951405435800552
8135,34.0,1053,1.1808531284332275,,0.3267663773149252,0.05045510083436966
8136,16.0,731,0.8893637657165527,,0.06410050950944424,-0.07226574420928955
8137,33.0,1361,1.5748412609100342,,0.15037128375843167,-0.0699249878525734
8138,28.0,1132,1.2688333988189697,,0.12824906827881932,-0.02597283571958542
8139,15.0,594,0.6653430461883545,,0.1071693324483931,-0.07227448374032974
8140,27.0,953,1.0917065143585205,,0.12889600545167923,-0.04599317908287048
8141,34.0,1362,1.4516098499298096,,0.12932472163811326,-0.03233698755502701
8142,33.0,1622,1.8887205123901367,,0.0853936062194407,-0.08869050443172455
8143,32.0,1213,1.3203082084655762,,0.1423280294984579,-0.03467288985848427
8144,37.0,1388,1.5571351051330566,,0.20026397332549095,-0.03594646602869034
8145,17.0,613,0.6811819076538086,,0.13008599914610386,-0.040766097605228424
8146,33.0,1301,1.4107706546783447,,0.07972741965204477,-0.05831240490078926
8147,26.0,972,1.1128854751586914,,0.051379470620304346,-0.07946933805942535
8148,23.0,795,0.9483380317687988,,0.12465440668165684,-0.053074583411216736
8149,24.0,882,1.0284333229064941,,0.11348101450130343,-0.06587305665016174
8150,22.0,773,0.8346819877624512,,0.13848634716123343,-0.03704238310456276
8151,34.0,1367,1.5530750751495361,,0.15862213261425495,-0.047517694532871246
8152,15.0,621,0.6887211799621582,,0.11224334174767137,-0.07126541435718536
8153,29.0,974,1.108642816543579,,0.19536703638732433,-0.02677084505558014
8154,32.0,1273,1.3869266510009766,,0.10084675718098879,-0.06420077383518219
8155,20.0,777,0.9355130195617676,,0.06322639295831323,-0.09192746877670288
8156,24.0,853,1.009969711303711,,0.12990761687979102,-0.03598026931285858
8157,16.0,797,0.8577296733856201,,0.22449808940291405,-0.03591262549161911
8158,5.0,371,0.45145487785339355,,0.17291865590959787,-0.009785376489162445
8159,20.0,695,0.7605843544006348,,0.17343193478882313,-0.036796391010284424
8160,17.0,659,0.7314364910125732,,0.15919968578964472,-0.014738697558641434
8161,29.0,907,1.052356481552124,,0.2885098848491907,-0.0013236775994300842
8162,24.0,836,0.9852123260498047,,0.13585041696205735,-0.04774807393550873
8163,26.0,827,0.9729750156402588,,0.13521262863650918,-0.047789882868528366
8164,29.0,1123,1.2509615421295166,,0.13844484090805054,-0.043671898543834686
8165,31.0,987,1.1263706684112549,,0.07944745663553476,-0.06539195775985718
8166,28.0,945,0.9870543479919434,,0.09811898786574602,-0.08486494421958923
8167,31.0,1014,1.1513001918792725,,0.07217057049274445,-0.0970991998910904
8168,36.0,1359,1.547929048538208,,0.08188519719988108,-0.06693099439144135
8169,22.0,759,0.9237930774688721,,0.05666182585991919,-0.060648687183856964
8170,13.0,518,0.6012461185455322,,0.19306934624910355,-0.032105639576911926
8171,32.0,1167,1.2997066974639893,,0.1914048520848155,-0.0009174048900604248
8172,26.0,1041,1.177577257156372,,0.1253085075877607,-0.04676048830151558
8173,35.0,1367,1.5730760097503662,,0.12145369872450829,-0.0650547593832016
8174,32.0,1269,1.381258249282837,,0.13960309978574514,-0.03652798384428024
8175,34.0,1517,1.7071506977081299,,0.09794032340869308,-0.09611567109823227
8176,33.0,1447,1.6376464366912842,,0.09555943449959159,-0.07656959444284439
8177,33.0,1194,1.2996172904968262,,0.103297870606184,-0.03127185255289078
8178,27.0,917,1.051387071609497,,0.07647069171071053,-0.05617218092083931
8179,25.0,839,0.9832048416137695,,0.14141205232590437,-0.05436456575989723
8180,32.0,1098,1.2010211944580078,,0.15702832583338022,-0.03038395196199417
8181,17.0,723,0.7748880386352539,,0.06152488314546645,-0.11627396196126938
8182,32.0,1303,1.481888771057129,,0.1118991021066904,-0.077317975461483
8183,21.0,697,0.7510745525360107,,0.05890673166140914,-0.11376015841960907
8184,28.0,1021,1.135373830795288,,0.11213079188019037,-0.04347909986972809
8185,27.0,1006,1.123354196548462,,0.11026890808716416,-0.04758709669113159
8186,28.0,1243,1.3588428497314453,,0.10317992093041539,-0.05982748419046402
8187,11.0,587,0.7633278369903564,,0.09431743249297142,-0.0716494619846344
8188,24.0,842,0.8960747718811035,,0.2575019560754299,0.0242040753364563
8189,24.0,1051,1.1900420188903809,,0.08348300959914923,-0.07381872087717056
8190,25.0,797,0.9625887870788574,,0.09426024090498686,-0.06934559345245361
8191,32.0,1215,1.3308258056640625,,0.09420040063560009,-0.07194440811872482
8192,19.0,687,0.8466830253601074,,0.11131052859127522,-0.06470154225826263
8193,28.0,1045,1.195448875427246,,0.08570865401998162,-0.07224637269973755
8194,31.0,1402,1.5009500980377197,,0.12734060129150748,-0.046038731932640076
8195,22.0,677,0.8379132747650146,,0.06065541971474886,-0.06252329796552658
8196,33.0,1324,1.4262826442718506,,0.10833230754360557,-0.06412766873836517
8197,37.0,1501,1.726182460784912,,0.06996387662366033,-0.07849830389022827
8198,25.0,912,1.0704965591430664,,0.37319980561733246,0.038903817534446716
8199,18.0,770,0.8344755172729492,,0.1943755908869207,-0.02972303330898285
8200,32.0,1077,1.3095886707305908,,0.12853005062788725,-0.05683799088001251
8201,27.0,1148,1.279050588607788,,0.17250449443235993,-0.02391839399933815
8202,28.0,1099,1.231039047241211,,0.10721667530015111,-0.05307432636618614
8203,24.0,782,0.9448168277740479,,0.06071853404864669,-0.06572502851486206
8204,18.0,608,0.6772584915161133,,0.13057984597980976,-0.04797852784395218
8205,23.0,841,0.8973979949951172,,0.1757400445640087,-0.028570033609867096
8206,26.0,755,0.9066088199615479,,0.10710339341312647,-0.06614950299263
8207,30.0,1243,1.354095220565796,,0.10016673989593983,-0.04489530622959137
8208,32.0,1253,1.4475078582763672,,0.13013224210590124,-0.05611513927578926
8209,31.0,1115,1.2319684028625488,,0.12832269119098783,-0.05112428963184357
8210,22.0,695,0.755845308303833,,0.09344797302037477,-0.07949137687683105
8211,23.0,637,0.7010035514831543,,0.14611484855413437,-0.02823164314031601
8212,7.0,393,0.4718170166015625,,0.1966036669909954,-0.0034696683287620544
8213,29.0,908,1.0411906242370605,,0.27666753996163607,0.03245546668767929
8214,28.0,935,1.0694606304168701,,0.10900458553805947,-0.07327555865049362
8215,46.0,1621,1.8098466396331787,,0.0952842915430665,-0.06907443702220917
8216,34.0,1364,1.555250883102417,,0.12046877900138497,-0.06702014803886414
8217,31.0,1048,1.1771163940429688,,0.17471283953636885,-0.011686764657497406
8218,24.0,836,0.8953983783721924,,0.19715142529457808,-0.043443769216537476
8219,33.0,1047,1.190814733505249,,0.12891528569161892,-0.06242474168539047
8220,31.0,1374,1.5802280902862549,,0.12949657021090388,-0.05917064845561981
8221,23.0,785,0.9425287246704102,,0.08931061765179038,-0.052126914262771606
8222,33.0,1151,1.2693181037902832,,0.11208773544058204,-0.054615288972854614
8223,27.0,845,0.9040429592132568,,0.1592221399769187,-0.051603224128484726
8224,28.0,915,1.0623393058776855,,0.31577509362250566,0.015552952885627747
8225,22.0,797,0.95233154296875,,0.10743061732500792,-0.0643845945596695
8226,28.0,1154,1.2831342220306396,,0.22091701813042164,-0.018259674310684204
8227,48.0,1747,2.0279557704925537,,0.16617460269480944,-0.04882294684648514
8228,43.0,1696,1.8680274486541748,,0.18155899457633495,-0.02296743541955948
8229,27.0,1519,1.7014529705047607,,0.15511549171060324,-0.056713372468948364
8230,19.0,767,0.8249204158782959,,0.07444713683798909,-0.0722709447145462
8231,26.0,890,1.040698766708374,,0.2529895156621933,-0.011716209352016449
8232,24.0,787,0.9541187286376953,,0.1125317607074976,-0.049867987632751465
8233,30.0,1096,1.231158971786499,,0.08919569430872798,-0.058923788368701935
8234,28.0,1268,1.398512363433838,,0.1660261806100607,-0.03432831913232803
8235,29.0,950,1.0972537994384766,,0.05879267258569598,-0.0757458433508873
8236,19.0,819,0.9787185192108154,,0.18108114413917065,-0.022578217089176178
8237,25.0,795,0.8527162075042725,,0.17329879011958838,-0.02807968109846115
8238,27.0,969,1.1156649589538574,,0.09799262741580606,-0.06333210319280624
8239,32.0,1207,1.3245189189910889,,0.07615795033052564,-0.07128134369850159
8240,50.0,1683,1.9723286628723145,,0.1278847884386778,-0.0728769600391388
8241,31.0,1179,1.3015072345733643,,0.23325703758746386,0.004138261079788208
8242,50.0,1843,2.122847318649292,,0.12985298596322536,-0.049699194729328156
8243,30.0,1152,1.2764122486114502,,0.22033126279711723,0.018652483820915222
8244,24.0,937,1.0809595584869385,,0.13813102757558227,-0.03212171047925949
8245,27.0,1339,1.4656295776367188,,0.18049455946311355,-0.022181987762451172
8246,30.0,1357,1.565751552581787,,0.09518438391387463,-0.07381925731897354
8247,17.0,617,0.6906223297119141,,0.09151321137323976,-0.06195829436182976
8248,29.0,1281,1.4961192607879639,,0.1830346118658781,-0.01692502200603485
8249,23.0,725,0.7887544631958008,,0.12673776410520077,-0.0671406164765358
8250,22.0,776,0.9418082237243652,,0.12588583305478096,-0.04399308189749718
8251,25.0,1169,1.2971606254577637,,0.13324371306225657,-0.04801756888628006
8252,49.0,2143,2.39884877204895,,0.08919910341501236,-0.09356563538312912
8253,23.0,928,1.0670173168182373,,0.18826999003067613,-0.0434393547475338
8254,34.0,1428,1.623152494430542,,0.13343881769105792,-0.05878153815865517
8255,36.0,1590,1.7769997119903564,,0.20632263831794262,-0.026173710823059082
8256,28.0,874,0.9257807731628418,,0.04799737501889467,-0.08615292608737946
8257,30.0,1224,1.4494917392730713,,0.09812877094373107,-0.05679565668106079
8258,57.0,2140,2.4092445373535156,,0.14002271741628647,-0.02759445458650589
8259,29.0,989,1.1420254707336426,,0.37137505412101746,0.05060651898384094
8260,20.0,783,0.9479584693908691,,0.1296270815655589,-0.04244567081332207
8261,26.0,835,0.8909077644348145,,0.1954604871571064,0.00036888569593429565
8262,31.0,1264,1.4706134796142578,,0.13954162690788507,-0.04266421124339104
8263,34.0,1591,1.765601634979248,,0.08404812077060342,-0.0796036571264267
8264,49.0,1832,1.9931085109710693,,0.14059725683182478,-0.07502318918704987
8265,33.0,1301,1.5218560695648193,,0.14288609148934484,-0.050238899886608124
8266,32.0,1261,1.383420705795288,,0.10673205414786935,-0.046019572764635086
8267,38.0,1364,1.566258192062378,,0.140720646828413,-0.041500430554151535
8268,33.0,1352,1.5422718524932861,,0.14389377972111106,-0.03878854960203171
8269,27.0,1119,1.2384538650512695,,0.11770555516704917,-0.042663782835006714
8270,29.0,1455,1.6370093822479248,,0.10939221829175949,-0.0866532102227211
8271,21.0,795,0.8513803482055664,,0.06866151536814868,-0.08084660768508911
8272,29.0,1357,1.548170566558838,,0.14563234522938728,-0.02746260166168213
8273,34.0,1394,1.5988914966583252,,0.1250960137695074,-0.0627918690443039
8274,29.0,999,1.1322901248931885,,0.1005946290679276,-0.05191434174776077
8275,26.0,852,0.9029085636138916,,0.07214901107363403,-0.0817900002002716
8276,29.0,1115,1.2426087856292725,,0.1654335344210267,-0.020052894949913025
8277,32.0,1316,1.5118298530578613,,0.12468988867476583,-0.04352974146604538
8278,34.0,1253,1.3560385704040527,,0.05452240793965757,-0.05825300142168999
8279,29.0,1056,1.1790826320648193,,0.10973019944503903,-0.04457293450832367
8280,45.0,1505,1.6924972534179688,,0.10146565269678831,-0.08979658782482147
8281,27.0,1091,1.3078205585479736,,0.07888789125718176,-0.09559576958417892
8282,23.0,936,0.9835236072540283,,0.10963093489408493,-0.05578697472810745
8283,31.0,886,1.02667236328125,,0.13807860715314746,-0.03905746713280678
8284,33.0,1287,1.4970605373382568,,0.20203760731965303,-0.03702867031097412
8285,24.0,781,0.8387095928192139,,0.0967022692784667,-0.0763850137591362
8286,29.0,910,1.0466458797454834,,0.12746485695242882,-0.05424729362130165
8287,31.0,1462,1.6442205905914307,,0.08591826539486647,-0.06912718713283539
8288,34.0,1707,1.887521743774414,,0.22141925245523453,-0.01850242167711258
8289,33.0,1338,1.5438566207885742,,0.12085209740325809,-0.06435220688581467
8290,21.0,892,0.9418015480041504,,0.10675689252093434,-0.0718732550740242
8291,27.0,937,1.074666976928711,,0.23477238789200783,-0.00507257878780365
8292,27.0,1007,1.1380276679992676,,0.08667434332892299,-0.07682755589485168
8293,35.0,1629,1.7995502948760986,,0.12573252664878964,-0.06303007900714874
8294,26.0,859,1.0294239521026611,,0.08677405910566449,-0.050261177122592926
8295,14.0,509,0.5860130786895752,,0.10723291942849755,-0.0642048567533493
8296,21.0,707,0.7731401920318604,,0.10981464479118586,-0.0574462004005909
8297,14.0,613,0.7803804874420166,,0.09442640375345945,-0.07163387537002563
8298,31.0,1469,1.6754157543182373,,0.14295660331845284,-0.07201382517814636
8299,33.0,1533,1.7288432121276855,,0.07303328602574766,-0.08304290473461151
8300,15.0,642,0.7167825698852539,,0.0800042119808495,-0.0849359855055809
8301,28.0,1095,1.2312419414520264,,0.11750320857390761,-0.05401945859193802
8302,41.0,1705,1.8872637748718262,,0.1584052094258368,-0.034172601997852325
8303,16.0,581,0.6582016944885254,,0.0866157365962863,-0.08020931482315063
8304,33.0,1267,1.4898710250854492,,0.1302195070311427,-0.056816183030605316
8305,27.0,1011,1.13932204246521,,0.08489764155820012,-0.05142734944820404
8306,27.0,893,1.0376014709472656,,0.07005126355215907,-0.07100006937980652
8307,32.0,1063,1.177086353302002,,0.1247909371741116,-0.05680296570062637
8308,25.0,880,0.9189131259918213,,0.11977483052760363,-0.07670996338129044
8309,22.0,810,0.9411070346832275,,0.24443157576024532,-0.013642147183418274
8310,20.0,675,0.7304141521453857,,0.11618256755173206,-0.06752008199691772
8311,29.0,1142,1.3390758037567139,,0.14221146330237389,-0.05273699015378952
8312,24.0,705,0.7545759677886963,,0.05594240012578666,-0.09376757591962814
8313,31.0,1120,1.2343664169311523,,0.14194276463240385,-0.04101908206939697
8314,23.0,741,0.9003345966339111,,0.10610831528902054,-0.06784756481647491
8315,33.0,1315,1.437692403793335,,0.22611694037914276,-0.006705142557621002
8316,34.0,1103,1.2313854694366455,,0.11090428847819567,-0.05385737493634224
8317,34.0,1175,1.3960907459259033,,0.10836390173062682,-0.06776579469442368
8318,33.0,1029,1.1551566123962402,,0.08978422824293375,-0.05457131937146187
8319,34.0,1530,1.7202088832855225,,0.10041290521621704,-0.09157698601484299
8320,32.0,1282,1.4009666442871094,,0.07390809408389032,-0.05956394597887993
8321,33.0,1333,1.5274848937988281,,0.10178986797109246,-0.06366951018571854
8322,27.0,965,1.0975878238677979,,0.09852737793698907,-0.055253420025110245
8323,23.0,736,0.7944574356079102,,0.12806012900546193,-0.06703335046768188
8324,28.0,1048,1.173736333847046,,0.08137439331039786,-0.0713031068444252
8325,17.0,637,0.7064580917358398,,0.1970423460006714,-0.04888918995857239
8326,28.0,824,0.9806950092315674,,0.2706169420853257,0.021632932126522064
8327,28.0,1034,1.1637144088745117,,0.11366605246439576,-0.03670618310570717
8328,31.0,1180,1.3195781707763672,,0.09634727519005537,-0.05809862166643143
8329,14.0,742,0.9099533557891846,,0.102883939165622,-0.054013267159461975
8330,33.0,1569,1.7719006538391113,,0.17975576035678387,-0.0511782243847847
8331,33.0,1345,1.4553148746490479,,0.1131988363340497,-0.052423954010009766
8332,32.0,1140,1.3582696914672852,,0.14537908881902695,-0.05201893672347069
8333,25.0,919,0.9650189876556396,,0.08476702217012644,-0.08336678147315979
8334,19.0,750,0.9092154502868652,,0.1894494630396366,-0.041683048009872437
8335,47.0,1692,1.8858532905578613,,0.15340640349313617,-0.051809318363666534
8336,29.0,1017,1.1493041515350342,,0.16969302017241716,-0.02871837466955185
8337,30.0,1165,1.2914164066314697,,0.08857416827231646,-0.06397373229265213
8338,35.0,1118,1.3309228420257568,,0.06595918419770896,-0.07916370779275894
8339,22.0,737,0.7961142063140869,,0.0890492326579988,-0.08933809399604797
8340,18.0,565,0.630882740020752,,0.08070406410843134,-0.06711239367723465
8341,26.0,889,1.0206992626190186,,0.19119823398068547,-0.037931203842163086
8342,23.0,856,0.9974784851074219,,0.07756009069271386,-0.06428571045398712
8343,28.0,1088,1.2015454769134521,,0.11149563128128648,-0.04326269403100014
8344,29.0,1197,1.2931969165802002,,0.11126920115202665,-0.05218060687184334
8345,26.0,1084,1.2019224166870117,,0.0849126628600061,-0.056967392563819885
8346,28.0,1354,1.5377531051635742,,0.11473362846300006,-0.06280303001403809
8347,20.0,873,0.9230067729949951,,0.06319208908826113,-0.0862688422203064
8348,22.0,842,0.9883208274841309,,0.20731602981686592,-0.021186888217926025
8349,26.0,1159,1.2752418518066406,,0.10159791214391589,-0.06839187443256378
8350,27.0,1069,1.1915616989135742,,0.06758658192120492,-0.08402016013860703
8351,20.0,721,0.875809907913208,,0.09025450469926,-0.09185777604579926
8352,21.0,667,0.7289862632751465,,0.12296251440420747,-0.04156849533319473
8353,34.0,1697,1.886415719985962,,0.12644456513226032,-0.056445419788360596
8354,27.0,1220,1.4544966220855713,,0.07730401959270239,-0.06471557170152664
8355,31.0,1181,1.3019201755523682,,0.06177945900708437,-0.058973249047994614
8356,22.0,799,0.9526147842407227,,0.09703811910003424,-0.07231670618057251
8357,27.0,1056,1.186152458190918,,0.08365696994587779,-0.06826940923929214
8358,30.0,1160,1.2808544635772705,,0.07811264228075743,-0.06469438970088959
8359,32.0,1341,1.5429091453552246,,0.09137662407010794,-0.08393372595310211
8360,33.0,989,1.1221396923065186,,0.12188328057527542,-0.039976418018341064
8361,32.0,1411,1.511305332183838,,0.09403679892420769,-0.05944463610649109
8362,29.0,1305,1.5139374732971191,,0.09652671776711941,-0.08055509626865387
8363,27.0,1075,1.2038211822509766,,0.09447529725730419,-0.06912945210933685
8364,25.0,873,1.0208711624145508,,0.06939400499686599,-0.07913412153720856
8365,32.0,1501,1.6987464427947998,,0.06269590533338487,-0.1006266325712204
8366,32.0,1324,1.4389498233795166,,0.08690568339079618,-0.05875605717301369
8367,20.0,712,0.8700368404388428,,0.08052955428138375,-0.060964711010456085
8368,26.0,900,0.952683687210083,,0.08712802035734057,-0.07602224498987198
8369,33.0,1422,1.6197376251220703,,0.10553320404142141,-0.0804770439863205
8370,34.0,1264,1.4787943363189697,,0.11244655167683959,-0.09765978157520294
8371,16.0,656,0.7246499061584473,,0.08441102365031838,-0.07920888066291809
8372,29.0,1139,1.259016990661621,,0.22154660895466805,-0.006657108664512634
8373,40.0,1509,1.6916935443878174,,0.10123739810660481,-0.08630512654781342
8374,30.0,917,1.0541343688964844,,0.29686104599386454,0.0036909952759742737
8375,32.0,1361,1.562035083770752,,0.11331376573070884,-0.0806494727730751
8376,36.0,1343,1.4560835361480713,,0.13228143099695444,-0.03177190572023392
8377,22.0,822,0.9845294952392578,,0.29353353660553694,0.03611726313829422
8378,30.0,1107,1.244722843170166,,0.21075572073459625,-0.005926657468080521
8379,31.0,1157,1.2905302047729492,,0.09147116169333458,-0.06328555196523666
8380,31.0,1179,1.305701732635498,,0.07213521050289273,-0.07689937949180603
8381,52.0,1663,1.9535038471221924,,0.08308945689350367,-0.09731544554233551
8382,34.0,1424,1.53452730178833,,0.13813934195786715,-0.027208752930164337
8383,31.0,1129,1.3496735095977783,,0.13042128551751375,-0.04091493785381317
8384,24.0,776,0.839771032333374,,0.10763836791738868,-0.07658270001411438
8385,32.0,1307,1.5299289226531982,,0.11802552081644535,-0.0506448820233345
8386,34.0,1295,1.41115140914917,,0.07324172952212393,-0.05779257416725159
8387,29.0,998,1.1425325870513916,,0.06545577151700854,-0.07126844674348831
8388,27.0,923,1.0867924690246582,,0.11633304739370942,-0.06023600697517395
8389,26.0,1111,1.2559869289398193,,0.07604427775368094,-0.061779655516147614
8390,32.0,1625,1.822235107421875,,0.09510424407199025,-0.05898938700556755
8391,29.0,1094,1.3443737030029297,,0.08842532662674785,-0.049810685217380524
8392,24.0,865,0.9328896999359131,,0.07222941005602479,-0.08725524693727493
8393,27.0,875,1.0443141460418701,,0.14595085056498647,-0.04051835834980011
8394,26.0,881,1.0408604145050049,,0.1266820295713842,-0.053065430372953415
8395,28.0,959,1.1056172847747803,,0.12856001080945134,-0.02571636065840721
8396,57.0,1895,2.081519842147827,,0.13950489601120353,-0.06385758519172668
8397,33.0,1445,1.63478422164917,,0.103238710667938,-0.0779014602303505
8398,33.0,1241,1.3531484603881836,,0.14528121706098318,-0.030729062855243683
8399,31.0,1355,1.542656421661377,,0.09600700344890356,-0.06483472138643265
8400,33.0,1405,1.6013448238372803,,0.2025786587037146,-0.01084243506193161
8401,33.0,1168,1.2966725826263428,,0.0809889486990869,-0.05371469631791115
8402,19.0,677,0.7476732730865479,,0.1421906086616218,-0.06578803062438965
8403,33.0,1260,1.4728949069976807,,0.08318531000986695,-0.06336037814617157
8404,28.0,1033,1.1795084476470947,,0.06819721404463053,-0.06767739355564117
8405,36.0,1027,1.1675968170166016,,0.05096772243268788,-0.07590282708406448
8406,33.0,1312,1.5189619064331055,,0.09348894376307726,-0.07977819442749023
8407,25.0,926,0.9813482761383057,,0.1501476038247347,-0.04799912869930267
8408,13.0,561,0.63484787940979,,0.102153250714764,-0.05374240130186081
8409,20.0,727,0.8925042152404785,,0.15828835172578692,-0.03527810797095299
8410,50.0,1702,1.8896033763885498,,0.1049899966455996,-0.08021912723779678
8411,18.0,741,0.9001560211181641,,0.23198409471660852,-0.03607182949781418
8412,32.0,1392,1.494469165802002,,0.1440289062447846,-0.028611477464437485
8413,25.0,909,1.0647563934326172,,0.11010975670069456,-0.06592115759849548
8414,16.0,618,0.685340166091919,,0.16197538888081908,-0.02765928953886032
8415,31.0,1237,1.4418487548828125,,0.1774157676845789,-0.0385005921125412
8416,32.0,1177,1.294105052947998,,0.08431830396875739,-0.05802913010120392
8417,28.0,891,1.0298078060150146,,0.10876367799937725,-0.04711480811238289
8418,30.0,996,1.1217317581176758,,0.09256122168153524,-0.05144986882805824
8419,22.0,835,0.8880212306976318,,0.1394334859214723,-0.06800587475299835
8420,18.0,777,0.929344654083252,,0.15922814095392823,-0.05624830722808838
8421,17.0,686,0.7504403591156006,,0.12620645156130195,-0.06762237846851349
8422,24.0,785,0.9406046867370605,,0.1495478809811175,-0.03185179829597473
8423,62.0,2107,2.3907859325408936,,0.25558137241750956,0.002432003617286682
8424,18.0,634,0.7099201679229736,,0.15473276609554887,-0.07776519656181335
8425,20.0,701,0.7679684162139893,,0.25852448027580976,-0.009347565472126007
8426,28.0,957,1.1009981632232666,,0.15853528678417206,-0.04343020170927048
8427,14.0,713,0.8736269474029541,,0.13357721967622638,-0.056677643209695816
8428,27.0,1114,1.2500836849212646,,0.12457328708842397,-0.04059257358312607
8429,24.0,1021,1.1621570587158203,,0.08298033406026661,-0.07237455248832703
8430,19.0,620,0.6918728351593018,,0.1326257036998868,-0.0625501200556755
8431,30.0,1075,1.2099382877349854,,0.12769630085676908,-0.056313518434762955
8432,30.0,841,0.992241621017456,,0.13475072849541903,-0.056034382432699203
8433,28.0,1095,1.2193233966827393,,0.12164692021906376,-0.05751388520002365
8434,31.0,1451,1.653310775756836,,0.10942859435454011,-0.06555084139108658
8435,27.0,1078,1.2197952270507812,,0.08456356590613723,-0.07526111602783203
8436,29.0,1163,1.2939980030059814,,0.08030956564471126,-0.06217909976840019
8437,31.0,1305,1.5142569541931152,,0.09558000694960356,-0.07821843028068542
8438,32.0,1401,1.4991858005523682,,0.13577296631410718,-0.033846139907836914
8439,17.0,744,0.9038183689117432,,0.07546608336269855,-0.07240498065948486
8440,19.0,642,0.7102785110473633,,0.13031899509951472,-0.03745861351490021
8441,26.0,826,0.9743311405181885,,0.17192889470607042,-0.02151431143283844
8442,32.0,1340,1.4449620246887207,,0.13169343397021294,-0.0646640807390213
8443,33.0,1177,1.4026591777801514,,0.10172113310545683,-0.07408308982849121
8444,22.0,869,0.9203977584838867,,0.11109343823045492,-0.07427109777927399
8445,33.0,1633,1.9081284999847412,,0.11884555360302329,-0.07857818156480789
8446,27.0,780,0.8420658111572266,,0.05672211502678692,-0.08669911324977875
8447,27.0,1157,1.2881948947906494,,0.14591696439310908,-0.05317840352654457
8448,25.0,1326,1.5450079441070557,,0.08201117860153317,-0.06896956264972687
8449,13.0,569,0.6456155776977539,,0.08568669343367219,-0.08396866917610168
8450,24.0,868,1.0211904048919678,,0.1447655512019992,-0.025624196976423264
8451,31.0,1215,1.333803415298462,,0.10858661914244294,-0.0598105862736702
8452,32.0,1431,1.6382238864898682,,0.11262749508023262,-0.06531521677970886
8453,26.0,931,1.0851714611053467,,0.12068975111469626,-0.04152584448456764
8454,27.0,775,0.8350324630737305,,0.15800911793485284,-0.06852874904870987
8455,29.0,1123,1.255065679550171,,0.1580555234104395,-0.037297070026397705
8456,25.0,905,1.0535743236541748,,0.16717641986906528,-0.061474915593862534
8457,23.0,895,1.053938627243042,,0.14034712221473455,-0.06910662353038788
8458,32.0,1436,1.6442444324493408,,0.10718129947781563,-0.06031521409749985
8459,34.0,1339,1.445596694946289,,0.08715211413800716,-0.07605200260877609
8460,26.0,844,0.9981482028961182,,0.1196430935524404,-0.06227704882621765
8461,22.0,1091,1.228886604309082,,0.1459839241579175,-0.06633437424898148
8462,10.0,667,0.7391245365142822,,0.1290457183495164,-0.03863304853439331
8463,35.0,1464,1.6742525100708008,,0.1421821159310639,-0.04734751582145691
8464,20.0,797,0.9605066776275635,,0.30112677440047264,0.017182789742946625
8465,47.0,1964,2.237274646759033,,0.20805040001869202,-0.06616207212209702
8466,22.0,758,0.8196609020233154,,0.24397722724825144,-0.029409445822238922
8467,24.0,1129,1.261815071105957,,0.14734078664332628,-0.054087236523628235
8468,26.0,838,0.9939181804656982,,0.11218020552769303,-0.07289671152830124
8469,31.0,1369,1.5855162143707275,,0.16568506881594658,-0.046679943799972534
8470,32.0,1230,1.3474931716918945,,0.0984980333596468,-0.07904794812202454
8471,33.0,1157,1.2823960781097412,,0.11046952148899436,-0.06245312839746475
8472,21.0,985,1.135718822479248,,0.12085834890604019,-0.07284991443157196
8473,11.0,673,0.8422834873199463,,0.16433936078101397,-0.033421359956264496
8474,27.0,1096,1.2434978485107422,,0.13986030546948314,-0.05038413032889366
8475,13.0,743,0.8165750503540039,,0.2001485601067543,-0.053013429045677185
8476,24.0,909,1.0642306804656982,,0.1225403230637312,-0.040579453110694885
8477,30.0,1214,1.3363211154937744,,0.07976370910182595,-0.06951162964105606
8478,11.0,578,0.7530441284179688,,0.09109208593145013,-0.0844692587852478
8479,32.0,1648,1.843796968460083,,0.09836163884028792,-0.08929640054702759
8480,32.0,1078,1.2223997116088867,,0.10097277257591486,-0.054181911051273346
8481,33.0,1198,1.3310105800628662,,0.12084530247375369,-0.055096335709095
8482,34.0,1504,1.7055144309997559,,0.14505647169426084,-0.04016862437129021
8483,13.0,649,0.7214548587799072,,0.055535410065203905,-0.1082267314195633
8484,33.0,1295,1.5177323818206787,,0.1297707506455481,-0.04605281352996826
8485,29.0,1437,1.6479570865631104,,0.19418258126825094,-0.021107062697410583
8486,18.0,782,0.845590353012085,,0.12224359065294266,-0.07101946324110031
8487,29.0,863,1.0130796432495117,,0.22281353920698166,7.042288780212402e-05
8488,12.0,559,0.6322958469390869,,0.1487480136565864,-0.04329870641231537
8489,23.0,861,1.0148308277130127,,0.14301559561863542,-0.04756098985671997
8490,19.0,692,0.75966477394104,,0.17252604896202683,-0.0319352000951767
8491,30.0,1201,1.3276667594909668,,0.1620998363941908,-0.030855990946292877
8492,13.0,773,0.9338088035583496,,0.1063971291296184,-0.07290589809417725
8493,24.0,853,1.0134012699127197,,0.12254958041012287,-0.0452452078461647
8494,25.0,829,0.9017443656921387,,0.188411021605134,-0.044876232743263245
8495,15.0,645,0.7217800617218018,,0.12667823350057006,-0.048323385417461395
8496,32.0,1301,1.5036098957061768,,0.12437879899516702,-0.04346349462866783
8497,33.0,1383,1.572213888168335,,0.10333327297121286,-0.058676980435848236
8498,29.0,1258,1.377622127532959,,0.1308231302537024,-0.07619171589612961
8499,30.0,1045,1.1800789833068848,,0.1213334584608674,-0.0798802524805069
8500,34.0,1209,1.4158046245574951,,0.1311479490250349,-0.06918680667877197
8501,31.0,1360,1.4633564949035645,,0.13840551767498255,-0.05407637730240822
8502,31.0,1003,1.1345984935760498,,0.09137964621186256,-0.07899530231952667
8503,25.0,843,1.002920150756836,,0.06263549253344536,-0.08446318656206131
8504,23.0,872,1.033520221710205,,0.19523633271455765,-0.022573091089725494
8505,34.0,1514,1.6172707080841064,,0.12086288537830114,-0.05062580853700638
8506,29.0,1053,1.293212652206421,,0.11755663901567459,-0.0533980131149292
8507,22.0,804,0.8658640384674072,,0.08337868354283273,-0.09128203988075256
8508,32.0,1258,1.4742565155029297,,0.19870644994080067,-0.03513030707836151
8509,25.0,837,0.8972175121307373,,0.055850304663181305,-0.10857287794351578
8510,25.0,839,0.9899518489837646,,0.10906192986294627,-0.07015615701675415
8511,16.0,617,0.690340518951416,,0.18424010556191206,-0.0431666225194931
8512,20.0,772,0.9334049224853516,,0.2701200684532523,0.017800770699977875
8513,25.0,1015,1.1652946472167969,,0.11658066650852561,-0.052869003266096115
8514,26.0,1071,1.22068190574646,,0.10597543837502599,-0.07953934371471405
8515,30.0,918,0.9693796634674072,,0.07225193548947573,-0.08653214573860168
8516,24.0,931,1.0801489353179932,,0.09349148906767368,-0.0835040956735611
8517,12.0,873,1.0331571102142334,,0.18285354506224394,-0.03172660619020462
8518,27.0,1094,1.2386274337768555,,0.14815174788236618,-0.0708838701248169
8519,30.0,1177,1.3107736110687256,,0.07069585262797773,-0.0951671451330185
8520,29.0,919,1.0724990367889404,,0.08335075061768293,-0.08463685214519501
8521,28.0,1287,1.5069174766540527,,0.09543757885694504,-0.06641574949026108
8522,28.0,1015,1.1520044803619385,,0.19390299543738365,-0.015470467507839203
8523,32.0,1045,1.1813111305236816,,0.07473732717335224,-0.07264228910207748
8524,33.0,1300,1.3996641635894775,,0.10731081664562225,-0.06368959695100784
8525,15.0,663,0.8320279121398926,,0.10573535040020943,-0.07331497222185135
8526,33.0,1315,1.4158143997192383,,0.13379955850541592,-0.051414813846349716
8527,18.0,709,0.7706148624420166,,0.19048638734966516,-0.0315682590007782
8528,14.0,663,0.8244040012359619,,0.13440190348774195,-0.04695030301809311
8529,33.0,1225,1.3464467525482178,,0.13409803435206413,-0.047058410942554474
8530,24.0,969,1.121647834777832,,0.10982168931514025,-0.05112949758768082
8531,32.0,1139,1.270256519317627,,0.15862617967650294,-0.06120002642273903
8532,32.0,985,1.13051176071167,,0.12384521588683128,-0.07453067600727081
8533,25.0,940,1.092587947845459,,0.05934754176996648,-0.09820638597011566
8534,21.0,783,0.9562299251556396,,0.11883368669077754,-0.05306704342365265
8535,30.0,1075,1.2146146297454834,,0.11440642829984426,-0.055193837732076645
8536,23.0,725,0.7878291606903076,,0.14684355072677135,-0.06400580704212189
8537,30.0,1344,1.5400047302246094,,0.11480439873412251,-0.07118839025497437
8538,28.0,1075,1.2046611309051514,,0.0754934495780617,-0.05858251452445984
8539,13.0,587,0.658050537109375,,0.1494578653946519,-0.06579285860061646
8540,27.0,901,1.049405813217163,,0.13170867366716266,-0.048844099044799805
8541,31.0,1279,1.3980729579925537,,0.10105763887986541,-0.0674622431397438
8542,12.0,508,0.5832016468048096,,0.1007591332308948,-0.0804838314652443
8543,32.0,1194,1.4168457984924316,,0.20362669229507446,-0.01993715763092041
8544,33.0,1291,1.4112117290496826,,0.11961922561749816,-0.06935474276542664
8545,33.0,1056,1.188255786895752,,0.12888736696913838,-0.06201130524277687
8546,30.0,1464,1.6510770320892334,,0.1934642530977726,-0.016175173223018646
8547,31.0,1395,1.609217643737793,,0.3509557880461216,0.05817036330699921
8548,30.0,1099,1.2219622135162354,,0.10885352408513427,-0.0530092790722847
8549,29.0,888,1.03714919090271,,0.0827961377799511,-0.07719157636165619
8550,27.0,934,0.9786736965179443,,0.11801102058961987,-0.07506604492664337
8551,42.0,1446,1.6500225067138672,,0.09597643045708537,-0.05538157373666763
8552,21.0,817,0.9813790321350098,,0.4014988001435995,0.037843942642211914
8553,26.0,886,1.0376269817352295,,0.1106086540967226,-0.03715512901544571
8554,31.0,1042,1.1669061183929443,,0.13363041263073683,-0.029659893363714218
8555,39.0,1688,1.8599977493286133,,0.09140978939831257,-0.09378375113010406
8556,33.0,1415,1.609588384628296,,0.09615031071007252,-0.07232962548732758
8557,15.0,569,0.6410901546478271,,0.09516737330704927,-0.07917552441358566
8558,36.0,1260,1.377138376235962,,0.25506670493632555,0.00728154182434082
8559,24.0,847,0.9947512149810791,,0.23913637455552816,-0.02700743079185486
8560,29.0,1061,1.1851356029510498,,0.13144291890785098,-0.06170382723212242
8561,25.0,799,0.9503850936889648,,0.11354572931304574,-0.05504149943590164
8562,23.0,761,0.8220081329345703,,0.21440855134278536,-0.021291568875312805
8563,25.0,821,0.9751453399658203,,0.14256818825379014,-0.04994180053472519
8564,20.0,795,0.8542249202728271,,0.16185328783467412,-0.04700906202197075
8565,33.0,1118,1.2297708988189697,,0.22347442340105772,-0.0006309151649475098
8566,30.0,1035,1.1663806438446045,,0.07274961494840682,-0.07842456549406052
8567,29.0,1019,1.1534793376922607,,0.18459616042673588,-0.02565506100654602
8568,29.0,1069,1.1942474842071533,,0.09835079917684197,-0.07349739223718643
8569,29.0,1151,1.3831219673156738,,0.1249849358573556,-0.0409015417098999
8570,27.0,935,1.0874946117401123,,0.1523427595384419,-0.025047145783901215
8571,20.0,757,0.8245120048522949,,0.18927335925400257,-0.048889338970184326
8572,32.0,1225,1.3628063201904297,,0.1255194740369916,-0.06894934922456741
8573,29.0,1041,1.1823713779449463,,0.09865752793848515,-0.061541974544525146
8574,28.0,934,1.0785737037658691,,0.07924098754301667,-0.09038716554641724
8575,27.0,1104,1.2347514629364014,,0.1304828585125506,-0.06181153282523155
8576,30.0,1179,1.3912646770477295,,0.1210507582873106,-0.06642778217792511
8577,11.0,519,0.594761848449707,,0.1209410740993917,-0.07003122568130493
8578,27.0,1028,1.1664040088653564,,0.20264662895351648,-0.026760369539260864
8579,22.0,891,0.9417295455932617,,0.10428151953965425,-0.07572605460882187
8580,35.0,1271,1.4840514659881592,,0.20084407459944487,-0.023586899042129517
8581,21.0,938,1.0845317840576172,,0.2799193914979696,0.012594327330589294
8582,28.0,1010,1.1509335041046143,,0.12655299389734864,-0.0673065185546875
8583,22.0,788,0.8553383350372314,,0.11694655800238252,-0.06835708022117615
8584,24.0,861,1.0212578773498535,,0.1260218401439488,-0.053077854216098785
8585,22.0,779,0.9366803169250488,,0.18175107333809137,-0.027389273047447205
8586,24.0,824,0.8771786689758301,,0.11927539156749845,-0.07157610356807709
8587,26.0,866,1.0161700248718262,,0.1115551209077239,-0.08026131987571716
8588,29.0,957,1.0983221530914307,,0.06792386155575514,-0.07645013928413391
8589,28.0,997,1.1293489933013916,,0.12863658228889108,-0.06762362271547318
8590,30.0,997,1.1289987564086914,,0.08522469224408269,-0.0682854950428009
8591,27.0,1028,1.160783290863037,,0.16912246495485306,-0.038240544497966766
8592,20.0,914,0.9700050354003906,,0.1576559478417039,-0.05210086703300476
8593,17.0,623,0.8023159503936768,,0.1365682315081358,-0.06607323884963989
8594,29.0,1054,1.1955113410949707,,0.10044436668977141,-0.05095314234495163
8595,30.0,1171,1.297849178314209,,0.10993595514446497,-0.0600629486143589
8596,22.0,746,0.8108468055725098,,0.13149116281419992,-0.06412091106176376
8597,30.0,1062,1.1988096237182617,,0.14783466653898358,-0.05503476411104202
8598,28.0,1010,1.1566507816314697,,0.1431571301072836,-0.07400943338871002
8599,27.0,935,1.089735746383667,,0.06980938883498311,-0.09243793040513992
8600,21.0,922,1.0811269283294678,,0.1371652507223189,-0.06937594711780548
8601,30.0,1137,1.2612779140472412,,0.15320885134860873,-0.04942157492041588
8602,15.0,643,0.8173186779022217,,0.12000584369525313,-0.05265210568904877
8603,28.0,1339,1.4743330478668213,,0.1811517123132944,-0.029788382351398468
8604,18.0,891,1.0579802989959717,,0.06634254776872694,-0.07925394177436829
8605,28.0,993,1.1341242790222168,,0.11826956272125244,-0.06637919694185257
8606,26.0,882,1.031189203262329,,0.0704552298411727,-0.06534703820943832
8607,26.0,930,0.978090763092041,,0.14411973720416427,-0.06814831495285034
8608,21.0,851,1.0079219341278076,,0.10660893097519875,-0.07622742652893066
8609,22.0,757,0.9193649291992188,,0.10723492503166199,-0.06179911643266678
8610,25.0,1078,1.2236413955688477,,0.10944701312109828,-0.045376334339380264
8611,27.0,949,0.9976117610931396,,0.0951978974044323,-0.0963655486702919
8612,32.0,1172,1.397038459777832,,0.1213237913325429,-0.03699284791946411
8613,53.0,1805,1.9797401428222656,,0.16232157964259386,-0.04559849202632904
8614,28.0,857,0.9944050312042236,,0.12232122337445617,-0.0716448649764061
8615,30.0,998,1.1306898593902588,,0.11435565305873752,-0.04924112930893898
8616,40.0,1624,1.7988994121551514,,0.1548010390251875,-0.06319472193717957
8617,10.0,577,0.6445558071136475,,0.04678130894899368,-0.06387890875339508
8618,28.0,1229,1.4387991428375244,,0.13373936712741852,-0.04763229563832283
8619,30.0,1225,1.3572735786437988,,0.13132466096431017,-0.037394702434539795
8620,27.0,783,0.9370338916778564,,0.09978113835677505,-0.06942111998796463
8621,22.0,869,0.9303324222564697,,0.11966755008324981,-0.07814197242259979
8622,33.0,1159,1.3015029430389404,,0.22326647490262985,-0.02632284164428711
8623,44.0,1529,1.737516164779663,,0.12424799241125584,-0.03167862817645073
8624,19.0,622,0.7967569828033447,,0.28289175499230623,-0.02910015732049942
8625,22.0,815,0.8781423568725586,,0.1829414931125939,-0.047003839164972305
8626,27.0,969,1.1221563816070557,,0.22473798133432865,-0.020206302404403687
8627,51.0,1849,2.1171610355377197,,0.13218963472172618,-0.05364283174276352
8628,26.0,994,1.1350312232971191,,0.20906962407752872,-0.02675596997141838
8629,19.0,772,0.8362493515014648,,0.14751985855400562,-0.050814203917980194
8630,19.0,805,0.9699246883392334,,0.15478458860889077,-0.05072321742773056
8631,32.0,1396,1.6124486923217773,,0.13353893999010324,-0.06863750517368317
8632,33.0,1239,1.357210397720337,,0.1708204704336822,-0.029443159699440002
8633,26.0,982,1.1244657039642334,,0.11385473934933543,-0.03701509162783623
8634,23.0,837,0.9975357055664062,,0.09735662490129471,-0.08192011713981628
8635,32.0,1180,1.3180937767028809,,0.17191881546750665,-0.0106678307056427
8636,25.0,868,1.0236620903015137,,0.11775263864547014,-0.05296054854989052
8637,11.0,524,0.6025002002716064,,0.13477413216605783,-0.07148603349924088
8638,9.0,493,0.47934818267822266,,0.13477413216605783,-0.07148603349924088
8639,17.0,626,0.7920494079589844,,0.20980690838769078,-0.007603626698255539
8640,22.0,817,0.8751237392425537,,0.10119026945903897,-0.04527432471513748
8641,24.0,861,1.0193417072296143,,0.12085452489554882,-0.0638834685087204
8642,30.0,932,1.0841915607452393,,0.1302645755931735,-0.05672692507505417
8643,24.0,882,1.0395147800445557,,0.11336966045200825,-0.056175507605075836
8644,27.0,821,0.8798043727874756,,0.09556511603295803,-0.08669836819171906
8645,32.0,1281,1.4893150329589844,,0.0986017226241529,-0.07280561327934265
8646,28.0,1127,1.2447926998138428,,0.09187110187485814,-0.05792951211333275
8647,27.0,865,1.0227687358856201,,0.10156449861824512,-0.06885935366153717
8648,23.0,858,0.914984941482544,,0.12065498530864716,-0.05424918979406357
8649,33.0,1417,1.6275055408477783,,0.1018461394123733,-0.06952597200870514
8650,26.0,1051,1.1999320983886719,,0.08877014555037022,-0.06491471827030182
8651,31.0,1057,1.177579402923584,,0.05636926949955523,-0.0818256288766861
8652,11.0,515,0.5884339809417725,,0.09937579650431871,-0.07630762457847595
8653,31.0,1193,1.3025720119476318,,0.25152622628957033,-0.00635017454624176
8654,21.0,765,0.9185237884521484,,0.08090704772621393,-0.06818364560604095
8655,22.0,777,0.8355319499969482,,0.15730951027944684,-0.019951000809669495
8656,20.0,785,0.9372673034667969,,0.14017190830782056,-0.06669143587350845
8657,34.0,1479,1.6882014274597168,,0.14260216802358627,-0.06263022124767303
8658,56.0,1960,2.2591679096221924,,0.25110536348074675,-0.03183182328939438
8659,27.0,1069,1.2160282135009766,,0.2051407741382718,-0.03770027309656143
8660,28.0,1245,1.3690605163574219,,0.09715294372290373,-0.05945946276187897
8661,19.0,685,0.8573341369628906,,0.07865202985703945,-0.054843246936798096
8662,33.0,1425,1.522104263305664,,0.1666375696659088,-0.028789006173610687
8663,30.0,1286,1.502007007598877,,0.12861764710396528,-0.06025112420320511
8664,22.0,851,1.004199504852295,,0.1286375536583364,-0.03999290615320206
8665,32.0,1142,1.2663366794586182,,0.09371063578873873,-0.07381904125213623
8666,13.0,559,0.6263134479522705,,0.07733013201504946,-0.0989644005894661
8667,24.0,884,1.022965908050537,,0.2241730559617281,0.001605294644832611
8668,31.0,1260,1.3850557804107666,,0.11393381049856544,-0.0538150817155838
8669,32.0,1440,1.6426520347595215,,0.1177174923941493,-0.06561513245105743
8670,30.0,1265,1.3817644119262695,,0.08105925098061562,-0.06494687497615814
8671,18.0,615,0.6870112419128418,,0.0822136658243835,-0.08742497116327286
8672,17.0,542,0.7104883193969727,,0.22993724886327982,-0.013441704213619232
8673,21.0,685,0.7529299259185791,,0.10959269432350993,-0.06294286251068115
8674,16.0,625,0.6974143981933594,,0.1403752132318914,-0.06434178352355957
8675,28.0,991,1.1416890621185303,,0.3624040065333247,0.0599537193775177
8676,29.0,846,1.012805700302124,,0.11662263935431838,-0.051189810037612915
8677,30.0,1345,1.4564552307128906,,0.08968919469043612,-0.0657348781824112
8678,22.0,678,0.850438117980957,,0.08585556643083692,-0.08205478638410568
8679,33.0,1383,1.4974396228790283,,0.1544614708982408,-0.03713361546397209
8680,35.0,1294,1.500692367553711,,0.13866923609748483,-0.05194292217493057
8681,30.0,1553,1.7464709281921387,,0.1316811847500503,-0.06947283446788788
8682,27.0,991,1.1351854801177979,,0.05278288177214563,-0.07510858029127121
8683,27.0,999,1.1491336822509766,,0.07837538560852408,-0.05733877047896385
8684,30.0,1280,1.40501070022583,,0.06741125788539648,-0.07000657171010971
8685,34.0,1173,1.3961050510406494,,0.12737484369426966,-0.056866470724344254
8686,26.0,887,0.9432616233825684,,0.1125281685963273,-0.0680282860994339
8687,27.0,1061,1.197108268737793,,0.09864469710737467,-0.05652686208486557
8688,29.0,975,1.1208829879760742,,0.10528008313849568,-0.07067292928695679
8689,27.0,976,1.1153521537780762,,0.1680443063378334,-0.04550307244062424
8690,32.0,1231,1.4598188400268555,,0.17472255555912852,-0.044257551431655884
8691,21.0,835,0.9019780158996582,,0.037265630438923836,-0.09857384115457535
8692,38.0,1571,1.7743263244628906,,0.09041481977328658,-0.08496038615703583
8693,30.0,1167,1.39393949508667,,0.19786654971539974,-0.025134027004241943
8694,34.0,1497,1.692932367324829,,0.08355415891855955,-0.0904182717204094
8695,28.0,1289,1.4051616191864014,,0.09917474538087845,-0.05921158194541931
8696,21.0,845,0.9972331523895264,,0.06788631342351437,-0.06048095226287842
8697,22.0,802,0.8571405410766602,,0.10386623721569777,-0.06119093298912048
8698,19.0,645,0.7990267276763916,,0.18605476152151823,-0.03450737148523331
8699,26.0,900,0.9467167854309082,,0.12438224954530597,-0.05953532084822655
8700,24.0,872,1.0133295059204102,,0.17073299316689372,-0.04231497645378113
8701,22.0,893,1.029860019683838,,0.10709871351718903,-0.062138788402080536
8702,23.0,755,0.8110296726226807,,0.11450345302000642,-0.06941156834363937
8703,30.0,1055,1.181664228439331,,0.13760045636445284,-0.04011284559965134
8704,26.0,976,1.1008903980255127,,0.12999297957867384,-0.055580005049705505
8705,32.0,1297,1.4997525215148926,,0.14627238037064672,-0.04647187888622284
8706,28.0,1346,1.452345371246338,,0.08287267060950398,-0.06443895399570465
8707,33.0,1470,1.656700849533081,,0.15375715214759111,-0.05085368826985359
8708,9.0,415,0.4960026741027832,,0.0845811809413135,-0.07558464258909225
8709,25.0,1025,1.158480167388916,,0.16608606977388263,-0.022189799696207047
8710,32.0,1080,1.1968300342559814,,0.09524037875235081,-0.06461667269468307
8711,22.0,661,0.7234821319580078,,0.2557370876893401,-0.02230517566204071
8712,27.0,1227,1.4425454139709473,,0.16341152926906943,-0.044942084699869156
8713,29.0,1019,1.1390023231506348,,0.07252717646770179,-0.07263053953647614
8714,32.0,1238,1.3385403156280518,,0.0905163292773068,-0.06979776173830032
8715,33.0,1156,1.2506601810455322,,0.07811909634619951,-0.07352304458618164
8716,29.0,1325,1.5101768970489502,,0.11674594786018133,-0.03805513307452202
8717,23.0,840,0.9698081016540527,,0.1221473035402596,-0.0610647015273571
8718,24.0,889,0.929558277130127,,0.17161601409316063,-0.03846142441034317
8719,45.0,1539,1.7091083526611328,,0.10077219223603606,-0.05684216320514679
8720,21.0,878,1.0129127502441406,,0.27442172449082136,0.030024126172065735
8721,25.0,981,1.1223721504211426,,0.09464817866683006,-0.06465223431587219
8722,31.0,1053,1.18597412109375,,0.08312211139127612,-0.07551378756761551
8723,31.0,1133,1.2530951499938965,,0.07257406506687403,-0.07741686701774597
8724,28.0,918,1.0511834621429443,,0.08650844963267446,-0.06528900563716888
8725,27.0,973,1.1060121059417725,,0.09192664781585336,-0.07243339717388153
8726,26.0,859,0.9902067184448242,,0.1182477637194097,-0.048831161111593246
8727,54.0,1705,1.8693194389343262,,0.13447507750242949,-0.06960643827915192
8728,20.0,755,0.8968806266784668,,0.17966467421501875,-0.049834590405225754
8729,25.0,868,0.9115684032440186,,0.3068695133551955,0.04247178137302399
8730,31.0,1213,1.4070770740509033,,0.12694934057071805,-0.045551449060440063
8731,29.0,1046,1.1658604145050049,,0.10853207344189286,-0.061513498425483704
8732,26.0,930,0.9698591232299805,,0.05459251184947789,-0.10565470159053802
8733,33.0,1109,1.3132121562957764,,0.10793677717447281,-0.057335179299116135
8734,32.0,1207,1.3154971599578857,,0.19452317571267486,-0.007380746304988861
8735,33.0,1481,1.6514616012573242,,0.13372696517035365,-0.05966764688491821
8736,31.0,1307,1.3943872451782227,,0.09019729634746909,-0.06459271907806396
8737,24.0,953,1.087357997894287,,0.09065213706344366,-0.05789555609226227
8738,31.0,1067,1.1871542930603027,,0.20649445243179798,-0.01818086951971054
8739,29.0,1053,1.177504539489746,,0.11057087918743491,-0.07117302715778351
8740,33.0,1051,1.1682343482971191,,0.11371367424726486,-0.05612470209598541
8741,33.0,1244,1.430633306503296,,0.08345354860648513,-0.07013291120529175
8742,16.0,575,0.6410973072052002,,0.0932045066729188,-0.0836951807141304
8743,18.0,707,0.7682633399963379,,0.05225166562013328,-0.08030412346124649
8744,25.0,850,0.9985153675079346,,0.29209934547543526,0.029783129692077637
8745,33.0,1269,1.467663049697876,,0.13585628382861614,-0.0577225461602211
8746,25.0,860,0.9084160327911377,,0.11385952588170767,-0.06652383506298065
8747,22.0,721,0.8747055530548096,,0.12610709760338068,-0.047571077942848206
8748,31.0,1212,1.322690486907959,,0.1137652387842536,-0.05460437387228012
8749,29.0,873,1.015186071395874,,0.22776614595204592,-0.018620558083057404
8750,28.0,1022,1.1519041061401367,,0.09789300337433815,-0.07274195551872253
8751,32.0,1163,1.2729980945587158,,0.10379370162263513,-0.05876479297876358
8752,34.0,1158,1.2666847705841064,,0.15812777820974588,-0.03383047878742218
8753,14.0,528,0.5986993312835693,,0.08875834941864014,-0.08574766665697098
8754,18.0,731,0.8938329219818115,,0.2702243262901902,0.028468020260334015
8755,13.0,600,0.6675693988800049,,0.13394132256507874,-0.054856203496456146
8756,20.0,909,1.0563771724700928,,0.16036942088976502,-0.03260790929198265
8757,25.0,1128,1.2507963180541992,,0.11502071330323815,-0.05603509768843651
8758,23.0,751,0.8097889423370361,,0.08233982371166348,-0.0842469185590744
8759,31.0,1010,1.1412274837493896,,0.13327769376337528,-0.058216214179992676
8760,31.0,1143,1.2583928108215332,,0.09562200680375099,-0.0848677009344101
8761,31.0,1311,1.5018482208251953,,0.14526705723255873,-0.048263274133205414
8762,32.0,1056,1.1808216571807861,,0.0981603586114943,-0.07495938241481781
8763,31.0,1282,1.4904496669769287,,0.14015533216297626,-0.05908236652612686
8764,32.0,1145,1.2678518295288086,,0.07328246091492474,-0.0772383064031601
8765,33.0,1301,1.4037551879882812,,0.11995411338284612,-0.056568704545497894
8766,33.0,1195,1.397251844406128,,0.12213907577097416,-0.04512539505958557
8767,28.0,1006,1.1363694667816162,,0.09058954659849405,-0.07430864870548248
8768,16.0,734,0.797269344329834,,0.09979856526479125,-0.06687059998512268
8769,31.0,1087,1.2101683616638184,,0.18809280823916197,-0.039367176592350006
8770,33.0,1424,1.628516435623169,,0.09543675929307938,-0.05032207816839218
8771,27.0,1070,1.2071518898010254,,0.06561513640917838,-0.06769483536481857
8772,27.0,1051,1.1906635761260986,,0.08852371200919151,-0.07366719096899033
8773,24.0,811,0.9694130420684814,,0.12098426278680563,-0.0604080930352211
8774,13.0,592,0.6674830913543701,,0.09528219932690263,-0.0809454694390297
8775,32.0,1348,1.544694185256958,,0.14787074411287904,-0.057182710617780685
8776,42.0,1602,1.7856969833374023,,0.09529345436021686,-0.08046631515026093
8777,31.0,1301,1.4172983169555664,,0.19556661788374186,0.00037132203578948975
8778,31.0,1203,1.426039457321167,,0.13482802035287023,-0.06086653843522072
8779,30.0,1152,1.2834863662719727,,0.10440435213968158,-0.06029418110847473
8780,28.0,1194,1.3191003799438477,,0.11404689913615584,-0.04569650813937187
8781,34.0,1220,1.4297735691070557,,0.1526958141475916,-0.0388718843460083
8782,33.0,1283,1.4112279415130615,,0.10744631616398692,-0.05272108316421509
8783,32.0,1465,1.6707799434661865,,0.12426973693072796,-0.057810455560684204
8784,27.0,888,1.041334629058838,,0.08795533934608102,-0.06162888556718826
8785,33.0,1255,1.3653326034545898,,0.08129404042847455,-0.057499296963214874
8786,15.0,659,0.7252113819122314,,0.12947761360555887,-0.06393159925937653
8787,27.0,1191,1.4099061489105225,,0.12309947004541755,-0.05177979916334152
8788,31.0,1127,1.2757368087768555,,0.07517681852914393,-0.07999888062477112
8789,64.0,2338,2.572730779647827,,0.2238804493099451,0.009945183992385864
8790,32.0,1387,1.581247091293335,,0.2516958424821496,0.001971788704395294
8791,28.0,839,0.983339786529541,,0.13815246196463704,-0.04098284989595413
8792,34.0,1349,1.4600918292999268,,0.16082904767245054,-0.03238717094063759
8793,20.0,781,0.9388973712921143,,0.07943856343626976,-0.06961286067962646
8794,31.0,1267,1.3732490539550781,,0.1715070577338338,-0.03801753371953964
8795,47.0,1567,1.8583085536956787,,0.06990061257965863,-0.09915169328451157
8796,29.0,1168,1.2899243831634521,,0.09376201080158353,-0.06725116819143295
8797,30.0,1177,1.3025550842285156,,0.10681828670203686,-0.07251188904047012
8798,31.0,1345,1.5481207370758057,,0.11287952307611704,-0.06131764501333237
8799,23.0,783,0.8376173973083496,,0.1263145850971341,-0.06417929381132126
8800,34.0,1293,1.4894490242004395,,0.10506040509790182,-0.05898582562804222
8801,30.0,987,1.1248180866241455,,0.10773350298404694,-0.06325240433216095
8802,33.0,1332,1.4352009296417236,,0.11355314729735255,-0.06203625351190567
8803,20.0,737,0.8918819427490234,,0.07850244757719338,-0.09764748811721802
8804,29.0,1071,1.1961867809295654,,0.15084407245740294,-0.05689870938658714
8805,25.0,788,0.8418896198272705,,0.12168177682906389,-0.06902872771024704
8806,45.0,1417,1.6187102794647217,,0.14040911803022027,-0.027199074625968933
8807,26.0,1065,1.2013509273529053,,0.25462091714143753,-0.018430545926094055
8808,20.0,933,1.0802741050720215,,0.11649788403883576,-0.07208561897277832
8809,13.0,610,0.6898963451385498,,0.1370805068872869,-0.03172304853796959
8810,25.0,904,1.0601341724395752,,0.2297060564160347,0.012760631740093231
8811,28.0,960,1.1022627353668213,,0.12102574901655316,-0.050376106053590775
8812,37.0,1261,1.3864529132843018,,0.08442037273198366,-0.05952024459838867
8813,31.0,1196,1.423527717590332,,0.13744387682527304,-0.052385687828063965
8814,23.0,776,0.8390321731567383,,0.0965569163672626,-0.08305571228265762
8815,25.0,792,0.9539127349853516,,0.16005862737074494,-0.06842689961194992
8816,29.0,975,1.1183500289916992,,0.16764161922037601,-0.03751947730779648
8817,30.0,1174,1.3026196956634521,,0.10248550865799189,-0.07125217467546463
8818,26.0,886,1.0369000434875488,,0.08850815519690514,-0.05831977725028992
8819,30.0,1188,1.3071880340576172,,0.09890547837130725,-0.059592317789793015
8820,26.0,1013,1.178605079650879,,0.15044335462152958,-0.06408822536468506
8821,27.0,1133,1.2675461769104004,,0.16695568524301052,-0.04620997607707977
8822,50.0,1681,1.8637168407440186,,0.16649722354486585,-0.04511459171772003
8823,29.0,1119,1.3712525367736816,,0.0784909341018647,-0.06417566537857056
8824,24.0,897,0.9479482173919678,,0.08765340177342296,-0.08679381757974625
8825,30.0,1366,1.5770177841186523,,0.09376948792487383,-0.06605099886655807
8826,32.0,1329,1.5420973300933838,,0.10973025066778064,-0.06619653105735779
8827,23.0,834,0.8880734443664551,,0.10604852065443993,-0.07796845585107803
8828,19.0,733,0.8882856369018555,,0.09988647513091564,-0.07075798511505127
8829,16.0,604,0.6770229339599609,,0.10925950389355421,-0.07771925628185272
8830,23.0,765,0.8271834850311279,,0.13029699167236686,-0.046437837183475494
8831,30.0,1233,1.4582734107971191,,0.093535543885082,-0.045617952942848206
8832,15.0,549,0.621741771697998,,0.14861250156536698,-0.06319820880889893
8833,23.0,790,0.8443019390106201,,0.08476265659555793,-0.04528754577040672
8834,32.0,1028,1.1583635807037354,,0.08255494711920619,-0.0876888632774353
8835,29.0,991,1.1235105991363525,,0.12617449508979917,-0.06964951008558273
8836,31.0,1239,1.4456603527069092,,0.09068812825717032,-0.07212596386671066
8837,30.0,1221,1.3373239040374756,,0.14412579406052828,-0.037190377712249756
8838,21.0,751,0.9027900695800781,,0.08444955525919795,-0.07216130197048187
8839,32.0,1148,1.257483959197998,,0.14272766467183828,-0.05115616321563721
8840,28.0,1296,1.417729377746582,,0.07738842768594623,-0.07964427769184113
8841,28.0,1182,1.4168434143066406,,0.10121224005706608,-0.06650242209434509
8842,26.0,1347,1.4630422592163086,,0.0958572905510664,-0.06067768484354019
8843,33.0,1395,1.603482961654663,,0.10536210471764207,-0.06573396176099777
8844,23.0,950,1.0966160297393799,,0.073449443327263,-0.06910410523414612
8845,32.0,1101,1.2308704853057861,,0.1414715670980513,-0.040470853447914124
8846,19.0,839,0.9989514350891113,,0.08780615497380495,-0.0785457044839859
8847,27.0,1084,1.2198293209075928,,0.09808037150651217,-0.07753823697566986
8848,21.0,817,0.8736410140991211,,0.1394979921169579,-0.07071986794471741
8849,25.0,1134,1.3743925094604492,,0.0911703105084598,-0.05724649876356125
8850,19.0,848,0.9078123569488525,,0.09573943819850683,-0.08723785728216171
8851,23.0,773,0.9324007034301758,,0.10576127795502543,-0.083668053150177
8852,8.0,485,0.5670762062072754,,0.1510971370153129,-0.05262025445699692
8853,21.0,867,0.9204747676849365,,0.2584032015874982,0.015005931258201599
8854,23.0,1141,1.3640496730804443,,0.07308821938931942,-0.06591825932264328
8855,45.0,1735,1.9123814105987549,,0.1517698923125863,-0.08117935061454773
8856,28.0,1165,1.291806697845459,,0.2787235239520669,0.01866772770881653
8857,17.0,575,0.6509571075439453,,0.11322740698233247,-0.06583213061094284
8858,23.0,1053,1.3002521991729736,,0.12252070847898722,-0.043390072882175446
8859,34.0,1244,1.3726253509521484,,0.1038937228731811,-0.05445659160614014
8860,22.0,719,0.7862482070922852,,0.12328030541539192,-0.06743326783180237
8861,28.0,1222,1.4461908340454102,,0.05917358864098787,-0.08394336700439453
8862,33.0,1234,1.3535141944885254,,0.08607434155419469,-0.05814121663570404
8863,27.0,1049,1.1830406188964844,,0.10584533307701349,-0.07678811252117157
8864,9.0,665,0.8321816921234131,,0.08526340709067881,-0.07294599711894989
8865,25.0,915,0.9695582389831543,,0.4334682133048773,0.05438215285539627
8866,19.0,679,0.8472628593444824,,0.07716120732948184,-0.07403068989515305
8867,36.0,1426,1.5349328517913818,,0.0780735844746232,-0.0747494250535965
8868,32.0,1109,1.35331392288208,,0.055329528637230396,-0.07732287794351578
8869,20.0,709,0.7802026271820068,,0.1118659726344049,-0.07927434891462326
8870,34.0,1504,1.7133712768554688,,0.1663146587088704,-0.056007206439971924
8871,21.0,910,1.071502447128296,,0.05941711459308863,-0.06746453046798706
8872,30.0,1089,1.2244856357574463,,0.11097792536020279,-0.07074566185474396
8873,26.0,977,1.1257898807525635,,0.09705270687118173,-0.07557190954685211
8874,16.0,745,0.8220515251159668,,0.13319140998646617,-0.04945993795990944
8875,29.0,1215,1.4396963119506836,,0.09337471262551844,-0.08619023114442825
8876,23.0,795,0.8568835258483887,,0.13030129484832287,-0.07520043849945068
8877,23.0,878,1.0399096012115479,,0.10908083152025938,-0.06849190592765808
8878,35.0,1274,1.395961046218872,,0.10186555702239275,-0.06825857609510422
8879,23.0,949,1.0976150035858154,,0.5691444426774979,0.11684462428092957
8880,33.0,1039,1.1752758026123047,,0.0974360341206193,-0.06098949909210205
8881,44.0,1590,1.781203031539917,,0.1219918834976852,-0.06826650351285934
8882,35.0,1405,1.6007719039916992,,0.07881260104477406,-0.07452744245529175
8883,33.0,1195,1.304811716079712,,0.10999680031090975,-0.04712347686290741
8884,31.0,1387,1.58668851852417,,0.13017540890723467,-0.04864408075809479
8885,30.0,1103,1.2465028762817383,,0.16365660773590207,-0.02639998123049736
8886,24.0,857,1.0063893795013428,,0.0856443215161562,-0.06877787411212921
8887,14.0,644,0.7158119678497314,,0.09365373896434903,-0.08709864318370819
8888,21.0,793,0.9610579013824463,,0.12096355948597193,-0.03969760239124298
8889,23.0,844,0.915945291519165,,0.11819652514532208,-0.048028867691755295
8890,32.0,1794,2.0728156566619873,,0.1090949079953134,-0.08354152739048004
8891,32.0,1241,1.3534321784973145,,0.07670602342113853,-0.07003679126501083
8892,12.0,635,0.8043129444122314,,0.08813723316416144,-0.06854981184005737
8893,33.0,1282,1.3991079330444336,,0.13386812433600426,-0.05447167158126831
8894,33.0,921,1.0706686973571777,,0.06454760860651731,-0.053991176187992096
8895,32.0,1352,1.4610981941223145,,0.07076724898070097,-0.07867925614118576
8896,21.0,705,0.8780951499938965,,0.10434483177959919,-0.0758509486913681
8897,33.0,1297,1.4083735942840576,,0.09199627907946706,-0.053444720804691315
8898,33.0,1340,1.5496821403503418,,0.16236337460577488,-0.04449881613254547
8899,30.0,1585,1.787358283996582,,0.060683185467496514,-0.09653943032026291
8900,33.0,1204,1.3329493999481201,,0.08469797135330737,-0.05196550861001015
8901,30.0,1131,1.3655810356140137,,0.20789439603686333,-0.018882863223552704
8902,26.0,934,0.9878983497619629,,0.10650638863444328,-0.06978051364421844
8903,31.0,1190,1.4096882343292236,,0.10511956457048655,-0.045394133776426315
8904,33.0,1161,1.2848944664001465,,0.10266119474545121,-0.06143934279680252
8905,30.0,1203,1.3269121646881104,,0.1270967610180378,-0.04792587086558342
8906,25.0,1073,1.3131439685821533,,0.08128743688575923,-0.08320988714694977
8907,19.0,718,0.7856652736663818,,0.10512712132185698,-0.09054931998252869
8908,39.0,1310,1.442688226699829,,0.15374774020165205,-0.0447717010974884
8909,20.0,872,1.0348598957061768,,0.506526555866003,0.10350171476602554
8910,29.0,1031,1.174856185913086,,0.1590421781875193,-0.051067907363176346
8911,32.0,1068,1.2072327136993408,,0.13088272185996175,-0.0608023926615715
8912,27.0,929,1.0851142406463623,,0.10289272386580706,-0.060751449316740036
8913,34.0,1356,1.5679264068603516,,0.14279054151847959,-0.07254770398139954
8914,22.0,819,0.8780965805053711,,0.08168313163332641,-0.08490806818008423
8915,34.0,954,1.08172607421875,,0.20635648351162672,-0.03937617689371109
8916,32.0,1202,1.4038631916046143,,0.15724335750564933,-0.042335931211709976
8917,33.0,1305,1.4093778133392334,,0.112929024733603,-0.05735892057418823
8918,23.0,888,1.0552492141723633,,0.15047080349177122,-0.049172624945640564
8919,21.0,912,1.0714521408081055,,0.12459056871011853,-0.07376015186309814
8920,32.0,1448,1.5606670379638672,,0.10542044136673212,-0.06540670245885849
8921,32.0,1418,1.621473789215088,,0.12149535585194826,-0.06112808734178543
8922,28.0,1112,1.2447199821472168,,0.07923220610246062,-0.07439335435628891
8923,12.0,607,0.7805700302124023,,0.09576196735724807,-0.06104700267314911
8924,20.0,937,0.9970133304595947,,0.23162282072007656,-0.018585138022899628
8925,31.0,1051,1.1868314743041992,,0.16381851490586996,-0.026702404022216797
8926,24.0,1023,1.1696138381958008,,0.17370368726551533,-0.05622173845767975
8927,30.0,1209,1.4303364753723145,,0.16339509515091777,-0.016196981072425842
8928,12.0,653,0.7250511646270752,,0.10723022790625691,-0.0838359147310257
8929,33.0,1073,1.209977149963379,,0.18505463283509016,-0.0020127668976783752
8930,23.0,888,1.0410382747650146,,0.14636251283809543,-0.037837132811546326
8931,30.0,1026,1.163987398147583,,0.12294115498661995,-0.03750935196876526
8932,30.0,1188,1.316688060760498,,0.10595729853957891,-0.06001152843236923
8933,28.0,1051,1.1898818016052246,,0.07475726888515055,-0.08124466240406036
8934,30.0,1265,1.510237216949463,,0.21787930373102427,0.012480348348617554
8935,16.0,589,0.6612198352813721,,0.12260304670780897,-0.06868387758731842
8936,28.0,1185,1.3115992546081543,,0.16449199803173542,0.0036200061440467834
8937,21.0,788,0.9410715103149414,,0.05297226156108081,-0.0884980708360672
8938,46.0,1700,1.8901317119598389,,0.15670344047248363,-0.04925304651260376
8939,11.0,713,0.7778129577636719,,0.1855285707861185,-0.027129054069519043
8940,31.0,998,1.137575387954712,,0.28955413959920406,0.010407350957393646
8941,33.0,1318,1.5219581127166748,,0.15226664999499917,-0.04981996864080429
8942,32.0,1447,1.641463041305542,,0.14179664058610797,-0.051284074783325195
8943,33.0,1285,1.4064836502075195,,0.07218687771819532,-0.0579829066991806
8944,43.0,1646,1.9162476062774658,,0.09333831118419766,-0.07415900379419327
8945,24.0,797,0.8561897277832031,,0.2859888728708029,0.009983524680137634
8946,33.0,1122,1.247061014175415,,0.1161838723346591,-0.05010367929935455
8947,30.0,943,1.0886123180389404,,0.115062665194273,-0.07144500315189362
8948,34.0,1342,1.5698323249816895,,0.14193912548944354,-0.05041099339723587
8949,21.0,727,0.8011326789855957,,0.1468626707792282,-0.07138221710920334
8950,33.0,1515,1.7124841213226318,,0.15903934184461832,-0.025332406163215637
8951,41.0,1591,1.7995831966400146,,0.17901247646659613,-0.039010122418403625
8952,14.0,655,0.8300323486328125,,0.3269338756799698,0.03878708928823471
8953,26.0,995,1.0591559410095215,,0.16671261377632618,0.010951466858386993
8954,31.0,1225,1.4493370056152344,,0.1569938873872161,-0.05711020529270172
8955,14.0,656,0.7272543907165527,,0.14174610935151577,-0.07183825969696045
8956,34.0,966,1.1109213829040527,,0.29493492282927036,0.052977368235588074
8957,30.0,1222,1.3466262817382812,,0.12471054261550307,-0.06825470924377441
8958,31.0,1107,1.3335349559783936,,0.10316494666039944,-0.06740874797105789
8959,22.0,742,0.8094499111175537,,0.06522355624474585,-0.0944104790687561
8960,26.0,1014,1.160973310470581,,0.14235362550243735,-0.03744322806596756
8961,32.0,1646,1.8395740985870361,,0.13102086959406734,-0.056935884058475494
8962,29.0,1611,1.8047468662261963,,0.20635903859511018,-0.0018253512680530548
8963,17.0,779,0.943946123123169,,0.057849743636325,-0.07579052448272705
8964,30.0,1027,1.1605782508850098,,0.1545658684335649,-0.04619736969470978
8965,30.0,1086,1.2252781391143799,,0.17831150069832802,-0.04567120224237442
8966,23.0,812,0.9665699005126953,,0.13008262030780315,-0.05213858187198639
8967,28.0,1145,1.2742726802825928,,0.13011970510706306,-0.04345732554793358
8968,22.0,759,0.825958251953125,,0.15659848181530833,-0.06397490948438644
8969,54.0,1900,2.178295850753784,,0.19708335772156715,-0.001845628023147583
8970,32.0,1274,1.493959665298462,,0.10352703323587775,-0.07226783037185669
8971,33.0,1314,1.4362478256225586,,0.10020522633567452,-0.0540531650185585
8972,16.0,538,0.6236972808837891,,0.1272470410913229,-0.08240281045436859
8973,34.0,1127,1.2752037048339844,,0.22695280704647303,-0.014400169253349304
8974,12.0,627,0.8038902282714844,,0.10345815028995275,-0.08303937315940857
8975,22.0,881,0.9413890838623047,,0.3051689947023988,0.03118220716714859
8976,17.0,812,0.971909761428833,,0.1730757523328066,-0.02520541101694107
8977,32.0,1167,1.2944936752319336,,0.1386784352362156,-0.03808142989873886
8978,25.0,807,0.9677648544311523,,0.09825492557138205,-0.06892161816358566
8979,31.0,1028,1.1610617637634277,,0.12188629386946559,-0.04410321265459061
8980,16.0,536,0.6126925945281982,,0.12852909928187728,-0.06773383915424347
8981,38.0,1694,1.8813259601593018,,0.12761104432865977,-0.07260794192552567
8982,23.0,655,0.7173373699188232,,0.24371761456131935,-0.008294686675071716
8983,24.0,820,0.9708244800567627,,0.13788555189967155,-0.055001333355903625
8984,36.0,1491,1.6941437721252441,,0.11002757074311376,-0.07591016590595245
8985,19.0,599,0.677403450012207,,0.08275675727054477,-0.09627849608659744
8986,24.0,1065,1.2172024250030518,,0.3214344335719943,0.055476635694503784
8987,22.0,783,0.95615553855896,,0.18330586841329932,-0.04572560638189316
8988,30.0,1344,1.4714949131011963,,0.13605315331369638,-0.052905261516571045
8989,30.0,986,1.1295828819274902,,0.06946727144531906,-0.07483217865228653
8990,35.0,1203,1.4141418933868408,,0.10617189668118954,-0.0697290301322937
8991,30.0,1139,1.2776100635528564,,0.13241179194301367,-0.036511316895484924
8992,32.0,1091,1.2242486476898193,,0.1611506948247552,-0.04245017468929291
8993,28.0,872,1.020688533782959,,0.08201335766352713,-0.061584845185279846
8994,23.0,755,0.821983814239502,,0.12167860707268119,-0.07244350761175156
8995,31.0,1129,1.2578229904174805,,0.11091538658365607,-0.06443899124860764
8996,27.0,923,1.0785021781921387,,0.10118558537214994,-0.06459267437458038
8997,32.0,1198,1.325077772140503,,0.06905256607569754,-0.07476937025785446
8998,22.0,795,0.9491097927093506,,0.16896756505593657,-0.06210190802812576
8999,13.0,763,0.8340640068054199,,0.1634747050702572,-0.03866252303123474
9000,29.0,1173,1.400374174118042,,0.14798045111820102,-0.015403039753437042
9001,44.0,1673,1.87156343460083,,0.16324707586318254,-0.05511976033449173
9002,26.0,869,1.0256919860839844,,0.1964548914693296,-0.02212301269173622
9003,12.0,496,0.5809602737426758,,0.11804016772657633,-0.07652410864830017
9004,28.0,1225,1.3613560199737549,,0.1727358791977167,-0.03454066067934036
9005,33.0,937,1.0913329124450684,,0.08865408087149262,-0.06327904760837555
9006,31.0,1245,1.372642993927002,,0.07839633896946907,-0.062351636588573456
9007,29.0,921,1.0599188804626465,,0.1084328144788742,-0.08102677762508392
9008,21.0,709,0.879051923751831,,0.10098151583224535,-0.05590531975030899
9009,33.0,1121,1.2588868141174316,,0.1001468151807785,-0.050438910722732544
9010,17.0,655,0.7254941463470459,,0.12917243130505085,-0.06561578810214996
9011,28.0,1072,1.2009074687957764,,0.23269211500883102,-0.003310680389404297
9012,32.0,1558,1.7623825073242188,,0.15982387540861964,-0.02226746454834938
9013,32.0,1129,1.254180908203125,,0.07691743597388268,-0.06561125814914703
9014,28.0,1143,1.372483253479004,,0.09273073310032487,-0.058959364891052246
9015,30.0,964,1.0194978713989258,,0.13273271545767784,-0.0690094530582428
9016,30.0,935,1.091433048248291,,0.1275508818216622,-0.07897164672613144
9017,24.0,875,1.0395874977111816,,0.15335107501596212,-0.05325258523225784
9018,24.0,1092,1.2347781658172607,,0.11999387480318546,-0.0677153691649437
9019,24.0,879,1.0505611896514893,,0.08261064859107137,-0.07320329546928406
9020,27.0,859,1.0159316062927246,,0.07906191563233733,-0.06155127286911011
9021,21.0,779,0.8416080474853516,,0.12141750194132328,-0.07387720048427582
9022,27.0,940,1.0884838104248047,,0.10217855405062437,-0.05974719673395157
9023,31.0,1540,1.7396156787872314,,0.17052160808816552,-0.036323875188827515
9024,32.0,1297,1.4046618938446045,,0.0770905886311084,-0.0706855058670044
9025,21.0,743,0.9158077239990234,,0.13666016375645995,-0.06275714933872223
9026,42.0,1421,1.630004644393921,,0.20290051400661469,-0.020194604992866516
9027,29.0,1209,1.3350818157196045,,0.215236097574234,-0.024994999170303345
9028,30.0,1001,1.1395411491394043,,0.12498808419331908,-0.03698209673166275
9029,18.0,688,0.7630014419555664,,0.1386617603711784,-0.07150880992412567
9030,28.0,1103,1.2383089065551758,,0.2557033197954297,0.008066922426223755
9031,31.0,1466,1.6588542461395264,,0.1859617941081524,-0.03951609879732132
9032,22.0,770,0.931361198425293,,0.13466996187344193,-0.03671436756849289
9033,22.0,821,0.8888373374938965,,0.15570668643340468,-0.046619612723588943
9034,32.0,1335,1.558678150177002,,0.09308305801823735,-0.060839541256427765
9035,29.0,1173,1.3113751411437988,,0.05574080999940634,-0.06454657763242722
9036,52.0,1805,2.1008801460266113,,0.20172348897904158,-0.009262070059776306
9037,25.0,843,0.9995675086975098,,0.2014653729274869,-0.030572012066841125
9038,30.0,1051,1.1813249588012695,,0.1117943893186748,-0.0405716747045517
9039,31.0,1167,1.2834222316741943,,0.11955241207033396,-0.05007386580109596
9040,26.0,1030,1.177511215209961,,0.11332012992352247,-0.057650111615657806
9041,34.0,989,1.1274714469909668,,0.11810589442029595,-0.06189976632595062
9042,33.0,1301,1.4235022068023682,,0.09309142385609448,-0.0646178126335144
9043,25.0,803,0.9722375869750977,,0.10886365780606866,-0.054892100393772125
9044,29.0,1289,1.419325828552246,,0.20051099359989166,-0.03251561522483826
9045,29.0,1173,1.4190723896026611,,0.18605294078588486,-0.03268110007047653
9046,33.0,1398,1.5288352966308594,,0.12594605749472976,-0.0384548082947731
9047,14.0,501,0.5864071846008301,,0.13969914941117167,-0.050175778567790985
9048,36.0,1376,1.5989501476287842,,0.1489826710894704,-0.03164087235927582
9049,31.0,1335,1.5584783554077148,,0.13930418342351913,-0.0583910271525383
9050,14.0,517,0.5977303981781006,,0.11415124218910933,-0.06189078092575073
9051,35.0,1158,1.2949206829071045,,0.15349697973579168,-0.05484365299344063
9052,13.0,523,0.6012575626373291,,0.18107418343424797,-0.0657280832529068
9053,29.0,1017,1.1631107330322266,,0.14120522746816278,-0.04392519220709801
9054,33.0,951,1.1015477180480957,,0.15758212748914957,-0.03820730745792389
9055,34.0,1261,1.3764011859893799,,0.10358933731913567,-0.05406893417239189
9056,21.0,659,0.829857587814331,,0.10900758672505617,-0.056436680257320404
9057,21.0,779,0.8455297946929932,,0.15684764552861452,-0.018019892275333405
9058,24.0,803,0.9681909084320068,,0.184066706802696,-0.03450792655348778
9059,26.0,796,0.8602678775787354,,0.1758340043015778,-0.029088545590639114
9060,33.0,1125,1.2569160461425781,,0.19065830204635859,-0.014378920197486877
9061,26.0,913,1.0710361003875732,,0.13478949898853898,-0.06484460830688477
9062,24.0,797,0.9633126258850098,,0.1545735839754343,-0.032672956585884094
9063,39.0,1460,1.6724052429199219,,0.19511209055781364,-0.02010171115398407
9064,43.0,1874,2.0777928829193115,,0.1355488826520741,-0.0574772022664547
9065,27.0,1040,1.1955053806304932,,0.21524659171700478,-0.012645840644836426
9066,20.0,777,0.9372870922088623,,0.12456744676455855,-0.06227174401283264
9067,34.0,1115,1.2423994541168213,,0.12109970860183239,-0.02798972651362419
9068,23.0,931,1.083522081375122,,0.12510206317529082,-0.061332158744335175
9069,21.0,782,0.8471286296844482,,0.1687302333302796,-0.04985871911048889
9070,37.0,1399,1.6088383197784424,,0.1288924003019929,-0.06317588686943054
9071,44.0,1556,1.7508337497711182,,0.15705010807141662,-0.04605259746313095
9072,45.0,2029,2.3058502674102783,,0.16053891088813543,-0.06429334729909897
9073,30.0,1001,1.160883903503418,,0.2091607991605997,-0.01085016131401062
9074,19.0,557,0.6333644390106201,,0.26190523989498615,0.00042566657066345215
9075,26.0,875,1.036586046218872,,0.13270392641425133,-0.04180620610713959
9076,20.0,822,0.8901855945587158,,0.15594088286161423,-0.04882105439901352
9077,25.0,744,0.9136865139007568,,0.2812369167804718,0.010211668908596039
9078,31.0,1243,1.3775231838226318,,0.09985800599679351,-0.0664517879486084
9079,29.0,1087,1.233363389968872,,0.11838573077693582,-0.06487071514129639
9080,28.0,1194,1.4240283966064453,,0.10721347061917186,-0.0641675740480423
9081,25.0,1074,1.2228686809539795,,0.08828582847490907,-0.07522716373205185
9082,30.0,1042,1.1728596687316895,,0.0794047371018678,-0.08728636056184769
9083,15.0,779,0.8501830101013184,,0.16708765691146255,-0.050326112657785416
9084,22.0,875,1.0276715755462646,,0.2662936570122838,0.0013031065464019775
9085,32.0,949,1.0847456455230713,,0.06289391056634486,-0.07368524372577667
9086,12.0,433,0.5147192478179932,,0.12325799372047186,-0.07263229787349701
9087,23.0,748,0.8140020370483398,,0.12306489003822207,-0.04498979449272156
9088,23.0,837,0.9977519512176514,,0.15955618303269148,-0.06984749436378479
9089,34.0,1157,1.2864010334014893,,0.14196529984474182,-0.03366205841302872
9090,22.0,981,1.1279487609863281,,0.06467803055420518,-0.08731226623058319
9091,15.0,595,0.6698477268218994,,0.15395109821110964,-0.04605409502983093
9092,31.0,1115,1.2471120357513428,,0.13819169020280242,-0.05979999154806137
9093,26.0,1051,1.310788631439209,,0.1084767091087997,-0.06674306094646454
9094,8.0,369,0.36556363105773926,,0.1084767091087997,-0.06674306094646454
9095,14.0,699,0.8749837875366211,,0.1802136809565127,-0.016058888286352158
9096,31.0,1232,1.3651783466339111,,0.21539715398103,-0.0191386416554451
9097,31.0,1395,1.6100258827209473,,0.19129389617592096,-0.04340105503797531
9098,29.0,1160,1.2976915836334229,,0.13589451229199767,-0.04295070469379425
9099,32.0,1211,1.3542461395263672,,0.16255974071100354,-0.027866970747709274
9100,32.0,1340,1.551710844039917,,0.09689665259793401,-0.06311693787574768
9101,22.0,937,1.0893113613128662,,0.07051132479682565,-0.07447931915521622
9102,12.0,501,0.5842130184173584,,0.19977364875376225,-0.025824010372161865
9103,20.0,765,0.8359918594360352,,0.22991789504885674,-0.03448643535375595
9104,26.0,889,1.047044038772583,,0.12517180480062962,-0.05899253860116005
9105,27.0,1028,1.1685497760772705,,0.12814116990193725,-0.055415183305740356
9106,25.0,993,1.1471755504608154,,0.11589871300384402,-0.039965420961380005
9107,34.0,1226,1.3516623973846436,,0.09846895467489958,-0.06844092905521393
9108,13.0,511,0.5924637317657471,,0.12167213577777147,-0.08513934910297394
9109,18.0,591,0.7682642936706543,,0.2156052002683282,-0.013611823320388794
9110,25.0,775,0.8405570983886719,,0.1626967559568584,-0.0555952787399292
9111,27.0,1019,1.162698745727539,,0.15309429913759232,-0.034753698855638504
9112,22.0,966,1.1274337768554688,,0.10728740924969316,-0.06483699381351471
9113,24.0,979,1.1385705471038818,,0.18706636037677526,-0.03391459584236145
9114,20.0,897,1.0565135478973389,,0.10954180173575878,-0.07324621081352234
9115,28.0,990,1.1368834972381592,,0.18842097045853734,-0.05536673963069916
9116,33.0,989,1.039116621017456,,0.15753208100795746,-0.07983853667974472
9117,22.0,811,0.9724416732788086,,0.22670869249850512,-0.03842116892337799
9118,16.0,683,0.756709098815918,,0.15743680484592915,-0.029889211058616638
9119,28.0,1267,1.4898271560668945,,0.13188960868865252,-0.05351430922746658
9120,27.0,885,1.0440242290496826,,0.09363857982680202,-0.08292847871780396
9121,27.0,1004,1.1649062633514404,,0.1298635257408023,-0.055603690445423126
9122,27.0,1405,1.5278384685516357,,0.08688069460913539,-0.0796491950750351
9123,32.0,1487,1.700690746307373,,0.15129762142896652,-0.03678765147924423
9124,41.0,1916,2.202519178390503,,0.08045569038949907,-0.09962643682956696
9125,48.0,1737,1.9333817958831787,,0.09997328743338585,-0.06542547792196274
9126,33.0,1370,1.5751428604125977,,0.09663513349369168,-0.09568001329898834
9127,19.0,737,0.8138449192047119,,0.16369868535548449,-0.05565602332353592
9128,33.0,1284,1.5089726448059082,,0.10623608017340302,-0.0693894773721695
9129,31.0,1453,1.6645760536193848,,0.11343347933143377,-0.07890281826257706
9130,19.0,568,0.6481239795684814,,0.06505599338561296,-0.11987555772066116
9131,32.0,1384,1.5938911437988281,,0.12902343040332198,-0.06849697977304459
9132,24.0,914,0.9841244220733643,,0.08595452224835753,-0.08890792727470398
9133,32.0,1175,1.4072248935699463,,0.120931685436517,-0.04661481827497482
9134,27.0,983,1.1259644031524658,,0.1112895947881043,-0.06694833934307098
9135,22.0,742,0.8082525730133057,,0.14896721811965108,-0.08865668624639511
9136,13.0,518,0.5957095623016357,,0.09237164119258523,-0.07168111950159073
9137,52.0,1842,2.1341042518615723,,0.21042428258806467,-0.02382386475801468
9138,24.0,904,0.9618916511535645,,0.23711341992020607,-0.02556249499320984
9139,18.0,812,0.9724769592285156,,0.12094635982066393,-0.06328600645065308
9140,12.0,426,0.508310079574585,,0.1248163846321404,-0.06060604751110077
9141,30.0,1133,1.2714734077453613,,0.06933995080180466,-0.07619374990463257
9142,33.0,1292,1.5104038715362549,,0.14491202542558312,-0.0669739842414856
9143,31.0,942,0.9955029487609863,,0.0988525478169322,-0.05550635978579521
9144,16.0,612,0.7813000679016113,,0.16176304500550032,-0.03122018277645111
9145,10.0,543,0.620255708694458,,0.13242294965311885,-0.06163006275892258
9146,29.0,1143,1.2725377082824707,,0.12502057570964098,-0.05412283167243004
9147,21.0,680,0.7493624687194824,,0.1597393499687314,-0.05685509741306305
9148,34.0,1211,1.4224903583526611,,0.11477652611210942,-0.04744470864534378
9149,20.0,639,0.7053666114807129,,0.10015353420749307,-0.07778146117925644
9150,31.0,1150,1.2816603183746338,,0.1429403880611062,-0.04710131138563156
9151,18.0,677,0.7584421634674072,,0.15422322833910584,-0.04342838376760483
9152,44.0,1507,1.7368571758270264,,0.10759198712185025,-0.07193763554096222
9153,33.0,1349,1.5586912631988525,,0.20024519972503185,-0.022083483636379242
9154,31.0,964,1.1002469062805176,,0.067112643038854,-0.07875356078147888
9155,34.0,1184,1.2935254573822021,,0.09465233515948057,-0.06556092202663422
9156,32.0,1183,1.3056113719940186,,0.0560246545355767,-0.079135462641716
9157,25.0,850,1.0024843215942383,,0.12064273934811354,-0.059491612017154694
9158,24.0,1075,1.2111966609954834,,0.1832629363052547,-0.030463993549346924
9159,22.0,829,0.9890084266662598,,0.11591933248564601,-0.07197548449039459
9160,30.0,993,1.1312968730926514,,0.18013984756544232,-0.04171810671687126
9161,27.0,1053,1.202336072921753,,0.11126160621643066,-0.06266909837722778
9162,33.0,1406,1.6287221908569336,,0.11377676483243704,-0.08122987300157547
9163,27.0,1376,1.4972636699676514,,0.08320619771257043,-0.062015458941459656
9164,20.0,835,0.996617317199707,,0.07068141433410347,-0.06776115298271179
9165,23.0,860,1.0169599056243896,,0.11711952742189169,-0.054372478276491165
9166,51.0,1873,2.055267333984375,,0.15582624031230807,-0.06326276063919067
9167,28.0,1095,1.233588695526123,,0.2121961023658514,-0.02947915345430374
9168,38.0,1602,1.8976755142211914,,0.0770776360295713,-0.08138817548751831
9169,24.0,769,0.8303053379058838,,0.16050331853330135,-0.05350431054830551
9170,28.0,878,1.0255541801452637,,0.11177554121240973,-0.07318255305290222
9171,28.0,1018,1.1503655910491943,,0.10240690037608147,-0.07914701104164124
9172,48.0,1823,2.0092387199401855,,0.1593169178813696,-0.05742134898900986
9173,33.0,1297,1.5124256610870361,,0.13438608264550567,-0.06394970417022705
9174,29.0,1033,1.172145128250122,,0.10080085881054401,-0.06460095942020416
9175,32.0,1347,1.4605181217193604,,0.08311204798519611,-0.07228246331214905
9176,32.0,1413,1.6341075897216797,,0.08460960374213755,-0.07068198174238205
9177,8.0,373,0.45757365226745605,,0.10405538696795702,-0.0810222178697586
9178,31.0,1191,1.3220369815826416,,0.2429237151518464,0.007233262062072754
9179,24.0,905,1.0561678409576416,,0.052497505908831954,-0.08843117207288742
9180,34.0,1329,1.5305824279785156,,0.12338501121848822,-0.08050761371850967
9181,34.0,1271,1.3798885345458984,,0.13602864369750023,-0.04062490910291672
9182,24.0,858,1.01314115524292,,0.08696699608117342,-0.054306354373693466
9183,30.0,1161,1.2901928424835205,,0.1240646387450397,-0.05968942493200302
9184,33.0,1358,1.5565426349639893,,0.10354761965572834,-0.0670337975025177
9185,27.0,991,1.1376621723175049,,0.06772797065787017,-0.07036331295967102
9186,26.0,953,1.0978565216064453,,0.08829362969845533,-0.05536336451768875
9187,33.0,1106,1.2368288040161133,,0.061099216574802995,-0.056420162320137024
9188,33.0,1304,1.4202520847320557,,0.11118894349783659,-0.06136440485715866
9189,32.0,1235,1.4622161388397217,,0.17963367141783237,-0.03986593335866928
9190,33.0,1347,1.4711244106292725,,0.10078449780121446,-0.05088545382022858
9191,21.0,789,0.9554462432861328,,0.05166254215873778,-0.06619079411029816
9192,30.0,1192,1.3214993476867676,,0.24004914332181215,-0.011150121688842773
9193,27.0,774,0.9396517276763916,,0.08512240392155945,-0.06350980699062347
9194,32.0,1351,1.467552661895752,,0.07957459753379226,-0.061076343059539795
9195,30.0,1125,1.2512013912200928,,0.05925960559397936,-0.09546900540590286
9196,22.0,764,0.9271349906921387,,0.14244464226067066,-0.08088570088148117
9197,38.0,1536,1.7482037544250488,,0.12259734096005559,-0.07371281087398529
9198,20.0,651,0.7226324081420898,,0.23845966067165136,-0.01448611170053482
9199,29.0,1100,1.229727029800415,,0.13774995924904943,-0.040475375950336456
9200,33.0,1383,1.6059203147888184,,0.1428573438897729,-0.06715133786201477
9201,23.0,750,0.9098663330078125,,0.10420920420438051,-0.06510908901691437
9202,31.0,1078,1.2108216285705566,,0.07626271201297641,-0.06663568317890167
9203,34.0,1130,1.271944522857666,,0.10247192764654756,-0.06209002062678337
9204,30.0,939,1.0827293395996094,,0.09932597493752837,-0.07962942868471146
9205,18.0,717,0.7874255180358887,,0.13735615555197,-0.06498298048973083
9206,31.0,1088,1.2239158153533936,,0.13893561763688922,-0.04839079827070236
9207,35.0,1295,1.5127825736999512,,0.10559464525431395,-0.07543409615755081
9208,36.0,1363,1.4822566509246826,,0.13770112628117204,-0.04212257266044617
9209,22.0,804,0.961113452911377,,0.12502040201798081,-0.04877852648496628
9210,26.0,881,1.0264320373535156,,0.15249563893303275,-0.035298168659210205
9211,29.0,1174,1.2991344928741455,,0.1381458225660026,-0.05033700168132782
9212,26.0,1221,1.3459651470184326,,0.09496213681995869,-0.06193018704652786
9213,28.0,963,1.1105034351348877,,0.07811038545332849,-0.08668280392885208
9214,28.0,883,1.0333292484283447,,0.10184459248557687,-0.08528479188680649
9215,24.0,1007,1.1447291374206543,,0.12723479140549898,-0.05922679603099823
9216,19.0,795,0.939338207244873,,0.1704147499985993,-0.027827188372612
9217,21.0,737,0.7938985824584961,,0.140686996281147,-0.05635103955864906
9218,20.0,669,0.7308409214019775,,0.08910526661202312,-0.05746302753686905
9219,32.0,1069,1.1984224319458008,,0.12313518160954118,-0.04199809581041336
9220,17.0,628,0.7990226745605469,,0.09149446524679661,-0.07089124619960785
9221,31.0,878,0.938483715057373,,0.1654490428045392,-0.05267050862312317
9222,27.0,895,1.0474894046783447,,0.12145417556166649,-0.05669691041111946
9223,11.0,485,0.5693352222442627,,0.1188070373609662,-0.061178818345069885
9224,27.0,996,1.137735366821289,,0.18313902337104082,-0.016022607684135437
9225,28.0,962,1.1051898002624512,,0.1251402241177857,-0.054510004818439484
9226,30.0,1007,1.1483352184295654,,0.06499717477709055,-0.07448804378509521
9227,30.0,1067,1.2073302268981934,,0.08552566496655345,-0.061313070356845856
9228,20.0,720,0.7905466556549072,,0.14567268313840032,-0.057504694908857346
9229,24.0,835,0.9927325248718262,,0.1511518000625074,-0.03977935388684273
9230,33.0,1225,1.3394227027893066,,0.1485482850112021,-0.07112434506416321
9231,28.0,1110,1.251248836517334,,0.09853243781253695,-0.06965507566928864
9232,26.0,885,1.0489518642425537,,0.10152597492560744,-0.08435480296611786
9233,36.0,958,1.0985968112945557,,0.09969153348356485,-0.07985298335552216
9234,26.0,1190,1.3379271030426025,,0.10921219177544117,-0.06128280237317085
9235,27.0,1028,1.1828737258911133,,0.14373528817668557,-0.04727447032928467
9236,28.0,1236,1.4593110084533691,,0.1039220872335136,-0.07029356062412262
9237,31.0,1195,1.320444107055664,,0.097981296479702,-0.06316022574901581
9238,33.0,1371,1.578765869140625,,0.14566566422581673,-0.05463404208421707
9239,28.0,1013,1.151442289352417,,0.08186668949201703,-0.06171182915568352
9240,19.0,878,1.037520170211792,,0.10131448647007346,-0.034595243632793427
9241,32.0,1127,1.2645177841186523,,0.15063995169475675,-0.04635007306933403
9242,27.0,1076,1.2056314945220947,,0.11421051854267716,-0.0665290430188179
9243,28.0,1219,1.333503246307373,,0.10849599679931998,-0.061809737235307693
9244,34.0,1810,2.076848268508911,,0.15097865695133805,-0.06982429325580597
9245,30.0,1156,1.2890818119049072,,0.1268991380929947,-0.0503162145614624
9246,22.0,945,1.0968623161315918,,0.0704977388959378,-0.07600344717502594
9247,32.0,1623,1.8117258548736572,,0.14372610533609986,-0.06430987268686295
9248,31.0,1351,1.5673067569732666,,0.12484521139413118,-0.06507470458745956
9249,24.0,924,0.9700329303741455,,0.08148108702152967,-0.09132878482341766
9250,19.0,803,0.9572963714599609,,0.09499997412785888,-0.0729471892118454
9251,28.0,1215,1.3326020240783691,,0.1489134836010635,-0.031671881675720215
9252,25.0,856,1.0226266384124756,,0.1298330989666283,-0.06631020456552505
9253,35.0,1435,1.6639811992645264,,0.13527216482907534,-0.04852632060647011
9254,11.0,703,0.7725183963775635,,0.09239531611092389,-0.08195149153470993
9255,27.0,983,1.125389814376831,,0.26470739860087633,0.025319881737232208
9256,33.0,1499,1.6979339122772217,,0.12281088158488274,-0.07116654515266418
9257,31.0,1375,1.597886085510254,,0.14463941007852554,-0.03937019780278206
9258,31.0,1041,1.178468942642212,,0.0780935047660023,-0.06590013206005096
9259,12.0,625,0.7022438049316406,,0.1910392544232309,-0.05447585508227348
9260,30.0,1095,1.2513749599456787,,0.24593349173665047,-0.006166011095046997
9261,28.0,1161,1.307420015335083,,0.12914819782599807,-0.06479164958000183
9262,28.0,1189,1.4245355129241943,,0.10788718471303582,-0.06738343834877014
9263,31.0,1271,1.4011824131011963,,0.10176653554663062,-0.08083617687225342
9264,24.0,819,0.9764354228973389,,0.055590677773579955,-0.06114034354686737
9265,31.0,950,1.1060261726379395,,0.14145249733701348,-0.03543519601225853
9266,24.0,888,0.9559061527252197,,0.11908095702528954,-0.07318884134292603
9267,27.0,1121,1.3560526371002197,,0.15112692955881357,-0.043013326823711395
9268,32.0,1509,1.7230334281921387,,0.10097955772653222,-0.09388528764247894
9269,19.0,858,0.9238743782043457,,0.1666263910010457,-0.03604181110858917
9270,33.0,1279,1.5015766620635986,,0.14830109383910894,-0.04486919939517975
9271,26.0,825,0.8892848491668701,,0.08140159444883466,-0.08482725918292999
9272,27.0,950,1.1017913818359375,,0.1804872089996934,-0.037101224064826965
9273,32.0,1362,1.580660104751587,,0.2556630438193679,-0.0084286630153656
9274,16.0,669,0.746962308883667,,0.09790849825367332,-0.08898207545280457
9275,30.0,1352,1.572153091430664,,0.2084397803992033,-0.02677750587463379
9276,32.0,1323,1.4442782402038574,,0.06215349631384015,-0.08466142416000366
9277,23.0,805,0.983196496963501,,0.05240016640163958,-0.08275362849235535
9278,15.0,625,0.7015376091003418,,0.11765666911378503,-0.06078346073627472
9279,33.0,1672,1.8728716373443604,,0.1700212163850665,-0.04203656315803528
9280,31.0,1287,1.511451244354248,,0.12542943935841322,-0.06488491594791412
9281,14.0,605,0.681978702545166,,0.10628722701221704,-0.08203187584877014
9282,20.0,735,0.9005846977233887,,0.15045174024999142,-0.0363609716296196
9283,29.0,1363,1.481956958770752,,0.08008942869491875,-0.07687816023826599
9284,27.0,1004,1.1474013328552246,,0.06640989589504898,-0.07913035899400711
9285,29.0,1030,1.17336106300354,,0.08878736849874258,-0.07355276495218277
9286,25.0,1010,1.1527442932128906,,0.058321436401456594,-0.09077342599630356
9287,31.0,1557,1.7522265911102295,,0.18337069638073444,-0.012298017740249634
9288,15.0,718,0.8839719295501709,,0.02853640029206872,-0.08861654251813889
9289,26.0,866,0.9228699207305908,,0.16610758379101753,-0.03787338733673096
9290,23.0,832,0.9918334484100342,,0.2750347638502717,0.02384939044713974
9291,14.0,656,0.7300374507904053,,0.12705235136672854,-0.05323347449302673
9292,20.0,809,0.9723048210144043,,0.13912580395117402,-0.034651018679142
9293,29.0,1149,1.2782514095306396,,0.1160543248988688,-0.06366998702287674
9294,32.0,1488,1.6814358234405518,,0.12492743972688913,-0.06529273837804794
9295,31.0,1443,1.655527114868164,,0.13651017425581813,-0.053404610604047775
9296,34.0,1396,1.5974247455596924,,0.10166080668568611,-0.08070996403694153
9297,41.0,1346,1.4793918132781982,,0.11785348923876882,-0.04468195140361786
9298,30.0,1146,1.2793474197387695,,0.18337648175656796,-0.029203370213508606
9299,32.0,1408,1.6285808086395264,,0.21720639988780022,-0.020503796637058258
9300,32.0,1316,1.544116735458374,,0.13838040828704834,-0.06317956000566483
9301,28.0,879,0.9392898082733154,,0.09702406404539943,-0.08930675685405731
9302,30.0,1203,1.4426500797271729,,0.15775895351544023,-0.039961688220500946
9303,28.0,1302,1.4421420097351074,,0.06493701483123004,-0.08121806383132935
9304,27.0,1059,1.2129387855529785,,0.05583766754716635,-0.09748443961143494
9305,27.0,1615,1.912057876586914,,0.044107976369559765,-0.12537916004657745
9306,33.0,1379,1.488495111465454,,0.12809776281937957,-0.05145198851823807
9307,17.0,729,0.8965017795562744,,0.1060179709456861,-0.0592041015625
9308,27.0,1150,1.291557788848877,,0.15572195453569293,-0.05184710770845413
9309,24.0,979,1.1296131610870361,,0.10022149002179503,-0.06765148788690567
9310,40.0,1886,2.0654385089874268,,0.1103134611621499,-0.06605035066604614
9311,17.0,699,0.8506221771240234,,0.2926549734547734,-0.014340847730636597
9312,27.0,995,1.132131576538086,,0.12401921954005957,-0.06986106932163239
9313,28.0,745,0.8032815456390381,,0.07463873596861959,-0.08251519501209259
9314,32.0,1122,1.2535388469696045,,0.1732420502230525,-0.043281517922878265
9315,32.0,1258,1.4663136005401611,,0.1357585871592164,-0.036537930369377136
9316,27.0,921,1.0596210956573486,,0.09107553213834763,-0.07323822379112244
9317,24.0,995,1.1399779319763184,,0.1262710951268673,-0.06693754345178604
9318,26.0,959,1.115570068359375,,0.140882789157331,-0.052624620497226715
9319,27.0,985,1.0392529964447021,,0.11135230213403702,-0.080921471118927
9320,28.0,1417,1.6228103637695312,,0.2462918171659112,-0.015572801232337952
9321,25.0,891,1.0444679260253906,,0.06367715005762875,-0.07626955211162567
9322,23.0,827,0.9867899417877197,,0.06125425733625889,-0.08158376812934875
9323,33.0,1274,1.4018442630767822,,0.10650541121140122,-0.04874727129936218
9324,30.0,1151,1.2938764095306396,,0.1185962613672018,-0.06364487111568451
9325,34.0,1353,1.5628535747528076,,0.10624791216105223,-0.06293941289186478
9326,48.0,1611,1.8088288307189941,,0.11440344993025064,-0.06451049447059631
9327,43.0,1782,2.0601491928100586,,0.06178327230736613,-0.06723741441965103
9328,51.0,1712,1.918506145477295,,0.12495082104578614,-0.05193118378520012
9329,30.0,1162,1.2888424396514893,,0.2682128241285682,0.007311083376407623
9330,19.0,785,0.9526352882385254,,0.12438557390123606,-0.04609806463122368
9331,33.0,1393,1.5098919868469238,,0.1833650590851903,-0.0349128395318985
9332,13.0,555,0.7362017631530762,,0.09797276882454753,-0.0784832015633583
9333,20.0,642,0.7144970893859863,,0.14990985300391912,-0.05013156682252884
9334,29.0,1029,1.1669909954071045,,0.23806804977357388,-0.007939547300338745
9335,33.0,1238,1.3618664741516113,,0.10283514251932502,-0.055314354598522186
9336,33.0,1300,1.5202491283416748,,0.1240203664638102,-0.07614096999168396
9337,23.0,780,0.8531310558319092,,0.08472122624516487,-0.09574500471353531
9338,30.0,1460,1.684678554534912,,0.09382256795652211,-0.08400200307369232
9339,28.0,1421,1.641150712966919,,0.1314334375783801,-0.07371187210083008
9340,35.0,1331,1.448319911956787,,0.07550983363762498,-0.0686424970626831
9341,24.0,899,1.062713861465454,,0.13390157232061028,-0.06038479506969452
9342,28.0,984,1.1317226886749268,,0.1928669810295105,-0.05009576678276062
9343,23.0,829,0.9883368015289307,,0.12769167544320226,-0.05316632241010666
9344,31.0,1209,1.3259196281433105,,0.06498347455635667,-0.08627218008041382
9345,32.0,1259,1.469115972518921,,0.14399471133947372,-0.05781937018036842
9346,22.0,860,0.9129562377929688,,0.08714156365022063,-0.0769224762916565
9347,30.0,1096,1.221297025680542,,0.113758550491184,-0.077973872423172
9348,19.0,693,0.8528897762298584,,0.08807484759017825,-0.08176712691783905
9349,27.0,911,1.0599606037139893,,0.17203147802501917,-0.013287842273712158
9350,21.0,794,0.8518929481506348,,0.126636047847569,-0.07166188210248947
9351,26.0,823,0.9697129726409912,,0.12834850093349814,-0.05376937985420227
9352,21.0,733,0.7960865497589111,,0.1475041932426393,-0.06030360609292984
9353,33.0,1251,1.4754574298858643,,0.09911177260801196,-0.06777379661798477
9354,34.0,1465,1.5681085586547852,,0.10673131654039025,-0.05294358730316162
9355,23.0,870,1.0332930088043213,,0.07123000780120492,-0.08909112215042114
9356,16.0,699,0.8676705360412598,,0.17788740620017052,-0.03767926245927811
9357,22.0,825,0.8807327747344971,,0.29156605899333954,0.03926350176334381
9358,35.0,1759,2.0240471363067627,,0.050749859772622585,-0.10835941880941391
9359,21.0,831,0.8876152038574219,,0.12782760336995125,-0.05033062398433685
9360,27.0,1079,1.2053196430206299,,0.10872242506593466,-0.07417378574609756
9361,25.0,1053,1.1908185482025146,,0.08104055002331734,-0.08331148326396942
9362,32.0,1455,1.6540021896362305,,0.14538850635290146,-0.02973610907793045
9363,32.0,1347,1.555410385131836,,0.08950686315074563,-0.07728259265422821
9364,28.0,1260,1.3797240257263184,,0.07857037708163261,-0.06192643940448761
9365,24.0,809,0.9648594856262207,,0.09105857368558645,-0.07113946974277496
9366,28.0,1254,1.372006893157959,,0.13481018412858248,-0.018842384219169617
9367,32.0,1562,1.7481434345245361,,0.07188237830996513,-0.07971826940774918
9368,33.0,1397,1.6000945568084717,,0.062016224255785346,-0.07567629218101501
9369,33.0,1625,1.8060011863708496,,0.09682810911908746,-0.0851946473121643
9370,34.0,1361,1.5547049045562744,,0.08561327727511525,-0.06683476269245148
9371,34.0,999,1.1343088150024414,,0.07799236755818129,-0.05649426206946373
9372,31.0,1399,1.601973533630371,,0.16206045914441347,-0.04720345884561539
9373,22.0,839,0.9059937000274658,,0.06699937768280506,-0.08559738844633102
9374,17.0,673,0.8489277362823486,,0.20758329378440976,-0.036577437072992325
9375,19.0,785,0.8462529182434082,,0.10426395200192928,-0.07649111747741699
9376,31.0,1095,1.2199976444244385,,0.12487241299822927,-0.06554203480482101
9377,30.0,1286,1.5016605854034424,,0.12719330517575145,-0.06511370837688446
9378,38.0,1818,1.9864490032196045,,0.1227864301763475,-0.07472402602434158
9379,29.0,1352,1.5621271133422852,,0.0769580826163292,-0.08433080464601517
9380,31.0,1331,1.543614387512207,,0.09598046401515603,-0.0825093686580658
9381,41.0,1767,1.9626572132110596,,0.20258969720453024,-0.0376383513212204
9382,28.0,1209,1.3391461372375488,,0.13789832824841142,-0.05327525734901428
9383,24.0,950,1.1113848686218262,,0.0755850535351783,-0.06156078726053238
9384,20.0,793,0.9646320343017578,,0.11341447196900845,-0.06225010007619858
9385,28.0,965,1.1170685291290283,,0.20610563177615404,-0.0120525062084198
9386,29.0,1132,1.2733616828918457,,0.10062121832743287,-0.05720090866088867
9387,18.0,674,0.7495486736297607,,0.13409730326384306,-0.07154855132102966
9388,30.0,1136,1.2752680778503418,,0.12408084515482187,-0.047672875225543976
9389,31.0,1289,1.4949004650115967,,0.08098456030711532,-0.07111723721027374
9390,22.0,739,0.803046464920044,,0.0840485270600766,-0.08194509148597717
9391,30.0,1102,1.3334555625915527,,0.14637539582327008,-0.050469834357500076
9392,27.0,894,0.9462578296661377,,0.09565959591418505,-0.08542292565107346
9393,33.0,1147,1.2735214233398438,,0.13741478929296136,-0.04606674239039421
9394,31.0,1257,1.4728808403015137,,0.08512521022930741,-0.06232692301273346
9395,33.0,1375,1.588214635848999,,0.10011687595397234,-0.07276865839958191
9396,28.0,989,1.1311120986938477,,0.08894963935017586,-0.05837390571832657
9397,31.0,1154,1.28348970413208,,0.1386642032302916,-0.0511450469493866
9398,26.0,997,1.1473891735076904,,0.23687307769432664,0.0029498860239982605
9399,27.0,1006,1.1574726104736328,,0.12075657909736037,-0.06392606347799301
9400,31.0,1130,1.2668604850769043,,0.06815678253769875,-0.07347532361745834
9401,30.0,1357,1.5826151371002197,,0.16000822884961963,-0.045307010412216187
9402,34.0,1068,1.2186625003814697,,0.09951036795973778,-0.04803278297185898
9403,33.0,1105,1.244727373123169,,0.1399886510334909,-0.017198756337165833
9404,29.0,1211,1.342817783355713,,0.10873219929635525,-0.04305016249418259
9405,29.0,1065,1.208634614944458,,0.09059931943193078,-0.0660228580236435
9406,31.0,1270,1.4842631816864014,,0.09694256959483027,-0.0778343454003334
9407,31.0,1320,1.457693338394165,,0.07045860914513469,-0.04811584949493408
9408,29.0,887,1.042107105255127,,0.06747401715256274,-0.06769699603319168
9409,57.0,2176,2.440368413925171,,0.0977973435074091,-0.09202788770198822
9410,28.0,1127,1.355402946472168,,0.0966277145780623,-0.05741570144891739
9411,29.0,1049,1.1831207275390625,,0.14863713271915913,-0.04734572768211365
9412,29.0,1355,1.4741361141204834,,0.09640061086975038,-0.07689640671014786
9413,30.0,1310,1.5224380493164062,,0.09332378907129169,-0.07396969199180603
9414,21.0,772,0.8361635208129883,,0.04200270725414157,-0.0957854837179184
9415,12.0,523,0.6094696521759033,,0.09547999082133174,-0.04813453182578087
9416,33.0,1310,1.5143523216247559,,0.13257724838331342,-0.06542467325925827
9417,40.0,1491,1.7153892517089844,,0.11882263887673616,-0.07868239283561707
9418,31.0,1143,1.2812681198120117,,0.14026844827458262,-0.039395853877067566
9419,25.0,774,0.9359614849090576,,0.0701594022102654,-0.0662732720375061
9420,27.0,1224,1.3694257736206055,,0.11747425608336926,-0.03643910586833954
9421,31.0,1297,1.4258980751037598,,0.13030323199927807,-0.03594537824392319
9422,31.0,1178,1.402787685394287,,0.10141715174540877,-0.05865168944001198
9423,29.0,1207,1.3406400680541992,,0.0644088750705123,-0.07168158888816833
9424,14.0,524,0.5986096858978271,,0.11050828685984015,-0.07029394060373306
9425,27.0,981,1.1284501552581787,,0.16635042056441307,-0.024747706949710846
9426,34.0,1395,1.5951457023620605,,0.10792870027944446,-0.07155505567789078
9427,55.0,1901,2.0761704444885254,,0.1420318717136979,-0.06043418124318123
9428,26.0,998,1.1324882507324219,,0.27317874133586884,0.003910265862941742
9429,31.0,1363,1.5739710330963135,,0.1635437081567943,-0.052790895104408264
9430,23.0,767,0.9378037452697754,,0.10840006032958627,-0.04013846442103386
9431,22.0,960,1.0175552368164062,,0.1834487533196807,-0.026412568986415863
9432,30.0,1071,1.308525562286377,,0.13974348362535238,-0.04596930742263794
9433,23.0,759,0.8250482082366943,,0.09336386993527412,-0.08888526260852814
9434,36.0,1197,1.329110860824585,,0.1063188980333507,-0.054095931351184845
9435,34.0,1156,1.3765010833740234,,0.08570967987179756,-0.08770478516817093
9436,46.0,1592,1.7949979305267334,,0.1132229259237647,-0.0684712827205658
9437,26.0,968,1.1062095165252686,,0.25433424673974514,-0.013255283236503601
9438,16.0,754,0.8212723731994629,,0.21167682018131018,-0.04451017081737518
9439,28.0,1226,1.3530726432800293,,0.14566489541903138,-0.038677655160427094
9440,26.0,1320,1.544267177581787,,0.21367915719747543,-0.014300279319286346
9441,30.0,1255,1.4699995517730713,,0.18756989296525717,-0.03457946330308914
9442,40.0,1469,1.5800089836120605,,0.1319365738891065,-0.048343196511268616
9443,24.0,931,1.0795130729675293,,0.32022944651544094,0.027566000819206238
9444,27.0,970,1.1044178009033203,,0.20475498586893082,-0.03256969153881073
9445,30.0,1079,1.2057826519012451,,0.14963401854038239,-0.03358147293329239
9446,20.0,681,0.8469183444976807,,0.1418112083338201,-0.03882284462451935
9447,24.0,821,0.8802471160888672,,0.15043062809854746,-0.06207163259387016
9448,22.0,839,0.9972283840179443,,0.1412083925679326,-0.05843133479356766
9449,28.0,1079,1.221996545791626,,0.19589016307145357,0.00561484694480896
9450,18.0,727,0.7983512878417969,,0.2199723944067955,-0.018687278032302856
9451,31.0,1250,1.4668793678283691,,0.11101755034178495,-0.06161653250455856
9452,24.0,857,0.9138007164001465,,0.07160913432016969,-0.09069861471652985
9453,23.0,819,0.9695367813110352,,0.14885622216388583,-0.05225736275315285
9454,38.0,1359,1.5567193031311035,,0.13572414917871356,-0.05408941209316254
9455,33.0,1366,1.479734182357788,,0.19075549114495516,-0.0058248043060302734
9456,26.0,1113,1.3389689922332764,,0.060745669761672616,-0.08804875612258911
9457,23.0,861,0.9187822341918945,,0.11719623953104019,-0.07239402830600739
9458,33.0,1269,1.4718711376190186,,0.08505096286535263,-0.07595714926719666
9459,22.0,839,0.8936135768890381,,0.09076450252905488,-0.08405914902687073
9460,26.0,1097,1.2273712158203125,,0.27053599059581757,-0.005655594170093536
9461,31.0,1717,1.9941625595092773,,0.07115502189844847,-0.0873342901468277
9462,27.0,933,1.0789527893066406,,0.06291405367664993,-0.06751377880573273
9463,21.0,759,0.8278374671936035,,0.14978050393983722,-0.05783742293715477
9464,23.0,914,1.0750057697296143,,0.18620462389662862,-0.006879616528749466
9465,18.0,630,0.7114160060882568,,0.1754551618359983,-0.029272425919771194
9466,28.0,1115,1.242818832397461,,0.20295415073633194,0.008739888668060303
9467,19.0,747,0.9080417156219482,,0.11294788913801312,-0.054982542991638184
9468,12.0,599,0.6697332859039307,,0.10818890249356627,-0.05829407274723053
9469,20.0,769,0.8284702301025391,,0.10378940356895328,-0.05558042973279953
9470,31.0,1317,1.5317726135253906,,0.1413657502271235,-0.05050943046808243
9471,30.0,1321,1.5459935665130615,,0.14057778101414442,-0.052058082073926926
9472,29.0,1157,1.2919738292694092,,0.09735591057687998,-0.058129627257585526
9473,31.0,1153,1.2747411727905273,,0.06799241621047258,-0.08840123564004898
9474,30.0,1052,1.1906750202178955,,0.07307501533068717,-0.052220795303583145
9475,32.0,1307,1.5068209171295166,,0.14105962170287967,-0.06779961287975311
9476,30.0,980,1.1323761940002441,,0.08672107895836234,-0.05841059237718582
9477,17.0,637,0.7089939117431641,,0.09736946690827608,-0.08572505414485931
9478,27.0,983,1.1241090297698975,,0.38973766565322876,0.06446874886751175
9479,27.0,1107,1.2425246238708496,,0.07629902428016067,-0.07539989054203033
9480,39.0,1563,1.756737232208252,,0.08807279216125607,-0.08057033270597458
9481,31.0,1225,1.3448514938354492,,0.21394566539674997,-0.0003406703472137451
9482,31.0,1288,1.494805097579956,,0.09290710627101362,-0.04806673526763916
9483,30.0,1212,1.3412811756134033,,0.03618129657115787,-0.060557711869478226
9484,33.0,1171,1.379331350326538,,0.09644147707149386,-0.04795774072408676
9485,32.0,1298,1.4072556495666504,,0.048244422767311335,-0.06892350316047668
9486,33.0,1535,1.7202458381652832,,0.1124001806601882,-0.05381438881158829
9487,16.0,635,0.7008852958679199,,0.06120695034042001,-0.09799790382385254
9488,32.0,1333,1.5317881107330322,,0.11847158474847674,-0.035756826400756836
9489,22.0,760,0.8185319900512695,,0.09917557751759887,-0.089521124958992
9490,32.0,1227,1.4300663471221924,,0.10476527037099004,-0.054008420556783676
9491,20.0,820,0.8740441799163818,,0.04761294648051262,-0.10358881950378418
9492,32.0,1568,1.7500205039978027,,0.1041969321668148,-0.05521353334188461
9493,28.0,1100,1.3353791236877441,,0.12504323152825236,-0.05711900442838669
9494,31.0,1354,1.460620403289795,,0.08549041580408812,-0.06043662130832672
9495,27.0,1054,1.1941499710083008,,0.16937916446477175,-0.022040851414203644
9496,28.0,1114,1.342695951461792,,0.07196518708951771,-0.0861242413520813
9497,28.0,1174,1.2963461875915527,,0.11756693106144667,-0.05254326015710831
9498,30.0,1054,1.1923890113830566,,0.09799287421628833,-0.05313969403505325
9499,34.0,1132,1.262939214706421,,0.09356849221512675,-0.04851590096950531
9500,27.0,1057,1.203136682510376,,0.3177491184324026,0.0029647797346115112
9501,30.0,1171,1.2981948852539062,,0.050683229230344296,-0.09007696062326431
9502,20.0,749,0.9104301929473877,,0.08475495036691427,-0.09485863149166107
9503,31.0,1127,1.249842882156372,,0.133541664108634,-0.04701540246605873
9504,28.0,1193,1.310558795928955,,0.11034672567620873,-0.06321298331022263
9505,16.0,588,0.7585117816925049,,0.09551418712362647,-0.07821063697338104
9506,32.0,992,1.1320385932922363,,0.13947495073080063,-0.04122142121195793
9507,32.0,1429,1.536449670791626,,0.10965158324688673,-0.055137261748313904
9508,17.0,709,0.8827214241027832,,0.04165970510803163,-0.0815875306725502
9509,28.0,1066,1.2145779132843018,,0.15922608086839318,-0.05352534353733063
9510,18.0,649,0.7226707935333252,,0.12473529484122992,-0.0663006603717804
9511,31.0,1286,1.4923012256622314,,0.12084148172289133,-0.040530573576688766
9512,29.0,965,1.0072593688964844,,0.04578511533327401,-0.09672125428915024
9513,40.0,1793,2.0675230026245117,,0.1837546592578292,-0.02631951868534088
9514,32.0,1394,1.586996078491211,,0.08584311651065946,-0.0820685550570488
9515,19.0,666,0.7284820079803467,,0.05068884650245309,-0.08113938570022583
9516,24.0,963,1.1091361045837402,,0.15966415219008923,-0.02015364170074463
9517,17.0,556,0.639082670211792,,0.14986700331792235,-0.021149955689907074
9518,23.0,757,0.8198723793029785,,0.13733942015096545,-0.04074171558022499
9519,36.0,1321,1.5266690254211426,,0.11168475868180394,-0.07202176004648209
9520,29.0,1039,1.172006607055664,,0.10163290612399578,-0.06128804385662079
9521,28.0,865,1.0198609828948975,,0.15181941771879792,-0.016499321907758713
9522,34.0,1217,1.3407583236694336,,0.08838662481866777,-0.05689069628715515
9523,31.0,1135,1.2535560131072998,,0.19843081664294004,-0.04152154177427292
9524,27.0,984,1.1276013851165771,,0.09580322774127126,-0.0786578357219696
9525,25.0,992,1.1304960250854492,,0.12202591868117452,-0.06301698088645935
9526,28.0,1099,1.2289626598358154,,0.1641966961324215,-0.05818294733762741
9527,31.0,1123,1.3429768085479736,,0.13971758959814906,-0.04761041700839996
9528,23.0,851,0.9072322845458984,,0.10958701372146606,-0.08545464277267456
9529,33.0,1188,1.3100810050964355,,0.1320843454450369,-0.06347238272428513
9530,28.0,1161,1.3805134296417236,,0.11782302986830473,-0.042012978345155716
9531,30.0,1217,1.3313720226287842,,0.1097916979342699,-0.05817291885614395
9532,30.0,961,1.0942347049713135,,0.1282136314548552,-0.0451107881963253
9533,32.0,1604,1.7816002368927002,,0.17424708977341652,-0.04541889578104019
9534,29.0,1271,1.4782993793487549,,0.11504705576226115,-0.05973289906978607
9535,31.0,1146,1.278456449508667,,0.13227751618251204,-0.06382878124713898
9536,32.0,1333,1.4344422817230225,,0.07095462689176202,-0.07241658866405487
9537,30.0,1177,1.3898987770080566,,0.11465182621032,-0.04361220821738243
9538,24.0,791,0.8558914661407471,,0.0865102051757276,-0.08425922691822052
9539,39.0,1471,1.6783616542816162,,0.15888261748477817,-0.05548941344022751
9540,32.0,1315,1.528655767440796,,0.0905644353479147,-0.07600314915180206
9541,33.0,1124,1.2590479850769043,,0.09271485079079866,-0.07929880917072296
9542,32.0,1257,1.3706932067871094,,0.08537402329966426,-0.06231376528739929
9543,33.0,1311,1.5206093788146973,,0.1714430726133287,-0.029157914221286774
9544,29.0,1043,1.1694202423095703,,0.0723453271202743,-0.07469368726015091
9545,23.0,810,0.963287353515625,,0.10404728539288044,-0.05901244655251503
9546,28.0,1323,1.4298288822174072,,0.08395888330414891,-0.06183943897485733
9547,33.0,1025,1.1557302474975586,,0.06857797806151211,-0.06438952684402466
9548,32.0,1405,1.5989434719085693,,0.13900448894128203,-0.0646367073059082
9549,30.0,1284,1.3988382816314697,,0.05882116430439055,-0.07130798697471619
9550,31.0,1310,1.5179052352905273,,0.05409236531704664,-0.07988379895687103
9551,33.0,1102,1.2190611362457275,,0.09166795574128628,-0.056508809328079224
9552,24.0,715,0.8791890144348145,,0.1620545475743711,-0.03478472679853439
9553,31.0,1446,1.5728411674499512,,0.1155016953125596,-0.06655744463205338
9554,22.0,761,0.9269416332244873,,0.08628522604703903,-0.07530686259269714
9555,24.0,1067,1.205775499343872,,0.20028298068791628,-0.006562337279319763
9556,31.0,1146,1.2800071239471436,,0.09458821127191186,-0.07902863621711731
9557,22.0,803,0.9716157913208008,,0.08900026371702552,-0.06352485716342926
9558,33.0,1225,1.3491907119750977,,0.11899242317304015,-0.03652363270521164
9559,21.0,787,0.935478925704956,,0.10586366849020123,-0.061364464461803436
9560,20.0,782,0.839841365814209,,0.20114785991609097,-0.06133881211280823
9561,30.0,1120,1.2415392398834229,,0.10717686964198947,-0.040680501610040665
9562,22.0,932,1.0780696868896484,,0.10733642941340804,-0.0705362856388092
9563,28.0,864,1.0118093490600586,,0.20697812642902136,-0.029483869671821594
9564,30.0,1086,1.217893362045288,,0.09492987813428044,-0.07143223285675049
9565,28.0,1009,1.139824390411377,,0.08873221511021256,-0.08158829063177109
9566,30.0,1201,1.322549819946289,,0.08636846346780658,-0.06645804643630981
9567,34.0,1388,1.5846185684204102,,0.11562595097348094,-0.052626773715019226
9568,24.0,822,0.9733891487121582,,0.09683455340564251,-0.0726773589849472
9569,34.0,1119,1.2295081615447998,,0.13614145200699568,-0.036949846893548965
9570,20.0,925,1.073784589767456,,0.08844330301508307,-0.08577431738376617
9571,54.0,1831,2.025975465774536,,0.1178007279522717,-0.08447872847318649
9572,33.0,1298,1.5058398246765137,,0.10616615042090416,-0.05129464715719223
9573,29.0,985,1.1266987323760986,,0.07843055599369109,-0.0639512836933136
9574,33.0,1034,1.155716896057129,,0.09101084666326642,-0.07674098014831543
9575,21.0,655,0.7241530418395996,,0.1609370126388967,-0.05853326991200447
9576,22.0,825,0.975322961807251,,0.15637955628335476,-0.05277229845523834
9577,10.0,518,0.5960984230041504,,0.1577779375948012,-0.04549071937799454
9578,27.0,957,1.005094289779663,,0.1565311192534864,-0.031058967113494873
9579,34.0,1237,1.4496712684631348,,0.07651429297402501,-0.0779140368103981
9580,28.0,1053,1.1893856525421143,,0.10904425755143166,-0.05662275850772858
9581,32.0,1225,1.3514885902404785,,0.14977116975933313,-0.04399538040161133
9582,28.0,1284,1.51641845703125,,0.06468469114042819,-0.09909121692180634
9583,28.0,1129,1.2667784690856934,,0.13280587876215577,-0.04985152557492256
9584,21.0,718,0.780048131942749,,0.10888992063701153,-0.0723312646150589
9585,24.0,1288,1.5013189315795898,,0.09318591188639402,-0.07464716583490372
9586,28.0,1141,1.2679822444915771,,0.07041523302905262,-0.08379204571247101
9587,38.0,1538,1.7270176410675049,,0.13058640714734793,-0.04472961276769638
9588,23.0,900,1.0506041049957275,,0.12766231317073107,-0.029489312320947647
9589,33.0,1343,1.534515619277954,,0.16192136285826564,-0.07068804651498795
9590,32.0,1030,1.16115403175354,,0.13709105970337987,-0.05046449601650238
9591,15.0,689,0.7632954120635986,,0.1819720957428217,-0.04620581120252609
9592,18.0,982,1.1344668865203857,,0.18086809013038874,-0.04645957797765732
9593,28.0,931,1.0684912204742432,,0.1423175954259932,-0.06288274377584457
9594,23.0,819,0.872100830078125,,0.15375102730467916,-0.056650642305612564
9595,34.0,1102,1.218094825744629,,0.18112610653042793,-0.03348927944898605
9596,32.0,1170,1.3784654140472412,,0.11832502018660307,-0.05979526415467262
9597,29.0,1031,1.1554415225982666,,0.08543582400307059,-0.060206763446331024
9598,30.0,1011,1.1408073902130127,,0.09264699323102832,-0.048836320638656616
9599,32.0,1173,1.2954046726226807,,0.11032426496967673,-0.045361071825027466
9600,48.0,1667,1.859684705734253,,0.1716144373640418,-0.04865651577711105
9601,33.0,1414,1.6007134914398193,,0.2079877406358719,-0.02481168508529663
9602,27.0,1068,1.199204444885254,,0.05146163096651435,-0.08091001957654953
9603,31.0,1359,1.547182559967041,,0.10554072307422757,-0.06956534087657928
9604,33.0,1336,1.4206898212432861,,0.06510198768228292,-0.06842837482690811
9605,34.0,999,1.1167354583740234,,0.09866502042859793,-0.06569325923919678
9606,23.0,823,0.976499080657959,,0.11833043908700347,-0.05798783898353577
9607,15.0,685,0.7551252841949463,,0.11770354630425572,-0.05799303948879242
9608,34.0,1172,1.3700153827667236,,0.15463864477351308,-0.049232497811317444
9609,26.0,940,0.9878542423248291,,0.08219760307110846,-0.08415718376636505
9610,33.0,1122,1.3499925136566162,,0.1548473429866135,-0.04015841707587242
9611,30.0,1042,1.178311824798584,,0.07911105221137404,-0.06455700099468231
9612,33.0,1058,1.1829123497009277,,0.08588725980371237,-0.04798512160778046
9613,34.0,1094,1.2177846431732178,,0.07047642022371292,-0.0713944137096405
9614,29.0,915,1.0517518520355225,,0.04952653427608311,-0.072208933532238
9615,31.0,1141,1.2631642818450928,,0.10757214343175292,-0.06133576110005379
9616,21.0,892,1.040416955947876,,0.09693330433219671,-0.058370355516672134
9617,48.0,1757,1.9245681762695312,,0.12595450226217508,-0.06815305352210999
9618,35.0,1137,1.251596450805664,,0.19015954853966832,0.006077904254198074
9619,35.0,1229,1.4286248683929443,,0.11846574395895004,-0.060883861035108566
9620,31.0,1288,1.3969402313232422,,0.14762429613620043,-0.026250328868627548
9621,24.0,813,0.9555785655975342,,0.08123016497120261,-0.057695671916007996
9622,34.0,1069,1.1976242065429688,,0.10479516722261906,-0.03960518538951874
9623,24.0,994,1.1322603225708008,,0.06635343213565648,-0.06119522079825401
9624,24.0,767,0.8239765167236328,,0.14310386264696717,-0.05448192358016968
9625,34.0,1193,1.4021146297454834,,0.13659325148910284,-0.05755350738763809
9626,29.0,1197,1.3151636123657227,,0.08938775397837162,-0.06273479014635086
9627,31.0,1209,1.3284201622009277,,0.06158155878074467,-0.06905253976583481
9628,32.0,1352,1.5586810111999512,,0.1120049161836505,-0.06974310427904129
9629,29.0,1112,1.239758014678955,,0.0804551225155592,-0.062281716614961624
9630,28.0,983,1.1272742748260498,,0.06397267710417509,-0.07019825279712677
9631,28.0,940,1.0802793502807617,,0.06666253111325204,-0.0696168839931488
9632,33.0,1421,1.6224591732025146,,0.24146269727498293,0.011128678917884827
9633,35.0,1211,1.3305575847625732,,0.05892942822538316,-0.06436505168676376
9634,21.0,725,0.7877402305603027,,0.16198074771091342,-0.04313582181930542
9635,27.0,1161,1.3883836269378662,,0.102647565305233,-0.07528119534254074
9636,29.0,1209,1.3405275344848633,,0.17588663520291448,-0.03327007219195366
9637,29.0,1247,1.3580653667449951,,0.10388449626043439,-0.05525822192430496
9638,27.0,1199,1.421048641204834,,0.13084434811025858,-0.03379582613706589
9639,27.0,1141,1.2693183422088623,,0.14920007903128862,-0.02821981906890869
9640,23.0,768,0.920403003692627,,0.08549608942121267,-0.05204873904585838
9641,23.0,781,0.835564374923706,,0.09726404678076506,-0.07711142301559448
9642,24.0,951,1.090726613998413,,0.12508495384827256,-0.043839890509843826
9643,33.0,1148,1.262906789779663,,0.08611026033759117,-0.06325741112232208
9644,29.0,881,1.0231003761291504,,0.08825962152332067,-0.056565649807453156
9645,33.0,1248,1.3695473670959473,,0.1541072316467762,-0.021363504230976105
9646,33.0,1151,1.3765807151794434,,0.10936948703601956,-0.04937354102730751
9647,26.0,1005,1.1499462127685547,,0.16142898565158248,-0.0359351821243763
9648,31.0,1227,1.346677303314209,,0.15631888434290886,-0.016899950802326202
9649,28.0,995,1.141873836517334,,0.07038062904030085,-0.047074154019355774
9650,28.0,832,0.8995554447174072,,0.14837994519621134,-0.047008976340293884
9651,28.0,990,1.1255874633789062,,0.19605465419590473,-0.038238801062107086
9652,26.0,829,0.9784450531005859,,0.10924866842105985,-0.052446573972702026
9653,28.0,1219,1.3321852684020996,,0.14332897821441293,-0.030605707317590714
9654,34.0,1235,1.4508450031280518,,0.11753361858427525,-0.05351822078227997
9655,33.0,1097,1.2252161502838135,,0.08101379219442606,-0.057192929089069366
9656,33.0,1293,1.397005319595337,,0.08708015456795692,-0.048607438802719116
9657,29.0,1120,1.3523054122924805,,0.10080292169004679,-0.04897018522024155
9658,26.0,867,0.918461799621582,,0.07904289057478309,-0.07509467005729675
9659,27.0,1151,1.3759198188781738,,0.16524612251669168,-0.028443798422813416
9660,37.0,1767,1.952930212020874,,0.12412046687677503,-0.06810752302408218
9661,33.0,1346,1.5686445236206055,,0.15418344642966986,-0.052054695785045624
9662,31.0,1176,1.3053030967712402,,0.11920755729079247,-0.04722902923822403
9663,22.0,786,0.940563440322876,,0.0674432828091085,-0.06228448078036308
9664,31.0,1145,1.2691738605499268,,0.11427148431539536,-0.03484560176730156
9665,30.0,1091,1.2158112525939941,,0.14883385691791773,-0.04582437872886658
9666,33.0,1170,1.3061175346374512,,0.0852057805750519,-0.056646473705768585
9667,59.0,2036,2.31762433052063,,0.1516217621974647,-0.05390588939189911
9668,31.0,1324,1.5380234718322754,,0.1402815547771752,-0.037385325878858566
9669,31.0,1070,1.1978652477264404,,0.11895295651629567,-0.04077634960412979
9670,19.0,617,0.6854033470153809,,0.1593648847192526,-0.04878487065434456
9671,18.0,775,0.9260172843933105,,0.17107030283659697,-0.025220952928066254
9672,29.0,887,0.9281454086303711,,0.17833290994167328,-0.022813767194747925
9673,26.0,1093,1.216841697692871,,0.09159704251214862,-0.06087769195437431
9674,29.0,1050,1.1750140190124512,,0.12130110803991556,-0.06822798401117325
9675,22.0,917,1.0614585876464844,,0.10362913785502315,-0.0802701860666275
9676,24.0,901,1.0440192222595215,,0.12108550639823079,-0.04284977912902832
9677,53.0,1865,2.1221063137054443,,0.07955857366323471,-0.0994480550289154
9678,16.0,626,0.6916429996490479,,0.3354283645749092,0.044266410171985626
9679,29.0,1256,1.3572664260864258,,0.19500885996967554,-0.009791046380996704
9680,25.0,903,1.0526163578033447,,0.10456741973757744,-0.06544362008571625
9681,23.0,820,0.9797492027282715,,0.17146883392706513,-0.029271483421325684
9682,30.0,1230,1.3561854362487793,,0.09642267739400268,-0.06374841928482056
9683,22.0,878,1.0205762386322021,,0.06471723155118525,-0.07883115857839584
9684,23.0,705,0.7659869194030762,,0.09537694230675697,-0.0800958126783371
9685,20.0,683,0.8405575752258301,,0.17462592385709286,-0.01684361696243286
9686,45.0,1685,1.8739795684814453,,0.24433858133852482,-0.018127597868442535
9687,23.0,626,0.698969841003418,,0.2727861423045397,-0.019657433032989502
9688,27.0,877,1.028740406036377,,0.10876290313899517,-0.0445140041410923
9689,27.0,1029,1.1754298210144043,,0.07721489341929555,-0.04707944020628929
9690,21.0,697,0.7620091438293457,,0.16389653272926807,-0.028271764516830444
9691,26.0,843,0.9906370639801025,,0.14119073515757918,-0.033865466713905334
9692,32.0,1126,1.2426073551177979,,0.09863598551601171,-0.05507994815707207
9693,32.0,1325,1.5363001823425293,,0.127352986484766,-0.050013914704322815
9694,28.0,969,1.0083098411560059,,0.10508229024708271,-0.09119853377342224
9695,30.0,955,1.089038610458374,,0.11660849582403898,-0.05351858586072922
9696,24.0,895,1.044766902923584,,0.09360234998166561,-0.06114308908581734
9697,28.0,823,0.9776077270507812,,0.17229177383705974,-0.015797287225723267
9698,29.0,1023,1.1634349822998047,,0.11036340985447168,-0.0457831472158432
9699,14.0,593,0.6684389114379883,,0.11254953453317285,-0.0884869322180748
9700,31.0,1281,1.4045064449310303,,0.23917192919179797,0.035468991845846176
9701,28.0,1175,1.403346300125122,,0.08395073213614523,-0.06996090710163116
9702,27.0,819,0.8770501613616943,,0.05982087226584554,-0.08991102129220963
9703,34.0,1403,1.5955438613891602,,0.0910883410833776,-0.06241021305322647
9704,36.0,1599,1.7869744300842285,,0.13877626089379191,-0.04588906094431877
9705,29.0,1369,1.5822529792785645,,0.12469361489638686,-0.04107550531625748
9706,27.0,857,0.9061448574066162,,0.09549835184589028,-0.0872538760304451
9707,70.0,2403,2.7042224407196045,,0.1862449012696743,-0.04231702536344528
9708,24.0,921,1.0688183307647705,,0.15005425363779068,-0.04590735584497452
9709,28.0,1035,1.178196668624878,,0.1576684550382197,-0.04502563923597336
9710,30.0,1036,1.163602590560913,,0.11465246882289648,-0.0634867325425148
9711,24.0,823,0.9768455028533936,,0.06176969944499433,-0.08292149007320404
9712,34.0,1460,1.5378849506378174,,0.10220945766195655,-0.06030891835689545
9713,31.0,1093,1.2846167087554932,,0.21349683683365583,0.0019000470638275146
9714,48.0,1740,1.8970417976379395,,0.10151117946952581,-0.09280841052532196
9715,18.0,805,0.9395854473114014,,0.3639518925920129,0.05850667506456375
9716,30.0,1334,1.4264001846313477,,0.08859301498159766,-0.07900625467300415
9717,33.0,1292,1.4807851314544678,,0.10811863746494055,-0.06566052883863449
9718,27.0,1031,1.1535732746124268,,0.11156522342935205,-0.05035662651062012
9719,31.0,1164,1.2838637828826904,,0.07963721989654005,-0.06378263235092163
9720,27.0,787,0.8397605419158936,,0.10042509669438004,-0.07657904177904129
9721,27.0,918,1.0577378273010254,,0.09827895136550069,-0.08547818660736084
9722,7.0,370,0.45526862144470215,,0.10784761281684041,-0.0566154308617115
9723,31.0,1055,1.1895129680633545,,0.13849124358966947,-0.02738584205508232
9724,26.0,821,0.981637716293335,,0.1343311914242804,-0.04935053735971451
9725,30.0,1055,1.1892330646514893,,0.12087205145508051,-0.0487353578209877
9726,18.0,720,0.785151481628418,,0.22194314561784267,-0.031105555593967438
9727,30.0,1204,1.3252155780792236,,0.30996066238731146,0.014295816421508789
9728,29.0,1111,1.3382782936096191,,0.12168135261163116,-0.042813096195459366
9729,37.0,1660,1.839148998260498,,0.09821154922246933,-0.07228338718414307
9730,26.0,891,1.0390899181365967,,0.1487242397852242,-0.026191577315330505
9731,32.0,1526,1.7092700004577637,,0.1071852557361126,-0.08090925961732864
9732,22.0,939,0.9896211624145508,,0.11873610876500607,-0.06790506094694138
9733,30.0,1065,1.3066270351409912,,0.12527569895610213,-0.04522351920604706
9734,31.0,1225,1.3489775657653809,,0.13727727252990007,-0.014574781060218811
9735,18.0,775,0.8340597152709961,,0.14860439952462912,-0.06744902580976486
9736,23.0,971,1.1104850769042969,,0.1286879200488329,-0.04518672823905945
9737,31.0,986,1.1189899444580078,,0.12890532752498984,-0.05442466586828232
9738,25.0,793,0.9486134052276611,,0.10267466120421886,-0.06726042926311493
9739,28.0,906,1.0531599521636963,,0.16314581269398332,-0.027578774839639664
9740,30.0,1195,1.3141107559204102,,0.06521743652410805,-0.0662727877497673
9741,30.0,1010,1.1501531600952148,,0.0832784513477236,-0.05891260504722595
9742,34.0,1148,1.275491714477539,,0.11038590082898736,-0.03503189980983734
9743,29.0,895,1.051952600479126,,0.0898593501187861,-0.07304347306489944
9744,10.0,489,0.5672645568847656,,0.10727252066135406,-0.06271384656429291
9745,45.0,1455,1.667994499206543,,0.15089057106524706,-0.05776812881231308
9746,31.0,1237,1.3432731628417969,,0.159625974483788,-0.02222498506307602
9747,41.0,1788,2.06009840965271,,0.0925597338937223,-0.1078578531742096
9748,21.0,786,0.8474092483520508,,0.2749701524153352,0.0031710639595985413
9749,33.0,1257,1.4617812633514404,,0.16457605874165893,-0.054912831634283066
9750,34.0,1142,1.252979040145874,,0.12506710225716233,-0.05897507071495056
9751,27.0,878,1.033912181854248,,0.07810470415279269,-0.06502147018909454
9752,34.0,1452,1.5491747856140137,,0.07970527745783329,-0.051835887134075165
9753,25.0,981,1.1255404949188232,,0.097804912365973,-0.0531979501247406
9754,27.0,917,1.0771069526672363,,0.1599335470236838,-0.046799320727586746
9755,19.0,765,0.9286127090454102,,0.10456367395818233,-0.057234883308410645
9756,32.0,1299,1.410348892211914,,0.11406251508742571,-0.05411885678768158
9757,27.0,1067,1.2064096927642822,,0.11686180252581835,-0.06387898325920105
9758,26.0,797,0.947913408279419,,0.2142106695100665,-0.002764485776424408
9759,26.0,906,1.0542972087860107,,0.09996987320482731,-0.054703377187252045
9760,31.0,1192,1.319627046585083,,0.1301411371678114,-0.039788804948329926
9761,31.0,1227,1.3452739715576172,,0.06404116889461875,-0.07355326414108276
9762,21.0,847,0.9984631538391113,,0.10052656196057796,-0.060085758566856384
9763,34.0,957,1.0997576713562012,,0.08493564324453473,-0.05470965802669525
9764,24.0,789,0.8539276123046875,,0.2820939850062132,0.0075678229331970215
9765,24.0,709,0.8717408180236816,,0.14266472216695547,-0.04261507838964462
9766,24.0,857,0.908552885055542,,0.07758451718837023,-0.08064921200275421
9767,13.0,521,0.5942716598510742,,0.13476881943643093,-0.025541961193084717
9768,25.0,868,1.0205495357513428,,0.15416730381548405,-0.028528504073619843
9769,33.0,1384,1.5868136882781982,,0.12501120381057262,-0.06433804333209991
9770,35.0,1022,1.141336441040039,,0.11479885363951325,-0.051096439361572266
9771,65.0,2265,2.5156614780426025,,0.19655988970771432,-0.06368041038513184
9772,32.0,1095,1.2210502624511719,,0.1200157767161727,-0.04612260311841965
9773,33.0,1069,1.200432300567627,,0.14501084852963686,-0.053019359707832336
9774,33.0,1106,1.315506935119629,,0.12066308176144958,-0.05487154424190521
9775,23.0,677,0.7432339191436768,,0.11668879352509975,-0.060068629682064056
9776,27.0,1051,1.1888298988342285,,0.15667448658496141,-0.01389053463935852
9777,33.0,1255,1.3686439990997314,,0.10400710022076964,-0.04648563638329506
9778,18.0,659,0.8295252323150635,,0.16070198826491833,-0.040878117084503174
9779,31.0,1111,1.2382006645202637,,0.2910606525838375,0.03181476518511772
9780,32.0,1075,1.2033932209014893,,0.11017526313662529,-0.042608581483364105
9781,25.0,1225,1.3441517353057861,,0.10271028894931078,-0.03696766868233681
9782,37.0,1465,1.6602084636688232,,0.1254862453788519,-0.044025104492902756
9783,25.0,921,1.057199239730835,,0.2490158211439848,0.014024466276168823
9784,33.0,1162,1.2766401767730713,,0.13354357797652483,-0.05240311473608017
9785,14.0,678,0.8421173095703125,,0.14312702137976885,-0.04857751727104187
9786,33.0,1381,1.4748830795288086,,0.12441614689305425,-0.05877181887626648
9787,62.0,2415,2.740192413330078,,0.22785550076514482,-0.02895013988018036
9788,33.0,1276,1.4862260818481445,,0.1926234383136034,-0.02643631398677826
9789,39.0,1502,1.6017258167266846,,0.15583667624741793,-0.03200201690196991
9790,32.0,1277,1.487576961517334,,0.1452204710803926,-0.0487612709403038
9791,16.0,560,0.6331295967102051,,0.10641143983229995,-0.08329464495182037
9792,33.0,1055,1.1834094524383545,,0.19254515878856182,-0.025801293551921844
9793,13.0,636,0.7064609527587891,,0.17679635901004076,-0.03469916433095932
9794,21.0,978,1.1270430088043213,,0.18603569362312555,-0.01600581407546997
9795,24.0,897,1.0392255783081055,,0.22652860451489687,-0.01923191547393799
9796,18.0,720,0.780297040939331,,0.18441401980817318,-0.047557637095451355
9797,31.0,1178,1.3947181701660156,,0.1362013011239469,-0.053411856293678284
9798,55.0,2125,2.365679979324341,,0.18210923252627254,-0.060032982379198074
9799,31.0,1098,1.2192564010620117,,0.30921632796525955,-0.009950384497642517
9800,30.0,1657,1.8302783966064453,,0.1640095580369234,-0.04098653793334961
9801,30.0,1082,1.2064673900604248,,0.047846207628026605,-0.06805308908224106
9802,29.0,1300,1.501096487045288,,0.1792596559971571,-0.05132375657558441
9803,33.0,1394,1.5882189273834229,,0.18482230696827173,-0.045499347150325775
9804,30.0,1281,1.3820288181304932,,0.08519535511732101,-0.07163591682910919
9805,32.0,1291,1.504408359527588,,0.19532811362296343,-0.006401807069778442
9806,30.0,1108,1.2437431812286377,,0.16615751152858138,-0.032479915767908096
9807,31.0,1010,1.1427147388458252,,0.08850256353616714,-0.05830388516187668
9808,32.0,1151,1.2639038562774658,,0.06515308539383113,-0.07293367385864258
9809,45.0,1683,1.872668743133545,,0.24665690027177334,-0.0012356936931610107
9810,28.0,945,1.0878374576568604,,0.3419632287696004,-0.01443568617105484
9811,30.0,1012,1.142488718032837,,0.1398821952752769,-0.03736463934183121
9812,32.0,1371,1.5800349712371826,,0.15536979213356972,-0.05521659553050995
9813,30.0,1065,1.191469430923462,,0.10577981965616345,-0.05662734806537628
9814,32.0,1231,1.348970890045166,,0.19179474655538797,-0.005684740841388702
9815,23.0,1138,1.3652088642120361,,0.14761211536824703,-0.051289573311805725
9816,17.0,626,0.6985359191894531,,0.11590126855298877,-0.07033494114875793
9817,20.0,928,1.0774340629577637,,0.13440848514437675,-0.04281161352992058
9818,14.0,647,0.7202293872833252,,0.149091558996588,-0.053007278591394424
9819,34.0,1162,1.2849643230438232,,0.18058496760204434,0.002347901463508606
9820,34.0,1158,1.2737553119659424,,0.12056764960289001,-0.05640432611107826
9821,20.0,846,1.00777006149292,,0.10252089938148856,-0.06400790065526962
9822,36.0,1233,1.353760004043579,,0.2046293206512928,-0.020083561539649963
9823,27.0,1103,1.3359308242797852,,0.14111458091065288,-0.042127951979637146
9824,19.0,783,0.8402299880981445,,0.1414734087884426,-0.07056067883968353
9825,29.0,1103,1.2501003742218018,,0.1283318931236863,-0.05606516823172569
9826,30.0,1177,1.3991179466247559,,0.1558092194609344,-0.055569034069776535
9827,31.0,1262,1.3689587116241455,,0.10419878084212542,-0.03670327737927437
9828,31.0,1334,1.5254876613616943,,0.22413174249231815,-0.03477808088064194
9829,31.0,1053,1.1772174835205078,,0.11656162468716502,-0.057514823973178864
9830,31.0,1149,1.2690181732177734,,0.07046411465853453,-0.08232520520687103
9831,12.0,741,0.8040196895599365,,0.2744806930422783,0.016781575977802277
9832,32.0,1429,1.6194067001342773,,0.1536270910874009,-0.028902828693389893
9833,31.0,1211,1.421142816543579,,0.14145462168380618,-0.04591396823525429
9834,16.0,821,0.8787720203399658,,0.1334382500499487,-0.07267700880765915
9835,10.0,710,0.8648362159729004,,0.17706013657152653,-0.016504257917404175
9836,20.0,737,0.7940006256103516,,0.2566859321668744,0.018047407269477844
9837,30.0,1294,1.4083595275878906,,0.1902340347878635,-0.013795487582683563
9838,23.0,995,1.1303365230560303,,0.11991945374757051,-0.08746525645256042
9839,27.0,1337,1.528289556503296,,0.1786144133657217,-0.03444039821624756
9840,23.0,884,1.0244066715240479,,0.06298409169539809,-0.09885834157466888
9841,16.0,661,0.7260119915008545,,0.2287971070036292,-0.0243370458483696
9842,21.0,966,1.1057980060577393,,0.12625424517318606,-0.059487372636795044
9843,30.0,1247,1.3527157306671143,,0.09680222906172276,-0.06998787820339203
9844,19.0,873,1.0226922035217285,,0.072525714058429,-0.08321276307106018
9845,12.0,541,0.6131455898284912,,0.13977971114218235,-0.04264982044696808
9846,30.0,1162,1.279811143875122,,0.14289505034685135,-0.03908777981996536
9847,29.0,1072,1.2007777690887451,,0.09499771753326058,-0.0854097232222557
9848,30.0,1138,1.3468401432037354,,0.16893892083317041,-0.03421741724014282
9849,23.0,751,0.8052260875701904,,0.11299516260623932,-0.07501322031021118
9850,30.0,1343,1.533050537109375,,0.13173167780041695,-0.07577784359455109
9851,25.0,938,1.071479082107544,,0.0744124841876328,-0.0639638602733612
9852,29.0,1139,1.2627317905426025,,0.1612718915566802,-0.0443081334233284
9853,22.0,780,0.8409924507141113,,0.12639123667031527,-0.05479366332292557
9854,20.0,805,0.9726526737213135,,0.139369563665241,-0.040379248559474945
9855,22.0,781,0.8471307754516602,,0.12830438604578376,-0.039828717708587646
9856,31.0,1029,1.1617622375488281,,0.15116422763094306,-0.04571928828954697
9857,23.0,1017,1.158555269241333,,0.16959304921329021,-0.05635493993759155
9858,27.0,986,1.125070571899414,,0.14073713263496757,-0.06565828621387482
9859,31.0,1288,1.5028464794158936,,0.12393026938661933,-0.04132154583930969
9860,34.0,1233,1.3463852405548096,,0.11044457973912358,-0.06444229185581207
9861,22.0,886,1.0305538177490234,,0.0844572982750833,-0.06542953848838806
9862,23.0,1027,1.16131591796875,,0.13778337324038148,-0.048594046384096146
9863,33.0,1332,1.5187387466430664,,0.17733696289360523,-0.04401233792304993
9864,21.0,853,0.8950560092926025,,0.1028509447351098,-0.0909532830119133
9865,25.0,1080,1.207881212234497,,0.23335749004036188,-0.009652987122535706
9866,32.0,1476,1.6568603515625,,0.09607260534539819,-0.059737302362918854
9867,32.0,1199,1.4154775142669678,,0.09308236045762897,-0.07211968302726746
9868,20.0,789,0.8513505458831787,,0.19312348309904337,-0.048701003193855286
9869,21.0,718,0.8802299499511719,,0.11935164779424667,-0.06086558848619461
9870,27.0,1043,1.1747281551361084,,0.10352653916925192,-0.0651669055223465
9871,29.0,987,1.1155266761779785,,0.12465258175507188,-0.04308837652206421
9872,28.0,1019,1.1582818031311035,,0.1647577597759664,-0.04435683786869049
9873,37.0,1323,1.4336304664611816,,0.11898310063406825,-0.041970521211624146
9874,34.0,1249,1.4524428844451904,,0.13907471299171448,-0.04943564161658287
9875,34.0,1321,1.4184601306915283,,0.11027898639440536,-0.058499209582805634
9876,16.0,851,1.001420259475708,,0.0770992236211896,-0.06248052418231964
9877,33.0,1367,1.5650243759155273,,0.12208634102717042,-0.07772868126630783
9878,24.0,1046,1.1790039539337158,,0.12768323626369238,-0.057430822402238846
9879,27.0,957,0.9956855773925781,,0.14803003519773483,-0.06486779451370239
9880,21.0,743,0.8990805149078369,,0.1789206089451909,-0.04047106206417084
9881,15.0,457,0.5380902290344238,,0.19399104081094265,-0.02924240380525589
9882,32.0,1275,1.3941075801849365,,0.09546253504231572,-0.058387722820043564
9883,29.0,1071,1.2142879962921143,,0.07789485179819167,-0.0652095377445221
9884,33.0,1274,1.489687204360962,,0.10804870445281267,-0.07735566794872284
9885,25.0,805,0.8577485084533691,,0.11088742315769196,-0.08347460627555847
9886,29.0,881,1.0284423828125,,0.10291154263541102,-0.0609632283449173
9887,29.0,1055,1.193995714187622,,0.09881398919969797,-0.07343032211065292
9888,27.0,862,1.0069169998168945,,0.10751643311232328,-0.07375630736351013
9889,29.0,1105,1.2431747913360596,,0.1917797178030014,-0.023423269391059875
9890,28.0,1073,1.2019596099853516,,0.09104587556794286,-0.07312141358852386
9891,32.0,1094,1.2241392135620117,,0.06659269635565579,-0.06628856062889099
9892,32.0,1371,1.5762689113616943,,0.10070452094078064,-0.09564502537250519
9893,26.0,991,1.1236255168914795,,0.06897488096728921,-0.060826241970062256
9894,29.0,1308,1.4146592617034912,,0.10091627202928066,-0.057998619973659515
9895,30.0,1329,1.536529541015625,,0.12663915753364563,-0.06278693675994873
9896,31.0,1203,1.316213846206665,,0.09610110986977816,-0.06200214847922325
9897,13.0,501,0.5814244747161865,,0.17575711850076914,-0.042486369609832764
9898,22.0,933,1.0803298950195312,,0.29827061481773853,0.06373658776283264
9899,34.0,1249,1.4570229053497314,,0.16416875179857016,-0.040596529841423035
9900,32.0,1171,1.2986350059509277,,0.07771178800612688,-0.06782887876033783
9901,27.0,950,1.096994161605835,,0.09143423778004944,-0.05816418677568436
9902,33.0,1457,1.6538662910461426,,0.13410187093541026,-0.09032336622476578
9903,23.0,1042,1.1791133880615234,,0.08978850347921252,-0.05507318675518036
9904,27.0,863,0.912010669708252,,0.12545055616647005,-0.07649955153465271
9905,26.0,785,0.9358546733856201,,0.23484816402196884,-0.006764337420463562
9906,22.0,761,0.8271560668945312,,0.11389051703736186,-0.07598704099655151
9907,22.0,643,0.8137702941894531,,0.1687464020214975,-0.04783439263701439
9908,28.0,946,0.9954671859741211,,0.0935099427588284,-0.06535807996988297
9909,20.0,713,0.8712301254272461,,0.08322206512093544,-0.08250013738870621
9910,33.0,1208,1.3218741416931152,,0.12028092565014958,-0.05249548703432083
9911,26.0,1035,1.1788406372070312,,0.10617386689409614,-0.05778110772371292
9912,33.0,1291,1.5076100826263428,,0.13275047205388546,-0.06777377426624298
9913,31.0,1203,1.3238804340362549,,0.12842590641230345,-0.03970680758357048
9914,36.0,1575,1.7672429084777832,,0.2794417841359973,0.028601929545402527
9915,28.0,1146,1.26841139793396,,0.3305717334151268,0.03988974541425705
9916,24.0,815,0.9639718532562256,,0.09920309064909816,-0.07182599604129791
9917,24.0,954,1.1034018993377686,,0.10951699083670974,-0.05023922026157379
9918,21.0,823,0.8850259780883789,,0.16407030075788498,-0.0809064731001854
9919,27.0,969,1.1198253631591797,,0.15719325188547373,-0.04163529723882675
9920,33.0,1222,1.4347949028015137,,0.102209881413728,-0.06134570389986038
9921,26.0,793,0.8479552268981934,,0.273677472025156,-0.0358157604932785
9922,31.0,1205,1.4062185287475586,,0.070756945759058,-0.07812286168336868
9923,30.0,1378,1.4707589149475098,,0.07509706262499094,-0.04717308282852173
9924,27.0,1041,1.1725437641143799,,0.11545937648043036,-0.053840428590774536
9925,48.0,1859,2.1217703819274902,,0.109458789229393,-0.07137781381607056
9926,32.0,1110,1.2274343967437744,,0.22947011422365904,-0.010157309472560883
9927,29.0,1251,1.4595258235931396,,0.13341183681041002,-0.041407689452171326
9928,25.0,887,0.931586503982544,,0.15654560551047325,-0.0598502978682518
9929,27.0,954,1.084859848022461,,0.12410166254267097,-0.04775096848607063
9930,23.0,816,0.9644129276275635,,0.07933126832358539,-0.09122379124164581
9931,32.0,1661,1.826838731765747,,0.11055770935490727,-0.06533244252204895
9932,23.0,866,1.0071778297424316,,0.0548968012444675,-0.07525543123483658
9933,22.0,847,0.90116286277771,,0.1041668988764286,-0.07999744266271591
9934,10.0,497,0.5735306739807129,,0.10149026568979025,-0.04817390441894531
9935,39.0,1445,1.6565594673156738,,0.11620475957170129,-0.06098523736000061
9936,32.0,1279,1.5040829181671143,,0.14402380073443055,-0.06104458123445511
9937,16.0,691,0.757500171661377,,0.08954392978921533,-0.08788800984621048
9938,18.0,761,0.922029972076416,,0.30444584507495165,0.03745023161172867
9939,33.0,1337,1.4479286670684814,,0.09039315860718489,-0.05006080120801926
9940,33.0,1156,1.2792041301727295,,0.17451926041394472,-0.011386126279830933
9941,33.0,1356,1.5607185363769531,,0.10669593093916774,-0.06571086496114731
9942,21.0,783,0.9326939582824707,,0.049080765107646585,-0.060532696545124054
9943,23.0,912,0.9647026062011719,,0.1555709494277835,-0.06543800979852676
9944,24.0,855,1.0009186267852783,,0.17397600132972002,-0.0267380028963089
9945,26.0,800,0.9525022506713867,,0.11124614207074046,-0.04575376957654953
9946,26.0,726,0.7859072685241699,,0.12841749051585793,-0.055723972618579865
9947,25.0,1060,1.1989901065826416,,0.1374403079971671,-0.04134352132678032
9948,19.0,867,1.012632131576538,,0.11945852916687727,-0.0718143880367279
9949,25.0,905,1.0499215126037598,,0.10559308156371117,-0.06358060240745544
9950,8.0,562,0.6386857032775879,,0.08388375351205468,-0.08603504300117493
9951,31.0,1254,1.366957426071167,,0.13837027084082365,-0.037553369998931885
9952,20.0,638,0.7028214931488037,,0.10148563515394926,-0.07985351234674454
9953,34.0,1336,1.539571762084961,,0.074953424744308,-0.06450874358415604
9954,31.0,1197,1.3172686100006104,,0.1683007786050439,-0.028038322925567627
9955,28.0,1015,1.1492507457733154,,0.11544905276969075,-0.06507167965173721
9956,30.0,1211,1.4221093654632568,,0.11412437632679939,-0.06034320592880249
9957,30.0,1438,1.5372869968414307,,0.07801595982164145,-0.05001227557659149
9958,31.0,1131,1.3414537906646729,,0.11953519657254219,-0.048262909054756165
9959,29.0,1150,1.2828519344329834,,0.09800687804818153,-0.0436941534280777
9960,26.0,943,1.094362497329712,,0.08062691008672118,-0.04632154479622841
9961,22.0,711,0.774259090423584,,0.19099632650613785,-0.027388133108615875
9962,27.0,957,1.0978424549102783,,0.11165897408500314,-0.06991910934448242
9963,22.0,889,1.0503685474395752,,0.0651370205450803,-0.06333506107330322
9964,22.0,794,0.8530318737030029,,0.16712808143347502,-0.03202132135629654
9965,29.0,1043,1.1757292747497559,,0.1363537274301052,-0.04519668221473694
9966,17.0,718,0.8819434642791748,,0.16776561737060547,-0.01878562569618225
9967,29.0,913,0.955284595489502,,0.1798491165973246,-0.03443143516778946
9968,31.0,1292,1.497185468673706,,0.07047520019114017,-0.06850732862949371
9969,32.0,1183,1.2936358451843262,,0.08701067697256804,-0.06066840514540672
9970,32.0,1390,1.5783801078796387,,0.0977736976929009,-0.07851004600524902
9971,38.0,1576,1.7520978450775146,,0.09944661660119891,-0.06959307193756104
9972,48.0,1887,2.141254186630249,,0.10628575040027499,-0.07258361577987671
9973,29.0,1049,1.1697168350219727,,0.1574742547236383,-0.016687661409378052
9974,22.0,776,0.8306996822357178,,0.1250457689166069,-0.06886688619852066
9975,25.0,993,1.1227588653564453,,0.16285650432109833,-0.03652039170265198
9976,25.0,981,1.1143622398376465,,0.12513305712491274,-0.04695967212319374
9977,23.0,756,0.9215819835662842,,0.14272906119003892,-0.05068262293934822
9978,27.0,978,1.121018409729004,,0.08999042259529233,-0.06510499119758606
9979,35.0,1502,1.6907048225402832,,0.16311758942902088,-0.06855285167694092
9980,33.0,1154,1.2907118797302246,,0.0794830759987235,-0.05958522856235504
9981,16.0,728,0.7895164489746094,,0.15039559034630656,-0.06683973968029022
9982,33.0,1360,1.5375549793243408,,0.13116426160559058,-0.060646314173936844
9983,22.0,868,1.0037510395050049,,0.057236456079408526,-0.045728132128715515
9984,30.0,1200,1.3017230033874512,,0.10007427679374814,-0.03810335695743561
9985,32.0,1092,1.2064640522003174,,0.12311870837584138,-0.03991781920194626
9986,30.0,1022,1.1556916236877441,,0.09029680723324418,-0.06910869479179382
9987,28.0,873,1.0227138996124268,,0.07740016607567668,-0.0663105845451355
9988,23.0,841,0.8911700248718262,,0.13795841997489333,-0.04881678521633148
9989,31.0,1207,1.4212646484375,,0.0916741625405848,-0.06888119131326675
9990,16.0,651,0.7231416702270508,,0.1038932278752327,-0.0876774936914444
9991,30.0,1095,1.2225315570831299,,0.17387465294450521,-0.024120893329381943
9992,33.0,1330,1.5243098735809326,,0.1160798380151391,-0.06293468922376633
9993,21.0,1098,1.2419207096099854,,0.12863041833043098,-0.04523417353630066
9994,24.0,1085,1.2232074737548828,,0.1029375889338553,-0.0644044429063797
9995,28.0,1033,1.1665418148040771,,0.08230278035625815,-0.0676097571849823
9996,30.0,1137,1.2653872966766357,,0.10124103678390384,-0.06601317226886749
9997,24.0,890,1.041590929031372,,0.09907740680500865,-0.06991823762655258
9998,34.0,902,1.0401523113250732,,0.16500604012981057,-0.03232339397072792
9999,26.0,1001,1.1377756595611572,,0.11925232131034136,-0.04434824734926224
10000,33.0,1237,1.3504886627197266,,0.08286902937106788,-0.06703672558069229
10001,26.0,839,0.9853754043579102,,0.08623220352455974,-0.06335556507110596
10002,33.0,1501,1.6881916522979736,,0.1368696317076683,-0.08615168929100037
10003,20.0,783,0.834871768951416,,0.11871182080358267,-0.07979197800159454
10004,35.0,1266,1.464838981628418,,0.1502302191220224,-0.0800519585609436
10005,29.0,967,1.1122100353240967,,0.10234974138438702,-0.04388120025396347
10006,18.0,819,0.8858611583709717,,0.11658300133422017,-0.08682464063167572
10007,33.0,1265,1.48466157913208,,0.07143541215918958,-0.09460043162107468
10008,24.0,769,0.8277931213378906,,0.0907859040889889,-0.09459460526704788
10009,26.0,898,1.045557975769043,,0.20416816137731075,-0.01399947702884674
10010,25.0,1041,1.1770615577697754,,0.09263697965070605,-0.06412443518638611
10011,25.0,927,1.069016456604004,,0.07021285081282258,-0.08164262771606445
10012,29.0,1148,1.2758557796478271,,0.08490653149783611,-0.061172932386398315
10013,22.0,841,0.9925310611724854,,0.1675782515667379,-0.046109799295663834
10014,15.0,636,0.7046315670013428,,0.09471676382236183,-0.07357271015644073
10015,34.0,1206,1.3155605792999268,,0.1400763001292944,-0.03259087726473808
10016,23.0,771,0.9235501289367676,,0.09299009712412953,-0.06179734691977501
10017,22.0,786,0.8432824611663818,,0.1524133114144206,-0.05361776426434517
10018,52.0,1853,2.130781650543213,,0.2703043585643172,-0.020718678832054138
10019,19.0,802,0.8638429641723633,,0.2264084303751588,-0.009491190314292908
10020,31.0,1471,1.6547777652740479,,0.10790135664865375,-0.06624498963356018
10021,33.0,1459,1.6356384754180908,,0.11294153984636068,-0.08164414763450623
10022,27.0,1001,1.145237922668457,,0.0815106350928545,-0.06219279393553734
10023,29.0,1073,1.2115225791931152,,0.13351875310763717,-0.05550336092710495
10024,28.0,938,1.0864837169647217,,0.0785399698652327,-0.08663885295391083
10025,28.0,981,1.117168664932251,,0.1230579107068479,-0.05904293805360794
10026,16.0,560,0.6366503238677979,,0.1527682989835739,-0.028269261121749878
10027,31.0,1473,1.6772491931915283,,0.1784031530842185,-0.026719287037849426
10028,31.0,1179,1.3050010204315186,,0.05997281591407955,-0.070737324655056
10029,27.0,995,1.13327956199646,,0.0903770481236279,-0.052962467074394226
10030,32.0,1318,1.5178418159484863,,0.15000133495777845,-0.04485776275396347
10031,29.0,1267,1.3867473602294922,,0.05038959113880992,-0.061316829174757004
10032,25.0,836,0.9917597770690918,,0.09048435324802995,-0.06602366268634796
10033,26.0,790,0.8447589874267578,,0.10900387726724148,-0.06597921997308731
10034,33.0,1286,1.4941983222961426,,0.10533270006999373,-0.05899878591299057
10035,25.0,876,1.0162088871002197,,0.04962919931858778,-0.08127030730247498
10036,21.0,927,0.9721605777740479,,0.1653220015577972,-0.05962885916233063
10037,32.0,1221,1.4251446723937988,,0.11704820394515991,-0.04635635018348694
10038,31.0,1169,1.2860052585601807,,0.04116116254590452,-0.06965307891368866
10039,31.0,1068,1.1866531372070312,,0.07251481572166085,-0.09306676685810089
10040,23.0,830,0.9752786159515381,,0.08510853629559278,-0.07939484715461731
10041,27.0,1278,1.3863823413848877,,0.15855572605505586,-0.03782660514116287
10042,28.0,909,1.0429251194000244,,0.07575970236212015,-0.06756523996591568
10043,23.0,836,0.9805283546447754,,0.10372978774830699,-0.043131254613399506
10044,14.0,577,0.6451578140258789,,0.10969461733475327,-0.05934992432594299
10045,30.0,1397,1.5983877182006836,,0.07673957431688905,-0.08215923607349396
10046,23.0,842,0.894019365310669,,0.04962233570404351,-0.09909704327583313
10047,33.0,1355,1.5633444786071777,,0.07790647074580193,-0.06030094251036644
10048,30.0,1233,1.3421461582183838,,0.09877542406320572,-0.051230333745479584
10049,28.0,975,1.1011648178100586,,0.07147877104580402,-0.08517669141292572
10050,33.0,1383,1.5830020904541016,,0.09750380227342248,-0.06686857342720032
10051,33.0,1314,1.4284911155700684,,0.06057071848772466,-0.0765882357954979
10052,25.0,812,0.971268892288208,,0.08615391235798597,-0.09245726466178894
10053,25.0,937,1.0819199085235596,,0.0996952336281538,-0.04893961548805237
10054,31.0,1269,1.3826425075531006,,0.08089255937375128,-0.07225844264030457
10055,31.0,1035,1.163489580154419,,0.07276329514570534,-0.09067576378583908
10056,31.0,1176,1.3954370021820068,,0.1338716484606266,-0.015926402062177658
10057,24.0,917,0.96923828125,,0.10206107934936881,-0.06732044368982315
10058,25.0,770,0.9274797439575195,,0.11166851921007037,-0.07885332405567169
10059,23.0,937,1.0877115726470947,,0.11875128652900457,-0.06693992018699646
10060,17.0,557,0.6309113502502441,,0.1318056359887123,-0.06661856174468994
10061,29.0,932,1.0781443119049072,,0.21774929761886597,0.01469491422176361
10062,25.0,836,0.8914589881896973,,0.14661062182858586,-0.0623292438685894
10063,29.0,1095,1.2242286205291748,,0.11879423540085554,-0.05600826069712639
10064,24.0,856,1.0062248706817627,,0.08149047801271081,-0.095103919506073
10065,23.0,852,1.0078949928283691,,0.08756675804033875,-0.06894491612911224
10066,27.0,1063,1.1944971084594727,,0.06366797117516398,-0.05949835479259491
10067,33.0,1414,1.604759693145752,,0.12715138867497444,-0.07014165818691254
10068,22.0,837,0.8982508182525635,,0.0562728107906878,-0.10967838019132614
10069,31.0,1042,1.1865251064300537,,0.17608046811074018,-0.038159847259521484
10070,30.0,1408,1.5990016460418701,,0.11501332791522145,-0.04900985583662987
10071,19.0,734,0.8893518447875977,,0.043854666175320745,-0.059266768395900726
10072,30.0,1266,1.3734996318817139,,0.10213058721274137,-0.06924989819526672
10073,30.0,1312,1.5126583576202393,,0.11041269265115261,-0.06327925622463226
10074,31.0,1203,1.3173344135284424,,0.13858842570334673,-0.043055564165115356
10075,33.0,1185,1.2884821891784668,,0.054948951583355665,-0.08786343783140182
10076,31.0,1239,1.4387621879577637,,0.10667948657646775,-0.043418608605861664
10077,33.0,1338,1.4316868782043457,,0.1512217428535223,-0.05160966143012047
10078,18.0,581,0.6513092517852783,,0.096659439150244,-0.09141591191291809
10079,30.0,1260,1.4533462524414062,,0.09829807141795754,-0.058043524622917175
10080,31.0,1247,1.3375904560089111,,0.06847385643050075,-0.07090779393911362
10081,30.0,1041,1.1577415466308594,,0.08260795194655657,-0.06064034625887871
10082,30.0,999,1.1170554161071777,,0.09800121746957302,-0.07145083695650101
10083,30.0,1357,1.5371463298797607,,0.18934830464422703,-0.020125769078731537
10084,27.0,933,1.062654733657837,,0.09822493093088269,-0.05088399723172188
10085,22.0,774,0.8219459056854248,,0.10848411032930017,-0.08180978894233704
10086,26.0,711,0.8567941188812256,,0.19716709852218628,-0.026239141821861267
10087,17.0,733,0.7838122844696045,,0.17378909513354301,-0.06060115247964859
10088,21.0,741,0.8857302665710449,,0.24072177056223154,0.006458021700382233
10089,36.0,1231,1.321742057800293,,0.08895702101290226,-0.06328388303518295
10090,28.0,1057,1.16868257522583,,0.11165995197370648,-0.04705502837896347
10091,27.0,781,0.9202814102172852,,0.12600602628663182,-0.039228156208992004
10092,34.0,1262,1.3570208549499512,,0.11768894037231803,-0.057620272040367126
10093,17.0,737,0.7896730899810791,,0.14258126029744744,-0.055281005799770355
10094,21.0,872,1.004075527191162,,0.18876984203234315,-0.010239861905574799
10095,26.0,963,1.097597599029541,,0.12820926308631897,-0.06467843055725098
10096,25.0,715,0.7681477069854736,,0.11744873411953449,-0.06345908343791962
10097,30.0,1083,1.2869646549224854,,0.10216081654652953,-0.059188418090343475
10098,31.0,1331,1.4178886413574219,,0.09259256208315492,-0.042543262243270874
10099,24.0,902,1.0327069759368896,,0.055465260753408074,-0.06273700296878815
10100,23.0,769,0.8206648826599121,,0.12008856516331434,-0.06453382223844528
10101,16.0,677,0.8189404010772705,,0.15169711643829942,-0.036773309111595154
10102,25.0,799,0.8401718139648438,,0.10060730762779713,-0.041210856288671494
10103,21.0,703,0.8444900512695312,,0.12617302685976028,-0.033386457711458206
10104,48.0,1847,2.0026893615722656,,0.10913775535300374,-0.07969297468662262
10105,22.0,831,0.9744410514831543,,0.274741998873651,-0.01483413577079773
10106,20.0,685,0.7427377700805664,,0.16437512822449207,-0.04834781587123871
10107,24.0,705,0.8530957698822021,,0.15269005438312888,-0.0386747308075428
10108,13.0,681,0.7401080131530762,,0.07464583544060588,-0.06867711246013641
10109,28.0,1021,1.146270751953125,,0.1324200415983796,-0.04922981187701225
10110,31.0,1193,1.2980051040649414,,0.08414414571598172,-0.06712682545185089
10111,59.0,2025,2.278067111968994,,0.247808076441288,0.020966455340385437
10112,22.0,781,0.9247090816497803,,0.2296746214851737,-0.01598867028951645
10113,14.0,551,0.6194572448730469,,0.1500230203382671,-0.05730297416448593
10114,19.0,925,1.0642445087432861,,0.21103223506361246,-0.01633547991514206
10115,29.0,1220,1.3303158283233643,,0.13044814066961408,-0.02942425012588501
10116,30.0,1151,1.2635159492492676,,0.06285289814695716,-0.07236292958259583
10117,29.0,1308,1.5103740692138672,,0.09083749167621136,-0.05913034826517105
10118,21.0,913,1.049128770828247,,0.10135778551921248,-0.0503990463912487
10119,27.0,978,1.004366397857666,,0.16755890473723412,-0.05781733989715576
10120,30.0,1102,1.3060052394866943,,0.09292439185082912,-0.07145847380161285
10121,34.0,1359,1.4556798934936523,,0.0774829969741404,-0.06420744955539703
10122,43.0,1686,1.9640986919403076,,0.2200856264680624,-0.03356903791427612
10123,33.0,1266,1.3672165870666504,,0.14474625186994672,-0.03653060644865036
10124,27.0,1496,1.6723816394805908,,0.13886721013113856,-0.04369502514600754
10125,26.0,858,1.0014755725860596,,0.06231739604845643,-0.0670381411910057
10126,33.0,1365,1.4686453342437744,,0.11884851939976215,-0.041227757930755615
10127,23.0,793,0.955087423324585,,0.09097927948459983,-0.06859705597162247
10128,30.0,1131,1.263249397277832,,0.08708784449845552,-0.0629376471042633
10129,41.0,1502,1.7103474140167236,,0.12212602002546191,-0.051639631390571594
10130,30.0,1280,1.406449317932129,,0.37103698030114174,0.04998696595430374
10131,21.0,842,0.9946517944335938,,0.09310054965317249,-0.09643800556659698
10132,9.0,379,0.4591484069824219,,0.11204854911193252,-0.05087551474571228
10133,33.0,1349,1.5421459674835205,,0.15342495031654835,-0.0709812194108963
10134,22.0,781,0.8395886421203613,,0.06090342649258673,-0.10029804706573486
10135,28.0,1136,1.25577974319458,,0.15997251449152827,-0.0545988567173481
10136,27.0,924,1.0704066753387451,,0.08915095590054989,-0.06525744497776031
10137,19.0,630,0.6979084014892578,,0.12381543358787894,-0.05900704860687256
10138,22.0,771,0.930687427520752,,0.16871857643127441,-0.028294116258621216
10139,44.0,1721,1.9114234447479248,,0.12817747704684734,-0.05926655977964401
10140,31.0,1010,1.147489309310913,,0.26457586511969566,0.004068464040756226
10141,34.0,1445,1.639986515045166,,0.09589461423456669,-0.0706050843000412
10142,18.0,647,0.7133960723876953,,0.08832449419423938,-0.08033120632171631
10143,26.0,1031,1.1699965000152588,,0.19960015546530485,-0.006295904517173767
10144,33.0,1087,1.2197096347808838,,0.09438806725665927,-0.08871111273765564
10145,24.0,756,0.913470983505249,,0.12514821533113718,-0.06857645511627197
10146,33.0,1578,1.7492902278900146,,0.1442051692865789,-0.056320492178201675
10147,50.0,1741,1.9317612648010254,,0.09379253047518432,-0.08306419849395752
10148,22.0,809,0.9659688472747803,,0.18291913252323866,-0.0608774870634079
10149,33.0,1169,1.2926650047302246,,0.08549699932336807,-0.06569495797157288
10150,34.0,1485,1.6928293704986572,,0.16265207109972835,-0.025528930127620697
10151,25.0,701,0.761878252029419,,0.15217803558334708,-0.06794813275337219
10152,33.0,1262,1.4675798416137695,,0.06108923116698861,-0.07189817726612091
10153,30.0,1170,1.2830085754394531,,0.0612389191519469,-0.05978531390428543
10154,32.0,1055,1.1840183734893799,,0.07045461470261216,-0.06422208994626999
10155,29.0,1139,1.2652533054351807,,0.10117574967443943,-0.06361211836338043
10156,26.0,797,0.9482419490814209,,0.0872256769798696,-0.08785562217235565
10157,32.0,1043,1.174255609512329,,0.09383466700091958,-0.06849300116300583
10158,34.0,1023,1.160524845123291,,0.11758819688111544,-0.04869072511792183
10159,22.0,948,1.0901055335998535,,0.09838549746200442,-0.06898108124732971
10160,23.0,705,0.7646832466125488,,0.11434152349829674,-0.07190541923046112
10161,53.0,1939,2.210066080093384,,0.1267604441381991,-0.06913003325462341
10162,22.0,1067,1.2026424407958984,,0.2080841939896345,-0.04100506752729416
10163,24.0,895,1.051649570465088,,0.12747715692967176,-0.06495076417922974
10164,35.0,1556,1.7417981624603271,,0.11655410705134273,-0.06777416914701462
10165,20.0,853,1.0068035125732422,,0.057933502132073045,-0.07920563220977783
10166,29.0,1011,1.1396276950836182,,0.10054765595123172,-0.06266608834266663
10167,29.0,1215,1.335632085800171,,0.07912000198848546,-0.058619726449251175
10168,32.0,1312,1.5351362228393555,,0.17943794932216406,-0.051566220819950104
10169,24.0,907,0.9662189483642578,,0.06319539668038487,-0.10726922005414963
10170,24.0,1001,1.1376867294311523,,0.09403224568814039,-0.06492534279823303
10171,31.0,1315,1.5242233276367188,,0.2296221712604165,-0.029588483273983
10172,22.0,737,0.7967703342437744,,0.08416047831997275,-0.08003340661525726
10173,28.0,1201,1.4207937717437744,,0.12146218260750175,-0.05895435810089111
10174,28.0,733,0.7900221347808838,,0.08023645216599107,-0.09383867681026459
10175,34.0,1411,1.611203908920288,,0.18591531086713076,-0.02865184098482132
10176,23.0,829,0.8805618286132812,,0.07915553590282798,-0.09071974456310272
10177,27.0,961,1.0931942462921143,,0.1423030192963779,-0.04176787659525871
10178,19.0,671,0.8395347595214844,,0.10946033429354429,-0.06955225765705109
10179,26.0,914,0.971792459487915,,0.1281998185440898,-0.0487842857837677
10180,24.0,749,0.9097111225128174,,0.11825541872531176,-0.04982781782746315
10181,15.0,617,0.687889575958252,,0.22098213341087103,-0.015836022794246674
10182,28.0,1087,1.2114949226379395,,0.1473391498439014,-0.034651488065719604
10183,31.0,1546,1.731989860534668,,0.08747104881331325,-0.07591044902801514
10184,22.0,789,0.9398002624511719,,0.046592207392677665,-0.08517120033502579
10185,16.0,511,0.5889074802398682,,0.07287988904863596,-0.08709319680929184
10186,30.0,1213,1.3414218425750732,,0.09644918236881495,-0.05717272311449051
10187,30.0,1075,1.2025251388549805,,0.12857748242095113,-0.04502196982502937
10188,29.0,1119,1.2496256828308105,,0.11241473257541656,-0.07632441818714142
10189,23.0,908,1.0649337768554688,,0.08673823531717062,-0.08901679515838623
10190,24.0,845,0.9963805675506592,,0.08484875340946019,-0.0738343819975853
10191,27.0,1058,1.1892454624176025,,0.09162737871520221,-0.07404768466949463
10192,27.0,1008,1.1434500217437744,,0.13397607067599893,-0.030940156430006027
10193,32.0,945,1.0837843418121338,,0.07793100690469146,-0.07360655814409256
10194,33.0,1118,1.2531919479370117,,0.06230541877448559,-0.0600779689848423
10195,23.0,849,1.0033366680145264,,0.0634795289952308,-0.06873984634876251
10196,13.0,550,0.6295781135559082,,0.15505061484873295,-0.053410060703754425
10197,22.0,788,0.8470597267150879,,0.12160297436639667,-0.044812239706516266
10198,27.0,872,1.0275614261627197,,0.09124148078262806,-0.08697789162397385
10199,27.0,797,0.8602902889251709,,0.1770533062517643,-0.0360790491104126
10200,26.0,1034,1.1757678985595703,,0.18383127823472023,-0.034109048545360565
10201,30.0,1115,1.3450980186462402,,0.07643511891365051,-0.06345421075820923
10202,31.0,1131,1.247389554977417,,0.07591132214292884,-0.05465956777334213
10203,24.0,847,0.8923635482788086,,0.14292637119069695,-0.048843901604413986
10204,12.0,613,0.7799637317657471,,0.2514737443998456,-0.034034378826618195
10205,43.0,1575,1.769792079925537,,0.11362788313999772,-0.07125698775053024
10206,33.0,1331,1.4338057041168213,,0.11419416079297662,-0.02806941792368889
10207,25.0,879,1.016758680343628,,0.09729094756767154,-0.06339861452579498
10208,29.0,1275,1.4862403869628906,,0.10753577435389161,-0.0627053827047348
10209,17.0,759,0.8212084770202637,,0.10141221154481173,-0.10336582362651825
10210,15.0,592,0.6643681526184082,,0.13059783773496747,-0.0460200160741806
10211,33.0,1422,1.6083195209503174,,0.11865834891796112,-0.07035458087921143
10212,30.0,1190,1.316878318786621,,0.06140198325738311,-0.08260459452867508
10213,31.0,1306,1.5097477436065674,,0.17806159052997828,-0.05331304669380188
10214,30.0,1137,1.2676727771759033,,0.11106457281857729,-0.06738364696502686
10215,28.0,1087,1.2216415405273438,,0.1521334107965231,-0.04605168104171753
10216,30.0,1057,1.1840496063232422,,0.06409489875659347,-0.08702962100505829
10217,22.0,681,0.8386702537536621,,0.11746581085026264,-0.06643569469451904
10218,25.0,1029,1.1609489917755127,,0.10477742739021778,-0.03960535675287247
10219,29.0,794,0.8512144088745117,,0.1565650375559926,-0.0651635006070137
10220,52.0,1890,2.171440839767456,,0.12744819885119796,-0.07462818920612335
10221,25.0,1043,1.1803362369537354,,0.17473761644214392,-0.015891045331954956
10222,21.0,833,0.9775955677032471,,0.1459010704420507,-0.044297996908426285
10223,21.0,801,0.8551456928253174,,0.11219788389280438,-0.05897386372089386
10224,17.0,699,0.7597312927246094,,0.1031189258210361,-0.05733586847782135
10225,30.0,1119,1.3506748676300049,,0.13381585804745555,-0.0434282049536705
10226,31.0,1209,1.3244414329528809,,0.12793753948062658,-0.044096723198890686
10227,29.0,1096,1.2282633781433105,,0.08952402789145708,-0.06197533383965492
10228,33.0,1391,1.5982797145843506,,0.11466726986691356,-0.07663092017173767
10229,28.0,868,1.0152335166931152,,0.09482584381476045,-0.038667917251586914
10230,24.0,746,0.8093559741973877,,0.15720852324739099,-0.0649910420179367
10231,43.0,1710,1.8960270881652832,,0.13754589902237058,-0.062448643147945404
10232,31.0,1171,1.3957610130310059,,0.07525714486837387,-0.07798030227422714
10233,21.0,724,0.7831048965454102,,0.1301750265993178,-0.07199309766292572
10234,32.0,1266,1.492492437362671,,0.10423152334988117,-0.07487963885068893
10235,32.0,1152,1.2822988033294678,,0.07767939637415111,-0.04326856508851051
10236,19.0,761,0.824481725692749,,0.1403315244242549,-0.06448498368263245
10237,22.0,813,0.9678800106048584,,0.16472034994512796,-0.0366588830947876
10238,24.0,869,1.0118741989135742,,0.08072607358917594,-0.05300202965736389
10239,24.0,703,0.7711458206176758,,0.13411418767645955,-0.05938124656677246
10240,31.0,1330,1.5403656959533691,,0.12018345389515162,-0.07073806971311569
10241,31.0,1168,1.3007442951202393,,0.08584441943094134,-0.0679677426815033
10242,19.0,679,0.7498066425323486,,0.13081151293590665,-0.060706086456775665
10243,33.0,1206,1.323624610900879,,0.14238385204225779,-0.029457610100507736
10244,23.0,801,0.9500067234039307,,0.10089626209810376,-0.07794995605945587
10245,26.0,1068,1.1923346519470215,,0.10781494714319706,-0.055385053157806396
10246,22.0,878,1.0344879627227783,,0.09055987931787968,-0.05994313955307007
10247,27.0,779,0.8352992534637451,,0.09501858707517385,-0.0813993588089943
10248,22.0,1001,1.1455752849578857,,0.16294163512066007,-0.033249631524086
10249,22.0,790,0.9511826038360596,,0.13397131068632007,-0.05256624519824982
10250,32.0,1440,1.6354923248291016,,0.09416850237175822,-0.10360962152481079
10251,33.0,1283,1.4071943759918213,,0.09089362062513828,-0.055056728422641754
10252,32.0,1367,1.5922951698303223,,0.14992942614480853,-0.057730063796043396
10253,28.0,933,1.0834989547729492,,0.047102632001042366,-0.05308852344751358
10254,19.0,856,0.9125275611877441,,0.0926170889288187,-0.09135021269321442
10255,32.0,1171,1.3637495040893555,,0.17200662521645427,-0.054136086255311966
10256,29.0,1102,1.2181546688079834,,0.10004617366939783,-0.05417892336845398
10257,27.0,1097,1.2145092487335205,,0.09027788136154413,-0.05617932230234146
10258,27.0,912,1.0712854862213135,,0.06172331399284303,-0.09115828573703766
10259,31.0,1277,1.3935213088989258,,0.09953542053699493,-0.05462735518813133
10260,30.0,1051,1.186150312423706,,0.07092459825798869,-0.07114376127719879
10261,19.0,815,0.9778318405151367,,0.12578230118378997,-0.06385395675897598
10262,26.0,796,0.8545658588409424,,0.14256034092977643,-0.04255110025405884
10263,29.0,1251,1.4647998809814453,,0.10143613535910845,-0.06568576395511627
10264,27.0,998,1.1341955661773682,,0.06860261177644134,-0.06797458976507187
10265,33.0,1176,1.2856330871582031,,0.07241531764157116,-0.04898180440068245
10266,25.0,879,1.0260868072509766,,0.07179218786768615,-0.056972794234752655
10267,34.0,1497,1.6928582191467285,,0.11484468216076493,-0.0636536031961441
10268,34.0,1101,1.242121696472168,,0.082204835023731,-0.055898163467645645
10269,28.0,1210,1.337047815322876,,0.07478734012693167,-0.059368718415498734
10270,14.0,645,0.7296404838562012,,0.10828352766111493,-0.07976473867893219
10271,24.0,859,1.0146632194519043,,0.2614545738324523,-0.006302982568740845
10272,40.0,1565,1.7609198093414307,,0.12847249628975987,-0.07098061591386795
10273,10.0,443,0.5211071968078613,,0.09350736625492573,-0.0998847633600235
10274,34.0,1509,1.6897869110107422,,0.11119077494367957,-0.07444503903388977
10275,34.0,1077,1.1942856311798096,,0.06525937328115106,-0.08544161915779114
10276,20.0,767,0.9197828769683838,,0.06242776056751609,-0.08048423379659653
10277,30.0,1186,1.2987406253814697,,0.14729006588459015,-0.04153834655880928
10278,17.0,587,0.6553587913513184,,0.14710036339238286,-0.06195084750652313
10279,29.0,926,1.0581436157226562,,0.12913740007206798,-0.05187308043241501
10280,30.0,1442,1.6392641067504883,,0.1289159134030342,-0.0745651051402092
10281,23.0,781,0.8349480628967285,,0.05936093837954104,-0.09709283709526062
10282,16.0,621,0.6888790130615234,,0.0667004908900708,-0.06637223064899445
10283,24.0,1057,1.2923104763031006,,0.1385463266633451,-0.03663785010576248
10284,33.0,1373,1.4684884548187256,,0.08762453868985176,-0.05720142275094986
10285,18.0,541,0.6104283332824707,,0.05520071531645954,-0.08897575736045837
10286,33.0,1151,1.370213508605957,,0.09252422582358122,-0.07425735890865326
10287,26.0,815,0.8718678951263428,,0.05475944117642939,-0.10327132046222687
10288,32.0,1462,1.6623408794403076,,0.10501287411898375,-0.06346767395734787
10289,28.0,1199,1.3264551162719727,,0.05663982382975519,-0.0889909490942955
10290,29.0,1093,1.2331562042236328,,0.06538343382999301,-0.07357107102870941
10291,29.0,1142,1.3601500988006592,,0.12320833001285791,-0.051354095339775085
10292,31.0,1208,1.3196585178375244,,0.09951342036947608,-0.05331304669380188
10293,32.0,1161,1.281597375869751,,0.058943921234458685,-0.07760414481163025
10294,30.0,1103,1.2365775108337402,,0.061950081726536155,-0.09151118248701096
10295,23.0,761,0.9225046634674072,,0.08379561873152852,-0.08153887093067169
10296,30.0,1078,1.200817584991455,,0.16280211275443435,-0.034019362181425095
10297,32.0,1392,1.5956966876983643,,0.09884864185005426,-0.08188718557357788
10298,27.0,797,0.8517813682556152,,0.057600230211392045,-0.09146659076213837
10299,23.0,859,1.016627311706543,,0.10790637647733092,-0.06626282632350922
10300,34.0,1035,1.1729905605316162,,0.08034943416714668,-0.0652182400226593
10301,57.0,2256,2.5291638374328613,,0.11624622624367476,-0.0755050778388977
10302,25.0,857,1.0070624351501465,,0.3118573036044836,-0.00019791722297668457
10303,31.0,1190,1.3169283866882324,,0.11160128703340888,-0.06791068613529205
10304,33.0,1223,1.4347169399261475,,0.181948684155941,-0.0422651469707489
10305,31.0,1206,1.3212847709655762,,0.0793819879181683,-0.06600285321474075
10306,32.0,1320,1.5324101448059082,,0.08768631285056472,-0.07262935489416122
10307,30.0,1461,1.6582608222961426,,0.14983501378446817,-0.08469356596469879
10308,23.0,688,0.7621705532073975,,0.03550594160333276,-0.09394064545631409
10309,31.0,1328,1.5404119491577148,,0.11740916827693582,-0.08070505410432816
10310,33.0,1279,1.3890454769134521,,0.07040980295278132,-0.0693536102771759
10311,22.0,767,0.9170763492584229,,0.1390921976417303,-0.048084236681461334
10312,31.0,1223,1.3300068378448486,,0.11597640020772815,-0.04902229830622673
10313,24.0,855,1.0026850700378418,,0.06517048552632332,-0.0810670331120491
10314,33.0,1345,1.447139024734497,,0.12466129194945097,-0.06611762940883636
10315,27.0,1337,1.5601589679718018,,0.19843594543635845,-0.0026742741465568542
10316,33.0,1372,1.577368974685669,,0.10769101977348328,-0.06965601444244385
10317,21.0,665,0.7443835735321045,,0.0524742582347244,-0.10180512815713882
10318,23.0,891,1.0403382778167725,,0.13943879026919603,-0.04108269512653351
10319,34.0,1289,1.3870086669921875,,0.07621381315402687,-0.05663292109966278
10320,26.0,799,0.9422512054443359,,0.07239916129037738,-0.08078382909297943
10321,22.0,792,0.8431069850921631,,0.1634984752163291,-0.05083911865949631
10322,20.0,895,1.0312168598175049,,0.08967549679800868,-0.07216684520244598
10323,23.0,775,0.8294999599456787,,0.09823347441852093,-0.07931980490684509
10324,22.0,779,0.9194178581237793,,0.10863469820469618,-0.06095490604639053
10325,25.0,969,1.1044940948486328,,0.13390119979158044,-0.04898132383823395
10326,36.0,1518,1.6956219673156738,,0.10016458667814732,-0.08178862929344177
10327,27.0,1087,1.2049107551574707,,0.21424853382632136,-0.010388121008872986
10328,18.0,585,0.6578671932220459,,0.1254025436937809,-0.05610335245728493
10329,25.0,901,1.0383915901184082,,0.17222416121512651,-0.033566419035196304
10330,23.0,847,0.8941397666931152,,0.13543325010687113,-0.07504177838563919
10331,21.0,707,0.8615076541900635,,0.10154938278719783,-0.08699245750904083
10332,34.0,1206,1.3147625923156738,,0.11692817136645317,-0.04043671488761902
10333,29.0,1055,1.1831402778625488,,0.08092042780481279,-0.06874404847621918
10334,28.0,1073,1.2036006450653076,,0.16947014816105366,-0.05127684772014618
10335,33.0,1071,1.1913292407989502,,0.11754063982516527,-0.06960746645927429
10336,33.0,1317,1.5038998126983643,,0.07562638400122523,-0.08049489557743073
10337,28.0,1156,1.2688562870025635,,0.0794658325612545,-0.06478956341743469
10338,24.0,999,1.1392199993133545,,0.11006741458550096,-0.07318459451198578
10339,17.0,627,0.6896641254425049,,0.13303231727331877,-0.05028136819601059
10340,13.0,528,0.694434642791748,,0.16651605255901814,-0.03714963048696518
10341,30.0,1306,1.4100456237792969,,0.11471684882417321,-0.055508315563201904
10342,27.0,1025,1.149491310119629,,0.051911695394665,-0.07687899470329285
10343,28.0,889,1.0210039615631104,,0.058345576748251915,-0.06716113537549973
10344,27.0,983,1.1122393608093262,,0.08272651769220829,-0.06898444145917892
10345,32.0,1000,1.122373342514038,,0.10904591297730803,-0.05246783047914505
10346,30.0,1377,1.476621389389038,,0.057057840283960104,-0.044335104525089264
10347,21.0,662,0.8223438262939453,,0.06810297491028905,-0.08836177736520767
10348,22.0,822,0.8779151439666748,,0.13616483565419912,-0.05790242552757263
10349,25.0,961,1.1066527366638184,,0.09653491666540504,-0.06615862250328064
10350,32.0,1113,1.2250664234161377,,0.08763806940987706,-0.05955618992447853
10351,14.0,511,0.5856330394744873,,0.14304514229297638,-0.052759043872356415
10352,41.0,1541,1.7341246604919434,,0.071327137760818,-0.07067558169364929
10353,33.0,1338,1.5561034679412842,,0.07227637991309166,-0.0829387903213501
10354,10.0,409,0.48549962043762207,,0.14284932799637318,-0.05806371942162514
10355,16.0,681,0.7427740097045898,,0.09645437309518456,-0.05585196614265442
10356,23.0,837,0.9857087135314941,,0.14202156709507108,-0.04346288740634918
10357,26.0,761,0.8256452083587646,,0.14509034575894475,-0.05082910507917404
10358,19.0,655,0.7249512672424316,,0.08109850250184536,-0.05195540562272072
10359,29.0,1189,1.4104859828948975,,0.06983687216416001,-0.05666317045688629
10360,32.0,1235,1.338794469833374,,0.06588070350699127,-0.062009505927562714
10361,30.0,1185,1.4104466438293457,,0.09520495543256402,-0.06759882718324661
10362,33.0,1459,1.5471441745758057,,0.09715582383796573,-0.05187824368476868
10363,29.0,1195,1.415727138519287,,0.08709003822878003,-0.07030713558197021
10364,27.0,943,1.0866024494171143,,0.09347463864833117,-0.03929273784160614
10365,49.0,1927,2.1030852794647217,,0.17192673403769732,-0.06823842227458954
10366,30.0,985,1.1215927600860596,,0.19181990530341864,-0.004468157887458801
10367,30.0,1599,1.784306287765503,,0.06951773911714554,-0.0863790512084961
10368,29.0,943,1.0828185081481934,,0.11636926839128137,-0.060933295637369156
10369,33.0,1173,1.2920622825622559,,0.1191024137660861,-0.06705738604068756
10370,34.0,1365,1.5680601596832275,,0.07268483377993107,-0.08988572657108307
10371,37.0,1474,1.6783738136291504,,0.11857251217588782,-0.0535062700510025
10372,50.0,1765,1.9645512104034424,,0.1415660628117621,-0.050534576177597046
10373,43.0,1583,1.8798229694366455,,0.07315922644920647,-0.09243426471948624
10374,31.0,1161,1.2869107723236084,,0.1193527509458363,-0.04467114806175232
10375,24.0,950,1.1012279987335205,,0.06945216632448137,-0.053012914955616
10376,34.0,1037,1.1611919403076172,,0.11380883911624551,-0.0573076568543911
10377,17.0,685,0.7510690689086914,,0.16085970448330045,-0.05736881121993065
10378,22.0,717,0.776940107345581,,0.12596420431509614,-0.043072350323200226
10379,29.0,1177,1.389777660369873,,0.2112913727760315,-0.022424839437007904
10380,15.0,657,0.7202439308166504,,0.10906859720125794,-0.08529199659824371
10381,27.0,1127,1.2644762992858887,,0.19177388306707144,-0.018943235278129578
10382,20.0,650,0.8189594745635986,,0.10686957789584994,-0.08305199444293976
10383,33.0,1253,1.3706450462341309,,0.1750104404054582,-0.04074523225426674
10384,25.0,898,1.0533688068389893,,0.09236042061820626,-0.06995770335197449
10385,28.0,951,1.0858089923858643,,0.09215554594993591,-0.07546772807836533
10386,38.0,1623,1.8056650161743164,,0.17617198266088963,-0.04841618239879608
10387,29.0,1141,1.2581679821014404,,0.17689041700214148,-0.032513342797756195
10388,16.0,602,0.6672501564025879,,0.13996230717748404,-0.05971873924136162
10389,29.0,1058,1.1874682903289795,,0.16241194494068623,-0.03522157669067383
10390,28.0,937,1.073967456817627,,0.10044131614267826,-0.08673565089702606
10391,27.0,1217,1.3308289051055908,,0.10586965642869473,-0.05806241184473038
10392,28.0,1241,1.451507329940796,,0.08505887142382562,-0.07647213339805603
10393,20.0,781,0.8470263481140137,,0.2035900466144085,-0.03957204520702362
10394,15.0,718,0.8781487941741943,,0.12910064170137048,-0.06252268701791763
10395,32.0,1298,1.405031681060791,,0.18173293815925717,-0.024323061108589172
10396,27.0,1015,1.1520144939422607,,0.07733474904671311,-0.062414661049842834
10397,25.0,857,1.0104148387908936,,0.08386359363794327,-0.07295119762420654
10398,14.0,673,0.7463278770446777,,0.11542330216616392,-0.06997546553611755
10399,33.0,1256,1.4872591495513916,,0.15311711840331554,-0.0450359508395195
10400,29.0,902,0.953049898147583,,0.11155611556023359,-0.09714379906654358
10401,28.0,977,1.1248767375946045,,0.09728424903005362,-0.07647983729839325
10402,36.0,1357,1.565356969833374,,0.10247434629127383,-0.06584130972623825
10403,16.0,597,0.6699564456939697,,0.09639185899868608,-0.09313128888607025
10404,24.0,1047,1.1876142024993896,,0.21488309279084206,-0.008139468729496002
10405,15.0,622,0.6909377574920654,,0.18152356520295143,-0.044781021773815155
10406,29.0,1136,1.3585834503173828,,0.12770310183987021,-0.05716134235262871
10407,21.0,706,0.7711770534515381,,0.054617949994280934,-0.10635346919298172
10408,28.0,1293,1.5152320861816406,,0.12514671916142106,-0.06768102943897247
10409,29.0,1101,1.230252742767334,,0.10112630110234022,-0.05029711872339249
10410,35.0,1093,1.2206549644470215,,0.09078529849648476,-0.05209124833345413
10411,21.0,784,0.8472104072570801,,0.11085064429789782,-0.08389438688755035
10412,20.0,689,0.8579304218292236,,0.14414347801357508,-0.061189670115709305
10413,29.0,951,1.0889134407043457,,0.0991066531278193,-0.06927882879972458
10414,32.0,1127,1.2419538497924805,,0.1369142080657184,-0.060032326728105545
10415,18.0,902,1.0461711883544922,,0.10157810058444738,-0.06523492187261581
10416,22.0,796,0.8501942157745361,,0.1316038421355188,-0.056609656661748886
10417,30.0,1223,1.4468374252319336,,0.08730049198493361,-0.08723440021276474
10418,28.0,1131,1.2668912410736084,,0.1330777807161212,-0.05711137875914574
10419,44.0,1957,2.2291319370269775,,0.1899987179785967,-0.02317003160715103
10420,33.0,1416,1.5341310501098633,,0.09976360434666276,-0.05775447562336922
10421,24.0,854,1.0137934684753418,,0.07253971160389483,-0.07817569375038147
10422,32.0,1230,1.3604192733764648,,0.09937320370227098,-0.06775692105293274
10423,25.0,870,1.016573429107666,,0.07693023816682398,-0.08553874492645264
10424,14.0,481,0.553551197052002,,0.11722248559817672,-0.053092628717422485
10425,22.0,855,0.999168872833252,,0.12998316390439868,-0.04323200136423111
10426,33.0,1099,1.2123641967773438,,0.09547026641666889,-0.05501331388950348
10427,34.0,1073,1.1946823596954346,,0.07735184603370726,-0.06328077614307404
10428,20.0,838,0.9865114688873291,,0.11597324395552278,-0.05270153284072876
10429,21.0,920,0.9656572341918945,,0.1402607997879386,-0.060802161693573
10430,29.0,1050,1.1836190223693848,,0.2031469503417611,-0.05109262466430664
10431,23.0,869,1.0194151401519775,,0.08120752731338143,-0.09475358575582504
10432,25.0,853,1.003528356552124,,0.12105232616886497,-0.04701610282063484
10433,25.0,869,0.9165811538696289,,0.13550974801182747,-0.07419154047966003
10434,30.0,1245,1.452712059020996,,0.16174558829516172,-0.021512381732463837
10435,24.0,833,0.9816334247589111,,0.07300875289365649,-0.08665711432695389
10436,30.0,939,0.97456955909729,,0.16274120099842548,-0.05922164022922516
10437,28.0,1133,1.3632395267486572,,0.15529223904013634,-0.050082914531230927
10438,24.0,778,0.8327202796936035,,0.12320883478969336,-0.0854433998465538
10439,27.0,940,1.0813190937042236,,0.10020887851715088,-0.08634685724973679
10440,28.0,1007,1.1391644477844238,,0.08679930167272687,-0.07223740965127945
10441,31.0,1091,1.2061383724212646,,0.08390569873154163,-0.07984223961830139
10442,23.0,950,1.0920450687408447,,0.10383161855861545,-0.053037311881780624
10443,21.0,923,1.0627081394195557,,0.13100436562672257,-0.035362161695957184
10444,44.0,1347,1.454465627670288,,0.12005644291639328,-0.05925142765045166
10445,18.0,757,0.9091885089874268,,0.2290369076654315,-0.0437450185418129
10446,17.0,530,0.6009683609008789,,0.1221993612125516,-0.06307873129844666
10447,29.0,1221,1.3313307762145996,,0.1785445329733193,-0.0352550707757473
10448,27.0,842,0.9857020378112793,,0.07669695816002786,-0.07673823088407516
10449,25.0,1053,1.1854181289672852,,0.17816714383661747,-0.01922658085823059
10450,32.0,1543,1.7171177864074707,,0.11276570009067655,-0.07861936837434769
10451,25.0,763,0.8151044845581055,,0.05836264789104462,-0.1076880544424057
10452,27.0,918,1.0540838241577148,,0.1846472704783082,-0.05104401707649231
10453,29.0,1143,1.2540619373321533,,0.19925946276634932,-0.02909059077501297
10454,25.0,790,0.9375526905059814,,0.04657451901584864,-0.09359945356845856
10455,28.0,705,0.7607364654541016,,0.06978348502889276,-0.07096991688013077
10456,14.0,551,0.6233396530151367,,0.13087412202730775,-0.0617559440433979
10457,24.0,865,1.0070111751556396,,0.1654683193191886,-0.02539300173521042
10458,30.0,1326,1.5151596069335938,,0.10163310775533319,-0.06607551127672195
10459,28.0,1020,1.1474294662475586,,0.10830214247107506,-0.045412980020046234
10460,30.0,969,1.117720603942871,,0.07156421896070242,-0.06849408149719238
10461,24.0,722,0.7876498699188232,,0.10167081467807293,-0.07692889869213104
10462,22.0,711,0.7756497859954834,,0.09228448942303658,-0.06172237917780876
10463,36.0,1258,1.464162826538086,,0.09500603610649705,-0.07750144600868225
10464,25.0,854,0.995936393737793,,0.29010366275906563,-0.009134955704212189
10465,33.0,1255,1.3644294738769531,,0.06998833687976003,-0.05487670749425888
10466,26.0,854,0.9984650611877441,,0.12276260880753398,-0.05420144274830818
10467,25.0,781,0.8339416980743408,,0.16953903483226895,-0.05741069093346596
10468,32.0,1286,1.4926519393920898,,0.0741642783395946,-0.08898617327213287
10469,31.0,1416,1.5185997486114502,,0.08827107585966587,-0.06695708632469177
10470,29.0,1213,1.4228277206420898,,0.10769260535016656,-0.044671401381492615
10471,23.0,720,0.7839505672454834,,0.15374398324638605,-0.058798909187316895
10472,27.0,1077,1.2078227996826172,,0.18298636563122272,-0.03580288589000702
10473,32.0,1349,1.5442426204681396,,0.13057605549693108,-0.044790029525756836
10474,21.0,743,0.8064534664154053,,0.13831464480608702,-0.0503154955804348
10475,24.0,755,0.9110841751098633,,0.19056170620024204,-0.022833161056041718
10476,32.0,1242,1.3629779815673828,,0.07994104782119393,-0.0808715969324112
10477,29.0,1262,1.4715526103973389,,0.07223366713151336,-0.07842177152633667
10478,22.0,823,0.8773441314697266,,0.12937218369916081,-0.06113027036190033
10479,26.0,875,1.0278873443603516,,0.10287547949701548,-0.07439630478620529
10480,25.0,882,1.0375862121582031,,0.10454780515283346,-0.05133843049407005
10481,22.0,772,0.8325903415679932,,0.16657447535544634,-0.04496973752975464
10482,30.0,1234,1.450071096420288,,0.12317892676219344,-0.06975274533033371
10483,10.0,613,0.6890082359313965,,0.058212783420458436,-0.10858133435249329
10484,33.0,1341,1.5472252368927002,,0.12404020922258496,-0.0681120753288269
10485,33.0,1377,1.4836997985839844,,0.1019796971231699,-0.04865489900112152
10486,27.0,1109,1.2359952926635742,,0.06041037105023861,-0.06376530975103378
10487,20.0,793,0.951303243637085,,0.11955137085169554,-0.08268701285123825
10488,34.0,1285,1.3906304836273193,,0.1848034937866032,-0.03026234731078148
10489,30.0,924,1.07413911819458,,0.0872168904170394,-0.09380543231964111
10490,27.0,1135,1.369147777557373,,0.12373503623530269,-0.04856902360916138
10491,28.0,1007,1.049217700958252,,0.07085501914843917,-0.09255243837833405
10492,27.0,1043,1.275766134262085,,0.1385571239516139,-0.03302520141005516
10493,33.0,1417,1.5091686248779297,,0.10133332526311278,-0.04731494560837746
10494,24.0,757,0.9087181091308594,,0.0897836578078568,-0.05987738445401192
10495,36.0,1634,1.8083703517913818,,0.09848857903853059,-0.09312446415424347
10496,31.0,1080,1.2141916751861572,,0.15786657761782408,-0.03244916349649429
10497,54.0,1540,1.7590053081512451,,0.15141333686187863,-0.055055782198905945
10498,56.0,2300,2.651355266571045,,0.2126253079622984,-0.056725405156612396
10499,32.0,1357,1.4561922550201416,,0.15122073562815785,-0.04951479658484459
10500,50.0,1622,1.828230857849121,,0.14297327445819974,-0.07260507345199585
10501,28.0,943,1.0839471817016602,,0.26889925450086594,-0.03815789520740509
10502,16.0,955,1.1110599040985107,,0.15188986621797085,-0.03971891850233078
10503,32.0,1482,1.6675608158111572,,0.18270897725597024,-0.04433312639594078
10504,36.0,1467,1.6711621284484863,,0.2133454643189907,-0.04449669271707535
10505,28.0,1286,1.4138009548187256,,0.134996778331697,-0.04650254547595978
10506,24.0,1009,1.1546382904052734,,0.11167663056403399,-0.062076494097709656
10507,33.0,1347,1.5557279586791992,,0.1483202395029366,-0.05402398481965065
10508,33.0,1365,1.5761840343475342,,0.12752194795757532,-0.041164908558130264
10509,30.0,1224,1.348491907119751,,0.09518173523247242,-0.0770425796508789
10510,34.0,1148,1.2789227962493896,,0.0772481793537736,-0.08760114759206772
10511,28.0,1085,1.2323789596557617,,0.10151031985878944,-0.07358959317207336
10512,32.0,1327,1.5375032424926758,,0.07483498379588127,-0.07544555515050888
10513,22.0,749,0.8121073246002197,,0.10011879028752446,-0.07799497991800308
10514,29.0,1073,1.2988789081573486,,0.1264773434959352,-0.07299979031085968
10515,40.0,1749,1.9399454593658447,,0.08957930747419596,-0.07898113131523132
10516,34.0,1539,1.7320194244384766,,0.16102901194244623,-0.0625322014093399
10517,17.0,967,1.1186845302581787,,0.13231084030121565,-0.05790531635284424
10518,46.0,2326,2.5766704082489014,,0.08472430938854814,-0.09075018018484116
10519,13.0,637,0.8031713962554932,,0.1961385915055871,-0.043182335793972015
10520,32.0,1527,1.7212669849395752,,0.13106696121394634,-0.07108424603939056
10521,21.0,823,0.875408411026001,,0.11147893592715263,-0.08518313616514206
10522,31.0,1230,1.4293599128723145,,0.1690339706838131,-0.05244579166173935
10523,29.0,1150,1.2693078517913818,,0.05968197877518833,-0.06876900047063828
10524,26.0,1045,1.1820578575134277,,0.09419295564293861,-0.06725822389125824
10525,20.0,803,0.8619661331176758,,0.2099587246775627,-0.017737187445163727
10526,33.0,1353,1.5551245212554932,,0.08986051147803664,-0.06878427416086197
10527,20.0,817,0.9745352268218994,,0.12677576020359993,-0.06466688215732574
10528,27.0,995,1.1248743534088135,,0.14942935528233647,-0.04599406197667122
10529,29.0,1315,1.4219207763671875,,0.1366319009102881,-0.057850420475006104
10530,30.0,1135,1.2640717029571533,,0.09826143551617861,-0.07296017557382584
10531,29.0,1020,1.1547954082489014,,0.1232773126102984,-0.07239969074726105
10532,19.0,747,0.9051249027252197,,0.15228120191022754,-0.07117654383182526
10533,28.0,1197,1.3150653839111328,,0.13500386476516724,-0.027759931981563568
10534,24.0,909,1.052259922027588,,0.05998762813396752,-0.08154194056987762
10535,28.0,1251,1.3612174987792969,,0.18363381456583738,-0.028150267899036407
10536,33.0,1304,1.488401174545288,,0.1319153904914856,-0.05509750545024872
10537,27.0,1060,1.1774492263793945,,0.1519115287810564,-0.04171010106801987
10538,13.0,501,0.5748062133789062,,0.13152639381587505,-0.07935886085033417
10539,20.0,730,0.7819507122039795,,0.11420849617570639,-0.058302462100982666
10540,29.0,1345,1.5389881134033203,,0.057507411343976855,-0.08459651470184326
10541,21.0,762,0.9044606685638428,,0.10558496648445725,-0.05802569538354874
10542,29.0,1381,1.4782419204711914,,0.08166366955265403,-0.06810314208269119
10543,27.0,956,1.101269245147705,,0.079752491787076,-0.09132696688175201
10544,31.0,1323,1.5282666683197021,,0.09243556810542941,-0.07006217539310455
10545,24.0,796,0.8566210269927979,,0.09377053799107671,-0.08774533867835999
10546,13.0,511,0.5925965309143066,,0.04896336328238249,-0.08086417615413666
10547,30.0,1332,1.5323641300201416,,0.11147252004593611,-0.0752972811460495
10548,27.0,1067,1.1968309879302979,,0.0893893763422966,-0.08052243292331696
10549,27.0,776,0.8302950859069824,,0.16977127129212022,-0.04203717038035393
10550,21.0,924,1.0594959259033203,,0.1011510556563735,-0.07883088290691376
10551,26.0,1059,1.183525562286377,,0.12052248604595661,-0.04810621216893196
10552,27.0,954,1.1020872592926025,,0.09801464760676026,-0.06434027850627899
10553,29.0,1447,1.6541552543640137,,0.15662261564284563,-0.05765417963266373
10554,29.0,1081,1.2111566066741943,,0.06350458599627018,-0.07617270201444626
10555,25.0,962,1.1002027988433838,,0.14472768502309918,-0.05977761000394821
10556,28.0,1361,1.5706098079681396,,0.15061593614518642,-0.07829351723194122
10557,28.0,1138,1.284576654434204,,0.08665419416502118,-0.05009990185499191
10558,12.0,501,0.5758278369903564,,0.09962711809203029,-0.09640946239233017
10559,20.0,810,0.8633310794830322,,0.05918148625642061,-0.08073350787162781
10560,29.0,1216,1.4186952114105225,,0.13757641846314073,-0.03710724040865898
10561,33.0,1369,1.5599391460418701,,0.0954513056203723,-0.0722631886601448
10562,33.0,1515,1.6070301532745361,,0.0639054155908525,-0.06259539723396301
10563,30.0,1205,1.4149158000946045,,0.09540056809782982,-0.0615713894367218
10564,33.0,961,1.0879907608032227,,0.08842903142794967,-0.05571534112095833
10565,32.0,1243,1.3413503170013428,,0.03869651909917593,-0.07858407497406006
10566,33.0,1387,1.568812370300293,,0.07782451203092933,-0.09558793902397156
10567,26.0,980,1.1225364208221436,,0.07561760465614498,-0.043497346341609955
10568,24.0,907,1.0538477897644043,,0.09589220676571131,-0.05667275935411453
10569,33.0,1251,1.3663315773010254,,0.07731012091971934,-0.0685487687587738
10570,29.0,905,1.0470144748687744,,0.08710388420149684,-0.05348355695605278
10571,19.0,594,0.6645689010620117,,0.16093823313713074,-0.05989918112754822
10572,29.0,1039,1.1744458675384521,,0.08888780558481812,-0.04890725761651993
10573,30.0,1006,1.1414661407470703,,0.10782130993902683,-0.06433480232954025
10574,47.0,1808,1.9926567077636719,,0.09792785905301571,-0.08076262474060059
10575,22.0,723,0.8862888813018799,,0.1605491852387786,-0.044477470219135284
10576,27.0,965,1.1139965057373047,,0.14102154318243265,-0.02655564248561859
10577,3.0,374,0.3626096248626709,,0.14102154318243265,-0.02655564248561859
10578,21.0,775,0.931708574295044,,0.38186958245933056,0.028642162680625916
10579,26.0,869,1.0180964469909668,,0.14784306706860662,-0.0639449954032898
10580,31.0,1004,1.140770435333252,,0.11309977108612657,-0.05595047399401665
10581,29.0,1043,1.178497314453125,,0.177537739276886,-0.027203917503356934
10582,27.0,997,1.1353886127471924,,0.13149673724547029,-0.049007125198841095
10583,32.0,1475,1.5652236938476562,,0.13590269070118666,-0.05505935102701187
10584,39.0,1568,1.8489162921905518,,0.14646015875041485,-0.05067384988069534
10585,22.0,782,0.8366038799285889,,0.20226806588470936,-0.020058035850524902
10586,40.0,1358,1.568965196609497,,0.15602377196773887,-0.04135679081082344
10587,34.0,1319,1.420335054397583,,0.1374613232910633,-0.03940128535032272
10588,24.0,945,1.092980146408081,,0.07713849958963692,-0.06502646207809448
10589,26.0,833,0.9843392372131348,,0.12426088284701109,-0.060156479477882385
10590,15.0,537,0.6094200611114502,,0.1480131377466023,-0.058014076203107834
10591,28.0,1129,1.2593798637390137,,0.16826444491744041,-0.0034473054111003876
10592,34.0,1556,1.7417354583740234,,0.28051005769521,0.008358538150787354
10593,29.0,999,1.1334502696990967,,0.0653744877781719,-0.06693093478679657
10594,23.0,688,0.7561235427856445,,0.1462938552722335,-0.05714099854230881
10595,25.0,952,1.1012873649597168,,0.11832355009391904,-0.06418956071138382
10596,34.0,1326,1.5287384986877441,,0.12431528186425567,-0.06970304250717163
10597,24.0,1039,1.1806902885437012,,0.12473151972517371,-0.036130502820014954
10598,17.0,615,0.6876914501190186,,0.14111991599202156,-0.05460085719823837
10599,14.0,521,0.602088451385498,,0.09545011445879936,-0.067416712641716
10600,29.0,959,1.1069056987762451,,0.12207470601424575,-0.049777086824178696
10601,33.0,1353,1.5513474941253662,,0.11122286319732666,-0.0854494646191597
10602,19.0,645,0.7067136764526367,,0.0859449259005487,-0.08835100382566452
10603,21.0,783,0.8391599655151367,,0.07352466136217117,-0.062126919627189636
10604,29.0,895,1.0311250686645508,,0.20062760170549154,-0.01657853275537491
10605,20.0,841,0.9867706298828125,,0.109540571924299,-0.06449787318706512
10606,33.0,1462,1.6407160758972168,,0.12115386361256242,-0.06626783311367035
10607,39.0,1777,1.9480853080749512,,0.10566735407337546,-0.07749447226524353
10608,18.0,725,0.8767330646514893,,0.21297709830105305,-0.010819204151630402
10609,27.0,1050,1.1808438301086426,,0.09987248294055462,-0.06212543696165085
10610,15.0,577,0.6456680297851562,,0.08885298576205969,-0.07729224115610123
10611,22.0,826,0.8781216144561768,,0.0800107188988477,-0.06335851550102234
10612,29.0,930,1.0650222301483154,,0.11947446363046765,-0.04256819933652878
10613,23.0,831,0.9908969402313232,,0.14763258723542094,-0.05452552065253258
10614,32.0,1435,1.6178381443023682,,0.13743161829188466,-0.07957586646080017
10615,22.0,773,0.8253655433654785,,0.03863935242407024,-0.10087000578641891
10616,34.0,1483,1.6564569473266602,,0.10116051137447357,-0.0794169083237648
10617,17.0,590,0.6650688648223877,,0.0789450858719647,-0.10367271304130554
10618,26.0,823,0.9801671504974365,,0.14699668297544122,-0.025659963488578796
10619,32.0,1093,1.2322661876678467,,0.08935170574113727,-0.06381155550479889
10620,16.0,499,0.5821151733398438,,0.11751026613637805,-0.0816904753446579
10621,25.0,747,0.8153612613677979,,0.16357822762802243,-0.031391844153404236
10622,21.0,743,0.8980927467346191,,0.13160373317077756,-0.07294446229934692
