episode_number,episode_reward,episode_length,episode_time_seconds,policy_loss,value_loss,total_loss
1,20.0,607,0.751384973526001,,,
2,28.0,1015,1.0716731548309326,,0.2697770930826664,0.10432084649801254
3,25.0,747,0.7716381549835205,,0.11452533956617117,0.009222447872161865
4,29.0,886,0.9575240612030029,,0.19613877311348915,0.04995790123939514
5,29.0,1009,1.0723538398742676,,0.105732012540102,0.0277175884693861
6,25.0,737,0.7575135231018066,,0.1000568950548768,0.01582476496696472
7,31.0,1237,1.330216407775879,,0.0911198565736413,0.02167000249028206
8,32.0,1206,1.2485790252685547,,0.08899623341858387,0.02433731034398079
9,21.0,801,0.8817019462585449,,0.11811050958931446,0.026654638350009918
10,32.0,1210,1.2503254413604736,,0.20905415900051594,0.057527512311935425
11,26.0,879,0.9576356410980225,,0.075709393247962,0.017863115295767784
12,30.0,1010,1.0701031684875488,,0.12998026330024004,0.03474825620651245
13,27.0,917,0.9293105602264404,,0.18355520255863667,0.042925816029310226
14,29.0,1066,1.1781134605407715,,0.10133706778287888,0.018063968047499657
15,24.0,760,0.7860536575317383,,0.051056511234492064,-0.016551844775676727
16,31.0,1135,1.1812920570373535,,0.15674553625285625,0.03451260179281235
17,29.0,1163,1.2660834789276123,,0.10036742314696312,0.013999128714203835
18,30.0,911,0.9258441925048828,,0.07525238208472729,-0.005290985107421875
19,19.0,606,0.6392765045166016,,0.14878000784665346,0.049275077879428864
20,29.0,1118,1.2169413566589355,,0.20801746100187302,0.06720040738582611
21,26.0,883,0.8935792446136475,,0.1117467824369669,0.03411311283707619
22,28.0,863,0.9263546466827393,,0.12563085742294788,0.0241544246673584
23,29.0,1075,1.1239793300628662,,0.12272960040718317,0.03937087208032608
24,31.0,989,1.0546889305114746,,0.07777935825288296,0.014681711792945862
25,28.0,987,1.0508620738983154,,0.19757754169404507,0.07803961634635925
26,21.0,591,0.6283776760101318,,0.12878294382244349,0.01324908435344696
27,32.0,914,0.9829511642456055,,0.16982860676944256,0.057435158640146255
28,25.0,757,0.7726120948791504,,0.10503960680216551,0.02247902937233448
29,32.0,1098,1.211991548538208,,0.14240931067615747,0.03022252768278122
30,30.0,1097,1.1503727436065674,,0.12241456564515829,0.02912214770913124
31,21.0,739,0.7624621391296387,,0.09934756066650152,0.022102078422904015
32,31.0,901,0.9673879146575928,,0.3227839581668377,0.11339706927537918
33,33.0,1021,1.0714828968048096,,0.07327117770910263,0.006261492148041725
34,18.0,575,0.6092243194580078,,0.14953127037733793,0.026946846395730972
35,25.0,709,0.7367956638336182,,0.09666594304144382,0.023319892585277557
36,24.0,883,0.9548470973968506,,0.207067234441638,0.07442790269851685
37,27.0,798,0.8731627464294434,,0.14761708583682775,0.03107915259897709
38,31.0,946,1.0077509880065918,,0.10873377416282892,0.02582714520394802
39,29.0,961,0.9622964859008789,,0.0759517177939415,-0.0028880611062049866
40,26.0,822,0.8965857028961182,,0.16040663328021765,0.03114548698067665
41,30.0,1066,1.1156246662139893,,0.10946828871965408,0.024413784965872765
42,30.0,908,0.9762227535247803,,0.10036224313080311,0.01612819731235504
43,28.0,698,0.7202963829040527,,0.10853853449225426,0.02379552833735943
44,26.0,882,0.9565048217773438,,0.16509909182786942,0.044664230197668076
45,28.0,991,1.0558934211730957,,0.1268879370763898,0.028484664857387543
46,29.0,874,0.9474399089813232,,0.09300338383764029,0.025508537888526917
47,23.0,761,0.7887864112854004,,0.16779978945851326,0.0434977151453495
48,27.0,887,0.9559621810913086,,0.16570723243057728,0.04298144578933716
49,28.0,1029,1.0840954780578613,,0.11984076257795095,0.038527168333530426
50,33.0,1041,1.0951638221740723,,0.12721993494778872,0.023276368156075478
51,25.0,800,0.8186995983123779,,0.11590133141726255,0.023807097226381302
52,32.0,1109,1.2120716571807861,,0.10659201070666313,0.026135170832276344
53,27.0,819,0.8354086875915527,,0.1027922360226512,0.01285947859287262
54,32.0,859,0.9237496852874756,,0.18340877071022987,0.05015609785914421
55,31.0,1022,1.0766918659210205,,0.11227860674262047,0.036349277943372726
56,31.0,1057,1.1086206436157227,,0.10169212240725756,0.015299197286367416
57,29.0,1037,1.0876128673553467,,0.08120115753263235,0.026660708710551262
58,30.0,1147,1.1866657733917236,,0.09224329143762589,0.03541955351829529
59,24.0,730,0.808891773223877,,0.08127554878592491,0.020201874896883965
60,21.0,624,0.6590354442596436,,0.21889660507440567,0.06751485913991928
61,28.0,1060,1.1175129413604736,,0.20304016768932343,0.06848646700382233
62,28.0,891,0.9547004699707031,,0.09604281652718782,0.019859839230775833
63,26.0,825,0.8390109539031982,,0.08739188686013222,0.004277762025594711
64,43.0,1303,1.3990187644958496,,0.09809017181396484,0.024485070258378983
65,30.0,1266,1.296600580215454,,0.2024526111781597,0.05455690622329712
66,31.0,1257,1.3399217128753662,,0.098611606284976,0.006777629256248474
67,32.0,1009,1.0557773113250732,,0.08409479446709156,0.02073310874402523
68,25.0,733,0.7535810470581055,,0.12171105202287436,0.02525951713323593
69,20.0,611,0.6447653770446777,,0.14950296375900507,0.03721268102526665
70,30.0,879,0.9500718116760254,,0.25191196613013744,0.09341078996658325
71,30.0,922,0.9856357574462891,,0.11872058548033237,0.03095366433262825
72,30.0,927,0.9906229972839355,,0.0814473470672965,0.027034936472773552
73,29.0,1005,1.0601820945739746,,0.1212323559448123,0.026003384962677956
74,31.0,999,1.0559582710266113,,0.10587110370397568,0.031148646026849747
75,30.0,1020,1.0725963115692139,,0.14558476209640503,0.04958221688866615
76,30.0,1129,1.1738591194152832,,0.10181509982794523,0.021934736520051956
77,33.0,1261,1.2891302108764648,,0.11670341994613409,0.02359876036643982
78,28.0,921,0.9825088977813721,,0.0946068074554205,0.034591127187013626
79,25.0,974,1.0425269603729248,,0.12222351226955652,0.029154956340789795
80,27.0,950,1.020829200744629,,0.09853163547813892,0.0219775028526783
81,30.0,1226,1.264862298965454,,0.10131961107254028,0.027064871042966843
82,53.0,1513,1.602834939956665,,0.1610974483191967,0.044009018689394
83,29.0,854,0.928910493850708,,0.38618555665016174,0.12228789925575256
84,29.0,981,1.0454187393188477,,0.11700755171477795,0.040086641907691956
85,31.0,1017,1.07489013671875,,0.08273838367313147,0.0217698123306036
86,25.0,863,0.8815877437591553,,0.15400099381804466,0.0295354463160038
87,26.0,802,0.8782684803009033,,0.13004709593951702,0.03082641027867794
88,23.0,773,0.7927711009979248,,0.14792317152023315,0.04782634228467941
89,42.0,1387,1.4863338470458984,,0.11140666157007217,0.03337765485048294
90,29.0,964,1.0286076068878174,,0.4889758490025997,0.20236796140670776
91,42.0,1411,1.5029633045196533,,0.07727970462292433,0.0004077404737472534
92,28.0,881,0.9540367126464844,,0.23154555819928646,0.0673290342092514
93,31.0,1259,1.3026890754699707,,0.09650631342083216,0.026874996721744537
94,31.0,1145,1.1972591876983643,,0.14613908901810646,0.05899006500840187
95,23.0,751,0.8342223167419434,,0.10207751579582691,0.030093926936388016
96,48.0,1860,1.9317808151245117,,0.12174523621797562,0.024583127349615097
97,25.0,770,0.843127965927124,,0.33656860142946243,0.11300232261419296
98,31.0,1127,1.1678860187530518,,0.11085639987140894,0.020336557179689407
99,27.0,1118,1.1710114479064941,,0.16958315670490265,0.04591678828001022
100,32.0,1167,1.2687652111053467,,0.12233042623847723,0.027210388332605362
101,22.0,571,0.6023547649383545,,0.10644933115690947,0.02057821676135063
102,25.0,705,0.73201584815979,,0.1261327462270856,0.04316636919975281
103,28.0,933,0.9979140758514404,,0.1230113822966814,0.03172542527318001
104,31.0,1200,1.2428910732269287,,0.11636204831302166,0.032999344170093536
105,32.0,1153,1.196777582168579,,0.1237452533096075,0.028070947155356407
106,30.0,905,0.9790985584259033,,0.09050774946808815,0.014726150780916214
107,33.0,1043,1.0913333892822266,,0.13824592158198357,0.0454324446618557
108,26.0,843,0.9128279685974121,,0.1455085352063179,0.05619404464960098
109,21.0,629,0.6562788486480713,,0.08546945173293352,0.0023813284933567047
110,29.0,1051,1.104027271270752,,0.1985999047756195,0.05947663635015488
111,32.0,1055,1.100144624710083,,0.13140368927270174,0.03876373916864395
112,32.0,1046,1.1013438701629639,,0.07179562654346228,0.021666359156370163
113,32.0,1208,1.3030531406402588,,0.08196651376783848,0.005338042974472046
114,45.0,1487,1.5843968391418457,,0.10790514666587114,0.02897721342742443
115,30.0,1188,1.2289650440216064,,0.10764906369149685,0.034590944647789
116,30.0,1195,1.2389483451843262,,0.0814243983477354,0.015685036778450012
117,32.0,1057,1.1077163219451904,,0.09018096886575222,0.024482816457748413
118,27.0,985,1.0456016063690186,,0.09635883755981922,0.02520221658051014
119,32.0,1039,1.0923113822937012,,0.10398491751402617,0.030639462172985077
120,29.0,993,1.0497872829437256,,0.0815098169259727,0.03113405406475067
121,31.0,960,1.0093843936920166,,0.07037090416997671,0.01428457722067833
122,32.0,1134,1.17486572265625,,0.07274095714092255,0.012523883953690529
123,27.0,979,1.037778377532959,,0.08459970075637102,0.03314957395195961
124,30.0,1234,1.319270372390747,,0.06523275841027498,0.004696443676948547
125,30.0,1083,1.1293666362762451,,0.0901842350140214,0.018469057977199554
126,55.0,1981,2.0953519344329834,,0.406862061470747,0.1530432254076004
127,31.0,1196,1.244091272354126,,0.18427819944918156,0.06007496267557144
128,32.0,1291,1.3178529739379883,,0.08010100573301315,0.020356884226202965
129,31.0,1063,1.1122725009918213,,0.08709297981113195,0.03327872231602669
130,33.0,1026,1.0814552307128906,,0.07454256899654865,0.006437605246901512
131,34.0,1265,1.3581764698028564,,0.10439060721546412,0.028878577053546906
132,32.0,887,0.9547734260559082,,0.10339854937046766,0.025041688233613968
133,62.0,1916,1.97509765625,,0.09835864882916212,0.025280799716711044
134,31.0,1375,1.461536169052124,,0.14534497074782848,0.05019235983490944
135,25.0,797,0.8723642826080322,,0.07923860009759665,0.010668456554412842
136,23.0,603,0.630042552947998,,0.16822018288075924,0.03562459722161293
137,34.0,1093,1.1362500190734863,,0.12402673810720444,0.04046211391687393
138,28.0,1159,1.2031066417694092,,0.08549453876912594,0.023491911590099335
139,29.0,1074,1.1197102069854736,,0.13496039900928736,0.04109441488981247
140,28.0,851,0.9258959293365479,,0.10288052912801504,0.01617925986647606
141,35.0,1265,1.2952806949615479,,0.11780671216547489,0.035164378583431244
142,30.0,967,1.0190832614898682,,0.46998393908143044,0.19610822200775146
143,32.0,1328,1.408644676208496,,0.14794923551380634,0.040859438478946686
144,31.0,1089,1.1388933658599854,,0.09291843045502901,0.02945108339190483
145,31.0,1048,1.1002256870269775,,0.11522243544459343,0.028056830167770386
146,22.0,683,0.7051069736480713,,0.1258701365441084,0.018031027168035507
147,28.0,775,0.8440072536468506,,0.23506203666329384,0.09517386555671692
148,32.0,1133,1.1632487773895264,,0.10784726683050394,0.03193322941660881
149,31.0,1139,1.1686961650848389,,0.14712009765207767,0.05850080028176308
150,23.0,833,0.8998794555664062,,0.15294593013823032,0.03938049450516701
151,35.0,1085,1.1306805610656738,,0.19004181399941444,0.05572874844074249
152,30.0,1121,1.1707954406738281,,0.07213842449709773,0.018810980021953583
153,30.0,931,0.9855444431304932,,0.09945348557084799,0.02013133466243744
154,33.0,1179,1.2137010097503662,,0.14129234105348587,0.03778403624892235
155,31.0,910,0.9769959449768066,,0.1316574066877365,0.02510996162891388
156,30.0,1015,1.0729420185089111,,0.09936370234936476,0.021972596645355225
157,31.0,1117,1.1632323265075684,,0.11053736694157124,0.02969776652753353
158,33.0,1071,1.1734280586242676,,0.1608928870409727,0.03588428348302841
159,24.0,625,0.6522872447967529,,0.1054819468408823,0.011274505406618118
160,32.0,1109,1.157120704650879,,0.1459488458931446,0.04399285838007927
161,28.0,825,0.8928542137145996,,0.11058690957725048,0.03019166737794876
162,30.0,979,0.9694638252258301,,0.11861731950193644,0.0285982396453619
163,31.0,1024,1.0819814205169678,,0.08851948752999306,0.022785577923059464
164,61.0,1700,1.8426508903503418,,0.3225126974284649,0.15090756118297577
165,33.0,790,0.8004496097564697,,0.30570451356470585,0.08857589960098267
166,37.0,1457,1.5334162712097168,,0.07643126416951418,0.010349174961447716
167,43.0,1381,1.4789249897003174,,0.14967241883277893,0.035529982298612595
168,29.0,881,0.9486265182495117,,0.1523586232215166,0.054585278034210205
169,28.0,816,0.8325679302215576,,0.11479116603732109,0.012783031910657883
170,30.0,939,1.0014324188232422,,0.14421988278627396,0.03637702018022537
171,67.0,2152,2.251011848449707,,0.5504478625953197,0.2205647975206375
172,28.0,873,0.9424214363098145,,0.11296388506889343,0.03295377641916275
173,30.0,871,0.9378480911254883,,0.16926716454327106,0.06266440451145172
174,31.0,985,1.0417816638946533,,0.08332059066742659,0.011640585958957672
175,33.0,1220,1.255399227142334,,0.08032459486275911,0.012085957452654839
176,30.0,879,0.9521114826202393,,0.1289993543177843,0.047259002923965454
177,42.0,1465,1.4999175071716309,,0.1597299426794052,0.06362462043762207
178,32.0,1359,1.4345078468322754,,0.07225549593567848,0.006208345293998718
179,55.0,1542,1.6327126026153564,,0.13195144198834896,0.02647576481103897
180,27.0,833,0.9067635536193848,,0.2309176456183195,0.07192732393741608
181,33.0,785,0.7980120182037354,,0.20038278959691525,0.08045420795679092
182,31.0,1211,1.3016510009765625,,0.07350443676114082,0.002657119184732437
183,30.0,953,1.015047550201416,,0.0976009676232934,0.0211818628013134
184,29.0,940,0.9525942802429199,,0.07141929352656007,0.010246509686112404
185,30.0,1097,1.1393563747406006,,0.1579070333391428,0.04429139941930771
186,25.0,831,0.8943619728088379,,0.09842281509190798,0.01253453642129898
187,31.0,901,0.9626009464263916,,0.12596136704087257,0.013569878414273262
188,31.0,1182,1.220564603805542,,0.10546165611594915,0.03118971362709999
189,31.0,1066,1.1127798557281494,,0.0850769029930234,0.01100129634141922
190,30.0,915,0.9701204299926758,,0.07438456453382969,0.020161166787147522
191,31.0,1045,1.0909159183502197,,0.06705433176830411,0.016861815005540848
192,33.0,1309,1.3955683708190918,,0.09718672651797533,0.011013748124241829
193,31.0,1248,1.2768161296844482,,0.10119044594466686,0.02591494843363762
194,27.0,691,0.7153720855712891,,0.10955857113003731,0.014228597283363342
195,32.0,1193,1.2939369678497314,,0.08634920511394739,0.021065935492515564
196,25.0,723,0.7451694011688232,,0.11966797895729542,0.023999705910682678
197,29.0,887,0.9542346000671387,,0.11296878103166819,0.039290837943553925
198,31.0,1314,1.3439922332763672,,0.08257238939404488,0.015277720987796783
199,18.0,599,0.6862692832946777,,0.04617247590795159,-0.009403683245182037
200,28.0,1130,1.1735303401947021,,0.2692193202674389,0.12009602040052414
201,32.0,1305,1.3215789794921875,,0.1204143650829792,0.030666137114167213
202,57.0,2075,2.169456720352173,,0.06560879852622747,-0.0002144891768693924
203,27.0,935,0.9929893016815186,,0.34195011854171753,0.13653069734573364
204,25.0,739,0.8129730224609375,,0.14837349392473698,0.04402469843626022
205,34.0,1323,1.3372218608856201,,0.1257737446576357,0.0420382022857666
206,31.0,865,0.9267747402191162,,0.09399631433188915,0.023975146934390068
207,33.0,1106,1.148207664489746,,0.08014506194740534,0.021925220265984535
208,31.0,1046,1.096245288848877,,0.12860992923378944,0.037676937878131866
209,34.0,1051,1.095632791519165,,0.08597605396062136,0.01760813035070896
210,25.0,687,0.7693979740142822,,0.08041506400331855,0.013089653104543686
211,31.0,1153,1.197890281677246,,0.10521710757166147,0.029913410544395447
212,32.0,1260,1.2949984073638916,,0.12202842812985182,0.02542661689221859
213,50.0,1641,1.7892851829528809,,0.2951735816895962,0.1207350641489029
214,32.0,1115,1.1570935249328613,,0.1603282168507576,0.051249705255031586
215,30.0,1040,1.093451738357544,,0.11470855958759785,0.03262384235858917
216,31.0,1155,1.1991899013519287,,0.08755076210945845,0.03371035307645798
217,17.0,570,0.6014511585235596,,0.12018303666263819,0.029807865619659424
218,31.0,932,0.9853301048278809,,0.30038753524422646,0.12077987939119339
219,33.0,1161,1.192274808883667,,0.08192738238722086,0.024584421887993813
220,32.0,1191,1.275104284286499,,0.15283159911632538,0.045315079391002655
221,30.0,981,0.9676096439361572,,0.07509628403931856,0.019157057628035545
222,32.0,1273,1.3519177436828613,,0.09167325776070356,0.027307894080877304
223,30.0,961,1.0126361846923828,,0.08816784340888262,0.017994094640016556
224,32.0,1175,1.2215194702148438,,0.07196964975446463,0.010906746610999107
225,28.0,964,1.0232899188995361,,0.14135977253317833,0.04905696213245392
226,30.0,998,1.0471251010894775,,0.10571075975894928,0.02556857094168663
227,52.0,1670,1.7479443550109863,,0.11463815625756979,0.020824510604143143
228,27.0,853,0.9228453636169434,,0.30268048122525215,0.1298115849494934
229,32.0,1195,1.2275235652923584,,0.11231299210339785,0.03757853806018829
230,29.0,1191,1.2903237342834473,,0.19836064986884594,0.053049102425575256
231,32.0,1160,1.1979780197143555,,0.12115282472223043,0.039994943886995316
232,31.0,940,0.994983434677124,,0.10922950506210327,0.03059622086584568
233,28.0,888,0.897697925567627,,0.13626126945018768,0.03180801868438721
234,46.0,1525,1.6093878746032715,,0.08729729522019625,0.016422854736447334
235,30.0,913,0.9738731384277344,,0.2616612631827593,0.08320138603448868
236,28.0,899,0.9617586135864258,,0.11914174910634756,0.02250533178448677
237,31.0,1035,1.0863261222839355,,0.12239114660769701,0.0428294837474823
238,41.0,1274,1.3170239925384521,,0.12909534107893705,0.03691038489341736
239,32.0,1170,1.2639086246490479,,0.14108755998313427,0.042972564697265625
240,18.0,529,0.5599710941314697,,0.06783183757215738,-0.005771167576313019
241,25.0,819,0.8339958190917969,,0.17232555150985718,0.05623878911137581
242,29.0,1094,1.139641523361206,,0.13116223271936178,0.028788991272449493
243,32.0,1065,1.159130334854126,,0.1109075378626585,0.03267930448055267
244,45.0,1326,1.362354040145874,,0.12087020464241505,0.034746646881103516
245,29.0,767,0.8338181972503662,,0.2298765480518341,0.0907391756772995
246,32.0,1067,1.1202795505523682,,0.1366080641746521,0.039923045784235
247,30.0,1057,1.1102640628814697,,0.1278960695490241,0.03085048869252205
248,30.0,1115,1.164337396621704,,0.1261616637930274,0.04237983003258705
249,22.0,792,0.8115851879119873,,0.13506221398711205,0.03248077258467674
250,25.0,769,0.8450109958648682,,0.25710667483508587,0.07230165600776672
251,39.0,1330,1.4269537925720215,,0.13798407092690468,0.025227844715118408
252,31.0,1105,1.1440694332122803,,0.10705776046961546,0.0275032427161932
253,32.0,983,1.0280985832214355,,0.08542709238827229,0.017459627240896225
254,30.0,982,1.0339059829711914,,0.16919547319412231,0.06921959668397903
255,31.0,878,0.8731899261474609,,0.1463877037167549,0.037512362003326416
256,32.0,1046,1.0979020595550537,,0.09433645941317081,0.027699563652276993
257,30.0,962,1.0252022743225098,,0.10824835859239101,0.023774486035108566
258,39.0,1172,1.2209687232971191,,0.11700313724577427,0.02286187931895256
259,30.0,1162,1.2596063613891602,,0.13541772961616516,0.03915529325604439
260,32.0,1084,1.1347155570983887,,0.10253134649246931,0.020314916968345642
261,31.0,1145,1.1952195167541504,,0.08929270319640636,0.021311195567250252
262,30.0,1148,1.191723346710205,,0.08827809616923332,0.026828262954950333
263,25.0,816,0.9091193675994873,,0.1216542050242424,0.034124985337257385
264,32.0,856,0.9195690155029297,,0.15386497974395752,0.051486242562532425
265,24.0,766,0.7848668098449707,,0.12239998392760754,0.02931789867579937
266,33.0,1142,1.1835641860961914,,0.19282621517777443,0.05389086902141571
267,29.0,805,0.8732638359069824,,0.10549758281558752,0.03204963356256485
268,32.0,984,1.0408334732055664,,0.08890319056808949,0.022098083049058914
269,42.0,1544,1.622807264328003,,0.12132536619901657,0.020783010870218277
270,32.0,1082,1.1277785301208496,,0.1460562665015459,0.036506637930870056
271,30.0,960,1.0138764381408691,,0.06204088777303696,0.017742017284035683
272,28.0,811,0.8212623596191406,,0.08844760246574879,0.007105395197868347
273,34.0,957,1.009312629699707,,0.21789360977709293,0.06741245090961456
274,33.0,925,0.9815833568572998,,0.1481787646189332,0.03748529404401779
275,48.0,1239,1.3436124324798584,,0.1475944183766842,0.026908885687589645
276,32.0,1053,1.1054370403289795,,0.10560282692313194,0.03967733681201935
277,25.0,715,0.7405514717102051,,0.1066382797434926,0.011899877339601517
278,28.0,1067,1.1184604167938232,,0.19943051412701607,0.06309616565704346
279,32.0,1067,1.1119062900543213,,0.10492589604109526,0.0334397554397583
280,31.0,1089,1.1380624771118164,,0.08571592345833778,0.028063397854566574
281,29.0,1039,1.0820589065551758,,0.20168807543814182,0.07411568611860275
282,32.0,1068,1.1049785614013672,,0.11769263911992311,0.028938323259353638
283,30.0,872,0.931304931640625,,0.12814287841320038,0.02997603826224804
284,31.0,1086,1.119908094406128,,0.13647367805242538,0.03777364268898964
285,41.0,1431,1.5150022506713867,,0.18434622697532177,0.054145071655511856
286,32.0,1052,1.0952115058898926,,0.2210029400885105,0.04088738560676575
287,51.0,1655,1.7359404563903809,,0.07329941913485527,-0.0006472468376159668
288,32.0,1219,1.3088877201080322,,0.109251762740314,0.0174051932990551
289,30.0,975,1.0282084941864014,,0.16555263474583626,0.05858423188328743
290,64.0,2005,2.0339226722717285,,0.12273646611720324,0.024618538096547127
291,32.0,1132,1.2296042442321777,,0.10828019212931395,0.03220425173640251
292,55.0,1723,1.787557601928711,,0.09708006586879492,0.013659760355949402
293,32.0,1208,1.227301836013794,,0.3094159923493862,0.10503222048282623
294,32.0,1105,1.1959195137023926,,0.11574268247932196,0.023146577179431915
295,27.0,963,0.9630069732666016,,0.08702826220542192,0.0031067170202732086
296,54.0,1810,1.9203975200653076,,0.19565630331635475,0.052523475140333176
297,32.0,975,1.0229976177215576,,0.265416307374835,0.09905291348695755
298,31.0,1029,1.0684306621551514,,0.11836091428995132,0.037105873227119446
299,25.0,848,0.9061317443847656,,0.09426030330359936,0.021083097904920578
300,25.0,778,0.7879822254180908,,0.19733263179659843,0.03897760063409805
301,32.0,1173,1.1977958679199219,,0.12705460004508495,0.024021390825510025
302,30.0,1099,1.1976807117462158,,0.08674436062574387,0.013318244367837906
303,26.0,883,0.8857128620147705,,0.11485323589295149,0.01872020959854126
304,31.0,1033,1.0775198936462402,,0.13488628063350916,0.03868884593248367
305,30.0,1028,1.0707447528839111,,0.10143424291163683,0.022324569523334503
306,34.0,1111,1.1502656936645508,,0.07893326412886381,0.010075293481349945
307,62.0,2015,2.1206464767456055,,0.21286338567733765,0.05940302461385727
308,24.0,647,0.7288780212402344,,0.22490007616579533,0.06998744606971741
309,20.0,565,0.5963897705078125,,0.15721184015274048,0.054135117679834366
310,30.0,959,1.0228464603424072,,0.20076208375394344,0.0719621479511261
311,32.0,963,1.0124976634979248,,0.11032498627901077,0.02827860228717327
312,56.0,1768,1.8270714282989502,,0.09273039549589157,0.004787467420101166
313,26.0,1145,1.1823959350585938,,0.284691346809268,0.09867461770772934
314,42.0,1307,1.3975551128387451,,0.14136016089469194,0.03329559415578842
315,20.0,604,0.6310534477233887,,0.26933005824685097,0.10699015855789185
316,32.0,1057,1.0983350276947021,,0.19690279848873615,0.06090262532234192
317,22.0,777,0.8481547832489014,,0.12439603917300701,0.03793060779571533
318,52.0,1643,1.7047913074493408,,0.13590419851243496,0.0355960950255394
319,22.0,759,0.7697203159332275,,0.17472986318171024,0.03786120563745499
320,30.0,928,0.9765324592590332,,0.17278924956917763,0.07075950503349304
321,31.0,856,0.9131889343261719,,0.2633451893925667,0.11919025331735611
322,38.0,1206,1.2433135509490967,,0.08247144613415003,0.02061273343861103
323,34.0,898,0.9570009708404541,,0.18416032940149307,0.053016044199466705
324,29.0,1044,1.0948622226715088,,0.1536557674407959,0.059308603405952454
325,31.0,1172,1.2108302116394043,,0.12402560375630856,0.032914914190769196
326,31.0,1237,1.3340895175933838,,0.12714974861592054,0.03614877536892891
327,24.0,713,0.7353417873382568,,0.08386357594281435,0.002361990511417389
328,31.0,971,1.019885778427124,,0.15530122816562653,0.036460477858781815
329,40.0,1396,1.486009120941162,,0.11348160076886415,0.01630665734410286
330,29.0,1187,1.2366127967834473,,0.1465590912848711,0.042285919189453125
331,30.0,1056,1.1122865676879883,,0.101320406422019,0.012391967698931694
332,32.0,1201,1.2352819442749023,,0.11434068810194731,0.034723807126283646
333,30.0,988,1.0364718437194824,,0.15677236393094063,0.05675351619720459
334,25.0,799,0.8716495037078857,,0.12057167198508978,0.02481307089328766
335,18.0,787,0.8062276840209961,,0.12169902212917805,0.03322252258658409
336,25.0,730,0.8100244998931885,,0.27504429407417774,0.0990740954875946
337,29.0,863,0.8772084712982178,,0.14907042868435383,0.03450769931077957
338,32.0,1152,1.2493367195129395,,0.19976674392819405,0.07490026205778122
339,31.0,843,0.8501098155975342,,0.14886867441236973,0.022371262311935425
340,31.0,1157,1.255401372909546,,0.21716197207570076,0.06285388022661209
341,29.0,1207,1.2424383163452148,,0.1581247430294752,0.05000265687704086
342,29.0,847,0.9075639247894287,,0.11454502865672112,0.031405169516801834
343,29.0,837,0.8436150550842285,,0.15667926147580147,0.046294040977954865
344,37.0,1167,1.2611424922943115,,0.10474878456443548,0.023788530379533768
345,32.0,1156,1.1864013671875,,0.09779293648898602,0.028296183794736862
346,33.0,1067,1.1027660369873047,,0.11472117248922586,0.04186951369047165
347,31.0,1087,1.1534430980682373,,0.08965528383851051,0.032699208706617355
348,31.0,1084,1.134373664855957,,0.14734996296465397,0.06418934464454651
349,30.0,939,0.9951097965240479,,0.08137801568955183,0.018629664555191994
350,39.0,1181,1.2280097007751465,,0.08523674122989178,0.009379841387271881
351,30.0,1152,1.1852281093597412,,0.2966963779181242,0.10272035747766495
352,31.0,883,0.9486062526702881,,0.09891210775822401,0.01907283626496792
353,28.0,784,0.8579411506652832,,0.12543276976794004,0.033962663263082504
354,31.0,968,1.0205626487731934,,0.11427533160895109,0.030826836824417114
355,27.0,813,0.8315212726593018,,0.08910197112709284,0.015404609963297844
356,29.0,1067,1.1178479194641113,,0.1913095824420452,0.06814718246459961
357,33.0,1146,1.2485837936401367,,0.13611597381532192,0.02777837961912155
358,27.0,975,0.9758191108703613,,0.13504494354128838,0.03900734335184097
359,31.0,896,0.9554095268249512,,0.1391696222126484,0.027544289827346802
360,32.0,1174,1.2050373554229736,,0.08697452489286661,0.02235931158065796
361,27.0,832,0.9001340866088867,,0.06002868199720979,-0.0033889543265104294
362,33.0,1323,1.404057502746582,,0.12067750189453363,0.02220570668578148
363,27.0,763,0.7748489379882812,,0.07040982507169247,-0.0025440268218517303
364,31.0,991,1.0440406799316406,,0.14503886178135872,0.04438949376344681
365,31.0,1113,1.147597074508667,,0.10489233303815126,0.022760450839996338
366,32.0,1008,1.0590629577636719,,0.10962249059230089,0.021143019199371338
367,47.0,1585,1.6610565185546875,,0.06483942782506347,0.011931093409657478
368,28.0,1103,1.213118314743042,,0.12962932512164116,0.044095270335674286
369,30.0,1115,1.1623494625091553,,0.14447317458689213,0.05316050723195076
370,31.0,1169,1.2019970417022705,,0.09933437127619982,0.02852945774793625
371,27.0,827,0.9021291732788086,,0.06703361915424466,0.006594303995370865
372,30.0,1125,1.1712241172790527,,0.09750087466090918,0.030189793556928635
373,32.0,1073,1.1141400337219238,,0.11527940817177296,0.027703870087862015
374,30.0,1061,1.0993168354034424,,0.08225905988365412,0.019908379763364792
375,28.0,879,0.935460090637207,,0.07945340871810913,0.017495552077889442
376,27.0,949,1.0011250972747803,,0.11713908798992634,0.03103182464838028
377,38.0,1219,1.2526004314422607,,0.09471401292830706,0.02321433834731579
378,28.0,920,0.9795467853546143,,0.1941003706306219,0.06731906533241272
379,29.0,823,0.8266942501068115,,0.07141704019159079,0.0005289372056722641
380,29.0,910,0.9684808254241943,,0.16221933253109455,0.04225761443376541
381,30.0,923,0.9768450260162354,,0.14097758755087852,0.03707282245159149
382,31.0,1059,1.1019558906555176,,0.16324339620769024,0.06165720522403717
383,29.0,973,1.0233139991760254,,0.08041895553469658,0.008513852953910828
384,32.0,857,0.9150183200836182,,0.08666140865534544,0.008805584162473679
385,31.0,1043,1.084920883178711,,0.110363376326859,0.031237466260790825
386,26.0,964,0.9724404811859131,,0.11470676213502884,0.025088947266340256
387,33.0,1044,1.0957050323486328,,0.10386192426085472,0.016629472374916077
388,30.0,966,1.0200536251068115,,0.12576806731522083,0.015367962419986725
389,24.0,654,0.7383847236633301,,0.10629391949623823,0.018249567598104477
390,30.0,1050,1.0993149280548096,,0.13603470753878355,0.05035160481929779
391,26.0,797,0.8115673065185547,,0.0669578118249774,-0.003094188868999481
392,29.0,1044,1.0883452892303467,,0.21202949061989784,0.06489845365285873
393,30.0,935,0.9887433052062988,,0.08453449886292219,0.011223860085010529
394,25.0,785,0.8573920726776123,,0.10579789057374,0.02208852767944336
395,30.0,1284,1.3020195960998535,,0.10239619109779596,0.024907823652029037
396,32.0,905,0.958740234375,,0.0781840062700212,0.008627362549304962
397,32.0,755,0.7686750888824463,,0.09033298399299383,0.013771653175354004
398,30.0,985,1.0367701053619385,,0.17114287801086903,0.054644402116537094
399,33.0,999,1.0442285537719727,,0.1061945790424943,0.0193684920668602
400,32.0,1041,1.0929079055786133,,0.1228009145706892,0.03486877679824829
401,29.0,1053,1.096015214920044,,0.15115397423505783,0.04091127961874008
402,32.0,1215,1.3007104396820068,,0.05378476111218333,-0.010557515546679497
403,30.0,818,0.825390100479126,,0.09536147024482489,0.0037789568305015564
404,28.0,855,0.9189629554748535,,0.11206900887191296,0.012376520782709122
405,29.0,1063,1.1042838096618652,,0.1455845907330513,0.03639817610383034
406,22.0,589,0.6160340309143066,,0.10868716426193714,0.016485266387462616
407,31.0,881,0.9451591968536377,,0.20000471733510494,0.08099733293056488
408,57.0,1683,1.751716136932373,,0.15510575473308563,0.032707370817661285
409,31.0,1011,1.060074806213379,,0.3302030451595783,0.09372183680534363
410,27.0,743,0.8179125785827637,,0.11779769510030746,0.02957705780863762
411,50.0,1465,1.5549640655517578,,0.2545572239905596,0.09221383929252625
412,23.0,706,0.722151517868042,,0.3002949245274067,0.10835901647806168
413,32.0,738,0.750169038772583,,0.1310522612184286,0.04300955682992935
414,28.0,1171,1.266141414642334,,0.1698132771998644,0.04810444265604019
415,29.0,1164,1.1967995166778564,,0.10364869516342878,0.026123199611902237
416,38.0,1221,1.249603509902954,,0.07312290836125612,0.0202866829931736
417,29.0,1069,1.1132800579071045,,0.33351677283644676,0.14151373505592346
418,30.0,1012,1.0507018566131592,,0.13451369665563107,0.027649100869894028
419,27.0,781,0.8439891338348389,,0.09914795029908419,0.02991282194852829
420,59.0,2079,2.157733917236328,,0.20677213743329048,0.060683347284793854
421,26.0,753,0.7605257034301758,,0.48799778148531914,0.19157831370830536
422,28.0,1070,1.166663408279419,,0.08249341789633036,0.016310198232531548
423,19.0,597,0.6277689933776855,,0.10222155414521694,0.007976293563842773
424,30.0,959,1.0111746788024902,,0.17062494345009327,0.059480492025613785
425,32.0,840,0.8395066261291504,,0.05412396602332592,-0.017128638923168182
426,32.0,1305,1.3862998485565186,,0.1015722993761301,0.009111776947975159
427,32.0,1269,1.294323444366455,,0.16037928126752377,0.05751891806721687
428,32.0,1068,1.1046066284179688,,0.1305376412346959,0.029071565717458725
429,33.0,1053,1.097799301147461,,0.0856197765097022,0.018377620726823807
430,26.0,1051,1.1082563400268555,,0.0939358389005065,0.020305007696151733
431,31.0,966,1.021552324295044,,0.1215783404186368,0.012229658663272858
432,32.0,1014,1.0631511211395264,,0.11475230939686298,0.01945504918694496
433,33.0,911,0.9609889984130859,,0.06494563398882747,-0.003286341205239296
434,28.0,972,1.0324482917785645,,0.06773424334824085,0.012781448662281036
435,62.0,2195,2.2679319381713867,,0.39104165881872177,0.14537133276462555
436,23.0,684,0.7586672306060791,,0.16057864297181368,0.04237092286348343
437,33.0,1043,1.085228681564331,,0.10088144149631262,0.010078039020299911
438,31.0,1091,1.1305263042449951,,0.08881898783147335,0.029983408749103546
439,31.0,1307,1.3372795581817627,,0.14119711332023144,0.051612865179777145
440,33.0,1033,1.0777642726898193,,0.082401467487216,0.016138941049575806
441,32.0,804,0.866828441619873,,0.11085904203355312,0.026574987918138504
442,44.0,1201,1.244697093963623,,0.08912293612957001,0.02284075878560543
443,28.0,833,0.8938744068145752,,0.3423161022365093,0.13816604018211365
444,33.0,989,1.031205177307129,,0.0872632646933198,0.024751514196395874
445,29.0,929,0.9875190258026123,,0.1861243899911642,0.05854552611708641
446,39.0,1294,1.328099012374878,,0.10238730255514383,0.023896127939224243
447,31.0,987,1.0409176349639893,,0.36493340879678726,0.13823354244232178
448,29.0,972,1.023611307144165,,0.08235913328826427,0.03406892716884613
449,29.0,1043,1.1019389629364014,,0.11284853238612413,0.019086038693785667
450,30.0,873,0.9337217807769775,,0.09470856189727783,0.01839020848274231
451,31.0,925,0.9887259006500244,,0.15813696756958961,0.03949085995554924
452,29.0,929,0.9284834861755371,,0.13645687140524387,0.03270392864942551
453,33.0,1001,1.0482709407806396,,0.13556234072893858,0.04653352499008179
454,30.0,1165,1.2602009773254395,,0.10719051584601402,0.024294205009937286
455,33.0,1061,1.1010551452636719,,0.0730854980647564,0.014292754232883453
456,27.0,940,0.9415888786315918,,0.08121053036302328,0.003967590630054474
457,42.0,1191,1.2899317741394043,,0.09875176474452019,0.02660604566335678
458,27.0,807,0.8145902156829834,,0.24182368628680706,0.07870954275131226
459,31.0,1096,1.196164846420288,,0.15661528334021568,0.054370857775211334
460,31.0,969,0.9706597328186035,,0.07907756417989731,0.007701069116592407
461,30.0,1215,1.3021900653839111,,0.07901082513853908,-0.006558777764439583
462,29.0,821,0.829214334487915,,0.10546478256583214,0.013773169368505478
463,57.0,1801,1.9087550640106201,,0.21625991538167,0.061218731105327606
464,30.0,1045,1.0888595581054688,,0.23140709288418293,0.07729441672563553
465,29.0,848,0.9147305488586426,,0.1611280832439661,0.05425262823700905
466,31.0,1125,1.1647167205810547,,0.09443579893559217,0.014899151399731636
467,17.0,578,0.6069731712341309,,0.06759252352640033,-0.013957211747765541
468,30.0,1305,1.3291316032409668,,0.24803848005831242,0.09732048958539963
469,31.0,842,0.9098196029663086,,0.07519057486206293,0.0018741004168987274
470,31.0,1227,1.3119707107543945,,0.06416133046150208,0.0004415009170770645
471,30.0,1145,1.1854889392852783,,0.08027913980185986,0.02190496027469635
472,32.0,1060,1.10093092918396,,0.07334059197455645,0.018095161765813828
473,30.0,913,0.9648633003234863,,0.09126625023782253,0.016792790964245796
474,27.0,765,0.778045654296875,,0.059838816057890654,0.007179075852036476
475,32.0,1039,1.0799071788787842,,0.18718939460814,0.06356087327003479
476,32.0,872,0.9302213191986084,,0.10328896529972553,0.01266423612833023
477,23.0,953,1.0117623805999756,,0.2413071021437645,0.09197001904249191
478,34.0,1201,1.2333722114562988,,0.1095554968342185,0.028480833396315575
479,24.0,879,0.9449276924133301,,0.08302908018231392,0.020224716514348984
480,29.0,878,0.8814013004302979,,0.1445598527789116,0.029763206839561462
481,28.0,945,1.0006349086761475,,0.11205684579908848,0.02745015174150467
482,31.0,1101,1.1373770236968994,,0.15892915427684784,0.05242986977100372
483,24.0,865,0.9338052272796631,,0.06292173685505986,0.007484493777155876
484,13.0,482,0.5129420757293701,,0.2530900128185749,0.10027335584163666
485,32.0,1333,1.413684606552124,,0.15978685021400452,0.042168423533439636
486,58.0,1582,1.662583589553833,,0.28847814351320267,0.10003180801868439
487,31.0,925,0.9741413593292236,,0.1930238213390112,0.04592069983482361
488,29.0,881,0.8821084499359131,,0.10424081515520811,0.012922532856464386
489,28.0,950,0.9923670291900635,,0.1362874796614051,0.04160723835229874
490,25.0,753,0.826312780380249,,0.1008265521377325,0.01792820915579796
491,31.0,931,0.9273006916046143,,0.09700209647417068,0.009843174368143082
492,25.0,843,0.908696174621582,,0.0890900269150734,0.008539043366909027
493,28.0,1002,1.063448190689087,,0.15273272059857845,0.0383429192006588
494,23.0,697,0.7213728427886963,,0.18702584505081177,0.03630684316158295
495,25.0,913,0.9788517951965332,,0.13541813753545284,0.0486871674656868
496,51.0,1605,1.6863868236541748,,0.12461546249687672,0.030317727476358414
497,34.0,1159,1.2533352375030518,,0.09051960427314043,0.01886042393743992
498,20.0,627,0.6599962711334229,,0.11572453938424587,0.02776988223195076
499,33.0,1023,1.0750095844268799,,0.18971111997961998,0.06900855898857117
500,29.0,1197,1.2330877780914307,,0.09253590274602175,0.01816745288670063
501,32.0,1052,1.0943467617034912,,0.10058124735951424,0.019322309643030167
502,37.0,1410,1.49477219581604,,0.2046172432601452,0.062232501804828644
503,32.0,1181,1.2286677360534668,,0.3682752400636673,0.13287104666233063
504,30.0,914,0.977276086807251,,0.0883601438254118,0.010303806513547897
505,30.0,957,1.0145442485809326,,0.10518258158117533,0.02462565340101719
506,61.0,1946,2.058882474899292,,0.3697889409959316,0.1394670307636261
507,30.0,1103,1.1444833278656006,,0.15418964251875877,0.04266996681690216
508,24.0,707,0.7247686386108398,,0.14186938293278217,0.027978267520666122
509,33.0,1153,1.2440097332000732,,0.11756704840809107,0.02494898997247219
510,46.0,1826,1.8869054317474365,,0.11762288212776184,0.01803547516465187
511,22.0,623,0.6498873233795166,,0.2344552669674158,0.06487632542848587
512,29.0,1064,1.1097731590270996,,0.19544772617518902,0.07132313400506973
513,28.0,823,0.8930954933166504,,0.11176869831979275,0.020057890564203262
514,32.0,883,0.9576449394226074,,0.09650299604982138,0.02518678456544876
515,40.0,1402,1.432291030883789,,0.07802739460021257,0.01636175438761711
516,30.0,911,0.9694371223449707,,0.4093916565179825,0.14414049685001373
517,31.0,972,1.0268518924713135,,0.13823750987648964,0.04732874780893326
518,28.0,867,0.9341721534729004,,0.1464959755539894,0.044457923620939255
519,51.0,1879,1.9289240837097168,,0.11622219160199165,0.018668223172426224
520,24.0,827,0.8984005451202393,,0.34404079616069794,0.11989845335483551
521,16.0,523,0.5599632263183594,,0.33033502101898193,0.10517045110464096
522,34.0,894,0.9469261169433594,,0.18370183557271957,0.0662100687623024
523,56.0,1903,2.0158486366271973,,0.23496390506625175,0.07480502873659134
524,33.0,1025,1.0769476890563965,,0.18663974292576313,0.07514111697673798
525,30.0,981,1.0370283126831055,,0.1290519405156374,0.047854792326688766
526,29.0,1154,1.1951560974121094,,0.12305669207125902,0.03890470415353775
527,7.0,373,0.3556644916534424,,0.12305669207125902,0.03890470415353775
528,33.0,974,1.0279827117919922,,0.523461788892746,0.16726148128509521
529,17.0,660,0.7394156455993652,,0.16530711390078068,0.05270552635192871
530,14.0,515,0.5449957847595215,,0.15979302115738392,0.05640937387943268
531,17.0,524,0.5572855472564697,,0.21043930016458035,0.07123112678527832
532,32.0,1100,1.1432795524597168,,0.2203092984855175,0.08464409410953522
533,19.0,865,0.9325833320617676,,0.3108022138476372,0.10584908723831177
534,30.0,1023,1.0690734386444092,,0.19914880767464638,0.06668557226657867
535,28.0,1235,1.2622346878051758,,0.12589315883815289,0.03608517348766327
536,31.0,958,1.0116991996765137,,0.1397924330085516,0.049452606588602066
537,26.0,859,0.9276094436645508,,0.11762679554522038,0.03190785273909569
538,33.0,1112,1.1507072448730469,,0.15553699992597103,0.04480922967195511
539,49.0,1746,1.8161230087280273,,0.1141760079190135,0.02668776363134384
540,19.0,603,0.6310803890228271,,0.1850429456681013,0.05973648279905319
541,7.0,374,0.4179375171661377,,0.34361381083726883,0.11140195280313492
542,31.0,1220,1.2400541305541992,,0.3225376568734646,0.10768654942512512
543,23.0,792,0.8665549755096436,,0.09024098608642817,0.011070281267166138
544,32.0,1164,1.2016780376434326,,0.22589040733873844,0.09375777840614319
545,27.0,981,1.0446929931640625,,0.25933415442705154,0.09635914862155914
546,13.0,525,0.5692999362945557,,0.13592804595828056,0.02659212052822113
547,24.0,893,0.9660286903381348,,0.3765971437096596,0.1514131873846054
548,20.0,712,0.7338685989379883,,0.20258227735757828,0.07036513835191727
549,21.0,770,0.8461201190948486,,0.33682432398200035,0.13003431260585785
550,27.0,1143,1.196810245513916,,0.19468084536492825,0.04243011027574539
551,32.0,1310,1.408031940460205,,0.14426666870713234,0.04118313267827034
552,30.0,1239,1.2856826782226562,,0.18937204033136368,0.05705477297306061
553,28.0,991,1.0508735179901123,,0.14098514057695866,0.04537011682987213
554,23.0,931,1.0025973320007324,,0.1943226419389248,0.06629519164562225
555,29.0,1212,1.2567434310913086,,0.16269952431321144,0.0514332540333271
556,21.0,701,0.7246489524841309,,0.23122459650039673,0.08775892853736877
557,31.0,1215,1.3096859455108643,,0.1395815284922719,0.03855571895837784
558,26.0,993,1.0569398403167725,,0.08743400406092405,0.021985333412885666
559,8.0,529,0.5678462982177734,,0.18807627446949482,0.05379066988825798
560,30.0,1215,1.2613117694854736,,0.23418076522648335,0.06917543709278107
561,31.0,1099,1.1633727550506592,,0.13373439945280552,0.026587210595607758
562,21.0,669,0.7549829483032227,,0.18165125884115696,0.048182811588048935
563,31.0,1148,1.202883243560791,,0.16346816532313824,0.05280277878046036
564,10.0,406,0.4505765438079834,,0.1207149913534522,0.012699227780103683
565,10.0,502,0.5467288494110107,,0.14440545812249184,0.044964659959077835
566,31.0,1175,1.222609519958496,,0.28607772663235664,0.11069655418395996
567,14.0,624,0.6632475852966309,,0.1365236910060048,0.03009427711367607
568,9.0,400,0.44682931900024414,,0.26797013357281685,0.09149312973022461
569,9.0,497,0.5379884243011475,,0.17021062225103378,0.05051346868276596
570,33.0,1167,1.210092544555664,,0.14824925549328327,0.04493021219968796
571,30.0,1213,1.3226256370544434,,0.14790846407413483,0.04750099778175354
572,30.0,1052,1.1068899631500244,,0.12638614419847727,0.03661515191197395
573,18.0,593,0.6268789768218994,,0.11775715183466673,0.025107160210609436
574,29.0,997,1.063810110092163,,0.20040396600961685,0.07630036771297455
575,25.0,985,1.0489211082458496,,0.2279905080795288,0.055033326148986816
576,20.0,707,0.7305314540863037,,0.1528129056096077,0.05882221832871437
577,20.0,669,0.7042226791381836,,0.14943631552159786,0.0508807972073555
578,13.0,623,0.717919111251831,,0.1859891600906849,0.059642717242240906
579,34.0,1275,1.316697597503662,,0.2044382132589817,0.048542849719524384
580,19.0,837,0.9166340827941895,,0.2599755506962538,0.08148859441280365
581,29.0,1200,1.2440519332885742,,0.2581747006624937,0.08769908547401428
582,18.0,701,0.7213637828826904,,0.1442647622898221,0.021712344139814377
583,23.0,839,0.9182214736938477,,0.3244125433266163,0.11342492699623108
584,23.0,889,0.9571142196655273,,0.1963918711990118,0.03793524205684662
585,30.0,1212,1.2585899829864502,,0.12151582539081573,0.02526702918112278
586,32.0,968,1.0291779041290283,,0.1313186278566718,0.028550922870635986
587,31.0,1289,1.3837897777557373,,0.1300560850650072,0.028603028506040573
588,28.0,1123,1.1861650943756104,,0.1653735190629959,0.042878489941358566
589,28.0,1095,1.145768165588379,,0.1132056238129735,0.026334848254919052
590,26.0,921,0.9973769187927246,,0.0777291338890791,0.011165797710418701
591,7.0,399,0.38364624977111816,,0.0777291338890791,0.011165797710418701
592,27.0,889,0.9578037261962891,,0.4361570365726948,0.15328533947467804
593,30.0,1109,1.153949499130249,,0.16960306651890278,0.047319307923316956
594,29.0,981,1.0445892810821533,,0.10880964901298285,0.018764380365610123
595,32.0,1269,1.3630831241607666,,0.19101020507514477,0.0482640266418457
596,43.0,1469,1.552297592163086,,0.2177977915853262,0.06760315597057343
597,57.0,2043,2.153203248977661,,0.21075748465955257,0.059917841106653214
598,32.0,1110,1.147123098373413,,0.23053067550063133,0.09020614624023438
599,32.0,1239,1.2690093517303467,,0.11749471165239811,0.027853894978761673
600,26.0,768,0.8366227149963379,,0.13362192083150148,0.054523855447769165
601,28.0,1028,1.080714225769043,,0.17459517903625965,0.06217150762677193
602,33.0,1151,1.1865971088409424,,0.11822659149765968,0.036039821803569794
603,9.0,454,0.4931769371032715,,0.12252689059823751,0.02094094827771187
604,29.0,1146,1.182983160018921,,0.47308625280857086,0.19639132916927338
605,23.0,681,0.7009902000427246,,0.21487067639827728,0.07963232696056366
606,30.0,1025,1.0720577239990234,,0.19169647991657257,0.06991845369338989
607,31.0,1239,1.3259763717651367,,0.13562594167888165,0.04162954166531563
608,13.0,605,0.6358373165130615,,0.10126260295510292,0.013354156166315079
609,29.0,753,0.7662785053253174,,0.12157424166798592,0.02180393598973751
610,28.0,898,0.9843113422393799,,0.15043051913380623,0.026301909238100052
611,30.0,1024,1.0791139602661133,,0.12873317953199148,0.03558889776468277
612,27.0,972,1.0299944877624512,,0.10311201307922602,0.018773570656776428
613,32.0,1157,1.1948511600494385,,0.13213235046714544,0.031057819724082947
614,32.0,1126,1.2224676609039307,,0.13995403423905373,0.03626178205013275
615,38.0,1303,1.3224012851715088,,0.0975607680156827,0.023656705394387245
616,30.0,1070,1.111302375793457,,0.25738375447690487,0.08741240948438644
617,27.0,1046,1.092057228088379,,0.11923591885715723,0.02532915584743023
618,31.0,1129,1.164076566696167,,0.16238352842628956,0.03700855374336243
619,22.0,757,0.8324837684631348,,0.16554494202136993,0.042055681347846985
620,32.0,1243,1.283231258392334,,0.21900268271565437,0.07621568441390991
621,52.0,1557,1.6368625164031982,,0.19527543894946575,0.07104955613613129
622,29.0,886,0.9445359706878662,,0.2971606068313122,0.09979863464832306
623,31.0,1109,1.1538238525390625,,0.11638440005481243,0.02227633446455002
624,12.0,542,0.5736923217773438,,0.18057564832270145,0.050755057483911514
625,28.0,1007,1.0517675876617432,,0.2700115293264389,0.09892282634973526
626,28.0,1059,1.1029679775238037,,0.13675145898014307,0.029155749827623367
627,33.0,1157,1.2486491203308105,,0.13151540514081717,0.03780806064605713
628,42.0,1369,1.400977373123169,,0.1445311140269041,0.03925646096467972
629,22.0,686,0.7702937126159668,,0.39656779915094376,0.14024069905281067
630,31.0,1111,1.1569616794586182,,0.21076102554798126,0.052041176706552505
631,31.0,889,0.9549863338470459,,0.1152384178712964,0.03799613192677498
632,31.0,1273,1.3031249046325684,,0.21679729409515858,0.05086608976125717
633,32.0,1077,1.1202843189239502,,0.09914824459701777,0.024806112051010132
634,34.0,1137,1.17539381980896,,0.10448552016168833,0.024189084768295288
635,13.0,633,0.7213034629821777,,0.15380248986184597,0.041778430342674255
636,32.0,1223,1.2555537223815918,,0.37064995244145393,0.14288713037967682
637,30.0,1128,1.17116379737854,,0.12476284429430962,0.023816794157028198
638,29.0,1115,1.159362554550171,,0.13110222108662128,0.012316666543483734
639,30.0,1131,1.2357251644134521,,0.214550469070673,0.0665683001279831
640,29.0,1141,1.1857244968414307,,0.1796106304973364,0.06221139430999756
641,30.0,1113,1.1567721366882324,,0.11849718354642391,0.037114035338163376
642,20.0,847,0.918006420135498,,0.11750773899257183,0.018546294420957565
643,26.0,945,1.010810136795044,,0.2355173323303461,0.06739195436239243
644,29.0,1142,1.1910605430603027,,0.17047914117574692,0.04602903127670288
645,30.0,1345,1.3783769607543945,,0.10855911951512098,0.03123399429023266
646,19.0,791,0.8662903308868408,,0.05383004155009985,-0.011484440416097641
647,30.0,1333,1.4132823944091797,,0.1317000687122345,0.029669102281332016
648,31.0,1005,1.0605521202087402,,0.169160271063447,0.04417891055345535
649,44.0,1241,1.2860419750213623,,0.17540669813752174,0.06714306771755219
650,29.0,1088,1.1382534503936768,,0.2829155270010233,0.10515682399272919
651,29.0,1159,1.2115085124969482,,0.10430522821843624,0.01999908685684204
652,30.0,1145,1.2446386814117432,,0.16747042536735535,0.04962192475795746
653,31.0,1310,1.342825174331665,,0.19659807160496712,0.062232084572315216
654,23.0,741,0.819685697555542,,0.11452399380505085,0.03114927187561989
655,22.0,783,0.7976284027099609,,0.14427969884127378,0.04100397974252701
656,9.0,403,0.4439818859100342,,0.1919870860874653,0.06312821060419083
657,30.0,1107,1.151355266571045,,0.31722888350486755,0.11800166964530945
658,32.0,1097,1.135744333267212,,0.1666807271540165,0.05371297523379326
659,31.0,1083,1.1321806907653809,,0.10396617464721203,0.012486301362514496
660,27.0,866,0.9306857585906982,,0.11061711143702269,0.017946410924196243
661,27.0,791,0.866154670715332,,0.13942897506058216,0.02853493206202984
662,32.0,1200,1.2300891876220703,,0.13392032124102116,0.02730555459856987
663,32.0,991,1.0425019264221191,,0.15779116936028004,0.04955177754163742
664,30.0,973,1.0338990688323975,,0.15148681215941906,0.049826279282569885
665,29.0,1009,1.066542148590088,,0.15685043670237064,0.05267679691314697
666,40.0,1318,1.3478655815124512,,0.14272158406674862,0.03663445636630058
667,23.0,809,0.8794307708740234,,0.3407319523394108,0.1416054368019104
668,28.0,1021,1.0705361366271973,,0.1630212925374508,0.0417189821600914
669,19.0,780,0.8040413856506348,,0.20338362082839012,0.05356049910187721
670,31.0,1333,1.4244463443756104,,0.14161315094679594,0.023074598982930183
671,32.0,997,1.0480504035949707,,0.10235872957855463,0.016524624079465866
672,67.0,2094,2.1869688034057617,,0.29969900846481323,0.09624513983726501
673,33.0,980,1.0260093212127686,,0.11320418864488602,0.027568824589252472
674,32.0,1117,1.1556944847106934,,0.12179066613316536,0.032373931258916855
675,27.0,963,1.0236809253692627,,0.10623412113636732,0.03110247477889061
676,21.0,698,0.7196390628814697,,0.2430088371038437,0.07969871163368225
677,32.0,1155,1.2464334964752197,,0.13422679528594017,0.027003280818462372
678,39.0,1696,1.756847620010376,,0.12259470205754042,0.022388659417629242
679,41.0,1405,1.4881858825683594,,0.09195088129490614,0.006170794367790222
680,30.0,1004,1.0560834407806396,,0.11848113033920527,0.02951241098344326
681,31.0,1379,1.3894667625427246,,0.13164793513715267,0.047006141394376755
682,28.0,965,1.0211539268493652,,0.08625534269958735,0.0050116367638111115
683,38.0,1502,1.5826144218444824,,0.2983127571642399,0.09656094759702682
684,31.0,973,1.0201289653778076,,0.25438497215509415,0.08620068430900574
685,31.0,1033,1.0794868469238281,,0.17315540090203285,0.04673927277326584
686,38.0,1235,1.287665843963623,,0.10567760560661554,0.024563753977417946
687,51.0,1708,1.834688663482666,,0.08106127381324768,0.008309893310070038
688,31.0,1016,1.060164451599121,,0.18606187775731087,0.05376376956701279
689,32.0,1213,1.2475569248199463,,0.13612472359091043,0.04797828942537308
690,31.0,1301,1.3878612518310547,,0.17382750660181046,0.04254669323563576
691,30.0,1003,1.0686607360839844,,0.08521241415292025,0.0163566954433918
692,32.0,1284,1.3202683925628662,,0.16917352937161922,0.060710709542036057
693,31.0,1051,1.1005821228027344,,0.13069501798599958,0.027532365173101425
694,30.0,870,0.9400882720947266,,0.14957510121166706,0.04256872832775116
695,38.0,1371,1.4569175243377686,,0.16266332939267159,0.039656057953834534
696,29.0,1115,1.162928581237793,,0.09283988736569881,0.02521332912147045
697,32.0,1054,1.0992422103881836,,0.2801097948104143,0.0945187360048294
698,30.0,967,1.0235106945037842,,0.3319033905863762,0.11282115429639816
699,31.0,1139,1.168703317642212,,0.13648360315710306,0.03820468857884407
700,29.0,775,0.7891402244567871,,0.12630933616310358,0.0214298777282238
701,32.0,1161,1.26167893409729,,0.1667883712798357,0.05234616994857788
702,31.0,866,0.8658709526062012,,0.1876042615622282,0.0519886314868927
703,27.0,954,1.0234622955322266,,0.10104175563901663,0.020572055131196976
704,33.0,1053,1.0978472232818604,,0.2715300414711237,0.09852403402328491
705,32.0,1175,1.2757151126861572,,0.10888933576643467,0.026422547176480293
706,22.0,669,0.6966729164123535,,0.10696894861757755,0.011789403855800629
707,51.0,1857,1.9832260608673096,,0.30530233308672905,0.11604518443346024
708,30.0,917,0.9175071716308594,,0.38410989195108414,0.14916668832302094
709,31.0,1143,1.243537425994873,,0.11602359544485807,0.027465948835015297
710,31.0,1004,1.057870626449585,,0.12955832295119762,0.036123305559158325
711,30.0,1267,1.2947957515716553,,0.11249735951423645,0.027977414429187775
712,29.0,1021,1.0694947242736816,,0.10251450538635254,0.015018671751022339
713,31.0,1061,1.1101036071777344,,0.09528557304292917,0.008883511647582054
714,21.0,628,0.6546304225921631,,0.08133783843368292,0.009401021525263786
715,31.0,1155,1.2483339309692383,,0.10080017242580652,0.023577366024255753
716,32.0,1187,1.2243590354919434,,0.1519448459148407,0.03867455944418907
717,41.0,1163,1.2154443264007568,,0.14990210626274347,0.040256187319755554
718,32.0,1098,1.137765884399414,,0.2271740920841694,0.09202396869659424
719,38.0,1305,1.3956139087677002,,0.08636870142072439,0.012461205944418907
720,32.0,1093,1.1342802047729492,,0.1257284004241228,0.03485339879989624
721,29.0,1153,1.1994471549987793,,0.1917575616389513,0.05224841833114624
722,32.0,1218,1.3088748455047607,,0.10306560434401035,0.01998412236571312
723,30.0,1030,1.0774827003479004,,0.12272993847727776,0.036129072308540344
724,25.0,823,0.8369090557098389,,0.050879161804914474,-0.021169353276491165
725,38.0,1194,1.2897582054138184,,0.12606371473520994,0.028218034654855728
726,28.0,851,0.8585052490234375,,0.1935315728187561,0.06075865030288696
727,32.0,1164,1.2044999599456787,,0.17863124422729015,0.07002624124288559
728,33.0,1299,1.3835995197296143,,0.13194029964506626,0.04665086790919304
729,38.0,1217,1.2629055976867676,,0.09982848167419434,0.03314071148633957
730,33.0,1113,1.211012601852417,,0.10442553367465734,0.022041553631424904
731,32.0,1099,1.1436195373535156,,0.12853632867336273,0.03841841220855713
732,28.0,919,0.9797472953796387,,0.16441599652171135,0.058908384293317795
733,31.0,1159,1.1989057064056396,,0.13135289028286934,0.03662562370300293
734,30.0,1069,1.1115155220031738,,0.09922791551798582,0.02400464005768299
735,31.0,1217,1.24967622756958,,0.10680284537374973,0.029999572783708572
736,33.0,1159,1.258817195892334,,0.15253168251365423,0.042426228523254395
737,32.0,1141,1.1779658794403076,,0.09827492665499449,0.03333352506160736
738,30.0,1201,1.2359905242919922,,0.12721630278974771,0.031431347131729126
739,33.0,1048,1.0917847156524658,,0.08918121363967657,0.009362336248159409
740,30.0,1087,1.1354515552520752,,0.1126446295529604,0.023846808820962906
741,29.0,871,0.9314541816711426,,0.09347542002797127,0.024604905396699905
742,57.0,1717,1.783719539642334,,0.11846337653696537,0.02328033745288849
743,29.0,1010,1.0612928867340088,,0.30682408064603806,0.11246556043624878
744,22.0,717,0.7909655570983887,,0.128290843218565,0.04205755516886711
745,39.0,1305,1.3335926532745361,,0.16977402567863464,0.07294012606143951
746,30.0,1064,1.1127464771270752,,0.22789401933550835,0.06476731598377228
747,30.0,951,1.0112955570220947,,0.13461905345320702,0.045549776405096054
748,24.0,718,0.7937319278717041,,0.16247529909014702,0.03505605086684227
749,39.0,1196,1.2464184761047363,,0.1098470650613308,0.0322805680334568
750,29.0,1025,1.0733704566955566,,0.10736455954611301,0.04350632429122925
751,31.0,1103,1.1429619789123535,,0.15388386696577072,0.03955623507499695
752,27.0,849,0.9130356311798096,,0.1573590375483036,0.04694662243127823
753,33.0,1211,1.239394187927246,,0.11760455649346113,0.04032576456665993
754,30.0,1171,1.2059106826782227,,0.22451779432594776,0.07073738425970078
755,15.0,627,0.7135415077209473,,0.19554151594638824,0.051791343837976456
756,33.0,965,0.9525148868560791,,0.17914176732301712,0.07098259031772614
757,32.0,931,0.9837355613708496,,0.0968126617372036,0.0040418244898319244
758,31.0,1026,1.066486120223999,,0.12006829585880041,0.03715517371892929
759,31.0,836,0.8943257331848145,,0.09757812600582838,0.004965711385011673
760,31.0,987,1.0384063720703125,,0.0996347488835454,0.01964230090379715
761,26.0,837,0.9076838493347168,,0.30743546411395073,0.1238240972161293
762,26.0,763,0.7825338840484619,,0.3102408964186907,0.09766756743192673
763,31.0,1198,1.2346079349517822,,0.1305504934862256,0.049569763243198395
764,32.0,1067,1.1076796054840088,,0.06705804215744138,-0.0034633800387382507
765,32.0,1179,1.2747976779937744,,0.08324269857257605,0.002563830465078354
766,31.0,1097,1.1348788738250732,,0.08036086242645979,0.009976305067539215
767,27.0,1255,1.2927536964416504,,0.12361626792699099,0.04213685542345047
768,33.0,1067,1.1107399463653564,,0.13271383941173553,0.04522709175944328
769,54.0,1497,1.587085247039795,,0.13886328786611557,0.020275402814149857
770,23.0,873,0.9400880336761475,,0.2741356287151575,0.08751757442951202
771,55.0,1829,1.9608724117279053,,0.20425532199442387,0.06867390871047974
772,30.0,1140,1.1947553157806396,,0.17459885403513908,0.06113503873348236
773,32.0,1073,1.1354730129241943,,0.16196181997656822,0.045474931597709656
774,6.0,392,0.4388549327850342,,0.13811542093753815,0.029467668384313583
775,32.0,1496,1.5601272583007812,,0.10109535697847605,0.014994803816080093
776,26.0,881,0.8937957286834717,,0.061514594592154026,-0.0014613159000873566
777,10.0,499,0.5331652164459229,,0.1701451614499092,0.04719384014606476
778,44.0,1406,1.4895853996276855,,0.20226074755191803,0.05785108357667923
779,24.0,1131,1.1892294883728027,,0.2800746876746416,0.0807202160358429
780,20.0,769,0.8548717498779297,,0.21046682633459568,0.06891968846321106
781,28.0,888,0.8990151882171631,,0.1269595492631197,0.03377828747034073
782,30.0,1325,1.4121718406677246,,0.12221421673893929,0.02733546867966652
783,33.0,1119,1.1676044464111328,,0.10341248568147421,0.00977104902267456
784,28.0,919,0.9819247722625732,,0.08402788080275059,0.00937722623348236
785,30.0,1097,1.1344504356384277,,0.1465617697685957,0.04127025231719017
786,32.0,1326,1.4004499912261963,,0.1772788241505623,0.06932619214057922
787,24.0,855,0.8636882305145264,,0.11900645680725574,0.02772814780473709
788,25.0,913,0.9783670902252197,,0.2735714763402939,0.08770241588354111
789,32.0,1394,1.4643514156341553,,0.1475059539079666,0.031992021948099136
790,19.0,664,0.6896545886993408,,0.08521968685090542,0.007211189717054367
791,32.0,1005,1.0578958988189697,,0.2136724255979061,0.06657393276691437
792,30.0,1104,1.1546874046325684,,0.08127703052014112,0.004917029291391373
793,31.0,1129,1.2318315505981445,,0.17518807761371136,0.05089564621448517
794,39.0,1369,1.3955621719360352,,0.0889365654438734,0.00953676924109459
795,32.0,1247,1.3400647640228271,,0.14780675433576107,0.03998584300279617
796,7.0,413,0.4571816921234131,,0.10430717095732689,0.011708028614521027
797,11.0,497,0.47800755500793457,,0.10430717095732689,0.011708028614521027
798,31.0,1233,1.319277048110962,,0.11405504867434502,0.04526350647211075
799,32.0,1193,1.2228715419769287,,0.07828890718519688,0.013978824019432068
800,32.0,1067,1.1095333099365234,,0.063514971639961,0.00947660580277443
801,18.0,682,0.7695298194885254,,0.29715017043054104,0.0827566459774971
802,31.0,1076,1.1200850009918213,,0.20362175069749355,0.06543213129043579
803,31.0,1137,1.1886076927185059,,0.12209542188793421,0.02605716697871685
804,38.0,1449,1.516026258468628,,0.2239862773567438,0.07370094954967499
805,29.0,1082,1.1360437870025635,,0.20650703459978104,0.08158794790506363
806,31.0,1249,1.2803173065185547,,0.10679537244141102,0.018041124567389488
807,31.0,941,0.9968271255493164,,0.11684032436460257,0.026202574372291565
808,33.0,1406,1.4701728820800781,,0.20614105090498924,0.07324344664812088
809,29.0,1196,1.2215640544891357,,0.0635272883810103,0.006795015186071396
810,33.0,1047,1.092832088470459,,0.09598031174391508,0.01047893799841404
811,25.0,921,0.9861044883728027,,0.13248624559491873,0.03271757811307907
812,31.0,1048,1.0937857627868652,,0.35846468806266785,0.14731617271900177
813,30.0,1157,1.2003707885742188,,0.12945256009697914,0.032136887311935425
814,38.0,1374,1.4540541172027588,,0.247354282066226,0.07717439532279968
815,29.0,1169,1.2079994678497314,,0.30030464567244053,0.09991628676652908
816,24.0,843,0.9116513729095459,,0.07584566809237003,0.009626839309930801
817,31.0,1067,1.1095631122589111,,0.28584298864006996,0.08924306929111481
818,28.0,1035,1.086132287979126,,0.10555816907435656,0.021818380802869797
819,32.0,990,1.0440473556518555,,0.11754824221134186,0.03051048144698143
820,22.0,835,0.9137256145477295,,0.20589072816073895,0.0739593356847763
821,34.0,1378,1.4030721187591553,,0.20800448395311832,0.0683954507112503
822,18.0,693,0.7757139205932617,,0.06488863099366426,0.00045874714851379395
823,4.0,358,0.3439750671386719,,0.06488863099366426,0.00045874714851379395
824,21.0,809,0.889744758605957,,0.6694592013955116,0.28456196188926697
825,26.0,875,0.9492955207824707,,0.2608572281897068,0.12829624116420746
826,32.0,1281,1.3163652420043945,,0.3201030492782593,0.1126539409160614
827,20.0,683,0.7709836959838867,,0.09395476244390011,0.017974592745304108
828,31.0,1218,1.260556936264038,,0.17985020391643047,0.05428294092416763
829,26.0,945,1.0179352760314941,,0.16053977981209755,0.03226473182439804
830,28.0,1125,1.1731972694396973,,0.19406173937022686,0.05843347683548927
831,30.0,950,1.0127017498016357,,0.09438870288431644,0.02437807433307171
832,28.0,1197,1.2345545291900635,,0.1303663533180952,0.041111819446086884
833,51.0,1807,1.938575267791748,,0.11008595209568739,0.025405697524547577
834,27.0,1135,1.1800198554992676,,0.22406225465238094,0.07345998287200928
835,15.0,540,0.576591968536377,,0.1762033123522997,0.041645750403404236
836,33.0,1180,1.2221412658691406,,0.23655935004353523,0.07798232138156891
837,23.0,965,1.043372392654419,,0.1026613051071763,0.029170822352170944
838,24.0,738,0.8268013000488281,,0.16167506948113441,0.04504154622554779
839,18.0,719,0.7477543354034424,,0.23776403814554214,0.08011865615844727
840,27.0,1006,1.0690457820892334,,0.24537288956344128,0.09084311872720718
841,28.0,1173,1.2182440757751465,,0.14656499214470387,0.04191966354846954
842,30.0,1132,1.176572322845459,,0.05411258712410927,-0.007308695465326309
843,8.0,454,0.494157075881958,,0.15107781253755093,0.04608022794127464
844,31.0,1084,1.1318533420562744,,0.3894524350762367,0.13826587796211243
845,21.0,755,0.8373603820800781,,0.10538369882851839,0.012584734708070755
846,31.0,953,1.0234665870666504,,0.15331058856099844,0.02887391671538353
847,31.0,1202,1.2347946166992188,,0.09754459746181965,0.014318440109491348
848,31.0,890,0.9533085823059082,,0.0993096949532628,0.027567625045776367
849,29.0,1109,1.157886266708374,,0.07357535604387522,0.011790776625275612
850,26.0,823,0.8910231590270996,,0.11807405948638916,0.031906887888908386
851,30.0,1137,1.1777057647705078,,0.1681235246360302,0.05075289309024811
852,27.0,928,0.9876158237457275,,0.1224623890593648,0.028602175414562225
853,30.0,1010,1.074589729309082,,0.2970478031784296,0.08089718222618103
854,31.0,1156,1.2128260135650635,,0.0896080182865262,0.01731485314667225
855,11.0,489,0.526421070098877,,0.11129102762788534,0.022089354693889618
856,15.0,602,0.6305727958679199,,0.1446104208007455,0.03917178511619568
857,33.0,1178,1.2298390865325928,,0.30444163642823696,0.1018664613366127
858,26.0,900,0.9767353534698486,,0.1305529624223709,0.03034232184290886
859,13.0,616,0.6508774757385254,,0.17590990662574768,0.052064597606658936
860,56.0,2005,2.1187455654144287,,0.10283431597054005,0.005988724529743195
861,34.0,1237,1.3338730335235596,,0.18407722003757954,0.04801998659968376
862,27.0,994,1.062666416168213,,0.18618964403867722,0.06504877656698227
863,25.0,834,0.850247859954834,,0.11248578131198883,0.027021944522857666
864,32.0,1183,1.3064310550689697,,0.21936814673244953,0.07586215436458588
865,26.0,937,0.9431843757629395,,0.10541224759072065,0.016385342925786972
866,20.0,706,0.7843797206878662,,0.21258088015019894,0.07977281510829926
867,51.0,1597,1.682945728302002,,0.12460999190807343,0.026240233331918716
868,40.0,1349,1.441300868988037,,0.1191858584061265,0.023910392075777054
869,32.0,1252,1.2829232215881348,,0.16433549486100674,0.03359577804803848
870,32.0,1253,1.2885634899139404,,0.09162348881363869,0.016301902011036873
871,31.0,1164,1.2679765224456787,,0.11233387794345617,0.02866571582853794
872,17.0,799,0.8223206996917725,,0.08337123412638903,0.0027942955493927
873,24.0,918,0.9896969795227051,,0.3843356892466545,0.1441340446472168
874,31.0,1161,1.209794282913208,,0.26649661362171173,0.08221854269504547
875,31.0,1096,1.1418404579162598,,0.07002549804747105,-0.0017933771014213562
876,29.0,662,0.7427728176116943,,0.10592742543667555,0.009323801845312119
877,29.0,961,1.013456106185913,,0.21252643503248692,0.06439395993947983
878,40.0,1270,1.3039679527282715,,0.12380485702306032,0.0377521812915802
879,31.0,1125,1.1756010055541992,,0.19908028468489647,0.0686800628900528
880,29.0,1183,1.2783446311950684,,0.17628981918096542,0.04855072498321533
881,22.0,863,0.8752210140228271,,0.10075984243303537,0.012486480176448822
882,32.0,1195,1.280655860900879,,0.1382257342338562,0.0351228266954422
883,29.0,1166,1.1958868503570557,,0.13970881700515747,0.0475495308637619
884,26.0,901,0.9620628356933594,,0.07840082794427872,0.007325729355216026
885,31.0,1047,1.0931549072265625,,0.1667412631213665,0.04465711861848831
886,29.0,985,1.036001205444336,,0.15374881401658058,0.05497719347476959
887,20.0,802,0.811791181564331,,0.10907197836786509,0.009012214839458466
888,29.0,1120,1.154212474822998,,0.24061495624482632,0.07976745069026947
889,32.0,1199,1.2952566146850586,,0.13336855825036764,0.02905731461942196
890,31.0,1383,1.399397373199463,,0.18937970511615276,0.06442423909902573
891,24.0,993,1.047441005706787,,0.1088113496080041,0.020461969077587128
892,34.0,944,0.9968340396881104,,0.11819318495690823,0.02158544212579727
893,30.0,1257,1.3567359447479248,,0.1772603653371334,0.04591523855924606
894,42.0,1560,1.6313512325286865,,0.10759724862873554,0.01243637502193451
895,30.0,1258,1.288170337677002,,0.13778054434806108,0.03216266259551048
896,29.0,923,0.9839205741882324,,0.10592847596853971,0.01744914799928665
897,31.0,1089,1.1415789127349854,,0.15243100188672543,0.04880375415086746
898,25.0,972,1.0332977771759033,,0.12511329725384712,0.027934150770306587
899,29.0,964,1.0246121883392334,,0.11849214043468237,0.03556409105658531
900,30.0,1199,1.2382011413574219,,0.09876724053174257,0.013290051370859146
901,32.0,1135,1.1746633052825928,,0.07226535771042109,0.005804236978292465
902,31.0,1233,1.3333909511566162,,0.10593205504119396,0.014481943100690842
903,30.0,1089,1.1372487545013428,,0.13322647847235203,0.04184138402342796
904,13.0,506,0.5420222282409668,,0.12326074577867985,0.03365487605333328
905,27.0,964,1.024900197982788,,0.1914395522326231,0.061734169721603394
906,20.0,747,0.7722184658050537,,0.23433867283165455,0.06021741405129433
907,30.0,1164,1.2669093608856201,,0.19505919516086578,0.07418404519557953
908,31.0,1367,1.3799431324005127,,0.17813408933579922,0.05597802996635437
909,32.0,1042,1.0864043235778809,,0.08402756601572037,-0.0004046335816383362
910,29.0,1011,1.0698156356811523,,0.13103661127388477,0.04453796148300171
911,26.0,892,0.9597198963165283,,0.12357826717197895,0.04211234301328659
912,31.0,1046,1.102992057800293,,0.16734926961362362,0.04226052016019821
913,26.0,776,0.8476932048797607,,0.11877853516489267,0.03731171041727066
914,28.0,949,0.9552953243255615,,0.2197208758443594,0.07854142785072327
915,32.0,1167,1.2610723972320557,,0.13059102464467287,0.04060718044638634
916,22.0,699,0.7197930812835693,,0.14491470344364643,0.03338439762592316
917,31.0,1315,1.3999207019805908,,0.1413607243448496,0.03628517687320709
918,6.0,351,0.3352036476135254,,0.1413607243448496,0.03628517687320709
919,24.0,772,0.8454630374908447,,0.3071054592728615,0.0782235786318779
920,32.0,1086,1.1251370906829834,,0.17484064027667046,0.050882935523986816
921,28.0,1179,1.2160866260528564,,0.15445133671164513,0.04068682715296745
922,24.0,738,0.81207275390625,,0.09115701820701361,0.013053372502326965
923,32.0,1175,1.1996684074401855,,0.165551345795393,0.05326104164123535
924,26.0,861,0.9221177101135254,,0.1135264290496707,0.02761135995388031
925,12.0,473,0.5073421001434326,,0.2225237488746643,0.08398239314556122
926,29.0,1078,1.1261262893676758,,0.2145720049738884,0.06881630420684814
927,25.0,1105,1.149832010269165,,0.15072799660265446,0.039133403450250626
928,31.0,968,1.013857126235962,,0.1795501634478569,0.05229722708463669
929,32.0,1045,1.0856854915618896,,0.09894694294780493,0.012095712125301361
930,32.0,1242,1.2635321617126465,,0.14264404773712158,0.04681725800037384
931,32.0,1100,1.134751319885254,,0.0885263029485941,0.007502999156713486
932,31.0,972,1.0229706764221191,,0.08463062345981598,0.01583423651754856
933,28.0,993,1.0510001182556152,,0.13729891367256641,0.024903876706957817
934,21.0,721,0.7958235740661621,,0.15665165334939957,0.042599890381097794
935,29.0,801,0.8098828792572021,,0.2311809752136469,0.08157743513584137
936,28.0,909,0.9715378284454346,,0.18131720274686813,0.05541171878576279
937,42.0,1353,1.4348039627075195,,0.1278298581019044,0.022988855838775635
938,32.0,1232,1.2583014965057373,,0.1134490929543972,0.029800182208418846
939,29.0,1157,1.18941068649292,,0.06969368178397417,0.008673494681715965
940,30.0,1074,1.1188983917236328,,0.10217313002794981,0.01921403780579567
941,27.0,867,0.9356262683868408,,0.09214453026652336,0.008070927113294601
942,31.0,893,0.9452297687530518,,0.16699044220149517,0.06224643066525459
943,25.0,921,0.9814403057098389,,0.17645375803112984,0.056117188185453415
944,23.0,766,0.7886972427368164,,0.20686078816652298,0.06759029626846313
945,32.0,1171,1.209657907485962,,0.25473010912537575,0.10682952404022217
946,29.0,1103,1.211125135421753,,0.28691449388861656,0.08421798050403595
947,29.0,852,0.8599669933319092,,0.15932334959506989,0.04440338909626007
948,28.0,937,0.9905052185058594,,0.20409139804542065,0.06124357879161835
949,32.0,1295,1.381255865097046,,0.1407009605318308,0.0331425741314888
950,32.0,1157,1.190319299697876,,0.13772261794656515,0.046186257153749466
951,31.0,1243,1.2743337154388428,,0.20460710115730762,0.05120496824383736
952,32.0,1160,1.1814186573028564,,0.09382504317909479,0.013751883059740067
953,3.0,338,0.38109326362609863,,0.16220899019390345,0.039150170981884
954,31.0,1091,1.1337766647338867,,0.5269497074186802,0.16227073967456818
955,26.0,949,1.0062274932861328,,0.07886728271842003,-0.005549084395170212
956,29.0,1280,1.3792033195495605,,0.11919912975281477,0.021184930577874184
957,28.0,1101,1.1508150100708008,,0.13174957782030106,0.039208780974149704
958,12.0,693,0.7217907905578613,,0.17786572501063347,0.04287387803196907
959,31.0,1194,1.224501132965088,,0.3458624519407749,0.11444981396198273
960,28.0,1247,1.3365795612335205,,0.11213952209800482,0.021847212687134743
961,32.0,1355,1.4299523830413818,,0.24812529981136322,0.09323345124721527
962,25.0,874,0.8763296604156494,,0.1054520271718502,0.0011960342526435852
963,24.0,879,0.9417273998260498,,0.16759169474244118,0.05154930800199509
964,30.0,1157,1.1958189010620117,,0.2788050454109907,0.11305072158575058
965,21.0,819,0.8889553546905518,,0.17024949751794338,0.04944832623004913
966,11.0,675,0.6992175579071045,,0.11662166565656662,0.03079073317348957
967,31.0,1269,1.3565313816070557,,0.1615858804434538,0.04897640272974968
968,29.0,1165,1.207371711730957,,0.16773296892642975,0.045508548617362976
969,19.0,700,0.7268893718719482,,0.0979445930570364,0.016101371496915817
970,33.0,1099,1.1450202465057373,,0.2836563512682915,0.10453592985868454
971,31.0,1090,1.189453363418579,,0.2978515215218067,0.11282114684581757
972,31.0,1051,1.0946481227874756,,0.15065597277134657,0.045258864760398865
973,30.0,1141,1.1802654266357422,,0.20079953223466873,0.08555841445922852
974,33.0,878,0.9324665069580078,,0.16307880729436874,0.05340604484081268
975,31.0,1060,1.1013705730438232,,0.14600454829633236,0.05026193708181381
976,28.0,1163,1.2064125537872314,,0.12695674505084753,0.03801295906305313
977,30.0,1111,1.1565146446228027,,0.11498450115323067,0.017726413905620575
978,31.0,1094,1.1473636627197266,,0.11895803268998861,0.0294358991086483
979,26.0,798,0.8752889633178711,,0.1032555541023612,0.023030180484056473
980,33.0,1122,1.1623575687408447,,0.22163261659443378,0.06760624051094055
981,26.0,1002,1.0597996711730957,,0.09821491874754429,0.031338877975940704
982,15.0,666,0.6946380138397217,,0.2379404604434967,0.08707532286643982
983,32.0,1205,1.2882411479949951,,0.11117170099169016,0.032151129096746445
984,15.0,533,0.567833662033081,,0.07490266114473343,-0.008728135377168655
985,31.0,1006,1.0638234615325928,,0.1845652461051941,0.058969564735889435
986,30.0,1043,1.0925192832946777,,0.11743214819580317,0.032863542437553406
987,29.0,1035,1.0863003730773926,,0.13126104231923819,0.03779465705156326
988,25.0,740,0.7586276531219482,,0.09353993833065033,-0.006027664989233017
989,30.0,859,0.9288337230682373,,0.17255987413227558,0.06433207541704178
990,5.0,343,0.3309493064880371,,0.17255987413227558,0.06433207541704178
991,18.0,599,0.6923258304595947,,0.5808180570602417,0.24844644963741302
992,29.0,1030,1.080747127532959,,0.18087898939847946,0.051892608404159546
993,15.0,688,0.7160437107086182,,0.07239325949922204,-0.0059207044541835785
994,31.0,1074,1.1175048351287842,,0.27543930523097515,0.12269289791584015
995,29.0,1255,1.2715206146240234,,0.10518698301166296,0.01657532900571823
996,29.0,1029,1.0797009468078613,,0.08135014213621616,-0.012270599603652954
997,31.0,1027,1.0743122100830078,,0.12972788978368044,0.02934924140572548
998,16.0,579,0.6697366237640381,,0.1131563177332282,0.01623857021331787
999,34.0,1028,1.074347972869873,,0.23431111872196198,0.07356716692447662
1000,42.0,1475,1.5487926006317139,,0.1222979174926877,0.025665152817964554
1001,30.0,945,0.9462158679962158,,0.28429106436669827,0.11220034956932068
1002,31.0,952,1.0095603466033936,,0.1595940962433815,0.053943805396556854
1003,31.0,936,0.9893364906311035,,0.09261688403785229,0.014894368126988411
1004,31.0,1138,1.179433822631836,,0.0923374742269516,0.022832317277789116
1005,32.0,946,1.0083346366882324,,0.09956292994320393,0.024831324815750122
1006,29.0,1071,1.1146016120910645,,0.10253611207008362,0.034750133752822876
1007,24.0,834,0.902573823928833,,0.09930092934519053,0.015764830633997917
1008,30.0,1113,1.1483657360076904,,0.1671830639243126,0.0410529300570488
1009,31.0,1052,1.093576431274414,,0.10278725158423185,0.02268921211361885
1010,32.0,1035,1.0767149925231934,,0.10708961728960276,0.020821038633584976
1011,30.0,878,0.9391465187072754,,0.0937297772616148,0.02535422518849373
1012,31.0,929,0.9892706871032715,,0.10832493845373392,0.021923553198575974
1013,32.0,828,0.8386106491088867,,0.20625457353889942,0.06226494163274765
1014,29.0,962,1.0213429927825928,,0.08454351592808962,0.02279023267328739
1015,24.0,903,0.9780664443969727,,0.13181556109339,0.035793766379356384
1016,32.0,1170,1.2061972618103027,,0.22233502939343452,0.07838090509176254
1017,32.0,1143,1.1828525066375732,,0.09475944843143225,0.02060338482260704
1018,30.0,1056,1.1067910194396973,,0.12395621091127396,0.029872067272663116
1019,32.0,946,1.0050275325775146,,0.21692209877073765,0.055815357714891434
1020,30.0,1089,1.1355109214782715,,0.10807817801833153,0.01709640771150589
1021,32.0,1213,1.3021068572998047,,0.1265383455902338,0.030658617615699768
1022,28.0,984,1.037654161453247,,0.10291523486375809,0.02343687415122986
1023,28.0,852,0.8631885051727295,,0.17434719391167164,0.05026848986744881
1024,33.0,875,0.9353156089782715,,0.1624926384538412,0.05107228830456734
1025,31.0,1083,1.1287214756011963,,0.220084385946393,0.07950793206691742
1026,29.0,1007,1.0610020160675049,,0.08505529444664717,0.012658808380365372
1027,28.0,1114,1.159912109375,,0.10881159640848637,0.02957705222070217
1028,30.0,1135,1.2448956966400146,,0.12840789277106524,0.02808353491127491
1029,32.0,889,0.8884682655334473,,0.10437947046011686,0.020648673176765442
1030,31.0,951,1.0114233493804932,,0.09408335573971272,0.016176186501979828
1031,30.0,1125,1.173490047454834,,0.11233359947800636,0.037055257707834244
1032,16.0,522,0.5554766654968262,,0.13762816786766052,0.021627042442560196
1033,17.0,625,0.7099497318267822,,0.22677689045667648,0.08083099126815796
1034,31.0,1184,1.2224457263946533,,0.22415763325989246,0.07206407934427261
1035,32.0,1174,1.2042937278747559,,0.12616918236017227,0.027076680213212967
1036,28.0,988,1.0384526252746582,,0.06978766713291407,-0.0006368570029735565
1037,33.0,1197,1.2269387245178223,,0.1386967897415161,0.03329603374004364
1038,32.0,959,1.0083107948303223,,0.08555808011442423,-0.0018708929419517517
1039,30.0,1064,1.1069493293762207,,0.09131321869790554,0.022001897916197777
1040,39.0,1218,1.3135805130004883,,0.160281240940094,0.04336573928594589
1041,26.0,862,0.8895845413208008,,0.24172275699675083,0.07481710612773895
1042,14.0,431,0.46756935119628906,,0.11980384401977062,0.02552381344139576
1043,21.0,798,0.8729462623596191,,0.4684421792626381,0.2026573121547699
1044,1.0,327,0.36962151527404785,,0.12419545464217663,0.04543602094054222
1045,9.0,443,0.42392754554748535,,0.12419545464217663,0.04543602094054222
1046,19.0,717,0.8052558898925781,,0.3604513965547085,0.12082824856042862
1047,41.0,1552,1.6193561553955078,,0.14750546775758266,0.05010969191789627
1048,24.0,895,0.9656927585601807,,0.1552175898104906,0.03407510370016098
1049,25.0,1059,1.1149203777313232,,0.2979412395507097,0.1313098669052124
1050,31.0,1066,1.1088697910308838,,0.21508552320301533,0.08076256513595581
1051,30.0,974,1.0309052467346191,,0.19007529318332672,0.043304186314344406
1052,24.0,913,0.9210505485534668,,0.09672545362263918,0.003169432282447815
1053,29.0,1115,1.2240235805511475,,0.12171600293368101,0.029613735154271126
1054,29.0,1206,1.2395846843719482,,0.133351088501513,0.03796966373920441
1055,31.0,1131,1.1678833961486816,,0.20359738171100616,0.07580643147230148
1056,31.0,1221,1.313169002532959,,0.20754188299179077,0.05585441738367081
1057,31.0,1178,1.2292518615722656,,0.24478793516755104,0.06589822471141815
1058,31.0,1258,1.2982096672058105,,0.10672459937632084,0.01777559518814087
1059,32.0,771,0.842634916305542,,0.08952134940773249,0.008639402687549591
1060,29.0,857,0.8670587539672852,,0.23001449182629585,0.06720943748950958
1061,21.0,799,0.8707776069641113,,0.130589310079813,0.022271644324064255
1062,31.0,1168,1.209451675415039,,0.2855134252458811,0.10510493069887161
1063,31.0,979,1.040757417678833,,0.10751237161457539,0.015896782279014587
1064,25.0,927,0.9942669868469238,,0.0968512799590826,0.019781433045864105
1065,29.0,1024,1.0822803974151611,,0.17337700352072716,0.043385982513427734
1066,21.0,769,0.8492321968078613,,0.144915372133255,0.04310205578804016
1067,18.0,614,0.6446692943572998,,0.22298991307616234,0.0814821645617485
1068,31.0,1090,1.1395704746246338,,0.23479238897562027,0.06145673990249634
1069,30.0,913,0.9739069938659668,,0.11114485934376717,0.019680019468069077
1070,26.0,1273,1.315079689025879,,0.15600160136818886,0.04848631098866463
1071,18.0,623,0.6530988216400146,,0.10208091977983713,0.018268492072820663
1072,18.0,543,0.580345869064331,,0.11834969744086266,0.035350456833839417
1073,33.0,1184,1.2855229377746582,,0.14811518788337708,0.052981697022914886
1074,31.0,1235,1.2660276889801025,,0.08221708610653877,0.0195898599922657
1075,30.0,1035,1.0925190448760986,,0.06324910838156939,0.008667372167110443
1076,25.0,897,0.9690492153167725,,0.08041525352746248,0.009913735091686249
1077,32.0,1056,1.1142654418945312,,0.1245788037776947,0.02778158150613308
1078,32.0,1025,1.0839207172393799,,0.14324402809143066,0.049514289945364
1079,50.0,1694,1.7664759159088135,,0.12075130548328161,0.02210470847785473
1080,30.0,1041,1.1029551029205322,,0.2606791388243437,0.0827261283993721
1081,31.0,1046,1.0945470333099365,,0.08390245866030455,0.01609322428703308
1082,31.0,971,1.0264770984649658,,0.09659542329609394,0.01282123476266861
1083,29.0,1157,1.2624390125274658,,0.09846431575715542,0.024117914959788322
1084,17.0,553,0.5878875255584717,,0.156256265938282,0.03969625011086464
1085,27.0,821,0.833951473236084,,0.1909019649028778,0.07704973965883255
1086,31.0,1310,1.4035005569458008,,0.14473264291882515,0.03284180164337158
1087,31.0,1029,1.0788507461547852,,0.12744594179093838,0.039139524102211
1088,31.0,932,0.9900236129760742,,0.10413527209311724,0.007878165692090988
1089,29.0,958,0.9591934680938721,,0.10492439474910498,0.0032748132944107056
1090,30.0,985,1.037414312362671,,0.11273970827460289,0.02501101791858673
1091,25.0,748,0.8214421272277832,,0.12519638612866402,0.03482843190431595
1092,42.0,1474,1.5560359954833984,,0.10584816709160805,0.013184228911995888
1093,29.0,1099,1.1549530029296875,,0.3639024794101715,0.10624516010284424
1094,31.0,1042,1.086848497390747,,0.16784548200666904,0.07161056995391846
1095,30.0,1127,1.1751577854156494,,0.16691705025732517,0.05143093690276146
1096,31.0,1191,1.224259614944458,,0.10588702280074358,0.02746056206524372
1097,34.0,833,0.89483642578125,,0.080234763212502,0.008621195331215858
1098,19.0,789,0.8641045093536377,,0.3090628497302532,0.11685824394226074
1099,32.0,903,0.9026925563812256,,0.25249601900577545,0.08866901695728302
1100,23.0,849,0.9165329933166504,,0.11971926037222147,0.036551471799612045
1101,33.0,1003,1.056574821472168,,0.2328415233641863,0.08134645223617554
1102,30.0,891,0.9577128887176514,,0.10982102248817682,0.0287360567599535
1103,30.0,955,1.01356840133667,,0.09849153365939856,0.02638748660683632
1104,33.0,1097,1.1411495208740234,,0.11960285250097513,0.033378951251506805
1105,31.0,1048,1.1036593914031982,,0.17731275409460068,0.06626032292842865
1106,31.0,1219,1.2515273094177246,,0.16760374419391155,0.04775172844529152
1107,50.0,1621,1.7020339965820312,,0.1414964236319065,0.03729821741580963
1108,29.0,950,1.0077884197235107,,0.30092567577958107,0.11251064389944077
1109,29.0,987,1.0363123416900635,,0.10624131374061108,0.02766801044344902
1110,30.0,1171,1.2130517959594727,,0.1283453879877925,0.04055023193359375
1111,16.0,617,0.7068221569061279,,0.1694313883781433,0.060216061770915985
1112,29.0,1123,1.1620416641235352,,0.32603849098086357,0.1041516661643982
1113,31.0,1149,1.1971960067749023,,0.10988688748329878,0.02268093265593052
1114,31.0,1255,1.2941617965698242,,0.14141974598169327,0.042650796473026276
1115,29.0,1118,1.219179630279541,,0.1467864140868187,0.037656690925359726
1116,57.0,1645,1.7193949222564697,,0.11331503372639418,0.03230870142579079
1117,30.0,1109,1.1618258953094482,,0.3482123613357544,0.09845251590013504
1118,28.0,1000,1.0554652214050293,,0.16970986314117908,0.053648412227630615
1119,27.0,881,0.9464817047119141,,0.1912748720496893,0.06636247783899307
1120,57.0,1756,1.8345215320587158,,0.10385274235159159,0.012007728219032288
1121,20.0,609,0.6437029838562012,,0.22086941450834274,0.06639118492603302
1122,18.0,695,0.7788619995117188,,0.25671754218637943,0.08668205142021179
1123,25.0,965,1.0231285095214844,,0.24299492686986923,0.08438417315483093
1124,24.0,727,0.742811918258667,,0.08199640363454819,0.0004107765853404999
1125,31.0,1125,1.1664350032806396,,0.10919630620628595,0.022324709221720695
1126,47.0,1507,1.5940659046173096,,0.21670312620699406,0.0651346743106842
1127,30.0,999,1.0583820343017578,,0.24021698534488678,0.060780949890613556
1128,31.0,951,1.0002267360687256,,0.0998984556645155,0.019564077258110046
1129,31.0,804,0.8618640899658203,,0.20885280519723892,0.06347766518592834
1130,30.0,1045,1.0995185375213623,,0.22263603284955025,0.08112078905105591
1131,21.0,593,0.6239659786224365,,0.11921370215713978,0.012862972915172577
1132,31.0,916,0.9774556159973145,,0.2616577781736851,0.10600052028894424
1133,30.0,1155,1.194061040878296,,0.13408027961850166,0.040808867663145065
1134,29.0,833,0.8390343189239502,,0.060798431281000376,-0.00012484006583690643
1135,31.0,916,0.9792463779449463,,0.10699663683772087,0.019778337329626083
1136,31.0,1188,1.2883946895599365,,0.11868280358612537,0.02551782876253128
1137,30.0,1098,1.1418941020965576,,0.14953811094164848,0.049032289534807205
1138,30.0,1241,1.2883691787719727,,0.131031671538949,0.03254944458603859
1139,58.0,1868,1.9848058223724365,,0.29111080057919025,0.09143077582120895
1140,27.0,982,1.0397188663482666,,0.13656447175890207,0.04941929876804352
1141,31.0,987,1.0512893199920654,,0.22093461453914642,0.0959894135594368
1142,39.0,1223,1.2627935409545898,,0.10162038821727037,0.010767925530672073
1143,32.0,1293,1.3149909973144531,,0.2670168485492468,0.09010818600654602
1144,32.0,1028,1.0786855220794678,,0.06814389070495963,0.0017536096274852753
1145,30.0,859,0.923649787902832,,0.07721720729023218,0.0013024844229221344
1146,31.0,1132,1.1765639781951904,,0.1428037229925394,0.03421371430158615
1147,30.0,1185,1.2737882137298584,,0.12111862190067768,0.027465669438242912
1148,24.0,705,0.7233493328094482,,0.08370491396635771,0.009882459416985512
1149,59.0,2059,2.153892755508423,,0.21684514544904232,0.06666684150695801
1150,40.0,1444,1.5195374488830566,,0.14874361641705036,0.037631385028362274
1151,32.0,1094,1.129591941833496,,0.19597689621150494,0.06467738002538681
1152,24.0,884,0.9456970691680908,,0.1230600131675601,0.04089219868183136
1153,13.0,579,0.6075949668884277,,0.2634366974234581,0.08177658915519714
1154,21.0,724,0.7409267425537109,,0.3088061437010765,0.09842155128717422
1155,31.0,1055,1.0884838104248047,,0.21542339958250523,0.05907614529132843
1156,37.0,1419,1.501305341720581,,0.26561835780739784,0.09180252254009247
1157,31.0,1279,1.3631618022918701,,0.14100858941674232,0.03895997256040573
1158,37.0,1401,1.4284675121307373,,0.12726393807679415,0.029638951644301414
1159,32.0,1272,1.3575873374938965,,0.18596041295677423,0.07309611886739731
1160,27.0,1214,1.2519257068634033,,0.11329364217817783,0.023370346054434776
1161,29.0,887,0.9452471733093262,,0.12328146677464247,0.02102036029100418
1162,31.0,931,0.9970376491546631,,0.12574555817991495,0.027351945638656616
1163,32.0,1419,1.4928202629089355,,0.22586417384445667,0.05793805047869682
1164,32.0,1209,1.2410242557525635,,0.10878729727119207,0.03389563784003258
1165,30.0,1137,1.180859088897705,,0.09125373419374228,0.018522383645176888
1166,25.0,928,0.9924163818359375,,0.082281693816185,0.014368487522006035
1167,32.0,1379,1.4600200653076172,,0.14156408328562975,0.028481826186180115
1168,32.0,1060,1.1141269207000732,,0.09308825992047787,0.024938508868217468
1169,32.0,1397,1.4209415912628174,,0.08758894354104996,0.02269323728978634
1170,58.0,2019,2.1183922290802,,0.11005780287086964,0.0025929324328899384
1171,30.0,1272,1.3560638427734375,,0.14002514444291592,0.03147091716527939
1172,27.0,1185,1.2247564792633057,,0.07183418981730938,0.008820878341794014
1173,31.0,1061,1.1138994693756104,,0.06740852119401097,0.011120952665805817
1174,62.0,2092,2.1861414909362793,,0.2105735596269369,0.056675948202610016
1175,22.0,754,0.8335354328155518,,0.2284193467348814,0.06554510444402695
1176,21.0,706,0.7286784648895264,,0.1281505236402154,0.02556755766272545
1177,38.0,1485,1.559326410293579,,0.1437210813164711,0.033763643354177475
1178,27.0,1023,1.0757167339324951,,0.3506321609020233,0.13610568642616272
1179,28.0,874,0.9380311965942383,,0.10204763244837523,0.016969069838523865
1180,34.0,1310,1.340613842010498,,0.10145801492035389,0.02482003904879093
1181,21.0,809,0.8824594020843506,,0.16387250274419785,0.05329059064388275
1182,28.0,864,0.9325628280639648,,0.2011288534849882,0.06816419214010239
1183,29.0,1200,1.2291252613067627,,0.1437966302037239,0.04237603396177292
1184,27.0,1159,1.200906753540039,,0.08750397618860006,0.016100263223052025
1185,31.0,1319,1.4008111953735352,,0.11182473786175251,0.01734308898448944
1186,32.0,1305,1.3305459022521973,,0.09318656381219625,0.016339309513568878
1187,24.0,795,0.8676202297210693,,0.08417437877506018,0.0009570494294166565
1188,57.0,1693,1.7717697620391846,,0.15623745135962963,0.03699225187301636
1189,31.0,1391,1.4801909923553467,,0.1571994163095951,0.038239117711782455
1190,55.0,1962,2.080313205718994,,0.21119835041463375,0.04934334754943848
1191,18.0,685,0.7128665447235107,,0.166105255484581,0.044674187898635864
1192,33.0,1380,1.4680469036102295,,0.09263821970671415,0.013365278020501137
1193,28.0,1193,1.2303264141082764,,0.16854693740606308,0.04750029742717743
1194,33.0,1055,1.1006817817687988,,0.12474853172898293,0.03527170419692993
1195,41.0,1497,1.5766165256500244,,0.15588406845927238,0.04995960369706154
1196,32.0,1193,1.225100040435791,,0.18351907283067703,0.048573195934295654
1197,25.0,857,0.9321105480194092,,0.11258955486118793,0.017149589955806732
1198,31.0,1127,1.167145013809204,,0.1825640145689249,0.06352996826171875
1199,31.0,1073,1.1208796501159668,,0.11578933242708445,0.019911129027605057
1200,31.0,1098,1.1960289478302002,,0.1907592248171568,0.08120034635066986
1201,50.0,1709,1.7708771228790283,,0.09668620675802231,0.00516851618885994
1202,33.0,1025,1.0621354579925537,,0.23483188450336456,0.0711052417755127
1203,32.0,1049,1.1042454242706299,,0.06472883420065045,-0.002171255648136139
1204,33.0,1387,1.4683475494384766,,0.12477549538016319,0.039388515055179596
1205,30.0,1033,1.0868630409240723,,0.08884376380592585,0.01396872103214264
1206,52.0,1689,1.7523443698883057,,0.12194105703383684,0.011487603187561035
1207,32.0,1303,1.3843045234680176,,0.15546750463545322,0.03239162638783455
1208,30.0,1019,1.060859203338623,,0.10646318178623915,0.011224394664168358
1209,30.0,960,0.9600720405578613,,0.14377925638109446,0.031238876283168793
1210,39.0,1327,1.4092187881469727,,0.19141507148742676,0.04767361283302307
1211,58.0,1878,1.99141526222229,,0.12481537647545338,0.028162581846117973
1212,32.0,1025,1.0658714771270752,,0.24596775881946087,0.08680771291255951
1213,27.0,1022,1.0791139602661133,,0.26806091517210007,0.10807526856660843
1214,31.0,976,1.0211920738220215,,0.14176043588668108,0.04539521038532257
1215,32.0,1056,1.0938918590545654,,0.144684923812747,0.041484445333480835
1216,17.0,567,0.5944974422454834,,0.12527571339160204,0.019084472209215164
1217,30.0,1018,1.0678648948669434,,0.2589145340025425,0.09277515858411789
1218,39.0,1409,1.4557251930236816,,0.19794132560491562,0.05826902389526367
1219,22.0,755,0.8314061164855957,,0.20807797461748123,0.04569417983293533
1220,27.0,1137,1.1767632961273193,,0.25783670879900455,0.08849648386240005
1221,33.0,1175,1.199143886566162,,0.07727551274001598,0.0016185939311981201
1222,31.0,1270,1.3445100784301758,,0.15781390853226185,0.05317576229572296
1223,33.0,1069,1.1123483180999756,,0.09539609588682652,0.014101438224315643
1224,32.0,1160,1.187840461730957,,0.07213997561484575,0.0056631118059158325
1225,27.0,698,0.7718484401702881,,0.1730986200273037,0.0521143414080143
1226,32.0,1097,1.1363258361816406,,0.2125078085809946,0.0799766480922699
1227,32.0,1293,1.3193833827972412,,0.12721622455865145,0.03694261610507965
1228,32.0,982,1.0327401161193848,,0.0807378925383091,0.006124548614025116
1229,28.0,929,0.9848322868347168,,0.12190407887101173,0.01537148654460907
1230,21.0,759,0.8375911712646484,,0.28634756430983543,0.09750208258628845
1231,31.0,981,0.9849979877471924,,0.27242671698331833,0.10130203515291214
1232,33.0,1129,1.2290210723876953,,0.10944558028131723,0.024740172550082207
1233,29.0,1065,1.1198632717132568,,0.14548616018146276,0.03657366707921028
1234,33.0,1170,1.214409351348877,,0.16136514581739902,0.05388374254107475
1235,30.0,1254,1.2885749340057373,,0.09945505764335394,0.011604662984609604
1236,24.0,909,0.9733254909515381,,0.08488538768142462,0.0021317340433597565
1237,31.0,1215,1.3039355278015137,,0.1151734059676528,0.020180802792310715
1238,32.0,994,1.0459425449371338,,0.11307955160737038,0.008653555065393448
1239,29.0,1165,1.212224006652832,,0.21946820057928562,0.08686268329620361
1240,30.0,1080,1.1424314975738525,,0.2931240014731884,0.08531450480222702
1241,55.0,2000,2.12256121635437,,0.16863036900758743,0.05546894669532776
1242,32.0,1189,1.2290642261505127,,0.23716494999825954,0.0882498100399971
1243,27.0,1104,1.1590824127197266,,0.10481561534106731,0.022778011858463287
1244,30.0,1229,1.3186933994293213,,0.12486244551837444,0.025676993653178215
1245,15.0,509,0.5466599464416504,,0.08787322230637074,0.008784577250480652
1246,25.0,924,0.9933822154998779,,0.27802395448088646,0.10991517454385757
1247,30.0,987,0.9808189868927002,,0.23759793862700462,0.07618511468172073
1248,21.0,757,0.8369221687316895,,0.08988501038402319,0.007484260946512222
1249,28.0,1223,1.2568018436431885,,0.1844298541545868,0.0586513876914978
1250,32.0,1024,1.0707082748413086,,0.08873770106583834,-0.0029952116310596466
1251,30.0,1160,1.2497045993804932,,0.13567803800106049,0.023512102663517
1252,26.0,1033,1.0881404876708984,,0.13495269231498241,0.03181857615709305
1253,29.0,1109,1.156923770904541,,0.09584893379360437,0.016500143334269524
1254,17.0,680,0.705085277557373,,0.22256050631403923,0.0595819391310215
1255,32.0,1045,1.0899202823638916,,0.2923789247870445,0.10921553522348404
1256,29.0,881,0.949704647064209,,0.0907228197902441,0.01844964362680912
1257,26.0,772,0.7897689342498779,,0.12194420769810677,0.02849620394408703
1258,28.0,1057,1.1081583499908447,,0.1366469794884324,0.03003462590277195
1259,30.0,1037,1.087843656539917,,0.16959961131215096,0.03984415531158447
1260,30.0,1161,1.2656505107879639,,0.15919925458729267,0.026011008769273758
1261,21.0,624,0.6521680355072021,,0.22657014802098274,0.06971244513988495
1262,31.0,996,1.051543951034546,,0.14081214554607868,0.03484432399272919
1263,27.0,1161,1.202153205871582,,0.09977795742452145,0.011973176151514053
1264,27.0,963,1.0176517963409424,,0.07776399236172438,0.004883520305156708
1265,49.0,1745,1.8136935234069824,,0.1371765499934554,0.017533883452415466
1266,31.0,1003,1.0515251159667969,,0.32039577700197697,0.10482130944728851
1267,32.0,1233,1.319476842880249,,0.1253194585442543,0.045615263283252716
1268,30.0,1177,1.2246475219726562,,0.18273653276264668,0.04523983970284462
1269,31.0,1031,1.0847420692443848,,0.07966212928295135,0.009509637951850891
1270,24.0,873,0.9388418197631836,,0.07594889402389526,0.0041480716317892075
1271,32.0,1269,1.2885682582855225,,0.08208626415580511,0.002803383395075798
1272,33.0,1198,1.2917389869689941,,0.14072038792073727,0.03895047307014465
1273,29.0,1197,1.22758150100708,,0.11311768367886543,0.03017069399356842
1274,33.0,1061,1.1067278385162354,,0.12667209282517433,0.03482124209403992
1275,29.0,1221,1.2540721893310547,,0.11491156555712223,0.019552048295736313
1276,28.0,1082,1.193108320236206,,0.07036496186628938,0.011498626321554184
1277,31.0,1088,1.136547565460205,,0.0883068647235632,0.010776080191135406
1278,25.0,816,0.8297977447509766,,0.1338702430948615,0.025675222277641296
1279,30.0,1033,1.076770305633545,,0.12239635828882456,0.020453210920095444
1280,30.0,1071,1.1150281429290771,,0.08406358677893877,0.01812174916267395
1281,51.0,1937,2.048482656478882,,0.09307525772601366,0.011584300547838211
1282,30.0,1014,1.0613281726837158,,0.26147929951548576,0.06548052281141281
1283,32.0,1271,1.3559465408325195,,0.14267253316938877,0.038264237344264984
1284,29.0,1073,1.1191554069519043,,0.09330072160810232,0.01088729128241539
1285,32.0,1346,1.3649089336395264,,0.1575823500752449,0.04426513984799385
1286,26.0,893,0.9578325748443604,,0.08055311907082796,0.0031761527061462402
1287,29.0,833,0.8994441032409668,,0.13098475150763988,0.030478281900286674
1288,31.0,963,1.018498182296753,,0.1821084301918745,0.06410141289234161
1289,53.0,1950,1.999269962310791,,0.16214851662516594,0.0325392484664917
1290,30.0,930,0.982743501663208,,0.2589785400778055,0.08767138421535492
1291,53.0,1887,1.982456922531128,,0.18829634971916676,0.062238357961177826
1292,26.0,1004,1.0625417232513428,,0.1566618587821722,0.03932826966047287
1293,31.0,938,0.9927353858947754,,0.18116537481546402,0.06282973289489746
1294,29.0,1098,1.136406660079956,,0.09578797966241837,0.015416501089930534
1295,26.0,1196,1.222762107849121,,0.06862560752779245,0.005202660337090492
1296,31.0,970,1.0141208171844482,,0.14200375974178314,0.03631756454706192
1297,29.0,1058,1.0945396423339844,,0.07555596809834242,0.006097113713622093
1298,31.0,1057,1.0999557971954346,,0.08262982778251171,0.015307677909731865
1299,31.0,1128,1.170931100845337,,0.1726595051586628,0.04187972843647003
1300,31.0,1128,1.219935655593872,,0.07858069520443678,0.008844561874866486
1301,31.0,1115,1.1526954174041748,,0.15557107888162136,0.045653361827135086
1302,32.0,1273,1.3041398525238037,,0.08797317277640104,0.012673301622271538
1303,31.0,1147,1.249234676361084,,0.10209351684898138,0.019866902381181717
1304,29.0,1033,1.0809707641601562,,0.09476406499743462,0.0225779227912426
1305,43.0,1387,1.4125597476959229,,0.09025462344288826,0.022895658388733864
1306,22.0,737,0.8110418319702148,,0.17928882129490376,0.06183372065424919
1307,32.0,1235,1.2572896480560303,,0.165100472047925,0.035730861127376556
1308,25.0,882,0.9434018135070801,,0.06905700918287039,-0.00327242910861969
1309,32.0,1171,1.2016022205352783,,0.11752636358141899,0.030658552423119545
1310,30.0,1016,1.0611648559570312,,0.13608773052692413,0.04414170980453491
1311,31.0,1230,1.3210563659667969,,0.14711443427950144,0.051639657467603683
1312,27.0,1284,1.3064935207366943,,0.09766609501093626,0.01699894480407238
1313,29.0,1039,1.0774421691894531,,0.0968979811295867,0.02409597486257553
1314,32.0,1257,1.3369245529174805,,0.156949732452631,0.04375816136598587
1315,13.0,665,0.6885919570922852,,0.1253193812444806,0.022314824163913727
1316,27.0,1037,1.084001064300537,,0.2853108011186123,0.08966796845197678
1317,31.0,985,1.0298848152160645,,0.12802359461784363,0.030925560742616653
1318,32.0,1076,1.115811824798584,,0.09997002128511667,0.012293599545955658
1319,30.0,1019,1.0615959167480469,,0.09254979528486729,0.020354002714157104
1320,20.0,701,0.7192103862762451,,0.19487938471138477,0.0631762221455574
1321,31.0,1052,1.0942645072937012,,0.22149336710572243,0.0681462287902832
1322,33.0,1188,1.2847204208374023,,0.09503649733960629,0.006726793944835663
1323,34.0,1231,1.2524311542510986,,0.08613703027367592,0.010431118309497833
1324,30.0,1055,1.092599868774414,,0.14947319589555264,0.04317545145750046
1325,30.0,1239,1.2609758377075195,,0.085487169213593,0.015962328761816025
1326,29.0,1078,1.177703619003296,,0.11362219043076038,0.02675962634384632
1327,32.0,919,0.9126482009887695,,0.11795801017433405,0.019325390458106995
1328,19.0,609,0.6868202686309814,,0.17933192290365696,0.057394228875637054
1329,25.0,834,0.8420846462249756,,0.17611444182693958,0.05762125179171562
1330,29.0,1136,1.1674389839172363,,0.15537196770310402,0.03699668496847153
1331,27.0,960,1.0104618072509766,,0.07312856614589691,-0.007425926625728607
1332,30.0,1048,1.089008092880249,,0.1277702795341611,0.02298896759748459
1333,28.0,1033,1.07979416847229,,0.09992044325917959,0.006432380527257919
1334,29.0,1097,1.1435999870300293,,0.09896796103566885,0.018274512141942978
1335,19.0,653,0.7414646148681641,,0.09794894233345985,0.007562711834907532
1336,33.0,1011,1.0629596710205078,,0.21603319607675076,0.08195482194423676
1337,33.0,1237,1.2669079303741455,,0.1755468286573887,0.0710313469171524
1338,32.0,1189,1.222710132598877,,0.18840458989143372,0.06168515980243683
1339,28.0,899,0.9553508758544922,,0.09049726277589798,0.014741688966751099
1340,31.0,1041,1.0854249000549316,,0.11605730466544628,0.029567118734121323
1341,60.0,1840,1.9508435726165771,,0.1572499591857195,0.03272134065628052
1342,31.0,1027,1.0761594772338867,,0.3039599731564522,0.1110517606139183
1343,29.0,1163,1.2024695873260498,,0.08898231852799654,0.012716926634311676
1344,30.0,1022,1.0726547241210938,,0.08280122932046652,0.009063884615898132
1345,29.0,1153,1.1884074211120605,,0.07318022567778826,0.009006667882204056
1346,34.0,1002,1.0471341609954834,,0.09006498847156763,0.00815613940358162
1347,26.0,919,0.968956470489502,,0.17541533894836903,0.04811442270874977
1348,38.0,1263,1.3707704544067383,,0.12184978649020195,0.015510693192481995
1349,32.0,913,0.9137928485870361,,0.21034325286746025,0.04682977870106697
1350,27.0,947,1.0071659088134766,,0.08576374128460884,0.00710909441113472
1351,29.0,1079,1.1293294429779053,,0.17217450588941574,0.06145177781581879
1352,31.0,1064,1.1066646575927734,,0.19001197442412376,0.06384171545505524
1353,18.0,791,0.8691880702972412,,0.12336728535592556,0.023331686854362488
1354,30.0,1168,1.214141607284546,,0.2559893596917391,0.09739027172327042
1355,31.0,1124,1.164200782775879,,0.09403088130056858,0.01571008563041687
1356,33.0,1140,1.2434391975402832,,0.11435315571725368,0.03692608326673508
1357,25.0,978,1.0433471202850342,,0.17342158406972885,0.06587543338537216
1358,26.0,919,0.9242711067199707,,0.1595606543123722,0.038010187447071075
1359,20.0,749,0.8268394470214844,,0.11984480079263449,0.01907406747341156
1360,30.0,1159,1.1916782855987549,,0.14790133759379387,0.02052532136440277
1361,35.0,1297,1.3747615814208984,,0.09874331206083298,0.010913562029600143
1362,23.0,855,0.8626093864440918,,0.14477019663900137,0.039275672286748886
1363,30.0,1033,1.0760846138000488,,0.20767060108482838,0.06570589542388916
1364,29.0,1013,1.0626280307769775,,0.09624118823558092,0.004151850938796997
1365,26.0,837,0.9011437892913818,,0.1133796563372016,0.016907580196857452
1366,38.0,1288,1.3146858215332031,,0.1381256952881813,0.032552361488342285
1367,29.0,881,0.9409201145172119,,0.1524051371961832,0.048025213181972504
1368,33.0,925,0.9795467853546143,,0.1161893904209137,0.01631169579923153
1369,29.0,943,0.9969775676727295,,0.1992634069174528,0.07300712913274765
1370,30.0,975,1.0234906673431396,,0.056481359992176294,0.01148562878370285
1371,30.0,1136,1.1705291271209717,,0.13011780474334955,0.018225789070129395
1372,30.0,1119,1.1534514427185059,,0.08946509845554829,0.01755061186850071
1373,32.0,866,0.9210984706878662,,0.10495863296091557,0.016609543934464455
1374,28.0,1185,1.2144842147827148,,0.06319339759647846,0.011934887617826462
1375,87.0,3133,3.2559781074523926,,0.1856942418962717,0.04813504219055176
1376,27.0,1219,1.307408094406128,,0.1405681036412716,0.03506217151880264
1377,30.0,1035,1.0839297771453857,,0.11029176134616137,0.027892297133803368
1378,31.0,988,1.0394525527954102,,0.16931542195379734,0.05338078364729881
1379,29.0,1198,1.2412819862365723,,0.2223417330533266,0.10607019066810608
1380,28.0,1088,1.1367835998535156,,0.14227573294192553,0.03748562932014465
1381,30.0,1127,1.1745285987854004,,0.09265376348048449,0.006028804928064346
1382,30.0,978,1.0330793857574463,,0.06549922795966268,0.007475636899471283
1383,30.0,1006,1.0585455894470215,,0.1562282983213663,0.04509877413511276
1384,29.0,1105,1.14921236038208,,0.10342861246317625,0.01590617746114731
1385,30.0,1094,1.1370537281036377,,0.07889749482274055,0.004987899214029312
1386,24.0,875,0.9355509281158447,,0.07421614043414593,0.0013173334300518036
1387,29.0,1063,1.113128900527954,,0.175105607137084,0.047695342451334
1388,15.0,587,0.6192483901977539,,0.21234693005681038,0.05675864964723587
1389,33.0,979,1.0285139083862305,,0.33274976536631584,0.10476416349411011
1390,18.0,577,0.6109275817871094,,0.12144445441663265,0.03191720321774483
1391,29.0,931,0.991668701171875,,0.29472441598773,0.09959105402231216
1392,31.0,1100,1.1382393836975098,,0.12670702300965786,0.03599827364087105
1393,33.0,942,0.9934530258178711,,0.0768806841224432,0.0049542635679244995
1394,29.0,1033,1.0790321826934814,,0.13610431272536516,0.0664554089307785
1395,26.0,861,0.9245638847351074,,0.07589465286582708,0.00652676448225975
1396,30.0,958,1.0101797580718994,,0.10277573857456446,0.02061202935874462
1397,31.0,1031,1.0849778652191162,,0.1372141558676958,0.0400855615735054
1398,30.0,1243,1.280285358428955,,0.10018953494727612,0.024705413728952408
1399,30.0,1140,1.1758856773376465,,0.11017229035496712,0.02626197412610054
1400,22.0,973,1.0342075824737549,,0.08290310949087143,0.005516756325960159
1401,37.0,1210,1.3019354343414307,,0.11401900183409452,0.031163139268755913
1402,29.0,1238,1.2706871032714844,,0.16185005195438862,0.059204962104558945
1403,26.0,1068,1.1188454627990723,,0.07664495054632425,0.00955113023519516
1404,28.0,999,1.057316541671753,,0.07863616105169058,0.0059648118913173676
1405,42.0,1427,1.5044543743133545,,0.15167947951704264,0.03049236163496971
1406,25.0,901,0.9710650444030762,,0.33793286234140396,0.13210700452327728
1407,31.0,1054,1.1058495044708252,,0.11796807404607534,0.028857629746198654
1408,31.0,891,0.9541745185852051,,0.09510986134409904,0.019096847623586655
1409,31.0,1100,1.1458072662353516,,0.10286704357713461,0.019257161766290665
1410,33.0,1191,1.2305848598480225,,0.08984904736280441,0.021950440481305122
1411,33.0,1117,1.1564044952392578,,0.07488593831658363,0.01107817143201828
1412,33.0,999,1.0447673797607422,,0.10537624545395374,0.026841234415769577
1413,32.0,880,0.9389650821685791,,0.12107068113982677,0.0386318638920784
1414,50.0,1851,1.8986918926239014,,0.134400537237525,0.03235410898923874
1415,30.0,1024,1.065521001815796,,0.18328857235610485,0.04733585938811302
1416,29.0,1046,1.0940532684326172,,0.09563696198165417,0.013652078807353973
1417,31.0,1102,1.1935641765594482,,0.15311063639819622,0.03224865347146988
1418,29.0,1119,1.1538193225860596,,0.11440923437476158,0.023381337523460388
1419,31.0,1134,1.1630406379699707,,0.10438844561576843,0.024179732427001
1420,33.0,899,0.9541015625,,0.08085928484797478,0.007809597998857498
1421,32.0,835,0.8353004455566406,,0.11528918240219355,0.01687607541680336
1422,30.0,932,0.9840865135192871,,0.0831901365891099,0.0014912113547325134
1423,29.0,1195,1.2873010635375977,,0.3637726753950119,0.13944599032402039
1424,31.0,967,0.9591290950775146,,0.14682506769895554,0.029230453073978424
1425,32.0,1301,1.3911190032958984,,0.3168856203556061,0.1393735259771347
1426,29.0,1081,1.1251440048217773,,0.07016414264217019,0.003446277230978012
1427,6.0,393,0.4351992607116699,,0.12455284968018532,0.02940410003066063
1428,31.0,1059,1.1004438400268555,,0.47207076847553253,0.14789868891239166
1429,32.0,1045,1.0894570350646973,,0.13767757173627615,0.03718839958310127
1430,42.0,1338,1.425243616104126,,0.14256521873176098,0.0157431922852993
1431,31.0,957,0.9528472423553467,,0.1996399611234665,0.05873635411262512
1432,32.0,1121,1.2170157432556152,,0.19910240918397903,0.059939637780189514
1433,28.0,1144,1.1841990947723389,,0.08702322002500296,0.01892080157995224
1434,57.0,1701,1.7657430171966553,,0.19548009894788265,0.035626932978630066
1435,6.0,392,0.43234777450561523,,0.2123321071267128,0.05756273865699768
1436,32.0,1175,1.2003843784332275,,0.4864504933357239,0.21937038004398346
1437,31.0,1265,1.343320369720459,,0.09956271201372147,-0.0024150870740413666
1438,25.0,796,0.8074123859405518,,0.17933454550802708,0.06142609193921089
1439,33.0,904,0.9571189880371094,,0.15950251184403896,0.03840174525976181
1440,20.0,775,0.8478240966796875,,0.29642717726528645,0.09349018335342407
1441,31.0,1132,1.1774954795837402,,0.16651827841997147,0.05416305363178253
1442,32.0,1124,1.1743309497833252,,0.07714145723730326,0.012122469022870064
1443,26.0,913,0.9774656295776367,,0.08043588791042566,0.012388190254569054
1444,33.0,1015,1.0627632141113281,,0.146832344122231,0.029932362958788872
1445,29.0,977,1.0357089042663574,,0.23075422085821629,0.10597819834947586
1446,28.0,1122,1.1683368682861328,,0.2823982872068882,0.094218909740448
1447,31.0,1081,1.1407084465026855,,0.11661405861377716,0.03052445501089096
1448,33.0,1151,1.1943230628967285,,0.07234849547967315,0.01589854061603546
1449,32.0,1103,1.1493539810180664,,0.11015000101178885,0.02283005230128765
1450,29.0,1076,1.1170175075531006,,0.09236309956759214,0.012703824788331985
1451,18.0,743,0.8212471008300781,,0.08960982505232096,0.010516021400690079
1452,32.0,955,1.0131769180297852,,0.18373367562890053,0.04952407628297806
1453,22.0,811,0.8280684947967529,,0.13890718668699265,0.028689615428447723
1454,23.0,795,0.8690056800842285,,0.19070684537291527,0.07072601467370987
1455,31.0,1205,1.2407238483428955,,0.26067943684756756,0.10425882786512375
1456,34.0,1127,1.1705398559570312,,0.07279529515653849,0.002962972968816757
1457,30.0,909,0.9707486629486084,,0.08057391829788685,0.010527919977903366
1458,33.0,1232,1.3255188465118408,,0.14336663577705622,0.04416217654943466
1459,26.0,846,0.8595411777496338,,0.10679117403924465,0.012934252619743347
1460,29.0,933,0.9956052303314209,,0.2390817254781723,0.09524238109588623
1461,24.0,933,0.9992916584014893,,0.10864755231887102,0.032430559396743774
1462,32.0,1131,1.175694227218628,,0.11625722795724869,0.026353945955634117
1463,18.0,773,0.8532931804656982,,0.09533156640827656,0.017831379547715187
1464,29.0,1117,1.1632044315338135,,0.12919643707573414,0.014866415411233902
1465,18.0,685,0.7089133262634277,,0.19295888394117355,0.058486539870500565
1466,16.0,684,0.7698252201080322,,0.3161271922290325,0.12133091688156128
1467,32.0,1191,1.2222347259521484,,0.17766137421131134,0.054404016584157944
1468,28.0,903,0.9682090282440186,,0.08023196551948786,0.015266047790646553
1469,40.0,1341,1.3729169368743896,,0.1388774886727333,0.0468507781624794
1470,31.0,956,1.0110538005828857,,0.260129826143384,0.08727740496397018
1471,21.0,826,0.9001696109771729,,0.13347632065415382,0.0353211835026741
1472,31.0,1224,1.2573509216308594,,0.22335275448858738,0.0908302515745163
1473,28.0,1132,1.1752355098724365,,0.09501144755631685,0.017230922356247902
1474,30.0,838,0.902055025100708,,0.08599969930946827,0.010474655777215958
1475,28.0,1206,1.2406878471374512,,0.11932630185037851,0.03479934111237526
1476,28.0,987,1.044560194015503,,0.04974856972694397,-0.006743591278791428
1477,30.0,1153,1.2504749298095703,,0.12484445609152317,0.022381655871868134
1478,27.0,950,0.948695182800293,,0.09960472770035267,0.0006819218397140503
1479,31.0,1110,1.21832275390625,,0.12999357096850872,0.02544325590133667
1480,59.0,1975,2.023131847381592,,0.08540664985775948,0.007031425833702087
1481,13.0,634,0.722599983215332,,0.31423392705619335,0.08389218151569366
1482,32.0,1189,1.2157957553863525,,0.31818654015660286,0.1422175168991089
1483,32.0,1095,1.126986026763916,,0.0697424216195941,0.015484470874071121
1484,21.0,740,0.8182313442230225,,0.08918418921530247,0.021397339180111885
1485,27.0,1033,1.089332103729248,,0.13889102078974247,0.03876815363764763
1486,30.0,971,0.9626560211181641,,0.12526444718241692,0.0368991382420063
1487,34.0,1025,1.071650743484497,,0.07783007435500622,-0.0037227123975753784
1488,18.0,629,0.7157704830169678,,0.15845748409628868,0.030798375606536865
1489,27.0,916,0.9186382293701172,,0.3119361847639084,0.12450021505355835
1490,22.0,691,0.7719495296478271,,0.1646355800330639,0.03282734751701355
1491,31.0,1034,1.0819296836853027,,0.15483727119863033,0.05059206485748291
1492,29.0,1164,1.209597110748291,,0.15282117389142513,0.04842111095786095
1493,31.0,961,1.0124845504760742,,0.15805528312921524,0.031738027930259705
1494,30.0,1046,1.101550579071045,,0.11168961878865957,0.03093257173895836
1495,32.0,987,1.0447618961334229,,0.08032658789306879,0.012235298752784729
1496,33.0,989,1.0370774269104004,,0.1091948738321662,0.030043380334973335
1497,32.0,1068,1.1130869388580322,,0.17540660500526428,0.06711068749427795
1498,18.0,719,0.7391650676727295,,0.11820960137993097,0.0308893583714962
1499,31.0,1109,1.2175421714782715,,0.15047479793429375,0.04698038101196289
1500,31.0,1089,1.1360292434692383,,0.14712358452379704,0.040806643664836884
1501,33.0,1191,1.2193660736083984,,0.09817114938050508,0.020058194175362587
1502,33.0,1025,1.0670669078826904,,0.11367802415043116,0.030324984341859818
1503,33.0,1169,1.1939587593078613,,0.09030569717288017,0.012546181678771973
1504,21.0,921,0.9913744926452637,,0.10674457252025604,0.02983160689473152
1505,28.0,951,1.0095627307891846,,0.18002387881278992,0.051504239439964294
1506,30.0,886,0.952582836151123,,0.11470530927181244,0.02044561132788658
1507,31.0,939,0.999561071395874,,0.16206380352377892,0.04968806356191635
1508,29.0,1178,1.2251389026641846,,0.2306657750159502,0.07313761860132217
1509,30.0,1093,1.1444525718688965,,0.08655672520399094,0.018318910151720047
1510,29.0,1059,1.1049208641052246,,0.0974504230543971,0.017705634236335754
1511,31.0,1094,1.1394844055175781,,0.1543536577373743,0.05037681385874748
1512,29.0,967,1.0216033458709717,,0.08871578052639961,0.011901447549462318
1513,33.0,1053,1.1037306785583496,,0.10694325063377619,0.02469358965754509
1514,29.0,1163,1.203958511352539,,0.11976616270840168,0.033407680690288544
1515,31.0,995,1.0448172092437744,,0.16363383270800114,0.04408770799636841
1516,33.0,1111,1.147719144821167,,0.10812371876090765,0.023788634687662125
1517,27.0,876,0.9353435039520264,,0.07606528652831912,0.0003681108355522156
1518,31.0,1103,1.1471569538116455,,0.22560068778693676,0.05883880704641342
1519,31.0,1046,1.095078468322754,,0.11813126131892204,0.020927120000123978
1520,32.0,1014,1.0678455829620361,,0.11202498059719801,0.028748195618391037
1521,22.0,989,1.0481266975402832,,0.13098326325416565,0.033689167350530624
1522,31.0,1086,1.1349010467529297,,0.15513423271477222,0.039102938026189804
1523,31.0,1246,1.337541103363037,,0.0960387671366334,0.004982311278581619
1524,30.0,1039,1.0750935077667236,,0.15614426136016846,0.042883820831775665
1525,29.0,1080,1.119063377380371,,0.16712965816259384,0.06140691414475441
1526,29.0,1180,1.2097978591918945,,0.12982081063091755,0.03541497886180878
1527,29.0,943,0.9976842403411865,,0.08074888493865728,0.01184060238301754
1528,32.0,1092,1.128692388534546,,0.12636813148856163,0.031587861478328705
1529,32.0,1088,1.1272845268249512,,0.08478856738656759,0.0015885308384895325
1530,25.0,851,0.9148740768432617,,0.08012810070067644,0.011774931102991104
1531,31.0,1163,1.1924514770507812,,0.1819581389427185,0.0451224148273468
1532,33.0,1042,1.0817270278930664,,0.08221455756574869,0.014060143381357193
1533,30.0,1021,1.0615150928497314,,0.13827047403901815,0.023422669619321823
1534,23.0,783,0.8520126342773438,,0.06138700107112527,-0.0013213381171226501
1535,31.0,975,1.0177254676818848,,0.15326204523444176,0.04426882788538933
1536,32.0,1143,1.1711430549621582,,0.06558777391910553,0.008981648832559586
1537,32.0,1084,1.1178619861602783,,0.06447467673569918,0.0028932690620422363
1538,29.0,1095,1.1336746215820312,,0.1405016416683793,0.026784174144268036
1539,32.0,981,1.0236647129058838,,0.08086573798209429,0.0018680915236473083
1540,30.0,1100,1.1395554542541504,,0.08464046195149422,0.012913109734654427
1541,28.0,1061,1.0997138023376465,,0.07206874433904886,0.006290227174758911
1542,28.0,954,1.01930832862854,,0.08952560182660818,0.002047628164291382
1543,33.0,1208,1.3085942268371582,,0.17859713546931744,0.0544607937335968
1544,74.0,2640,2.755755662918091,,0.20692663080990314,0.05438416451215744
1545,31.0,1175,1.202280044555664,,0.2718118987977505,0.07126802206039429
1546,24.0,794,0.8621082305908203,,0.07928518671542406,0.008733570575714111
1547,28.0,992,1.0476274490356445,,0.15765251405537128,0.03460006043314934
1548,29.0,1151,1.1834890842437744,,0.10572250094264746,0.023752572014927864
1549,30.0,902,0.960076093673706,,0.06462927255779505,0.012663181871175766
1550,29.0,897,0.899249792098999,,0.09985082596540451,-0.0012179389595985413
1551,32.0,1292,1.362447738647461,,0.0878024660050869,0.01501091755926609
1552,31.0,983,1.0307316780090332,,0.12535980623215437,0.040002450346946716
1553,31.0,1269,1.2880573272705078,,0.08101925486698747,0.02167656272649765
1554,30.0,1195,1.2824757099151611,,0.10059136617928743,0.009009938687086105
1555,28.0,828,0.8377528190612793,,0.1137969484552741,0.02100646123290062
1556,29.0,895,0.9498040676116943,,0.14405124820768833,0.03541233763098717
1557,33.0,987,1.031787395477295,,0.1109263775870204,0.020302698016166687
1558,32.0,918,0.9700047969818115,,0.09730143751949072,0.02394028566777706
1559,30.0,1015,1.0704965591430664,,0.0852873083204031,0.016475381329655647
1560,18.0,573,0.6036226749420166,,0.200491139665246,0.05544435232877731
1561,33.0,956,1.0091993808746338,,0.2638982702046633,0.07206669449806213
1562,27.0,738,0.7530415058135986,,0.09888160414993763,0.0026870816946029663
1563,31.0,854,0.9133703708648682,,0.19299578294157982,0.05107436701655388
1564,28.0,755,0.769747257232666,,0.09980297088623047,0.0017042122781276703
1565,31.0,996,1.0500831604003906,,0.14592253789305687,0.0386614054441452
1566,29.0,833,0.9001686573028564,,0.0905540008097887,0.01916806772351265
1567,29.0,977,1.021148681640625,,0.11194782145321369,0.026649318635463715
1568,31.0,1032,1.0758185386657715,,0.14939185976982117,0.043935783207416534
1569,30.0,992,1.0430686473846436,,0.1542757097631693,0.04446372762322426
1570,31.0,987,1.0466899871826172,,0.16480625234544277,0.0416182242333889
1571,20.0,591,0.6138515472412109,,0.21388402581214905,0.08059671521186829
1572,30.0,1151,1.194462537765503,,0.21538995206356049,0.0703897774219513
1573,31.0,1123,1.1678235530853271,,0.11403495352715254,0.027625689283013344
1574,31.0,954,1.0086760520935059,,0.12702257838100195,0.03924866020679474
1575,30.0,1192,1.2332653999328613,,0.1498531149700284,0.035047754645347595
1576,30.0,1198,1.2918736934661865,,0.11442957445979118,0.026991572231054306
1577,33.0,1078,1.119359016418457,,0.10565624851733446,0.023453153669834137
1578,27.0,835,0.84279465675354,,0.10767516307532787,0.014566212892532349
1579,43.0,1533,1.6138575077056885,,0.10824002418667078,0.018537214025855064
1580,50.0,1456,1.5381460189819336,,0.17695417441427708,0.053615689277648926
1581,27.0,712,0.7910995483398438,,0.3770098611712456,0.13622716069221497
1582,43.0,1333,1.3648979663848877,,0.18658029660582542,0.07270123064517975
1583,28.0,962,1.0192575454711914,,0.43643543496727943,0.15295830368995667
1584,50.0,1491,1.569368839263916,,0.13573688454926014,0.02690328285098076
1585,31.0,1121,1.15248703956604,,0.5007716119289398,0.1640525758266449
1586,30.0,977,1.0277326107025146,,0.12614400405436754,0.026859086006879807
1587,28.0,910,0.9726340770721436,,0.13193456176668406,0.05002811551094055
1588,32.0,951,1.0012452602386475,,0.13524429965764284,0.043522804975509644
1589,31.0,918,0.9734082221984863,,0.1117393784224987,0.03922030329704285
1590,31.0,1120,1.1605019569396973,,0.19503916427493095,0.0781291127204895
1591,33.0,1031,1.0767536163330078,,0.09811275638639927,0.017050210386514664
1592,32.0,878,0.9323978424072266,,0.10693121794611216,0.03934423625469208
1593,26.0,701,0.7144503593444824,,0.07949955761432648,-0.001901865005493164
1594,20.0,747,0.762455940246582,,0.19105684757232666,0.048910580575466156
1595,19.0,636,0.7148885726928711,,0.25163634121418,0.10320815443992615
1596,32.0,1163,1.182814121246338,,0.18233076855540276,0.06049434468150139
1597,31.0,980,1.0224790573120117,,0.08897308260202408,0.016858447343111038
1598,31.0,1070,1.107898473739624,,0.19011469185352325,0.06858182698488235
1599,27.0,967,1.0187888145446777,,0.09267757553607225,0.018505433574318886
1600,31.0,1076,1.1163158416748047,,0.1374903004616499,0.045711103826761246
1601,24.0,803,0.8157176971435547,,0.12550785765051842,0.01651730015873909
1602,30.0,951,1.0071258544921875,,0.1947019249200821,0.05878811329603195
1603,30.0,924,0.9765186309814453,,0.10683868266642094,0.029368586838245392
1604,29.0,987,1.03779935836792,,0.09371208492666483,0.02170395292341709
1605,31.0,1012,1.0648715496063232,,0.10085600893944502,0.011768810451030731
1606,28.0,896,0.963233470916748,,0.1534873628988862,0.050395362079143524
1607,23.0,693,0.7104172706604004,,0.1264182487502694,0.03968413919210434
1608,31.0,990,1.0373597145080566,,0.22206910140812397,0.07241658121347427
1609,19.0,571,0.5974602699279785,,0.18896046467125416,0.03468560427427292
1610,28.0,876,0.931241512298584,,0.22565764002501965,0.07582579553127289
1611,30.0,1136,1.1747844219207764,,0.1306337658315897,0.02154434472322464
1612,12.0,566,0.5944042205810547,,0.17426011711359024,0.040728114545345306
1613,26.0,1010,1.0680999755859375,,0.29432386346161366,0.13033148646354675
1614,25.0,851,0.9203817844390869,,0.08912860881537199,0.0121116042137146
1615,31.0,1052,1.1011242866516113,,0.19763872772455215,0.07810648530721664
1616,26.0,1097,1.135826587677002,,0.11476028058677912,0.03172144666314125
1617,32.0,1287,1.3726012706756592,,0.19160719215869904,0.045715346932411194
1618,29.0,1097,1.1431937217712402,,0.10898194648325443,0.014970295131206512
1619,28.0,1095,1.1427838802337646,,0.0947154089808464,0.016818784177303314
1620,29.0,1162,1.2043988704681396,,0.16312925703823566,0.05534631758928299
1621,30.0,1109,1.1537525653839111,,0.14583556726574898,0.04075556993484497
1622,29.0,1213,1.3073008060455322,,0.22097551636397839,0.07087363302707672
1623,32.0,1000,1.0509581565856934,,0.19837788678705692,0.05478893965482712
1624,29.0,993,1.040067434310913,,0.1434722002595663,0.03234720230102539
1625,23.0,732,0.7505278587341309,,0.07889407221227884,0.008889105170965195
1626,27.0,1153,1.19307541847229,,0.1694881934672594,0.043748889118433
1627,29.0,1041,1.0905570983886719,,0.14528312161564827,0.03510693833231926
1628,33.0,1298,1.3725533485412598,,0.14655699767172337,0.02605707198381424
1629,31.0,1005,1.0481152534484863,,0.12107228394597769,0.027396589517593384
1630,31.0,1088,1.1289241313934326,,0.09090003464370966,0.017562754452228546
1631,27.0,1073,1.120485544204712,,0.14605080895125866,0.040876880288124084
1632,32.0,1361,1.444190263748169,,0.16537216305732727,0.033278923481702805
1633,31.0,1297,1.3244876861572266,,0.23945759609341621,0.07927825301885605
1634,31.0,1291,1.3893249034881592,,0.15740948542952538,0.05262647196650505
1635,31.0,1115,1.1585564613342285,,0.1526714824140072,0.03771938756108284
1636,30.0,1128,1.1700260639190674,,0.12876830901950598,0.03012992814183235
1637,29.0,1043,1.092851161956787,,0.11351959221065044,0.029525892809033394
1638,54.0,1942,2.054633617401123,,0.2769619654864073,0.08093729615211487
1639,33.0,1181,1.2163939476013184,,0.29064640402793884,0.07854004204273224
1640,28.0,1069,1.1183865070343018,,0.12774593383073807,0.036664627492427826
1641,32.0,1323,1.4000771045684814,,0.11081888992339373,0.012292332947254181
1642,35.0,1139,1.176283836364746,,0.23668390698730946,0.09153103828430176
1643,30.0,1058,1.1039912700653076,,0.4490696005523205,0.16655415296554565
1644,32.0,925,0.9784581661224365,,0.10877222567796707,0.023725511506199837
1645,33.0,821,0.8783714771270752,,0.16837253794074059,0.05456163361668587
1646,30.0,1124,1.160719633102417,,0.12039129249751568,0.028561081737279892
1647,31.0,920,0.9723963737487793,,0.12609367072582245,0.04404108226299286
1648,30.0,1097,1.1329617500305176,,0.13053844310343266,0.0335133820772171
1649,30.0,886,0.8846259117126465,,0.09486127085983753,0.008920721709728241
1650,29.0,1074,1.1682400703430176,,0.13539953716099262,0.02861020341515541
1651,31.0,918,0.9139678478240967,,0.07082770392298698,0.0018007829785346985
1652,33.0,1171,1.2636566162109375,,0.09854585863649845,0.017200753092765808
1653,24.0,770,0.7833666801452637,,0.14887293800711632,0.02543693408370018
1654,31.0,976,1.0253329277038574,,0.1462067300453782,0.04118499159812927
1655,31.0,1119,1.1580519676208496,,0.1319018667563796,0.035379353910684586
1656,31.0,962,1.0121550559997559,,0.10376118682324886,0.024523966014385223
1657,31.0,1007,1.0546588897705078,,0.14736545830965042,0.04087452590465546
1658,32.0,1321,1.3956270217895508,,0.1332764495164156,0.03304129093885422
1659,20.0,725,0.7437741756439209,,0.06693966127932072,0.006960714235901833
1660,59.0,1963,2.0576837062835693,,0.2688707523047924,0.07489872723817825
1661,20.0,622,0.6507830619812012,,0.5276239290833473,0.1912444531917572
1662,28.0,1003,1.0572094917297363,,0.2715262547135353,0.12001398950815201
1663,44.0,1233,1.2668092250823975,,0.08434529695659876,0.013714831322431564
1664,26.0,840,0.9051344394683838,,0.282561419531703,0.08616815507411957
1665,30.0,1018,1.0700716972351074,,0.15794892981648445,0.05355314165353775
1666,32.0,1123,1.15535306930542,,0.14538937993347645,0.03610105812549591
1667,19.0,653,0.7339086532592773,,0.1752367690205574,0.05358205735683441
1668,30.0,1074,1.1124706268310547,,0.23540022037923336,0.08153989911079407
1669,30.0,1166,1.1976978778839111,,0.14575025718659163,0.0547415092587471
1670,31.0,981,1.0219459533691406,,0.12069602310657501,0.032480910420417786
1671,32.0,923,0.9710588455200195,,0.14711385034024715,0.05405789613723755
1672,9.0,426,0.40682482719421387,,0.14711385034024715,0.05405789613723755
1673,32.0,1161,1.245337963104248,,0.1428196243941784,0.06452111899852753
1674,29.0,1083,1.1163270473480225,,0.11016819905489683,0.029201073572039604
1675,32.0,1199,1.2258493900299072,,0.15144871175289154,0.030353862792253494
1676,31.0,1316,1.41180419921875,,0.18845188803970814,0.049882322549819946
1677,30.0,1095,1.1394970417022705,,0.13504198286682367,0.031749479472637177
1678,39.0,1378,1.4651553630828857,,0.12611762434244156,0.028173930943012238
1679,30.0,1033,1.0856454372406006,,0.18519366905093193,0.052518874406814575
1680,30.0,1163,1.2026643753051758,,0.17557227239012718,0.04765906184911728
1681,33.0,1027,1.0795505046844482,,0.0829640431329608,0.010937344282865524
1682,30.0,1275,1.3047444820404053,,0.13384200632572174,0.03446950390934944
1683,32.0,785,0.8531615734100342,,0.09873845428228378,0.0018594339489936829
1684,31.0,914,0.9640641212463379,,0.08781102579087019,0.014828387647867203
1685,31.0,1184,1.2095143795013428,,0.10210438258945942,0.01909821853041649
1686,30.0,1095,1.1269655227661133,,0.1627576109021902,0.04855838790535927
1687,24.0,714,0.7867372035980225,,0.08493092376738787,0.014012286439538002
1688,18.0,631,0.6510357856750488,,0.2844524849206209,0.09009341150522232
1689,28.0,947,1.0021839141845703,,0.23770963214337826,0.07866808772087097
1690,31.0,1112,1.152658462524414,,0.1323106326162815,0.03740853816270828
1691,32.0,1039,1.0768909454345703,,0.13809414021670818,0.04691590741276741
1692,30.0,881,0.9382829666137695,,0.09531526081264019,0.01782461628317833
1693,32.0,840,0.8413183689117432,,0.09160305745899677,0.008762177079916
1694,30.0,1179,1.206878900527954,,0.10583475511521101,0.009629327803850174
1695,29.0,1035,1.1310536861419678,,0.12004754040390253,0.0330754891037941
1696,29.0,1102,1.137451410293579,,0.09957997221499681,0.02675463818013668
1697,32.0,1102,1.138016700744629,,0.10711544286459684,0.019673625007271767
1698,26.0,872,0.9391434192657471,,0.15204985812306404,0.0442122146487236
1699,33.0,1123,1.1595358848571777,,0.10894716437906027,0.026110611855983734
1700,31.0,1184,1.2126705646514893,,0.1464495724067092,0.04058858007192612
1701,32.0,926,0.9835712909698486,,0.1306118443608284,0.057235103100538254
1702,30.0,1213,1.2480134963989258,,0.15328043140470982,0.05158388987183571
1703,32.0,1354,1.4246511459350586,,0.19383365660905838,0.06608256697654724
1704,30.0,943,1.0023257732391357,,0.1432512328028679,0.007203493267297745
1705,32.0,1191,1.2292745113372803,,0.11901344731450081,0.028978049755096436
1706,30.0,1108,1.152703046798706,,0.07635322865098715,0.006342468783259392
1707,31.0,953,1.009207010269165,,0.13030200358480215,0.03682957589626312
1708,31.0,1081,1.1341028213500977,,0.10500443633645773,0.025886019691824913
1709,29.0,1082,1.1331934928894043,,0.08863072376698256,0.016668424010276794
1710,34.0,919,0.975579023361206,,0.07668958976864815,0.0025968290865421295
1711,31.0,874,0.9369299411773682,,0.1438987087458372,0.04916118457913399
1712,22.0,837,0.8419568538665771,,0.2506914660334587,0.07777184247970581
1713,30.0,1178,1.2726666927337646,,0.2327870912849903,0.07600048184394836
1714,30.0,1019,1.06805419921875,,0.21806994080543518,0.060607776045799255
1715,29.0,964,1.0129709243774414,,0.10905684437602758,0.01796213909983635
1716,26.0,939,0.9448814392089844,,0.14498786348849535,0.018799345940351486
1717,32.0,960,1.0079345703125,,0.12962082494050264,0.02737412229180336
1718,29.0,1002,1.0507488250732422,,0.08663505129516125,0.004899844527244568
1719,56.0,2008,2.120563507080078,,0.3416973613202572,0.1182342991232872
1720,28.0,943,0.9993956089019775,,0.16632122546434402,0.03518214821815491
1721,33.0,1073,1.119166612625122,,0.1681494079530239,0.048685476183891296
1722,30.0,1053,1.1116631031036377,,0.08502255659550428,0.007949704304337502
1723,34.0,996,1.0484261512756348,,0.1004585474729538,0.015009000897407532
1724,32.0,878,0.947115421295166,,0.121219452470541,0.020312681794166565
1725,62.0,2379,2.451153516769409,,0.3963807187974453,0.16594643890857697
1726,31.0,927,0.9824068546295166,,0.13130673114210367,0.027821971103549004
1727,30.0,1046,1.087080478668213,,0.13621580228209496,0.0250021331012249
1728,30.0,1107,1.1466116905212402,,0.1324155479669571,0.02425304800271988
1729,28.0,863,0.9233403205871582,,0.0999551871791482,0.009962532669305801
1730,33.0,1030,1.078524112701416,,0.12419332284480333,0.023985911160707474
1731,26.0,888,0.9549925327301025,,0.10272269509732723,0.023654354736208916
1732,33.0,957,1.0172221660614014,,0.18206782825291157,0.049208272248506546
1733,28.0,1009,1.0604076385498047,,0.15358416736125946,0.04630681499838829
1734,42.0,1401,1.417694330215454,,0.08248573914170265,0.01086793839931488
1735,30.0,956,1.001936912536621,,0.3986310549080372,0.1142527312040329
1736,29.0,1059,1.099297046661377,,0.11254959087818861,0.024979639798402786
1737,30.0,1089,1.178708553314209,,0.11207969021052122,0.022688351571559906
1738,32.0,1071,1.107820987701416,,0.12106501124799252,0.04002179950475693
1739,24.0,825,0.8318765163421631,,0.04978285497054458,-0.008430838584899902
1740,29.0,1012,1.0583405494689941,,0.33495644852519035,0.13565483689308167
1741,32.0,866,0.9239957332611084,,0.11371433455497026,0.02284354157745838
1742,32.0,1240,1.260500192642212,,0.08666535373777151,0.022000595927238464
1743,30.0,1013,1.0556704998016357,,0.10331149119883776,0.028408488258719444
1744,31.0,962,1.010694980621338,,0.12111572362482548,0.024091895669698715
1745,31.0,1127,1.1590054035186768,,0.08576966356486082,0.015511265024542809
1746,29.0,1066,1.1034173965454102,,0.12181117758154869,0.028681334108114243
1747,31.0,1048,1.1461796760559082,,0.1325552761554718,0.04148154333233833
1748,29.0,1101,1.1427001953125,,0.2984808571636677,0.13054078817367554
1749,33.0,1091,1.1317827701568604,,0.1126635828986764,0.023285381495952606
1750,29.0,877,0.9394710063934326,,0.16621744632720947,0.05755110830068588
1751,32.0,1190,1.218123197555542,,0.11542903538793325,0.0333210825920105
1752,29.0,1034,1.0785348415374756,,0.1330229677259922,0.0299665667116642
1753,32.0,935,0.9841959476470947,,0.08151297643780708,0.019320160150527954
1754,33.0,1013,1.0534498691558838,,0.09930518548935652,0.0174418892711401
1755,32.0,1085,1.1146554946899414,,0.08931459300220013,0.01853114366531372
1756,34.0,977,1.0231258869171143,,0.11522318329662085,0.03230935335159302
1757,33.0,1044,1.0779833793640137,,0.09237486124038696,0.01628163456916809
1758,25.0,777,0.7884349822998047,,0.0720159886404872,0.002610251307487488
1759,31.0,893,0.9437172412872314,,0.17452953569591045,0.06590723991394043
1760,31.0,1106,1.134253740310669,,0.06957427226006985,0.01180225983262062
1761,30.0,1015,1.0564308166503906,,0.06899907672777772,0.012142572551965714
1762,32.0,1139,1.1665990352630615,,0.0882318951189518,0.009403284639120102
1763,30.0,1151,1.2384023666381836,,0.12136487197130919,0.02818455547094345
1764,32.0,1183,1.2091269493103027,,0.12146559823304415,0.024136453866958618
1765,31.0,882,0.9379668235778809,,0.10407401714473963,0.019587969407439232
1766,29.0,907,0.9000349044799805,,0.1023184834048152,0.014127124100923538
1767,30.0,1009,1.0531251430511475,,0.12859892193228006,0.03944637253880501
1768,32.0,845,0.9017958641052246,,0.11353196017444134,0.01857956498861313
1769,32.0,1159,1.192115306854248,,0.2024357132613659,0.0671672374010086
1770,31.0,916,0.9678549766540527,,0.10838475171476603,0.031328316777944565
1771,26.0,831,0.8926248550415039,,0.13096173107624054,0.03663991764187813
1772,55.0,1553,1.6189637184143066,,0.11994387488812208,0.031292907893657684
1773,37.0,1163,1.190547227859497,,0.20522997342050076,0.05459073930978775
1774,57.0,2104,2.183651924133301,,0.2551152966916561,0.11577673256397247
1775,30.0,1115,1.1656837463378906,,0.31799329444766045,0.10345770418643951
1776,25.0,801,0.8718380928039551,,0.07758013717830181,0.012058310210704803
1777,28.0,1013,1.0541927814483643,,0.11858393996953964,0.03250917047262192
1778,26.0,997,1.050011396408081,,0.16469073668122292,0.04266178235411644
1779,32.0,1267,1.2902271747589111,,0.1282767616212368,0.028444135561585426
1780,49.0,1660,1.7807552814483643,,0.2983122766017914,0.1094309389591217
1781,33.0,1136,1.1682522296905518,,0.1342664286494255,0.04011734575033188
1782,34.0,1086,1.132383108139038,,0.19134229607880116,0.07004991173744202
1783,27.0,883,0.9469826221466064,,0.29590621031820774,0.0899018943309784
1784,29.0,1015,1.0586745738983154,,0.15423233807086945,0.04703379422426224
1785,30.0,1034,1.074873447418213,,0.13408258650451899,0.037882156670093536
1786,49.0,1407,1.4375312328338623,,0.13408677093684673,0.043194130063056946
1787,33.0,1156,1.2367150783538818,,0.09693101607263088,0.002246573567390442
1788,65.0,1957,1.9933536052703857,,0.1439706664532423,0.02477084845304489
1789,29.0,1072,1.1265263557434082,,0.2782919779419899,0.08721967041492462
1790,32.0,1035,1.1386489868164062,,0.13320086244493723,0.039777956902980804
1791,51.0,1488,1.513270616531372,,0.12301445379853249,0.02632458135485649
1792,29.0,1079,1.1767916679382324,,0.07363758096471429,0.006648600101470947
1793,68.0,2525,2.5887110233306885,,0.21928559057414532,0.07886569201946259
1794,31.0,1141,1.2477810382843018,,0.16102495975792408,0.044278718531131744
1795,32.0,1153,1.1937570571899414,,0.13843774888664484,0.04094012826681137
1796,12.0,522,0.5550756454467773,,0.12100284546613693,0.019663050770759583
1797,29.0,1160,1.198096752166748,,0.3742811009287834,0.12296187877655029
1798,30.0,936,0.9932880401611328,,0.06894045695662498,0.010579913854598999
1799,26.0,767,0.8405983448028564,,0.1251002885401249,0.03215157613158226
1800,27.0,823,0.8321247100830078,,0.2035138327628374,0.06287238746881485
1801,28.0,1258,1.3536243438720703,,0.10985463205724955,0.017954569309949875
1802,30.0,1033,1.0859630107879639,,0.16435297578573227,0.04387983679771423
1803,32.0,1099,1.141890048980713,,0.15158428251743317,0.051486000418663025
1804,31.0,1062,1.1120755672454834,,0.18051943182945251,0.07357461005449295
1805,29.0,1135,1.1697704792022705,,0.19730645418167114,0.06409338116645813
1806,33.0,1103,1.1497485637664795,,0.1386114712804556,0.04885350912809372
1807,33.0,1176,1.2766382694244385,,0.13261999655514956,0.03564849868416786
1808,28.0,1167,1.2164857387542725,,0.1256423620507121,0.031206078827381134
1809,35.0,1318,1.3538258075714111,,0.14412306249141693,0.0341239869594574
1810,22.0,679,0.7582376003265381,,0.25657785683870316,0.07120080292224884
1811,17.0,671,0.6990151405334473,,0.21234004385769367,0.07741285860538483
1812,30.0,1084,1.1308629512786865,,0.33685164153575897,0.11836198717355728
1813,30.0,969,1.0290653705596924,,0.13799611665308475,0.031630080193281174
1814,26.0,720,0.735297679901123,,0.1538768569007516,0.03115750476717949
1815,25.0,759,0.8288190364837646,,0.17368222773075104,0.05111420154571533
1816,32.0,1187,1.2244353294372559,,0.17967683635652065,0.07384073734283447
1817,28.0,932,0.9870355129241943,,0.11086032725870609,0.024488598108291626
1818,32.0,1075,1.1113743782043457,,0.09985988587141037,0.021838141605257988
1819,30.0,1099,1.1371245384216309,,0.08836171962320805,0.0202468391507864
1820,20.0,690,0.7678828239440918,,0.08772292826324701,0.009428756311535835
1821,23.0,707,0.7264571189880371,,0.22499888204038143,0.09438946843147278
1822,22.0,673,0.6921060085296631,,0.3227628916501999,0.1284610778093338
1823,31.0,889,0.9478790760040283,,0.21169313043355942,0.08868477493524551
1824,20.0,761,0.836144208908081,,0.18076626025140285,0.06178472936153412
1825,29.0,1191,1.2231223583221436,,0.09855746105313301,0.023356640711426735
1826,39.0,1667,1.7267787456512451,,0.13864069432020187,0.03432154655456543
1827,17.0,529,0.5618419647216797,,0.15459305420517921,0.053469352424144745
1828,28.0,755,0.825042724609375,,0.2561629619449377,0.11542797088623047
1829,32.0,888,0.882824182510376,,0.19016307406127453,0.05873908847570419
1830,61.0,2011,2.103710651397705,,0.15224174410104752,0.02667105942964554
1831,32.0,1193,1.2751686573028564,,0.13966889306902885,0.03766551613807678
1832,21.0,620,0.6407439708709717,,0.11454532109200954,0.019356340169906616
1833,26.0,917,0.9699649810791016,,0.20099204033613205,0.08599945902824402
1834,26.0,925,0.9276285171508789,,0.19751501083374023,0.0727756917476654
1835,28.0,912,0.9695765972137451,,0.13514048419892788,0.02080993354320526
1836,33.0,966,1.021284580230713,,0.12296262290328741,0.021129947155714035
1837,32.0,1097,1.139601469039917,,0.13504582084715366,0.039357174187898636
1838,33.0,947,0.995295524597168,,0.0708977309986949,0.011953532695770264
1839,30.0,908,0.970813512802124,,0.09868430811911821,0.0181274376809597
1840,23.0,813,0.8260955810546875,,0.11197952274233103,0.014042533934116364
1841,29.0,1137,1.2462096214294434,,0.3280263915657997,0.13760480284690857
1842,30.0,897,0.9007558822631836,,0.17696983367204666,0.05552069842815399
1843,31.0,1164,1.2566032409667969,,0.12321154959499836,0.03115774318575859
1844,31.0,1050,1.0950915813446045,,0.17890697345137596,0.07553153485059738
1845,29.0,867,0.8704135417938232,,0.13048119563609362,0.034208886325359344
1846,29.0,1045,1.149388313293457,,0.1113814814016223,0.033229388296604156
1847,55.0,1693,1.773036003112793,,0.1367832776159048,0.024456750601530075
1848,31.0,955,1.0050783157348633,,0.21851389110088348,0.07099486887454987
1849,32.0,1233,1.2566113471984863,,0.12798873335123062,0.03755185753107071
1850,33.0,1048,1.092503309249878,,0.09853535704314709,0.01612236350774765
1851,32.0,1184,1.221029281616211,,0.12147391028702259,0.021888604387640953
1852,39.0,1465,1.5442917346954346,,0.1808887217193842,0.04567159339785576
1853,30.0,1085,1.1363444328308105,,0.2987488377839327,0.11502984911203384
1854,20.0,693,0.7824931144714355,,0.12740312609821558,0.02904130518436432
1855,32.0,1124,1.1610004901885986,,0.23310749605298042,0.05973278731107712
1856,31.0,1388,1.4647717475891113,,0.15385583601891994,0.03540511056780815
1857,33.0,1024,1.0662078857421875,,0.12226881645619869,0.030071429908275604
1858,16.0,548,0.5813031196594238,,0.11963573191314936,0.02546221762895584
1859,32.0,1085,1.1297240257263184,,0.20936098508536816,0.057066936045885086
1860,31.0,1258,1.282911777496338,,0.12821158953011036,0.02726493775844574
1861,31.0,1276,1.3637776374816895,,0.15879354439675808,0.02281055599451065
1862,30.0,1111,1.1526331901550293,,0.1464477013796568,0.04026355594396591
1863,19.0,615,0.6459336280822754,,0.08262016996741295,0.015270035713911057
1864,43.0,1517,1.5912692546844482,,0.10010499320924282,0.020465999841690063
1865,32.0,1223,1.3053157329559326,,0.13035585917532444,0.03753797337412834
1866,32.0,1032,1.0787367820739746,,0.13863013312220573,0.03998972475528717
1867,30.0,1040,1.0814783573150635,,0.1093267910182476,0.023365404456853867
1868,32.0,1026,1.0710017681121826,,0.11367303878068924,0.029605217278003693
1869,32.0,984,1.0316338539123535,,0.13045415561646223,0.020763583481311798
1870,29.0,1032,1.0848841667175293,,0.2112543974071741,0.06413871049880981
1871,33.0,1146,1.1838860511779785,,0.10714881401509047,0.02590334042906761
1872,27.0,845,0.8539755344390869,,0.0869342153891921,0.006816830486059189
1873,32.0,1141,1.2331387996673584,,0.11698161251842976,0.032716233283281326
1874,32.0,1084,1.1263926029205322,,0.08231913298368454,0.018367627635598183
1875,31.0,1132,1.170332431793213,,0.08173337811604142,0.011759333312511444
1876,32.0,963,1.0080580711364746,,0.09392054192721844,0.02564091980457306
1877,33.0,979,1.023073434829712,,0.07730505988001823,0.024247506633400917
1878,43.0,1364,1.3988661766052246,,0.07062832359224558,0.01833241432905197
1879,33.0,1128,1.2199583053588867,,0.09914290346205235,0.01723574660718441
1880,32.0,1004,1.0467579364776611,,0.07718469016253948,0.01855098083615303
1881,52.0,1722,1.784102439880371,,0.3554685041308403,0.12285687029361725
1882,29.0,995,1.040938377380371,,0.3447592221200466,0.12468904256820679
1883,33.0,911,0.9588663578033447,,0.09127857349812984,0.018948394805192947
1884,32.0,1077,1.1160099506378174,,0.07704384252429008,0.017104459926486015
1885,33.0,1121,1.1559748649597168,,0.09229798801243305,0.014443526044487953
1886,32.0,954,1.0082440376281738,,0.07206567749381065,0.015106488019227982
1887,32.0,1025,1.0645830631256104,,0.12298602610826492,0.033196672797203064
1888,31.0,985,1.0268244743347168,,0.08416673820465803,0.020212506875395775
1889,31.0,823,0.8295652866363525,,0.0629276349209249,0.005817797034978867
1890,21.0,612,0.6960015296936035,,0.14973126165568829,0.03418634086847305
1891,63.0,1875,1.9332787990570068,,0.303410105407238,0.09424065798521042
1892,31.0,894,0.9515767097473145,,0.2006255630403757,0.05769762769341469
1893,33.0,1015,1.0589816570281982,,0.09713867213577032,0.03151468187570572
1894,69.0,2167,2.248246431350708,,0.36762093380093575,0.13751515746116638
1895,30.0,1041,1.0891070365905762,,0.22758789733052254,0.06925736367702484
1896,29.0,857,0.921226978302002,,0.10472194477915764,0.03206053748726845
1897,32.0,861,0.9222540855407715,,0.0942314900457859,0.02511359378695488
1898,32.0,937,0.9305422306060791,,0.08425899222493172,0.01724894717335701
1899,30.0,1135,1.2333054542541504,,0.12871834263205528,0.02891814336180687
1900,26.0,790,0.8064241409301758,,0.059928095899522305,-0.005256526172161102
1901,31.0,931,0.9861187934875488,,0.15728969126939774,0.03486182540655136
1902,31.0,1020,1.0611436367034912,,0.1131227184087038,0.03802703320980072
1903,32.0,999,1.0465877056121826,,0.08655338454991579,0.02155395597219467
1904,29.0,930,0.9872725009918213,,0.06117592938244343,0.007453741505742073
1905,32.0,974,1.028865098953247,,0.08616425935178995,0.03207467123866081
1906,31.0,1085,1.1245083808898926,,0.11075384356081486,0.0284699909389019
1907,65.0,2336,2.4054863452911377,,0.48691069334745407,0.22920313477516174
1908,31.0,944,0.9944922924041748,,0.2129516936838627,0.08391563594341278
1909,28.0,1021,1.066986322402954,,0.08259616792201996,0.027958057820796967
1910,31.0,1015,1.0566537380218506,,0.07334801042452455,0.0043547432869672775
1911,33.0,958,1.00821852684021,,0.08398322947323322,0.002213548868894577
1912,32.0,906,0.9710969924926758,,0.07687545847147703,0.01604943908751011
1913,27.0,864,0.8645410537719727,,0.12649749871343374,0.0205390602350235
1914,30.0,992,1.0433895587921143,,0.10610923171043396,0.012502651661634445
1915,31.0,1080,1.1734097003936768,,0.10784093011170626,0.02685324102640152
1916,30.0,1068,1.109910488128662,,0.08651335258036852,0.019644077867269516
1917,29.0,1077,1.121079921722412,,0.1475605545565486,0.03961139917373657
1918,27.0,913,0.9627299308776855,,0.07756795082241297,0.02220204845070839
1919,32.0,926,0.9243576526641846,,0.09635418653488159,0.016682561486959457
1920,32.0,1033,1.080583095550537,,0.13497082982212305,0.04100487753748894
1921,31.0,958,1.0188515186309814,,0.10258581303060055,0.03091205656528473
1922,25.0,843,0.907010555267334,,0.1351492889225483,0.03935515508055687
1923,26.0,894,0.9601707458496094,,0.30630786903202534,0.10844562202692032
1924,30.0,1245,1.2731144428253174,,0.150853481143713,0.056698061525821686
1925,31.0,925,0.9756238460540771,,0.06681044586002827,0.011247491464018822
1926,28.0,1091,1.1371028423309326,,0.06258383207023144,0.000637594610452652
1927,32.0,1112,1.1453280448913574,,0.0892038382589817,0.019996389746665955
1928,32.0,1132,1.1593146324157715,,0.09853334724903107,0.014918576925992966
1929,30.0,998,1.0546894073486328,,0.06451877020299435,0.012715132907032967
1930,28.0,755,0.8306410312652588,,0.09552059043198824,0.023549765348434448
1931,43.0,1446,1.5205674171447754,,0.14422432612627745,0.0229499451816082
1932,31.0,1181,1.216606616973877,,0.16894301772117615,0.057179033756256104
1933,32.0,926,0.9760487079620361,,0.10840415395796299,0.02772238478064537
1934,43.0,1401,1.42952299118042,,0.07621830329298973,0.012893928214907646
1935,42.0,1299,1.3930659294128418,,0.18016407079994678,0.044908687472343445
1936,25.0,757,0.774479866027832,,0.2646219916641712,0.08555195480585098
1937,32.0,997,1.0456569194793701,,0.14791415724903345,0.046228863298892975
1938,29.0,915,0.9774680137634277,,0.1184244891628623,0.034018103033304214
1939,32.0,1317,1.3941712379455566,,0.07523967511951923,0.005290057510137558
1940,31.0,924,0.9786062240600586,,0.100581263191998,0.028791964054107666
1941,62.0,2092,2.1807055473327637,,0.34465882927179337,0.1260136365890503
1942,30.0,1131,1.1812522411346436,,0.15249650925397873,0.052480295300483704
1943,32.0,1050,1.0992791652679443,,0.1500881053507328,0.05146494507789612
1944,25.0,875,0.9405848979949951,,0.24256322532892227,0.08109718561172485
1945,32.0,1237,1.2723774909973145,,0.11820298619568348,0.024050738662481308
1946,32.0,936,1.0013222694396973,,0.06570264836773276,0.014745881780982018
1947,34.0,998,1.0462536811828613,,0.11049133632332087,0.026711802929639816
1948,41.0,1199,1.242131233215332,,0.09778791572898626,0.031650714576244354
1949,29.0,1015,1.0680830478668213,,0.4561648480594158,0.18727520108222961
1950,9.0,399,0.4414501190185547,,0.10835423599928617,0.018561437726020813
1951,30.0,979,1.0322265625,,0.44117675349116325,0.16603365540504456
1952,32.0,1099,1.137277364730835,,0.10639670491218567,0.031352560967206955
1953,31.0,996,1.0408880710601807,,0.08713154308497906,0.01650262624025345
1954,32.0,967,1.011132001876831,,0.08069214038550854,0.022989828139543533
1955,64.0,2018,2.118149757385254,,0.3284768871963024,0.12171052396297455
1956,33.0,1067,1.1064174175262451,,0.17449926771223545,0.051568835973739624
1957,32.0,1021,1.0637555122375488,,0.0972203565761447,0.02148762345314026
1958,20.0,634,0.6574504375457764,,0.0673081474378705,0.002600986510515213
1959,30.0,983,1.0321950912475586,,0.2744636721909046,0.11364154517650604
1960,20.0,666,0.6866161823272705,,0.16113490797579288,0.02942482754588127
1961,27.0,901,0.9658472537994385,,0.21800761297345161,0.07880447804927826
1962,33.0,995,1.0430796146392822,,0.21719909831881523,0.08078216761350632
1963,28.0,979,1.0365467071533203,,0.11758457776159048,0.027344372123479843
1964,32.0,1221,1.2525625228881836,,0.10261565260589123,0.026594696566462517
1965,29.0,865,0.9297819137573242,,0.09895680379122496,0.02099374309182167
1966,42.0,1414,1.4934070110321045,,0.1162300854921341,0.018429432064294815
1967,19.0,709,0.7349777221679688,,0.2978183850646019,0.1124386340379715
1968,20.0,669,0.6943106651306152,,0.3233328312635422,0.12511226534843445
1969,32.0,885,0.9474282264709473,,0.22761589847505093,0.07147423923015594
1970,30.0,1107,1.1519694328308105,,0.1176309883594513,0.03145184740424156
1971,30.0,1017,1.066911220550537,,0.1289762258529663,0.03721741586923599
1972,28.0,998,1.0476574897766113,,0.3017825949937105,0.10092732310295105
1973,32.0,826,0.8909347057342529,,0.10801661666482687,0.023786691948771477
1974,34.0,1164,1.194843053817749,,0.1031474769115448,0.024173837155103683
1975,30.0,1124,1.1682965755462646,,0.1389093967154622,0.04712902009487152
1976,29.0,828,0.8950052261352539,,0.10684943106025457,0.02271760255098343
1977,32.0,913,0.9694898128509521,,0.09596631303429604,0.01217016950249672
1978,20.0,649,0.6728148460388184,,0.08112851344048977,0.01702287420630455
1979,32.0,1181,1.215876817703247,,0.23980463296175003,0.08643877506256104
1980,29.0,1106,1.1418488025665283,,0.11496315244585276,0.016350146383047104
1981,30.0,1244,1.3230528831481934,,0.16847114264965057,0.05474930256605148
1982,32.0,1129,1.1549756526947021,,0.13444331660866737,0.04827508330345154
1983,22.0,694,0.7150013446807861,,0.10877742990851402,0.013708991929888725
1984,29.0,1091,1.189690351486206,,0.21348037384450436,0.07542811334133148
1985,32.0,1063,1.1004447937011719,,0.1199348783120513,0.03200139105319977
1986,34.0,1102,1.1393685340881348,,0.1482272371649742,0.04409844055771828
1987,26.0,869,0.9264042377471924,,0.11330847535282373,0.026826605200767517
1988,33.0,1053,1.0946147441864014,,0.11853270698338747,0.03354165703058243
1989,33.0,1147,1.187117099761963,,0.1374540152028203,0.032198138535022736
1990,34.0,1049,1.093543291091919,,0.08624779433012009,0.024143917486071587
1991,34.0,967,1.0181965827941895,,0.08882549498230219,0.021278521046042442
1992,60.0,1761,1.8215961456298828,,0.11014773696660995,0.017365165054798126
1993,26.0,883,0.9473140239715576,,0.31210363283753395,0.10226142406463623
1994,43.0,1127,1.169374704360962,,0.15878656692802906,0.050935447216033936
1995,32.0,1056,1.1008121967315674,,0.27261454053223133,0.09246200323104858
1996,32.0,1292,1.3764150142669678,,0.08758768858388066,-0.0022286009043455124
1997,34.0,771,0.7794976234436035,,0.07803825009614229,0.0004763081669807434
1998,24.0,836,0.8986473083496094,,0.13327355775982141,0.02980891242623329
1999,33.0,1162,1.1864891052246094,,0.158760498277843,0.030783258378505707
2000,28.0,965,1.0100681781768799,,0.19327512755990028,0.069508858025074
2001,40.0,1300,1.382798433303833,,0.08943489193916321,0.0022072233259677887
2002,34.0,754,0.7609541416168213,,0.3657791130244732,0.12492941319942474
2003,29.0,827,0.8873448371887207,,0.16710040718317032,0.04533189535140991
2004,31.0,1161,1.1869995594024658,,0.13720692414790392,0.043726954609155655
2005,53.0,1601,1.6670918464660645,,0.33526475355029106,0.11827805638313293
2006,32.0,1192,1.2084918022155762,,0.24643883667886257,0.08661874383687973
2007,33.0,989,1.0336639881134033,,0.08479940332472324,0.018362537026405334
2008,33.0,948,0.9870162010192871,,0.17264060489833355,0.05640571191906929
2009,42.0,1446,1.517232894897461,,0.09684486594051123,0.00663251057267189
2010,32.0,1181,1.206050157546997,,0.12370970845222473,0.03532317653298378
2011,33.0,1225,1.2968025207519531,,0.0895270025357604,0.012260302901268005
2012,32.0,915,0.9070014953613281,,0.07280130032449961,-0.010715290904045105
2013,31.0,1124,1.2097697257995605,,0.1178541136905551,0.028470873832702637
2014,32.0,1173,1.2040586471557617,,0.17712914943695068,0.05627509579062462
2015,44.0,1647,1.708594560623169,,0.09473868925124407,-0.00032893940806388855
2016,31.0,956,1.0073022842407227,,0.2900699134916067,0.09362712502479553
2017,30.0,1059,1.0961768627166748,,0.1008017435669899,0.042528554797172546
2018,33.0,1011,1.0579028129577637,,0.07418876234441996,0.013690803200006485
2019,33.0,1176,1.21311354637146,,0.08185735158622265,0.007450981065630913
2020,30.0,1078,1.1205732822418213,,0.09342609904706478,0.017768166959285736
2021,30.0,1155,1.2517328262329102,,0.16802080534398556,0.037179749459028244
2022,33.0,865,0.8597629070281982,,0.07890402246266603,0.002892192453145981
2023,33.0,1202,1.287865400314331,,0.1299558412283659,0.030035492032766342
2024,31.0,1241,1.276564121246338,,0.34230711683630943,0.11705333739519119
2025,58.0,1872,1.9721033573150635,,0.3127227984368801,0.10996992886066437
2026,29.0,1143,1.1729156970977783,,0.11797027476131916,0.025394579395651817
2027,38.0,1334,1.4214582443237305,,0.07634382974356413,0.004576064646244049
2028,31.0,857,0.857189416885376,,0.3025429490953684,0.13473525643348694
2029,31.0,999,1.0508484840393066,,0.10284729767590761,0.016176117584109306
2030,34.0,955,1.0064733028411865,,0.07860452588647604,0.011289797723293304
2031,33.0,1056,1.0996851921081543,,0.11005325242877007,0.029165804386138916
2032,30.0,1208,1.3001189231872559,,0.1821706537157297,0.05906105414032936
2033,33.0,903,0.8941388130187988,,0.08456570841372013,-0.0017400458455085754
2034,51.0,1563,1.6442186832427979,,0.11825674213469028,0.01867503859102726
2035,32.0,1126,1.2231051921844482,,0.08184738364070654,0.004558943212032318
2036,31.0,1103,1.1508760452270508,,0.2421101350337267,0.0889628678560257
2037,37.0,1521,1.5994937419891357,,0.10212800186127424,0.01269359141588211
2038,37.0,1225,1.2679920196533203,,0.17584437504410744,0.04960056021809578
2039,32.0,1101,1.136993646621704,,0.2051565870642662,0.04150258004665375
2040,29.0,926,0.9792084693908691,,0.10658818390220404,0.01641494408249855
2041,28.0,769,0.8428933620452881,,0.12959610112011433,0.028550323098897934
2042,32.0,1172,1.204340934753418,,0.16610268503427505,0.058324169367551804
2043,31.0,1108,1.1417174339294434,,0.06827908242121339,0.010899975895881653
2044,23.0,612,0.632753849029541,,0.0980208832770586,0.01161477155983448
2045,32.0,909,0.956937313079834,,0.22162181325256824,0.0792708471417427
2046,34.0,1051,1.1035480499267578,,0.10183074232190847,0.011592607945203781
2047,29.0,1072,1.1167213916778564,,0.08679139614105225,0.00766020268201828
2048,29.0,1184,1.21675443649292,,0.12976075429469347,0.04484819993376732
2049,32.0,1017,1.0601811408996582,,0.07059916108846664,0.00520716980099678
2050,31.0,1018,1.0660665035247803,,0.08371225371956825,0.00022587552666664124
2051,32.0,1226,1.310760498046875,,0.11646649707108736,0.0415782555937767
2052,31.0,961,1.006697654724121,,0.06182177644222975,0.017023438587784767
2053,30.0,900,0.9050033092498779,,0.11052038799971342,0.011083807796239853
2054,31.0,1154,1.2518105506896973,,0.19537623971700668,0.06927052140235901
2055,25.0,799,0.8119392395019531,,0.16017971001565456,0.040589481592178345
2056,28.0,1167,1.2557075023651123,,0.06431628204882145,-0.0003777388483285904
2057,30.0,969,0.9746224880218506,,0.07960388530045748,-0.025163669139146805
2058,30.0,992,1.0434246063232422,,0.12875971384346485,0.020561546087265015
2059,31.0,1012,1.0632197856903076,,0.08471295982599258,-0.005903393030166626
2060,28.0,1155,1.261096715927124,,0.165103979408741,0.04903438687324524
2061,32.0,1150,1.1897530555725098,,0.15304789878427982,0.047167666256427765
2062,42.0,1443,1.5207891464233398,,0.1259534079581499,0.02671189233660698
2063,31.0,889,0.8896043300628662,,0.14840828254818916,0.03752369433641434
2064,31.0,920,0.9712972640991211,,0.1400001598522067,0.024111272767186165
2065,30.0,925,0.9799234867095947,,0.09486561361700296,0.028643237426877022
2066,31.0,1089,1.1251733303070068,,0.09786089323461056,0.03241163492202759
2067,53.0,1803,1.9219555854797363,,0.16052351705729961,0.028017960488796234
2068,53.0,1957,2.0670080184936523,,0.16153487376868725,0.02500757947564125
2069,31.0,999,0.9879336357116699,,0.23559769429266453,0.0730663388967514
2070,33.0,1021,1.067992925643921,,0.1254787938669324,0.025632482022047043
2071,30.0,1157,1.2429089546203613,,0.13104385882616043,0.041591331362724304
2072,34.0,1045,1.0850355625152588,,0.09027016628533602,0.022909361869096756
2073,32.0,1035,1.0803697109222412,,0.11781429965049028,0.03471440449357033
2074,30.0,1062,1.1034247875213623,,0.09527359716594219,0.027857622131705284
2075,30.0,1173,1.205556869506836,,0.11544063594192266,0.023126870393753052
2076,33.0,1131,1.168534278869629,,0.13077064417302608,0.030741993337869644
2077,7.0,375,0.421541690826416,,0.11821694672107697,0.02647271752357483
2078,32.0,1051,1.1023154258728027,,0.4881724752485752,0.18061186373233795
2079,31.0,1089,1.1251530647277832,,0.10377829149365425,0.022876907140016556
2080,29.0,1000,1.0468847751617432,,0.10962894931435585,0.027571383863687515
2081,41.0,1356,1.4281153678894043,,0.12219250295311213,0.029054472222924232
2082,31.0,1049,1.0983879566192627,,0.25488987751305103,0.08596949279308319
2083,32.0,945,0.9858181476593018,,0.12424331624060869,0.03527180477976799
2084,32.0,1145,1.1774375438690186,,0.09638835489749908,0.02677213028073311
2085,43.0,1511,1.5917882919311523,,0.20982474088668823,0.07698830217123032
2086,32.0,1017,1.064610481262207,,0.1937025971710682,0.05829774960875511
2087,30.0,988,1.0378954410552979,,0.11667612940073013,0.026941098272800446
2088,30.0,1047,1.085585594177246,,0.0784110864624381,0.02118646912276745
2089,32.0,1093,1.1294770240783691,,0.12253976240754128,0.023498861119151115
2090,32.0,965,1.0131440162658691,,0.08650504797697067,0.018460137769579887
2091,34.0,1083,1.116675853729248,,0.07516182400286198,0.0127490796148777
2092,31.0,990,1.0347881317138672,,0.0747142443433404,0.01715230941772461
2093,31.0,1177,1.2136752605438232,,0.21767318062484264,0.06431714445352554
2094,34.0,1108,1.140455961227417,,0.08449168037623167,0.019948909059166908
2095,32.0,1108,1.210463047027588,,0.09414527472108603,0.024950260296463966
2096,27.0,902,0.906050443649292,,0.08114043716341257,0.013344299048185349
2097,31.0,1212,1.2966270446777344,,0.07103227730840445,-0.003899112343788147
2098,26.0,811,0.8226785659790039,,0.058321407064795494,-0.012025147676467896
2099,32.0,1043,1.0836927890777588,,0.17195459455251694,0.06283257901668549
2100,30.0,946,0.9989199638366699,,0.0680080926977098,-0.001049146056175232
2101,32.0,1027,1.0833535194396973,,0.2807112317532301,0.08306002616882324
2102,31.0,1080,1.116074800491333,,0.09581730421632528,0.023449959233403206
2103,33.0,1110,1.1516599655151367,,0.09684518445283175,0.01688164845108986
2104,41.0,1444,1.5127339363098145,,0.08665223978459835,0.02715858817100525
2105,28.0,956,1.0109238624572754,,0.17126931250095367,0.04229094088077545
2106,33.0,921,0.9811046123504639,,0.11704814620316029,0.016663987189531326
2107,33.0,778,0.7915909290313721,,0.07813458796590567,0.003340877592563629
2108,55.0,1620,1.7558324337005615,,0.20475459471344948,0.042587652802467346
2109,32.0,1076,1.111860752105713,,0.16980166174471378,0.06795736402273178
2110,23.0,827,0.8369400501251221,,0.09711924195289612,0.008923947811126709
2111,34.0,1120,1.2200369834899902,,0.17512805946171284,0.03135044127702713
2112,32.0,1173,1.2179889678955078,,0.327482134103775,0.1333450973033905
2113,33.0,993,1.037255048751831,,0.10694005154073238,0.014442797750234604
2114,54.0,1758,1.8060667514801025,,0.11592066008597612,0.020587820559740067
2115,29.0,1095,1.1347072124481201,,0.3613090068101883,0.1356731802225113
2116,31.0,1456,1.5173771381378174,,0.12885790597647429,0.029487837105989456
2117,32.0,1084,1.1360321044921875,,0.29129139333963394,0.1067684143781662
2118,28.0,870,0.9317333698272705,,0.10420973598957062,0.019161850214004517
2119,24.0,772,0.8414011001586914,,0.14460015576332808,0.061064157634973526
2120,32.0,1142,1.18123197555542,,0.176773464307189,0.044530075043439865
2121,13.0,586,0.6153388023376465,,0.09282462485134602,0.013046309351921082
2122,27.0,931,0.9881992340087891,,0.2882990837097168,0.10440397262573242
2123,32.0,1391,1.400921106338501,,0.14905316941440105,0.047900281846523285
2124,33.0,1015,1.05938720703125,,0.08189840894192457,0.022030115127563477
2125,32.0,1203,1.2938404083251953,,0.18251069635152817,0.04174404591321945
2126,30.0,1016,1.0644447803497314,,0.12033526413142681,0.0260157510638237
2127,26.0,961,1.013519287109375,,0.13531836308538914,0.03478379547595978
2128,25.0,779,0.789942741394043,,0.1447936873883009,0.02604762464761734
2129,26.0,931,0.9871597290039062,,0.19820911437273026,0.08140815049409866
2130,42.0,1300,1.3913300037384033,,0.15421833377331495,0.048531487584114075
2131,29.0,1185,1.2123000621795654,,0.13664262928068638,0.04608779773116112
2132,27.0,1109,1.1488213539123535,,0.08814108464866877,0.02033417299389839
2133,26.0,799,0.8638613224029541,,0.078125374391675,0.01209702342748642
2134,31.0,933,0.925896406173706,,0.2527439072728157,0.09980162978172302
2135,52.0,1688,1.8092308044433594,,0.13908054493367672,0.0385734848678112
2136,41.0,1112,1.1450352668762207,,0.3242206685245037,0.11137349903583527
2137,32.0,1133,1.1647975444793701,,0.22421585582196712,0.07733634114265442
2138,32.0,1215,1.2616722583770752,,0.160613096319139,0.034220464527606964
2139,31.0,855,0.9133081436157227,,0.14085588417947292,0.046374883502721786
2140,32.0,1103,1.1314196586608887,,0.1503063142299652,0.047158561646938324
2141,56.0,1841,1.956629991531372,,0.25363100320100784,0.09762559831142426
2142,32.0,947,0.996720552444458,,0.2535586953163147,0.06057293713092804
2143,34.0,1182,1.2035465240478516,,0.14515777118504047,0.0497608482837677
2144,41.0,1199,1.2318437099456787,,0.15188379399478436,0.04529276490211487
2145,27.0,819,0.8842532634735107,,0.3040878176689148,0.1077839732170105
2146,30.0,999,1.044328212738037,,0.1750589869916439,0.05400808900594711
2147,33.0,1203,1.229607343673706,,0.11958201881498098,0.030816422775387764
2148,67.0,2152,2.224897861480713,,0.25601813942193985,0.0818067342042923
2149,23.0,749,0.8150794506072998,,0.17353730089962482,0.04270201176404953
2150,22.0,753,0.7620737552642822,,0.16692292131483555,0.05675027519464493
2151,33.0,1007,1.0429415702819824,,0.2666403725743294,0.0673060193657875
2152,31.0,1003,1.043668508529663,,0.14313863962888718,0.044902633875608444
2153,32.0,1169,1.2434194087982178,,0.11139756347984076,0.03289978206157684
2154,64.0,1991,2.0294947624206543,,0.29557477310299873,0.10950446873903275
2155,27.0,759,0.8311767578125,,0.2831255532801151,0.08760473877191544
2156,42.0,1341,1.4276983737945557,,0.1896975990384817,0.062209028750658035
2157,30.0,1107,1.1461198329925537,,0.13022969476878643,0.048389919102191925
2158,42.0,1361,1.379241704940796,,0.11676489282399416,0.025758057832717896
2159,34.0,890,0.9542040824890137,,0.25785094127058983,0.09771769493818283
2160,49.0,1685,1.7488901615142822,,0.14495806861668825,0.03364838287234306
2161,31.0,1013,1.0551800727844238,,0.4425784721970558,0.16770021617412567
2162,28.0,991,1.049400806427002,,0.15553604625165462,0.04233220964670181
2163,54.0,1825,1.9425010681152344,,0.11115559749305248,0.020258788019418716
2164,23.0,755,0.7689967155456543,,0.23926778882741928,0.06335483491420746
2165,31.0,1059,1.1003787517547607,,0.3490373119711876,0.1487354040145874
2166,28.0,958,1.0089819431304932,,0.16424540430307388,0.039330124855041504
2167,28.0,908,0.9676144123077393,,0.08173315785825253,0.009026646614074707
2168,32.0,1193,1.218820333480835,,0.13557636737823486,0.04340492933988571
2169,22.0,618,0.6966736316680908,,0.14935479871928692,0.035487107932567596
2170,31.0,1159,1.1874175071716309,,0.13948238361626863,0.054688598960638046
2171,30.0,990,1.043778657913208,,0.12095440365374088,0.02775506302714348
2172,31.0,1056,1.1042003631591797,,0.15025044698268175,0.039840057492256165
2173,33.0,1023,1.0674126148223877,,0.1196030043065548,0.02844906784594059
2174,30.0,917,0.971869945526123,,0.11192279495298862,0.02513018809258938
2175,26.0,703,0.7163102626800537,,0.15558834932744503,0.041281621903181076
2176,28.0,1123,1.1585948467254639,,0.21952776797115803,0.07895182073116302
2177,31.0,1048,1.0883336067199707,,0.09952208958566189,0.027070051059126854
2178,32.0,992,1.0303027629852295,,0.09709429647773504,0.020768439397215843
2179,27.0,913,0.964289665222168,,0.07298337295651436,0.000984271988272667
2180,61.0,1920,2.023164987564087,,0.3387627359479666,0.16991762816905975
2181,30.0,1164,1.194718599319458,,0.17630784586071968,0.049294911324977875
2182,32.0,1021,1.058091640472412,,0.08719029370695353,0.013446127995848656
2183,59.0,1694,1.7540645599365234,,0.1570977009832859,0.04799548164010048
2184,61.0,2266,2.405853509902954,,0.32992408610880375,0.11564221978187561
2185,30.0,874,0.8720321655273438,,0.18809138052165508,0.05544852092862129
2186,38.0,1341,1.4161930084228516,,0.08411765191704035,0.018250513821840286
2187,25.0,787,0.8569390773773193,,0.5005944408476353,0.20331992208957672
2188,26.0,897,0.9048995971679688,,0.127474051900208,0.031532492488622665
2189,31.0,1053,1.0894412994384766,,0.19749712944030762,0.05976833403110504
2190,32.0,1233,1.3109993934631348,,0.12100671697407961,0.022928018122911453
2191,34.0,1126,1.1657416820526123,,0.10112077556550503,0.01874559558928013
2192,21.0,574,0.6061573028564453,,0.10207515954971313,0.011785680428147316
2193,32.0,1107,1.1454708576202393,,0.2531873360276222,0.1046520471572876
2194,18.0,601,0.6911070346832275,,0.09165415912866592,0.00615537166595459
2195,31.0,942,0.9448161125183105,,0.5972027406096458,0.19603712856769562
2196,31.0,1049,1.090667724609375,,0.17082387767732143,0.042191796004772186
2197,32.0,1015,1.0703470706939697,,0.11346991080790758,0.02845069020986557
2198,27.0,933,0.9938528537750244,,0.1631627380847931,0.04177849739789963
2199,24.0,721,0.8037912845611572,,0.24741758406162262,0.08961053192615509
2200,16.0,600,0.6311523914337158,,0.20893245935440063,0.06410210579633713
2201,18.0,527,0.5618000030517578,,0.3129756301641464,0.11291031539440155
2202,28.0,939,0.9970810413360596,,0.17257847636938095,0.0614333301782608
2203,33.0,991,1.0374789237976074,,0.17817221395671368,0.05167614668607712
2204,30.0,820,0.8261616230010986,,0.09110842272639275,0.003264114260673523
2205,31.0,1291,1.3669428825378418,,0.1419440545141697,0.031674522906541824
2206,31.0,1075,1.1102302074432373,,0.16660397499799728,0.04391065612435341
2207,31.0,1057,1.1039049625396729,,0.11320642475038767,0.034760184586048126
2208,33.0,1072,1.115149736404419,,0.1110435202717781,0.035885319113731384
2209,31.0,1128,1.1624577045440674,,0.09527525212615728,0.034443773329257965
2210,31.0,923,0.98415207862854,,0.1616090778261423,0.04987126961350441
2211,18.0,669,0.697155237197876,,0.1171578811481595,0.037065714597702026
2212,29.0,955,1.0074748992919922,,0.4374402016401291,0.15743356943130493
2213,32.0,1094,1.1376338005065918,,0.1443948931992054,0.03823443129658699
2214,64.0,2158,2.252955436706543,,0.15159041434526443,0.030945036560297012
2215,29.0,865,0.9220921993255615,,0.30650951713323593,0.12236598879098892
2216,34.0,1049,1.0863935947418213,,0.15532002598047256,0.04549485817551613
2217,31.0,1196,1.2851262092590332,,0.14522705134004354,0.03454858064651489
2218,29.0,967,0.9668173789978027,,0.05933956475928426,-0.0026791393756866455
2219,32.0,931,0.9876244068145752,,0.13997353333979845,0.027135739102959633
2220,32.0,1110,1.1496458053588867,,0.08278067782521248,0.024447524920105934
2221,30.0,985,1.0321128368377686,,0.0763164646923542,0.0026296768337488174
2222,30.0,1142,1.235039472579956,,0.1957953106611967,0.06238532438874245
2223,33.0,993,1.045680046081543,,0.21232825703918934,0.05567707121372223
2224,32.0,1115,1.1544289588928223,,0.1592141818255186,0.0319986455142498
2225,55.0,1615,1.6824686527252197,,0.11946647521108389,0.023177362978458405
2226,40.0,1342,1.3639323711395264,,0.2592615429311991,0.09602765738964081
2227,27.0,821,0.8900585174560547,,0.2869547624140978,0.09807053953409195
2228,30.0,939,0.9939491748809814,,0.15612728521227837,0.04085218533873558
2229,28.0,1107,1.1481244564056396,,0.13702937960624695,0.04010317847132683
2230,25.0,791,0.8641030788421631,,0.09628199972212315,0.024946969002485275
2231,32.0,1008,1.045062780380249,,0.13543989975005388,0.04909822717308998
2232,16.0,506,0.5361976623535156,,0.120962786488235,0.025325659662485123
2233,29.0,981,0.9709100723266602,,0.2420867644250393,0.11054756492376328
2234,31.0,1294,1.3689014911651611,,0.17871332354843616,0.04112468287348747
2235,30.0,1064,1.1062769889831543,,0.10194079298526049,0.03730086609721184
2236,28.0,717,0.7906961441040039,,0.18904444761574268,0.07151025533676147
2237,30.0,1105,1.1398303508758545,,0.16248981095850468,0.04740562289953232
2238,43.0,1367,1.3849077224731445,,0.17415243573486805,0.06685034185647964
2239,33.0,1056,1.096587896347046,,0.3284534923732281,0.10946802794933319
2240,32.0,981,1.035623550415039,,0.12718021776527166,0.030784931033849716
2241,22.0,734,0.8174924850463867,,0.07337297592312098,0.01038382202386856
2242,28.0,936,0.9953551292419434,,0.18818938545882702,0.05516626685857773
2243,34.0,951,0.9345848560333252,,0.10183038003742695,0.0019755177199840546
2244,32.0,1067,1.1697921752929688,,0.22269306518137455,0.08687742054462433
2245,33.0,1291,1.3086504936218262,,0.09344114270061255,0.020003091543912888
2246,30.0,961,1.0067906379699707,,0.09292907081544399,0.0237116776406765
2247,64.0,2303,2.3749496936798096,,0.3067202437669039,0.09449520707130432
2248,63.0,1763,1.8898167610168457,,0.2816634587943554,0.09647903591394424
2249,27.0,969,1.0210866928100586,,0.3210666626691818,0.11472968757152557
2250,29.0,1250,1.2834861278533936,,0.21623184345662594,0.055395763367414474
2251,32.0,1145,1.1681838035583496,,0.09335821308195591,0.021071966737508774
2252,32.0,1172,1.2683706283569336,,0.12804544903337955,0.044284239411354065
2253,33.0,937,0.9886636734008789,,0.20676765218377113,0.07415075600147247
2254,32.0,1000,0.9843318462371826,,0.13402382750064135,0.023656338453292847
2255,31.0,1033,1.1282868385314941,,0.19591386057436466,0.052426159381866455
2256,31.0,1017,1.052459478378296,,0.10748154018074274,0.029290981590747833
2257,29.0,1065,1.1072921752929688,,0.15221191849559546,0.03728656470775604
2258,62.0,1844,1.8994972705841064,,0.10033124219626188,0.021119724959135056
2259,30.0,1075,1.1170687675476074,,0.29350584372878075,0.10749848932027817
2260,30.0,1146,1.2509140968322754,,0.24874734319746494,0.09367261826992035
2261,33.0,875,0.8790936470031738,,0.066783188842237,-0.008130677044391632
2262,26.0,775,0.8504691123962402,,0.15018947701901197,0.037635866552591324
2263,27.0,941,1.0008726119995117,,0.1566534135490656,0.049753159284591675
2264,30.0,1033,1.082824468612671,,0.1389818387106061,0.028231365606188774
2265,34.0,1017,1.0611166954040527,,0.1282390132546425,0.04465021193027496
2266,15.0,421,0.3996601104736328,,0.1282390132546425,0.04465021193027496
2267,33.0,940,0.994673490524292,,0.34500258788466454,0.15886488556861877
2268,30.0,863,0.928225040435791,,0.1187313050031662,0.033382266759872437
2269,30.0,1084,1.1263129711151123,,0.16930720768868923,0.05279218405485153
2270,31.0,1027,1.0784618854522705,,0.2844757568091154,0.1270238608121872
2271,44.0,1541,1.6121082305908203,,0.09398857224732637,0.005394903942942619
2272,58.0,1891,2.003596544265747,,0.28456092067062855,0.10406903922557831
2273,31.0,1287,1.3022403717041016,,0.3088923431932926,0.0536302886903286
2274,32.0,923,0.9772071838378906,,0.09528214205056429,0.009827598929405212
2275,30.0,1307,1.3856267929077148,,0.12861191853880882,0.02318178117275238
2276,33.0,1073,1.111018180847168,,0.1083507314324379,0.036868028342723846
2277,30.0,1111,1.1508028507232666,,0.2568371519446373,0.10869486629962921
2278,30.0,1021,1.0656535625457764,,0.1095550088211894,0.0282818041741848
2279,19.0,723,0.7424094676971436,,0.05284286569803953,-0.00864526629447937
2280,32.0,1158,1.242875099182129,,0.09693809971213341,0.029041724279522896
2281,23.0,763,0.7734394073486328,,0.10470450203865767,0.02110590785741806
2282,29.0,1229,1.2533414363861084,,0.18830276653170586,0.06358896195888519
2283,32.0,1081,1.1840078830718994,,0.19730488024652004,0.06465742737054825
2284,33.0,910,0.9041857719421387,,0.122247657738626,0.03326074033975601
2285,32.0,1071,1.1091880798339844,,0.11931549850851297,0.035086490213871
2286,50.0,1699,1.8315539360046387,,0.2960536815226078,0.08391730487346649
2287,30.0,942,0.9949667453765869,,0.20110506936907768,0.047006651759147644
2288,33.0,1375,1.3892347812652588,,0.10320883337408304,0.025200482457876205
2289,32.0,1087,1.1242680549621582,,0.13470617216080427,0.05107617378234863
2290,30.0,976,1.0365784168243408,,0.14976824074983597,0.05005400627851486
2291,40.0,1217,1.3182666301727295,,0.1125245364382863,0.03106401301920414
2292,32.0,1035,1.0860989093780518,,0.22813373990356922,0.0641477108001709
2293,25.0,772,0.781846284866333,,0.0924685699865222,0.0031532011926174164
2294,32.0,1219,1.302903175354004,,0.1411015670746565,0.028103206306695938
2295,26.0,896,0.8969831466674805,,0.10837769880890846,0.02034055069088936
2296,24.0,683,0.76236891746521,,0.11640730407088995,0.023031484335660934
2297,27.0,765,0.7765898704528809,,0.13202635291963816,0.022655334323644638
2298,32.0,1158,1.1894354820251465,,0.130809904076159,0.04640050232410431
2299,33.0,1180,1.262509822845459,,0.11218199413269758,0.027628017589449883
2300,34.0,1047,1.0878369808197021,,0.10905063711106777,0.034608401358127594
2301,27.0,924,0.986802339553833,,0.47835198789834976,0.17371028661727905
2302,32.0,896,0.8954203128814697,,0.17197436094284058,0.04793834686279297
2303,32.0,1247,1.3299906253814697,,0.09646875970065594,0.02229664847254753
2304,32.0,1008,1.0571351051330566,,0.07125187804922462,0.01601320691406727
2305,17.0,737,0.7551267147064209,,0.0920032998546958,0.007479958236217499
2306,29.0,1043,1.0877621173858643,,0.32599871046841145,0.09594367444515228
2307,19.0,669,0.7559041976928711,,0.07533106300979853,0.02259587123990059
2308,30.0,1037,1.0823719501495361,,0.26903859339654446,0.0990191325545311
2309,29.0,1082,1.1192989349365234,,0.13970232475548983,0.03819459676742554
2310,38.0,1115,1.1543099880218506,,0.28071916848421097,0.09967456758022308
2311,32.0,1134,1.1643133163452148,,0.16660572960972786,0.035112351179122925
2312,31.0,1093,1.1314315795898438,,0.15988336689770222,0.055291566997766495
2313,30.0,1017,1.06439208984375,,0.09294152725487947,0.018941819667816162
2314,19.0,644,0.6662569046020508,,0.2563747502863407,0.07672081887722015
2315,24.0,839,0.9003653526306152,,0.2947444077581167,0.09616918861865997
2316,62.0,2195,2.275433301925659,,0.18174193054437637,0.0448407381772995
2317,32.0,960,1.0125141143798828,,0.12302976660430431,0.01556791365146637
2318,32.0,1129,1.168912649154663,,0.08279627095907927,0.0170874185860157
2319,16.0,503,0.5361049175262451,,0.08976583275943995,0.008212648332118988
2320,33.0,1145,1.2376632690429688,,0.11226070486009121,0.03618872910737991
2321,33.0,1131,1.1715030670166016,,0.1712876744568348,0.051479436457157135
2322,22.0,746,0.7690796852111816,,0.13441657926887274,0.02684340998530388
2323,31.0,1008,1.0654678344726562,,0.2512401770800352,0.10674005001783371
2324,29.0,1120,1.1599204540252686,,0.14756575599312782,0.034048959612846375
2325,30.0,976,1.0234293937683105,,0.05996798723936081,-0.0055513083934783936
2326,54.0,1645,1.7729380130767822,,0.25319958105683327,0.0800793468952179
2327,32.0,1063,1.0975871086120605,,0.1027594581246376,0.01350146159529686
2328,29.0,1020,1.0674567222595215,,0.1307718651369214,0.03819059208035469
2329,32.0,1139,1.1725654602050781,,0.11499331332743168,0.024678383022546768
2330,32.0,1070,1.1103510856628418,,0.11557823326438665,0.02602369338274002
2331,29.0,817,0.8780419826507568,,0.19847160205245018,0.07408837974071503
2332,34.0,983,0.9703443050384521,,0.15956922061741352,0.038281310349702835
2333,31.0,961,1.020387887954712,,0.06821016408503056,-0.006830379366874695
2334,32.0,1020,1.0605463981628418,,0.12146397028118372,0.03769330680370331
2335,30.0,1099,1.1966702938079834,,0.1663653515279293,0.042208634316921234
2336,31.0,1086,1.1236698627471924,,0.12120079435408115,0.040798820555210114
2337,47.0,1724,1.7895479202270508,,0.09233983512967825,0.007342983037233353
2338,32.0,1062,1.1058828830718994,,0.27920228615403175,0.09529421478509903
2339,27.0,875,0.9385590553283691,,0.11018169205635786,0.02364092692732811
2340,41.0,1512,1.5834100246429443,,0.07882076501846313,0.0037181340157985687
2341,41.0,1301,1.3258423805236816,,0.15986289642751217,0.039654094725847244
2342,29.0,872,0.9291250705718994,,0.1920245923101902,0.046090416610240936
2343,32.0,1116,1.1441338062286377,,0.11899835150688887,0.032902054488658905
2344,33.0,1169,1.1951489448547363,,0.11121812555938959,0.03542188182473183
2345,29.0,1045,1.0891294479370117,,0.07467867387458682,0.012684838846325874
2346,33.0,1141,1.252450704574585,,0.10668650455772877,0.029001038521528244
2347,31.0,1190,1.2203588485717773,,0.18287010863423347,0.057142555713653564
2348,51.0,1673,1.7459526062011719,,0.1937963180243969,0.04762333631515503
2349,40.0,1429,1.4990370273590088,,0.12186605390161276,0.029739877209067345
2350,32.0,1122,1.1613812446594238,,0.37410396710038185,0.1620512306690216
2351,33.0,1048,1.0932214260101318,,0.0730007765814662,0.01501813530921936
2352,31.0,1114,1.2123498916625977,,0.14320397283881903,0.02334427461028099
2353,29.0,910,0.9044313430786133,,0.08464456163346767,0.0041436441242694855
2354,52.0,1556,1.6339190006256104,,0.12374453153461218,0.03702948987483978
2355,32.0,1043,1.0764286518096924,,0.3026275373995304,0.08590827137231827
2356,32.0,1151,1.2546777725219727,,0.3207251876592636,0.12472554296255112
2357,33.0,1179,1.2083466053009033,,0.09520833566784859,0.015605587512254715
2358,57.0,1613,1.685903549194336,,0.07207157928496599,-0.0043053701519966125
2359,33.0,790,0.8547649383544922,,0.20221033319830894,0.06240614131093025
2360,59.0,1733,1.7953901290893555,,0.11849390342831612,0.020457472652196884
2361,32.0,1105,1.1389045715332031,,0.25572408735752106,0.06816351413726807
2362,32.0,1060,1.0940637588500977,,0.08931323979049921,0.02150505781173706
2363,32.0,1023,1.0582077503204346,,0.09252663142979145,0.008503798395395279
2364,27.0,969,1.0148890018463135,,0.12961241602897644,0.03727181255817413
2365,33.0,1138,1.1616792678833008,,0.13562432024627924,0.033810921013355255
2366,41.0,1195,1.2973265647888184,,0.14571799337863922,0.03592192754149437
2367,32.0,1245,1.2663006782531738,,0.16470986045897007,0.033112503588199615
2368,30.0,1076,1.119481086730957,,0.13293145969510078,0.03588330000638962
2369,30.0,994,1.044795274734497,,0.1044029863551259,0.030628914013504982
2370,29.0,869,0.930858850479126,,0.14696289226412773,0.06550870835781097
2371,33.0,1071,1.115044355392456,,0.1509369434788823,0.06551161408424377
2372,30.0,1095,1.139136552810669,,0.15758534893393517,0.04149864986538887
2373,30.0,952,1.0107672214508057,,0.16233397088944912,0.05736083537340164
2374,29.0,851,0.920428991317749,,0.08797239419072866,0.017547668889164925
2375,32.0,1069,1.112840175628662,,0.208834083750844,0.06982646882534027
2376,31.0,1083,1.1322064399719238,,0.19493547640740871,0.0585203617811203
2377,30.0,1041,1.086747169494629,,0.1465353462845087,0.05201724171638489
2378,31.0,1154,1.193751335144043,,0.12336467951536179,0.03136012330651283
2379,32.0,766,0.841092586517334,,0.09380697086453438,0.01574014499783516
2380,30.0,1137,1.177922248840332,,0.0979442885145545,0.025944702327251434
2381,22.0,792,0.8035452365875244,,0.07484470773488283,-0.008092701435089111
2382,30.0,1128,1.228137731552124,,0.14216908439993858,0.03646203875541687
2383,32.0,1299,1.3235576152801514,,0.08319908753037453,0.02081156149506569
2384,30.0,1032,1.0757625102996826,,0.09556878544390202,0.03089785948395729
2385,26.0,728,0.7955977916717529,,0.12072189711034298,0.024228539317846298
2386,32.0,1283,1.303210735321045,,0.18281556852161884,0.06402899324893951
2387,26.0,715,0.728212833404541,,0.08568491041660309,0.014353722333908081
2388,31.0,1044,1.088792085647583,,0.14139844477176666,0.0374414324760437
2389,31.0,979,1.0286164283752441,,0.07876933366060257,-0.0025377683341503143
2390,33.0,1217,1.3073663711547852,,0.15100182965397835,0.04199095442891121
2391,28.0,779,0.7913079261779785,,0.06311898259446025,0.0049363672733306885
2392,32.0,1045,1.0875270366668701,,0.15457553043961525,0.049178652465343475
2393,30.0,872,0.934520959854126,,0.09065369796007872,0.01668936014175415
2394,30.0,1143,1.1798229217529297,,0.15021520666778088,0.05709490180015564
2395,58.0,1804,1.911351203918457,,0.21738245338201523,0.0775613933801651
2396,32.0,1053,1.0997264385223389,,0.24242662638425827,0.08015410602092743
2397,54.0,1563,1.6313848495483398,,0.10613001696765423,0.02198917604982853
2398,32.0,1165,1.1986961364746094,,0.2315623126924038,0.05306916683912277
2399,32.0,731,0.8069465160369873,,0.11866233870387077,0.030410919338464737
2400,32.0,986,1.0353357791900635,,0.20515205711126328,0.061486147344112396
2401,31.0,1112,1.1645455360412598,,0.3653702139854431,0.12151607871055603
2402,30.0,992,1.0415327548980713,,0.10564716719090939,0.023298298940062523
2403,28.0,902,0.9089975357055664,,0.06457608193159103,-0.007871165871620178
2404,34.0,1002,1.0490446090698242,,0.148613091558218,0.036008913069963455
2405,29.0,893,0.9542758464813232,,0.1079673683270812,0.02672378346323967
2406,30.0,1019,1.0655617713928223,,0.1107961405068636,0.032781388610601425
2407,31.0,947,0.9958488941192627,,0.1508772224187851,0.049514949321746826
2408,31.0,1299,1.307593822479248,,0.10759722907096148,0.02838418260216713
2409,41.0,1180,1.2684385776519775,,0.09302028268575668,0.014401677995920181
2410,31.0,1150,1.1774518489837646,,0.20148359797894955,0.07459712028503418
2411,30.0,937,0.9865157604217529,,0.20826482214033604,0.0847816914319992
2412,32.0,1293,1.3195431232452393,,0.09171032160520554,0.010184578597545624
2413,33.0,1014,1.064450740814209,,0.0793785210698843,0.02174905315041542
2414,42.0,1380,1.4667305946350098,,0.34161344915628433,0.14581497013568878
2415,35.0,1217,1.253124475479126,,0.1904465537518263,0.06911158561706543
2416,31.0,1236,1.3059701919555664,,0.11272274609655142,0.023207299411296844
2417,30.0,1049,1.096304178237915,,0.2516845278441906,0.07982754707336426
2418,33.0,1277,1.3025684356689453,,0.16447161696851254,0.04461248219013214
2419,30.0,1011,1.0619244575500488,,0.16663040220737457,0.0509316585958004
2420,51.0,1667,1.803053617477417,,0.1351799415424466,0.02641560509800911
2421,29.0,1029,1.0796372890472412,,0.1984877996146679,0.07446447014808655
2422,20.0,683,0.7061862945556641,,0.17320499941706657,0.05586462840437889
2423,49.0,1763,1.8277902603149414,,0.1724920179694891,0.04432757571339607
2424,31.0,1201,1.2965505123138428,,0.24938632175326347,0.08335386216640472
2425,32.0,1216,1.2387137413024902,,0.16570888087153435,0.053563810884952545
2426,30.0,1015,1.0599710941314697,,0.08141415100544691,0.002239372581243515
2427,32.0,1087,1.1231896877288818,,0.15592240914702415,0.0435829721391201
2428,42.0,1226,1.3191518783569336,,0.2647019065916538,0.0823250338435173
2429,29.0,1047,1.0885529518127441,,0.24465791881084442,0.08691244572401047
2430,31.0,1152,1.2028694152832031,,0.2154103945940733,0.06141911819577217
2431,28.0,979,1.032151460647583,,0.1738443560898304,0.054955706000328064
2432,32.0,1118,1.155707597732544,,0.1446310169994831,0.055330097675323486
2433,31.0,1061,1.099498987197876,,0.07844535168260336,0.01789393648505211
2434,14.0,560,0.5933966636657715,,0.15759655460715294,0.027159474790096283
2435,55.0,1839,1.9545893669128418,,0.27695365250110626,0.10089726746082306
2436,26.0,1047,1.1035950183868408,,0.32799868658185005,0.15084126591682434
2437,28.0,1194,1.2395529747009277,,0.22927294299006462,0.08195140957832336
2438,30.0,1277,1.36124587059021,,0.1192710492759943,0.014009542763233185
2439,26.0,1299,1.3422346115112305,,0.27695062197744846,0.09514063596725464
2440,29.0,1440,1.5119988918304443,,0.10419693309813738,0.017404664307832718
2441,26.0,940,0.9972231388092041,,0.10083139780908823,0.02331453189253807
2442,31.0,1085,1.1244187355041504,,0.12119404878467321,0.03377608209848404
2443,30.0,997,1.0520331859588623,,0.08694099076092243,0.027341552078723907
2444,32.0,1105,1.1449809074401855,,0.155576691031456,0.052816957235336304
2445,30.0,1027,1.0740020275115967,,0.10738135781139135,0.01754479669034481
2446,15.0,555,0.5948121547698975,,0.14486187137663364,0.05064050108194351
2447,32.0,995,1.0385525226593018,,0.2965778484940529,0.09494085609912872
2448,21.0,717,0.7354364395141602,,0.13752727024257183,0.044598858803510666
2449,34.0,1240,1.3381516933441162,,0.10826306231319904,0.029838155955076218
2450,28.0,919,0.9795091152191162,,0.36138857901096344,0.11620575189590454
2451,33.0,811,0.8144078254699707,,0.17523248679935932,0.03661329299211502
2452,31.0,1001,1.0561723709106445,,0.12829621508717537,0.03362521156668663
2453,25.0,820,0.8792548179626465,,0.13519918732345104,0.04382886737585068
2454,26.0,713,0.7250752449035645,,0.23376471735537052,0.06074674054980278
2455,27.0,1045,1.0949559211730957,,0.16697948053479195,0.0446072481572628
2456,32.0,1131,1.1643400192260742,,0.2173028513789177,0.08001115918159485
2457,31.0,1156,1.2444806098937988,,0.12096125073730946,0.024538738653063774
2458,32.0,977,1.0305235385894775,,0.1566629856824875,0.03375592827796936
2459,28.0,969,1.0221717357635498,,0.1355867199599743,0.048159390687942505
2460,32.0,1015,1.0583410263061523,,0.11001384817063808,0.03568938374519348
2461,28.0,933,0.9246530532836914,,0.1080109030008316,0.01674283668398857
2462,32.0,1299,1.3778624534606934,,0.16324976831674576,0.04527486860752106
2463,32.0,902,0.9520528316497803,,0.09742472600191832,0.032027680426836014
2464,33.0,1095,1.1276633739471436,,0.11108170077204704,0.03394313529133797
2465,29.0,1089,1.1308939456939697,,0.10582084394991398,0.03359856829047203
2466,64.0,1939,2.03491473197937,,0.23689986765384674,0.07776623219251633
2467,32.0,1251,1.2710986137390137,,0.15395117364823818,0.05398355796933174
2468,33.0,1112,1.1495952606201172,,0.07509659323841333,0.024044785648584366
2469,30.0,1010,1.05519437789917,,0.1298505337908864,0.03243912011384964
2470,33.0,1314,1.393805980682373,,0.13560673594474792,0.030076876282691956
2471,38.0,1303,1.331045389175415,,0.16069174651056528,0.03766836225986481
2472,64.0,2471,2.5954818725585938,,0.25337035208940506,0.0673656016588211
2473,27.0,874,0.9378621578216553,,0.10155706852674484,0.026050299406051636
2474,33.0,1050,1.0965759754180908,,0.14345653541386127,0.04631664603948593
2475,31.0,1338,1.4143474102020264,,0.17547807097434998,0.03959308937191963
2476,35.0,1227,1.2555480003356934,,0.13526629656553268,0.02839120477437973
2477,34.0,1070,1.1067678928375244,,0.11931063793599606,0.0417090579867363
2478,42.0,1353,1.4549174308776855,,0.19923396222293377,0.04794762656092644
2479,32.0,1113,1.1582067012786865,,0.31322599202394485,0.11710001528263092
2480,17.0,663,0.6894502639770508,,0.10403077304363251,0.014746397733688354
2481,65.0,1965,2.0713374614715576,,0.2067571710795164,0.04909830540418625
2482,30.0,1210,1.241532564163208,,0.2372801210731268,0.07839380204677582
2483,30.0,1115,1.2112445831298828,,0.06721940822899342,0.0023107435554265976
2484,46.0,1429,1.4488131999969482,,0.10053202603012323,0.02127499133348465
2485,32.0,1073,1.1154959201812744,,0.36232031136751175,0.1385059952735901
2486,28.0,835,0.8990275859832764,,0.07380250934511423,0.0019475631415843964
2487,31.0,1159,1.2036199569702148,,0.14923758246004581,0.04637564718723297
2488,32.0,1162,1.256026268005371,,0.09327607601881027,0.007152386009693146
2489,30.0,1147,1.1882684230804443,,0.15802297554910183,0.049700215458869934
2490,32.0,1000,1.0500214099884033,,0.10786880925297737,0.019250672310590744
2491,29.0,1030,1.0863523483276367,,0.2600173093378544,0.08354007452726364
2492,33.0,1085,1.125131607055664,,0.1042324136942625,0.03190770745277405
2493,51.0,1488,1.5697190761566162,,0.08908059727400541,0.009199146181344986
2494,30.0,1137,1.1736602783203125,,0.16242584586143494,0.06186755746603012
2495,25.0,755,0.8303332328796387,,0.10232206713408232,0.02882317826151848
2496,33.0,1166,1.1958603858947754,,0.15761754382401705,0.040520500391721725
2497,41.0,1287,1.314814805984497,,0.2902305833995342,0.08473168313503265
2498,33.0,1077,1.11826491355896,,0.2988268509507179,0.10896427929401398
2499,46.0,1421,1.510910987854004,,0.18864396400749683,0.05068489536643028
2500,32.0,935,0.9846630096435547,,0.5913933925330639,0.2346220761537552
2501,32.0,1333,1.404393196105957,,0.116471316665411,0.0156702883541584
2502,33.0,944,0.933739185333252,,0.04981848131865263,-0.004548177123069763
2503,31.0,962,1.0157692432403564,,0.12282923050224781,0.01936003565788269
2504,33.0,941,0.9956488609313965,,0.13964351080358028,0.032721083611249924
2505,28.0,1191,1.278721570968628,,0.15371252410113811,0.030265741050243378
2506,32.0,1165,1.1978535652160645,,0.13014349341392517,0.036966823041439056
2507,33.0,745,0.7571852207183838,,0.05655902251601219,-0.0038951486349105835
2508,31.0,919,0.97489333152771,,0.1390874721109867,0.032737474888563156
2509,29.0,1088,1.1332721710205078,,0.19937627390027046,0.07268304377794266
2510,65.0,2155,2.2451720237731934,,0.36161066219210625,0.14617031812667847
2511,32.0,1224,1.3099908828735352,,0.17628373391926289,0.04420965164899826
2512,34.0,995,1.0416529178619385,,0.08510516583919525,0.01913660392165184
2513,41.0,1329,1.3487565517425537,,0.13504487834870815,0.050989843904972076
2514,62.0,1905,2.003427505493164,,0.2246783021837473,0.09133126586675644
2515,58.0,1983,2.105991840362549,,0.18473579734563828,0.04490815848112106
2516,57.0,1719,1.7846932411193848,,0.0921735679730773,0.011939331889152527
2517,23.0,665,0.7458102703094482,,0.32811176404356956,0.1282350718975067
2518,28.0,804,0.8113298416137695,,0.1894637867808342,0.0709029957652092
2519,30.0,973,1.0233654975891113,,0.15869102254509926,0.06365055590867996
2520,34.0,971,1.0165252685546875,,0.09946868568658829,0.031814247369766235
2521,56.0,1641,1.7194187641143799,,0.07349824160337448,-0.0028203576803207397
2522,31.0,1085,1.1309759616851807,,0.20430795475840569,0.06554034352302551
2523,27.0,927,0.9858527183532715,,0.1449411204084754,0.052543655037879944
2524,34.0,903,0.9585404396057129,,0.17361596040427685,0.05238096043467522
2525,41.0,1167,1.212214469909668,,0.13644598983228207,0.0482211709022522
2526,32.0,1084,1.1260755062103271,,0.30288388580083847,0.11317448318004608
2527,31.0,868,0.9309289455413818,,0.0928421588614583,0.01905418559908867
2528,46.0,1287,1.3170151710510254,,0.09115658979862928,0.022913828492164612
2529,34.0,793,0.861609697341919,,0.41283878684043884,0.1328258514404297
2530,29.0,1153,1.192462682723999,,0.16303041577339172,0.053579676896333694
2531,29.0,996,1.047776460647583,,0.10186924505978823,0.020602131262421608
2532,33.0,1017,1.0558159351348877,,0.12424989230930805,0.0415365993976593
2533,31.0,1069,1.1123783588409424,,0.1272976091131568,0.03980299085378647
2534,32.0,1063,1.096874713897705,,0.1820471379905939,0.0553903728723526
2535,30.0,988,1.0341925621032715,,0.10343442298471928,0.02359159104526043
2536,32.0,943,0.9948575496673584,,0.14281803648918867,0.028123069554567337
2537,32.0,1209,1.236222505569458,,0.12425494752824306,0.02621842361986637
2538,33.0,1119,1.207488775253296,,0.09471955988556147,0.023470750078558922
2539,31.0,1030,1.0795879364013672,,0.1693578064441681,0.05410906672477722
2540,50.0,1380,1.4143140316009521,,0.08953552599996328,0.021614694967865944
2541,30.0,1203,1.3007760047912598,,0.10764600709080696,0.017635613679885864
2542,26.0,916,0.9766302108764648,,0.1088444497436285,0.024313177913427353
2543,33.0,1148,1.1795082092285156,,0.17492197453975677,0.05936969444155693
2544,43.0,1469,1.5330634117126465,,0.08148310985416174,0.010204354301095009
2545,28.0,905,0.9053306579589844,,0.2476618941873312,0.09107336401939392
2546,32.0,955,1.005789041519165,,0.08532947953790426,0.007372833788394928
2547,30.0,919,0.9678463935852051,,0.1446692319586873,0.040779806673526764
2548,30.0,1158,1.1873254776000977,,0.09753836877644062,0.023341765627264977
2549,33.0,971,1.0102436542510986,,0.06326819770038128,-0.00021780654788017273
2550,32.0,1107,1.137359619140625,,0.09521345514804125,0.025764256715774536
2551,32.0,1171,1.2631094455718994,,0.10282429400831461,0.02261156588792801
2552,33.0,1221,1.2575714588165283,,0.10754531994462013,0.02496272884309292
2553,31.0,1031,1.085601806640625,,0.06948009179905057,0.014474380761384964
2554,32.0,1222,1.2530360221862793,,0.07886200211942196,0.006760071963071823
2555,31.0,1095,1.1919710636138916,,0.10008195601403713,0.021674420684576035
2556,30.0,1086,1.125727891921997,,0.1665945965796709,0.06958027184009552
2557,33.0,859,0.8636636734008789,,0.08227759413421154,0.00793144479393959
2558,33.0,1142,1.2310857772827148,,0.13879860751330853,0.02434721030294895
2559,30.0,962,0.9535260200500488,,0.11099099181592464,0.017470426857471466
2560,30.0,1141,1.2288963794708252,,0.09554820228368044,0.020954016596078873
2561,32.0,1049,1.0943999290466309,,0.22601417265832424,0.08252881467342377
2562,31.0,1102,1.1379437446594238,,0.10163633339107037,0.024642430245876312
2563,31.0,1003,1.0501501560211182,,0.25984577275812626,0.07153721153736115
2564,32.0,1108,1.1379368305206299,,0.11586365103721619,0.02987309917807579
2565,27.0,768,0.8380148410797119,,0.1251568617299199,0.03204437345266342
2566,30.0,1163,1.1932103633880615,,0.18156401813030243,0.0627027153968811
2567,32.0,1184,1.2088382244110107,,0.11999716609716415,0.030720219016075134
2568,24.0,747,0.8188133239746094,,0.06890951748937368,0.01829228550195694
2569,32.0,1159,1.1921799182891846,,0.2881410997360945,0.0949128121137619
2570,30.0,1070,1.1123325824737549,,0.13403536565601826,0.03793099895119667
2571,25.0,995,1.0464186668395996,,0.11909710429608822,0.039476048201322556
2572,33.0,1061,1.1127724647521973,,0.12370120361447334,0.033839646726846695
2573,33.0,1187,1.2222676277160645,,0.1473822295665741,0.03990636020898819
2574,31.0,937,0.9895744323730469,,0.08531283121556044,0.009210623800754547
2575,29.0,959,1.019979476928711,,0.07477644737809896,0.01644437573850155
2576,31.0,1132,1.1602721214294434,,0.13693484850227833,0.04705330729484558
2577,29.0,803,0.8730411529541016,,0.0715867467224598,0.015358008444309235
2578,26.0,1051,1.0965819358825684,,0.10773967765271664,0.02388853207230568
2579,55.0,1750,1.8062081336975098,,0.11362739652395248,0.012870531529188156
2580,30.0,929,0.9856958389282227,,0.3145717978477478,0.11210210621356964
2581,32.0,1095,1.1393017768859863,,0.1117084976285696,0.028274105861783028
2582,35.0,981,1.032311201095581,,0.16008576191961765,0.04091992229223251
2583,33.0,1075,1.1222803592681885,,0.3661264106631279,0.1545659303665161
2584,33.0,979,1.0260717868804932,,0.07534017134457827,0.011009687557816505
2585,33.0,1198,1.2335841655731201,,0.08714443165808916,0.010311126708984375
2586,31.0,1194,1.2841262817382812,,0.12725007720291615,0.04461400955915451
2587,29.0,1021,1.0710456371307373,,0.11750528682023287,0.024998968467116356
2588,32.0,1024,1.073875904083252,,0.08408185746520758,0.011033499613404274
2589,32.0,1043,1.0842065811157227,,0.09715746436268091,0.01506485790014267
2590,32.0,861,0.8739123344421387,,0.1134045934304595,0.022287797182798386
2591,33.0,1003,1.0499672889709473,,0.0934665072709322,0.003956284373998642
2592,31.0,841,0.9111025333404541,,0.09448881167918444,-0.000795070081949234
2593,30.0,978,1.026350498199463,,0.1363901225849986,0.027563780546188354
2594,33.0,921,0.9724607467651367,,0.07239264249801636,0.008041981607675552
2595,31.0,914,0.9715442657470703,,0.13704437110573053,0.03841792047023773
2596,32.0,996,1.0432887077331543,,0.09870381001383066,0.020696252584457397
2597,29.0,1007,0.9957225322723389,,0.06695811357349157,0.0012290813028812408
2598,54.0,1927,2.0308754444122314,,0.25708085857331753,0.06644619256258011
2599,32.0,1177,1.2584140300750732,,0.07113653048872948,0.0023956503719091415
2600,31.0,994,0.986004114151001,,0.05271221650764346,-0.01110050454735756
2601,30.0,1084,1.1908726692199707,,0.14693409390747547,0.04345882683992386
2602,30.0,969,1.0235381126403809,,0.1487965565174818,0.03592154011130333
2603,39.0,1218,1.2586257457733154,,0.0942168328911066,0.011245183646678925
2604,31.0,918,0.9776239395141602,,0.2245606817305088,0.07741809636354446
2605,31.0,918,0.9112958908081055,,0.09253817424178123,0.006881870329380035
2606,24.0,920,0.9750282764434814,,0.07328173145651817,-0.000986434519290924
2607,29.0,991,1.0360491275787354,,0.1335288668051362,0.022650454193353653
2608,32.0,938,0.9872229099273682,,0.1431776164099574,0.02828657440841198
2609,33.0,1081,1.1180367469787598,,0.11695327796041965,0.020547861233353615
2610,33.0,996,1.040841817855835,,0.08604609221220016,0.029093369841575623
2611,18.0,577,0.608849287033081,,0.13953623361885548,0.033070966601371765
2612,32.0,941,0.9952759742736816,,0.384523443877697,0.1318286955356598
2613,31.0,1100,1.143284797668457,,0.1314314380288124,0.04356151074171066
2614,25.0,856,0.9196779727935791,,0.1526301447302103,0.04867708683013916
2615,32.0,1223,1.2471661567687988,,0.12571473605930805,0.03197357803583145
2616,32.0,1105,1.14007568359375,,0.08473344799131155,0.01887977495789528
2617,22.0,619,0.700537919998169,,0.11632778961211443,0.01764022558927536
2618,30.0,1190,1.223832130432129,,0.16412636451423168,0.03798879683017731
2619,25.0,751,0.7646188735961914,,0.14856101386249065,0.03206779062747955
2620,31.0,963,1.0156638622283936,,0.18258033134043217,0.05377572774887085
2621,32.0,965,1.0157272815704346,,0.11716797389090061,0.017187435179948807
2622,30.0,983,1.026019811630249,,0.09472138807177544,0.012606864795088768
2623,30.0,1194,1.224125862121582,,0.09138323739171028,0.019208647310733795
2624,31.0,921,0.974956750869751,,0.06275204429402947,0.005033321678638458
2625,31.0,1042,1.084296703338623,,0.13209696114063263,0.031237579882144928
2626,22.0,705,0.7894454002380371,,0.08342429995536804,0.011008143424987793
2627,33.0,1066,1.1125366687774658,,0.29794690012931824,0.11485622078180313
2628,31.0,1082,1.1271681785583496,,0.09617156442254782,0.030242621898651123
2629,26.0,821,0.836585521697998,,0.09907850343734026,0.004327654838562012
2630,33.0,928,0.9844143390655518,,0.16077933087944984,0.028481576591730118
2631,32.0,949,1.0045101642608643,,0.127535168081522,0.028665052726864815
2632,34.0,1105,1.143571138381958,,0.0738168815150857,0.010519463568925858
2633,31.0,937,1.000504493713379,,0.07740680873394012,0.008645281195640564
2634,57.0,1941,2.0570597648620605,,0.36127976700663567,0.11963401734828949
2635,30.0,999,1.0537817478179932,,0.1908910982310772,0.050213657319545746
2636,19.0,684,0.713064432144165,,0.19586451537907124,0.03837744519114494
2637,28.0,817,0.8916420936584473,,0.27160642109811306,0.1008659154176712
2638,31.0,1045,1.094590663909912,,0.11386891547590494,0.029922308400273323
2639,32.0,1025,1.0833473205566406,,0.18696719221770763,0.06880467385053635
2640,37.0,1162,1.2030303478240967,,0.11301731038838625,0.021825022995471954
2641,33.0,987,1.0357146263122559,,0.2078062891960144,0.058202650398015976
2642,30.0,1192,1.2299089431762695,,0.08539929706603289,0.005357423797249794
2643,31.0,1068,1.11146879196167,,0.10600137524306774,0.024491995573043823
2644,34.0,919,0.9719457626342773,,0.09139545354992151,0.011849634349346161
2645,33.0,1014,1.0656802654266357,,0.10007471218705177,0.023655209690332413
2646,32.0,1003,1.058021068572998,,0.1138755027204752,0.020348303020000458
2647,33.0,950,1.0028204917907715,,0.12207934726029634,0.02898722141981125
2648,14.0,494,0.5285367965698242,,0.0891417209059,0.010575894266366959
2649,31.0,919,0.9728562831878662,,0.36916860565543175,0.12250075489282608
2650,30.0,922,0.9726874828338623,,0.10560779646039009,0.038054585456848145
2651,33.0,919,0.9149272441864014,,0.09532789420336485,0.018256817013025284
2652,34.0,1058,1.091278076171875,,0.13256331719458103,0.015607919543981552
2653,25.0,770,0.842477560043335,,0.06540068658068776,-0.0038718022406101227
2654,30.0,1123,1.1674084663391113,,0.19421237334609032,0.07162755727767944
2655,32.0,985,1.041346788406372,,0.09613931365311146,0.017050564289093018
2656,41.0,1356,1.4514524936676025,,0.06390048982575536,-0.013339150696992874
2657,30.0,1137,1.170593500137329,,0.12028292659670115,0.028870142996311188
2658,19.0,579,0.60968017578125,,0.08997962530702353,-0.007672619074583054
2659,33.0,1130,1.162686824798584,,0.2850249372422695,0.09197060763835907
2660,29.0,1033,1.083707571029663,,0.14166826475411654,0.04495127871632576
2661,32.0,1060,1.1038854122161865,,0.1164529686793685,0.015905126929283142
2662,32.0,988,1.0379223823547363,,0.10033104568719864,0.032032907009124756
2663,29.0,1020,1.0662446022033691,,0.0716380407102406,0.00032487325370311737
2664,16.0,568,0.6010794639587402,,0.16075457073748112,0.05036529153585434
2665,32.0,1389,1.4650325775146484,,0.22942040860652924,0.06468474119901657
2666,33.0,1106,1.1436383724212646,,0.08067189436405897,0.01619645021855831
2667,33.0,1097,1.1354169845581055,,0.13921267073601484,0.03944731503725052
2668,33.0,1056,1.0981090068817139,,0.09205609653145075,0.017002329230308533
2669,33.0,1089,1.1861367225646973,,0.0907461317256093,0.01745806261897087
2670,31.0,1041,1.09480619430542,,0.2327809613198042,0.060397110879421234
2671,31.0,1076,1.1298246383666992,,0.1922770608216524,0.07704843580722809
2672,31.0,1060,1.1121199131011963,,0.08832276985049248,0.01551891304552555
2673,32.0,1055,1.1016349792480469,,0.11464391928166151,0.03222277760505676
2674,44.0,1463,1.55613112449646,,0.1435827612876892,0.021683644503355026
2675,29.0,1065,1.114983320236206,,0.20725946873426437,0.06263922154903412
2676,32.0,1169,1.206404685974121,,0.08049594238400459,0.010080810636281967
2677,33.0,953,1.0110909938812256,,0.06397006334736943,0.014128267765045166
2678,33.0,1037,1.07985520362854,,0.10025421902537346,0.01919947937130928
2679,32.0,1199,1.2352919578552246,,0.12621841486543417,0.029088184237480164
2680,32.0,1122,1.2180962562561035,,0.13850937969982624,0.029069237411022186
2681,32.0,933,0.931628942489624,,0.09313832968473434,-0.003609374165534973
2682,31.0,969,1.0239553451538086,,0.07816374534741044,0.005212448537349701
2683,47.0,1501,1.5883991718292236,,0.10791331809014082,0.01931111514568329
2684,31.0,1061,1.1081562042236328,,0.20025327429175377,0.06402268260717392
2685,10.0,465,0.5057845115661621,,0.08789878617972136,0.008451331406831741
2686,43.0,1371,1.4649314880371094,,0.12984749116003513,0.03525809198617935
2687,37.0,1085,1.1567609310150146,,0.149675777181983,0.04516046121716499
2688,33.0,975,1.029550313949585,,0.17991850711405277,0.06717022508382797
2689,31.0,897,0.9577250480651855,,0.16393357515335083,0.06434746086597443
2690,33.0,1076,1.113152027130127,,0.12106021773070097,0.038198381662368774
2691,32.0,955,1.0132842063903809,,0.17910716496407986,0.05166032910346985
2692,32.0,1038,1.0877537727355957,,0.15588094852864742,0.0590808242559433
2693,31.0,1057,1.1017937660217285,,0.1062669400125742,0.02670106664299965
2694,32.0,1081,1.1371560096740723,,0.1478125900030136,0.03940761089324951
2695,44.0,1336,1.3823339939117432,,0.18419061042368412,0.07985632866621017
2696,32.0,989,1.0438199043273926,,0.41821279004216194,0.13935710489749908
2697,54.0,1800,1.919416904449463,,0.17685108818113804,0.05264384672045708
2698,32.0,1225,1.260932207107544,,0.4479203186929226,0.15516318380832672
2699,32.0,1045,1.0968306064605713,,0.08392024133354425,0.016514375805854797
2700,30.0,1126,1.1650445461273193,,0.10961624886840582,0.037412457168102264
2701,51.0,1676,1.807713508605957,,0.23890240117907524,0.07040524482727051
2702,44.0,1191,1.2449088096618652,,0.1961993034929037,0.06362603604793549
2703,29.0,846,0.9163036346435547,,0.15253481455147266,0.04469509422779083
2704,57.0,1509,1.6029384136199951,,0.14374334271997213,0.044928040355443954
2705,32.0,1149,1.1944808959960938,,0.18212479166686535,0.05958372354507446
2706,31.0,1098,1.1423673629760742,,0.12041997164487839,0.03459805250167847
2707,22.0,799,0.8798255920410156,,0.1148259537294507,0.020122990012168884
2708,39.0,1479,1.4997601509094238,,0.11745322868227959,0.04257837310433388
2709,33.0,1095,1.1999561786651611,,0.10540814511477947,0.0251311007887125
2710,39.0,1297,1.3326704502105713,,0.2514768932014704,0.09423733502626419
2711,30.0,829,0.899789571762085,,0.1866830810904503,0.05792679265141487
2712,36.0,1377,1.396895170211792,,0.18104184418916702,0.054367467761039734
2713,32.0,1132,1.2302794456481934,,0.17752273008227348,0.06113249436020851
2714,30.0,1070,1.1121578216552734,,0.17196348495781422,0.0458257719874382
2715,32.0,1255,1.2952613830566406,,0.09797874465584755,0.017718855291604996
2716,30.0,888,0.9532709121704102,,0.09933181293308735,0.020622026175260544
2717,32.0,1181,1.2307074069976807,,0.20563887618482113,0.08462324738502502
2718,31.0,1097,1.1502726078033447,,0.12242390867322683,0.03070879355072975
2719,30.0,952,1.0091638565063477,,0.1468144077807665,0.05225186422467232
2720,31.0,1229,1.3286664485931396,,0.13696911372244358,0.0340992771089077
2721,39.0,1226,1.2729086875915527,,0.13380337599664927,0.04028676077723503
2722,25.0,829,0.9049437046051025,,0.17052792944014072,0.05435394495725632
2723,32.0,1167,1.2093982696533203,,0.15846801549196243,0.05162059888243675
2724,34.0,1112,1.1592836380004883,,0.1373255643993616,0.049036309123039246
2725,33.0,1049,1.0987703800201416,,0.25187839195132256,0.09273408353328705
2726,30.0,1063,1.1167042255401611,,0.08306210394948721,0.023205582052469254
2727,46.0,1547,1.6372387409210205,,0.12011674791574478,0.031377360224723816
2728,29.0,1089,1.139173984527588,,0.197470398619771,0.05310940369963646
2729,31.0,1044,1.0945100784301758,,0.1390823069959879,0.021228868514299393
2730,32.0,1436,1.515981912612915,,0.15802698396146297,0.03891535848379135
2731,38.0,1063,1.1168298721313477,,0.10571578796952963,0.02551726996898651
2732,25.0,640,0.7228302955627441,,0.16133572719991207,0.04615161567926407
2733,28.0,805,0.8164958953857422,,0.251874228939414,0.07620924711227417
2734,35.0,1335,1.4101722240447998,,0.23240305855870247,0.06752950698137283
2735,35.0,1268,1.3086442947387695,,0.22054531052708626,0.08160479366779327
2736,25.0,790,0.8678805828094482,,0.14802548754960299,0.037199847400188446
2737,32.0,1129,1.1616120338439941,,0.221963819116354,0.09260885417461395
2738,31.0,995,1.048292875289917,,0.2108918260782957,0.07147844135761261
2739,33.0,1109,1.1475529670715332,,0.07849607337266207,0.02734648436307907
2740,56.0,1669,1.742650032043457,,0.09842246305197477,0.004968483000993729
2741,30.0,997,1.0474252700805664,,0.40156517550349236,0.14953607320785522
2742,21.0,669,0.7485277652740479,,0.1174779124557972,0.027339991182088852
2743,33.0,915,0.9158082008361816,,0.1859322041273117,0.05163344740867615
2744,29.0,1117,1.2143659591674805,,0.08730701543390751,0.02113995887339115
2745,31.0,1024,1.0729234218597412,,0.11646177619695663,0.02894599549472332
2746,31.0,973,0.9675350189208984,,0.0826639560982585,-0.003706563264131546
2747,32.0,1031,1.0794618129730225,,0.11021945346146822,0.018720827996730804
2748,29.0,1087,1.1817595958709717,,0.10898648295551538,0.025382570922374725
2749,31.0,871,0.8734300136566162,,0.13177313841879368,0.03852948918938637
2750,32.0,1081,1.1172504425048828,,0.08797997143119574,0.015350459143519402
2751,37.0,1096,1.21028470993042,,0.11227868869900703,0.017924975603818893
2752,32.0,1159,1.1932337284088135,,0.10900463536381721,0.029123246669769287
2753,24.0,630,0.6609807014465332,,0.10241084359586239,0.02498527616262436
2754,29.0,865,0.9345681667327881,,0.1864603701978922,0.048409122973680496
2755,31.0,1043,1.0911462306976318,,0.21846603974699974,0.07178269326686859
2756,33.0,913,0.9677956104278564,,0.09764867182821035,0.02019442245364189
2757,21.0,634,0.6615211963653564,,0.1313419584184885,0.025854062288999557
2758,28.0,1117,1.161874532699585,,0.22128266096115112,0.08810204267501831
2759,32.0,987,1.0433952808380127,,0.1799448225647211,0.06313731521368027
2760,32.0,1102,1.1465809345245361,,0.18294382467865944,0.05826977267861366
2761,26.0,1033,1.0873756408691406,,0.1528827715665102,0.04592021554708481
2762,38.0,1455,1.5294458866119385,,0.10460597462952137,0.017193425446748734
2763,46.0,1205,1.2514076232910156,,0.1638750582933426,0.03959197551012039
2764,49.0,1595,1.685927152633667,,0.13322355784475803,0.035223230719566345
2765,29.0,957,1.0140511989593506,,0.2858555428683758,0.09178230911493301
2766,28.0,839,0.9077548980712891,,0.12559920828789473,0.0337505079805851
2767,30.0,1139,1.182408094406128,,0.21292377077043056,0.06775303184986115
2768,29.0,1334,1.4191207885742188,,0.14124988950788975,0.038882140070199966
2769,29.0,1123,1.16851806640625,,0.1757009793072939,0.06188765913248062
2770,31.0,923,0.9811604022979736,,0.11983992345631123,0.01872744783759117
2771,31.0,931,0.9940543174743652,,0.18016855046153069,0.05512513592839241
2772,37.0,1267,1.30141019821167,,0.10760859027504921,0.040831416845321655
2773,44.0,1257,1.2871098518371582,,0.20416680350899696,0.04777894169092178
2774,31.0,1021,1.0691916942596436,,0.47463467717170715,0.18349741399288177
2775,33.0,1047,1.1477744579315186,,0.11870659701526165,0.04563397914171219
2776,27.0,945,0.942882776260376,,0.09685995150357485,0.013763044029474258
2777,31.0,1097,1.1547107696533203,,0.15474708937108517,0.05144386738538742
2778,28.0,1086,1.1873078346252441,,0.18793846294283867,0.07519707828760147
2779,33.0,966,0.9626832008361816,,0.08298617787659168,0.0052872151136398315
2780,29.0,1141,1.234818458557129,,0.15390456654131413,0.0500280037522316
2781,29.0,899,0.9083700180053711,,0.0696698003448546,7.528811693191528e-06
2782,28.0,1031,1.0796477794647217,,0.163864990696311,0.04195195809006691
2783,34.0,919,0.9733946323394775,,0.12144559156149626,0.019148267805576324
2784,30.0,1035,1.0837969779968262,,0.15463919378817081,0.04876843839883804
2785,32.0,955,1.0055813789367676,,0.08804537542164326,0.018538767471909523
2786,32.0,910,0.9726607799530029,,0.07749918662011623,0.00484442338347435
2787,30.0,1072,1.121657133102417,,0.1734793521463871,0.055532507598400116
2788,31.0,869,0.9285340309143066,,0.08520101476460695,0.01652374491095543
2789,19.0,531,0.5638136863708496,,0.11436852160841227,0.023328721523284912
2790,33.0,947,1.0036547183990479,,0.20012916065752506,0.06816387176513672
2791,32.0,1145,1.1874139308929443,,0.2420025747269392,0.08875264972448349
2792,31.0,1042,1.0956847667694092,,0.12590236589312553,0.02519284188747406
2793,44.0,1325,1.3648478984832764,,0.07624303083866835,0.01464039832353592
2794,32.0,1084,1.1924314498901367,,0.1496552638709545,0.038599658757448196
2795,31.0,933,0.9222211837768555,,0.09413728211075068,0.004410099238157272
2796,31.0,1023,1.0738518238067627,,0.07485853228718042,-0.00360238179564476
2797,32.0,1349,1.4307422637939453,,0.14689478278160095,0.035904549062252045
2798,32.0,1015,1.0693809986114502,,0.07336051762104034,0.008955724537372589
2799,32.0,963,1.023197889328003,,0.11954934988170862,0.037702396512031555
2800,31.0,997,1.0484378337860107,,0.14292440749704838,0.037825796753168106
2801,31.0,965,1.0261032581329346,,0.16359261982142925,0.06163046881556511
2802,32.0,1045,1.086289405822754,,0.09677802678197622,0.015588432550430298
2803,32.0,831,0.8435451984405518,,0.0972366975620389,0.00987870991230011
2804,31.0,970,1.0236055850982666,,0.16521664522588253,0.04806462675333023
2805,33.0,966,1.0214180946350098,,0.09134471043944359,0.020812498405575752
2806,31.0,1025,1.0720763206481934,,0.10005157627165318,0.02994438260793686
2807,30.0,1137,1.175218105316162,,0.0615146579220891,0.009822472929954529
2808,31.0,1115,1.218578577041626,,0.2071466315537691,0.06930657476186752
2809,30.0,1347,1.3761987686157227,,0.11631613783538342,0.03680972009897232
2810,33.0,933,0.9852452278137207,,0.08726830966770649,0.03097524866461754
2811,31.0,1030,1.085219383239746,,0.15058729983866215,0.036874450743198395
2812,32.0,1165,1.191765308380127,,0.08060545194894075,0.02173122577369213
2813,32.0,957,1.0142364501953125,,0.09092894196510315,0.015412651002407074
2814,32.0,740,0.8126466274261475,,0.10582411848008633,0.025012340396642685
2815,31.0,1061,1.107431411743164,,0.11715366784483194,0.026568254455924034
2816,32.0,1213,1.2454094886779785,,0.24824256263673306,0.129156231880188
2817,38.0,1225,1.2679595947265625,,0.20884464867413044,0.06204254925251007
2818,20.0,650,0.7378101348876953,,0.33693475276231766,0.08992359042167664
2819,31.0,1060,1.1141841411590576,,0.17041804268956184,0.06388276070356369
2820,34.0,962,1.0196306705474854,,0.11819575261324644,0.025555320084095
2821,30.0,990,1.0417168140411377,,0.11054991651326418,0.02545243501663208
2822,42.0,1562,1.6410083770751953,,0.09743423108011484,0.009554814547300339
2823,31.0,889,0.8959155082702637,,0.532687846571207,0.17060136795043945
2824,33.0,983,1.0313689708709717,,0.08876911271363497,0.002379864454269409
2825,28.0,966,1.0262339115142822,,0.12091064359992743,0.02036028727889061
2826,30.0,894,0.9579789638519287,,0.10601281654089689,0.020190641283988953
2827,31.0,857,0.9231252670288086,,0.07001383975148201,0.011933853849768639
2828,32.0,731,0.7488057613372803,,0.11068347282707691,0.01837896555662155
2829,32.0,881,0.9453029632568359,,0.09688593074679375,0.02596527524292469
2830,33.0,872,0.9401648044586182,,0.16263204999268055,0.0732872411608696
2831,34.0,825,0.8275368213653564,,0.1606837622821331,0.04257038235664368
2832,22.0,675,0.6975247859954834,,0.13371732831001282,0.040382273495197296
2833,33.0,977,1.0361270904541016,,0.32349931076169014,0.11348487436771393
2834,31.0,1224,1.3211448192596436,,0.14869367238134146,0.04669276997447014
2835,51.0,1682,1.7632973194122314,,0.1387413740158081,0.02214142121374607
2836,31.0,1021,1.0751228332519531,,0.22994038090109825,0.06402990221977234
2837,32.0,809,0.875725507736206,,0.13931777141988277,0.041702501475811005
2838,23.0,629,0.6560578346252441,,0.09149746224284172,0.008123215287923813
2839,48.0,1395,1.4906928539276123,,0.18727604113519192,0.05716712772846222
2840,31.0,953,0.9430181980133057,,0.35361796244978905,0.12668251991271973
2841,30.0,958,1.0103330612182617,,0.08024873491376638,0.003196602687239647
2842,30.0,1031,1.0821304321289062,,0.09395939018577337,0.028521010652184486
2843,31.0,927,0.9848244190216064,,0.10414435155689716,0.015450730919837952
2844,31.0,989,1.0400781631469727,,0.11424602661281824,0.0291123129427433
2845,33.0,1117,1.1621086597442627,,0.08972215466201305,0.011990122497081757
2846,32.0,909,0.9686477184295654,,0.09425827767699957,0.0028495416045188904
2847,32.0,1096,1.1361589431762695,,0.08691407088190317,0.023417439311742783
2848,31.0,902,0.9654853343963623,,0.083790791220963,0.007285472005605698
2849,43.0,1215,1.2627778053283691,,0.0774565227329731,0.01735939085483551
2850,24.0,790,0.8661818504333496,,0.2510863244533539,0.0924377515912056
2851,31.0,1014,1.0690977573394775,,0.14801124576479197,0.041595399379730225
2852,44.0,1183,1.2370941638946533,,0.0744899595156312,0.012529725208878517
2853,30.0,999,1.057919979095459,,0.19914932921528816,0.04808918014168739
2854,39.0,1434,1.5221753120422363,,0.11331463791429996,0.015018906444311142
2855,29.0,1072,1.1244733333587646,,0.14968402963131666,0.06307332217693329
2856,33.0,1003,1.0536961555480957,,0.18771793320775032,0.06908243894577026
2857,33.0,1069,1.1100378036499023,,0.08211124315857887,0.007854871451854706
2858,28.0,915,0.9782576560974121,,0.11118767689913511,0.02832264080643654
2859,31.0,895,0.953824520111084,,0.22820858471095562,0.08359284698963165
2860,61.0,1806,1.8688890933990479,,0.154408136382699,0.04679129645228386
2861,33.0,938,0.9902620315551758,,0.2080763392150402,0.06006702780723572
2862,29.0,1077,1.12214994430542,,0.11193710565567017,0.02982323430478573
2863,31.0,934,0.992511510848999,,0.08841198217123747,0.022969717159867287
2864,31.0,952,1.0022070407867432,,0.0957486005499959,0.024702021852135658
2865,33.0,900,0.8975458145141602,,0.11641262099146843,0.01887788251042366
2866,30.0,999,1.05332350730896,,0.0964771993458271,0.012232683598995209
2867,31.0,1275,1.3597371578216553,,0.10683589242398739,0.024158930405974388
2868,30.0,870,0.9313991069793701,,0.08621065877377987,0.010384436696767807
2869,66.0,1950,1.9970605373382568,,0.21549053862690926,0.07529096305370331
2870,31.0,1037,1.0849406719207764,,0.21575894765555859,0.055308036506175995
2871,32.0,750,0.8255631923675537,,0.13458045292645693,0.03262236714363098
2872,34.0,939,0.9922389984130859,,0.12929922621697187,0.04790771007537842
2873,33.0,968,1.022414207458496,,0.08342938963323832,0.01725093461573124
2874,33.0,1081,1.1341238021850586,,0.12604484241455793,0.039544232189655304
2875,35.0,1265,1.3110125064849854,,0.16589963529258966,0.05586652085185051
2876,29.0,1008,1.060516595840454,,0.3083693776279688,0.07995893806219101
2877,37.0,1231,1.3328893184661865,,0.0883682370185852,0.009166259318590164
2878,19.0,613,0.6478736400604248,,0.22024437971413136,0.061966799199581146
2879,31.0,1201,1.2412307262420654,,0.22939562425017357,0.07738728821277618
2880,32.0,788,0.858422040939331,,0.06788250897079706,0.011424494907259941
2881,26.0,812,0.8264944553375244,,0.08212809637188911,0.002236064523458481
2882,50.0,1423,1.5167813301086426,,0.09587608091533184,0.018006589263677597
2883,32.0,883,0.9455907344818115,,0.19079849682748318,0.06604509800672531
2884,57.0,1727,1.7935941219329834,,0.2016173154115677,0.04659601300954819
2885,31.0,920,0.9738523960113525,,0.3665367290377617,0.16376551985740662
2886,30.0,1063,1.1018755435943604,,0.107836470939219,0.016333088278770447
2887,26.0,859,0.9178264141082764,,0.08445515483617783,0.006177537143230438
2888,31.0,1025,1.0692360401153564,,0.13692798372358084,0.03392123058438301
2889,34.0,894,0.8864099979400635,,0.145861373282969,0.030401594936847687
2890,27.0,709,0.7816493511199951,,0.1392557518556714,0.03702099993824959
2891,30.0,943,0.9935824871063232,,0.14759666100144386,0.048784464597702026
2892,30.0,1106,1.138779640197754,,0.220767417922616,0.07974439114332199
2893,30.0,1005,1.0469262599945068,,0.11666657216846943,0.03795835003256798
2894,26.0,892,0.8931078910827637,,0.08145948965102434,0.009506996721029282
2895,32.0,856,0.9120197296142578,,0.16922626085579395,0.0380655974149704
2896,33.0,919,0.9712085723876953,,0.11603737808763981,0.03074910119175911
2897,30.0,947,1.0055060386657715,,0.18754354305565357,0.05377192050218582
2898,56.0,1749,1.804443359375,,0.10679963137954473,0.01986135169863701
2899,24.0,650,0.6725916862487793,,0.368852686136961,0.11956247687339783
2900,31.0,1087,1.186356782913208,,0.10164631716907024,0.027977747842669487
2901,24.0,730,0.7558798789978027,,0.1134865889325738,0.015054930001497269
2902,33.0,764,0.8375933170318604,,0.16070314310491085,0.04435097426176071
2903,31.0,1080,1.1262357234954834,,0.18271463550627232,0.05376867949962616
2904,31.0,977,1.0298559665679932,,0.13400865346193314,0.04565031826496124
2905,31.0,925,0.923612117767334,,0.10205942206084728,0.009586688131093979
2906,59.0,1993,2.101003408432007,,0.23014302179217339,0.0698704868555069
2907,31.0,1021,1.0695829391479492,,0.2483922615647316,0.06973831355571747
2908,30.0,1067,1.113518238067627,,0.07995743025094271,0.027656029909849167
2909,55.0,1797,1.9177312850952148,,0.16852929815649986,0.03520389646291733
2910,33.0,910,0.9573607444763184,,0.1504922155290842,0.029424745589494705
2911,32.0,880,0.8780088424682617,,0.10967871733009815,0.02326887845993042
2912,30.0,1119,1.2215368747711182,,0.15421530604362488,0.05145403742790222
2913,55.0,1908,1.9672486782073975,,0.07824206724762917,-0.0065433792769908905
2914,31.0,1061,1.107771873474121,,0.34525906667113304,0.11895327270030975
2915,39.0,1459,1.5349113941192627,,0.12309602368623018,0.035763345658779144
2916,33.0,945,0.9965929985046387,,0.34310444071888924,0.14589419960975647
2917,33.0,1033,1.0799856185913086,,0.1623715702444315,0.0471651591360569
2918,31.0,871,0.9322013854980469,,0.11110670398920774,0.021430669352412224
2919,28.0,965,1.0170845985412598,,0.1197531595826149,0.03214496746659279
2920,32.0,827,0.8346374034881592,,0.1876777447760105,0.05753208324313164
2921,31.0,998,1.047985553741455,,0.09210565406829119,0.017907211557030678
2922,31.0,1080,1.1167874336242676,,0.1013624845072627,0.025860462337732315
2923,31.0,1069,1.1148695945739746,,0.08442923333495855,0.017203375697135925
2924,24.0,714,0.7893838882446289,,0.08061548788100481,0.007311664521694183
2925,32.0,1101,1.1611518859863281,,0.18888002075254917,0.07744784653186798
2926,32.0,1179,1.2116024494171143,,0.10825448296964169,0.034230995923280716
2927,33.0,1042,1.081648349761963,,0.13355345372110605,0.04223700240254402
2928,31.0,967,1.0114707946777344,,0.15343713760375977,0.035987433046102524
2929,31.0,1217,1.3127386569976807,,0.1121735405176878,0.02891993708908558
2930,20.0,652,0.678818941116333,,0.10583522729575634,0.02078770101070404
2931,29.0,997,1.0499343872070312,,0.14120233617722988,0.040597349405288696
2932,56.0,1767,1.8433284759521484,,0.1398047786206007,0.018644683063030243
2933,32.0,1023,1.0647916793823242,,0.3319677487015724,0.12316112220287323
2934,32.0,1160,1.184682846069336,,0.10004318505525589,0.02261856570839882
2935,32.0,1049,1.1491913795471191,,0.10474854335188866,0.024588661268353462
2936,44.0,1509,1.5246076583862305,,0.09372246358543634,0.020174209028482437
2937,31.0,1212,1.3021624088287354,,0.13097532000392675,0.03937964886426926
2938,31.0,1076,1.1242480278015137,,0.061488278210163116,0.01338784396648407
2939,31.0,1012,1.0613765716552734,,0.07418307196348906,0.02112812176346779
2940,27.0,1039,1.0935776233673096,,0.1442936770617962,0.04465407133102417
2941,17.0,567,0.5993719100952148,,0.18372455053031445,0.05298010632395744
2942,60.0,1781,1.904900312423706,,0.26991983503103256,0.08171121776103973
2943,62.0,2102,2.2054665088653564,,0.19440672919154167,0.06231611967086792
2944,32.0,1167,1.1951327323913574,,0.1478433609008789,0.051484376192092896
2945,30.0,1018,1.0639066696166992,,0.11106082331389189,0.0304001085460186
2946,32.0,1163,1.1913766860961914,,0.09506152756512165,0.021878905594348907
2947,25.0,859,0.9290175437927246,,0.16682827845215797,0.0649079829454422
2948,31.0,1021,1.0669188499450684,,0.14541978761553764,0.05961253494024277
2949,32.0,875,0.9360136985778809,,0.08134595397859812,0.01679256558418274
2950,31.0,995,0.9866330623626709,,0.11811598483473063,0.020966216921806335
2951,30.0,1009,1.0592968463897705,,0.17145478539168835,0.034279726445674896
2952,30.0,1147,1.2497732639312744,,0.12743828911334276,0.03744020313024521
2953,31.0,1151,1.1832997798919678,,0.09600348211824894,0.018088821321725845
2954,29.0,1159,1.198432207107544,,0.0700570847839117,0.005262307822704315
2955,33.0,1019,1.065880537033081,,0.0942163597792387,0.015417888760566711
2956,30.0,1053,1.1052396297454834,,0.2774487417191267,0.0936230942606926
2957,23.0,781,0.8549022674560547,,0.2683798763900995,0.08432784676551819
2958,28.0,1129,1.176269292831421,,0.1503334492444992,0.0458756759762764
2959,20.0,737,0.7618651390075684,,0.13269358966499567,0.026771903038024902
2960,30.0,1145,1.2450685501098633,,0.2380504421889782,0.08760853111743927
2961,32.0,973,1.0251929759979248,,0.15208022203296423,0.04902804270386696
2962,21.0,735,0.7559573650360107,,0.11998226307332516,0.025170180946588516
2963,33.0,1019,1.0598251819610596,,0.18628763779997826,0.0609329529106617
2964,29.0,1033,1.0792417526245117,,0.06879713200032711,0.021476373076438904
2965,33.0,1184,1.2107646465301514,,0.09868876356631517,0.03366561233997345
2966,25.0,802,0.8814277648925781,,0.10129083879292011,0.03546362370252609
2967,32.0,852,0.9295318126678467,,0.17397636733949184,0.05867237597703934
2968,30.0,1028,1.0813124179840088,,0.14745812863111496,0.04624726623296738
2969,54.0,1701,1.7628872394561768,,0.29212187603116035,0.09263236075639725
2970,32.0,1159,1.1958420276641846,,0.5524127446115017,0.22313745319843292
2971,33.0,1153,1.185316562652588,,0.09696093201637268,0.015621766448020935
2972,30.0,1145,1.2351245880126953,,0.10017181560397148,0.025344952940940857
2973,29.0,1081,1.1260032653808594,,0.14139578212052584,0.03793260455131531
2974,32.0,1155,1.1881752014160156,,0.08451652526855469,0.029052598401904106
2975,49.0,1435,1.5210089683532715,,0.0763062871992588,-0.005567707121372223
2976,31.0,839,0.841116189956665,,0.2541330549865961,0.07899816334247589
2977,32.0,859,0.920189380645752,,0.13169241603463888,0.03572380170226097
2978,29.0,1146,1.1834933757781982,,0.08531477861106396,0.013353727757930756
2979,30.0,1109,1.2144958972930908,,0.13847478851675987,0.02703060396015644
2980,32.0,781,0.7913990020751953,,0.06606162339448929,-0.005108647048473358
2981,32.0,885,0.9435808658599854,,0.09777992125600576,0.021747272461652756
2982,31.0,1042,1.0861561298370361,,0.15801900811493397,0.04939023405313492
2983,29.0,1001,1.0540704727172852,,0.09618613217025995,0.02736832946538925
2984,31.0,949,1.0057775974273682,,0.20935389585793018,0.0751207023859024
2985,31.0,1035,1.0842161178588867,,0.10403276234865189,0.02119642123579979
2986,30.0,1055,1.1055347919464111,,0.15254182554781437,0.050285857170820236
2987,34.0,1099,1.1435284614562988,,0.27675669454038143,0.08113288134336472
2988,32.0,1188,1.2282609939575195,,0.10907251667231321,0.02616536244750023
2989,32.0,1203,1.2930371761322021,,0.15092911012470722,0.03922247514128685
2990,50.0,1443,1.4696662425994873,,0.1317862533032894,0.05464266240596771
2991,53.0,1710,1.8338944911956787,,0.2613321337848902,0.07489540427923203
2992,28.0,994,1.0539357662200928,,0.20587916299700737,0.06800108402967453
2993,31.0,1071,1.1104180812835693,,0.16249560937285423,0.08212079852819443
2994,34.0,1030,1.0779778957366943,,0.0894251735880971,0.025871101766824722
2995,50.0,1537,1.614206075668335,,0.18061664327979088,0.05040990561246872
2996,31.0,1071,1.1153013706207275,,0.35724883526563644,0.1504417359828949
2997,29.0,969,1.0256822109222412,,0.08481013681739569,0.014795811846852303
2998,29.0,1084,1.1327018737792969,,0.1264262953773141,0.038086555898189545
2999,31.0,1044,1.0826232433319092,,0.17226125299930573,0.05574344843626022
3000,25.0,882,0.9506556987762451,,0.07342464849352837,0.02501826360821724
3001,26.0,854,0.8656516075134277,,0.17792486026883125,0.04830104857683182
3002,24.0,767,0.8422813415527344,,0.13582672737538815,0.040911052376031876
3003,33.0,980,1.0260076522827148,,0.11649085208773613,0.026912497356534004
3004,31.0,1161,1.1917786598205566,,0.11276386585086584,0.020378753542900085
3005,32.0,981,1.0304133892059326,,0.08524685725569725,0.012635137885808945
3006,31.0,1214,1.2371528148651123,,0.08306386228650808,0.019731424748897552
3007,29.0,1077,1.124516487121582,,0.050453316885977983,0.012942085042595863
3008,30.0,1146,1.2444605827331543,,0.18546288460493088,0.06972096115350723
3009,31.0,1047,1.0988659858703613,,0.143368449062109,0.05333210527896881
3010,32.0,871,0.8763995170593262,,0.10024890024214983,0.027427008375525475
3011,33.0,1167,1.2623167037963867,,0.16039722599089146,0.05672551319003105
3012,31.0,1061,1.1019737720489502,,0.11382708977907896,0.037929851561784744
3013,31.0,951,1.0080230236053467,,0.11654348485171795,0.023670528084039688
3014,53.0,1533,1.6220979690551758,,0.2807634901255369,0.0962548702955246
3015,32.0,1007,1.001720666885376,,0.35315292328596115,0.15823763608932495
3016,61.0,1948,2.0643365383148193,,0.290528379380703,0.10718344897031784
3017,48.0,1449,1.534109354019165,,0.13655054103583097,0.037698060274124146
3018,32.0,1034,1.0769460201263428,,0.20741349458694458,0.07202401757240295
3019,33.0,1028,1.07220458984375,,0.07452043239027262,0.006488759070634842
3020,22.0,704,0.7839891910552979,,0.12342214677482843,0.027359187602996826
3021,38.0,1257,1.2860443592071533,,0.1329898200929165,0.05093821510672569
3022,27.0,807,0.884244441986084,,0.4872713163495064,0.20613035559654236
3023,34.0,1047,1.0922482013702393,,0.16196052730083466,0.04824350029230118
3024,30.0,1177,1.2143783569335938,,0.14331622421741486,0.04630457982420921
3025,32.0,1121,1.1541893482208252,,0.09667388256639242,0.014825986698269844
3026,32.0,1265,1.351848840713501,,0.17032004706561565,0.0400739461183548
3027,32.0,1117,1.1520836353302002,,0.08093398250639439,0.005780007690191269
3028,25.0,713,0.7321212291717529,,0.07028290908783674,-0.0001057162880897522
3029,32.0,1134,1.1629478931427002,,0.23356957361102104,0.08745972067117691
3030,30.0,1071,1.1061301231384277,,0.1010216623544693,0.02719256281852722
3031,26.0,860,0.9269452095031738,,0.09262164682149887,0.01380869373679161
3032,21.0,735,0.8087716102600098,,0.1502684662118554,0.04024891555309296
3033,38.0,1229,1.2616748809814453,,0.2003201637417078,0.06534406542778015
3034,13.0,479,0.5145974159240723,,0.11154646333307028,0.015001730993390083
3035,38.0,1376,1.460556983947754,,0.08957471139729023,0.013585027307271957
3036,31.0,861,0.8670082092285156,,0.1863006353378296,0.053126219660043716
3037,24.0,897,0.9670388698577881,,0.11348658427596092,0.03354755789041519
3038,29.0,1133,1.1639721393585205,,0.21386374346911907,0.06455247104167938
3039,27.0,847,0.9108076095581055,,0.09853717312216759,0.01733624003827572
3040,27.0,815,0.8238394260406494,,0.21554093435406685,0.07689948379993439
3041,32.0,1205,1.2965831756591797,,0.09689777344465256,0.01602398417890072
3042,29.0,907,0.9693145751953125,,0.10842899791896343,0.030383579432964325
3043,31.0,945,0.9424331188201904,,0.08307806681841612,0.0031996741890907288
3044,32.0,999,1.0412511825561523,,0.10429299622774124,0.00851450115442276
3045,32.0,1235,1.322538137435913,,0.07756908424198627,0.0011653080582618713
3046,29.0,1011,1.063079833984375,,0.12532764859497547,0.03281770646572113
3047,5.0,356,0.3397352695465088,,0.12532764859497547,0.03281770646572113
3048,30.0,981,1.0295631885528564,,0.7694773152470589,0.33816561102867126
3049,53.0,1596,1.7219948768615723,,0.2232788149267435,0.08453182131052017
3050,29.0,999,0.9898250102996826,,0.3209683187305927,0.11209753155708313
3051,27.0,906,0.9647455215454102,,0.09206176735460758,0.017109984531998634
3052,30.0,1036,1.0862526893615723,,0.1547146625816822,0.04739601910114288
3053,30.0,1042,1.0895543098449707,,0.11144218407571316,0.027645573019981384
3054,31.0,978,1.0308268070220947,,0.07246584910899401,0.0069130174815654755
3055,31.0,935,0.9942712783813477,,0.09031495545059443,0.016569197177886963
3056,33.0,976,1.0231163501739502,,0.1263664411380887,0.02909540943801403
3057,31.0,1072,1.1104369163513184,,0.08001009002327919,0.023706600069999695
3058,33.0,977,1.0250799655914307,,0.09377141203731298,0.01614014059305191
3059,28.0,932,0.9833805561065674,,0.12640253361314535,0.05296690762042999
3060,66.0,1954,2.0614352226257324,,0.25676908530294895,0.09794957935810089
3061,34.0,925,0.9168224334716797,,0.50096570327878,0.21874910593032837
3062,41.0,1207,1.28824782371521,,0.10599213559180498,0.022026749327778816
3063,31.0,1236,1.2503905296325684,,0.27012178860604763,0.12146145105361938
3064,33.0,1045,1.077744722366333,,0.07966292183846235,0.014442909508943558
3065,31.0,1091,1.1311848163604736,,0.08645512722432613,0.012376891449093819
3066,31.0,943,0.9915330410003662,,0.1810710970312357,0.06988605856895447
3067,33.0,1044,1.0815577507019043,,0.07730779983103275,0.01118868961930275
3068,33.0,934,0.9795503616333008,,0.09788188152015209,0.025548262521624565
3069,31.0,1256,1.2862739562988281,,0.08214809373021126,0.030113672837615013
3070,32.0,1159,1.2457313537597656,,0.08790555782616138,0.02701163850724697
3071,32.0,1119,1.1504595279693604,,0.07921622600406408,0.0101164560765028
3072,32.0,1024,1.0651676654815674,,0.10239379107952118,0.03419625386595726
3073,53.0,1469,1.5473175048828125,,0.061725967563688755,-0.004231194034218788
3074,32.0,1043,1.080296277999878,,0.1355629712343216,0.03601934760808945
3075,32.0,811,0.8190150260925293,,0.08150500059127808,-0.0009321905672550201
3076,30.0,887,0.942094087600708,,0.10893167927861214,0.03476228564977646
3077,22.0,783,0.8524072170257568,,0.08983666356652975,0.008104097098112106
3078,32.0,1035,1.0810086727142334,,0.22385932318866253,0.08881033211946487
3079,32.0,1003,1.05741548538208,,0.0838110763579607,0.017121082171797752
3080,30.0,988,1.037416934967041,,0.09190682042390108,0.040327563881874084
3081,52.0,1415,1.4523813724517822,,0.0645061950199306,0.014150749891996384
3082,34.0,1074,1.117253065109253,,0.500189758837223,0.1804729402065277
3083,32.0,993,1.042682409286499,,0.09856531675904989,0.011241365224123001
3084,30.0,909,0.9676904678344727,,0.08431409671902657,0.013821844011545181
3085,32.0,1219,1.2983770370483398,,0.175566166639328,0.04624563083052635
3086,55.0,1665,1.745525598526001,,0.24806221760809422,0.08243446052074432
3087,31.0,997,1.0421762466430664,,0.1763949729502201,0.03536488488316536
3088,30.0,1193,1.2247145175933838,,0.18290269374847412,0.06009635329246521
3089,32.0,1245,1.3274815082550049,,0.11071505211293697,0.017381984740495682
3090,31.0,1236,1.2712643146514893,,0.108299202285707,0.018729306757450104
3091,31.0,1269,1.296285629272461,,0.0960309486836195,0.03596837818622589
3092,25.0,873,0.9418299198150635,,0.12092328630387783,0.028720920905470848
3093,30.0,1037,1.085639238357544,,0.12758021242916584,0.029331259429454803
3094,30.0,1052,1.0978851318359375,,0.32639411836862564,0.11933903396129608
3095,30.0,985,1.0253121852874756,,0.10828671138733625,0.021518997848033905
3096,40.0,1405,1.4735691547393799,,0.12600375711917877,0.027211785316467285
3097,45.0,1381,1.4673688411712646,,0.12439143098890781,0.02905477210879326
3098,32.0,1027,1.07200288772583,,0.23028782568871975,0.09276201575994492
3099,34.0,935,0.9263114929199219,,0.16727299615740776,0.037412773817777634
3100,32.0,1233,1.3160560131072998,,0.1318047232925892,0.03584311902523041
3101,43.0,1356,1.3680267333984375,,0.08123103249818087,0.011990372091531754
3102,15.0,443,0.48025989532470703,,0.07486410066485405,-0.006305117160081863
3103,29.0,1077,1.1186957359313965,,0.32324060052633286,0.130103200674057
3104,32.0,1168,1.2539501190185547,,0.07218689098954201,0.00044883787631988525
3105,42.0,1328,1.343883991241455,,0.10895950719714165,0.0221764724701643
3106,26.0,891,0.9490501880645752,,0.2578541524708271,0.0939897745847702
3107,33.0,983,1.0287373065948486,,0.1853990014642477,0.0681946650147438
3108,28.0,914,0.9787905216217041,,0.11571030225604773,0.035809632390737534
3109,31.0,1059,1.1070330142974854,,0.10738431196659803,0.020696673542261124
3110,25.0,794,0.8097527027130127,,0.1484689563512802,0.03866029530763626
3111,33.0,1071,1.1200811862945557,,0.15049127582460642,0.035697225481271744
3112,31.0,850,0.9104893207550049,,0.10639917105436325,0.009294025599956512
3113,30.0,950,1.006223201751709,,0.0788529496639967,0.00869588740170002
3114,33.0,963,1.0098164081573486,,0.0806730454787612,0.020167389884591103
3115,32.0,1005,1.043224811553955,,0.0977085568010807,0.019875003024935722
3116,30.0,870,0.8651847839355469,,0.08697859104722738,0.00014045462012290955
3117,32.0,833,0.8919088840484619,,0.054867653641849756,-0.004029255360364914
3118,38.0,1346,1.4289796352386475,,0.07967576384544373,0.005869872868061066
3119,31.0,1271,1.305281162261963,,0.2656642161309719,0.09472225606441498
3120,27.0,719,0.7920269966125488,,0.08789226040244102,0.01698029413819313
3121,63.0,1655,1.7270772457122803,,0.2494077831506729,0.07468464225530624
3122,57.0,1689,1.7650024890899658,,0.05920686945319176,-0.01157008670270443
3123,32.0,1000,1.0425670146942139,,0.2150344680994749,0.09574124962091446
3124,23.0,925,0.9846060276031494,,0.10092197451740503,0.02608954906463623
3125,30.0,1168,1.1948933601379395,,0.2062465362250805,0.06304105371236801
3126,29.0,1015,1.0678422451019287,,0.08785306941717863,0.0015621259808540344
3127,33.0,1308,1.3813114166259766,,0.16956034861505032,0.06064377352595329
3128,18.0,613,0.6363728046417236,,0.06255294382572174,-0.007158603519201279
3129,31.0,897,0.9497582912445068,,0.27687057480216026,0.09996676445007324
3130,31.0,1189,1.2162466049194336,,0.09712696727365255,0.023604722693562508
3131,32.0,1237,1.2615103721618652,,0.1389396721497178,0.04360179603099823
3132,26.0,1098,1.208183765411377,,0.19098571315407753,0.06758753955364227
3133,26.0,771,0.7883224487304688,,0.18911072239279747,0.051684729754924774
3134,31.0,1077,1.1144380569458008,,0.17473175004124641,0.04465537890791893
3135,32.0,1065,1.105945110321045,,0.07569241570308805,0.014527998864650726
3136,28.0,746,0.8137650489807129,,0.08475999720394611,0.010499492287635803
3137,29.0,954,1.0015618801116943,,0.1103618098422885,0.023626308888196945
3138,30.0,1009,1.0555410385131836,,0.11459418572485447,0.029970942065119743
3139,30.0,1171,1.2038772106170654,,0.08013609889894724,0.023315098136663437
3140,27.0,752,0.76739501953125,,0.07439610082656145,0.008048959076404572
3141,31.0,989,1.0363903045654297,,0.20349888689815998,0.05439666658639908
3142,40.0,1328,1.4156684875488281,,0.10837838053703308,0.03140297532081604
3143,28.0,766,0.7809669971466064,,0.3049374930560589,0.1385648101568222
3144,22.0,742,0.8161768913269043,,0.23180963285267353,0.07381755113601685
3145,56.0,1763,1.8312938213348389,,0.12042356934398413,0.01601790077984333
3146,32.0,935,0.9895439147949219,,0.2460321057587862,0.09829036891460419
3147,34.0,1055,1.096134901046753,,0.11679618433117867,0.03704259172081947
3148,34.0,1175,1.2069737911224365,,0.08053264766931534,0.0007623881101608276
3149,40.0,1120,1.2192037105560303,,0.09678293485194445,0.019724132493138313
3150,31.0,1017,1.0613102912902832,,0.11320599913597107,0.027802616357803345
3151,50.0,1546,1.6138527393341064,,0.07860593684017658,0.002409365028142929
3152,30.0,1071,1.1346077919006348,,0.13862765301018953,0.05406706780195236
3153,32.0,1087,1.1231400966644287,,0.11601309850811958,0.03044624626636505
3154,33.0,1113,1.14898681640625,,0.09600164648145437,0.026921214535832405
3155,52.0,1478,1.5540478229522705,,0.10710104368627071,0.012974720448255539
3156,27.0,797,0.8053653240203857,,0.3585282303392887,0.11760678142309189
3157,27.0,1034,1.0847842693328857,,0.14112135954201221,0.04036993533372879
3158,46.0,1390,1.477367877960205,,0.1721489317715168,0.0408809520304203
3159,32.0,1082,1.1272423267364502,,0.2956797741353512,0.11991716176271439
3160,23.0,703,0.7806985378265381,,0.19058771803975105,0.05819462612271309
3161,32.0,967,1.0170390605926514,,0.17662111297249794,0.07785666733980179
3162,34.0,933,0.9260146617889404,,0.08472619391977787,-0.0033747442066669464
3163,33.0,1047,1.081709384918213,,0.09611375909298658,0.0285901241004467
3164,32.0,1235,1.3185358047485352,,0.0893722539767623,0.02138536423444748
3165,33.0,945,0.9952647686004639,,0.06953084748238325,0.011051710695028305
3166,53.0,1734,1.808600664138794,,0.1143357902765274,0.008931148797273636
3167,32.0,1246,1.2771811485290527,,0.34600579738616943,0.12509579956531525
3168,22.0,845,0.9119210243225098,,0.0762028768658638,-0.006792180240154266
3169,32.0,1163,1.204627275466919,,0.18503748252987862,0.04925598204135895
3170,32.0,1131,1.2226452827453613,,0.1490248665213585,0.051728032529354095
3171,34.0,965,1.0169687271118164,,0.07437261380255222,0.01664145663380623
3172,32.0,1211,1.2491471767425537,,0.09944972023367882,0.019181568175554276
3173,33.0,985,1.036893367767334,,0.06358621781691909,0.007624709978699684
3174,32.0,1165,1.1929550170898438,,0.06615195656195283,0.004477204754948616
3175,31.0,1195,1.2288026809692383,,0.1873204354196787,0.04596066102385521
3176,32.0,1126,1.2270691394805908,,0.18568989634513855,0.05497836321592331
3177,32.0,1345,1.362297773361206,,0.1198450569063425,0.034917399287223816
3178,32.0,1069,1.1172969341278076,,0.07175983255729079,0.014660779386758804
3179,34.0,970,1.0195939540863037,,0.0912491800263524,0.010363206267356873
3180,33.0,1195,1.282585859298706,,0.11345974449068308,0.01788470149040222
3181,28.0,893,0.8973596096038818,,0.05775276105850935,-0.004415102303028107
3182,30.0,980,1.0262401103973389,,0.14970686845481396,0.042419955134391785
3183,57.0,1616,1.6985633373260498,,0.0666592107154429,0.006937861442565918
3184,32.0,1222,1.3028037548065186,,0.06388459634035826,-0.004974422976374626
3185,42.0,1373,1.3936820030212402,,0.08577940706163645,0.019078828394412994
3186,31.0,1189,1.2809689044952393,,0.19954209960997105,0.07145107537508011
3187,30.0,1111,1.1530225276947021,,0.07736807828769088,0.020639339461922646
3188,31.0,1213,1.24200439453125,,0.11036919057369232,0.030881591141223907
3189,33.0,1025,1.065720796585083,,0.08315553702414036,0.015159517526626587
3190,51.0,1696,1.827869176864624,,0.21516887471079826,0.0982055738568306
3191,22.0,825,0.8368880748748779,,0.16898727603256702,0.048525355756282806
3192,31.0,1122,1.1637969017028809,,0.24275421351194382,0.07187838852405548
3193,33.0,1035,1.0746097564697266,,0.10291118174791336,0.021284528076648712
3194,32.0,926,0.9787230491638184,,0.08747184462845325,0.010659681633114815
3195,32.0,852,0.9067769050598145,,0.10567902214825153,0.011350370943546295
3196,33.0,1021,1.0705909729003906,,0.08892214391380548,0.023758424445986748
3197,30.0,1003,1.0497422218322754,,0.060382721945643425,0.015009375289082527
3198,32.0,977,1.0297527313232422,,0.11566658038645983,0.03871150314807892
3199,32.0,1116,1.1509182453155518,,0.08129181619733572,0.014698909595608711
3200,28.0,819,0.8817102909088135,,0.12078919261693954,0.02703985944390297
3201,33.0,1127,1.165189266204834,,0.07267608819529414,0.018953144550323486
3202,32.0,996,1.0453400611877441,,0.12744412012398243,0.04240009933710098
3203,31.0,1092,1.1309707164764404,,0.07865074649453163,0.019329778850078583
3204,29.0,913,0.9694705009460449,,0.14537711162120104,0.04063527658581734
3205,43.0,1317,1.3396553993225098,,0.12953762616962194,0.04091626778244972
3206,30.0,967,1.0176024436950684,,0.3338570035994053,0.09622205793857574
3207,58.0,1732,1.7972981929779053,,0.09495041240006685,0.024725675582885742
3208,32.0,1137,1.2359459400177002,,0.1167441364377737,0.013053696602582932
3209,39.0,1320,1.343397855758667,,0.11261307075619698,0.02632840909063816
3210,30.0,1030,1.068877935409546,,0.3171152025461197,0.09530717134475708
3211,49.0,1541,1.623436689376831,,0.15743684954941273,0.04355509579181671
3212,32.0,966,1.013413429260254,,0.3253031000494957,0.12082837522029877
3213,48.0,1388,1.4621853828430176,,0.08180894516408443,0.01656583696603775
3214,31.0,1019,1.0586647987365723,,0.2953786924481392,0.12046800553798676
3215,32.0,1031,1.0658307075500488,,0.10238829627633095,0.025612913072109222
3216,32.0,1018,1.059736728668213,,0.08321326412260532,0.01270357146859169
3217,64.0,2369,2.4409828186035156,,0.3250271715223789,0.11000597476959229
3218,57.0,2096,2.2406728267669678,,0.37384480610489845,0.1266743689775467
3219,32.0,1067,1.1037535667419434,,0.15153725259006023,0.051711007952690125
3220,31.0,869,0.8665390014648438,,0.07553931139409542,0.006472580134868622
3221,29.0,967,1.017519474029541,,0.13192001916468143,0.01750139147043228
3222,31.0,989,1.0287513732910156,,0.14032099023461342,0.048506125807762146
3223,34.0,941,0.9869122505187988,,0.11668786033987999,0.03261828422546387
3224,31.0,1153,1.1830270290374756,,0.08426066488027573,0.02057342231273651
3225,26.0,743,0.8141350746154785,,0.0808932101354003,0.02378651686012745
3226,34.0,913,0.9621372222900391,,0.13518305867910385,0.03314691036939621
3227,32.0,1014,0.9986164569854736,,0.102808584459126,0.0067535340785980225
3228,32.0,1180,1.2627086639404297,,0.08178508467972279,0.019178947433829308
3229,31.0,1182,1.2215452194213867,,0.18120967037975788,0.08741945773363113
3230,31.0,985,1.032508134841919,,0.0973584447056055,0.023937642574310303
3231,27.0,758,0.8285977840423584,,0.10125576332211494,0.01956872269511223
3232,33.0,1193,1.219602346420288,,0.1300462344661355,0.04485846683382988
3233,33.0,1062,1.1096651554107666,,0.11427957750856876,0.03220652788877487
3234,32.0,1194,1.2280967235565186,,0.16314098425209522,0.07202714681625366
3235,31.0,1117,1.158226728439331,,0.07605331158265471,0.008450813591480255
3236,23.0,664,0.7463219165802002,,0.09564871620386839,0.013298604637384415
3237,64.0,1798,1.857511281967163,,0.09971301443874836,0.00635596364736557
3238,31.0,1129,1.1682500839233398,,0.4702344052493572,0.2101290076971054
3239,30.0,897,0.9501461982727051,,0.10045180562883615,0.006786458194255829
3240,58.0,1549,1.6309394836425781,,0.0937404464930296,0.013595078140497208
3241,32.0,1163,1.198859691619873,,0.3055517002940178,0.09795080125331879
3242,30.0,1038,1.1671137809753418,,0.3010081108659506,0.09222869575023651
3243,41.0,1263,1.295534372329712,,0.13981090392917395,0.04985964298248291
3244,29.0,1084,1.1317825317382812,,0.2616305574774742,0.10676640272140503
3245,33.0,1110,1.1425700187683105,,0.1239063274115324,0.046071894466876984
3246,32.0,1233,1.3212544918060303,,0.13653845340013504,0.04232132062315941
3247,32.0,1073,1.114593505859375,,0.09539454616606236,0.015353690832853317
3248,33.0,1080,1.12335205078125,,0.072665736079216,0.012128252536058426
3249,64.0,1955,2.0699684619903564,,0.4541686736047268,0.13646207749843597
3250,32.0,1026,1.0812771320343018,,0.16275897063314915,0.0518692210316658
3251,30.0,1251,1.2825477123260498,,0.1425001658499241,0.05681341141462326
3252,24.0,645,0.668839693069458,,0.11508327256888151,0.025515932589769363
3253,13.0,524,0.5568563938140869,,0.06580654624849558,0.00509219616651535
3254,32.0,1359,1.4330122470855713,,0.11150031816214323,0.0402776263654232
3255,60.0,1898,2.002195358276367,,0.14323526248335838,0.03424368053674698
3256,69.0,2347,2.4228551387786865,,0.3804023005068302,0.15259291231632233
3257,33.0,962,1.021472692489624,,0.2806553319096565,0.10014107823371887
3258,33.0,1091,1.1379456520080566,,0.11384421121329069,0.02336469292640686
3259,31.0,1239,1.3274693489074707,,0.11642694566398859,0.03651513531804085
3260,33.0,1126,1.1669583320617676,,0.09813612699508667,0.030532799661159515
3261,31.0,916,0.9781863689422607,,0.06269473070278764,0.01207970455288887
3262,31.0,1228,1.2622337341308594,,0.1263627065345645,0.04387541860342026
3263,57.0,1550,1.6388378143310547,,0.1361903604120016,0.03239810839295387
3264,31.0,855,0.9259946346282959,,0.2742068823426962,0.08849379420280457
3265,36.0,1070,1.1176083087921143,,0.1558206770569086,0.058175258338451385
3266,58.0,1943,2.053896188735962,,0.23254716210067272,0.07023647427558899
3267,50.0,1709,1.7898929119110107,,0.17266651056706905,0.04274783656001091
3268,30.0,1034,1.092191219329834,,0.3787606656551361,0.11345107853412628
3269,53.0,1802,1.9438066482543945,,0.31266143172979355,0.10546629130840302
3270,30.0,1159,1.2042617797851562,,0.17774729803204536,0.060256749391555786
3271,31.0,967,1.0280485153198242,,0.1124058598652482,0.03349689394235611
3272,31.0,1190,1.2307136058807373,,0.13418417144566774,0.038596101105213165
3273,32.0,1133,1.1768743991851807,,0.11116673517972231,0.03700879216194153
3274,27.0,1054,1.1147122383117676,,0.1271330490708351,0.03136797994375229
3275,34.0,922,0.9816539287567139,,0.14601155556738377,0.036175258457660675
3276,30.0,1089,1.13852858543396,,0.11837853211909533,0.0420045331120491
3277,30.0,994,1.0390567779541016,,0.15265634842216969,0.04295539855957031
3278,31.0,1000,1.0498263835906982,,0.08449102099984884,0.022932235151529312
3279,31.0,1166,1.2108917236328125,,0.15880913846194744,0.05112042278051376
3280,32.0,1057,1.156843900680542,,0.12125716730952263,0.039168477058410645
3281,32.0,1192,1.232574462890625,,0.18596253730356693,0.0724392905831337
3282,30.0,898,0.9540455341339111,,0.08123656548559666,0.007684074342250824
3283,34.0,895,0.892564058303833,,0.14979284815490246,0.0305238738656044
3284,31.0,1027,1.0715456008911133,,0.10511647630482912,0.02851995825767517
3285,39.0,1396,1.4768531322479248,,0.13670420460402966,0.029513835906982422
3286,23.0,730,0.8087053298950195,,0.48147355765104294,0.16873110830783844
3287,31.0,1013,1.067089557647705,,0.19414551556110382,0.049233607947826385
3288,52.0,1626,1.7038993835449219,,0.2906126603484154,0.11350519955158234
3289,21.0,687,0.711416482925415,,0.23439202643930912,0.06469245254993439
3290,34.0,1190,1.2286453247070312,,0.25000111013650894,0.08484403789043427
3291,29.0,1113,1.2221622467041016,,0.10865608416497707,0.01980409026145935
3292,33.0,1193,1.22625732421875,,0.17924839630723,0.05870211496949196
3293,45.0,1499,1.588719129562378,,0.13338422868400812,0.011945109814405441
3294,31.0,1410,1.4944324493408203,,0.1432202383875847,0.031049460172653198
3295,33.0,961,0.9574007987976074,,0.043081052135676146,-0.011398587375879288
3296,34.0,1033,1.0783576965332031,,0.07678055018186569,0.012685820460319519
3297,32.0,1054,1.1614129543304443,,0.223130252212286,0.09529951214790344
3298,22.0,733,0.7591958045959473,,0.08693622332066298,0.0015734396874904633
3299,30.0,897,0.9593305587768555,,0.19381744787096977,0.0632670670747757
3300,32.0,1261,1.286923885345459,,0.15983413346111774,0.04404301196336746
3301,60.0,1926,2.0339367389678955,,0.20296628773212433,0.049283064901828766
3302,50.0,1475,1.5675857067108154,,0.14793255273252726,0.036077868193387985
3303,32.0,990,1.0380127429962158,,0.25865787640213966,0.07762345671653748
3304,32.0,902,0.9026515483856201,,0.09535112790763378,0.010621659457683563
3305,33.0,995,1.040515422821045,,0.08261707052588463,-0.005255945026874542
3306,32.0,1188,1.2844901084899902,,0.18567700125277042,0.06196962296962738
3307,27.0,1067,1.1155288219451904,,0.09799091331660748,0.028635811060667038
3308,31.0,1016,1.0751700401306152,,0.11300590354949236,0.0349481999874115
3309,31.0,1222,1.2596819400787354,,0.0958921117708087,0.01893237605690956
3310,32.0,906,0.9601457118988037,,0.07634918671101332,0.010068599134683609
3311,30.0,1060,1.1116745471954346,,0.15947807766497135,0.04238478094339371
3312,33.0,1063,1.1086397171020508,,0.07390477415174246,0.009765645489096642
3313,39.0,1248,1.3428564071655273,,0.1357596032321453,0.020887121558189392
3314,32.0,1123,1.158482313156128,,0.07795938942581415,0.020536286756396294
3315,19.0,654,0.6804356575012207,,0.06814830750226974,0.0021279454231262207
3316,29.0,951,1.00978422164917,,0.39775076508522034,0.1409335434436798
3317,41.0,1387,1.4705760478973389,,0.08849160745739937,0.01758911833167076
3318,33.0,821,0.8328719139099121,,0.32144618034362793,0.1503918468952179
3319,25.0,809,0.8821418285369873,,0.08765019476413727,0.011545151472091675
3320,21.0,733,0.7576844692230225,,0.16431713849306107,0.03951967507600784
3321,13.0,475,0.5148050785064697,,0.19144673831760883,0.05623108893632889
3322,54.0,1704,1.7802047729492188,,0.14776203781366348,0.03257139399647713
3323,30.0,1271,1.363769292831421,,0.16226070653647184,0.055387094616889954
3324,38.0,1469,1.5504212379455566,,0.11386282090097666,0.022090617567300797
3325,32.0,1017,1.0724756717681885,,0.20006724819540977,0.05185222998261452
3326,33.0,1197,1.2412505149841309,,0.17471979651600122,0.0773678719997406
3327,31.0,1068,1.1222472190856934,,0.0802009105682373,0.014668334275484085
3328,31.0,1245,1.3361446857452393,,0.1672124471515417,0.050178851932287216
3329,31.0,1200,1.2337839603424072,,0.13248384557664394,0.036624252796173096
3330,31.0,1162,1.2136294841766357,,0.15103096514940262,0.036320701241493225
3331,24.0,826,0.8943109512329102,,0.08704620413482189,0.007692575454711914
3332,32.0,1276,1.2971713542938232,,0.1692690383642912,0.04637620598077774
3333,30.0,1041,1.0861690044403076,,0.06851959694176912,0.013818196952342987
3334,15.0,503,0.5354297161102295,,0.14501203037798405,0.047316890209913254
3335,33.0,1090,1.1958019733428955,,0.09805738739669323,0.030082108452916145
3336,31.0,1171,1.2133994102478027,,0.10732232592999935,0.026276398450136185
3337,31.0,996,1.0411760807037354,,0.10183957777917385,0.020291686058044434
3338,62.0,1989,2.0999627113342285,,0.3188800700008869,0.1458277702331543
3339,31.0,1376,1.394010066986084,,0.2889163512736559,0.10195228457450867
3340,28.0,1086,1.1286592483520508,,0.05675082467496395,-0.004297500476241112
3341,31.0,1331,1.4129557609558105,,0.17567788437008858,0.07403730601072311
3342,24.0,918,0.9823272228240967,,0.09370107669383287,0.01369331032037735
3343,30.0,1054,1.103825569152832,,0.2431454434990883,0.0667346715927124
3344,32.0,1042,1.087599277496338,,0.08937036991119385,0.0252531711012125
3345,34.0,1050,1.09600830078125,,0.11373813077807426,0.03367728367447853
3346,21.0,628,0.6543457508087158,,0.15669107623398304,0.04070482775568962
3347,20.0,705,0.7885241508483887,,0.17315425723791122,0.05700630694627762
3348,30.0,1217,1.2481186389923096,,0.16303421556949615,0.06068659573793411
3349,62.0,2077,2.174733877182007,,0.24571813829243183,0.0871528834104538
3350,34.0,1069,1.112985610961914,,0.13481352385133505,0.022858329117298126
3351,30.0,1087,1.1289961338043213,,0.12887012865394354,0.03537178412079811
3352,37.0,1230,1.3230435848236084,,0.12169542629271746,0.02462957054376602
3353,28.0,1019,1.0764966011047363,,0.2762819342315197,0.08484962582588196
3354,34.0,958,1.0127902030944824,,0.11315819900482893,0.03694477677345276
3355,31.0,1197,1.2393817901611328,,0.09612459875643253,0.024620668962597847
3356,30.0,1056,1.1009438037872314,,0.11862283665686846,0.020974477753043175
3357,22.0,674,0.7011427879333496,,0.12699158024042845,0.03343541920185089
3358,65.0,2223,2.379715919494629,,0.18514526076614857,0.04913579672574997
3359,28.0,829,0.8414962291717529,,0.4316985458135605,0.16530171036720276
3360,65.0,1989,2.093707799911499,,0.32823740877211094,0.09372911602258682
3361,41.0,1607,1.6852340698242188,,0.12518438789993525,0.030153147876262665
3362,22.0,763,0.8415205478668213,,0.4041071757674217,0.16016452014446259
3363,29.0,976,1.0298731327056885,,0.12711344473063946,0.03844080865383148
3364,52.0,1368,1.4103248119354248,,0.11755366809666157,0.03887833654880524
3365,30.0,1051,1.0996575355529785,,0.22121584601700306,0.06587811559438705
3366,30.0,1123,1.2235991954803467,,0.11626244150102139,0.02058972232043743
3367,32.0,1035,1.0878324508666992,,0.2183018084615469,0.08130054175853729
3368,35.0,1109,1.1567566394805908,,0.18152402341365814,0.06205323338508606
3369,34.0,1095,1.1393024921417236,,0.21694918908178806,0.06828758120536804
3370,27.0,931,0.9984972476959229,,0.09826559387147427,0.02706364169716835
3371,31.0,1084,1.136542558670044,,0.2041689120233059,0.08328647166490555
3372,29.0,1056,1.1092791557312012,,0.11258940119296312,0.03259127214550972
3373,23.0,841,0.8567795753479004,,0.11940975114703178,0.009138930588960648
3374,32.0,1122,1.2197694778442383,,0.17222778126597404,0.06582038104534149
3375,15.0,626,0.6559648513793945,,0.0792835121974349,0.005401263013482094
3376,34.0,881,0.9357531070709229,,0.27572198398411274,0.09823472797870636
3377,28.0,841,0.8473198413848877,,0.13571663852781057,0.03188548609614372
3378,33.0,1050,1.0891056060791016,,0.14284042734652758,0.023661889135837555
3379,33.0,1081,1.1182270050048828,,0.08159332256764174,0.013585684821009636
3380,32.0,916,0.9661660194396973,,0.11325464770197868,0.011635854840278625
3381,29.0,960,1.0140061378479004,,0.09291985630989075,0.01913960836827755
3382,31.0,1012,1.0555226802825928,,0.09977922681719065,0.014315638691186905
3383,33.0,868,0.9228622913360596,,0.09501054231077433,0.018049491569399834
3384,34.0,861,0.8625361919403076,,0.1164540583267808,0.025457344949245453
3385,62.0,2089,2.2565088272094727,,0.1739385537803173,0.029240291565656662
3386,32.0,1165,1.2039973735809326,,0.15197565034031868,0.05121354013681412
3387,63.0,1969,2.0764174461364746,,0.4593272842466831,0.20711995661258698
3388,67.0,2147,2.2513504028320312,,0.31802384182810783,0.12221486866474152
3389,30.0,1061,1.1180191040039062,,0.18382520973682404,0.0564204677939415
3390,31.0,1122,1.1710879802703857,,0.1289959605783224,0.03465448319911957
3391,31.0,1052,1.0991895198822021,,0.09183117095381021,0.015978367999196053
3392,32.0,1081,1.1276025772094727,,0.10180761851370335,0.03445104509592056
3393,33.0,880,0.9458234310150146,,0.09225432761013508,0.0210113562643528
3394,31.0,1311,1.404125690460205,,0.19486166536808014,0.043212227523326874
3395,22.0,705,0.7299745082855225,,0.056053377222269773,-0.004617985337972641
3396,58.0,1637,1.7143185138702393,,0.1905823927372694,0.07871709764003754
3397,30.0,931,0.9812710285186768,,0.23353519476950169,0.06675249338150024
3398,30.0,1045,1.086794137954712,,0.11752593144774437,0.033152706921100616
3399,28.0,1003,1.0512468814849854,,0.06391458585858345,0.0003085080534219742
3400,32.0,1180,1.2062127590179443,,0.0871959114447236,0.011178240180015564
3401,43.0,1237,1.332798719406128,,0.07334862649440765,0.006744338199496269
3402,30.0,892,0.8940882682800293,,0.2927618958055973,0.10184162855148315
3403,63.0,1740,1.8596625328063965,,0.22574648447334766,0.053487926721572876
3404,32.0,1113,1.1414077281951904,,0.2118116058409214,0.06030996888875961
3405,31.0,934,0.9842643737792969,,0.11208043899387121,0.02936164289712906
3406,32.0,958,1.0084171295166016,,0.08715557493269444,0.013534238561987877
3407,19.0,659,0.6822903156280518,,0.0974095817655325,0.009478278458118439
3408,32.0,1039,1.0764801502227783,,0.2910006158053875,0.11454933136701584
3409,32.0,1207,1.227543830871582,,0.07949444837868214,0.015733307227492332
3410,32.0,967,1.0171244144439697,,0.09106308221817017,0.02117190510034561
3411,29.0,826,0.8968467712402344,,0.07463464979082346,0.012284260243177414
3412,28.0,1053,1.1083521842956543,,0.1517157480120659,0.04463467746973038
3413,31.0,1139,1.1775000095367432,,0.14385074190795422,0.045956775546073914
3414,32.0,1085,1.1307406425476074,,0.0636453009210527,0.011721089482307434
3415,42.0,1286,1.3721070289611816,,0.13828723598271608,0.030817104503512383
3416,33.0,816,0.8207790851593018,,0.3535997085273266,0.08332675695419312
3417,32.0,960,1.0100739002227783,,0.10610909201204777,0.031902313232421875
3418,32.0,1015,1.071521282196045,,0.08741850033402443,0.01874254271388054
3419,32.0,1248,1.3334248065948486,,0.08157491870224476,0.0034285075962543488
3420,49.0,1595,1.6806886196136475,,0.25424036383628845,0.07860851287841797
3421,20.0,642,0.6687271595001221,,0.2269295696169138,0.05758579447865486
3422,33.0,1225,1.249133825302124,,0.21056512743234634,0.06478720158338547
3423,31.0,990,1.0469341278076172,,0.120292654260993,0.029047133401036263
3424,31.0,1073,1.1213431358337402,,0.13123995251953602,0.03415824472904205
3425,32.0,973,1.0290696620941162,,0.07392255496233702,0.007801055908203125
3426,26.0,811,0.8855264186859131,,0.13261175993829966,0.030513238161802292
3427,68.0,2425,2.54451847076416,,0.32475364580750465,0.10182104259729385
3428,33.0,1014,1.056464433670044,,0.14126954693347216,0.0524001382291317
3429,34.0,1190,1.2287349700927734,,0.13311279751360416,0.03357481211423874
3430,33.0,899,0.960796594619751,,0.42432380840182304,0.1929156482219696
3431,32.0,1056,1.1033174991607666,,0.10539593361318111,0.031988758593797684
3432,33.0,982,1.0371832847595215,,0.10733100026845932,0.03735983744263649
3433,18.0,539,0.5717720985412598,,0.08496730774641037,0.0012801140546798706
3434,30.0,1054,1.1010279655456543,,0.17575479857623577,0.05673763155937195
3435,29.0,988,1.0405747890472412,,0.08901937119662762,0.01925104483962059
3436,31.0,986,1.0327997207641602,,0.13944116234779358,0.03207620233297348
3437,33.0,1185,1.2073709964752197,,0.09327029250562191,0.023620864376425743
3438,32.0,1211,1.241833209991455,,0.07514304481446743,0.01891779527068138
3439,30.0,959,1.0081663131713867,,0.10852808505296707,0.027586042881011963
3440,33.0,1017,1.0657951831817627,,0.11170859541743994,0.02027181163430214
3441,30.0,1005,1.0556530952453613,,0.09070559963583946,0.022767983376979828
3442,22.0,639,0.6661858558654785,,0.10700995847582817,0.013489790260791779
3443,32.0,995,1.046473741531372,,0.4147736430168152,0.1485392451286316
3444,32.0,1143,1.2295198440551758,,0.08739164005964994,0.006345432251691818
3445,34.0,1126,1.1609628200531006,,0.16514378786087036,0.05739594250917435
3446,31.0,1029,1.0778937339782715,,0.2282578218728304,0.07888224720954895
3447,33.0,1085,1.1262807846069336,,0.09624635986983776,0.016319286078214645
3448,30.0,1131,1.1710691452026367,,0.11215878371149302,0.023701898753643036
3449,33.0,983,1.0339586734771729,,0.06805992219597101,0.010915582999587059
3450,32.0,1125,1.1598446369171143,,0.08082835283130407,0.013780573382973671
3451,32.0,1036,1.089341640472412,,0.06190210813656449,0.0035787783563137054
3452,34.0,1007,1.0637626647949219,,0.09027374256402254,0.005577737465500832
3453,30.0,1051,1.0931658744812012,,0.10567716881632805,0.023195600137114525
3454,29.0,1035,1.0919365882873535,,0.11406739708036184,0.03553403913974762
3455,25.0,910,0.982043981552124,,0.1158786816522479,0.008994810283184052
3456,62.0,2213,2.2978692054748535,,0.19490895420312881,0.054982177913188934
3457,31.0,990,1.0434496402740479,,0.20281989686191082,0.03986344859004021
3458,45.0,1523,1.6070835590362549,,0.11506589967757463,0.02293146774172783
3459,34.0,1006,1.0587186813354492,,0.24257167801260948,0.08155333995819092
3460,30.0,930,0.9862542152404785,,0.2867100350558758,0.09818534553050995
3461,33.0,935,0.989635705947876,,0.08725225832313299,0.016934417188167572
3462,32.0,1187,1.2278342247009277,,0.08994325902312994,0.025559183210134506
3463,32.0,1091,1.1363022327423096,,0.08572504948824644,0.010845847427845001
3464,25.0,795,0.8668961524963379,,0.10068923141807318,0.019832216203212738
3465,34.0,1133,1.179609775543213,,0.2627008855342865,0.0823422521352768
3466,33.0,975,1.026242733001709,,0.29469524696469307,0.10662927478551865
3467,68.0,2504,2.6252288818359375,,0.1783465575426817,0.0273878276348114
3468,28.0,1023,1.0822348594665527,,0.12666066456586123,0.030126653611660004
3469,32.0,1133,1.1724536418914795,,0.15033014304935932,0.0527692511677742
3470,30.0,1066,1.1177842617034912,,0.06233106693252921,0.003051033243536949
3471,32.0,967,1.0213940143585205,,0.10700376238673925,0.03296247124671936
3472,33.0,1025,1.0785295963287354,,0.07813207246363163,0.015884224325418472
3473,50.0,1826,1.952939510345459,,0.0606912923976779,-0.0016539283096790314
3474,33.0,983,1.0368523597717285,,0.2448529414832592,0.08776841312646866
3475,37.0,1265,1.3053321838378906,,0.14082042314112186,0.052140019834041595
3476,32.0,887,0.9482574462890625,,0.3508138619363308,0.12227511405944824
3477,30.0,979,1.0302739143371582,,0.10413471981883049,0.03878757730126381
3478,30.0,927,0.9946193695068359,,0.2979598417878151,0.11023139953613281
3479,54.0,1657,1.7379379272460938,,0.29039011523127556,0.11692997813224792
3480,35.0,1296,1.3296501636505127,,0.26298343017697334,0.0937560647726059
3481,34.0,1081,1.134645700454712,,0.24407233484089375,0.09963408857584
3482,32.0,1022,1.0754828453063965,,0.11405869666486979,0.02203061431646347
3483,32.0,1037,1.0917294025421143,,0.10820942744612694,0.02859782800078392
3484,41.0,1551,1.625575304031372,,0.08668686263263226,0.024945424869656563
3485,32.0,992,1.0418107509613037,,0.3099381774663925,0.07452922314405441
3486,32.0,1095,1.1970727443695068,,0.06600964907556772,0.00598425418138504
3487,32.0,835,0.8459820747375488,,0.06912320479750633,0.002199232578277588
3488,32.0,1012,1.0611588954925537,,0.07887715194374323,0.018337856978178024
3489,26.0,774,0.8513748645782471,,0.07034777384251356,0.017723971977829933
3490,50.0,1835,1.8963677883148193,,0.06331452494487166,-0.004460956901311874
3491,40.0,1432,1.5220673084259033,,0.15090846829116344,0.04322595149278641
3492,49.0,1505,1.5908567905426025,,0.07281686551868916,-0.0035283714532852173
3493,33.0,1087,1.1319365501403809,,0.32441240176558495,0.1019863486289978
3494,39.0,1363,1.453657627105713,,0.06892818212509155,-0.005182214081287384
3495,32.0,1075,1.1193430423736572,,0.13888721447438002,0.043776530772447586
3496,33.0,1303,1.3313498497009277,,0.11611101683229208,0.03102150745689869
3497,33.0,814,0.8830883502960205,,0.09367779828608036,0.025689492002129555
3498,34.0,886,0.9502420425415039,,0.08764688950031996,0.005949612706899643
3499,31.0,1158,1.193100929260254,,0.07191005069762468,0.01082739420235157
3500,32.0,1131,1.1721630096435547,,0.2105136439204216,0.04705193266272545
3501,31.0,1065,1.1067934036254883,,0.10334450658410788,0.009175624698400497
3502,32.0,1211,1.2978565692901611,,0.0873763570562005,0.014562815427780151
3503,32.0,1362,1.3745038509368896,,0.09830653667449951,0.01872412860393524
3504,38.0,1357,1.4356048107147217,,0.06654342450201511,0.0036329925060272217
3505,50.0,1596,1.6786351203918457,,0.09066627267748117,0.002255234867334366
3506,67.0,2113,2.1999640464782715,,0.23553748801350594,0.07278573513031006
3507,33.0,947,0.9946317672729492,,0.11450813990086317,0.03076525405049324
3508,34.0,1026,1.0759785175323486,,0.11110354401171207,0.02953699603676796
3509,54.0,1499,1.5946855545043945,,0.20031301118433475,0.05740166828036308
3510,31.0,1237,1.2672760486602783,,0.2695295885205269,0.0899847149848938
3511,31.0,1258,1.36069655418396,,0.15888975001871586,0.046264585107564926
3512,33.0,845,0.8548026084899902,,0.0992227466776967,-0.0012306831777095795
3513,29.0,987,1.036466360092163,,0.16844886913895607,0.04097055643796921
3514,32.0,1157,1.2483327388763428,,0.08371107559651136,0.014116056263446808
3515,34.0,1107,1.1428909301757812,,0.10700846184045076,0.027036204934120178
3516,33.0,1081,1.1260180473327637,,0.09137953352183104,0.026633042842149734
3517,24.0,871,0.9377734661102295,,0.1856491733342409,0.05259143188595772
3518,30.0,1069,1.1183669567108154,,0.15713322814553976,0.040294431149959564
3519,26.0,702,0.7216494083404541,,0.12788876052945852,0.015706714242696762
3520,33.0,1119,1.1584761142730713,,0.1824468970298767,0.05887305736541748
3521,32.0,1035,1.07664155960083,,0.10997615102678537,0.017848476767539978
3522,30.0,951,1.0030012130737305,,0.13068753853440285,0.022175084799528122
3523,31.0,937,0.9971487522125244,,0.10434940177947283,0.008059978485107422
3524,31.0,1105,1.1445884704589844,,0.10509980842471123,0.04152197390794754
3525,33.0,1080,1.123816967010498,,0.08130460884422064,0.01157907210290432
3526,26.0,962,1.0111732482910156,,0.10983133874833584,0.03067377582192421
3527,34.0,1077,1.1149897575378418,,0.13492000102996826,0.04364006966352463
3528,40.0,1406,1.488107681274414,,0.05346762854605913,-0.011810030788183212
3529,29.0,1003,1.05100417137146,,0.25796663761138916,0.0960579365491867
3530,60.0,1881,1.9904284477233887,,0.34888919070363045,0.12516021728515625
3531,31.0,1535,1.601844310760498,,0.08985221292823553,-0.005219306796789169
3532,31.0,1059,1.1037909984588623,,0.1813001800328493,0.06458798050880432
3533,38.0,1260,1.297780990600586,,0.10402674786746502,0.027872338891029358
3534,38.0,1428,1.512364387512207,,0.10757200792431831,0.019593194127082825
3535,18.0,557,0.5909528732299805,,0.05507858283817768,-0.003317028284072876
3536,69.0,2208,2.2922935485839844,,0.24102509766817093,0.06681373715400696
3537,31.0,1137,1.2405905723571777,,0.400991041213274,0.19671568274497986
3538,32.0,1034,1.083458662033081,,0.11213427223265171,0.036597542464733124
3539,31.0,1045,1.0916361808776855,,0.0961486492305994,0.026882324367761612
3540,38.0,1062,1.1111838817596436,,0.10008804593235254,0.03793495148420334
3541,61.0,2274,2.3578755855560303,,0.1856471225619316,0.05958898738026619
3542,45.0,1636,1.7079341411590576,,0.06919418275356293,0.005188589915633202
3543,31.0,1035,1.0841584205627441,,0.22593680955469608,0.06846147775650024
3544,33.0,766,0.8336939811706543,,0.10472584795206785,0.022317957133054733
3545,32.0,1104,1.1415948867797852,,0.08781000971794128,0.01325930655002594
3546,31.0,1186,1.2282190322875977,,0.1325485883280635,0.03830718994140625
3547,33.0,1426,1.4990746974945068,,0.1053787600249052,0.019669771194458008
3548,55.0,1761,1.8733251094818115,,0.22055148519575596,0.10479756444692612
3549,33.0,973,0.9665915966033936,,0.3867894560098648,0.11785721033811569
3550,33.0,1077,1.1794588565826416,,0.08095082174986601,0.013453252613544464
3551,31.0,803,0.8118991851806641,,0.05871622357517481,-0.009560760110616684
3552,32.0,963,1.0101845264434814,,0.09650647174566984,0.018610695376992226
3553,32.0,985,1.033013105392456,,0.07297564763575792,0.008751194924116135
3554,23.0,637,0.6612215042114258,,0.11506646312773228,0.01842811331152916
3555,53.0,1408,1.4964048862457275,,0.09047896508127451,0.0052674636244773865
3556,30.0,995,1.0491173267364502,,0.27291283570230007,0.09168386459350586
3557,22.0,850,0.9143767356872559,,0.08693549036979675,0.01926431432366371
3558,25.0,701,0.7237734794616699,,0.37326110154390335,0.13540981709957123
3559,30.0,883,0.9415550231933594,,0.15895538963377476,0.0550529807806015
3560,31.0,903,0.8999674320220947,,0.1138959564268589,0.014449212700128555
3561,32.0,1056,1.0984995365142822,,0.09303487464785576,0.017350047826766968
3562,32.0,1114,1.2107458114624023,,0.16074016876518726,0.05947659909725189
3563,31.0,1147,1.1806094646453857,,0.15848336927592754,0.04097609594464302
3564,31.0,1069,1.1141390800476074,,0.1344170030206442,0.04485331103205681
3565,33.0,1028,1.070880651473999,,0.11116217542439699,0.035229846835136414
3566,32.0,1028,1.0711662769317627,,0.11895497143268585,0.02376275509595871
3567,30.0,1091,1.1237306594848633,,0.06613833690062165,0.009765077382326126
3568,32.0,1144,1.175973892211914,,0.10243106074631214,0.018962260335683823
3569,33.0,781,0.8461592197418213,,0.08415837958455086,0.01633504591882229
3570,62.0,1862,1.9803409576416016,,0.16936196386814117,0.03546902537345886
3571,27.0,846,0.8529961109161377,,0.2856479100883007,0.10785230994224548
3572,30.0,968,1.0302715301513672,,0.15440520830452442,0.0394139289855957
3573,63.0,2202,2.3122568130493164,,0.22799690812826157,0.07140673696994781
3574,66.0,2002,2.124486207962036,,0.22824134305119514,0.0896231085062027
3575,29.0,1112,1.1612310409545898,,0.16968883201479912,0.05161033570766449
3576,41.0,1354,1.4417152404785156,,0.22155927494168282,0.0524686835706234
3577,24.0,819,0.8902089595794678,,0.3097911924123764,0.10992341488599777
3578,32.0,1260,1.2898597717285156,,0.14620519243180752,0.03719242662191391
3579,34.0,995,1.0519399642944336,,0.1205625394359231,0.02647249400615692
3580,32.0,1113,1.1585438251495361,,0.12703928910195827,0.038806188851594925
3581,34.0,1003,1.0561187267303467,,0.10917011555284262,0.02749580144882202
3582,17.0,574,0.6064090728759766,,0.09755157306790352,0.017620202153921127
3583,31.0,810,0.8830506801605225,,0.5807594172656536,0.22937047481536865
3584,27.0,1058,1.1114277839660645,,0.09783284459263086,0.02327648736536503
3585,32.0,944,1.0024092197418213,,0.10631735436618328,0.023272648453712463
3586,32.0,959,1.009007215499878,,0.07027868926525116,0.01950814761221409
3587,33.0,1089,1.127500057220459,,0.07841385062783957,0.004526153206825256
3588,30.0,1039,1.0864779949188232,,0.12710458040237427,0.04990949481725693
3589,34.0,1122,1.164116382598877,,0.07353094918653369,0.014976931735873222
3590,30.0,1357,1.4421191215515137,,0.20396792702376842,0.07178501039743423
3591,33.0,987,1.0457463264465332,,0.08627879992127419,0.015441156923770905
3592,31.0,1242,1.2783653736114502,,0.1449569622054696,0.034640856087207794
3593,32.0,1103,1.1484458446502686,,0.06173341302201152,0.011304906569421291
3594,32.0,1276,1.362605094909668,,0.09943400789052248,0.001958698034286499
3595,70.0,2572,2.6885600090026855,,0.20842366106808186,0.04678722470998764
3596,31.0,976,1.058774709701538,,0.23470131494104862,0.0881902202963829
3597,33.0,1033,1.0819916725158691,,0.098051811568439,0.040108103305101395
3598,35.0,1345,1.3799946308135986,,0.13088357634842396,0.03643881529569626
3599,31.0,1023,1.066451072692871,,0.26706983149051666,0.10203174501657486
3600,33.0,951,1.0053703784942627,,0.08782871905714273,0.0168840903788805
3601,32.0,1111,1.1550309658050537,,0.06480878638103604,0.005528567358851433
3602,68.0,2222,2.36051344871521,,0.20005617663264275,0.044391609728336334
3603,47.0,1750,1.8200364112854004,,0.10815862845629454,0.013266123831272125
3604,29.0,825,0.888174295425415,,0.27520130947232246,0.08515892922878265
3605,31.0,1079,1.125988483428955,,0.1237461818382144,0.027083661407232285
3606,32.0,1198,1.2264153957366943,,0.08794750180095434,0.012915952131152153
3607,32.0,951,0.9981675148010254,,0.16247126460075378,0.060324735939502716
3608,33.0,1046,1.086510419845581,,0.0857404237613082,0.024396177381277084
3609,32.0,974,1.016679048538208,,0.08405434712767601,0.013139119371771812
3610,19.0,639,0.6626641750335693,,0.0871402882039547,0.01375965029001236
3611,28.0,971,1.0325045585632324,,0.3215625621378422,0.11822614073753357
3612,15.0,536,0.5723814964294434,,0.22242703847587109,0.06823484599590302
3613,31.0,1015,1.066025972366333,,0.3262355700135231,0.14136776328086853
3614,38.0,1271,1.3516888618469238,,0.1362397950142622,0.038038384169340134
3615,28.0,749,0.764035701751709,,0.2658743504434824,0.07182074338197708
3616,43.0,1467,1.5442783832550049,,0.09940892364829779,0.026849370449781418
3617,31.0,1042,1.088841199874878,,0.3277850039303303,0.1231297180056572
3618,32.0,1028,1.0733296871185303,,0.07492158655077219,0.01095888577401638
3619,32.0,1147,1.1836671829223633,,0.06678105797618628,0.010426094755530357
3620,32.0,1137,1.1761419773101807,,0.07102895015850663,0.01183069497346878
3621,20.0,622,0.7075502872467041,,0.1199166877195239,0.02667052671313286
3622,30.0,1018,1.0645442008972168,,0.17813418246805668,0.054821111261844635
3623,34.0,1025,1.0769758224487305,,0.2058219015598297,0.08444800972938538
3624,33.0,902,0.9020757675170898,,0.13718774728477,0.028774645179510117
3625,59.0,2001,2.1100986003875732,,0.10903736855834723,0.016301102936267853
3626,31.0,1132,1.1727807521820068,,0.26168004609644413,0.07163218408823013
3627,34.0,874,0.9346685409545898,,0.06233542971313,0.0053785741329193115
3628,31.0,1049,1.0937223434448242,,0.11795837339013815,0.020483192056417465
3629,34.0,1264,1.3587546348571777,,0.151357838883996,0.03842663764953613
3630,31.0,1241,1.2692267894744873,,0.08803282491862774,0.015618998557329178
3631,21.0,633,0.6612589359283447,,0.06438562320545316,-0.00473799929022789
3632,28.0,790,0.8627142906188965,,0.33753280341625214,0.140084370970726
3633,54.0,1903,2.017021894454956,,0.22727141343057156,0.0652627944946289
3634,46.0,1396,1.4200494289398193,,0.1454569324851036,0.043012429028749466
3635,49.0,1519,1.6016817092895508,,0.060340568888932467,-0.005998540669679642
3636,33.0,1069,1.115417718887329,,0.300374623388052,0.07681895792484283
3637,29.0,973,1.0249595642089844,,0.13709083758294582,0.04390617832541466
3638,29.0,1271,1.3553194999694824,,0.08307130448520184,0.008965007960796356
3639,33.0,1105,1.138381004333496,,0.08453051745891571,0.02040765807032585
3640,33.0,1013,1.0574157238006592,,0.08510627783834934,0.018474481999874115
3641,41.0,1107,1.1536800861358643,,0.07650653179734945,0.02574875019490719
3642,69.0,2340,2.4655802249908447,,0.2843026667833328,0.08713532984256744
3643,33.0,1067,1.105785846710205,,0.182844877243042,0.07429850101470947
3644,33.0,1324,1.3419570922851562,,0.10412055067718029,0.0212040264159441
3645,32.0,1057,1.0966413021087646,,0.30889008194208145,0.12111661583185196
3646,34.0,954,1.0030479431152344,,0.10768742766231298,0.021022096276283264
3647,24.0,653,0.7380378246307373,,0.10789030883461237,0.018798500299453735
3648,31.0,1313,1.3300573825836182,,0.15773004665970802,0.05468210577964783
3649,34.0,935,0.978538990020752,,0.08060341700911522,0.02120159938931465
3650,31.0,1008,1.053598403930664,,0.07621077820658684,0.027004342526197433
3651,31.0,1036,1.0810210704803467,,0.17185390181839466,0.057480961084365845
3652,63.0,1769,1.8383805751800537,,0.1247912934049964,0.024143036454916
3653,31.0,1113,1.2047712802886963,,0.06472471402958035,0.004237126559019089
3654,26.0,817,0.8295152187347412,,0.12660117913037539,0.02014990523457527
3655,33.0,923,0.9727461338043213,,0.18279762007296085,0.038106679916381836
3656,31.0,885,0.9419345855712891,,0.1414654180407524,0.043481696397066116
3657,32.0,1107,1.1485991477966309,,0.1314852712675929,0.036070384085178375
3658,30.0,1095,1.1315906047821045,,0.1083181519061327,0.030756954103708267
3659,32.0,1078,1.114020586013794,,0.09067350812256336,0.020371118560433388
3660,12.0,449,0.4853382110595703,,0.09056946728378534,0.0037515871226787567
3661,32.0,1253,1.2741639614105225,,0.5497740767896175,0.22582237422466278
3662,31.0,1109,1.2066569328308105,,0.21410280838608742,0.08023648709058762
3663,26.0,873,0.8754003047943115,,0.23354769125580788,0.07915917038917542
3664,34.0,1065,1.0967748165130615,,0.11117754317820072,0.01929144561290741
3665,32.0,964,1.0120387077331543,,0.08429993595927954,0.010136522352695465
3666,32.0,1063,1.1112158298492432,,0.0835044039413333,0.017205050215125084
3667,31.0,1064,1.109745979309082,,0.06783945485949516,0.011833367869257927
3668,33.0,1118,1.211482286453247,,0.10874192230403423,0.026092655956745148
3669,24.0,657,0.6788473129272461,,0.09529953543096781,0.0033714696764945984
3670,57.0,1652,1.717271089553833,,0.25031244195997715,0.08218976855278015
3671,33.0,1143,1.1707243919372559,,0.3356553167104721,0.14197304844856262
3672,28.0,897,0.9561221599578857,,0.10796797648072243,0.034614887088537216
3673,28.0,965,1.0167441368103027,,0.12270030286163092,0.03590528666973114
3674,32.0,1055,1.094672679901123,,0.13096498418599367,0.034946054220199585
3675,32.0,928,0.972707986831665,,0.12226181570440531,0.04334257170557976
3676,30.0,947,0.9982080459594727,,0.13274727668613195,0.036957234144210815
3677,31.0,1197,1.221529483795166,,0.1944741364568472,0.05291571468114853
3678,23.0,709,0.7239170074462891,,0.1412279400974512,0.03070879727602005
3679,57.0,2087,2.1716644763946533,,0.07579174917191267,0.0007127001881599426
3680,32.0,1158,1.2335472106933594,,0.18719412945210934,0.04406959190964699
3681,31.0,937,0.9811198711395264,,0.10249253455549479,0.0272921584546566
3682,32.0,1043,1.081127643585205,,0.14260055776685476,0.03306922689080238
3683,32.0,1216,1.2428245544433594,,0.12656262423843145,0.029387958347797394
3684,60.0,1739,1.7903060913085938,,0.09934560116380453,0.024487143382430077
3685,34.0,954,0.9933688640594482,,0.3762901499867439,0.12137743085622787
3686,66.0,2103,2.1770026683807373,,0.24594078212976456,0.10423942655324936
3687,32.0,834,0.8972761631011963,,0.15515539981424809,0.05233538895845413
3688,22.0,647,0.6704719066619873,,0.09814791474491358,0.0168527290225029
3689,39.0,1168,1.271996021270752,,0.15870529040694237,0.042754627764225006
3690,29.0,1085,1.1280348300933838,,0.14892496727406979,0.05123939365148544
3691,33.0,971,1.0154626369476318,,0.12609933782368898,0.03330915793776512
3692,38.0,1092,1.1371574401855469,,0.07868127524852753,0.02255171909928322
3693,31.0,1159,1.1885344982147217,,0.27804494462907314,0.08964107930660248
3694,33.0,1013,1.052929401397705,,0.07423503044992685,0.010478245094418526
3695,30.0,929,0.9849560260772705,,0.06764413882046938,0.02076352946460247
3696,31.0,957,1.0041046142578125,,0.10118398535996675,0.028114676475524902
3697,14.0,451,0.4274897575378418,,0.10118398535996675,0.028114676475524902
3698,32.0,1160,1.244737148284912,,0.12197573855519295,0.0287984199821949
3699,31.0,1075,1.1052541732788086,,0.06724559562280774,0.018970808014273643
3700,27.0,855,0.9139735698699951,,0.10891334246844053,0.021273206919431686
3701,32.0,838,0.8480916023254395,,0.08528742473572493,-0.0010451897978782654
3702,26.0,865,0.9241962432861328,,0.1262128697708249,0.033879946917295456
3703,31.0,889,0.9437465667724609,,0.13325565494596958,0.03171265125274658
3704,65.0,2146,2.2125532627105713,,0.29139635153114796,0.11926170438528061
3705,30.0,950,0.9958450794219971,,0.21121293865144253,0.07467326521873474
3706,30.0,1075,1.114211082458496,,0.18948105908930302,0.06756459921598434
3707,57.0,1861,1.8953280448913574,,0.05301140248775482,-0.00878976471722126
3708,29.0,899,0.9532999992370605,,0.25503259152173996,0.09179812669754028
3709,22.0,579,0.6037600040435791,,0.14981725439429283,0.03819693997502327
3710,31.0,1255,1.3178374767303467,,0.07245902623981237,0.004761781543493271
3711,32.0,1099,1.1295297145843506,,0.09189574141055346,0.029955042526125908
3712,32.0,1101,1.1250660419464111,,0.09573633596301079,0.019302930682897568
3713,33.0,1171,1.19398832321167,,0.08546624891459942,0.02409246377646923
3714,34.0,905,0.9561958312988281,,0.07511856826022267,0.005722649395465851
3715,32.0,798,0.8588671684265137,,0.10170249827206135,0.024347692728042603
3716,31.0,1274,1.2903618812561035,,0.09077942371368408,0.019861508160829544
3717,32.0,1099,1.136620044708252,,0.04872096749022603,0.00804306473582983
3718,32.0,1073,1.1094341278076172,,0.13046996109187603,0.018360573798418045
3719,58.0,1657,1.7807142734527588,,0.3180224075913429,0.10807900130748749
3720,31.0,955,0.9415216445922852,,0.20138668455183506,0.049600593745708466
3721,32.0,894,0.9409098625183105,,0.08984554186463356,0.012467753142118454
3722,33.0,1002,1.0429799556732178,,0.11464654095470905,0.017979301512241364
3723,48.0,1533,1.5978810787200928,,0.06666980590671301,-0.007634766399860382
3724,33.0,951,0.9946177005767822,,0.24188017845153809,0.06005359813570976
3725,30.0,925,0.9751720428466797,,0.10526755545288324,0.02725277841091156
3726,64.0,1991,2.0730221271514893,,0.24507436342537403,0.0800187885761261
3727,42.0,1171,1.2071757316589355,,0.1632950846105814,0.06700752675533295
3728,31.0,1011,1.0467650890350342,,0.21572614833712578,0.06320174038410187
3729,32.0,901,0.9529592990875244,,0.11820628959685564,0.03272310644388199
3730,68.0,2253,2.3022892475128174,,0.3901873715221882,0.16699600219726562
3731,30.0,971,1.0145559310913086,,0.3339036703109741,0.10395517200231552
3732,30.0,912,0.9592704772949219,,0.08311050292104483,0.01003243774175644
3733,31.0,1116,1.1454575061798096,,0.1963794268667698,0.060367703437805176
3734,32.0,872,0.9234268665313721,,0.07513564266264439,0.022818420082330704
3735,32.0,1042,1.0849640369415283,,0.08810004312545061,0.02109532430768013
3736,31.0,991,1.0389742851257324,,0.07069424912333488,0.012138521298766136
3737,66.0,1875,1.923577070236206,,0.20544157549738884,0.058017753064632416
3738,40.0,1193,1.2894694805145264,,0.12395298853516579,0.021781612187623978
3739,45.0,1342,1.3709003925323486,,0.23091077990829945,0.08225638419389725
3740,30.0,968,1.0163383483886719,,0.600024439394474,0.22591640055179596
3741,32.0,886,0.9429137706756592,,0.0842463644221425,0.018608784303069115
3742,52.0,1570,1.6534690856933594,,0.09350986313074827,0.012497665360569954
3743,45.0,1329,1.417818307876587,,0.06179559975862503,-0.022398028522729874
3744,26.0,721,0.7417993545532227,,0.500482976436615,0.216445654630661
3745,32.0,1002,1.0515601634979248,,0.14027170836925507,0.03415423259139061
3746,34.0,898,0.952613353729248,,0.08598427008837461,0.025514591485261917
3747,23.0,661,0.6791636943817139,,0.07711024768650532,0.010379608720541
3748,31.0,1130,1.160252571105957,,0.18045086227357388,0.08087372034788132
3749,32.0,1039,1.0687782764434814,,0.10554082505404949,0.02560069039463997
3750,26.0,695,0.7710392475128174,,0.10308258328586817,0.03339279443025589
3751,30.0,1032,1.0722951889038086,,0.19465977139770985,0.06216668337583542
3752,40.0,1183,1.2224104404449463,,0.09597810544073582,0.020306872203946114
3753,34.0,991,1.035893201828003,,0.1794473510235548,0.05568312481045723
3754,31.0,1199,1.2300734519958496,,0.2120355423539877,0.05643121153116226
3755,32.0,1118,1.1557295322418213,,0.086350928992033,0.02404884621500969
3756,33.0,1051,1.0887131690979004,,0.14614780619740486,0.04094918444752693
3757,17.0,525,0.5566601753234863,,0.07379554212093353,0.0010462254285812378
3758,31.0,1225,1.3008148670196533,,0.06525112641975284,0.005958873778581619
3759,32.0,1010,1.0485646724700928,,0.07219082210212946,0.009432539343833923
3760,31.0,876,0.8750395774841309,,0.07704495266079903,0.00748850591480732
3761,50.0,1523,1.5991230010986328,,0.08467759191989899,0.014685235917568207
3762,32.0,1067,1.167647123336792,,0.10365386679768562,0.01729714870452881
3763,24.0,734,0.7493197917938232,,0.12483551260083914,0.013372845947742462
3764,69.0,2431,2.543637990951538,,0.19490468688309193,0.05102106183767319
3765,23.0,709,0.7273898124694824,,0.2250730488449335,0.05357056111097336
3766,30.0,955,1.0116989612579346,,0.24421796388924122,0.06996486335992813
3767,32.0,972,1.0211188793182373,,0.08043610025197268,0.011898580938577652
3768,66.0,2049,2.146756410598755,,0.47537678852677345,0.16671639680862427
3769,30.0,987,1.0330426692962646,,0.09090327750891447,0.0160815566778183
3770,51.0,1561,1.6269607543945312,,0.055542076006531715,-0.0009918436408042908
3771,32.0,1057,1.0904369354248047,,0.2517289090901613,0.09189902245998383
3772,33.0,826,0.8833177089691162,,0.09274706710129976,0.018023883923888206
3773,33.0,997,0.9870214462280273,,0.06195166893303394,-0.00917791947722435
3774,42.0,1375,1.4527761936187744,,0.15086170937865973,0.05080607533454895
3775,68.0,2195,2.277317523956299,,0.2745536267757416,0.07805617153644562
3776,39.0,1057,1.1789557933807373,,0.06864743493497372,0.004778418689966202
3777,32.0,1162,1.1894078254699707,,0.11354149784892797,0.007742788642644882
3778,54.0,1457,1.5442838668823242,,0.10609355289489031,-0.0006320290267467499
3779,68.0,1995,2.0800037384033203,,0.30297808162868023,0.12890160083770752
3780,32.0,1131,1.1627297401428223,,0.16208511404693127,0.056463465094566345
3781,30.0,919,0.974419355392456,,0.16286005824804306,0.05064532905817032
3782,25.0,699,0.7105638980865479,,0.193689351901412,0.06679588556289673
3783,31.0,975,1.0219686031341553,,0.1510249488055706,0.044134050607681274
3784,39.0,1429,1.4987514019012451,,0.18728530779480934,0.048577744513750076
3785,32.0,1034,1.0786185264587402,,0.18189455196261406,0.05893378704786301
3786,32.0,942,0.9390509128570557,,0.13038746733218431,0.03326306864619255
3787,61.0,1671,1.8095746040344238,,0.259834973141551,0.08397670090198517
3788,32.0,1202,1.2217402458190918,,0.2931961677968502,0.10928378254175186
3789,52.0,1795,1.9179584980010986,,0.246665321290493,0.09587302058935165
3790,54.0,1590,1.6700403690338135,,0.16879873722791672,0.028999432921409607
3791,33.0,1079,1.121535062789917,,0.13604319840669632,0.0396609902381897
3792,58.0,1853,1.9235284328460693,,0.11037693452090025,0.016122955828905106
3793,32.0,1121,1.218602180480957,,0.07917666621506214,0.016869405284523964
3794,32.0,1073,1.1228680610656738,,0.08077921811491251,0.017800964415073395
3795,32.0,865,0.8703222274780273,,0.05498888762667775,-0.010596245527267456
3796,34.0,1153,1.247901201248169,,0.07736967504024506,-0.00013290345668792725
3797,31.0,1029,1.0690793991088867,,0.08118259161710739,0.014013908803462982
3798,32.0,1233,1.2587037086486816,,0.09382952842861414,0.019275013357400894
3799,31.0,919,0.9729609489440918,,0.05958180129528046,0.013805607333779335
3800,31.0,1013,1.0624852180480957,,0.07772343885153532,0.015162639319896698
3801,31.0,1174,1.2058236598968506,,0.15428070817142725,0.03818104788661003
3802,31.0,935,0.9854080677032471,,0.07528317254036665,0.014301508665084839
3803,33.0,1191,1.2159814834594727,,0.07986436225473881,0.018443521112203598
3804,32.0,1015,1.0574324131011963,,0.07285846769809723,0.01867927610874176
3805,32.0,963,1.0138931274414062,,0.1589067094027996,0.04342736303806305
3806,30.0,931,0.984325647354126,,0.08105488400906324,0.015361931174993515
3807,59.0,1972,2.082122564315796,,0.2678085286170244,0.08556947857141495
3808,33.0,833,0.8425583839416504,,0.1818149145692587,0.04787648841738701
3809,31.0,1145,1.243168830871582,,0.23946667090058327,0.11287084221839905
3810,33.0,1016,1.0691306591033936,,0.1614049132913351,0.0678446888923645
3811,30.0,1133,1.167212724685669,,0.12789588700979948,0.03879440948367119
3812,33.0,1058,1.1085846424102783,,0.1571823637932539,0.05233592912554741
3813,32.0,1190,1.2211344242095947,,0.12607228476554155,0.04330623894929886
3814,38.0,1169,1.2641501426696777,,0.08243996277451515,0.005262961611151695
3815,30.0,1085,1.1252481937408447,,0.12748214416205883,0.03500751033425331
3816,32.0,1081,1.1230928897857666,,0.08453840017318726,0.02148781530559063
3817,31.0,1016,1.0675179958343506,,0.2167268991470337,0.05922738462686539
3818,21.0,725,0.7430055141448975,,0.12429179530590773,0.033450085669755936
3819,28.0,1104,1.157637596130371,,0.21411301754415035,0.06321124732494354
3820,51.0,1551,1.622532606124878,,0.10661888774484396,0.015591882169246674
3821,31.0,996,1.0496244430541992,,0.2948814705014229,0.0989074558019638
3822,32.0,975,1.0257270336151123,,0.11468030232936144,0.030170109122991562
3823,31.0,1086,1.1357712745666504,,0.09513954538851976,0.016573753207921982
3824,29.0,1092,1.1381971836090088,,0.15594453550875187,0.052580125629901886
3825,33.0,941,0.9981107711791992,,0.09215194918215275,0.007427304983139038
3826,34.0,1032,1.083139181137085,,0.1337880790233612,0.040968090295791626
3827,23.0,631,0.7156093120574951,,0.12174605671316385,0.0344378687441349
3828,53.0,1752,1.814366102218628,,0.07840018719434738,0.007327752187848091
3829,29.0,1199,1.2360117435455322,,0.28939151018857956,0.11479093134403229
3830,31.0,1060,1.107470989227295,,0.1357700601220131,0.038829170167446136
3831,31.0,1018,1.0637016296386719,,0.12884745188057423,0.033607788383960724
3832,49.0,1676,1.7978332042694092,,0.15399337373673916,0.048346538096666336
3833,45.0,1447,1.4759252071380615,,0.2886017672717571,0.09370593726634979
3834,31.0,1107,1.205463171005249,,0.17400899715721607,0.05758371949195862
3835,31.0,1105,1.1484792232513428,,0.1119582112878561,0.027769822627305984
3836,30.0,1125,1.164740800857544,,0.08018565224483609,0.01572563871741295
3837,33.0,1125,1.162079095840454,,0.06385043449699879,0.013340998440980911
3838,51.0,1675,1.7432708740234375,,0.13981641922146082,0.030183538794517517
3839,25.0,815,0.8808248043060303,,0.3638174533843994,0.14994759857654572
3840,16.0,653,0.6776697635650635,,0.20886469818651676,0.0692085474729538
3841,31.0,909,0.9588029384613037,,0.3346144072711468,0.10611957311630249
3842,68.0,2146,2.2257111072540283,,0.21798965334892273,0.06870211660861969
3843,20.0,571,0.5975852012634277,,0.2122130375355482,0.05345943197607994
3844,30.0,1199,1.294386863708496,,0.17114700749516487,0.05286059528589249
3845,32.0,831,0.8362987041473389,,0.07109139207750559,-0.0003417991101741791
3846,30.0,963,1.0231349468231201,,0.13643892668187618,0.029148150235414505
3847,31.0,1102,1.1375532150268555,,0.1022587763145566,0.030810171738266945
3848,32.0,838,0.8956596851348877,,0.0774827441200614,0.016563154757022858
3849,31.0,839,0.9008302688598633,,0.15520344115793705,0.04190714284777641
3850,31.0,952,1.0108482837677002,,0.15242412686347961,0.05681968852877617
3851,31.0,1029,1.0851056575775146,,0.17274984158575535,0.04976930841803551
3852,32.0,1173,1.193683385848999,,0.09996430296450853,0.024180619046092033
3853,30.0,1026,1.0765812397003174,,0.11277496162801981,0.031328313052654266
3854,32.0,1175,1.211897611618042,,0.1018529674038291,0.014783447608351707
3855,32.0,1210,1.2418022155761719,,0.1323418729007244,0.026478242129087448
3856,58.0,1755,1.8736793994903564,,0.24407624267041683,0.09147721529006958
3857,31.0,1131,1.160132646560669,,0.19839261285960674,0.04886393994092941
3858,56.0,1900,2.001568555831909,,0.23672808520495892,0.08290072530508041
3859,33.0,1013,1.052267074584961,,0.15421162266284227,0.05955212563276291
3860,32.0,1077,1.112666368484497,,0.14949415437877178,0.04723197966814041
3861,32.0,1078,1.1056275367736816,,0.08251026924699545,0.024069273844361305
3862,24.0,683,0.7000138759613037,,0.08527596946805716,0.004568982869386673
3863,32.0,764,0.8280370235443115,,0.20520871877670288,0.060264334082603455
3864,31.0,1169,1.1893560886383057,,0.09014643542468548,0.020599324256181717
3865,31.0,988,1.0269691944122314,,0.06573707750067115,0.003736870363354683
3866,29.0,887,0.9607031345367432,,0.15068733133375645,0.03556358814239502
3867,33.0,1046,1.0809693336486816,,0.11236273776739836,0.016345897689461708
3868,31.0,1111,1.139831304550171,,0.10068584978580475,0.03541601449251175
3869,29.0,981,1.03407621383667,,0.11399485357105732,0.020150190219283104
3870,32.0,994,1.0359718799591064,,0.1006155414506793,0.006941799074411392
3871,32.0,1002,1.047307014465332,,0.09258074034005404,0.017507821321487427
3872,32.0,1085,1.1326467990875244,,0.09449107479304075,0.013964511454105377
3873,22.0,619,0.6478784084320068,,0.09558489918708801,0.008398208767175674
3874,19.0,625,0.6555156707763672,,0.1502096801996231,0.04574459046125412
3875,30.0,985,1.0368821620941162,,0.28929310850799084,0.10000786185264587
3876,32.0,1016,1.0615150928497314,,0.08976787608116865,-0.0029992610216140747
3877,29.0,1185,1.2732586860656738,,0.07976534869521856,0.01039128564298153
3878,31.0,1070,1.1112666130065918,,0.09610605798661709,0.016358641907572746
3879,31.0,1151,1.1874010562896729,,0.13871326856315136,0.04117751866579056
3880,31.0,864,0.9246125221252441,,0.08786588441580534,0.024187643080949783
3881,36.0,1385,1.409064531326294,,0.09375933185219765,0.021073810756206512
3882,31.0,1137,1.2430124282836914,,0.13020780216902494,0.03748650848865509
3883,31.0,1000,1.0559382438659668,,0.13823246024549007,0.042812079191207886
3884,31.0,1099,1.1345021724700928,,0.12127540074288845,0.03323119878768921
3885,31.0,961,1.017505168914795,,0.15722553618252277,0.04642683267593384
3886,32.0,787,0.7977309226989746,,0.12576773762702942,0.017746444791555405
3887,33.0,871,0.932703971862793,,0.11784840375185013,0.0321221724152565
3888,32.0,1030,1.0810835361480713,,0.1479735840111971,0.053532589226961136
3889,31.0,1167,1.2006497383117676,,0.125662331469357,0.035535842180252075
3890,38.0,1132,1.175217866897583,,0.1049429439008236,0.016891606152057648
3891,32.0,989,1.031012773513794,,0.22919090650975704,0.061382848769426346
3892,31.0,1012,1.0614814758300781,,0.09914259798824787,0.003384958952665329
3893,21.0,602,0.6236543655395508,,0.2471120022237301,0.10843811929225922
3894,45.0,1421,1.5064470767974854,,0.17666506208479404,0.04439278692007065
3895,33.0,1062,1.1073095798492432,,0.19446231424808502,0.05020010098814964
3896,28.0,957,1.015038251876831,,0.11659872625023127,0.03522887080907822
3897,32.0,1287,1.3639912605285645,,0.17396080866456032,0.05256391689181328
3898,40.0,1357,1.3922255039215088,,0.13611756917089224,0.0363842248916626
3899,59.0,1841,1.9579644203186035,,0.11930662300437689,0.029113944619894028
3900,31.0,1247,1.271515130996704,,0.18851621262729168,0.044267892837524414
3901,28.0,915,0.9716665744781494,,0.09490100014954805,0.03148578479886055
3902,31.0,1037,1.0754382610321045,,0.1265793265774846,0.03663213178515434
3903,32.0,1096,1.131906509399414,,0.08632777165621519,0.020338209345936775
3904,32.0,939,0.9919521808624268,,0.07725678477436304,0.015025895088911057
3905,32.0,1009,1.0611340999603271,,0.09928325843065977,0.020889194682240486
3906,31.0,1060,1.1049401760101318,,0.08798410836607218,0.012678198516368866
3907,33.0,1011,1.0542783737182617,,0.09535917453467846,0.02367902547121048
3908,28.0,1121,1.162842035293579,,0.11074785143136978,0.03253871202468872
3909,30.0,1034,1.073143482208252,,0.08494461607187986,0.013562215492129326
3910,30.0,1148,1.2300095558166504,,0.1008268566802144,0.01660461351275444
3911,29.0,1121,1.155932903289795,,0.09084864798933268,0.02754853293299675
3912,33.0,762,0.7678961753845215,,0.05144210299476981,-0.012514101341366768
3913,23.0,689,0.7717063426971436,,0.08632738050073385,0.018005630001425743
3914,31.0,982,0.9689042568206787,,0.292625118046999,0.11241918802261353
3915,33.0,895,0.9427108764648438,,0.07638969458639622,0.0037078969180583954
3916,34.0,985,1.0300848484039307,,0.0945368055254221,0.027473941445350647
3917,32.0,985,1.0281553268432617,,0.08986847568303347,0.025307603180408478
3918,30.0,938,0.9924700260162354,,0.07407124480232596,0.0032197386026382446
3919,32.0,1107,1.1445364952087402,,0.06506173452362418,0.011584442108869553
3920,25.0,701,0.7183258533477783,,0.08768646698445082,0.005158219486474991
3921,42.0,1413,1.490023136138916,,0.11983752995729446,0.03320427983999252
3922,32.0,1195,1.2880887985229492,,0.18295847065746784,0.05716545879840851
3923,22.0,887,0.8886697292327881,,0.13456905633211136,0.021651312708854675
3924,31.0,1033,1.0777385234832764,,0.21559044532477856,0.06718911975622177
3925,32.0,963,1.010939121246338,,0.12390571273863316,0.03652463108301163
3926,29.0,901,0.9603819847106934,,0.11634180415421724,0.018062446266412735
3927,33.0,1061,1.0938208103179932,,0.1744781006127596,0.05874108895659447
3928,30.0,930,0.9881281852722168,,0.13217372633516788,0.0383680984377861
3929,33.0,963,1.0099613666534424,,0.11405298858880997,0.041887737810611725
3930,33.0,991,1.0472235679626465,,0.09406345337629318,0.02658400498330593
3931,34.0,937,0.9299023151397705,,0.18792671151459217,0.05299295112490654
3932,31.0,1129,1.2142882347106934,,0.08407161384820938,0.01106368750333786
3933,48.0,1432,1.4628081321716309,,0.10089905094355345,0.03164965286850929
3934,39.0,1401,1.4827711582183838,,0.1677971202880144,0.055138129740953445
3935,30.0,902,0.9583518505096436,,0.1788958813995123,0.05000018700957298
3936,31.0,1072,1.10784912109375,,0.12834776286035776,0.029335087165236473
3937,33.0,929,0.976351261138916,,0.06755454558879137,0.01248127594590187
3938,22.0,615,0.63681960105896,,0.09067762736231089,0.009977228939533234
3939,30.0,947,1.0023586750030518,,0.23135614022612572,0.08194058388471603
3940,31.0,963,1.0061254501342773,,0.14304191712290049,0.05554625764489174
3941,32.0,1063,1.0998554229736328,,0.1769341118633747,0.06481331586837769
3942,32.0,1009,1.0435717105865479,,0.11170946527272463,0.02920421212911606
3943,33.0,838,0.8404157161712646,,0.09566649235785007,0.006288662552833557
3944,41.0,1247,1.3405351638793945,,0.0920247994363308,0.011899711564183235
3945,29.0,1257,1.2834179401397705,,0.14165554754436016,0.03241089731454849
3946,16.0,489,0.5250239372253418,,0.1872718222439289,0.042101722210645676
3947,31.0,949,0.9935610294342041,,0.42681486159563065,0.20073257386684418
3948,30.0,884,0.9415969848632812,,0.06193869421258569,0.007814649492502213
3949,31.0,1061,1.0971808433532715,,0.14332534186542034,0.04018454998731613
3950,32.0,1119,1.1514651775360107,,0.06640776712447405,0.011279908940196037
3951,63.0,1894,1.9981255531311035,,0.30709539353847504,0.11121388524770737
3952,32.0,1089,1.1209056377410889,,0.13824376836419106,0.041346900165081024
3953,32.0,766,0.7708649635314941,,0.0686314282938838,-0.004989665001630783
3954,32.0,1067,1.1594352722167969,,0.132809323258698,0.04062633588910103
3955,34.0,957,0.9494147300720215,,0.07074069231748581,-0.005485020577907562
3956,32.0,1027,1.0717058181762695,,0.15132362209260464,0.036536090075969696
3957,24.0,662,0.7388505935668945,,0.08145045302808285,0.009136013686656952
3958,31.0,1074,1.1185815334320068,,0.18113388493657112,0.07093760371208191
3959,52.0,1561,1.6311206817626953,,0.09577060118317604,0.015613483265042305
3960,34.0,878,0.9367573261260986,,0.23684738017618656,0.08820950984954834
3961,32.0,1028,1.0764577388763428,,0.11657439358532429,0.03508441522717476
3962,30.0,1092,1.1309375762939453,,0.09706777520477772,0.03409783914685249
3963,32.0,1079,1.1238398551940918,,0.08780163619667292,0.02421111799776554
3964,30.0,830,0.8401618003845215,,0.09858661517500877,0.014344047755002975
3965,31.0,889,0.9440057277679443,,0.11073971074074507,0.02160434052348137
3966,25.0,720,0.7958064079284668,,0.09264257177710533,0.022465048357844353
3967,35.0,1100,1.133847713470459,,0.10748726408928633,0.027396736666560173
3968,31.0,947,0.9949095249176025,,0.2319705095142126,0.08097989857196808
3969,32.0,967,0.953765869140625,,0.10278457961976528,0.013507649302482605
3970,31.0,855,0.9094963073730469,,0.0726610366255045,-0.00897398591041565
3971,31.0,895,0.9460659027099609,,0.08432065788656473,0.010552462190389633
3972,33.0,999,1.0357706546783447,,0.0753520904108882,0.0036898329854011536
3973,33.0,891,0.9391188621520996,,0.08869433775544167,0.024456918239593506
3974,31.0,1000,1.0457401275634766,,0.15575345046818256,0.049095652997493744
3975,31.0,991,0.9838721752166748,,0.1078526359051466,0.017108462750911713
3976,58.0,1645,1.7758381366729736,,0.16481130942702293,0.026414990425109863
3977,32.0,1025,1.0730888843536377,,0.17024876736104488,0.05072880908846855
3978,32.0,1024,1.0675745010375977,,0.11945558059960604,0.03828427568078041
3979,53.0,1807,1.8641977310180664,,0.07590582314878702,-0.008472070097923279
3980,34.0,1026,1.0698187351226807,,0.433063555508852,0.18394632637500763
3981,31.0,964,1.0168547630310059,,0.09269544761627913,0.011044330894947052
3982,32.0,1040,1.0826761722564697,,0.1002536490559578,0.024813883006572723
3983,31.0,1040,1.088444471359253,,0.08605599775910378,0.018793996423482895
3984,31.0,911,0.9704651832580566,,0.13354203570634127,0.054652586579322815
3985,30.0,901,0.9589297771453857,,0.15248779393732548,0.05039332062005997
3986,29.0,1001,1.053009033203125,,0.24476662650704384,0.10401692986488342
3987,35.0,839,0.8432886600494385,,0.10426407307386398,0.021043144166469574
3988,30.0,1146,1.2391161918640137,,0.2038077563047409,0.06687283515930176
3989,60.0,1958,1.9967584609985352,,0.17388847656548023,0.02795524150133133
3990,32.0,1197,1.2810659408569336,,0.12019263952970505,0.02867799438536167
3991,27.0,953,1.0064821243286133,,0.13450590707361698,0.03727123886346817
3992,31.0,922,0.9184329509735107,,0.16343718022108078,0.027807697653770447
3993,32.0,1100,1.1927411556243896,,0.19542119279503822,0.05167939513921738
3994,33.0,809,0.8109664916992188,,0.09015440475195646,0.013144407421350479
3995,31.0,984,1.0318820476531982,,0.10644813161343336,0.025077123194932938
3996,30.0,989,1.0365650653839111,,0.12739479076117277,0.04084748774766922
3997,32.0,887,0.9387729167938232,,0.0710995327681303,0.016948550939559937
3998,31.0,1081,1.1214158535003662,,0.06886814860627055,0.022152129560709
3999,32.0,1001,1.0439610481262207,,0.08650489337742329,0.023589255288243294
4000,38.0,1210,1.2472639083862305,,0.1363986050710082,0.028566014021635056
4001,31.0,983,1.0263643264770508,,0.3925072252750397,0.12306250631809235
4002,32.0,1092,1.1306421756744385,,0.07987381424754858,0.00880325585603714
4003,32.0,958,1.0013148784637451,,0.04897972755134106,0.002089463174343109
4004,30.0,893,0.9515373706817627,,0.0719418409280479,0.009684817865490913
4005,33.0,821,0.8229880332946777,,0.09827934298664331,0.007685694843530655
4006,30.0,1049,1.0976438522338867,,0.10542616993188858,0.025949273258447647
4007,32.0,1119,1.2167086601257324,,0.14270615112036467,0.06032809615135193
4008,31.0,992,1.038893699645996,,0.1348910080268979,0.03743968904018402
4009,62.0,2048,2.1339423656463623,,0.23225560039281845,0.06195443496108055
4010,32.0,1356,1.3655118942260742,,0.12286296393722296,0.04232377931475639
4011,31.0,972,1.0210752487182617,,0.08204187359660864,0.01655237376689911
4012,32.0,1013,1.059556484222412,,0.0700987596064806,0.005999673157930374
4013,31.0,1187,1.2136831283569336,,0.07358911540359259,0.004663724452257156
4014,32.0,1005,1.0502510070800781,,0.07098250882700086,-0.0002619680017232895
4015,34.0,899,0.9481656551361084,,0.11487107258290052,0.02023664303123951
4016,40.0,1283,1.3678762912750244,,0.07195389270782471,0.003704564645886421
4017,29.0,954,0.9504067897796631,,0.27715435810387135,0.06653023511171341
4018,33.0,945,0.9891741275787354,,0.07606015028432012,-0.007453788071870804
4019,27.0,728,0.7993953227996826,,0.07921909634023905,0.011253062635660172
4020,24.0,785,0.7973809242248535,,0.19911785796284676,0.06329579651355743
4021,32.0,1130,1.1656653881072998,,0.23311985284090042,0.08803850412368774
4022,31.0,1048,1.1421408653259277,,0.07221177965402603,0.014307700097560883
4023,31.0,987,0.9768822193145752,,0.055714800488203764,-0.009930958971381187
4024,52.0,1609,1.7409272193908691,,0.2927962504327297,0.06807121634483337
4025,61.0,1769,1.824570894241333,,0.2727826405316591,0.08829531818628311
4026,33.0,1100,1.1306865215301514,,0.2036719862371683,0.03936456888914108
4027,31.0,1093,1.1304693222045898,,0.2741279676556587,0.11104226857423782
4028,30.0,885,0.9384465217590332,,0.10456578433513641,0.029462367296218872
4029,62.0,2146,2.221980571746826,,0.19813298620283604,0.05961083620786667
4030,31.0,929,0.9767975807189941,,0.15117834694683552,0.048556502908468246
4031,31.0,1147,1.1726772785186768,,0.1099886978045106,0.023085258901119232
4032,52.0,1639,1.76387357711792,,0.2707389425486326,0.08597932755947113
4033,31.0,1105,1.1337559223175049,,0.11090072710067034,0.02627442590892315
4034,31.0,1024,1.0644404888153076,,0.10247917380183935,0.024062491953372955
4035,33.0,895,0.8905956745147705,,0.10440185200423002,0.008469108492136002
4036,32.0,1270,1.3454718589782715,,0.13296549953520298,0.034430187195539474
4037,31.0,1161,1.1926703453063965,,0.0764498682692647,0.010099153965711594
4038,30.0,1137,1.1714200973510742,,0.0887877894565463,0.024141229689121246
4039,65.0,2211,2.359726667404175,,0.13870841450989246,0.03834564983844757
4040,55.0,1797,1.8489675521850586,,0.07492586877197027,-0.0022965706884860992
4041,32.0,909,0.9618186950683594,,0.22714636661112309,0.04604547470808029
4042,30.0,1169,1.1948950290679932,,0.08628873527050018,0.022191952913999557
4043,32.0,811,0.8732261657714844,,0.07502544019371271,0.011633850634098053
4044,33.0,1001,1.0504505634307861,,0.061002439353615046,0.009137144312262535
4045,60.0,1695,1.76167631149292,,0.24270780198276043,0.10578139126300812
4046,31.0,1061,1.0986518859863281,,0.2797442190349102,0.08431391417980194
4047,31.0,841,0.8985188007354736,,0.07414276944473386,0.0004758015275001526
4048,33.0,979,1.0202877521514893,,0.0984243955463171,0.018534662202000618
4049,41.0,1373,1.3994402885437012,,0.2188740074634552,0.07873623818159103
4050,33.0,1035,1.071929693222046,,0.3878024108707905,0.12642304599285126
4051,33.0,1023,1.0598771572113037,,0.08650849387049675,0.007736623287200928
4052,32.0,1154,1.2410705089569092,,0.12635307479649782,0.04125351458787918
4053,65.0,1975,2.071779489517212,,0.1551229041069746,0.04245501011610031
4054,31.0,1238,1.267174482345581,,0.0761387450620532,0.02141777239739895
4055,42.0,1339,1.4228615760803223,,0.14086150750517845,0.02976958453655243
4056,33.0,1116,1.1440484523773193,,0.1414424553513527,0.05143886059522629
4057,31.0,1053,1.093414068222046,,0.10601198114454746,0.03015056625008583
4058,33.0,1037,1.0752837657928467,,0.08428941573947668,0.00792762078344822
4059,45.0,1266,1.2994956970214844,,0.0912825632840395,0.00796394795179367
4060,31.0,1007,1.0534117221832275,,0.24908456206321716,0.08994191884994507
4061,33.0,907,0.9666252136230469,,0.10967761930078268,0.027097534388303757
4062,31.0,1087,1.1192655563354492,,0.09036105498671532,0.027007391676306725
4063,56.0,1570,1.6406421661376953,,0.07300547044724226,0.0007405951619148254
4064,32.0,1173,1.2495641708374023,,0.05869954777881503,0.0004187915474176407
4065,32.0,1127,1.1540637016296387,,0.12868112418800592,0.04749381169676781
4066,34.0,985,1.0217373371124268,,0.06348998658359051,0.024108506739139557
4067,35.0,1272,1.2819006443023682,,0.07325834408402443,0.015372565016150475
4068,29.0,933,0.9804913997650146,,0.4171336516737938,0.17334286868572235
4069,31.0,1030,1.0616869926452637,,0.11334861069917679,0.02235664799809456
4070,32.0,1127,1.1504857540130615,,0.06534477462992072,0.004227420315146446
4071,33.0,804,0.860863447189331,,0.05429244600236416,-0.00031766295433044434
4072,40.0,1143,1.1757104396820068,,0.07883333880454302,0.013821227476000786
4073,20.0,555,0.5820174217224121,,0.19015317596495152,0.040782712399959564
4074,31.0,895,0.9463956356048584,,0.2000636551529169,0.07353965938091278
4075,40.0,1213,1.23758864402771,,0.1056524571031332,0.030341915786266327
4076,32.0,1117,1.1442921161651611,,0.29931152425706387,0.09151827543973923
4077,31.0,913,0.9701519012451172,,0.1486959382891655,0.026148706674575806
4078,32.0,755,0.8236641883850098,,0.10726719070225954,0.029221180826425552
4079,29.0,872,0.8665146827697754,,0.06022865138947964,-0.0074623338878154755
4080,65.0,1981,2.0703725814819336,,0.18705430626869202,0.06371091306209564
4081,32.0,1170,1.2508997917175293,,0.07059165090322495,-0.0008620955049991608
4082,33.0,938,0.9343557357788086,,0.040361158549785614,-0.006968734785914421
4083,32.0,1144,1.2339215278625488,,0.04429166950285435,-0.009512534365057945
4084,31.0,904,0.8967483043670654,,0.07218262366950512,-0.0013095028698444366
4085,33.0,996,1.0451793670654297,,0.0824464987963438,0.00028213486075401306
4086,31.0,1157,1.2489590644836426,,0.1619239840656519,0.04618467390537262
4087,27.0,886,0.8925356864929199,,0.05242047365754843,-0.02029968611896038
4088,32.0,1067,1.1125476360321045,,0.12335961312055588,0.02221684530377388
4089,32.0,1025,1.073045015335083,,0.0796165531501174,0.008126428350806236
4090,32.0,1194,1.2797136306762695,,0.10698802769184113,0.024102773517370224
4091,30.0,1065,1.1108043193817139,,0.12231968715786934,0.040392935276031494
4092,34.0,943,1.000091791152954,,0.08059696201235056,0.013853402808308601
4093,30.0,1043,1.094985008239746,,0.10294392891228199,0.025699254125356674
4094,61.0,1815,1.8814051151275635,,0.16332010738551617,0.03311633691191673
4095,53.0,1742,1.8657872676849365,,0.28055032156407833,0.0919918641448021
4096,33.0,963,0.9553177356719971,,0.2567934952676296,0.09551046788692474
4097,31.0,1136,1.230081558227539,,0.13251730985939503,0.04051284119486809
4098,41.0,1217,1.2545843124389648,,0.06956132128834724,0.0065308865159749985
4099,32.0,912,0.9675822257995605,,0.3025636803358793,0.10497079789638519
4100,32.0,1058,1.095970869064331,,0.07465287297964096,0.01873832195997238
4101,40.0,1453,1.526163101196289,,0.10090378671884537,0.008978534489870071
4102,33.0,1025,1.0713131427764893,,0.15512853488326073,0.0535547137260437
4103,29.0,1147,1.1823928356170654,,0.14661948382854462,0.03093559667468071
4104,30.0,946,1.0044493675231934,,0.14752991311252117,0.03739069029688835
4105,32.0,1183,1.2183723449707031,,0.13620171044021845,0.03576424717903137
4106,25.0,915,0.9762780666351318,,0.07667556311935186,0.011089745908975601
4107,34.0,863,0.9275622367858887,,0.15809829905629158,0.05773558095097542
4108,32.0,917,0.9126312732696533,,0.09040389955043793,0.004218652844429016
4109,32.0,1199,1.2898163795471191,,0.15624737367033958,0.057941485196352005
4110,33.0,960,1.010732889175415,,0.09096780885010958,0.01642385497689247
4111,33.0,913,0.9093735218048096,,0.05722225550562143,-0.013739868998527527
4112,48.0,1441,1.5315570831298828,,0.1339060915634036,0.04416689649224281
4113,21.0,605,0.6338622570037842,,0.21415606513619423,0.05947328358888626
4114,19.0,559,0.6481382846832275,,0.34217202477157116,0.0947992354631424
4115,31.0,1007,0.9962787628173828,,0.24312279745936394,0.08512427657842636
4116,30.0,943,0.9963424205780029,,0.08062181249260902,0.008589686825871468
4117,31.0,1159,1.2540760040283203,,0.0671178912743926,0.0021732673048973083
4118,32.0,859,0.8632574081420898,,0.07960055721923709,0.008971881121397018
4119,47.0,1214,1.3117222785949707,,0.17588434554636478,0.05113263428211212
4120,48.0,1441,1.473691701889038,,0.23663307540118694,0.07817212492227554
4121,33.0,1027,1.0703625679016113,,0.3576255217194557,0.12974241375923157
4122,30.0,843,0.9101204872131348,,0.13434299267828465,0.026654742658138275
4123,41.0,1281,1.3673932552337646,,0.06575801875442266,-0.003968439996242523
4124,33.0,911,0.9105122089385986,,0.3661909829825163,0.09040427207946777
4125,46.0,1239,1.335646629333496,,0.06223582522943616,0.011995311826467514
4126,33.0,979,1.0280027389526367,,0.3082276023924351,0.11639051139354706
4127,29.0,1022,1.0698914527893066,,0.10704797971993685,0.017900783568620682
4128,34.0,917,0.9635040760040283,,0.11296202428638935,0.020830970257520676
4129,31.0,1071,1.1094791889190674,,0.14295640587806702,0.03238215297460556
4130,30.0,1167,1.198657751083374,,0.11251924466341734,0.024804238229990005
4131,31.0,1153,1.1783063411712646,,0.07634074334055185,0.019566593691706657
4132,30.0,1281,1.3502333164215088,,0.04793446930125356,-0.016425326466560364
4133,30.0,933,0.9242348670959473,,0.04387372266501188,-0.017528604716062546
4134,31.0,909,0.9591958522796631,,0.1231420673429966,0.026020467281341553
4135,33.0,976,1.0243644714355469,,0.08966978918761015,0.01723846048116684
4136,32.0,1009,1.0513238906860352,,0.07639094814658165,0.013901136815547943
4137,30.0,1038,1.080547571182251,,0.08017060533165932,0.007401052862405777
4138,32.0,1120,1.155357837677002,,0.07213277043774724,0.006631061434745789
4139,32.0,1188,1.2806706428527832,,0.08757735881954432,0.014334570616483688
4140,33.0,997,1.0474298000335693,,0.12150776479393244,0.02941831946372986
4141,32.0,879,0.8823404312133789,,0.08503427915275097,0.011778339743614197
4142,32.0,1095,1.1360251903533936,,0.09705539420247078,0.006144266575574875
4143,37.0,1293,1.385519027709961,,0.08170894905924797,0.005606662482023239
4144,32.0,1173,1.203063726425171,,0.3206675797700882,0.12579728662967682
4145,51.0,1641,1.7156882286071777,,0.056266558822244406,0.00016079843044281006
4146,32.0,1052,1.1552984714508057,,0.09074119944125414,0.024929551407694817
4147,33.0,1025,1.0690312385559082,,0.09133767057210207,0.028726408258080482
4148,54.0,1764,1.8249640464782715,,0.08266935963183641,0.002917855978012085
4149,57.0,1929,2.0495800971984863,,0.387996394187212,0.16194039583206177
4150,33.0,979,1.0223093032836914,,0.11461547948420048,0.0300685353577137
4151,29.0,846,0.8553738594055176,,0.08232471812516451,0.010260174050927162
4152,32.0,849,0.9130940437316895,,0.12112993653863668,0.030314169824123383
4153,31.0,1084,1.1230216026306152,,0.08575638476759195,0.011963896453380585
4154,32.0,1041,1.0860424041748047,,0.07568444916978478,0.01853921264410019
4155,32.0,1084,1.1187572479248047,,0.11709184665232897,0.02979787439107895
4156,31.0,1186,1.2799279689788818,,0.12850241269916296,0.031679123640060425
4157,34.0,990,0.9773056507110596,,0.08875648863613605,0.003923419862985611
4158,30.0,957,1.0112321376800537,,0.08556782454252243,-0.0036441683769226074
4159,33.0,1031,1.079118013381958,,0.11867452040314674,0.03579157218337059
4160,29.0,1027,1.0780036449432373,,0.11359683237969875,0.02736322022974491
4161,34.0,953,1.00986909866333,,0.1120753362774849,0.027388524264097214
4162,33.0,931,0.9875032901763916,,0.12181939650326967,0.02844848297536373
4163,31.0,1013,1.064324140548706,,0.14743857271969318,0.043578386306762695
4164,22.0,870,0.9430310726165771,,0.2288115881383419,0.0834416076540947
4165,31.0,1058,1.1155247688293457,,0.28161568753421307,0.11158962547779083
4166,33.0,1151,1.194502353668213,,0.1730616483837366,0.052944958209991455
4167,31.0,929,0.992680549621582,,0.07920897845178843,0.0032385289669036865
4168,32.0,1013,1.0666840076446533,,0.15618879348039627,0.06692857295274734
4169,43.0,1345,1.3790264129638672,,0.12367574498057365,0.038678716868162155
4170,31.0,1187,1.2812769412994385,,0.23898335918784142,0.08558820933103561
4171,31.0,1180,1.2140333652496338,,0.09279475174844265,0.02495793253183365
4172,19.0,673,0.696800947189331,,0.1313956519588828,0.04277774319052696
4173,33.0,1206,1.292766809463501,,0.2297997698187828,0.08648472279310226
4174,32.0,1161,1.2003204822540283,,0.10824215598404408,0.016585320234298706
4175,34.0,947,1.0000581741333008,,0.16386058181524277,0.055127400904893875
4176,54.0,1708,1.7854464054107666,,0.22959880717098713,0.08812171965837479
4177,32.0,1123,1.1635684967041016,,0.27731836400926113,0.09606368094682693
4178,30.0,1087,1.1896517276763916,,0.11344828456640244,0.01706668920814991
4179,31.0,1173,1.206739902496338,,0.13111595902591944,0.04577892646193504
4180,38.0,1259,1.291330337524414,,0.07660396210849285,0.015014223754405975
4181,30.0,1151,1.2427444458007812,,0.1501875389367342,0.03454786539077759
4182,55.0,1903,1.9494709968566895,,0.10869111958891153,0.011506933718919754
4183,32.0,998,1.0443706512451172,,0.23689301498234272,0.06916375458240509
4184,48.0,1635,1.7049918174743652,,0.252066345885396,0.09323500841856003
4185,45.0,1351,1.4457874298095703,,0.16001628898084164,0.04468297213315964
4186,32.0,1023,1.067121982574463,,0.26295593939721584,0.09432323276996613
4187,47.0,1394,1.4801137447357178,,0.12634649593383074,0.02035842090845108
4188,30.0,933,0.9858686923980713,,0.27431386336684227,0.08300700783729553
4189,31.0,1204,1.2359559535980225,,0.11685239244252443,0.022610168904066086
4190,32.0,1164,1.1982989311218262,,0.08947150129824877,0.016060899943113327
4191,24.0,871,0.9382693767547607,,0.08916900213807821,0.02072225511074066
4192,27.0,763,0.7760686874389648,,0.3108733296394348,0.11661934107542038
4193,30.0,1030,1.0799648761749268,,0.26645675115287304,0.0869067832827568
4194,48.0,1636,1.7659270763397217,,0.1994941532611847,0.0830998569726944
4195,32.0,1264,1.2941768169403076,,0.17436431348323822,0.0541272908449173
4196,31.0,1104,1.1346313953399658,,0.146813178434968,0.040479082614183426
4197,26.0,843,0.912726879119873,,0.11141837574541569,0.03014659509062767
4198,63.0,1942,2.0367958545684814,,0.2778274305164814,0.08715972304344177
4199,31.0,1109,1.143653392791748,,0.18470055051147938,0.062275175005197525
4200,32.0,1015,1.059624433517456,,0.1852033045142889,0.06126096844673157
4201,33.0,986,1.0256941318511963,,0.141209633089602,0.041370976716279984
4202,32.0,1158,1.1896440982818604,,0.17223930545151234,0.04317125678062439
4203,32.0,1159,1.1895930767059326,,0.11426708940416574,0.03091786429286003
4204,31.0,1027,1.0645618438720703,,0.1416852967813611,0.05129816010594368
4205,24.0,735,0.8014733791351318,,0.10249018855392933,0.012829054147005081
4206,39.0,1193,1.228464126586914,,0.23454492911696434,0.08704834431409836
4207,32.0,1420,1.4797091484069824,,0.10880712140351534,0.022638913244009018
4208,30.0,1021,1.0632784366607666,,0.13588679768145084,0.05546038597822189
4209,30.0,1107,1.1421871185302734,,0.1888499315828085,0.0604221373796463
4210,31.0,1077,1.1130695343017578,,0.12662908528000116,0.03770618140697479
4211,34.0,989,1.033616304397583,,0.10865738149732351,0.021074384450912476
4212,31.0,964,1.0121257305145264,,0.12821162771433592,0.0326487235724926
4213,37.0,1277,1.3000147342681885,,0.08304331358522177,0.026962431147694588
4214,48.0,1311,1.4102256298065186,,0.09030506387352943,0.0057463012635707855
4215,33.0,987,1.035318374633789,,0.1570263635367155,0.0442570336163044
4216,32.0,1072,1.11668062210083,,0.12411971762776375,0.03840018808841705
4217,31.0,945,0.9974160194396973,,0.11341652739793062,0.03955502808094025
4218,31.0,1050,1.093621015548706,,0.11845304444432259,0.0379156693816185
4219,45.0,1591,1.6708557605743408,,0.0975371552631259,0.0039668008685112
4220,41.0,1309,1.335707426071167,,0.2606800813227892,0.08158056437969208
4221,34.0,801,0.8597497940063477,,0.37466707825660706,0.15949219465255737
4222,34.0,1172,1.1965203285217285,,0.1338864741846919,0.037674568593502045
4223,31.0,1275,1.361341953277588,,0.21564413234591484,0.06611283123493195
4224,28.0,896,0.9578042030334473,,0.09091357234865427,0.009873984381556511
4225,31.0,1155,1.1884691715240479,,0.096100814640522,0.025364071130752563
4226,36.0,1239,1.2632973194122314,,0.08490554708987474,0.011746402829885483
4227,32.0,842,0.9008677005767822,,0.23595191724598408,0.0811559185385704
4228,31.0,1281,1.3173198699951172,,0.19357942044734955,0.05630367249250412
4229,31.0,1118,1.2116193771362305,,0.09901155345141888,0.01788841374218464
4230,59.0,1669,1.731480360031128,,0.17321876622736454,0.03841448575258255
4231,34.0,975,1.0225329399108887,,0.27418490312993526,0.08396869897842407
4232,30.0,901,0.9558506011962891,,0.09929084964096546,0.028148747980594635
4233,32.0,1104,1.1461076736450195,,0.1519961068406701,0.037171125411987305
4234,33.0,781,0.7890474796295166,,0.07915045414119959,-0.0028787143528461456
4235,32.0,1055,1.0895659923553467,,0.09207069501280785,0.02049361541867256
4236,56.0,1843,1.9612319469451904,,0.24837364256381989,0.05880274623632431
4237,32.0,1126,1.1615047454833984,,0.24822556972503662,0.06352819502353668
4238,30.0,889,0.9391727447509766,,0.1039817351847887,0.027711212635040283
4239,32.0,1144,1.1902873516082764,,0.11116998828947544,0.0268462635576725
4240,30.0,957,1.0073325634002686,,0.0811930438503623,0.016906868666410446
4241,31.0,886,0.9418962001800537,,0.14022128097712994,0.05283893272280693
4242,20.0,609,0.633650541305542,,0.08330996241420507,0.0019103176891803741
4243,25.0,720,0.7318377494812012,,0.2505285907536745,0.10065347701311111
4244,54.0,1522,1.5949287414550781,,0.11370200850069523,0.0208025760948658
4245,32.0,979,1.0281639099121094,,0.24302536435425282,0.06035727262496948
4246,31.0,1001,1.0380604267120361,,0.08256452716886997,0.018953435122966766
4247,32.0,1144,1.1747424602508545,,0.08243771269917488,0.01149912178516388
4248,40.0,1161,1.2463200092315674,,0.1536101959645748,0.0325094610452652
4249,32.0,1126,1.1528069972991943,,0.12582565937191248,0.034881360828876495
4250,32.0,1027,1.0675408840179443,,0.2059985250234604,0.09450142830610275
4251,32.0,1363,1.3709304332733154,,0.1355965044349432,0.04265826568007469
4252,28.0,868,0.9297816753387451,,0.07873069867491722,0.010199284180998802
4253,31.0,1033,1.0713140964508057,,0.22287362441420555,0.08319743722677231
4254,42.0,1271,1.365915298461914,,0.11637969128787518,0.010876063257455826
4255,33.0,1035,1.0784916877746582,,0.20093189179897308,0.06893812119960785
4256,33.0,821,0.8207037448883057,,0.11547048296779394,0.0157034769654274
4257,32.0,887,0.9390263557434082,,0.13125916197896004,0.031076641753315926
4258,26.0,827,0.9023911952972412,,0.20612400583922863,0.08071150630712509
4259,31.0,1031,1.0725977420806885,,0.26564945466816425,0.13162262737751007
4260,31.0,1247,1.270681619644165,,0.15440174005925655,0.052302099764347076
4261,31.0,872,0.9270596504211426,,0.14919314347207546,0.034136537462472916
4262,66.0,2059,2.1272475719451904,,0.478799220174551,0.143019437789917
4263,32.0,982,1.030778169631958,,0.09104826301336288,0.011833231896162033
4264,27.0,933,0.9919760227203369,,0.12346746027469635,0.0341629683971405
4265,33.0,987,0.9788923263549805,,0.15712108463048935,0.05210521072149277
4266,39.0,1361,1.4509036540985107,,0.23603861220180988,0.09562088549137115
4267,32.0,987,1.0363645553588867,,0.2848835550248623,0.10462088882923126
4268,32.0,1116,1.1553869247436523,,0.0930403945967555,0.022303400561213493
4269,31.0,1270,1.3584482669830322,,0.12519172299653292,0.03262526914477348
4270,27.0,838,0.8434083461761475,,0.07892714347690344,0.010269679129123688
4271,31.0,1049,1.0857112407684326,,0.15061965212225914,0.04248730465769768
4272,28.0,969,1.0209038257598877,,0.09901246055960655,0.014394205063581467
4273,41.0,1159,1.254901647567749,,0.11642077099531889,0.028386078774929047
4274,31.0,957,0.9469196796417236,,0.33119844272732735,0.12475171685218811
4275,31.0,1074,1.1138114929199219,,0.10544988326728344,0.013272188603878021
4276,34.0,933,0.9882776737213135,,0.05944817140698433,-0.01083383895456791
4277,30.0,932,0.9872405529022217,,0.13194451667368412,0.03583605960011482
4278,34.0,842,0.9042294025421143,,0.11098739225417376,0.020359471440315247
4279,21.0,594,0.6262171268463135,,0.07975639682263136,0.005325082689523697
4280,31.0,1306,1.331113576889038,,0.23165680095553398,0.08469711244106293
4281,54.0,1603,1.7471511363983154,,0.20096518099308014,0.048588868230581284
4282,33.0,1037,1.0865788459777832,,0.16294047236442566,0.04488389939069748
4283,24.0,872,0.8752028942108154,,0.15273931436240673,0.028978433459997177
4284,31.0,1086,1.1226036548614502,,0.2060624621808529,0.06364744901657104
4285,32.0,1120,1.2088837623596191,,0.09303965885192156,0.01839151233434677
4286,33.0,1037,1.0826425552368164,,0.06256486615166068,0.007038827985525131
4287,51.0,1495,1.5733587741851807,,0.09887540992349386,0.006598468869924545
4288,45.0,1399,1.4224109649658203,,0.19450142607092857,0.09294035285711288
4289,32.0,1008,1.0507900714874268,,0.3457508645951748,0.11428339779376984
4290,32.0,1297,1.3620986938476562,,0.07785152271389961,0.008091647177934647
4291,34.0,781,0.7858994007110596,,0.08074419386684895,0.004027500748634338
4292,33.0,1101,1.1926462650299072,,0.1619771644473076,0.0622166246175766
4293,32.0,724,0.7327840328216553,,0.11879027727991343,0.014909759163856506
4294,30.0,875,0.938361406326294,,0.08447338081896305,0.010640397667884827
4295,53.0,1398,1.430572748184204,,0.10162024013698101,0.023065561428666115
4296,27.0,830,0.8942093849182129,,0.364957507699728,0.13882490992546082
4297,31.0,776,0.8436155319213867,,0.19001258723437786,0.05862005427479744
4298,32.0,1107,1.1528005599975586,,0.183555131778121,0.04649268463253975
4299,30.0,1030,1.0857503414154053,,0.08455077931284904,0.02339288592338562
4300,32.0,1008,1.0566468238830566,,0.14517626725137234,0.03410179913043976
4301,30.0,1005,1.053337812423706,,0.14507362619042397,0.051212526857852936
4302,33.0,1060,1.0985329151153564,,0.08383894991129637,0.012828119099140167
4303,33.0,1044,1.0888471603393555,,0.07405498530715704,0.02249528467655182
4304,32.0,1081,1.1255779266357422,,0.14346277806907892,0.05388409644365311
4305,31.0,985,1.0331408977508545,,0.10359663795679808,0.028462175279855728
4306,30.0,1007,1.0571658611297607,,0.09477725252509117,0.03362354263663292
4307,29.0,784,0.7971711158752441,,0.14090093411505222,0.023324962705373764
4308,33.0,880,0.9327554702758789,,0.11205515637993813,0.015140078961849213
4309,52.0,1559,1.6344940662384033,,0.13333724532276392,0.03346632793545723
4310,31.0,995,1.0394904613494873,,0.3351578935980797,0.11172709614038467
4311,33.0,885,0.937626838684082,,0.0625571608543396,0.016519665718078613
4312,32.0,1110,1.1375038623809814,,0.0714656300842762,0.015888694673776627
4313,33.0,884,0.9275064468383789,,0.08002273831516504,0.022520186379551888
4314,34.0,947,0.9390020370483398,,0.08316369168460369,0.004050306975841522
4315,67.0,2206,2.344607353210449,,0.2059868574142456,0.06555835902690887
4316,33.0,1213,1.2396700382232666,,0.1358684692531824,0.041166357696056366
4317,33.0,1033,1.076888084411621,,0.26076893135905266,0.09128478169441223
4318,28.0,849,0.9187865257263184,,0.1393253356218338,0.0432598777115345
4319,33.0,1151,1.1863839626312256,,0.1808884609490633,0.05206415429711342
4320,32.0,969,1.0110337734222412,,0.07820252422243357,0.020309390500187874
4321,31.0,914,0.9690332412719727,,0.06576561089605093,0.014322124421596527
4322,27.0,798,0.8058216571807861,,0.18908491171896458,0.05460400506854057
4323,15.0,833,0.8996906280517578,,0.2181508205831051,0.06225084140896797
4324,31.0,1081,1.117314338684082,,0.3608659915626049,0.1144104152917862
4325,31.0,1126,1.1668438911437988,,0.17762264609336853,0.06570659577846527
4326,23.0,843,0.9108734130859375,,0.1133881350979209,0.03498838469386101
4327,31.0,1025,1.0750877857208252,,0.14741457253694534,0.03909918665885925
4328,33.0,1143,1.183943271636963,,0.09606620762497187,0.02499815635383129
4329,27.0,775,0.8445196151733398,,0.2053979430347681,0.06410229206085205
4330,31.0,1078,1.1209959983825684,,0.134744169190526,0.031016286462545395
4331,30.0,955,1.006072759628296,,0.10037295240908861,0.025382403284311295
4332,30.0,1159,1.187398910522461,,0.08565167244523764,0.02975858561694622
4333,31.0,966,1.010594367980957,,0.06616710312664509,0.020652199164032936
4334,30.0,1026,1.0708329677581787,,0.08682780526578426,0.02483871951699257
4335,29.0,928,0.9891011714935303,,0.07794309360906482,0.013434257358312607
4336,32.0,1095,1.1397056579589844,,0.13083629868924618,0.02769928053021431
4337,62.0,2279,2.3584532737731934,,0.49351129680871964,0.2578090727329254
4338,53.0,1537,1.610236406326294,,0.060216411016881466,-0.004987584426999092
4339,31.0,1021,1.0746231079101562,,0.44855092838406563,0.2007325291633606
4340,45.0,1317,1.4094622135162354,,0.09283584542572498,0.014138773083686829
4341,33.0,1058,1.1052830219268799,,0.1711346060037613,0.0477532260119915
4342,33.0,1127,1.1693849563598633,,0.18010797537863255,0.06781754642724991
4343,33.0,1060,1.108686923980713,,0.08119104616343975,0.02092944085597992
4344,32.0,1387,1.4601664543151855,,0.10899998620152473,0.024981364607810974
4345,30.0,1000,1.0517299175262451,,0.16734974458813667,0.047890711575746536
4346,56.0,1516,1.5947306156158447,,0.22978714667260647,0.10009286552667618
4347,32.0,894,0.8920087814331055,,0.4105154573917389,0.14872893691062927
4348,46.0,1328,1.4191343784332275,,0.055148336570709944,0.0009272769093513489
4349,31.0,1131,1.154414415359497,,0.20211241766810417,0.07335274666547775
4350,33.0,999,1.042370319366455,,0.09299216419458389,0.019672388210892677
4351,34.0,1118,1.155961275100708,,0.08760736417025328,0.0263105109333992
4352,28.0,875,0.9362971782684326,,0.10129701253026724,0.02623477391898632
4353,31.0,1094,1.133528709411621,,0.1280647125095129,0.03211819380521774
4354,32.0,778,0.8379805088043213,,0.08264040015637875,0.022602003067731857
4355,27.0,805,0.8122866153717041,,0.05889289593324065,0.0031293313950300217
4356,34.0,889,0.9391593933105469,,0.19286895729601383,0.06026715040206909
4357,32.0,893,0.9517109394073486,,0.13318453915417194,0.03682662546634674
4358,32.0,1036,1.0730547904968262,,0.08722459152340889,0.008719351142644882
4359,32.0,990,1.0382554531097412,,0.07276407908648252,0.017415234819054604
4360,32.0,901,0.8959155082702637,,0.25253725051879883,0.06714493781328201
4361,32.0,987,1.0270733833312988,,0.12711581867188215,0.034402959048748016
4362,30.0,890,0.9436697959899902,,0.08403885923326015,0.0192231684923172
4363,33.0,1043,1.0823731422424316,,0.08617361914366484,0.022564690560102463
4364,30.0,947,0.9919579029083252,,0.08789498079568148,0.016690557822585106
4365,30.0,1023,1.062626600265503,,0.0806512413546443,0.030752334743738174
4366,68.0,2011,2.0989530086517334,,0.37587206810712814,0.17199257016181946
4367,30.0,1105,1.143237829208374,,0.17907854914665222,0.068015918135643
4368,29.0,931,0.9819819927215576,,0.10151281114667654,0.02515508607029915
4369,30.0,983,1.0288279056549072,,0.08486895821988583,0.02476554736495018
4370,32.0,1003,1.0491633415222168,,0.13182668294757605,0.054832905530929565
4371,29.0,910,0.9662468433380127,,0.13873688504099846,0.048394620418548584
4372,33.0,1077,1.1218271255493164,,0.13207808136940002,0.041277527809143066
4373,32.0,1089,1.128326654434204,,0.15195734985172749,0.05859074741601944
4374,33.0,895,0.9557652473449707,,0.0763428695499897,0.007515395060181618
4375,43.0,1351,1.3778016567230225,,0.1509568877518177,0.05827083811163902
4376,32.0,1193,1.2866926193237305,,0.10584132187068462,0.01609938219189644
4377,31.0,1080,1.1170151233673096,,0.2193399742245674,0.08549892902374268
4378,30.0,963,1.0070693492889404,,0.10349923744797707,0.03045363910496235
4379,32.0,1059,1.0951437950134277,,0.0971234142780304,0.0166255421936512
4380,49.0,1313,1.3462927341461182,,0.08017859142273664,0.0127987340092659
4381,30.0,1089,1.1218290328979492,,0.3170592561364174,0.12035855650901794
4382,29.0,979,1.0330393314361572,,0.10148377995938063,0.011863615363836288
4383,24.0,668,0.7447419166564941,,0.09372806455940008,0.018317557871341705
4384,31.0,1011,0.9992377758026123,,0.10709498077630997,0.018200207501649857
4385,63.0,1863,1.9575300216674805,,0.3007607739418745,0.06977267563343048
4386,29.0,1086,1.1235055923461914,,0.1630432065576315,0.04049405828118324
4387,34.0,962,1.0169720649719238,,0.10739915631711483,0.025524161756038666
4388,32.0,1127,1.1658897399902344,,0.07486964017152786,0.006613526493310928
4389,30.0,1035,1.0839600563049316,,0.136076713912189,0.0212823785841465
4390,55.0,1461,1.5421397686004639,,0.0907666515558958,0.016445139423012733
4391,34.0,831,0.894301176071167,,0.29409121721982956,0.10275173932313919
4392,32.0,973,1.017310380935669,,0.1030097734183073,0.026018114760518074
4393,32.0,1336,1.3566057682037354,,0.13899131398648024,0.032725200057029724
4394,30.0,1017,1.066310167312622,,0.08389390725642443,0.01267922855913639
4395,32.0,1241,1.3197622299194336,,0.10131245106458664,0.01635638251900673
4396,32.0,1088,1.1303977966308594,,0.07870089262723923,0.011034229770302773
4397,40.0,1200,1.2387070655822754,,0.08763842564076185,0.017911916598677635
4398,32.0,1005,1.0488576889038086,,0.49896328523755074,0.2207280993461609
4399,32.0,1016,1.0645251274108887,,0.0805654227733612,0.018739506602287292
4400,33.0,885,0.9478416442871094,,0.09533776342868805,0.01938842050731182
4401,31.0,903,0.9614222049713135,,0.0778788779862225,0.018852243199944496
4402,61.0,1538,1.614666223526001,,0.24844093807041645,0.07678987830877304
4403,29.0,885,0.8817765712738037,,0.402017317712307,0.16720320284366608
4404,32.0,1129,1.2188444137573242,,0.1154184564948082,0.03126184642314911
4405,31.0,911,0.9133105278015137,,0.07821147050708532,-0.0007772818207740784
4406,29.0,1067,1.1008784770965576,,0.11379689909517765,0.020670367404818535
4407,30.0,1152,1.235119104385376,,0.09230963792651892,0.022712484002113342
4408,31.0,999,1.0528807640075684,,0.11854212358593941,0.038711413741111755
4409,16.0,556,0.5838546752929688,,0.10433671064674854,0.013702403753995895
4410,54.0,1811,1.8612735271453857,,0.08873487822711468,0.0037046223878860474
4411,66.0,1918,2.0067553520202637,,0.4240177795290947,0.15479888021945953
4412,32.0,968,1.0119693279266357,,0.12696080934256315,0.03701954707503319
4413,30.0,935,0.9923269748687744,,0.12996447551995516,0.03036295436322689
4414,34.0,801,0.8124337196350098,,0.11348420660942793,0.01901112124323845
4415,30.0,952,1.0013935565948486,,0.12297060806304216,0.02819574996829033
4416,68.0,2063,2.1495440006256104,,0.1934212762862444,0.06376559287309647
4417,30.0,1039,1.076258659362793,,0.16306151077151299,0.03965229541063309
4418,32.0,1039,1.0778417587280273,,0.11999352462589741,0.030352912843227386
4419,34.0,986,1.0331785678863525,,0.08353480231016874,0.003458019345998764
4420,64.0,1912,2.0172743797302246,,0.36236950010061264,0.14884743094444275
4421,32.0,1281,1.3059320449829102,,0.247630774974823,0.09073346108198166
4422,31.0,1018,1.067523717880249,,0.11345058679580688,0.019145794212818146
4423,58.0,1721,1.8306565284729004,,0.23851561732590199,0.0633673295378685
4424,32.0,1111,1.147184133529663,,0.1905314363539219,0.06243716925382614
4425,33.0,1121,1.1612439155578613,,0.08417670801281929,0.011419322341680527
4426,33.0,1039,1.0928184986114502,,0.14028197154402733,0.03344566375017166
4427,39.0,1286,1.3873417377471924,,0.14096885174512863,0.029415596276521683
4428,30.0,999,1.047520637512207,,0.21996135264635086,0.0334194116294384
4429,54.0,1685,1.7537102699279785,,0.06573243206366897,-0.00927029363811016
4430,32.0,1097,1.1368987560272217,,0.1739417053759098,0.05354961007833481
4431,42.0,1229,1.2684261798858643,,0.0741056208498776,0.01363668218255043
4432,41.0,1187,1.2881264686584473,,0.07649252889677882,0.008056174963712692
4433,29.0,999,1.051607608795166,,0.10930895060300827,0.03973034396767616
4434,57.0,1778,1.8461918830871582,,0.2760971933603287,0.06782721728086472
4435,30.0,973,1.0294318199157715,,0.44242531061172485,0.1787623167037964
4436,30.0,1062,1.1123721599578857,,0.10349456686526537,0.02640349790453911
4437,63.0,1837,1.9551243782043457,,0.341441560536623,0.14343056082725525
4438,33.0,913,0.9678511619567871,,0.13338597305119038,0.03812827914953232
4439,32.0,973,0.9639682769775391,,0.05935947597026825,-0.008120246231555939
4440,31.0,1152,1.2461035251617432,,0.27661607041954994,0.1150481104850769
4441,52.0,1604,1.675264835357666,,0.04764757910743356,-0.015479367226362228
4442,32.0,811,0.8185765743255615,,0.36111222580075264,0.12356995046138763
4443,34.0,913,0.9672133922576904,,0.11183335538953543,0.018402524292469025
4444,29.0,1091,1.1349139213562012,,0.15789032727479935,0.025701530277729034
4445,51.0,1342,1.4325361251831055,,0.05944294622167945,0.002979479730129242
4446,30.0,1038,1.0798900127410889,,0.21431914530694485,0.07849284261465073
4447,28.0,1129,1.1697773933410645,,0.07442587427794933,0.007689248770475388
4448,30.0,993,1.0378649234771729,,0.1267018336802721,0.022865425795316696
4449,32.0,1205,1.2271151542663574,,0.06082264706492424,0.007381817325949669
4450,27.0,915,0.9743757247924805,,0.05007480317726731,-0.014232723042368889
4451,32.0,1044,1.0809917449951172,,0.16821779310703278,0.04493556544184685
4452,32.0,1025,1.0629901885986328,,0.0973708713427186,0.019487228244543076
4453,32.0,1133,1.2290723323822021,,0.21815719082951546,0.07732756435871124
4454,56.0,1692,1.7623953819274902,,0.22935190796852112,0.08572779595851898
4455,55.0,1827,1.8790130615234375,,0.12880983110517263,0.024822182953357697
4456,30.0,978,1.0251147747039795,,0.32489508390426636,0.1278049647808075
4457,29.0,1033,1.0850415229797363,,0.10831265337765217,0.024236176162958145
4458,32.0,891,0.9485859870910645,,0.140698853880167,0.02403072826564312
4459,31.0,1044,1.085170030593872,,0.09059322625398636,0.015337163582444191
4460,32.0,1419,1.4875328540802002,,0.08985363133251667,0.016872800886631012
4461,33.0,928,0.9785830974578857,,0.11255410593003035,0.03522999584674835
4462,33.0,951,1.0029582977294922,,0.10632659029215574,0.02043166384100914
4463,33.0,977,0.9661314487457275,,0.07796261552721262,-0.0029742419719696045
4464,33.0,989,1.0396380424499512,,0.06800098204985261,0.0033925846219062805
4465,28.0,1035,1.0872564315795898,,0.1465660985559225,0.03905588015913963
4466,54.0,1638,1.7627832889556885,,0.1859008725732565,0.05436468869447708
4467,30.0,1139,1.172231912612915,,0.3065398745238781,0.08456042408943176
4468,30.0,1077,1.1268270015716553,,0.1825996097177267,0.07087726145982742
4469,33.0,1068,1.1058743000030518,,0.0893131336197257,0.011519378051161766
4470,30.0,1035,1.0712511539459229,,0.14292547851800919,0.044125065207481384
4471,32.0,918,0.9751377105712891,,0.07563676964491606,0.012342579662799835
4472,30.0,885,0.9440250396728516,,0.14348929468542337,0.04148118197917938
4473,31.0,1102,1.1336419582366943,,0.10163534712046385,0.01853908970952034
4474,105.0,3314,3.420884609222412,,0.3234173245728016,0.15043577551841736
4475,66.0,1877,1.9834446907043457,,0.31757809594273567,0.12344196438789368
4476,33.0,1046,1.0970330238342285,,0.1497191395610571,0.04267840087413788
4477,53.0,1557,1.6234748363494873,,0.1067129634320736,0.015924658626317978
4478,31.0,907,0.9550352096557617,,0.23789766617119312,0.07305000722408295
4479,57.0,1704,1.7548096179962158,,0.16656728088855743,0.04609619826078415
4480,68.0,2091,2.1643226146698,,0.20576336234807968,0.06520223617553711
4481,30.0,1148,1.177234411239624,,0.19202406331896782,0.07087317109107971
4482,30.0,995,1.043823003768921,,0.16035577282309532,0.045870766043663025
4483,32.0,909,0.9673528671264648,,0.14538336265832186,0.038747042417526245
4484,32.0,938,0.9847357273101807,,0.16025499626994133,0.04701744019985199
4485,66.0,2137,2.213158369064331,,0.1926188338547945,0.07061885297298431
4486,32.0,894,0.951561450958252,,0.11394827719777822,0.024726107716560364
4487,34.0,961,1.0106112957000732,,0.10138668119907379,0.015900198370218277
4488,32.0,1062,1.096806526184082,,0.12468440271914005,0.02298666723072529
4489,33.0,896,0.9488041400909424,,0.06783623434603214,0.0037686433643102646
4490,32.0,766,0.7730169296264648,,0.0986701576039195,0.02003435604274273
4491,32.0,1075,1.1178905963897705,,0.09754260256886482,0.010158911347389221
4492,31.0,1201,1.2220656871795654,,0.08923692256212234,0.013218110427260399
4493,34.0,915,0.9674479961395264,,0.04405762441456318,-0.01848754473030567
4494,31.0,924,0.9798257350921631,,0.11401383113116026,0.018849406391382217
4495,32.0,837,0.8979382514953613,,0.09465497452765703,0.012109450995922089
4496,31.0,974,1.0187270641326904,,0.07652260269969702,0.018397342413663864
4497,57.0,1957,2.00150465965271,,0.3431077376008034,0.08973212540149689
4498,29.0,1051,1.0956642627716064,,0.20053328946232796,0.06284737586975098
4499,32.0,1029,1.0656960010528564,,0.07498731929808855,-0.00038020312786102295
4500,63.0,1832,1.939192533493042,,0.2109127901494503,0.07375425845384598
4501,31.0,1047,1.0867087841033936,,0.1855338290333748,0.0648856908082962
4502,31.0,907,0.9617338180541992,,0.1038906080648303,0.02264579012989998
4503,32.0,1004,1.048576831817627,,0.09575500525534153,0.028054438531398773
4504,30.0,982,1.0334312915802002,,0.07629928179085255,0.0063395872712135315
4505,62.0,1957,2.0589776039123535,,0.37726307287812233,0.18626362085342407
4506,30.0,981,0.9666945934295654,,0.15889648348093033,0.03902541846036911
4507,52.0,1921,2.0245022773742676,,0.047486542258411646,-0.019905351102352142
4508,32.0,1208,1.2970077991485596,,0.04136468470096588,-0.015277795493602753
4509,49.0,1389,1.4260320663452148,,0.21593745797872543,0.08226914703845978
4510,33.0,1002,1.049370288848877,,0.3819519653916359,0.1450093537569046
4511,62.0,1719,1.851423740386963,,0.34368418902158737,0.10154617577791214
4512,52.0,1336,1.3747549057006836,,0.11860888730734587,0.034943532198667526
4513,32.0,1199,1.3026869297027588,,0.1436162982136011,0.03543085977435112
4514,31.0,1133,1.165497064590454,,0.09487334825098515,0.023041188716888428
4515,30.0,1011,1.045088768005371,,0.07638696953654289,0.015661805868148804
4516,27.0,916,0.9775605201721191,,0.17868544161319733,0.0667622834444046
4517,32.0,1113,1.1426303386688232,,0.08638517837971449,0.028679411858320236
4518,63.0,2001,2.099581718444824,,0.2349835019558668,0.07469076663255692
4519,67.0,2015,2.1087074279785156,,0.28262847661972046,0.10766839981079102
4520,33.0,1095,1.13191556930542,,0.06740372441709042,0.017332809045910835
4521,49.0,1665,1.734015703201294,,0.0883439751341939,0.009713571518659592
4522,32.0,875,0.9348306655883789,,0.25751538947224617,0.07940942049026489
4523,34.0,1143,1.1781737804412842,,0.13287649676203728,0.040929585695266724
4524,46.0,1391,1.4758307933807373,,0.11527394410222769,0.021608799695968628
4525,32.0,1187,1.2084791660308838,,0.19385326467454433,0.06185229495167732
4526,30.0,1027,1.0626449584960938,,0.13086451217532158,0.036479271948337555
4527,9.0,378,0.4163663387298584,,0.13379635848104954,0.03439030051231384
4528,34.0,911,0.9026165008544922,,0.19284790568053722,0.05741676315665245
4529,20.0,626,0.7039213180541992,,0.11817751824855804,0.0053978003561496735
4530,33.0,1206,1.228804349899292,,0.20689675398170948,0.07732708752155304
4531,31.0,1109,1.149834156036377,,0.3041726481169462,0.10936221480369568
4532,32.0,1041,1.0840611457824707,,0.12760408595204353,0.03347574174404144
4533,61.0,1981,2.0789010524749756,,0.28100681863725185,0.12093998491764069
4534,31.0,1265,1.352940320968628,,0.2099677063524723,0.09864173829555511
4535,14.0,566,0.6025338172912598,,0.09218703582882881,-0.005187835544347763
4536,32.0,880,0.876192569732666,,0.292654886841774,0.08870650082826614
4537,31.0,1120,1.2150020599365234,,0.1530751734972,0.04934599623084068
4538,32.0,1083,1.1227717399597168,,0.14286991953849792,0.03515243157744408
4539,27.0,963,1.0144107341766357,,0.12417636718600988,0.02609439194202423
4540,32.0,1252,1.2764296531677246,,0.18205629475414753,0.045752666890621185
4541,30.0,941,0.9955480098724365,,0.1769669819623232,0.044918160885572433
4542,31.0,1177,1.2133400440216064,,0.09004135243594646,0.00855211354792118
4543,32.0,1149,1.180596113204956,,0.07095646671950817,-0.0040002427995204926
4544,55.0,1727,1.836024522781372,,0.09743187576532364,-0.0011053159832954407
4545,31.0,1227,1.250169277191162,,0.28354017809033394,0.09217537939548492
4546,32.0,814,0.8717765808105469,,0.09488569293171167,0.02713816612958908
4547,30.0,1011,1.052189588546753,,0.09516048617660999,0.021232321858406067
4548,27.0,883,0.8900635242462158,,0.10810016561299562,0.010643623769283295
4549,12.0,570,0.6556251049041748,,0.19225576147437096,0.04524415731430054
4550,31.0,1093,1.1290922164916992,,0.25251470506191254,0.08216602355241776
4551,4.0,375,0.356278657913208,,0.25251470506191254,0.08216602355241776
4552,30.0,1086,1.1799561977386475,,0.12427078746259212,0.03580162301659584
4553,31.0,913,0.9056582450866699,,0.15210246853530407,0.03025912493467331
4554,19.0,631,0.7094316482543945,,0.12964657973498106,0.030639909207820892
4555,29.0,1100,1.1382200717926025,,0.2791656479239464,0.11980321258306503
4556,27.0,935,0.9875802993774414,,0.19913039542734623,0.05072077363729477
4557,29.0,1077,1.1197209358215332,,0.2362509723752737,0.07371662557125092
4558,27.0,905,0.9048936367034912,,0.12459439970552921,0.03751404583454132
4559,32.0,1204,1.2934060096740723,,0.22440597042441368,0.08987131714820862
4560,31.0,1019,1.0631141662597656,,0.2114171702414751,0.07594265043735504
4561,32.0,990,1.0358712673187256,,0.11177063174545765,0.01778613030910492
4562,30.0,974,1.0217008590698242,,0.11862756311893463,0.04097062349319458
4563,32.0,1184,1.2274529933929443,,0.16318269073963165,0.04402509704232216
4564,34.0,1090,1.1290724277496338,,0.09104820061475039,0.01093926653265953
4565,33.0,1152,1.1746084690093994,,0.1164809251204133,0.019522646442055702
4566,26.0,780,0.8569490909576416,,0.09631456155329943,0.018965480849146843
4567,31.0,978,1.0311915874481201,,0.1492644427344203,0.041735775768756866
4568,30.0,998,1.0565037727355957,,0.33791112154722214,0.14238256216049194
4569,63.0,1920,1.985149621963501,,0.15668611973524094,0.0448751263320446
4570,22.0,893,0.9646263122558594,,0.1864521224051714,0.04965588077902794
4571,63.0,1939,2.0477216243743896,,0.2517139334231615,0.10308980941772461
4572,57.0,1753,1.8121607303619385,,0.11175181623548269,0.01901959627866745
4573,29.0,1091,1.1979632377624512,,0.35155850276350975,0.14162175357341766
4574,32.0,973,0.9613850116729736,,0.10654123034328222,0.008334912359714508
4575,28.0,917,0.9780154228210449,,0.08891946356743574,0.0005448348820209503
4576,30.0,988,1.0376012325286865,,0.13793292455375195,0.041126955300569534
4577,33.0,980,1.0221903324127197,,0.10608365014195442,0.021568134427070618
4578,9.0,399,0.4369850158691406,,0.09521727822721004,0.0108521468937397
4579,58.0,1737,1.7889816761016846,,0.12937275413423777,0.022950025275349617
4580,11.0,559,0.5901088714599609,,0.2502443939447403,0.07164207845926285
4581,9.0,397,0.44028520584106445,,0.32614492252469063,0.12008486688137054
4582,32.0,1109,1.1527488231658936,,0.3734798915684223,0.1720123142004013
4583,31.0,909,0.9677801132202148,,0.12378429714590311,0.04567193239927292
4584,24.0,799,0.8766655921936035,,0.17102588713169098,0.053620245307683945
4585,32.0,1366,1.38612961769104,,0.2654503583908081,0.08660659939050674
4586,26.0,969,1.0292761325836182,,0.09184817504137754,0.0029827430844306946
4587,64.0,2101,2.1947996616363525,,0.23407050967216492,0.0670168399810791
4588,30.0,1133,1.172041654586792,,0.16222821362316608,0.04476286470890045
4589,29.0,1095,1.1951627731323242,,0.17883672192692757,0.043436139822006226
4590,32.0,1276,1.297436237335205,,0.1900913529098034,0.05881175026297569
4591,28.0,1021,1.0777232646942139,,0.16315412148833275,0.058357395231723785
4592,32.0,1289,1.3579010963439941,,0.08104313164949417,0.0018043182790279388
4593,32.0,1095,1.1391782760620117,,0.1558582689613104,0.057167813181877136
4594,5.0,440,0.4774966239929199,,0.11204326618462801,0.0187813863158226
4595,25.0,960,0.959094762802124,,0.39444878324866295,0.1359323114156723
4596,23.0,931,0.9979488849639893,,0.16273776255548,0.04285692423582077
4597,18.0,643,0.7286441326141357,,0.10278586857020855,0.005536437034606934
4598,31.0,1114,1.1462395191192627,,0.3132604509592056,0.13912521302700043
4599,32.0,1131,1.1588695049285889,,0.18920989334583282,0.06870214641094208
4600,30.0,1152,1.1907620429992676,,0.0970840286463499,0.021214615553617477
4601,30.0,1137,1.172814130783081,,0.09313233848661184,0.02030213549733162
4602,34.0,1073,1.1679630279541016,,0.07740950677543879,0.003466334193944931
4603,35.0,1139,1.1779968738555908,,0.13742969185113907,0.04931644722819328
4604,25.0,926,0.992537260055542,,0.14137902483344078,0.04044783487915993
4605,21.0,672,0.6968936920166016,,0.17947120778262615,0.05673319101333618
4606,32.0,1189,1.2241499423980713,,0.3368072174489498,0.136585995554924
4607,27.0,823,0.884390115737915,,0.11735487636178732,0.029059268534183502
4608,28.0,884,0.9583499431610107,,0.10754781030118465,0.018208064138889313
4609,29.0,956,0.9608755111694336,,0.152963288128376,0.02429230883717537
4610,59.0,1624,1.7555646896362305,,0.2040972113609314,0.06595444679260254
4611,32.0,1172,1.2102940082550049,,0.14793134201318026,0.049075834453105927
4612,32.0,1084,1.123795986175537,,0.16274723783135414,0.05514199286699295
4613,31.0,1171,1.2073304653167725,,0.31240181624889374,0.13273802399635315
4614,32.0,1090,1.1264374256134033,,0.08287475630640984,0.0002224445343017578
4615,28.0,860,0.9288680553436279,,0.11962066683918238,0.04132946580648422
4616,33.0,1203,1.240992546081543,,0.13278428558260202,0.0340912863612175
4617,32.0,1244,1.3372352123260498,,0.1709049753844738,0.04710416495800018
4618,30.0,1092,1.13502836227417,,0.15843495726585388,0.04620102047920227
4619,52.0,1684,1.7554101943969727,,0.15823237784206867,0.041539184749126434
4620,19.0,1021,1.079951524734497,,0.3257428891956806,0.11381072551012039
4621,26.0,1081,1.1349740028381348,,0.269841181114316,0.09532914310693741
4622,31.0,1214,1.3078587055206299,,0.13500098884105682,0.03847905248403549
4623,32.0,1267,1.2890777587890625,,0.17132878676056862,0.057458680123090744
4624,29.0,970,1.0198280811309814,,0.0693914731964469,0.009631354361772537
4625,30.0,1193,1.2285065650939941,,0.12464640289545059,0.03786949813365936
4626,33.0,933,0.981856107711792,,0.08649026323109865,0.006266582757234573
4627,30.0,1031,1.073326826095581,,0.12236509006470442,0.03381156176328659
4628,32.0,1156,1.236131191253662,,0.12183724623173475,0.019369829446077347
4629,29.0,995,0.9887166023254395,,0.11929248552769423,0.027000393718481064
4630,32.0,918,0.9698033332824707,,0.09732457343488932,0.0064455680549144745
4631,32.0,1155,1.244952917098999,,0.16472051478922367,0.035453904420137405
4632,32.0,1087,1.120485544204712,,0.18240082263946533,0.050234921276569366
4633,26.0,859,0.865201473236084,,0.08642596285790205,-0.0020691528916358948
4634,64.0,1853,1.9514729976654053,,0.26090493984520435,0.08162688463926315
4635,29.0,1256,1.2839324474334717,,0.1844945177435875,0.060394685715436935
4636,32.0,1103,1.2044353485107422,,0.1338425688445568,0.02950439602136612
4637,32.0,1155,1.180934190750122,,0.15391967073082924,0.05628097429871559
4638,53.0,1457,1.5387277603149414,,0.25511157512664795,0.07478675246238708
4639,33.0,1088,1.1157288551330566,,0.2776322029531002,0.08631348609924316
4640,31.0,1046,1.0813345909118652,,0.08570795226842165,0.01590675301849842
4641,29.0,935,0.9883856773376465,,0.07615011837333441,0.02152884192764759
4642,31.0,1091,1.1274025440216064,,0.13114331662654877,0.022591765969991684
4643,32.0,1190,1.2279009819030762,,0.11480357963591814,0.027492705732584
4644,32.0,977,1.0310869216918945,,0.07607412897050381,0.014293024316430092
4645,31.0,1060,1.1152045726776123,,0.11062174011021852,0.02711331844329834
4646,29.0,985,1.055755376815796,,0.14363479241728783,0.04275074601173401
4647,29.0,1015,1.0729990005493164,,0.195827454328537,0.04741000384092331
4648,33.0,1081,1.129638671875,,0.21256675943732262,0.05893150344491005
4649,29.0,987,1.0473260879516602,,0.45923758298158646,0.16860058903694153
4650,30.0,1419,1.4855303764343262,,0.13440557196736336,0.013471052050590515
4651,32.0,1094,1.1380784511566162,,0.12357090320438147,0.03474561870098114
4652,32.0,1289,1.3145179748535156,,0.14164703153073788,0.03860592097043991
4653,30.0,1087,1.1946964263916016,,0.2954323925077915,0.1114770919084549
4654,29.0,1135,1.179142951965332,,0.23540167696774006,0.07877855747938156
4655,34.0,935,0.9926142692565918,,0.22284262254834175,0.07122215628623962
4656,31.0,1028,1.0743424892425537,,0.16140798944979906,0.047343507409095764
4657,29.0,1097,1.1512279510498047,,0.3228849060833454,0.10798937827348709
4658,33.0,1229,1.265230655670166,,0.11922041233628988,0.027794422581791878
4659,4.0,334,0.37906670570373535,,0.12350380700081587,0.020280323922634125
4660,32.0,1155,1.1833689212799072,,0.5386231243610382,0.22079530358314514
4661,27.0,972,1.0407330989837646,,0.12527339346706867,0.04158284142613411
4662,30.0,1036,1.0845167636871338,,0.2387810591608286,0.0785575658082962
4663,34.0,994,1.040191650390625,,0.160882405936718,0.04679182916879654
4664,33.0,1097,1.139073371887207,,0.11606497503817081,0.019525088369846344
4665,28.0,1111,1.1558594703674316,,0.18307402171194553,0.060864467173814774
4666,31.0,1030,1.0769052505493164,,0.12065864726901054,0.029655572026968002
4667,55.0,1456,1.5426688194274902,,0.14132702630013227,0.02438243106007576
4668,33.0,1040,1.0917015075683594,,0.36405201628804207,0.10778815299272537
4669,25.0,850,0.9187254905700684,,0.10185117460787296,0.025205424055457115
4670,57.0,1475,1.5715854167938232,,0.15071438066661358,0.02806408330798149
4671,31.0,1001,1.059004783630371,,0.32357751205563545,0.13449659943580627
4672,32.0,1138,1.1746323108673096,,0.09410009253770113,0.02323421835899353
4673,32.0,1236,1.2706472873687744,,0.17846625111997128,0.05325279012322426
4674,30.0,1058,1.119049310684204,,0.06594997551292181,0.0011195652186870575
4675,40.0,1347,1.433131217956543,,0.21462841890752316,0.06635265052318573
4676,58.0,1911,2.025303840637207,,0.26000298745930195,0.09921970963478088
4677,31.0,1094,1.1395483016967773,,0.18283236399292946,0.05465210601687431
4678,51.0,1406,1.5001728534698486,,0.13559861667454243,0.032393068075180054
4679,32.0,1323,1.3592803478240967,,0.2512586135417223,0.08703963458538055
4680,30.0,1185,1.2271137237548828,,0.10409087408334017,0.01912263035774231
4681,27.0,851,0.924830436706543,,0.12832986190915108,0.033026840537786484
4682,30.0,1039,1.0893337726593018,,0.2850930951535702,0.10153363645076752
4683,46.0,1403,1.4906373023986816,,0.09910145867615938,0.010716043412685394
4684,27.0,1009,1.06697416305542,,0.33364609256386757,0.1291254758834839
4685,39.0,1201,1.2430200576782227,,0.14478697255253792,0.04227682948112488
4686,37.0,1276,1.361628770828247,,0.05939315212890506,-0.003110785037279129
4687,50.0,1243,1.29140043258667,,0.20076501183211803,0.060949474573135376
4688,21.0,614,0.6405630111694336,,0.34237170591950417,0.12537340819835663
4689,29.0,1115,1.214463710784912,,0.21479419991374016,0.07209694385528564
4690,30.0,1176,1.2129154205322266,,0.1892254613339901,0.05042332783341408
4691,28.0,1031,1.0838518142700195,,0.37582675740122795,0.13531088829040527
4692,30.0,977,1.0347821712493896,,0.13980477955192327,0.04235045611858368
4693,32.0,878,0.8834044933319092,,0.11120527982711792,0.011688213795423508
4694,19.0,789,0.8664200305938721,,0.15581143647432327,0.04678310453891754
4695,29.0,1029,1.0841972827911377,,0.23758330009877682,0.07460305839776993
4696,33.0,970,1.0256130695343018,,0.0867157680913806,0.01743382401764393
4697,30.0,971,1.0318257808685303,,0.18277039937675,0.06767609715461731
4698,32.0,955,1.0166914463043213,,0.1347792185842991,0.040848881006240845
4699,32.0,1022,1.0703744888305664,,0.11164619866758585,0.03753010928630829
4700,32.0,1115,1.1523144245147705,,0.19963202625513077,0.07861262559890747
4701,10.0,504,0.544074535369873,,0.08840993698686361,0.010652218014001846
4702,29.0,971,1.040381908416748,,0.2264097798615694,0.07398723065853119
4703,33.0,979,1.0353899002075195,,0.12633379083126783,0.046962812542915344
4704,34.0,993,1.046454668045044,,0.11920673958957195,0.03604825958609581
4705,32.0,949,0.9380917549133301,,0.11858368944376707,0.014267046004533768
4706,32.0,1237,1.3396251201629639,,0.1880737654864788,0.06644497066736221
4707,32.0,1317,1.3525159358978271,,0.2874344903975725,0.10106103867292404
4708,32.0,1128,1.2348077297210693,,0.12799684330821037,0.024728622287511826
4709,15.0,539,0.5737810134887695,,0.12624587398022413,0.01828327775001526
4710,30.0,1197,1.2440295219421387,,0.2837012931704521,0.11329721659421921
4711,33.0,1252,1.2782046794891357,,0.10970538388937712,0.02113458700478077
4712,33.0,1135,1.2374076843261719,,0.19374547339975834,0.06999273598194122
4713,31.0,901,0.8954834938049316,,0.07449672091752291,-0.000496305525302887
4714,31.0,1313,1.4053540229797363,,0.2780369035899639,0.09907896816730499
4715,32.0,977,1.0320532321929932,,0.0772770382463932,0.01470835693180561
4716,9.0,447,0.4858713150024414,,0.1465470278635621,0.02373151108622551
4717,34.0,1002,1.0612971782684326,,0.17786571383476257,0.0532587468624115
4718,33.0,1115,1.1581385135650635,,0.1302662556990981,0.03159181401133537
4719,53.0,1579,1.6634960174560547,,0.12407878320664167,0.013476382941007614
4720,29.0,1065,1.1139795780181885,,0.3329991362988949,0.12786993384361267
4721,33.0,1165,1.2080843448638916,,0.1493438482284546,0.037723734974861145
4722,8.0,381,0.42469167709350586,,0.3004998452961445,0.12432141602039337
4723,39.0,1316,1.4078388214111328,,0.2132155504077673,0.08699581772089005
4724,31.0,971,1.030944585800171,,0.15200559049844742,0.04726700112223625
4725,29.0,1222,1.258415699005127,,0.19028135761618614,0.06481516361236572
4726,40.0,1241,1.2867627143859863,,0.16075575910508633,0.05066802725195885
4727,26.0,960,1.0237407684326172,,0.4187011905014515,0.14623983204364777
4728,30.0,1017,1.0737977027893066,,0.234988771378994,0.05237042158842087
4729,33.0,993,1.044952392578125,,0.13433959614485502,0.025051109492778778
4730,30.0,1179,1.226900577545166,,0.16597441211342812,0.0706329271197319
4731,32.0,1169,1.2632582187652588,,0.16246328875422478,0.04503612965345383
4732,32.0,1052,1.0961759090423584,,0.11368358973413706,0.03129797428846359
4733,30.0,1037,1.0867888927459717,,0.1028602970764041,0.02227984182536602
4734,26.0,838,0.8503818511962891,,0.11770135629922152,0.015429042279720306
4735,31.0,1204,1.305589199066162,,0.250376733019948,0.08853068202733994
4736,30.0,1079,1.1288294792175293,,0.27096571400761604,0.0908866673707962
4737,32.0,936,0.9919919967651367,,0.11709266621619463,0.027255872264504433
4738,53.0,1471,1.5497398376464844,,0.15255017951130867,0.033655598759651184
4739,32.0,1200,1.2245607376098633,,0.44886230677366257,0.2061784714460373
4740,17.0,631,0.6586978435516357,,0.10567103046923876,0.003583654761314392
4741,32.0,878,0.942814826965332,,0.2118135765194893,0.058852195739746094
4742,30.0,1117,1.1558332443237305,,0.10652163904160261,0.014940164983272552
4743,35.0,1059,1.1075890064239502,,0.07190636079758406,0.0011328011751174927
4744,30.0,1355,1.4361417293548584,,0.23274736665189266,0.05801282078027725
4745,48.0,1392,1.4778492450714111,,0.16728191822767258,0.054316215217113495
4746,32.0,1307,1.3329496383666992,,0.21611223183572292,0.08257235586643219
4747,30.0,1004,1.052927017211914,,0.07553695794194937,0.014077689498662949
4748,33.0,1100,1.132213830947876,,0.1493197362869978,0.049809105694293976
4749,32.0,1066,1.1098105907440186,,0.13417637161910534,0.03406302630901337
4750,32.0,1148,1.250385046005249,,0.37659425288438797,0.13885802030563354
4751,33.0,1031,1.0753612518310547,,0.20200756192207336,0.07052008807659149
4752,29.0,814,0.8222370147705078,,0.11880564782768488,0.01498507708311081
4753,31.0,1076,1.1254477500915527,,0.14151178766041994,0.03786264359951019
4754,32.0,1111,1.1399734020233154,,0.11269939318299294,0.02243567630648613
4755,31.0,1168,1.256727695465088,,0.06935236696153879,0.005937881767749786
4756,34.0,993,1.0327506065368652,,0.08833931386470795,0.015664203092455864
4757,31.0,841,0.8494517803192139,,0.08918589074164629,0.018895404413342476
4758,32.0,1034,1.0802323818206787,,0.15969964303076267,0.042447932064533234
4759,32.0,963,1.0223679542541504,,0.09259812347590923,0.004861548542976379
4760,30.0,1071,1.1197271347045898,,0.1592592429369688,0.04216776043176651
4761,32.0,1184,1.2752690315246582,,0.11509398836642504,0.023293012753129005
4762,32.0,987,0.9725143909454346,,0.08360226359218359,0.009571164846420288
4763,30.0,1133,1.224571704864502,,0.09206932131201029,0.028977392241358757
4764,31.0,1173,1.1985092163085938,,0.0917547857388854,0.028263265267014503
4765,31.0,975,1.0231354236602783,,0.18189066089689732,0.07304099202156067
4766,32.0,967,1.004152774810791,,0.13477390259504318,0.044695157557725906
4767,34.0,1145,1.179105520248413,,0.10918374452739954,0.037277501076459885
4768,20.0,617,0.6455159187316895,,0.1891248058527708,0.04442416876554489
4769,26.0,981,1.0418250560760498,,0.27471121214330196,0.0960051417350769
4770,32.0,1219,1.3163723945617676,,0.16312047466635704,0.046666696667671204
4771,32.0,904,0.8999598026275635,,0.10679005738347769,0.011197637766599655
4772,30.0,1227,1.316676378250122,,0.16619513370096684,0.05448086932301521
4773,51.0,1477,1.5660161972045898,,0.22864962555468082,0.07686455547809601
4774,30.0,1154,1.1954245567321777,,0.14669038634747267,0.0477508008480072
4775,58.0,1839,1.8954744338989258,,0.13014334626495838,0.02573207952082157
4776,31.0,1102,1.1960816383361816,,0.17449608631432056,0.04830687493085861
4777,53.0,1732,1.7843217849731445,,0.2956572026014328,0.10926645994186401
4778,32.0,1033,1.0845551490783691,,0.25190489180386066,0.09042076021432877
4779,32.0,1156,1.1949317455291748,,0.16986034065485,0.05353895574808121
4780,32.0,819,0.8808815479278564,,0.09042877797037363,0.019786328077316284
4781,31.0,1069,1.1146824359893799,,0.09435148909687996,0.024047698825597763
4782,33.0,957,1.0079753398895264,,0.10191886220127344,0.012832356616854668
4783,33.0,1101,1.1434438228607178,,0.22043232433497906,0.07810270041227341
4784,31.0,1228,1.2686338424682617,,0.18883967213332653,0.0598912388086319
4785,33.0,816,0.8777098655700684,,0.1301167979836464,0.042719997465610504
4786,30.0,1178,1.2149126529693604,,0.21394199319183826,0.06896204501390457
4787,34.0,1103,1.1412086486816406,,0.07052711304277182,0.011914627626538277
4788,34.0,919,0.9775516986846924,,0.10121152736246586,0.020195577293634415
4789,65.0,1963,2.061577320098877,,0.2876361757516861,0.12708629667758942
4790,32.0,916,0.9728055000305176,,0.22423157840967178,0.07270383089780807
4791,32.0,1277,1.304459810256958,,0.15555737912654877,0.04074539989233017
4792,32.0,1025,1.063826084136963,,0.13721238542348146,0.04411124438047409
4793,43.0,1309,1.3909671306610107,,0.07212244905531406,0.0034901946783065796
4794,32.0,904,0.9558265209197998,,0.5168744549155235,0.18854328989982605
4795,33.0,939,0.935819149017334,,0.10664961393922567,0.0161549411714077
4796,32.0,762,0.8315706253051758,,0.07283420115709305,0.001835837960243225
4797,33.0,1149,1.198552131652832,,0.09341311920434237,0.021268630400300026
4798,34.0,890,0.9464752674102783,,0.1388702541589737,0.0396270826458931
4799,54.0,1382,1.4646682739257812,,0.05545793753117323,-0.01213042438030243
4800,31.0,979,1.0238192081451416,,0.38812460377812386,0.15387430787086487
4801,29.0,959,0.9552860260009766,,0.09173279628157616,0.00956198200583458
4802,33.0,919,0.973562479019165,,0.10262050572782755,0.019567545503377914
4803,32.0,1187,1.2710461616516113,,0.11505404394119978,0.026949189603328705
4804,31.0,1050,1.0908548831939697,,0.09944625943899155,0.02075604349374771
4805,34.0,921,0.917090892791748,,0.07736261561512947,-0.0001785382628440857
4806,33.0,917,0.970268964767456,,0.15252405032515526,0.043376777321100235
4807,33.0,833,0.8944277763366699,,0.08612675499171019,0.014362098649144173
4808,30.0,956,1.0073213577270508,,0.07384469173848629,0.013219207525253296
4809,34.0,1136,1.1752607822418213,,0.13567906618118286,0.04270520061254501
4810,31.0,947,0.9952685832977295,,0.08946495410054922,0.019536402076482773
4811,31.0,924,0.9780564308166504,,0.13885639980435371,0.04380452632904053
4812,31.0,961,0.9564132690429688,,0.06859300658106804,-0.0067217350006103516
4813,66.0,2017,2.107003927230835,,0.30702759325504303,0.0590723417699337
4814,33.0,814,0.8756368160247803,,0.1926336120814085,0.06150729954242706
4815,31.0,1248,1.2728731632232666,,0.07016542553901672,0.012135731056332588
4816,40.0,1417,1.4910919666290283,,0.06617084797471762,0.0019094571471214294
4817,34.0,887,0.9412238597869873,,0.4248906448483467,0.1331593096256256
4818,30.0,962,1.0102431774139404,,0.08064758032560349,0.028402356430888176
4819,33.0,1205,1.2280659675598145,,0.06946244789287448,0.002896146848797798
4820,32.0,1053,1.0943105220794678,,0.43629714474081993,0.19271153211593628
4821,32.0,1063,1.0999882221221924,,0.07746988255530596,0.013764441013336182
4822,33.0,1004,1.0466692447662354,,0.06152331409975886,0.0073446352034807205
4823,50.0,1435,1.517441987991333,,0.07149392133578658,-0.002046404406428337
4824,31.0,1021,1.0598151683807373,,0.1948062740266323,0.05745331197977066
4825,34.0,853,0.9089653491973877,,0.07585221249610186,0.016381071880459785
4826,32.0,1050,1.0866179466247559,,0.08009606413543224,0.024188432842493057
4827,64.0,1915,1.948503017425537,,0.22894238121807575,0.07284063845872879
4828,32.0,1033,1.0761582851409912,,0.1869671791791916,0.06271112710237503
4829,31.0,967,1.0172655582427979,,0.10082412324845791,0.009082213044166565
4830,33.0,1109,1.2049474716186523,,0.1354355663061142,0.04787711799144745
4831,30.0,994,0.9802289009094238,,0.05589916883036494,-0.022452428936958313
4832,33.0,931,0.9729814529418945,,0.09719653148204088,0.005619511008262634
4833,32.0,941,0.9891564846038818,,0.11422263830900192,0.019834373146295547
4834,32.0,1027,1.0779447555541992,,0.07258142996579409,0.010632473975419998
4835,33.0,1032,1.068063735961914,,0.09072012454271317,0.018344365060329437
4836,65.0,1780,1.8794026374816895,,0.28645089268684387,0.10355076193809509
4837,31.0,993,1.0297560691833496,,0.10322715621441603,0.024676203727722168
4838,66.0,2154,2.2151665687561035,,0.14969134330749512,0.03979310020804405
4839,34.0,825,0.8198680877685547,,0.18567300029098988,0.05346618592739105
4840,29.0,989,1.0337810516357422,,0.08329350501298904,0.014785552397370338
4841,29.0,945,0.9984686374664307,,0.14603934064507484,0.049046874046325684
4842,31.0,1085,1.117387294769287,,0.10463569220155478,-0.0009593889117240906
4843,30.0,932,0.9758965969085693,,0.0792190209031105,0.013890102505683899
4844,33.0,909,0.9526145458221436,,0.0844099372625351,0.009172085672616959
4845,60.0,1872,1.957895278930664,,0.564349789172411,0.21067704260349274
4846,50.0,1504,1.5159518718719482,,0.07199804484844208,0.017321789637207985
4847,32.0,1039,1.0721733570098877,,0.5031904689967632,0.1975124180316925
4848,46.0,1427,1.5024404525756836,,0.3978008143603802,0.1384970247745514
4849,60.0,1537,1.6087121963500977,,0.11264859046787024,0.020412243902683258
4850,12.0,432,0.4656193256378174,,0.35038431361317635,0.1319282054901123
4851,34.0,874,0.9229471683502197,,0.5586447194218636,0.23747049272060394
4852,31.0,1095,1.121314287185669,,0.11570265144109726,0.03893667832016945
4853,58.0,1614,1.6723277568817139,,0.08983288984745741,0.002674601972103119
4854,53.0,1517,1.5825281143188477,,0.0624485844746232,-0.00887608528137207
4855,32.0,1116,1.1386082172393799,,0.2673342563211918,0.0897754356265068
4856,29.0,998,1.039687156677246,,0.14330338593572378,0.020729441195726395
4857,33.0,788,0.846390962600708,,0.17585852928459644,0.05880044773221016
4858,30.0,1111,1.138803482055664,,0.06759315030649304,0.013684060424566269
4859,31.0,939,0.9773151874542236,,0.06559988064691424,0.016582883894443512
4860,32.0,954,0.9967978000640869,,0.05760891828685999,0.01637130416929722
4861,32.0,1050,1.0817654132843018,,0.07773892534896731,0.024607935920357704
4862,32.0,1076,1.1098859310150146,,0.11875410377979279,0.03642898052930832
4863,32.0,1027,1.062840461730957,,0.12085918057709932,0.04139458015561104
4864,31.0,1051,1.0859501361846924,,0.12582034524530172,0.035371772944927216
4865,31.0,926,0.9729065895080566,,0.2531233839690685,0.11204040050506592
4866,31.0,1062,1.091188907623291,,0.12099377531558275,0.04927422106266022
4867,35.0,1121,1.1512813568115234,,0.08187344670295715,0.019237469881772995
4868,33.0,940,0.9857633113861084,,0.4371335618197918,0.16486094892024994
4869,31.0,1022,1.0612781047821045,,0.10021190252155066,0.027035797014832497
4870,62.0,1735,1.781691551208496,,0.19135364703834057,0.041665591299533844
4871,29.0,988,1.0332708358764648,,0.23758133314549923,0.07289014756679535
4872,52.0,1618,1.6765398979187012,,0.06831839215010405,-0.007947266101837158
4873,32.0,1077,1.1089591979980469,,0.3260936737060547,0.10411173850297928
4874,64.0,2065,2.1347696781158447,,0.2213144674897194,0.07022020220756531
4875,33.0,953,0.9958479404449463,,0.1957266479730606,0.047049764543771744
4876,42.0,1506,1.572056531906128,,0.041122053284198046,-0.012612687423825264
4877,30.0,909,0.9640495777130127,,0.6414239779114723,0.2639818787574768
4878,58.0,1943,2.0371694564819336,,0.3247244134545326,0.11523261666297913
4879,42.0,1304,1.3180835247039795,,0.12793837301433086,0.03596464544534683
4880,34.0,855,0.9037973880767822,,0.2635361570864916,0.08872424811124802
4881,30.0,1207,1.2275688648223877,,0.10972914192825556,0.03535475581884384
4882,54.0,1592,1.6605021953582764,,0.07189969811588526,0.004185419529676437
4883,31.0,1107,1.2030565738677979,,0.03053172933869064,-0.0169132798910141
4884,33.0,1079,1.1200854778289795,,0.09305241610854864,0.020235246047377586
4885,31.0,1339,1.352745771408081,,0.18408701941370964,0.04888172075152397
4886,63.0,2154,2.2850990295410156,,0.2176399752497673,0.07115361094474792
4887,31.0,1213,1.2293694019317627,,0.08010059082880616,0.025605645030736923
4888,32.0,1197,1.24320387840271,,0.06223736144602299,0.016097862273454666
4889,30.0,955,1.0124192237854004,,0.07856354303658009,0.011169198900461197
4890,33.0,968,1.014671802520752,,0.0802061352878809,0.0179409421980381
4891,69.0,2121,2.200900077819824,,0.29120539128780365,0.1019938737154007
4892,32.0,1111,1.1559937000274658,,0.1970814373344183,0.06148041412234306
4893,34.0,971,1.022951602935791,,0.0758844381198287,0.009644994512200356
4894,47.0,1346,1.4378008842468262,,0.09761517401784658,0.002905413508415222
4895,32.0,1185,1.216216802597046,,0.13765544816851616,0.036932654678821564
4896,58.0,1796,1.9152708053588867,,0.2593346983194351,0.10049483180046082
4897,33.0,1018,1.0509984493255615,,0.15121621079742908,0.042363233864307404
4898,60.0,1974,2.000636100769043,,0.23646425269544125,0.08691395819187164
4899,29.0,1104,1.1970603466033936,,0.20145554468035698,0.07621913403272629
4900,33.0,935,0.9223756790161133,,0.0690784896723926,-0.012436959892511368
4901,30.0,1066,1.1544418334960938,,0.07961543928831816,0.015358716249465942
4902,51.0,1789,1.8459081649780273,,0.2195937242358923,0.0630892664194107
4903,32.0,814,0.8727743625640869,,0.2276887372136116,0.07285862416028976
4904,34.0,897,0.8892600536346436,,0.07334895804524422,-0.0017255023121833801
4905,56.0,1877,1.975001335144043,,0.1681754495948553,0.06323383748531342
4906,31.0,1129,1.156841516494751,,0.21300138719379902,0.07644776254892349
4907,33.0,1086,1.1187241077423096,,0.10821428894996643,0.01946694776415825
4908,33.0,1033,1.0780284404754639,,0.13461990095674992,0.04102655500173569
4909,32.0,1271,1.3500452041625977,,0.08943918813019991,0.01291893795132637
4910,56.0,1586,1.6603116989135742,,0.08766387216746807,0.013098018243908882
4911,58.0,1881,1.9920909404754639,,0.2838423065841198,0.09211981296539307
4912,30.0,1202,1.234241247177124,,0.26829174160957336,0.09529536217451096
4913,32.0,940,0.9853689670562744,,0.06922110263258219,0.01337391883134842
4914,49.0,1503,1.596872329711914,,0.1497153751552105,0.04683705419301987
4915,40.0,1501,1.5703771114349365,,0.13386178389191628,0.029371853917837143
4916,59.0,1682,1.7419981956481934,,0.14772158861160278,0.030989276245236397
4917,29.0,795,0.866018533706665,,0.31555984541773796,0.10805343836545944
4918,36.0,1085,1.1222643852233887,,0.09270075615495443,0.021302232518792152
4919,52.0,1336,1.3596439361572266,,0.1858150577172637,0.035595208406448364
4920,28.0,857,0.9127931594848633,,0.3182962089776993,0.1073811799287796
4921,33.0,1044,1.0788800716400146,,0.15141566842794418,0.046425431966781616
4922,50.0,1262,1.284513235092163,,0.10727085266262293,0.022727245464920998
4923,58.0,1733,1.8372743129730225,,0.19724984094500542,0.05363467335700989
4924,34.0,917,0.9704947471618652,,0.14660052675753832,0.02680492401123047
4925,33.0,1073,1.1171820163726807,,0.17257019504904747,0.06546612828969955
4926,34.0,849,0.8470907211303711,,0.09073958918452263,0.00173916295170784
4927,54.0,1475,1.5527722835540771,,0.032099852338433266,-0.015370652079582214
4928,33.0,993,1.0360183715820312,,0.40210575610399246,0.17707540094852448
4929,32.0,1032,1.0759227275848389,,0.07808311842381954,0.0071227457374334335
4930,57.0,1649,1.7221179008483887,,0.07874146942049265,0.009068865329027176
4931,32.0,1057,1.1006286144256592,,0.341977272182703,0.1049862653017044
4932,42.0,1225,1.3197669982910156,,0.1365182362496853,0.041189245879650116
4933,30.0,865,0.9297277927398682,,0.4848002716898918,0.12750060856342316
4934,27.0,796,0.8120365142822266,,0.1577981561422348,0.03679521754384041
4935,26.0,911,0.9705862998962402,,0.29080425575375557,0.08028881251811981
4936,32.0,1145,1.1765706539154053,,0.27111876010894775,0.10705271363258362
4937,31.0,796,0.8642160892486572,,0.11763000953942537,0.031793177127838135
4938,31.0,1012,1.0553653240203857,,0.22722901590168476,0.08366841822862625
4939,34.0,882,0.8787171840667725,,0.11311300564557314,0.013304688036441803
4940,33.0,1181,1.2724263668060303,,0.1876109279692173,0.05876373499631882
4941,34.0,974,1.0208971500396729,,0.2930768169462681,0.13281859457492828
4942,33.0,1098,1.1444013118743896,,0.12114196177572012,0.02404269576072693
4943,31.0,1059,1.095381259918213,,0.10233568586409092,0.028074488043785095
4944,32.0,1310,1.3335034847259521,,0.23534999042749405,0.08291732519865036
4945,32.0,1164,1.2568538188934326,,0.09574444871395826,0.013950072228908539
4946,34.0,911,0.9018368721008301,,0.16397790424525738,0.03751935437321663
4947,30.0,924,0.97011399269104,,0.1698387060314417,0.04485089331865311
4948,30.0,1237,1.329108476638794,,0.1750814151018858,0.063020721077919
4949,33.0,1277,1.3078324794769287,,0.09771250560879707,0.019235389307141304
4950,33.0,1037,1.081223964691162,,0.07891579531133175,0.018498975783586502
4951,34.0,926,0.9794378280639648,,0.08873852994292974,0.021726509556174278
4952,54.0,1864,1.973252773284912,,0.1823677495121956,0.0460369847714901
4953,23.0,813,0.827507734298706,,0.14801857061684132,0.028978578746318817
4954,53.0,1696,1.820263385772705,,0.29732468724250793,0.09036791324615479
4955,43.0,1229,1.2763018608093262,,0.22550231032073498,0.06911934167146683
4956,37.0,1295,1.3254740238189697,,0.354535736143589,0.14922037720680237
4957,33.0,1087,1.1790335178375244,,0.11949800606817007,0.029250942170619965
4958,62.0,2226,2.300779104232788,,0.2698880322277546,0.09470488876104355
4959,32.0,868,0.924443244934082,,0.2712126411497593,0.09053733944892883
4960,33.0,927,0.9196550846099854,,0.11511646118015051,0.034815166145563126
4961,47.0,1457,1.5363092422485352,,0.09092453215271235,0.023660212755203247
4962,69.0,1958,2.0457098484039307,,0.18879778310656548,0.05530666932463646
4963,35.0,1293,1.3780040740966797,,0.08746804669499397,-0.0010950826108455658
4964,33.0,965,0.9523847103118896,,0.2610499542206526,0.061457905918359756
4965,21.0,627,0.7064657211303711,,0.1232612868770957,0.022318705916404724
4966,30.0,1138,1.1762661933898926,,0.1734154261648655,0.04768252372741699
4967,47.0,1599,1.6677634716033936,,0.12332580052316189,0.03203251212835312
4968,32.0,1213,1.2340171337127686,,0.15054773725569248,0.04969414323568344
4969,32.0,975,1.0229811668395996,,0.08987965807318687,0.013575077056884766
4970,30.0,876,0.9303560256958008,,0.0777455372735858,0.014203889295458794
4971,31.0,953,1.006587266921997,,0.09884922858327627,0.009596724063158035
4972,31.0,1094,1.1366527080535889,,0.10541765950620174,0.017040077596902847
4973,32.0,726,0.737858772277832,,0.12993954308331013,0.00664568692445755
4974,32.0,866,0.931117057800293,,0.07896979991346598,0.004410929977893829
4975,31.0,1119,1.1534674167633057,,0.13149958848953247,0.02803332358598709
4976,57.0,1892,2.0011305809020996,,0.2520653214305639,0.09607657045125961
4977,41.0,1353,1.4587812423706055,,0.10828583128750324,0.02037450112402439
4978,33.0,980,1.02632474899292,,0.11722554732114077,0.008701641112565994
4979,29.0,1084,1.1250176429748535,,0.0761637594550848,0.003616727888584137
4980,34.0,919,0.9671311378479004,,0.09543061815202236,0.026311775669455528
4981,66.0,2026,2.0651779174804688,,0.3976779542863369,0.14220395684242249
4982,48.0,1405,1.4903628826141357,,0.06325219664722681,0.007835714146494865
4983,36.0,1204,1.3008437156677246,,0.1009238176047802,0.01882687583565712
4984,39.0,1394,1.4207751750946045,,0.2844175063073635,0.12164568901062012
4985,31.0,1056,1.0938124656677246,,0.17542852833867073,0.03848458454012871
4986,42.0,1107,1.2082414627075195,,0.12601142562925816,0.029419075697660446
4987,26.0,852,0.8568041324615479,,0.3068060651421547,0.08969711512327194
4988,47.0,1472,1.5531418323516846,,0.05593598401173949,-0.0010953489691019058
4989,55.0,1447,1.5342507362365723,,0.07716708071529865,-0.009024061262607574
4990,31.0,1042,1.089604377746582,,0.30486467853188515,0.12968000769615173
4991,33.0,783,0.7877414226531982,,0.11945518385618925,0.021904468536376953
4992,33.0,783,0.849416971206665,,0.09858280327171087,0.012722266837954521
4993,33.0,987,1.0335216522216797,,0.10396405681967735,0.020828671753406525
4994,34.0,1129,1.1588339805603027,,0.15498066321015358,0.044397108256816864
4995,29.0,881,0.9423460960388184,,0.138686821796,0.041902750730514526
4996,67.0,2012,2.113377094268799,,0.19046145118772984,0.05358819663524628
4997,32.0,1205,1.2366876602172852,,0.27805596962571144,0.11453960835933685
4998,33.0,1097,1.1291532516479492,,0.07391918916255236,0.0058477576822042465
4999,30.0,895,0.9552702903747559,,0.10014475788921118,0.023982089012861252
5000,32.0,944,0.9972996711730957,,0.08311521168798208,0.012253617867827415
5001,41.0,1367,1.4544191360473633,,0.06876288261264563,-0.004327017813920975
5002,32.0,975,0.9674468040466309,,0.401066891849041,0.1613193154335022
5003,34.0,897,0.952160120010376,,0.0898650512099266,0.014278613030910492
5004,33.0,1167,1.1967494487762451,,0.1012385543435812,0.028945431113243103
5005,32.0,1008,1.0597426891326904,,0.11823017988353968,0.01892177015542984
5006,33.0,867,0.9248716831207275,,0.08568852581083775,0.003099445253610611
5007,34.0,885,0.9432313442230225,,0.1410348955541849,0.03541302680969238
5008,34.0,1261,1.2894666194915771,,0.15538142435252666,0.04034213721752167
5009,32.0,1070,1.1107447147369385,,0.3220367096364498,0.09332987666130066
5010,33.0,1013,1.0610742568969727,,0.09506182838231325,0.014500096440315247
5011,31.0,868,0.9271385669708252,,0.07731056958436966,0.016614925116300583
5012,50.0,1502,1.5773985385894775,,0.10272755287587643,0.012815628200769424
5013,32.0,1223,1.2522954940795898,,0.14707815367728472,0.048485055565834045
5014,31.0,1231,1.3084003925323486,,0.20937728509306908,0.07634227722883224
5015,32.0,1005,1.056527853012085,,0.1696394383907318,0.06318171322345734
5016,31.0,953,1.003598928451538,,0.13463924266397953,0.02770278789103031
5017,56.0,1729,1.7919180393218994,,0.2369376476854086,0.08812402188777924
5018,31.0,917,0.9726061820983887,,0.1886121891438961,0.0815470963716507
5019,33.0,909,0.9589087963104248,,0.0896929819136858,0.0062248967587947845
5020,30.0,973,0.9676392078399658,,0.08198465500026941,-0.003263767808675766
5021,32.0,961,1.008455753326416,,0.05987227661535144,-0.0010498296469449997
5022,30.0,1089,1.1304230690002441,,0.07711565773934126,0.009398702532052994
5023,29.0,1017,1.0666499137878418,,0.11753410007804632,0.02152426540851593
5024,30.0,1134,1.2211520671844482,,0.10301733110100031,0.02457554265856743
5025,31.0,872,0.8682045936584473,,0.05134856095537543,-0.017819054424762726
5026,32.0,1057,1.0972545146942139,,0.07261551171541214,-0.0043858252465724945
5027,33.0,961,1.0072224140167236,,0.07913658954203129,-0.0031654052436351776
5028,59.0,1830,1.949967622756958,,0.31564831361174583,0.07058043777942657
5029,29.0,1119,1.1523466110229492,,0.1713687814772129,0.056094322353601456
5030,32.0,1056,1.096724033355713,,0.0866245198994875,0.010908324271440506
5031,46.0,1528,1.6100075244903564,,0.16074534133076668,0.04050130769610405
5032,49.0,1288,1.3753581047058105,,0.09286997839808464,0.010281560942530632
5033,33.0,971,1.0175838470458984,,0.1751580834388733,0.03733603656291962
5034,54.0,1503,1.521946907043457,,0.162154795601964,0.04083794355392456
5035,32.0,1067,1.1647822856903076,,0.13337385188788176,0.043905023485422134
5036,30.0,1121,1.1653473377227783,,0.13268532697111368,0.034657858312129974
5037,32.0,944,0.998192548751831,,0.07916476018726826,0.017231572419404984
5038,36.0,1182,1.212160348892212,,0.10129956621676683,0.02702716924250126
5039,32.0,1149,1.1763453483581543,,0.3695867098867893,0.12607941031455994
5040,32.0,979,1.0249624252319336,,0.07613022113218904,0.009590579196810722
5041,32.0,963,1.0110254287719727,,0.13356228917837143,0.027027927339076996
5042,30.0,1083,1.1285371780395508,,0.13626250624656677,0.03944806009531021
5043,32.0,814,0.8788731098175049,,0.11341897398233414,0.02477033995091915
5044,32.0,1024,1.0660490989685059,,0.08838827535510063,0.017505912110209465
5045,32.0,857,0.8640153408050537,,0.08556997589766979,0.002704925835132599
5046,31.0,1080,1.1221585273742676,,0.07833184767514467,0.004401743412017822
5047,33.0,937,0.9933240413665771,,0.16028192453086376,0.04135226458311081
5048,64.0,1803,1.918497085571289,,0.3452433682978153,0.14879131317138672
5049,33.0,1063,1.1050958633422852,,0.13512369338423014,0.03706186264753342
5050,33.0,774,0.7858259677886963,,0.06998488958925009,-0.004759147763252258
5051,26.0,782,0.8614199161529541,,0.09711137413978577,0.019069666042923927
5052,32.0,941,0.9909517765045166,,0.20063292048871517,0.04992765933275223
5053,32.0,977,1.027841329574585,,0.08187180943787098,0.01099151186645031
5054,30.0,1185,1.2229125499725342,,0.23216652870178223,0.045483142137527466
5055,32.0,1141,1.175779104232788,,0.12648203503340483,0.041802164167165756
5056,44.0,1424,1.5050220489501953,,0.058270716574043036,-0.004744851961731911
5057,31.0,1077,1.1148550510406494,,0.18714536912739277,0.06877576559782028
5058,33.0,970,1.0216119289398193,,0.08492052182555199,0.022251158952713013
5059,32.0,838,0.9003372192382812,,0.08112832251936197,0.005721744149923325
5060,32.0,1098,1.1387672424316406,,0.2174435257911682,0.08456140756607056
5061,33.0,989,1.0317487716674805,,0.0785579439252615,0.018479609861969948
5062,31.0,1119,1.1624438762664795,,0.12169132474809885,0.02812379226088524
5063,22.0,701,0.7214734554290771,,0.13350375089794397,0.018914245069026947
5064,32.0,970,1.016986608505249,,0.22772370278835297,0.08566462993621826
5065,30.0,988,1.0361409187316895,,0.07409327570348978,0.007008776068687439
5066,30.0,1029,1.0783133506774902,,0.07325568236410618,0.012298248708248138
5067,31.0,1077,1.116363525390625,,0.20517868921160698,0.07036114484071732
5068,58.0,1613,1.678255558013916,,0.12112115044146776,0.01273556798696518
5069,30.0,1155,1.2483851909637451,,0.14184579253196716,0.040468186140060425
5070,34.0,899,0.8968253135681152,,0.10562879405915737,0.019772127270698547
5071,43.0,1147,1.2774386405944824,,0.06742219720035791,0.004671463742852211
5072,26.0,857,0.8686487674713135,,0.3473065681755543,0.14810633659362793
5073,34.0,797,0.8643412590026855,,0.16026359237730503,0.05484652891755104
5074,48.0,1495,1.5739855766296387,,0.13817579299211502,0.024979379028081894
5075,32.0,1015,1.061448574066162,,0.26265548169612885,0.09800384193658829
5076,22.0,704,0.7210958003997803,,0.07356239296495914,-0.009647738188505173
5077,31.0,984,1.0295403003692627,,0.16893750429153442,0.04966126009821892
5078,33.0,795,0.8607828617095947,,0.07674610242247581,0.006551951169967651
5079,32.0,1128,1.1731188297271729,,0.1611301228404045,0.04994548112154007
5080,55.0,1657,1.7225408554077148,,0.13357164431363344,0.024298008531332016
5081,33.0,964,1.0051579475402832,,0.22972302325069904,0.08724752068519592
5082,34.0,882,0.9316415786743164,,0.10136077739298344,0.019622288644313812
5083,23.0,706,0.722477912902832,,0.060902560129761696,-0.018611881881952286
5084,30.0,1053,1.0913238525390625,,0.3067455217242241,0.09726675599813461
5085,30.0,1008,1.0492970943450928,,0.08232101518660784,0.01431073434650898
5086,51.0,1409,1.485184669494629,,0.09225588850677013,0.002588920295238495
5087,32.0,880,0.877971887588501,,0.4073067493736744,0.14290210604667664
5088,31.0,1281,1.359337568283081,,0.1415776601061225,0.047918692231178284
5089,32.0,1119,1.1548144817352295,,0.10968658979982138,0.030032161623239517
5090,32.0,1094,1.1308567523956299,,0.11990913189947605,0.0211835578083992
5091,23.0,839,0.9092457294464111,,0.07460705377161503,0.01059303805232048
5092,30.0,1002,1.0431077480316162,,0.22326892614364624,0.06751038134098053
5093,63.0,2080,2.1835687160491943,,0.39954059571027756,0.1790376603603363
5094,60.0,1927,2.0277748107910156,,0.25885638408362865,0.08144259452819824
5095,32.0,817,0.8205068111419678,,0.13009133003652096,0.02425883337855339
5096,25.0,810,0.8751254081726074,,0.08250612858682871,0.006695616990327835
5097,62.0,2006,2.1017568111419678,,0.525884073227644,0.2773650288581848
5098,31.0,977,1.022878885269165,,0.11075089033693075,0.012550245970487595
5099,29.0,1037,1.077564001083374,,0.2192701119929552,0.06998778879642487
5100,31.0,1114,1.1476657390594482,,0.15785112045705318,0.024855349212884903
5101,33.0,1035,1.0756373405456543,,0.11111048609018326,0.02568107843399048
5102,31.0,1140,1.1750221252441406,,0.11809596698731184,0.024716816842556
5103,32.0,1005,1.0459411144256592,,0.08184605278074741,0.00574466772377491
5104,32.0,1056,1.101344347000122,,0.09545447211712599,0.005662970244884491
5105,39.0,1067,1.111497163772583,,0.12662138789892197,0.023670094087719917
5106,30.0,1121,1.1682116985321045,,0.5848964750766754,0.24201737344264984
5107,64.0,2128,2.275895833969116,,0.22668272629380226,0.09324333071708679
5108,29.0,1235,1.2613983154296875,,0.15616535767912865,0.05276918411254883
5109,32.0,1049,1.0854010581970215,,0.0832316055893898,0.02637341246008873
5110,53.0,1715,1.785407543182373,,0.07376765552908182,0.001428704708814621
5111,34.0,913,0.969649076461792,,0.4185629114508629,0.17580506205558777
5112,31.0,1000,1.0426430702209473,,0.1580634620040655,0.04424668475985527
5113,30.0,1133,1.1712067127227783,,0.10781027004122734,0.02786921337246895
5114,34.0,757,0.8265149593353271,,0.09837157372385263,0.01889510080218315
5115,33.0,906,0.9552991390228271,,0.09319484420120716,0.02101767435669899
5116,30.0,1204,1.233114242553711,,0.13638783432543278,0.036113545298576355
5117,33.0,1127,1.153407335281372,,0.0775316534563899,0.018855417147278786
5118,65.0,2216,2.2906010150909424,,0.4518362991511822,0.2051786631345749
5119,60.0,1756,1.874328374862671,,0.10005053970962763,0.0121113620698452
5120,29.0,892,0.9485018253326416,,0.22224747948348522,0.06280937790870667
5121,32.0,1159,1.1896567344665527,,0.10726616997271776,0.03364536911249161
5122,32.0,1129,1.1611011028289795,,0.11695740930736065,0.03830065578222275
5123,34.0,913,0.9619927406311035,,0.09768966026604176,0.02114017866551876
5124,56.0,1572,1.6390762329101562,,0.17214061506092548,0.0519060380756855
5125,31.0,1095,1.132171630859375,,0.3512094020843506,0.13778793811798096
5126,32.0,759,0.8233201503753662,,0.11221133638173342,0.03220786154270172
5127,31.0,1085,1.1250391006469727,,0.14214584045112133,0.04562176764011383
5128,26.0,817,0.8217270374298096,,0.07041249889880419,-0.0027817152440547943
5129,34.0,974,1.0241367816925049,,0.16597202606499195,0.046954087913036346
5130,31.0,866,0.9245772361755371,,0.12880412861704826,0.03398358076810837
5131,57.0,1540,1.6203913688659668,,0.22735131531953812,0.05683867633342743
5132,31.0,1035,1.0784907341003418,,0.21907278336584568,0.05641657114028931
5133,31.0,1124,1.1678369045257568,,0.11945227067917585,0.037788793444633484
5134,32.0,1157,1.1848294734954834,,0.09854026138782501,0.013657338917255402
5135,13.0,527,0.5567901134490967,,0.05091574275866151,-0.011447753757238388
5136,29.0,1171,1.267674207687378,,0.1553217861801386,0.04522585868835449
5137,68.0,2313,2.377248764038086,,0.4320947527885437,0.1972981095314026
5138,32.0,766,0.8275904655456543,,0.08938370831310749,0.010868649929761887
5139,55.0,1633,1.6991353034973145,,0.19077733904123306,0.05497484281659126
5140,32.0,1245,1.26678466796875,,0.23604612238705158,0.09300805628299713
5141,55.0,1447,1.5258848667144775,,0.05070296721532941,-0.004304159432649612
5142,33.0,1062,1.0954341888427734,,0.24113419465720654,0.09665650874376297
5143,69.0,2110,2.1754672527313232,,0.26993765123188496,0.09744903445243835
5144,31.0,1161,1.241635799407959,,0.051222567446529865,-0.007620435208082199
5145,31.0,1104,1.139697551727295,,0.12411087937653065,0.036100298166275024
5146,33.0,1021,1.0623528957366943,,0.06982117472216487,0.005462644621729851
5147,31.0,1069,1.0948631763458252,,0.08392498083412647,0.0133442934602499
5148,33.0,849,0.9034008979797363,,0.07541355397552252,0.0006312653422355652
5149,31.0,1069,1.1002700328826904,,0.09404473099857569,0.02181347832083702
5150,33.0,1223,1.2516753673553467,,0.3419270347803831,0.1370256245136261
5151,32.0,1058,1.0976028442382812,,0.12147550564259291,0.03134186938405037
5152,66.0,2126,2.196499824523926,,0.3665093369781971,0.18925242125988007
5153,32.0,797,0.8615291118621826,,0.12684574909508228,0.032579049468040466
5154,30.0,1080,1.1152925491333008,,0.15450355410575867,0.02874232456088066
5155,70.0,2147,2.226370096206665,,0.3006294220685959,0.11612643301486969
5156,32.0,1033,1.079111099243164,,0.18617145158350468,0.05144593119621277
5157,34.0,967,1.0188837051391602,,0.09815363958477974,0.030019249767065048
5158,33.0,997,1.0367648601531982,,0.11534231994301081,0.024159612134099007
5159,31.0,846,0.9007434844970703,,0.08869526069611311,0.017210887745022774
5160,33.0,996,1.0507540702819824,,0.06329232128337026,0.005338052287697792
5161,30.0,925,0.917475700378418,,0.06942210718989372,0.0037266239523887634
5162,32.0,1331,1.395416021347046,,0.17300334200263023,0.05407241731882095
5163,32.0,1015,1.0539920330047607,,0.07083542039617896,0.014228284358978271
5164,31.0,859,0.9133520126342773,,0.06498998124152422,0.009734779596328735
5165,31.0,975,1.0253973007202148,,0.07447525300085545,0.01644841395318508
5166,33.0,1456,1.4729440212249756,,0.2472541779279709,0.07594110071659088
5167,51.0,1423,1.5059630870819092,,0.12836369685828686,0.02516236901283264
5168,32.0,942,1.0002858638763428,,0.21728095039725304,0.06627684831619263
5169,32.0,1090,1.1259090900421143,,0.08041445538401604,0.023188423365354538
5170,63.0,1743,1.8565707206726074,,0.19444828480482101,0.051962126046419144
5171,32.0,954,0.9497802257537842,,0.22397039458155632,0.07343117892742157
5172,32.0,1027,1.0707502365112305,,0.11080653313547373,0.027401821687817574
5173,29.0,1009,1.0552139282226562,,0.190702510997653,0.060791872441768646
5174,32.0,769,0.8385088443756104,,0.10308148432523012,0.028905052691698074
5175,32.0,1010,1.0577127933502197,,0.1599233541637659,0.04676578566431999
5176,32.0,1096,1.1323797702789307,,0.10606468003243208,0.03309468552470207
5177,63.0,1901,2.001507520675659,,0.42604685947299004,0.14886897802352905
5178,47.0,1319,1.3482377529144287,,0.0746418284252286,0.013492971658706665
5179,30.0,1019,1.0703895092010498,,0.22646508552134037,0.02961346134543419
5180,32.0,924,0.9791827201843262,,0.1462793406099081,0.03943195194005966
5181,31.0,945,1.0002713203430176,,0.09930343925952911,0.026006057858467102
5182,32.0,1352,1.4257526397705078,,0.17444153502583504,0.048546768724918365
5183,32.0,1015,1.0579862594604492,,0.08960013370960951,0.02951543964445591
5184,32.0,1053,1.094024658203125,,0.10382275655865669,0.025237375870347023
5185,68.0,2091,2.181985855102539,,0.14228717982769012,0.03072188049554825
5186,31.0,1017,1.0666534900665283,,0.22333408147096634,0.08314532786607742
5187,33.0,1044,1.0958330631256104,,0.06827737344428897,0.014961764216423035
5188,32.0,785,0.7975022792816162,,0.07844277191907167,0.01115410216152668
5189,32.0,944,0.9955728054046631,,0.09162037633359432,0.027918286621570587
5190,34.0,862,0.9229252338409424,,0.06558421067893505,0.007720541208982468
5191,31.0,888,0.8859663009643555,,0.12354004103690386,0.022061675786972046
5192,32.0,788,0.85036301612854,,0.07682131789624691,-0.0020530857145786285
5193,33.0,1099,1.1330223083496094,,0.08552454877644777,-0.0040691085159778595
5194,61.0,2173,2.2645325660705566,,0.3009239733219147,0.06890089809894562
5195,34.0,885,0.9422755241394043,,0.18055951781570911,0.041460901498794556
5196,32.0,1139,1.1802806854248047,,0.09976740274578333,0.01434042677283287
5197,32.0,1120,1.2194976806640625,,0.07234469708055258,-0.00103750079870224
5198,33.0,989,0.9780943393707275,,0.10028959903866053,0.0033708401024341583
5199,33.0,1004,1.04762864112854,,0.07636238168925047,0.00201304629445076
5200,32.0,1099,1.199507236480713,,0.1690189391374588,0.047178395092487335
5201,32.0,937,0.9337880611419678,,0.08228431176394224,0.00810195691883564
5202,34.0,885,0.9440677165985107,,0.08462932985275984,0.010045310482382774
5203,61.0,1843,1.9577264785766602,,0.2912698294967413,0.11619220674037933
5204,32.0,1111,1.1504368782043457,,0.1697727721184492,0.05493640899658203
5205,29.0,1079,1.1171493530273438,,0.11394667439162731,0.025724513456225395
5206,32.0,1191,1.2268671989440918,,0.09954043570905924,0.03073221445083618
5207,33.0,947,0.9990127086639404,,0.0823139064013958,0.009910520166158676
5208,33.0,1161,1.2008402347564697,,0.09830726217478514,0.018649592995643616
5209,31.0,886,0.94563889503479,,0.10478276573121548,0.016284357756376266
5210,29.0,1203,1.310497760772705,,0.1666688397526741,0.041775114834308624
5211,31.0,1021,1.067762851715088,,0.08333867555484176,0.01945522055029869
5212,33.0,977,0.97499680519104,,0.06164812156930566,-0.004511386156082153
5213,33.0,937,0.9951395988464355,,0.11204538494348526,0.009182605892419815
5214,33.0,906,0.9644553661346436,,0.11465262714773417,0.023346027359366417
5215,26.0,814,0.8805892467498779,,0.15616764314472675,0.05108509957790375
5216,32.0,721,0.7376289367675781,,0.11395777016878128,0.018553834408521652
5217,31.0,1126,1.1588435173034668,,0.10871964320540428,0.021892230957746506
5218,20.0,667,0.7490875720977783,,0.07446930557489395,0.011578995734453201
5219,31.0,986,0.9737350940704346,,0.3248051777482033,0.10446464270353317
5220,64.0,2049,2.1489195823669434,,0.35749777033925056,0.11659403145313263
5221,33.0,892,0.9538226127624512,,0.3290702849626541,0.10352334380149841
5222,31.0,1207,1.3015172481536865,,0.265275189653039,0.08316034823656082
5223,32.0,1175,1.200378179550171,,0.07774008437991142,0.011289862915873528
5224,33.0,1087,1.1236276626586914,,0.07576548680663109,0.01081107184290886
5225,31.0,1034,1.0809931755065918,,0.1289421170949936,0.029901999980211258
5226,31.0,979,1.028355360031128,,0.11207654792815447,0.021374978125095367
5227,32.0,1036,1.0772569179534912,,0.07297090068459511,0.018431011587381363
5228,58.0,1805,1.865105390548706,,0.11919541843235493,0.01684151589870453
5229,31.0,1157,1.2567427158355713,,0.14103572722524405,0.018343687057495117
5230,33.0,807,0.8214173316955566,,0.0672857565805316,-0.008507326245307922
5231,62.0,1897,2.0125436782836914,,0.3390488103032112,0.14925190806388855
5232,41.0,1369,1.4521989822387695,,0.12158759031444788,0.014460083097219467
5233,33.0,1167,1.209592580795288,,0.33909974433481693,0.10894427448511124
5234,63.0,1936,2.0570857524871826,,0.33297791332006454,0.09551768004894257
5235,32.0,1179,1.221365213394165,,0.12067521177232265,0.033117979764938354
5236,32.0,1123,1.163801670074463,,0.12032074760645628,0.02438284642994404
5237,33.0,1271,1.3610785007476807,,0.21336747519671917,0.06709626317024231
5238,31.0,985,1.0318868160247803,,0.08459929749369621,0.008192114531993866
5239,59.0,1621,1.6919646263122559,,0.32808682322502136,0.1590256541967392
5240,32.0,1337,1.353846788406372,,0.14357544109225273,0.0371369868516922
5241,29.0,1019,1.062676191329956,,0.10207042191177607,0.017096687108278275
5242,28.0,1037,1.0890438556671143,,0.097880351357162,0.01098121702671051
5243,32.0,1100,1.1897718906402588,,0.09459867980331182,0.03043193370103836
5244,30.0,1011,1.0678679943084717,,0.13671371433883905,0.048574142158031464
5245,31.0,1067,1.1085600852966309,,0.1523539088666439,0.060896698385477066
5246,42.0,1389,1.4106838703155518,,0.18268601782619953,0.06806723773479462
5247,55.0,1707,1.8420360088348389,,0.2722974345088005,0.12725701928138733
5248,32.0,888,0.8853592872619629,,0.17512846738100052,0.047473859041929245
5249,33.0,823,0.8888001441955566,,0.11210156045854092,0.019877631217241287
5250,75.0,2283,2.4246251583099365,,0.2443063873797655,0.0850430503487587
5251,33.0,1002,0.9914569854736328,,0.5030105225741863,0.18088142573833466
5252,67.0,2063,2.170822858810425,,0.22450301237404346,0.07294423133134842
5253,31.0,1071,1.2083101272583008,,0.1866197232156992,0.07205985486507416
5254,31.0,982,1.0337955951690674,,0.0907600112259388,0.028909903019666672
5255,34.0,961,0.9612741470336914,,0.09204109106212854,0.020250651985406876
5256,59.0,1595,1.6787135601043701,,0.2454535998404026,0.07543358206748962
5257,16.0,583,0.6742799282073975,,0.2707483507692814,0.09409329295158386
5258,31.0,953,0.9523818492889404,,0.3464672416448593,0.15573866665363312
5259,32.0,991,1.0482406616210938,,0.11522391904145479,0.018019404262304306
5260,32.0,1187,1.2897899150848389,,0.09574399888515472,0.02461855858564377
5261,31.0,964,1.019235610961914,,0.09171724133193493,0.014235025271773338
5262,24.0,617,0.6465189456939697,,0.09045589528977871,0.0021609999239444733
5263,60.0,1715,1.784407377243042,,0.27589378505945206,0.11704110354185104
5264,64.0,2244,2.382845640182495,,0.2388022616505623,0.06835809350013733
5265,31.0,1091,1.1371545791625977,,0.23704944550991058,0.09484376013278961
5266,33.0,992,1.0402944087982178,,0.12205380294471979,0.030780818313360214
5267,58.0,1669,1.7731554508209229,,0.3395836800336838,0.14491990208625793
5268,31.0,1085,1.1341290473937988,,0.22840214520692825,0.08188673853874207
5269,34.0,793,0.8681073188781738,,0.11180636379867792,0.030538413673639297
5270,52.0,1419,1.4488868713378906,,0.08928588312119246,0.023581216111779213
5271,31.0,1139,1.2425343990325928,,0.07073820428922772,0.010213185101747513
5272,31.0,1373,1.3913452625274658,,0.0922950142994523,0.026946814730763435
5273,33.0,1087,1.1325132846832275,,0.06191800208762288,0.00773397833108902
5274,30.0,957,1.0083677768707275,,0.11011306662112474,0.020059525966644287
5275,33.0,1277,1.3602805137634277,,0.055807259399443865,0.003969654440879822
5276,64.0,1840,1.9043056964874268,,0.3275998644530773,0.1286238133907318
5277,32.0,1237,1.3230912685394287,,0.10517241433262825,0.01257849857211113
5278,33.0,1049,1.0942981243133545,,0.07929359097033739,0.019955448806285858
5279,31.0,1303,1.3284010887145996,,0.07827301695942879,0.007767986506223679
5280,31.0,914,0.966280460357666,,0.0888049304485321,0.0018140636384487152
5281,47.0,1363,1.4549484252929688,,0.08420178852975368,0.004076626151800156
5282,31.0,1157,1.1871159076690674,,0.17397797480225563,0.049471091479063034
5283,51.0,1781,1.8949685096740723,,0.38975831866264343,0.17115145921707153
5284,31.0,1273,1.2999544143676758,,0.14117637928575277,0.03594987466931343
5285,30.0,1041,1.0923738479614258,,0.21776564978063107,0.070900559425354
5286,25.0,989,1.0429837703704834,,0.09279324393719435,0.024817846715450287
5287,34.0,1075,1.1129429340362549,,0.13258051965385675,0.03350239247083664
5288,33.0,790,0.8544120788574219,,0.08611947949975729,0.018647562712430954
5289,31.0,1172,1.1983017921447754,,0.16453645378351212,0.06103873625397682
5290,33.0,919,0.9711751937866211,,0.05460833664983511,-0.000996289774775505
5291,66.0,2115,2.2041513919830322,,0.5132876709103584,0.15735909342765808
5292,51.0,1510,1.5881595611572266,,0.07386715617030859,0.004919486120343208
5293,34.0,958,1.0106050968170166,,0.15695805475115776,0.05011218041181564
5294,33.0,873,0.873931884765625,,0.06808615662157536,-0.011099707335233688
5295,67.0,1953,2.0496482849121094,,0.30853112787008286,0.09378702938556671
5296,31.0,890,0.9531345367431641,,0.1293467814102769,0.03467961773276329
5297,31.0,993,1.044762372970581,,0.10157613176852465,0.02824992872774601
5298,31.0,1005,1.0551176071166992,,0.06769134476780891,0.014901591464877129
5299,32.0,1115,1.1561665534973145,,0.1309632956981659,0.034896500408649445
5300,33.0,843,0.9043872356414795,,0.08516733907163143,0.019840538501739502
5301,31.0,1126,1.1675927639007568,,0.08121518511325121,0.022452184930443764
5302,31.0,1158,1.1942524909973145,,0.15543092228472233,0.03471381217241287
5303,33.0,826,0.8928053379058838,,0.0620609438046813,0.0025315899401903152
5304,32.0,1159,1.1983952522277832,,0.0798757178708911,0.011915205046534538
5305,32.0,1329,1.4132726192474365,,0.16657571867108345,0.05436454713344574
5306,57.0,1648,1.7209467887878418,,0.23322856798768044,0.0651017352938652
5307,30.0,1008,1.0591349601745605,,0.18114121817052364,0.059245865792036057
5308,57.0,1735,1.8101768493652344,,0.13396103866398335,0.03108256310224533
5309,33.0,998,1.0483860969543457,,0.18232126161456108,0.07733781635761261
5310,40.0,1195,1.2282564640045166,,0.08749949000775814,0.017795905470848083
5311,41.0,1264,1.3589987754821777,,0.14790696557611227,0.039654720574617386
5312,31.0,842,0.9127357006072998,,0.3178425468504429,0.11625578999519348
5313,31.0,1137,1.1763391494750977,,0.12373553682118654,0.03371020406484604
5314,32.0,1051,1.1034891605377197,,0.13478389848023653,0.04142434522509575
5315,55.0,1496,1.587104320526123,,0.05589408939704299,-0.013931501656770706
5316,29.0,1078,1.1210646629333496,,0.24600910395383835,0.08765436708927155
5317,32.0,928,0.9833230972290039,,0.06336915073916316,0.013779949396848679
5318,49.0,1405,1.4441471099853516,,0.1352019254118204,0.03771647810935974
5319,31.0,907,0.9749314785003662,,0.3672806993126869,0.1474393755197525
5320,30.0,993,1.0487892627716064,,0.11459166184067726,0.023614507168531418
5321,33.0,1142,1.1891052722930908,,0.06835410930216312,0.013372298330068588
5322,31.0,1191,1.2845020294189453,,0.07966995518654585,0.006081035360693932
5323,32.0,1021,1.0731828212738037,,0.1156340716406703,0.02955876663327217
5324,33.0,1006,1.0603375434875488,,0.08130663819611073,0.027677204459905624
5325,32.0,1064,1.111337661743164,,0.12420057691633701,0.03877630829811096
5326,31.0,872,0.8702371120452881,,0.14383834786713123,0.034717023372650146
5327,31.0,1238,1.3205571174621582,,0.12361882533878088,0.02921963296830654
5328,33.0,983,1.0302667617797852,,0.06153111578896642,0.012435708194971085
5329,33.0,956,1.0162677764892578,,0.07475410588085651,0.0237223282456398
5330,37.0,1131,1.1755058765411377,,0.09934007283300161,0.028322415426373482
5331,26.0,1131,1.1843516826629639,,0.4457690976560116,0.16127640008926392
5332,32.0,1055,1.0956549644470215,,0.12814731989055872,0.032443661242723465
5333,59.0,1841,1.9540579319000244,,0.4241470396518707,0.21128986775875092
5334,31.0,1001,1.0478644371032715,,0.21375176310539246,0.08440133184194565
5335,32.0,804,0.809981107711792,,0.07881506159901619,-0.003304947167634964
5336,31.0,1111,1.1409142017364502,,0.09472975041717291,0.0215484406799078
5337,33.0,1022,1.0632169246673584,,0.07227490842342377,0.0014375746250152588
5338,32.0,1001,1.0389635562896729,,0.09253657329827547,0.02773955836892128
5339,31.0,1147,1.2312767505645752,,0.0693440455943346,0.003718774765729904
5340,32.0,854,0.8565115928649902,,0.06532886251807213,-0.0018194429576396942
5341,66.0,2354,2.475193500518799,,0.2658465877175331,0.0891965925693512
5342,34.0,851,0.853299617767334,,0.11106839496642351,0.013533208519220352
5343,61.0,1975,2.073054075241089,,0.3039514273405075,0.08688583970069885
5344,32.0,738,0.8057804107666016,,0.2034427933394909,0.06852759420871735
5345,32.0,898,0.9509398937225342,,0.0748581700026989,0.011605408042669296
5346,30.0,990,0.9828023910522461,,0.05743839452043176,-0.007583647966384888
5347,28.0,811,0.8802547454833984,,0.05655311606824398,-0.0038380417972803116
5348,30.0,976,1.025632381439209,,0.12574067432433367,0.0336868092417717
5349,25.0,815,0.8920919895172119,,0.08582221250981092,0.020580139011144638
5350,56.0,1808,1.8690249919891357,,0.09140612557530403,0.0058123283088207245
5351,32.0,1136,1.169870376586914,,0.17206364311277866,0.036935437470674515
5352,32.0,1049,1.1243956089019775,,0.13072883151471615,0.03603319451212883
5353,66.0,2056,2.1563761234283447,,0.3038989119231701,0.1582181602716446
5354,32.0,1183,1.262897253036499,,0.09193538501858711,0.016331832855939865
5355,26.0,765,0.7732193470001221,,0.06942819617688656,-0.0019307322800159454
5356,51.0,1499,1.5769357681274414,,0.05528240371495485,-0.009241987019777298
5357,33.0,1034,1.081864595413208,,0.34183403849601746,0.12322261929512024
5358,31.0,1024,1.061171054840088,,0.13700655568391085,0.03821100667119026
5359,33.0,1055,1.099839448928833,,0.06351362355053425,0.017645440995693207
5360,30.0,951,1.0039260387420654,,0.1757444068789482,0.026395123451948166
5361,31.0,1012,1.0584912300109863,,0.12581273075193167,0.040294475853443146
5362,28.0,1014,1.0658643245697021,,0.12918060831725597,0.04154260456562042
5363,31.0,908,0.9609661102294922,,0.11086127627640963,0.02437032200396061
5364,31.0,979,1.0326414108276367,,0.0756312794983387,0.006775697693228722
5365,30.0,1080,1.1302134990692139,,0.07844613119959831,0.010924197733402252
5366,32.0,1143,1.185816764831543,,0.09222822729498148,0.02605448104441166
5367,33.0,774,0.8506503105163574,,0.0783318430185318,0.012898527085781097
5368,30.0,1036,1.0779869556427002,,0.0976726058870554,0.030706658959388733
5369,26.0,849,0.8523194789886475,,0.08055007178336382,-0.0019263587892055511
5370,33.0,952,1.0007023811340332,,0.17982536181807518,0.058738090097904205
5371,32.0,1209,1.23396897315979,,0.08871928881853819,0.02574506588280201
5372,41.0,1385,1.4636638164520264,,0.11613056156784296,0.03186214715242386
5373,32.0,1302,1.380786418914795,,0.22608032263815403,0.08235892653465271
5374,34.0,934,0.9889962673187256,,0.10006333980709314,0.02467561699450016
5375,59.0,1651,1.722801685333252,,0.11161723360419273,0.01924869418144226
5376,31.0,1117,1.1529033184051514,,0.16899649426341057,0.06960999965667725
5377,30.0,1087,1.137887954711914,,0.0764418626204133,0.01632510870695114
5378,67.0,1925,2.045088052749634,,0.37745603919029236,0.1358412802219391
5379,31.0,1097,1.1498725414276123,,0.26068014465272427,0.08503542095422745
5380,28.0,983,1.05192232131958,,0.3617111034691334,0.10990813374519348
5381,21.0,729,0.7531993389129639,,0.23072313517332077,0.0769338607788086
5382,52.0,1540,1.6230785846710205,,0.1442243242636323,0.04387865215539932
5383,23.0,705,0.787198543548584,,0.5190854892134666,0.2167467176914215
5384,31.0,1162,1.204880714416504,,0.30699554830789566,0.1228424608707428
5385,32.0,1041,1.0910029411315918,,0.1682126633822918,0.0557568296790123
5386,32.0,1105,1.1468148231506348,,0.11247733142226934,0.02278010919690132
5387,4.0,334,0.3790860176086426,,0.09181148372590542,0.010131195187568665
5388,27.0,921,0.990947961807251,,0.6100562140345573,0.2584180235862732
5389,30.0,983,1.0493018627166748,,0.25222173146903515,0.08599109947681427
5390,32.0,1046,1.091278314590454,,0.13367415126413107,0.04514807462692261
5391,31.0,908,0.9064121246337891,,0.057304332964122295,-0.008945098146796227
5392,31.0,1155,1.2357449531555176,,0.06495130388066173,0.010358761996030807
5393,33.0,913,0.9197018146514893,,0.0471473322249949,-0.017116770148277283
5394,31.0,1185,1.2837378978729248,,0.2769874446094036,0.09442643076181412
5395,65.0,1945,1.9930884838104248,,0.23429260216653347,0.09620793908834457
5396,31.0,975,1.0214276313781738,,0.20239483192563057,0.029489394277334213
5397,24.0,613,0.7038462162017822,,0.08530433848500252,0.004055144265294075
5398,33.0,1004,1.0490083694458008,,0.13261791598051786,0.05572101101279259
5399,30.0,937,0.9362614154815674,,0.077173026278615,0.0027856677770614624
5400,55.0,1633,1.7670402526855469,,0.43920598179101944,0.19305531680583954
5401,30.0,940,0.9331440925598145,,0.27232347428798676,0.0997404083609581
5402,30.0,1006,1.0656697750091553,,0.136724972166121,0.041455768048763275
5403,32.0,1037,1.0793251991271973,,0.113877990283072,0.01135975494980812
5404,52.0,1657,1.7722039222717285,,0.04201642097905278,-0.014915242791175842
5405,32.0,1053,1.09531831741333,,0.0920843193307519,0.026209808886051178
5406,32.0,1145,1.1870427131652832,,0.3068173788487911,0.1114473044872284
5407,33.0,897,0.9526793956756592,,0.08252325188368559,0.022221563383936882
5408,33.0,882,0.8804047107696533,,0.0774574913084507,0.003867749124765396
5409,32.0,1147,1.2522032260894775,,0.055152226239442825,-0.005737483501434326
5410,29.0,1119,1.162034273147583,,0.200437406077981,0.05625259131193161
5411,31.0,922,0.9824128150939941,,0.08173674996942282,0.010750479996204376
5412,24.0,736,0.755143404006958,,0.11556826252490282,0.021833663806319237
5413,31.0,1073,1.1195757389068604,,0.14763257279992104,0.05693662911653519
5414,32.0,906,0.961357593536377,,0.06906772404909134,0.010013654828071594
5415,32.0,1244,1.2749626636505127,,0.07084351731464267,0.020794125273823738
5416,32.0,822,0.884178638458252,,0.09458914957940578,0.01762055978178978
5417,41.0,1197,1.2343828678131104,,0.06969031319022179,0.007462840527296066
5418,22.0,600,0.625497579574585,,0.05712261563166976,-0.006535260006785393
5419,31.0,1011,1.058800458908081,,0.3639781065285206,0.15419329702854156
5420,34.0,970,1.0162582397460938,,0.056799869518727064,-0.007762301713228226
5421,65.0,1629,1.7575478553771973,,0.34957970306277275,0.10471764206886292
5422,34.0,866,0.863795280456543,,0.23130546882748604,0.0949416384100914
5423,34.0,961,1.0069336891174316,,0.11265854630619287,0.03571738302707672
5424,58.0,1611,1.680065631866455,,0.09941689111292362,0.014486271888017654
5425,60.0,1739,1.847135305404663,,0.37561895325779915,0.12102633714675903
5426,32.0,894,0.884554386138916,,0.2021499890834093,0.06373615562915802
5427,60.0,1593,1.6514546871185303,,0.08350608311593533,0.014784444123506546
5428,39.0,1262,1.3451974391937256,,0.11320824921131134,0.033275067806243896
5429,33.0,1051,1.087895393371582,,0.49213623255491257,0.1851263791322708
5430,31.0,1064,1.1008884906768799,,0.11555738560855389,0.017048515379428864
5431,60.0,1566,1.632047414779663,,0.05503120552748442,0.0003738701343536377
5432,34.0,929,0.9766528606414795,,0.38013625144958496,0.1421658992767334
5433,43.0,1342,1.4290010929107666,,0.0748625174164772,0.005762604996562004
5434,33.0,807,0.8212029933929443,,0.25795831717550755,0.07218655943870544
5435,32.0,991,1.0394961833953857,,0.10093370545655489,0.02063349075615406
5436,55.0,1445,1.5325970649719238,,0.062012657057493925,-0.0035395510494709015
5437,33.0,980,1.0221171379089355,,0.1689827088266611,0.061952680349349976
5438,31.0,1134,1.1645417213439941,,0.06295439461246133,0.012253323569893837
5439,32.0,721,0.7330067157745361,,0.052045298274606466,-0.005655528977513313
5440,31.0,1071,1.1829743385314941,,0.22791158594191074,0.08961173892021179
5441,31.0,1236,1.2618861198425293,,0.13453394174575806,0.038737133145332336
5442,29.0,1041,1.0836200714111328,,0.1272005643695593,0.05190294235944748
5443,33.0,915,0.9744062423706055,,0.07376769231632352,0.007430369034409523
5444,31.0,1084,1.1179203987121582,,0.5170688927173615,0.20304501056671143
5445,31.0,909,0.9637598991394043,,0.08100104238837957,0.02305704914033413
5446,32.0,1088,1.1236603260040283,,0.07815216388553381,0.014619989320635796
5447,30.0,1041,1.0920145511627197,,0.19375200383365154,0.07006332278251648
5448,45.0,1452,1.5350630283355713,,0.08911712374538183,0.013641586527228355
5449,68.0,2109,2.185800552368164,,0.1594752725213766,0.048876114189624786
5450,31.0,974,1.0263957977294922,,0.20300090685486794,0.06812572479248047
5451,57.0,1717,1.779737949371338,,0.07655498385429382,-0.0031684041023254395
5452,58.0,1858,1.9732410907745361,,0.24858967773616314,0.06048351526260376
5453,33.0,970,1.0169672966003418,,0.11681564338505268,0.049595121294260025
5454,33.0,887,0.8879032135009766,,0.09647191036492586,0.000270698219537735
5455,44.0,1578,1.645801067352295,,0.15296361874789,0.0378350168466568
5456,34.0,829,0.8940818309783936,,0.4345470853149891,0.12547340989112854
5457,33.0,740,0.7511708736419678,,0.06084268121048808,0.006471998989582062
5458,32.0,1159,1.2478537559509277,,0.16128976829349995,0.05021893233060837
5459,33.0,874,0.8738856315612793,,0.07753960601985455,0.005665762349963188
5460,29.0,925,0.9841275215148926,,0.13486222922801971,0.029270268976688385
5461,32.0,949,1.0079765319824219,,0.11984119284898043,0.022814806550741196
5462,12.0,494,0.5310466289520264,,0.17208696529269218,0.03746955096721649
5463,30.0,1078,1.1182687282562256,,0.3966284394264221,0.17981480062007904
5464,58.0,1777,1.891491174697876,,0.28785046748816967,0.16215592622756958
5465,31.0,1174,1.1994121074676514,,0.12384150736033916,0.030654525384306908
5466,33.0,991,1.03419828414917,,0.08480717800557613,0.02240162529051304
5467,31.0,1073,1.1107182502746582,,0.0775099117308855,0.022031351923942566
5468,32.0,1055,1.0984985828399658,,0.08268655836582184,0.01708219014108181
5469,31.0,992,1.0379559993743896,,0.06236041383817792,0.002101011574268341
5470,31.0,1018,1.0645687580108643,,0.06890623411163688,0.020963432267308235
5471,37.0,1224,1.2513561248779297,,0.06376671371981502,0.011694047600030899
5472,31.0,953,1.0055067539215088,,0.408114779740572,0.1303202509880066
5473,31.0,1119,1.152998447418213,,0.12314141262322664,0.02702898345887661
5474,32.0,877,0.9381554126739502,,0.07273984141647816,0.007761012762784958
5475,33.0,1034,1.0740184783935547,,0.08259912766516209,0.0033170655369758606
5476,33.0,967,1.01926851272583,,0.15799669176340103,0.06792430579662323
5477,14.0,401,0.440716028213501,,0.12833887338638306,0.029080722481012344
5478,31.0,1115,1.155630111694336,,0.28211991116404533,0.10292466729879379
5479,31.0,1017,1.0640051364898682,,0.17207973450422287,0.057467035949230194
5480,32.0,852,0.9098043441772461,,0.09122725017368793,0.021457776427268982
5481,32.0,1029,1.0717384815216064,,0.10209841374307871,0.023904263973236084
5482,25.0,708,0.7279298305511475,,0.06482082977890968,-0.011158213019371033
5483,65.0,2111,2.196248769760132,,0.3172733262181282,0.14862355589866638
5484,30.0,989,1.036947250366211,,0.22026584297418594,0.06952238827943802
5485,32.0,892,0.9571230411529541,,0.07667191233485937,0.011064060032367706
5486,27.0,903,0.9648444652557373,,0.1910249050706625,0.05865107849240303
5487,31.0,1027,1.0762112140655518,,0.21878553368151188,0.0538608618080616
5488,34.0,906,0.8979835510253906,,0.0513700102455914,-0.016281427815556526
5489,33.0,883,0.9331846237182617,,0.14604727551341057,0.040077660232782364
5490,57.0,1709,1.7664604187011719,,0.09406936168670654,0.013369068503379822
5491,52.0,1310,1.3986263275146484,,0.16213123314082623,0.043337468057870865
5492,29.0,891,0.9504714012145996,,0.18491681851446629,0.06214401125907898
5493,33.0,971,1.0158500671386719,,0.12901676539331675,0.031247006729245186
5494,51.0,1572,1.6378943920135498,,0.1478044893592596,0.030573196709156036
5495,30.0,1019,1.0741636753082275,,0.3323495574295521,0.14408959448337555
5496,31.0,1330,1.3626127243041992,,0.2313186377286911,0.06851281970739365
5497,32.0,1242,1.319396734237671,,0.1287319576367736,0.029328424483537674
5498,31.0,1174,1.21696138381958,,0.24341131001710892,0.07959255576133728
5499,33.0,1047,1.0985000133514404,,0.16202700696885586,0.045918162912130356
5500,22.0,775,0.8498711585998535,,0.2392366509884596,0.09324686229228973
5501,30.0,1172,1.214653730392456,,0.2151888869702816,0.07663972675800323
5502,34.0,1046,1.0938849449157715,,0.09164063446223736,0.021633852273225784
5503,30.0,989,1.0444869995117188,,0.193678829818964,0.07101097702980042
5504,23.0,678,0.7017030715942383,,0.1682344600558281,0.032008785754442215
5505,30.0,1081,1.1309759616851807,,0.318615086376667,0.1317717730998993
5506,25.0,755,0.8289318084716797,,0.11107514891773462,0.016143351793289185
5507,23.0,913,0.9234578609466553,,0.2664455436170101,0.09006236493587494
5508,32.0,1185,1.2936065196990967,,0.14467336609959602,0.03972693532705307
5509,20.0,736,0.756782054901123,,0.12146537378430367,0.014007747173309326
5510,32.0,1079,1.1317107677459717,,0.3118519224226475,0.10146903991699219
5511,31.0,992,1.0518701076507568,,0.07150311395525932,-0.006074249744415283
5512,32.0,1107,1.1479668617248535,,0.09119599591940641,0.00715135782957077
5513,27.0,780,0.8570928573608398,,0.058648583479225636,-0.016474172472953796
5514,32.0,842,0.9066810607910156,,0.14484352618455887,0.024689190089702606
5515,5.0,371,0.3556792736053467,,0.14484352618455887,0.024689190089702606
5516,30.0,959,1.0202772617340088,,0.5952969454228878,0.2814851999282837
5517,31.0,1173,1.2110497951507568,,0.12515824101865292,0.02556498721241951
5518,31.0,969,1.0222930908203125,,0.06724129617214203,0.0038642436265945435
5519,31.0,969,1.0298829078674316,,0.10373423621058464,0.020800616592168808
5520,31.0,1217,1.308408498764038,,0.11212400626391172,0.027663443237543106
5521,29.0,1231,1.2670598030090332,,0.0799542935565114,0.014733629301190376
5522,26.0,815,0.8910176753997803,,0.22348851338028908,0.03199546039104462
5523,31.0,1211,1.2588465213775635,,0.16136790439486504,0.03689832240343094
5524,7.0,388,0.4325869083404541,,0.0980225233361125,0.0016252174973487854
5525,27.0,1068,1.1247286796569824,,0.45772185921669006,0.16716909408569336
5526,32.0,1033,1.0810761451721191,,0.09493228327482939,0.011937219649553299
5527,52.0,1728,1.8030738830566406,,0.12251079175621271,0.0248732753098011
5528,33.0,1312,1.396270990371704,,0.13722079060971737,0.029902715235948563
5529,27.0,803,0.8242695331573486,,0.14415254816412926,0.019892055541276932
5530,30.0,959,1.0141277313232422,,0.17324393335729837,0.05236382409930229
5531,51.0,1355,1.4443540573120117,,0.11651480942964554,0.016602467745542526
5532,17.0,561,0.5920312404632568,,0.40282512828707695,0.16947489976882935
5533,32.0,1079,1.122443675994873,,0.3027675561606884,0.07179446518421173
5534,21.0,792,0.8687834739685059,,0.20078234933316708,0.08003996312618256
5535,34.0,910,0.9065604209899902,,0.2156195528805256,0.06747012585401535
5536,32.0,1194,1.2886369228363037,,0.2926103174686432,0.1263248324394226
5537,33.0,1134,1.1744437217712402,,0.15544848516583443,0.04230211675167084
5538,30.0,891,0.9527416229248047,,0.13654337264597416,0.04613852500915527
5539,30.0,1006,1.0613834857940674,,0.1567913442850113,0.05305188149213791
5540,30.0,1084,1.1356797218322754,,0.215134734287858,0.07015205174684525
5541,30.0,1006,1.0641729831695557,,0.31503624841570854,0.12395282089710236
5542,32.0,1095,1.144930124282837,,0.12339678779244423,0.016554933041334152
5543,27.0,937,0.997591495513916,,0.09999728575348854,0.01776425540447235
5544,31.0,1165,1.2104158401489258,,0.237934909760952,0.07490133494138718
5545,31.0,1027,1.0803143978118896,,0.10400243569165468,0.024869348853826523
5546,33.0,1044,1.0946300029754639,,0.13118378166109324,0.023976635187864304
5547,11.0,501,0.5417251586914062,,0.10301962774246931,0.012498389929533005
5548,22.0,840,0.9155218601226807,,0.32994574680924416,0.1375286877155304
5549,30.0,1065,1.1256990432739258,,0.22565042413771152,0.0732845738530159
5550,32.0,1002,1.06675386428833,,0.14071285352110863,0.04416722059249878
5551,33.0,1190,1.22401762008667,,0.1049995981156826,0.009097408503293991
5552,27.0,946,1.0094261169433594,,0.07753888983279467,-0.0022938624024391174
5553,33.0,935,0.9888076782226562,,0.1453142175450921,0.041039735078811646
5554,29.0,1184,1.2245123386383057,,0.1771461647003889,0.0542190782725811
5555,31.0,1267,1.2951722145080566,,0.19714758545160294,0.08082425594329834
5556,27.0,1004,1.0580227375030518,,0.03562753088772297,-0.02979198284447193
5557,31.0,987,1.0380628108978271,,0.15860658138990402,0.046547193080186844
5558,32.0,1151,1.2603352069854736,,0.2928839400410652,0.09809882938861847
5559,33.0,1101,1.150700569152832,,0.11869198549538851,0.027270721271634102
5560,31.0,1171,1.2070674896240234,,0.12000729516148567,0.035459715873003006
5561,25.0,944,1.0164308547973633,,0.11179078556597233,0.031245749443769455
5562,29.0,899,0.9585671424865723,,0.2697852998971939,0.09521759301424026
5563,62.0,1844,1.895216941833496,,0.2670681606978178,0.09386808425188065
5564,35.0,1077,1.1288306713104248,,0.17745821550488472,0.04318744316697121
5565,30.0,1052,1.104684591293335,,0.5458822064101696,0.2074771672487259
5566,32.0,1118,1.2143237590789795,,0.17111581191420555,0.05524954944849014
5567,33.0,993,1.0429983139038086,,0.135303839109838,0.0370960533618927
5568,31.0,1042,1.086812973022461,,0.17946849018335342,0.06408972293138504
5569,32.0,946,0.9439833164215088,,0.11993467435240746,0.028066717088222504
5570,31.0,954,1.0044505596160889,,0.07291828468441963,0.0038257911801338196
5571,30.0,1019,1.0714623928070068,,0.10899031162261963,0.010827481746673584
5572,31.0,1067,1.1134757995605469,,0.1213939106091857,0.02441234141588211
5573,36.0,1127,1.2236356735229492,,0.14584740716964006,0.03798500820994377
5574,32.0,1005,1.0519282817840576,,0.1252610944211483,0.03589018061757088
5575,29.0,953,0.9487500190734863,,0.0740172890946269,-0.0007976815104484558
5576,31.0,1047,1.0949723720550537,,0.11002184264361858,0.016424056142568588
5577,34.0,887,0.9480998516082764,,0.08300996571779251,0.0031872913241386414
5578,61.0,2007,2.1103978157043457,,0.285931795835495,0.09550710022449493
5579,31.0,1043,1.0884275436401367,,0.13500400353223085,0.04463866353034973
5580,28.0,803,0.8784904479980469,,0.071391929872334,0.003027435392141342
5581,33.0,783,0.7968335151672363,,0.13494631089270115,0.008823547512292862
5582,30.0,831,0.8944244384765625,,0.11439496092498302,0.022104183211922646
5583,31.0,968,1.0237550735473633,,0.21450651995837688,0.08614234626293182
5584,33.0,865,0.8678040504455566,,0.13681316561996937,0.024174388498067856
5585,33.0,977,1.0260474681854248,,0.12006962392479181,0.019420895725488663
5586,56.0,1846,1.963041067123413,,0.0776860723271966,-0.00333399698138237
5587,23.0,932,1.0007808208465576,,0.296584015712142,0.10769952833652496
5588,30.0,889,0.8847634792327881,,0.19697063229978085,0.05597424879670143
5589,32.0,964,1.01369047164917,,0.12348029948771,0.032766442745923996
5590,32.0,1151,1.244701862335205,,0.0922979018650949,0.004358056932687759
5591,26.0,719,0.7356967926025391,,0.09458703827112913,0.012110531330108643
5592,33.0,1079,1.1213748455047607,,0.165706692263484,0.0437176339328289
5593,56.0,1645,1.70548415184021,,0.08650443609803915,0.024363644421100616
5594,29.0,943,0.9920902252197266,,0.18917500041425228,0.04416118189692497
5595,27.0,960,1.0197958946228027,,0.16278532892465591,0.039551399648189545
5596,31.0,936,0.9927363395690918,,0.16433231346309185,0.02069292962551117
5597,55.0,1450,1.535996675491333,,0.22231545113027096,0.08712437748908997
5598,33.0,949,0.994072437286377,,0.22657273337244987,0.05736756697297096
5599,32.0,1246,1.2668895721435547,,0.12828386574983597,0.03765345737338066
5600,32.0,991,1.033928632736206,,0.07467105332762003,0.008135613054037094
5601,33.0,1127,1.159480333328247,,0.15839991625398397,0.04345127195119858
5602,63.0,1873,1.9862854480743408,,0.24572777934372425,0.1051872968673706
5603,32.0,1085,1.1216881275177002,,0.13924151193350554,0.037497423589229584
5604,29.0,1094,1.1264128684997559,,0.11773560289293528,0.03760042041540146
5605,32.0,927,0.972801923751831,,0.12418890744447708,0.03513314947485924
5606,29.0,863,0.9166510105133057,,0.1322682984173298,0.023396465927362442
5607,31.0,1058,1.0912504196166992,,0.11813975963741541,0.043065473437309265
5608,29.0,944,0.9394454956054688,,0.03877288429066539,-0.019590962678194046
5609,57.0,1605,1.7174954414367676,,0.21442248113453388,0.058158908039331436
5610,63.0,1808,1.8671901226043701,,0.2377611193805933,0.06214458495378494
5611,32.0,1007,1.0570149421691895,,0.13755941204726696,0.03729022666811943
5612,30.0,1255,1.3428502082824707,,0.13725610822439194,0.027281183749437332
5613,65.0,2013,2.040233850479126,,0.04513712879270315,-0.013265550136566162
5614,28.0,803,0.8730101585388184,,0.14834590815007687,0.029234878718852997
5615,31.0,1225,1.2484540939331055,,0.09395208023488522,0.023382171988487244
5616,30.0,888,0.9528083801269531,,0.06100372178480029,0.0018429644405841827
5617,19.0,924,0.9971890449523926,,0.14222400542348623,0.03425326943397522
5618,31.0,1249,1.2899141311645508,,0.24427208304405212,0.0833965539932251
5619,32.0,988,1.0332205295562744,,0.1068878723308444,0.018702015280723572
5620,28.0,901,0.9596941471099854,,0.11338185612112284,0.021986713632941246
5621,32.0,1161,1.1911256313323975,,0.11789689026772976,0.02105049043893814
5622,32.0,1123,1.2193717956542969,,0.14194955304265022,0.04437663406133652
5623,33.0,874,0.8735411167144775,,0.07382945064455271,-0.007645606994628906
5624,31.0,965,1.0199730396270752,,0.09722765441983938,0.017267154529690742
5625,34.0,863,0.9280474185943604,,0.12429697159677744,0.027179528027772903
5626,31.0,1113,1.1488268375396729,,0.3255102951079607,0.09636858850717545
5627,30.0,1093,1.1355719566345215,,0.17339116521179676,0.06117155775427818
5628,21.0,708,0.792891263961792,,0.11086080223321915,0.027767382562160492
5629,31.0,1160,1.1965703964233398,,0.17226750031113625,0.05927468463778496
5630,26.0,722,0.73638916015625,,0.0939675522968173,0.0031457431614398956
5631,26.0,971,1.0257997512817383,,0.232166925445199,0.09683908522129059
5632,21.0,609,0.632758378982544,,0.13767228927463293,0.027493789792060852
5633,32.0,866,0.9227972030639648,,0.24187970533967018,0.08860273659229279
5634,66.0,2279,2.3444581031799316,,0.31220293790102005,0.11276598274707794
5635,32.0,957,1.004490852355957,,0.07548724487423897,0.0013519376516342163
5636,32.0,1072,1.115907907485962,,0.10529094934463501,0.02029363438487053
5637,32.0,1183,1.2732994556427002,,0.10001789219677448,0.02161167748272419
5638,3.0,343,0.3299539089202881,,0.10001789219677448,0.02161167748272419
5639,31.0,920,0.978492259979248,,0.776198998093605,0.25512805581092834
5640,30.0,1107,1.1482722759246826,,0.10367920435965061,0.011648198589682579
5641,26.0,971,1.0332465171813965,,0.0858648531138897,-0.004171840846538544
5642,34.0,1110,1.157853603363037,,0.21342523209750652,0.05316099524497986
5643,31.0,1039,1.0890216827392578,,0.2082421313971281,0.05094146355986595
5644,41.0,1202,1.2939691543579102,,0.13170455489307642,0.040076762437820435
5645,31.0,1047,1.091249942779541,,0.2883042227476835,0.09613075852394104
5646,10.0,475,0.5115902423858643,,0.1460674498230219,0.03165270760655403
5647,33.0,1025,1.0791432857513428,,0.33408454433083534,0.12189105898141861
5648,29.0,1513,1.5919554233551025,,0.20454556494951248,0.05062618851661682
5649,33.0,1138,1.172395944595337,,0.14865132793784142,0.045434124767780304
5650,30.0,1073,1.1163437366485596,,0.08628938626497984,0.0056356340646743774
5651,28.0,894,0.9555573463439941,,0.09040040336549282,0.012441376224160194
5652,34.0,866,0.8637735843658447,,0.14628601260483265,0.04099598899483681
5653,33.0,1183,1.2665350437164307,,0.1425345540046692,0.04758497327566147
5654,28.0,1127,1.1689658164978027,,0.2521742843091488,0.08895321190357208
5655,31.0,1058,1.0950028896331787,,0.1857299990952015,0.07170791923999786
5656,65.0,2075,2.161661386489868,,0.2955036871135235,0.07528416812419891
5657,33.0,958,1.0096330642700195,,0.13221656437963247,0.03865989297628403
5658,32.0,1184,1.2190327644348145,,0.09646306093782187,0.01459544152021408
5659,66.0,2023,2.124635696411133,,0.08622627146542072,0.006326884031295776
5660,29.0,1046,1.0952472686767578,,0.17900212854146957,0.04195592924952507
5661,30.0,1115,1.1587817668914795,,0.1143023632466793,0.016093449667096138
5662,27.0,1255,1.3535823822021484,,0.2829807847738266,0.09500640630722046
5663,15.0,705,0.7312507629394531,,0.1622074842453003,0.034020353108644485
5664,30.0,989,1.0412652492523193,,0.27919405326247215,0.09985605627298355
5665,32.0,1232,1.3178904056549072,,0.2363627627491951,0.0879250317811966
5666,32.0,1287,1.3029625415802002,,0.1144283851608634,0.03069341741502285
5667,32.0,1000,1.0411224365234375,,0.11260631773620844,0.023285359144210815
5668,31.0,1163,1.1867892742156982,,0.1410991521552205,0.03984130173921585
5669,33.0,1200,1.290196180343628,,0.1876103561371565,0.06960384547710419
5670,30.0,921,0.9727375507354736,,0.14145241305232048,0.04302751272916794
5671,42.0,1283,1.3153517246246338,,0.1844816729426384,0.0672505646944046
5672,49.0,1667,1.7312796115875244,,0.10815907455980778,0.007584046572446823
5673,33.0,1309,1.3994252681732178,,0.2225565854460001,0.07193732261657715
5674,57.0,1661,1.7257061004638672,,0.07506809383630753,0.004661755636334419
5675,32.0,939,0.9886038303375244,,0.310572549700737,0.11633576452732086
5676,34.0,922,0.978003978729248,,0.12763504777103662,0.030886439606547356
5677,32.0,1064,1.1051325798034668,,0.1357078105211258,0.038066018372774124
5678,30.0,984,1.0320427417755127,,0.1756377164274454,0.05684252083301544
5679,31.0,938,0.988868236541748,,0.19157699868083,0.08703722804784775
5680,32.0,915,0.9126284122467041,,0.12185835652053356,0.018133293837308884
5681,31.0,1004,1.048628568649292,,0.10329993534833193,0.019191371276974678
5682,36.0,1293,1.3816211223602295,,0.22818108089268208,0.07596507668495178
5683,52.0,1361,1.3831689357757568,,0.4413944259285927,0.18111960589885712
5684,26.0,887,0.9409825801849365,,0.28578733652830124,0.10193885117769241
5685,32.0,1184,1.2770590782165527,,0.13276644423604012,0.0349239856004715
5686,31.0,1062,1.1042838096618652,,0.09621534775942564,0.02391350455582142
5687,29.0,1161,1.2014856338500977,,0.16010310500860214,0.05501909554004669
5688,32.0,842,0.9022982120513916,,0.10531879309564829,0.026559315621852875
5689,32.0,987,0.9682145118713379,,0.10202705208212137,0.016739115118980408
5690,29.0,985,1.0310084819793701,,0.06878017913550138,0.00017146021127700806
5691,33.0,1027,1.0601282119750977,,0.1656774189323187,0.04458608478307724
5692,52.0,1562,1.6246814727783203,,0.1683005504310131,0.049341198056936264
5693,32.0,1244,1.3223004341125488,,0.18222246691584587,0.055997055023908615
5694,34.0,833,0.8349077701568604,,0.06904686521738768,-0.009854357689619064
5695,31.0,1069,1.1725194454193115,,0.09891624934971333,0.01324475184082985
5696,31.0,964,0.9610257148742676,,0.1258454890921712,0.01910340040922165
5697,32.0,1171,1.2517869472503662,,0.1069145267829299,0.027135614305734634
5698,33.0,1087,1.1315631866455078,,0.17173130251467228,0.06638498604297638
5699,31.0,964,1.015211820602417,,0.42050161957740784,0.18421998620033264
5700,30.0,1082,1.1315577030181885,,0.26263164542615414,0.10499347746372223
5701,29.0,943,1.0010409355163574,,0.11710789892822504,0.03111548349261284
5702,32.0,1384,1.4042778015136719,,0.17879287339746952,0.05576140433549881
5703,32.0,1277,1.3591876029968262,,0.13254650495946407,0.03563503548502922
5704,43.0,1352,1.431971549987793,,0.10005496442317963,0.011089380830526352
5705,33.0,1047,1.0837345123291016,,0.1338105984032154,0.036839909851551056
5706,32.0,1166,1.2006311416625977,,0.2172290589660406,0.05867756903171539
5707,26.0,949,1.0046436786651611,,0.11253427900373936,0.027826745063066483
5708,32.0,1024,1.0604491233825684,,0.18540280871093273,0.06245744228363037
5709,27.0,790,0.8010621070861816,,0.06757557857781649,-0.002139125019311905
5710,33.0,811,0.8777647018432617,,0.1607283353805542,0.04898104816675186
5711,21.0,639,0.664870023727417,,0.12568864971399307,0.03131450340151787
5712,22.0,695,0.7167816162109375,,0.1671847477555275,0.03726710379123688
5713,32.0,1197,1.2903175354003906,,0.12865796219557524,0.03687342256307602
5714,30.0,970,1.0249066352844238,,0.09731787629425526,0.02162029966711998
5715,32.0,1126,1.1608233451843262,,0.22175855934619904,0.06385358422994614
5716,32.0,938,1.0193655490875244,,0.1663405168801546,0.057464126497507095
5717,32.0,1054,1.0928223133087158,,0.08001425024122,0.016857828944921494
5718,30.0,1043,1.0863451957702637,,0.16863974556326866,0.05858243256807327
5719,67.0,1918,2.023777484893799,,0.22024560905992985,0.056987009942531586
5720,32.0,795,0.8063578605651855,,0.13370123784989119,0.024391435086727142
5721,18.0,637,0.6640899181365967,,0.15157988108694553,0.0603155717253685
5722,31.0,920,0.9743878841400146,,0.34427012503147125,0.11668408662080765
5723,31.0,958,1.0131027698516846,,0.07345232181251049,0.005969669669866562
5724,33.0,804,0.8653714656829834,,0.13269158825278282,0.03336285054683685
5725,31.0,983,0.976954460144043,,0.10595234949141741,0.011073660105466843
5726,54.0,1605,1.7358455657958984,,0.2946468759328127,0.12489171326160431
5727,32.0,968,1.0143446922302246,,0.10122297331690788,0.00853678584098816
5728,46.0,1475,1.501471996307373,,0.13271192740648985,0.038341816514730453
5729,31.0,1223,1.3177454471588135,,0.16160995699465275,0.053338587284088135
5730,16.0,598,0.623873233795166,,0.25853028893470764,0.07784642279148102
5731,33.0,982,1.0243308544158936,,0.3561451733112335,0.16230708360671997
5732,59.0,1623,1.6911251544952393,,0.1127459853887558,0.012697312980890274
5733,60.0,1796,1.909604787826538,,0.19668006151914597,0.041904885321855545
5734,31.0,1242,1.2752728462219238,,0.2142022866755724,0.08560314774513245
5735,51.0,1704,1.7642314434051514,,0.24005921185016632,0.07051433622837067
5736,21.0,732,0.799426794052124,,0.19466042518615723,0.056121475994586945
5737,32.0,864,0.8564238548278809,,0.2000458799302578,0.08113240450620651
5738,30.0,985,1.027383804321289,,0.10051306895911694,0.01090862974524498
5739,19.0,615,0.6956584453582764,,0.1700601913034916,0.03608003631234169
5740,52.0,1699,1.759596347808838,,0.13759750965982676,0.027071546763181686
5741,32.0,967,1.0204334259033203,,0.36928262934088707,0.12751014530658722
5742,31.0,1047,1.0908291339874268,,0.15860282070934772,0.052320122718811035
5743,31.0,993,1.031766414642334,,0.1084406329318881,0.024432843551039696
5744,65.0,2293,2.3472824096679688,,0.3646584637463093,0.12517322599887848
5745,32.0,1156,1.1863889694213867,,0.1380757475271821,0.034016650170087814
5746,33.0,804,0.8663218021392822,,0.1260297391563654,0.018390916287899017
5747,25.0,814,0.8767800331115723,,0.11654205713421106,0.030414611101150513
5748,31.0,1122,1.150871753692627,,0.1176916928961873,0.019756736233830452
5749,56.0,1713,1.78056001663208,,0.0788135938346386,0.005420364439487457
5750,49.0,1689,1.758605718612671,,0.09490389656275511,-0.006411843001842499
5751,30.0,924,0.9853293895721436,,0.24924121983349323,0.0907571092247963
5752,30.0,1085,1.1318588256835938,,0.14400484412908554,0.04204945266246796
5753,31.0,1168,1.255401372909546,,0.11279333755373955,0.018424473702907562
5754,31.0,989,1.0298480987548828,,0.10493473149836063,0.028178680688142776
5755,34.0,911,0.8996763229370117,,0.07898826338350773,-0.00737173855304718
5756,32.0,951,0.9971988201141357,,0.1873160656541586,0.06108624488115311
5757,31.0,1039,1.0700738430023193,,0.13426704239100218,0.015904247760772705
5758,31.0,992,1.0355842113494873,,0.1427522310987115,0.03587194159626961
5759,30.0,1021,1.065544605255127,,0.12663252372294664,0.03977711871266365
5760,33.0,804,0.8714029788970947,,0.16076895408332348,0.029336821287870407
5761,26.0,955,1.0219683647155762,,0.2383529394865036,0.06940891593694687
5762,30.0,1146,1.1906745433807373,,0.2592082414776087,0.10193575173616409
5763,67.0,2357,2.431562900543213,,0.3277691937983036,0.1040118932723999
5764,32.0,1058,1.1548709869384766,,0.0884500090032816,0.016787195578217506
5765,30.0,1035,1.0772044658660889,,0.2172551527619362,0.06375113874673843
5766,32.0,1100,1.1307313442230225,,0.1552795208990574,0.04866732656955719
5767,59.0,1761,1.827373743057251,,0.1278506126254797,0.0066374316811561584
5768,30.0,1011,1.0534491539001465,,0.24084866605699062,0.0627860501408577
5769,31.0,802,0.8599426746368408,,0.07375653320923448,0.0006054025143384933
5770,28.0,927,0.9838745594024658,,0.1889113374054432,0.061424098908901215
5771,30.0,1062,1.0963094234466553,,0.12934446334838867,0.043236143887043
5772,30.0,907,0.8990781307220459,,0.0763967502862215,-0.0034625567495822906
5773,33.0,964,1.0097670555114746,,0.13129268772900105,0.021381936967372894
5774,27.0,953,1.0188579559326172,,0.15443230234086514,0.04428430646657944
5775,33.0,987,1.036663293838501,,0.12010039761662483,0.016644971445202827
5776,31.0,1125,1.1650335788726807,,0.19905825518071651,0.06919629871845245
5777,34.0,845,0.9040889739990234,,0.0973464073613286,0.015497677028179169
5778,27.0,944,1.0026495456695557,,0.20530981197953224,0.08440830558538437
5779,30.0,903,0.9077029228210449,,0.18763027898967266,0.06035958230495453
5780,31.0,922,0.9785182476043701,,0.09501765016466379,0.011625032871961594
5781,30.0,982,1.0328395366668701,,0.12436220794916153,0.04837183281779289
5782,58.0,2153,2.2398159503936768,,0.07074083480983973,-0.009728237986564636
5783,30.0,941,0.9952313899993896,,0.19260372780263424,0.0428471639752388
5784,29.0,1042,1.083507776260376,,0.11843484826385975,0.02014690451323986
5785,19.0,715,0.7986457347869873,,0.2515847682952881,0.08202676475048065
5786,34.0,935,0.9846854209899902,,0.22426204569637775,0.07328400015830994
5787,39.0,1238,1.2675771713256836,,0.08669329062104225,0.019957615062594414
5788,31.0,1070,1.1058697700500488,,0.19213839806616306,0.04735147953033447
5789,31.0,1080,1.1219027042388916,,0.12199736386537552,0.02526126801967621
5790,31.0,889,0.9456171989440918,,0.1127838958054781,0.02613924816250801
5791,31.0,1133,1.1705982685089111,,0.16379902698099613,0.03853411227464676
5792,32.0,783,0.8489141464233398,,0.0786310387775302,0.002418301999568939
5793,29.0,1053,1.0999937057495117,,0.12198151368647814,0.025788284838199615
5794,32.0,823,0.8290464878082275,,0.0864031258970499,-0.0052831098437309265
5795,29.0,1205,1.3103880882263184,,0.19262811541557312,0.05350320786237717
5796,33.0,1128,1.1680002212524414,,0.17822041921317577,0.04833294451236725
5797,31.0,1161,1.2037642002105713,,0.29668090492486954,0.10258553922176361
5798,33.0,982,1.0374438762664795,,0.14327754452824593,0.03929000720381737
5799,25.0,963,1.0214574337005615,,0.23915589228272438,0.08865180611610413
5800,32.0,1059,1.1067521572113037,,0.1508803516626358,0.04706624522805214
5801,31.0,961,1.0174520015716553,,0.14327593706548214,0.04265538230538368
5802,32.0,811,0.8222756385803223,,0.17082553915679455,0.048496924340724945
5803,23.0,884,0.949962854385376,,0.08233527932316065,-0.004764046519994736
5804,32.0,957,1.0022435188293457,,0.204033013433218,0.07732489705085754
5805,31.0,866,0.9167013168334961,,0.12928045634180307,0.03718046098947525
5806,30.0,980,1.021618366241455,,0.110644755885005,0.025215646252036095
5807,31.0,1032,1.0674877166748047,,0.10293866414576769,0.02366790734231472
5808,33.0,1137,1.1653056144714355,,0.174226937815547,0.053461670875549316
5809,32.0,891,0.9404683113098145,,0.1563522107899189,0.04936312139034271
5810,31.0,952,0.9445085525512695,,0.07201128220185637,-0.01542343758046627
5811,33.0,1026,1.0829555988311768,,0.06192742753773928,-0.007801806554198265
5812,32.0,1149,1.2511332035064697,,0.20507764257490635,0.06896062940359116
5813,32.0,774,0.7833499908447266,,0.13313366938382387,0.01966024935245514
5814,31.0,1161,1.2014901638031006,,0.1093173436820507,0.010872423648834229
5815,42.0,1511,1.5795438289642334,,0.09829442296177149,0.027525698766112328
5816,40.0,1052,1.105475664138794,,0.34963685646653175,0.1620505005121231
5817,31.0,802,0.8673732280731201,,0.20791677571833134,0.04941963776946068
5818,56.0,1597,1.6768670082092285,,0.15645592100918293,0.03592563420534134
5819,32.0,945,1.0016884803771973,,0.22744863294065,0.07864697277545929
5820,32.0,873,0.9359016418457031,,0.10875358246266842,0.02532825618982315
5821,31.0,896,0.8953402042388916,,0.052072761580348015,-0.00906105525791645
5822,41.0,1299,1.39064359664917,,0.2443680763244629,0.08366226404905319
5823,53.0,1727,1.7840545177459717,,0.06895704241469502,-0.004804842174053192
5824,33.0,1091,1.1923754215240479,,0.13285243697464466,0.028159350156784058
5825,32.0,1015,0.9963085651397705,,0.07112421095371246,-0.010476645082235336
5826,28.0,972,1.02400803565979,,0.09882049541920424,0.016009598970413208
5827,32.0,1059,1.1005864143371582,,0.16656681336462498,0.04357646405696869
5828,32.0,1259,1.3424129486083984,,0.15272624418139458,0.03826625645160675
5829,33.0,1217,1.2418944835662842,,0.14965305756777525,0.03885107487440109
5830,31.0,829,0.8890509605407715,,0.08491202164441347,0.006831623613834381
5831,21.0,765,0.7801923751831055,,0.0771651342511177,-0.001226276159286499
5832,43.0,1395,1.4736354351043701,,0.11590395215898752,0.025996427983045578
5833,34.0,859,0.9175670146942139,,0.400765348225832,0.1792820692062378
5834,28.0,951,1.007383108139038,,0.19493229687213898,0.07585150748491287
5835,30.0,955,1.0034010410308838,,0.16645069234073162,0.06661438941955566
5836,32.0,785,0.7909784317016602,,0.12538019381463528,0.021823417395353317
5837,33.0,776,0.8365559577941895,,0.11050995532423258,0.024635393172502518
5838,23.0,764,0.7802462577819824,,0.08093675225973129,0.010937297716736794
5839,31.0,1067,1.0963525772094727,,0.1631450206041336,0.044545773416757584
5840,65.0,2041,2.1276464462280273,,0.2627836037427187,0.07164132595062256
5841,51.0,1505,1.577204704284668,,0.18237568624317646,0.05616369843482971
5842,31.0,980,1.0265381336212158,,0.19222338311374187,0.05081760883331299
5843,32.0,1057,1.0920600891113281,,0.10029154177755117,0.03177913650870323
5844,32.0,800,0.8659684658050537,,0.10685279779136181,0.027156494557857513
5845,30.0,1037,1.087254524230957,,0.10798410885035992,0.028608471155166626
5846,33.0,1091,1.1304967403411865,,0.11609045695513487,0.024141211062669754
5847,32.0,1050,1.0934100151062012,,0.09029731526970863,0.013618279248476028
5848,21.0,700,0.7204742431640625,,0.09411241766065359,-0.005787864327430725
5849,32.0,845,0.9081335067749023,,0.26876947842538357,0.10177667438983917
5850,30.0,1023,1.0655286312103271,,0.06667548511177301,0.009477999061346054
5851,39.0,1277,1.3026180267333984,,0.06243640277534723,0.0033223461359739304
5852,30.0,989,1.0368049144744873,,0.4607749842107296,0.15682020783424377
5853,16.0,580,0.6101224422454834,,0.10462723951786757,0.02364307828247547
5854,26.0,917,0.9800827503204346,,0.3820227198302746,0.1353093534708023
5855,33.0,1001,1.0535118579864502,,0.21573938615620136,0.047107331454753876
5856,30.0,1108,1.1487219333648682,,0.116836111061275,0.04054955765604973
5857,31.0,929,0.9865083694458008,,0.10001063719391823,0.011643726378679276
5858,31.0,890,0.9453587532043457,,0.09124878887087107,0.012681979686021805
5859,32.0,925,0.9822986125946045,,0.14013203419744968,0.05221020430326462
5860,32.0,1068,1.1062517166137695,,0.098337740637362,0.02635481394827366
5861,30.0,962,1.0194501876831055,,0.10182040557265282,0.028010984882712364
5862,30.0,1113,1.1594922542572021,,0.19851556792855263,0.059366025030612946
5863,33.0,980,1.0278780460357666,,0.09346287045627832,0.01760128140449524
5864,32.0,1403,1.4292924404144287,,0.1911106612533331,0.065342478454113
5865,23.0,752,0.8270058631896973,,0.1138202054426074,0.007160112261772156
5866,60.0,1785,1.834618091583252,,0.09097238257527351,0.0055479612201452255
5867,55.0,1943,2.0443406105041504,,0.24283680506050587,0.09447906911373138
5868,32.0,1046,1.079190731048584,,0.19513111747801304,0.05416262522339821
5869,28.0,1054,1.0977699756622314,,0.11205595824867487,0.021225180476903915
5870,30.0,1105,1.1514065265655518,,0.2124256156384945,0.06665091961622238
5871,32.0,1121,1.2110393047332764,,0.13954452611505985,0.0343707874417305
5872,50.0,1403,1.420654058456421,,0.1307049747556448,0.051602087914943695
5873,57.0,1621,1.7379097938537598,,0.18465168587863445,0.04478868097066879
5874,33.0,1225,1.2418923377990723,,0.08405931480228901,0.0019166246056556702
5875,33.0,1040,1.0845608711242676,,0.08825717587023973,0.018849920481443405
5876,30.0,1011,1.0661234855651855,,0.1076984778046608,0.01738581992685795
5877,53.0,1511,1.5866916179656982,,0.13866303488612175,0.026291117072105408
5878,34.0,1082,1.128098726272583,,0.11912300065159798,0.022402722388505936
5879,29.0,1125,1.1659252643585205,,0.13637180253863335,0.037705518305301666
5880,32.0,1014,1.0654222965240479,,0.10697181429713964,0.028401048853993416
5881,33.0,1203,1.2939479351043701,,0.05847158748656511,0.0004614684730768204
5882,31.0,1089,1.127284049987793,,0.13534232508391142,0.033784691244363785
5883,30.0,1253,1.2892463207244873,,0.17206687107682228,0.055048517882823944
5884,35.0,1332,1.4150378704071045,,0.09761689975857735,0.01950490102171898
5885,39.0,1116,1.1638295650482178,,0.39530321955680847,0.15616267919540405
5886,31.0,954,1.0068998336791992,,0.34600958228111267,0.15228141844272614
5887,32.0,1269,1.3019225597381592,,0.24317826516926289,0.07867126166820526
5888,56.0,1921,2.026970863342285,,0.23481918312609196,0.07172498106956482
5889,31.0,1270,1.2960758209228516,,0.20727502182126045,0.09456176310777664
5890,34.0,962,1.015286922454834,,0.11156207136809826,0.011513810604810715
5891,37.0,1407,1.484555959701538,,0.11700070463120937,0.026780128479003906
5892,31.0,1038,1.0742008686065674,,0.5096526704728603,0.23134993016719818
5893,28.0,954,1.0106439590454102,,0.131077092140913,0.030598875135183334
5894,28.0,923,0.9816346168518066,,0.14487147144973278,0.04620660841464996
5895,34.0,1082,1.1206657886505127,,0.12743203435093164,0.027098646387457848
5896,25.0,938,0.999962329864502,,0.17219063267111778,0.06301669776439667
5897,66.0,2114,2.2106194496154785,,0.21673556603491306,0.047177866101264954
5898,56.0,1973,2.077665328979492,,0.26996628753840923,0.08001276850700378
5899,66.0,2184,2.2613887786865234,,0.32532908767461777,0.11782421171665192
5900,32.0,1075,1.116250991821289,,0.1606387048959732,0.04669276252388954
5901,55.0,1503,1.584707498550415,,0.1251755403354764,0.016800731420516968
5902,25.0,781,0.8539338111877441,,0.22290739975869656,0.06888824701309204
5903,32.0,1018,1.072373628616333,,0.30071708373725414,0.11919480562210083
5904,26.0,759,0.7733001708984375,,0.1187486732378602,0.030589766800403595
5905,28.0,1039,1.089545726776123,,0.19593969359993935,0.06397831439971924
5906,31.0,1117,1.1655347347259521,,0.23341833427548409,0.08562391996383667
5907,31.0,1176,1.2719824314117432,,0.13692769035696983,0.029362455010414124
5908,49.0,1731,1.7903680801391602,,0.09082939010113478,-0.006208289414644241
5909,34.0,1319,1.403341293334961,,0.19411437213420868,0.05366860330104828
5910,33.0,1094,1.1272985935211182,,0.15754455793648958,0.044433824717998505
5911,31.0,1238,1.263620138168335,,0.16356666386127472,0.04374886304140091
5912,32.0,1045,1.0837607383728027,,0.10567369218915701,0.02421872317790985
5913,56.0,1961,2.0646893978118896,,0.2557705771178007,0.10010197013616562
5914,32.0,1057,1.095041275024414,,0.1920623444020748,0.05866798758506775
5915,53.0,1695,1.7674717903137207,,0.1210609283298254,0.02021482214331627
5916,30.0,1231,1.3177027702331543,,0.2071512434631586,0.06531203538179398
5917,53.0,1474,1.5473673343658447,,0.22205628640949726,0.061957839876413345
5918,32.0,1077,1.111581802368164,,0.1992737203836441,0.06626385450363159
5919,33.0,835,0.8347437381744385,,0.09680905751883984,0.00999528169631958
5920,33.0,1091,1.1225039958953857,,0.14094754680991173,0.03866282477974892
5921,35.0,1123,1.2064158916473389,,0.11969782039523125,0.03118014521896839
5922,41.0,1359,1.3717925548553467,,0.10131372231990099,0.025460783392190933
5923,33.0,1010,1.0491037368774414,,0.3551706522703171,0.10554111003875732
5924,33.0,961,1.0087811946868896,,0.09892380330711603,0.01770291104912758
5925,31.0,985,1.03672194480896,,0.11189981177449226,0.026136886328458786
5926,62.0,1936,2.052384376525879,,0.2964385971426964,0.10150372982025146
5927,33.0,1048,1.0870556831359863,,0.1704410333186388,0.04839770868420601
5928,70.0,2093,2.183051824569702,,0.2349495366215706,0.0823676660656929
5929,24.0,747,0.7668204307556152,,0.13719995133578777,0.026796609163284302
5930,32.0,816,0.8792154788970947,,0.24578759260475636,0.07530369609594345
5931,31.0,1239,1.2543962001800537,,0.11239509750157595,0.030766606330871582
5932,33.0,1216,1.3052380084991455,,0.22282498516142368,0.08320465683937073
5933,42.0,1142,1.1851723194122314,,0.0918199447914958,0.014534538611769676
5934,32.0,1026,1.0797600746154785,,0.44463013112545013,0.15946044027805328
5935,33.0,1081,1.118349313735962,,0.08216516301035881,0.016355400905013084
5936,23.0,675,0.7615365982055664,,0.18570538610219955,0.05474666506052017
5937,42.0,1345,1.373478651046753,,0.1265548961237073,0.021601464599370956
5938,56.0,1694,1.7550404071807861,,0.1291784578934312,0.02920355089008808
5939,32.0,1086,1.1799664497375488,,0.1558330338448286,0.0556446835398674
5940,33.0,961,0.9516894817352295,,0.0596907720901072,-0.00471307709813118
5941,32.0,1055,1.1601951122283936,,0.3274565674364567,0.11766763776540756
5942,32.0,1249,1.2786555290222168,,0.2355333622545004,0.07745523750782013
5943,33.0,762,0.772977352142334,,0.09399436507374048,-0.004011586308479309
5944,29.0,831,0.9052658081054688,,0.13460514415055513,0.03058391809463501
5945,34.0,925,0.9818115234375,,0.11389042902737856,0.010483479127287865
5946,34.0,809,0.8172962665557861,,0.09300610795617104,0.007282223552465439
5947,32.0,916,0.9756555557250977,,0.1423171442002058,0.040840499103069305
5948,40.0,1414,1.4984912872314453,,0.10123675782233477,0.008649874478578568
5949,32.0,724,0.7370700836181641,,0.1131591834127903,0.017481200397014618
5950,40.0,1230,1.3310127258300781,,0.25639933720231056,0.12359842658042908
5951,33.0,785,0.7926230430603027,,0.2754864115267992,0.08721986413002014
5952,34.0,919,0.9795427322387695,,0.09553963504731655,0.014025378972291946
5953,54.0,1406,1.4903645515441895,,0.13384675979614258,0.027434565126895905
5954,24.0,781,0.7970435619354248,,0.3876197636127472,0.15224255621433258
5955,32.0,1094,1.1879026889801025,,0.07893501315265894,0.009935416281223297
5956,54.0,1613,1.6856296062469482,,0.08395540527999401,-0.004402086138725281
5957,32.0,1037,1.0779259204864502,,0.1801240462809801,0.06823021173477173
5958,33.0,800,0.8070940971374512,,0.10056595876812935,0.011644013226032257
5959,31.0,1273,1.3590326309204102,,0.20717290975153446,0.0882682204246521
5960,25.0,855,0.8621697425842285,,0.10164979286491871,-0.0005720704793930054
5961,31.0,999,1.0449111461639404,,0.1541826231405139,0.03870958834886551
5962,31.0,1188,1.2783398628234863,,0.11141423881053925,0.01814454048871994
5963,55.0,1503,1.5886929035186768,,0.2713741082698107,0.11105718463659286
5964,31.0,1165,1.1967358589172363,,0.28917090222239494,0.10925404727458954
5965,57.0,1581,1.6533863544464111,,0.07627275213599205,-0.0024459809064865112
5966,30.0,1095,1.137342929840088,,0.3205946162343025,0.11520122736692429
5967,31.0,944,1.003509521484375,,0.09283522609621286,0.022042836993932724
5968,33.0,1095,1.1376237869262695,,0.08908795285969973,0.019965656101703644
5969,32.0,833,0.9003458023071289,,0.13949657510966063,0.03675348311662674
5970,69.0,2254,2.327249050140381,,0.37491325289011,0.1336970031261444
5971,73.0,2551,2.6707451343536377,,0.152715926989913,0.04705451428890228
5972,32.0,1024,1.0704076290130615,,0.4571756646037102,0.17893072962760925
5973,32.0,1078,1.1160998344421387,,0.09142179600894451,0.017557546496391296
5974,33.0,985,1.0334453582763672,,0.09116091672331095,0.020484942942857742
5975,30.0,910,0.9771904945373535,,0.14955134224146605,0.029699891805648804
5976,28.0,1144,1.1854407787322998,,0.11421383917331696,0.03364073485136032
5977,31.0,1137,1.1822307109832764,,0.15595522616058588,0.04328516870737076
5978,33.0,844,0.9085562229156494,,0.10010666958987713,0.012953836470842361
5979,19.0,582,0.6087148189544678,,0.07531248405575752,0.006200904026627541
5980,32.0,1096,1.1341657638549805,,0.22430251352488995,0.0791751965880394
5981,32.0,1062,1.1074919700622559,,0.06325288396328688,-0.00910913199186325
5982,65.0,1897,2.0016441345214844,,0.3202952444553375,0.11351796984672546
5983,32.0,1019,1.0646562576293945,,0.30589060485363007,0.10115034878253937
5984,25.0,809,0.8853025436401367,,0.1119104390963912,0.015784557908773422
5985,66.0,2191,2.2795512676239014,,0.2601629700511694,0.05541016906499863
5986,30.0,953,1.0084519386291504,,0.17242725007236004,0.05432126298546791
5987,23.0,842,0.8534243106842041,,0.16762949712574482,0.041629254817962646
5988,28.0,905,0.9629232883453369,,0.2987974248826504,0.09615210443735123
5989,30.0,1100,1.1340789794921875,,0.19554878026247025,0.04257230833172798
5990,32.0,1072,1.1002120971679688,,0.13276734948158264,0.027374975383281708
5991,32.0,1123,1.2277002334594727,,0.17074548825621605,0.06355766952037811
5992,30.0,913,0.9102184772491455,,0.11581908166408539,0.022251643240451813
5993,30.0,1072,1.1754467487335205,,0.1888885200023651,0.05158168449997902
5994,60.0,1817,1.8742625713348389,,0.09828762616962194,0.014848761260509491
5995,32.0,923,0.9757347106933594,,0.18099929578602314,0.06029235199093819
5996,24.0,914,0.9790310859680176,,0.15705951116979122,0.05575256422162056
5997,53.0,1803,1.8597187995910645,,0.05238042725250125,-0.016517166048288345
5998,33.0,930,0.9846665859222412,,0.18688040412962437,0.07883873581886292
5999,32.0,928,0.9836556911468506,,0.09506703075021505,0.009972024708986282
6000,32.0,1123,1.1679096221923828,,0.12425606790930033,0.0374264121055603
6001,31.0,1229,1.2635455131530762,,0.09297455288469791,0.02478400245308876
6002,17.0,634,0.7343101501464844,,0.09016882162541151,0.0032832585275173187
6003,34.0,1139,1.1790051460266113,,0.22503370605409145,0.08132476359605789
6004,32.0,1246,1.2692768573760986,,0.12945068627595901,0.04114532470703125
6005,33.0,752,0.8230042457580566,,0.18392942287027836,0.05189203470945358
6006,27.0,841,0.8511629104614258,,0.07459062105044723,0.007928833365440369
6007,30.0,881,0.9362688064575195,,0.1579418145120144,0.034407589584589005
6008,32.0,847,0.9122724533081055,,0.11191610526293516,0.01950697973370552
6009,59.0,1959,2.0622105598449707,,0.35341283306479454,0.13532817363739014
6010,29.0,919,0.9211452007293701,,0.1834933813661337,0.04595028981566429
6011,59.0,1583,1.7140889167785645,,0.25813557393848896,0.06818972527980804
6012,33.0,967,0.9586601257324219,,0.17202946543693542,0.027357574552297592
6013,32.0,1257,1.3392348289489746,,0.09256758820265532,0.01351303979754448
6014,34.0,806,0.8074746131896973,,0.05850036954507232,-0.01341712474822998
6015,62.0,2141,2.2806336879730225,,0.36858662217855453,0.12273121625185013
6016,30.0,1236,1.268618106842041,,0.23072552680969238,0.08248307555913925
6017,31.0,1028,1.0808384418487549,,0.12140785343945026,0.03442171961069107
6018,33.0,1055,1.0963900089263916,,0.14958796836435795,0.04088307172060013
6019,33.0,878,0.9338030815124512,,0.10537776350975037,0.012917032465338707
6020,32.0,1109,1.1428933143615723,,0.11484807170927525,0.02588401362299919
6021,34.0,850,0.9072349071502686,,0.10664932150393724,0.017451783642172813
6022,33.0,1094,1.1223938465118408,,0.11255494877696037,0.029815075919032097
6023,33.0,1025,1.062544584274292,,0.40809544175863266,0.15509772300720215
6024,32.0,997,1.0396358966827393,,0.07887900248169899,0.01589840278029442
6025,41.0,1228,1.265258550643921,,0.14464252721518278,0.03647260740399361
6026,30.0,1183,1.217623233795166,,0.36702000722289085,0.13679496943950653
6027,54.0,1637,1.7557661533355713,,0.31421469524502754,0.10303846746683121
6028,52.0,1560,1.6298329830169678,,0.13729023560881615,0.025785155594348907
6029,64.0,2403,2.4608113765716553,,0.3991661388427019,0.08206062018871307
6030,52.0,1544,1.6121571063995361,,0.2863778453320265,0.0899340957403183
6031,32.0,1159,1.2441277503967285,,0.14589643478393555,0.0519387423992157
6032,31.0,1105,1.1468281745910645,,0.20893493480980396,0.07226096093654633
6033,31.0,1199,1.235381841659546,,0.202111242339015,0.0628528967499733
6034,29.0,1005,1.0525054931640625,,0.1511134970933199,0.04756094887852669
6035,31.0,1181,1.2060925960540771,,0.15638566203415394,0.03038248047232628
6036,32.0,1141,1.2434074878692627,,0.18972022831439972,0.060153793543577194
6037,29.0,966,1.0237071514129639,,0.2145323008298874,0.06830368936061859
6038,26.0,725,0.7434186935424805,,0.1317619075998664,0.020729761570692062
6039,68.0,2362,2.475731134414673,,0.2107449285686016,0.058252863585948944
6040,31.0,1216,1.2525763511657715,,0.17521915957331657,0.054290637373924255
6041,29.0,1110,1.1491928100585938,,0.12921849824488163,0.021690908819437027
6042,30.0,957,1.0073165893554688,,0.10359864123165607,0.02258184924721718
6043,32.0,1071,1.1122112274169922,,0.10144560597836971,0.02235531434416771
6044,31.0,1032,1.0776612758636475,,0.09801330603659153,0.029272982850670815
6045,31.0,1091,1.131920576095581,,0.09540196415036917,0.015298467129468918
6046,31.0,920,0.9773533344268799,,0.10711186286062002,0.02184450998902321
6047,33.0,1190,1.2198855876922607,,0.0973025867715478,0.011858057230710983
6048,32.0,897,0.9563198089599609,,0.10189422965049744,0.030224446207284927
6049,30.0,1267,1.3593776226043701,,0.14494224824011326,0.03308255970478058
6050,55.0,1817,1.882901906967163,,0.15300597809255123,0.03310408443212509
6051,18.0,673,0.7011139392852783,,0.2925065793097019,0.07666344195604324
6052,32.0,1127,1.2202157974243164,,0.14090541005134583,0.05091656744480133
6053,32.0,1307,1.325796127319336,,0.15514442138373852,0.05324265733361244
6054,33.0,947,1.0046486854553223,,0.12618964537978172,0.02848341315984726
6055,51.0,1340,1.4322702884674072,,0.11520868074148893,0.02138032764196396
6056,51.0,1523,1.6119732856750488,,0.09804443642497063,0.012253865599632263
6057,40.0,1233,1.276076078414917,,0.14034590497612953,0.031865764409303665
6058,34.0,791,0.8566381931304932,,0.4167923778295517,0.1158878356218338
6059,51.0,1526,1.6075694561004639,,0.12109095230698586,-0.001987423747777939
6060,17.0,576,0.6086719036102295,,0.24849698320031166,0.0995778739452362
6061,27.0,797,0.8060493469238281,,0.44140371307730675,0.19284583628177643
6062,30.0,1194,1.293095350265503,,0.17424791119992733,0.060343801975250244
6063,33.0,829,0.8270037174224854,,0.13604821264743805,0.017824314534664154
6064,24.0,711,0.7862629890441895,,0.11080255825072527,0.021250803023576736
6065,32.0,833,0.8266730308532715,,0.2676798216998577,0.10384628176689148
6066,32.0,755,0.8174281120300293,,0.11260303668677807,0.030742928385734558
6067,49.0,1360,1.3970389366149902,,0.2916419394314289,0.12918372452259064
6068,36.0,1349,1.4263534545898438,,0.1369235860183835,0.030857432633638382
6069,33.0,888,0.9418244361877441,,0.40364258363842964,0.1066262423992157
6070,31.0,1070,1.1047194004058838,,0.18556632660329342,0.046651408076286316
6071,39.0,1248,1.277172565460205,,0.2715928740799427,0.09251853078603745
6072,33.0,902,0.9596536159515381,,0.2667172532528639,0.1010778546333313
6073,33.0,1063,1.107311725616455,,0.08386553358286619,0.01787499338388443
6074,52.0,1877,1.9775872230529785,,0.2919199839234352,0.10943055152893066
6075,32.0,911,0.9733245372772217,,0.1883383560925722,0.06698185205459595
6076,32.0,833,0.836301326751709,,0.07869191747158766,-0.0056629478931427
6077,58.0,1849,1.967674732208252,,0.1525703463703394,0.021024752408266068
6078,33.0,821,0.8267197608947754,,0.1802896000444889,0.0485735684633255
6079,30.0,879,0.9363584518432617,,0.1260283924639225,0.04432941973209381
6080,33.0,1193,1.2280044555664062,,0.20775420777499676,0.07839005440473557
6081,32.0,953,1.0009820461273193,,0.10140011925250292,0.002653278410434723
6082,31.0,860,0.9150550365447998,,0.10468607861548662,0.017032649368047714
6083,55.0,1748,1.7948026657104492,,0.08899690303951502,0.008617911487817764
6084,11.0,624,0.7040045261383057,,0.3759472295641899,0.11606208235025406
6085,32.0,811,0.813232421875,,0.4017942436039448,0.1506471484899521
6086,58.0,1698,1.7555830478668213,,0.12463342305272818,0.02547989785671234
6087,30.0,1109,1.2085154056549072,,0.41113875806331635,0.14563649892807007
6088,34.0,899,0.8919694423675537,,0.17861229926347733,0.05619627237319946
6089,58.0,1804,1.9042637348175049,,0.24545596167445183,0.062858447432518
6090,33.0,1011,1.0443918704986572,,0.16077551990747452,0.04419892281293869
6091,34.0,1067,1.1016571521759033,,0.12911283317953348,0.027862422168254852
6092,24.0,792,0.8598227500915527,,0.21643108874559402,0.07231961190700531
6093,32.0,1201,1.2277367115020752,,0.15241340827196836,0.03882414847612381
6094,31.0,1113,1.1384928226470947,,0.06954692071303725,0.01190895214676857
6095,17.0,541,0.5713481903076172,,0.0445726253092289,-0.009391095489263535
6096,32.0,868,0.9258220195770264,,0.32135336101055145,0.11849994957447052
6097,32.0,874,0.932262659072876,,0.08536874875426292,0.021909797564148903
6098,34.0,957,0.9529950618743896,,0.05971920723095536,-0.013684561476111412
6099,32.0,859,0.9187066555023193,,0.12832414079457521,0.029350891709327698
6100,31.0,1141,1.1785824298858643,,0.12070202827453613,0.028196627274155617
6101,58.0,1957,2.0492029190063477,,0.32538510486483574,0.12440305948257446
6102,28.0,863,0.9243044853210449,,0.28116333298385143,0.09175578504800797
6103,65.0,1897,1.9420528411865234,,0.3125959187746048,0.11349974572658539
6104,30.0,932,0.9893896579742432,,0.15553995594382286,0.033662304282188416
6105,32.0,1121,1.2174105644226074,,0.08615031000226736,0.005847010761499405
6106,32.0,923,0.9219851493835449,,0.10647761449217796,0.011569574475288391
6107,33.0,859,0.9215197563171387,,0.13167597632855177,0.028406351804733276
6108,32.0,904,0.9561662673950195,,0.11194818373769522,0.025751587003469467
6109,31.0,1031,1.076401948928833,,0.28275855258107185,0.09743408858776093
6110,31.0,1004,1.0494232177734375,,0.11006679106503725,0.016973327845335007
6111,33.0,1036,1.0713582038879395,,0.14722586423158646,0.03374921903014183
6112,63.0,1908,1.9463472366333008,,0.09041055385023355,-0.0020645111799240112
6113,20.0,649,0.7343978881835938,,0.1383522478863597,0.03612803667783737
6114,32.0,1175,1.2171690464019775,,0.31043562665581703,0.10912904143333435
6115,52.0,1465,1.5479321479797363,,0.11459627840667963,0.024593636393547058
6116,33.0,1107,1.1376245021820068,,0.20529712736606598,0.05109245330095291
6117,33.0,931,0.9808752536773682,,0.42755357921123505,0.16379258036613464
6118,25.0,881,0.9529948234558105,,0.3497535362839699,0.1345827579498291
6119,56.0,1898,1.9485642910003662,,0.13658830989152193,0.025585655122995377
6120,51.0,1589,1.6564757823944092,,0.09021042194217443,0.015740713104605675
6121,21.0,843,0.9154448509216309,,0.27397338673472404,0.10440006107091904
6122,32.0,969,1.0189120769500732,,0.1946021057665348,0.059785980731248856
6123,33.0,1070,1.1118462085723877,,0.12597014009952545,0.03481990844011307
6124,31.0,1238,1.2577769756317139,,0.13567727245390415,0.03691858798265457
6125,56.0,1737,1.860278844833374,,0.20101547427475452,0.05190533027052879
6126,14.0,548,0.578636646270752,,0.2670765891671181,0.09991375356912613
6127,31.0,1057,1.0950071811676025,,0.30069995671510696,0.12198404967784882
6128,30.0,1034,1.0861358642578125,,0.2408665157854557,0.09483763575553894
6129,6.0,381,0.4211452007293701,,0.19979562051594257,0.06628864258527756
6130,31.0,1160,1.1898198127746582,,0.29708896949887276,0.11715804040431976
6131,33.0,1030,1.0676116943359375,,0.13774540461599827,0.022475585341453552
6132,27.0,859,0.9232959747314453,,0.09151371009647846,0.01700495555996895
6133,32.0,731,0.741532564163208,,0.17801418341696262,0.0503607913851738
6134,41.0,1357,1.428208589553833,,0.07354085985571146,0.002845063805580139
6135,32.0,1058,1.0972692966461182,,0.31937375664711,0.12854351103305817
6136,25.0,869,0.9318482875823975,,0.38700077682733536,0.15215303003787994
6137,31.0,849,0.8602533340454102,,0.13644142169505358,0.022999558597803116
6138,32.0,857,0.9206554889678955,,0.11864614952355623,0.030577685683965683
6139,65.0,1952,2.0599374771118164,,0.24840286746621132,0.05989401787519455
6140,31.0,1071,1.11055326461792,,0.15222729556262493,0.049136724323034286
6141,35.0,1285,1.3199753761291504,,0.4556690789759159,0.17704160511493683
6142,47.0,1177,1.2845308780670166,,0.1449841344729066,0.028025537729263306
6143,13.0,529,0.5614123344421387,,0.34618333727121353,0.11051397025585175
6144,32.0,1055,1.1037979125976562,,0.2870603259652853,0.10599061846733093
6145,21.0,817,0.8353734016418457,,0.17861028760671616,0.05151376873254776
6146,31.0,1039,1.0794355869293213,,0.2847695108503103,0.10225314646959305
6147,33.0,905,0.9611625671386719,,0.08340931311249733,-0.0008807927370071411
6148,29.0,1154,1.1976161003112793,,0.30991317704319954,0.08540630340576172
6149,32.0,977,1.0191571712493896,,0.18795019760727882,0.05416356027126312
6150,27.0,748,0.8196310997009277,,0.35552878677845,0.12617604434490204
6151,33.0,1041,1.076340913772583,,0.1304486133158207,0.041618529707193375
6152,30.0,1139,1.1741893291473389,,0.2569775599986315,0.10300312936306
6153,31.0,1105,1.1430552005767822,,0.1389030497521162,0.038583219051361084
6154,29.0,817,0.8848142623901367,,0.09684420377016068,0.0019611194729804993
6155,31.0,993,1.039785623550415,,0.1482258066534996,0.030419982969760895
6156,31.0,1077,1.1241014003753662,,0.1644198875874281,0.05067165940999985
6157,30.0,1089,1.1326677799224854,,0.19759183749556541,0.0564991757273674
6158,24.0,956,1.021406888961792,,0.13644291460514069,0.03759869188070297
6159,40.0,1225,1.274367094039917,,0.30539484322071075,0.13305352628231049
6160,31.0,1101,1.1443276405334473,,0.4991268031299114,0.21933797001838684
6161,50.0,1409,1.5027282238006592,,0.07072739396244287,-0.004733864217996597
6162,30.0,1245,1.2706542015075684,,0.200697161257267,0.04561866447329521
6163,29.0,1075,1.1767587661743164,,0.2737557478249073,0.09713999927043915
6164,53.0,1425,1.447561502456665,,0.09427949413657188,0.015525368973612785
6165,31.0,1007,1.0535578727722168,,0.398894727230072,0.13647712767124176
6166,6.0,368,0.41222143173217773,,0.05364503897726536,-0.013548348098993301
6167,33.0,707,0.7257332801818848,,0.26684423349797726,0.08401470631361008
6168,33.0,752,0.823683500289917,,0.1019251849502325,0.013809993863105774
6169,31.0,1108,1.1428840160369873,,0.12237930204719305,0.02689468115568161
6170,31.0,1067,1.113187313079834,,0.08889923058450222,0.024023614823818207
6171,28.0,872,0.9418134689331055,,0.2697444446384907,0.07028285413980484
6172,32.0,968,1.0152759552001953,,0.1190091585740447,0.017214443534612656
6173,31.0,1027,1.070770502090454,,0.10352241341024637,0.01930994540452957
6174,33.0,1236,1.2625963687896729,,0.10796654503792524,0.026809314265847206
6175,32.0,920,0.9751150608062744,,0.09770842920988798,0.015697255730628967
6176,31.0,873,0.9280383586883545,,0.08413823135197163,0.013633154332637787
6177,31.0,1108,1.1415109634399414,,0.09262090642005205,0.02138805016875267
6178,31.0,1182,1.2117640972137451,,0.08375844731926918,0.010506849735975266
6179,30.0,961,1.0144758224487305,,0.053537238854914904,0.00023792870342731476
6180,28.0,899,0.9627296924591064,,0.0958896204829216,0.034437499940395355
6181,30.0,1067,1.1163668632507324,,0.30520807579159737,0.11208345741033554
6182,33.0,1089,1.127878189086914,,0.09658423904329538,0.02131388895213604
6183,53.0,1559,1.6320972442626953,,0.08147391211241484,0.004267659038305283
6184,34.0,835,0.8970692157745361,,0.3197389077395201,0.09962240606546402
6185,31.0,1152,1.1864025592803955,,0.1910656075924635,0.0704876184463501
6186,31.0,1038,1.0762875080108643,,0.08752412255853415,0.019118448719382286
6187,30.0,956,1.016273021697998,,0.1573132872581482,0.03958757966756821
6188,33.0,1131,1.1628198623657227,,0.08471335470676422,0.009586621075868607
6189,30.0,935,0.9885303974151611,,0.08811516407877207,0.01822403073310852
6190,32.0,1079,1.112436056137085,,0.08642803877592087,0.008558383211493492
6191,29.0,1166,1.2010712623596191,,0.321353318169713,0.12123245745897293
6192,29.0,913,0.9669699668884277,,0.3077288754284382,0.10104566812515259
6193,60.0,2009,2.1028881072998047,,0.2718150671571493,0.08749198913574219
6194,36.0,1195,1.2360820770263672,,0.29306910187005997,0.0914234071969986
6195,12.0,531,0.5668110847473145,,0.19990002177655697,0.05263938382267952
6196,31.0,1297,1.3917768001556396,,0.12183599825948477,0.029535649344325066
6197,30.0,1094,1.1524295806884766,,0.1469413787126541,0.04196954146027565
6198,58.0,1578,1.655282974243164,,0.08917277120053768,0.004074405878782272
6199,51.0,1864,1.9832134246826172,,0.2711524646729231,0.07285638153553009
6200,32.0,1124,1.167694330215454,,0.30537970177829266,0.1251014620065689
6201,32.0,1160,1.1996023654937744,,0.09047503396868706,0.0068692974746227264
6202,29.0,996,1.0461740493774414,,0.130024379119277,0.04236368089914322
6203,31.0,1123,1.1616675853729248,,0.23287096247076988,0.0732378140091896
6204,31.0,1160,1.2593729496002197,,0.12834114115685225,0.03396996110677719
6205,20.0,693,0.7164304256439209,,0.10863704327493906,0.006667103618383408
6206,32.0,992,1.042536973953247,,0.3009228091686964,0.10927589982748032
6207,30.0,1083,1.128007173538208,,0.1879437081515789,0.05606168508529663
6208,32.0,1122,1.1604523658752441,,0.179261714220047,0.06506796181201935
6209,52.0,1456,1.5334527492523193,,0.09969162847846746,0.012620393186807632
6210,30.0,1483,1.548717737197876,,0.18078294768929482,0.05036551505327225
6211,30.0,873,0.9264445304870605,,0.11991477757692337,0.03862873837351799
6212,31.0,1092,1.1169202327728271,,0.12627681903541088,0.036426741629838943
6213,33.0,989,1.034468412399292,,0.28314434364438057,0.09720300883054733
6214,57.0,1584,1.6442954540252686,,0.20776116661727428,0.05627312883734703
6215,30.0,897,0.9561495780944824,,0.13902789913117886,0.025969915091991425
6216,2.0,341,0.3261563777923584,,0.13902789913117886,0.025969915091991425
6217,69.0,2113,2.189180612564087,,0.35588388890028,0.1308460384607315
6218,61.0,1615,1.6821823120117188,,0.11948967445641756,0.02795375883579254
6219,27.0,825,0.895280122756958,,0.300519660115242,0.10185309499502182
6220,32.0,1165,1.193436861038208,,0.1888943798840046,0.05096059292554855
6221,32.0,875,0.9345536231994629,,0.19035088829696178,0.0581636056303978
6222,22.0,758,0.8395559787750244,,0.25538967177271843,0.06505277007818222
6223,31.0,1044,1.0919849872589111,,0.16549498960375786,0.040727291256189346
6224,31.0,1083,1.1259160041809082,,0.191244063898921,0.05899540334939957
6225,31.0,1069,1.112412452697754,,0.18489704094827175,0.06224386766552925
6226,29.0,969,1.0235815048217773,,0.12090468313544989,0.021037202328443527
6227,68.0,2197,2.2855913639068604,,0.12069973908364773,0.019334755837917328
6228,33.0,1095,1.1360671520233154,,0.23228239081799984,0.07507272064685822
6229,33.0,1217,1.2457208633422852,,0.10947595071047544,0.021424517035484314
6230,61.0,1923,2.0301361083984375,,0.2212877720594406,0.06689713895320892
6231,31.0,1239,1.3261535167694092,,0.09455188177525997,0.007443338632583618
6232,32.0,1170,1.2083392143249512,,0.13110931497067213,0.03456750884652138
6233,30.0,1122,1.1659855842590332,,0.13275114260613918,0.04557539522647858
6234,39.0,1161,1.1977040767669678,,0.1321785058826208,0.04854394122958183
6235,31.0,821,0.8830711841583252,,0.3346390910446644,0.11740594357252121
6236,27.0,833,0.8967931270599365,,0.11471062898635864,0.028015367686748505
6237,57.0,1819,1.8620030879974365,,0.1315812235698104,0.0287545807659626
6238,23.0,637,0.6579158306121826,,0.40284643694758415,0.12599776685237885
6239,58.0,1547,1.6110210418701172,,0.11653067450970411,0.03349649906158447
6240,50.0,1493,1.563720464706421,,0.12028937321156263,0.05154379457235336
6241,32.0,1246,1.3332233428955078,,0.18699241615831852,0.07338171452283859
6242,32.0,1089,1.129683017730713,,0.1912665106356144,0.048538677394390106
6243,23.0,890,0.9577794075012207,,0.2429706882685423,0.07162807136774063
6244,32.0,1077,1.1104669570922852,,0.27207920514047146,0.10338245332241058
6245,32.0,1112,1.1488759517669678,,0.09521766845136881,0.027498912066221237
6246,32.0,1167,1.1941471099853516,,0.10645481664687395,0.03022931143641472
6247,67.0,2337,2.460130214691162,,0.18581174686551094,0.052712079137563705
6248,26.0,758,0.77490234375,,0.1422892976552248,0.026406489312648773
6249,19.0,694,0.7769849300384521,,0.2944472022354603,0.11498312652111053
6250,34.0,1099,1.1382267475128174,,0.19389647617936134,0.06888298690319061
6251,32.0,1016,1.0719516277313232,,0.22517941519618034,0.0940210223197937
6252,34.0,1075,1.143693208694458,,0.1535416692495346,0.05350971594452858
6253,64.0,2045,2.14172101020813,,0.2137373611330986,0.07408605515956879
6254,35.0,871,0.9251329898834229,,0.1711935829371214,0.060950011014938354
6255,32.0,930,0.9272375106811523,,0.10645115561783314,0.006118424236774445
6256,31.0,1089,1.1252062320709229,,0.1550607532262802,0.03572433441877365
6257,30.0,947,1.0033509731292725,,0.11573050729930401,0.018014591187238693
6258,51.0,1466,1.5425693988800049,,0.055761982686817646,-1.1591240763664246e-05
6259,32.0,1146,1.1808433532714844,,0.13187000807374716,0.022786647081375122
6260,31.0,993,1.0430467128753662,,0.11794128082692623,0.01704416796565056
6261,33.0,1019,1.059985876083374,,0.10684503428637981,0.010996773838996887
6262,31.0,1201,1.2886664867401123,,0.09862603526562452,0.018489684909582138
6263,31.0,918,0.9175496101379395,,0.14152253419160843,0.029050469398498535
6264,30.0,913,0.9711334705352783,,0.0942462757229805,-0.003972165286540985
6265,31.0,900,0.9585092067718506,,0.08896365761756897,-0.011485755443572998
6266,32.0,997,1.038987159729004,,0.06654953118413687,0.006821736693382263
6267,23.0,770,0.7862353324890137,,0.05338578810915351,-0.00993017666041851
6268,34.0,1128,1.2187738418579102,,0.18574950471520424,0.07134096324443817
6269,33.0,988,1.0292048454284668,,0.09306604973971844,0.018539519980549812
6270,22.0,710,0.7266507148742676,,0.12462864629924297,0.010971903800964355
6271,32.0,1075,1.1104342937469482,,0.3593273125588894,0.14186711609363556
6272,30.0,958,1.0052223205566406,,0.07303802808746696,-0.0053053684532642365
6273,32.0,1136,1.1678705215454102,,0.1840063687413931,0.05195870250463486
6274,30.0,1003,1.0505452156066895,,0.1718057505786419,0.05451548844575882
6275,52.0,1801,1.9127366542816162,,0.34575167298316956,0.14888012409210205
6276,33.0,779,0.7880773544311523,,0.1441932488232851,0.040858786553144455
6277,28.0,897,0.9657495021820068,,0.1297148149460554,0.030087042599916458
6278,63.0,2194,2.2921595573425293,,0.33903801441192627,0.11466394364833832
6279,58.0,1692,1.8243951797485352,,0.301520636305213,0.0847964808344841
6280,34.0,937,0.929800271987915,,0.16626488789916039,0.03893774002790451
6281,67.0,2329,2.4535210132598877,,0.27925390750169754,0.08810442686080933
6282,30.0,1041,1.0877876281738281,,0.10569135844707489,0.03048044443130493
6283,59.0,2034,2.1358468532562256,,0.2592932339757681,0.060706354677677155
6284,50.0,1472,1.548224925994873,,0.11276734992861748,0.016850702464580536
6285,66.0,2088,2.164947509765625,,0.1145779313519597,0.01608888804912567
6286,59.0,1873,1.982778787612915,,0.220527496188879,0.06520913541316986
6287,32.0,1365,1.3830547332763672,,0.21258575282990932,0.07590509951114655
6288,54.0,1767,1.8907389640808105,,0.2224113754928112,0.05473632365465164
6289,32.0,1070,1.103987693786621,,0.1929579358547926,0.06149161234498024
6290,32.0,956,0.9997310638427734,,0.10518815740942955,0.016278399154543877
6291,32.0,1176,1.1985664367675781,,0.1215480025857687,0.03027033433318138
6292,30.0,1032,1.0804882049560547,,0.25983973033726215,0.1070752963423729
6293,26.0,982,1.0423038005828857,,0.14416870288550854,0.03453691303730011
6294,30.0,614,0.6450333595275879,,0.11986625660210848,0.02200162410736084
6295,57.0,1940,2.035787343978882,,0.29859303683042526,0.11553246527910233
6296,33.0,1203,1.2304563522338867,,0.18847214803099632,0.05354824662208557
6297,32.0,1106,1.1529037952423096,,0.10662350244820118,0.02741559036076069
6298,56.0,1789,1.9129841327667236,,0.35001034289598465,0.09556727111339569
6299,30.0,1426,1.4995086193084717,,0.17841886170208454,0.04968047887086868
6300,38.0,1331,1.3613965511322021,,0.13535788655281067,0.03428388386964798
6301,30.0,1075,1.1149415969848633,,0.486654132604599,0.2263561338186264
6302,37.0,1087,1.1335101127624512,,0.10113577172160149,0.01868535950779915
6303,34.0,1025,1.072115421295166,,0.5099378190934658,0.1931668221950531
6304,32.0,1092,1.1844146251678467,,0.06733066961169243,0.013257352635264397
6305,30.0,1132,1.1698684692382812,,0.17649523727595806,0.0463685505092144
6306,39.0,1154,1.2072772979736328,,0.08096119295805693,0.006264826282858849
6307,30.0,1123,1.1599044799804688,,0.39467211067676544,0.13558128476142883
6308,30.0,1299,1.3788461685180664,,0.07235096767544746,0.011143751442432404
6309,52.0,1473,1.5613555908203125,,0.31704502925276756,0.10414302349090576
6310,31.0,1126,1.1669392585754395,,0.120289022102952,0.027255963534116745
6311,45.0,1337,1.3705592155456543,,0.1323074409738183,0.03346548229455948
6312,33.0,1110,1.2090890407562256,,0.11245315428823233,0.023714562878012657
6313,33.0,866,0.8644115924835205,,0.08054043259471655,-0.018217265605926514
6314,59.0,1643,1.773928165435791,,0.28445199877023697,0.09102621674537659
6315,31.0,1135,1.177309513092041,,0.21625838801264763,0.09493117034435272
6316,30.0,953,1.0057828426361084,,0.17589971981942654,0.06533630192279816
6317,32.0,1033,1.072648286819458,,0.133417340926826,0.032973382622003555
6318,26.0,958,0.9569377899169922,,0.0931832930073142,0.007119230926036835
6319,34.0,1093,1.1874840259552002,,0.2063936498016119,0.07046117633581161
6320,32.0,1268,1.2866644859313965,,0.10684323869645596,0.022617608308792114
6321,66.0,1988,2.073374032974243,,0.19992577470839024,0.06982386112213135
6322,27.0,791,0.8588318824768066,,0.17356595024466515,0.05570942163467407
6323,33.0,852,0.8509311676025391,,0.22090488485991955,0.07510557770729065
6324,30.0,1033,1.0736162662506104,,0.13394374307245016,0.02981051430106163
6325,63.0,1964,2.0464413166046143,,0.23397718742489815,0.07729300856590271
6326,32.0,980,1.0202908515930176,,0.2544965371489525,0.09105157107114792
6327,31.0,1101,1.132544755935669,,0.11091854888945818,0.018892701715230942
6328,31.0,1044,1.0972001552581787,,0.09548418037593365,0.022978097200393677
6329,33.0,921,0.9670445919036865,,0.14453459903597832,0.045622147619724274
6330,33.0,860,0.9149131774902344,,0.0971587523818016,0.00045973435044288635
6331,40.0,1291,1.3140614032745361,,0.23670575581490993,0.07744589447975159
6332,33.0,1029,1.0780363082885742,,0.40689143165946007,0.173630028963089
6333,30.0,1008,1.056514024734497,,0.13378816470503807,0.028589460998773575
6334,61.0,2164,2.2646937370300293,,0.2589606400579214,0.0730079934000969
6335,32.0,1068,1.1074192523956299,,0.2499573417007923,0.08524627983570099
6336,32.0,1084,1.1795151233673096,,0.09150646440684795,0.0247143916785717
6337,61.0,2080,2.172685146331787,,0.181392353028059,0.036457765847444534
6338,33.0,1032,1.0754249095916748,,0.15983173437416553,0.05010593682527542
6339,56.0,1886,1.9535353183746338,,0.08916359953582287,-0.0041555240750312805
6340,54.0,1920,2.0359933376312256,,0.11172435898333788,0.010126408189535141
6341,32.0,979,1.0298609733581543,,0.3573681302368641,0.12011407315731049
6342,62.0,1688,1.7601723670959473,,0.08961161971092224,0.00557047501206398
6343,33.0,783,0.8459947109222412,,0.23799797147512436,0.08473129570484161
6344,32.0,1206,1.2321674823760986,,0.10064426064491272,0.023543119430541992
6345,30.0,1041,1.0826866626739502,,0.12280084565281868,0.029162604361772537
6346,32.0,1051,1.0932817459106445,,0.11797876004129648,0.03282151743769646
6347,32.0,951,1.0024940967559814,,0.09574685245752335,0.013171587139368057
6348,54.0,1670,1.7309653759002686,,0.07946069445461035,0.0040108561515808105
6349,33.0,1044,1.0921685695648193,,0.2690570279955864,0.09028425067663193
6350,31.0,918,0.9701354503631592,,0.08836480416357517,0.006172366440296173
6351,33.0,857,0.917217493057251,,0.07174137979745865,-0.0019620023667812347
6352,33.0,1011,1.0543863773345947,,0.0560504999011755,0.0043479688465595245
6353,33.0,1181,1.206221580505371,,0.05671233683824539,0.00034560076892375946
6354,42.0,1713,1.8246312141418457,,0.21793086640536785,0.04973377287387848
6355,55.0,1665,1.7263820171356201,,0.19051296636462212,0.05415084958076477
6356,32.0,926,0.9779818058013916,,0.11326356511563063,0.01847855933010578
6357,33.0,907,0.9048442840576172,,0.0663777207955718,-0.003459148108959198
6358,33.0,871,0.9351167678833008,,0.19215421937406063,0.05303711071610451
6359,21.0,685,0.7101986408233643,,0.08853754308074713,0.018758852034807205
6360,60.0,1736,1.8527896404266357,,0.3146014418452978,0.10950265824794769
6361,33.0,1044,1.085031270980835,,0.150619987398386,0.04261489585042
6362,48.0,1379,1.4113130569458008,,0.13268691301345825,0.035304706543684006
6363,28.0,939,1.002729892730713,,0.5703485310077667,0.1998085081577301
6364,32.0,1098,1.1424002647399902,,0.20048481039702892,0.07173679769039154
6365,49.0,1536,1.6105387210845947,,0.10637946613132954,0.022503187879920006
6366,29.0,977,1.029855489730835,,0.17144216038286686,0.03647162765264511
6367,32.0,1143,1.2284607887268066,,0.13804954290390015,0.04428128898143768
6368,33.0,966,1.018122911453247,,0.1557395625859499,0.03451032191514969
6369,32.0,1197,1.2270119190216064,,0.27279606461524963,0.08617093414068222
6370,31.0,1002,1.0473761558532715,,0.12989625614136457,0.031855508685112
6371,31.0,1006,1.044062614440918,,0.11529183853417635,0.03899448364973068
6372,30.0,927,0.9801285266876221,,0.16591464169323444,0.060691967606544495
6373,30.0,1045,1.088404655456543,,0.2955600880086422,0.10601018369197845
6374,40.0,1304,1.3311476707458496,,0.1819351129233837,0.05764631927013397
6375,30.0,1108,1.1556200981140137,,0.39009398221969604,0.14178717136383057
6376,88.0,2616,2.7141008377075195,,0.13790237624198198,0.02997163124382496
6377,32.0,1255,1.3496851921081543,,0.1663672737777233,0.0439472533762455
6378,31.0,1107,1.149803638458252,,0.2328542973846197,0.08605094254016876
6379,39.0,1431,1.506169319152832,,0.12284097261726856,0.018269289284944534
6380,31.0,897,0.9599213600158691,,0.24439884535968304,0.08906195312738419
6381,33.0,1092,1.1311209201812744,,0.11509616393595934,0.037345439195632935
6382,30.0,986,1.0398666858673096,,0.23845473490655422,0.08209354430437088
6383,26.0,778,0.793041467666626,,0.10380742605775595,-0.003318365663290024
6384,32.0,1139,1.186436653137207,,0.28779869712889194,0.10705392062664032
6385,66.0,2173,2.3002851009368896,,0.22518086433410645,0.06984244287014008
6386,32.0,1083,1.1207962036132812,,0.1755394134670496,0.06409962475299835
6387,35.0,1162,1.1961297988891602,,0.14646161254495382,0.045122407376766205
6388,45.0,1432,1.5220091342926025,,0.11846153531223536,0.02124231681227684
6389,60.0,2091,2.184638738632202,,0.19014026038348675,0.06764441728591919
6390,25.0,921,0.9833896160125732,,0.4611191228032112,0.20218972861766815
6391,34.0,1303,1.3281726837158203,,0.16528640501201153,0.05897695571184158
6392,32.0,793,0.8651118278503418,,0.14662070013582706,0.05055572837591171
6393,31.0,1287,1.313730239868164,,0.11597814597189426,0.019576486200094223
6394,32.0,1206,1.3020198345184326,,0.17790228873491287,0.03430774807929993
6395,34.0,1027,1.0733869075775146,,0.16991116851568222,0.06362075358629227
6396,49.0,1482,1.5704505443572998,,0.2363282460719347,0.09662708640098572
6397,25.0,831,0.8442564010620117,,0.2071139607578516,0.07330326735973358
6398,52.0,1535,1.613617181777954,,0.14595172181725502,0.03259260579943657
6399,30.0,844,0.9046182632446289,,0.22691101022064686,0.0614142082631588
6400,32.0,1343,1.3599848747253418,,0.09156980458647013,-0.003364652395248413
6401,33.0,925,0.9769299030303955,,0.09621393959969282,-0.0012559406459331512
6402,66.0,2071,2.157120943069458,,0.2097001112997532,0.06915069371461868
6403,44.0,1343,1.4308180809020996,,0.1066110534593463,0.017485100775957108
6404,52.0,1430,1.5215458869934082,,0.11908506322652102,0.017870914191007614
6405,62.0,1954,2.0454063415527344,,0.22573222219944,0.07383428514003754
6406,32.0,820,0.8178911209106445,,0.2826339937746525,0.07886264473199844
6407,32.0,885,0.9392755031585693,,0.11030702199786901,0.025809384882450104
6408,31.0,859,0.9151005744934082,,0.1873431410640478,0.056451961398124695
6409,50.0,1663,1.73506760597229,,0.14071657601743937,0.038957636803388596
6410,33.0,1126,1.1629726886749268,,0.1278806459158659,0.025233201682567596
6411,29.0,1407,1.5003156661987305,,0.2599780857563019,0.07508741319179535
6412,51.0,1509,1.5907878875732422,,0.17021801695227623,0.028039321303367615
6413,31.0,904,0.9112758636474609,,0.25236082822084427,0.08742912113666534
6414,32.0,1049,1.1690914630889893,,0.15877264738082886,0.06594178080558777
6415,34.0,958,0.9559650421142578,,0.21006973832845688,0.05674946308135986
6416,49.0,1414,1.5166845321655273,,0.09843688271939754,0.011857554316520691
6417,32.0,1262,1.3495895862579346,,0.09835404716432095,0.0032832175493240356
6418,13.0,495,0.5327987670898438,,0.060100984293967485,-0.014560319483280182
6419,32.0,947,0.942274808883667,,0.32157235965132713,0.1247146874666214
6420,40.0,1356,1.4364991188049316,,0.12894560117274523,0.03385254740715027
6421,29.0,1164,1.1923532485961914,,0.2793129254132509,0.11381790786981583
6422,32.0,766,0.8325934410095215,,0.1538294516503811,0.04387281835079193
6423,33.0,811,0.8100464344024658,,0.10321874916553497,0.025285741314291954
6424,32.0,1028,1.0678677558898926,,0.06970389280468225,-0.007317870855331421
6425,33.0,946,1.0043103694915771,,0.18683748878538609,0.04389939457178116
6426,46.0,1369,1.454941749572754,,0.06788703985512257,-0.004346691071987152
6427,50.0,1543,1.6263186931610107,,0.11629975121468306,0.017812002450227737
6428,62.0,2040,2.138601303100586,,0.29230834916234016,0.11845620721578598
6429,31.0,1175,1.2016935348510742,,0.18527876958251,0.044569890946149826
6430,31.0,981,1.032270908355713,,0.12112745270133018,0.039820943027734756
6431,20.0,695,0.7762653827667236,,0.0976252481341362,0.020829690620303154
6432,32.0,835,0.8439023494720459,,0.33445774763822556,0.12321139872074127
6433,30.0,1123,1.163156509399414,,0.09426501113921404,0.016388433054089546
6434,67.0,2256,2.3880045413970947,,0.1319351876154542,0.019800379872322083
6435,32.0,1179,1.2062478065490723,,0.175108190625906,0.0790129154920578
6436,30.0,983,1.034024953842163,,0.1369418129324913,0.04203522205352783
6437,34.0,958,1.0092830657958984,,0.12142189405858517,0.02283541113138199
6438,56.0,1927,2.0421786308288574,,0.36583317816257477,0.15386921167373657
6439,30.0,980,1.0356431007385254,,0.2237426359206438,0.0754493847489357
6440,32.0,890,0.8891317844390869,,0.17778015695512295,0.05110953375697136
6441,34.0,1001,1.0525119304656982,,0.1177655616775155,0.030399108305573463
6442,31.0,1135,1.1684274673461914,,0.14079677313566208,0.029343098402023315
6443,38.0,1450,1.5170824527740479,,0.11921852640807629,0.02066461741924286
6444,32.0,1154,1.2547991275787354,,0.11296352930366993,0.020749956369400024
6445,61.0,1778,1.8464069366455078,,0.04557454911991954,-0.006670724600553513
6446,32.0,897,0.9533672332763672,,0.2422338556498289,0.0835445448756218
6447,33.0,1010,1.054091215133667,,0.09898009896278381,0.022761451080441475
6448,26.0,920,0.9857795238494873,,0.21559731476008892,0.08412879705429077
6449,29.0,1099,1.1549279689788818,,0.16569998115301132,0.05914212763309479
6450,31.0,1148,1.188462495803833,,0.18528118170797825,0.06490638107061386
6451,31.0,1105,1.14046311378479,,0.10643816366791725,0.024361247196793556
6452,31.0,1139,1.1739387512207031,,0.09610353782773018,0.024345507845282555
6453,32.0,1169,1.258319616317749,,0.147309934720397,0.03998161852359772
6454,24.0,1110,1.166764497756958,,0.30320876091718674,0.10546783357858658
6455,34.0,1051,1.1001927852630615,,0.2058709692209959,0.06137577444314957
6456,34.0,914,0.9683761596679688,,0.10511830728501081,0.016765180975198746
6457,34.0,1265,1.2997653484344482,,0.18322532437741756,0.06987978518009186
6458,31.0,999,1.046142578125,,0.11817780137062073,0.021157648414373398
6459,32.0,974,1.0265867710113525,,0.23156699538230896,0.09386120736598969
6460,68.0,2332,2.418658971786499,,0.2903875522315502,0.09785732626914978
6461,31.0,1047,1.0953943729400635,,0.17706349678337574,0.059147946536540985
6462,31.0,954,1.0172748565673828,,0.09768192563205957,0.009514261037111282
6463,44.0,1233,1.3232879638671875,,0.11195768043398857,0.027146629989147186
6464,30.0,1045,1.0998940467834473,,0.30406929180026054,0.11023548990488052
6465,32.0,1179,1.2185018062591553,,0.2819569408893585,0.1016412228345871
6466,63.0,2027,2.1346383094787598,,0.25233571976423264,0.09653550386428833
6467,69.0,1937,2.0465312004089355,,0.2480018548667431,0.08706115931272507
6468,31.0,1101,1.1403276920318604,,0.17035896889865398,0.06387336552143097
6469,32.0,1047,1.0807688236236572,,0.09057653788477182,0.023526208475232124
6470,33.0,755,0.8256864547729492,,0.12811215966939926,0.01951010711491108
6471,33.0,850,0.8472769260406494,,0.07162055838853121,0.0007845573127269745
6472,33.0,809,0.8657000064849854,,0.11609617341309786,0.02367086336016655
6473,26.0,779,0.7901568412780762,,0.048115991055965424,-0.010433267802000046
6474,23.0,797,0.8699460029602051,,0.41731512919068336,0.17589285969734192
6475,31.0,943,0.9953393936157227,,0.2568579614162445,0.11723515391349792
6476,67.0,1964,2.0545754432678223,,0.17459534481167793,0.037189364433288574
6477,59.0,1962,1.9970099925994873,,0.0688517801463604,-0.02622680366039276
6478,31.0,961,1.0078716278076172,,0.2836695499718189,0.07456764578819275
6479,66.0,1890,1.984553337097168,,0.22856576927006245,0.07171700894832611
6480,34.0,823,0.8764693737030029,,0.1217804066836834,0.024941962212324142
6481,35.0,1129,1.1614446640014648,,0.08078440744429827,0.014877364039421082
6482,32.0,804,0.809473991394043,,0.06895046634599566,-0.013977255672216415
6483,33.0,981,1.0283138751983643,,0.10646438412368298,0.009433694183826447
6484,34.0,942,0.9987199306488037,,0.14302569534629583,0.045164555311203
6485,32.0,1179,1.2177460193634033,,0.11338065564632416,0.019690340384840965
6486,31.0,1186,1.281743049621582,,0.12261422723531723,0.031896770000457764
6487,33.0,968,1.0173444747924805,,0.07948649767786264,0.03139243274927139
6488,32.0,958,0.9453408718109131,,0.09661957249045372,0.0028991997241973877
6489,30.0,985,1.0381925106048584,,0.06283398857340217,-0.007112789899110794
6490,33.0,1023,1.0696332454681396,,0.09699767641723156,0.016360826790332794
6491,32.0,983,1.024364709854126,,0.1603227909654379,0.03968998044729233
6492,30.0,1029,1.0726234912872314,,0.10574330016970634,0.02201254293322563
6493,32.0,851,0.9075713157653809,,0.08566353563219309,0.004881914705038071
6494,64.0,2170,2.270509958267212,,0.34191013500094414,0.1540500521659851
6495,64.0,2394,2.526411771774292,,0.16906269639730453,0.06022113561630249
6496,32.0,910,0.9667239189147949,,0.08518964797258377,0.01908327452838421
6497,32.0,1032,1.088000774383545,,0.19122125767171383,0.06444619596004486
6498,41.0,1305,1.3339447975158691,,0.09836806170642376,0.016125258058309555
6499,32.0,898,0.952979326248169,,0.4890507347881794,0.20411399006843567
6500,31.0,962,1.0060548782348633,,0.10262408666312695,0.03448621928691864
6501,32.0,951,1.0083787441253662,,0.21584089286625385,0.10375376790761948
6502,23.0,745,0.7594530582427979,,0.13784997537732124,0.020605390891432762
6503,33.0,833,0.8935894966125488,,0.20973003283143044,0.0676383376121521
6504,32.0,1080,1.1186974048614502,,0.11346540879458189,0.030585139989852905
6505,30.0,989,1.0384366512298584,,0.14231702964752913,0.04692142456769943
6506,32.0,1137,1.169637680053711,,0.09578191861510277,0.01063639484345913
6507,31.0,1092,1.1337356567382812,,0.06774377357214689,0.0032313987612724304
6508,33.0,1269,1.352257251739502,,0.14087362680584192,0.022630587220191956
6509,31.0,1160,1.191218614578247,,0.12681373488157988,0.02872062288224697
6510,32.0,952,1.0036284923553467,,0.13273063488304615,0.016777314245700836
6511,42.0,1317,1.347691297531128,,0.13420725148171186,0.03762991353869438
6512,48.0,1361,1.4517021179199219,,0.1220637783408165,0.02166885696351528
6513,78.0,2131,2.23555850982666,,0.15813582204282284,0.027624586597085
6514,32.0,1133,1.16705322265625,,0.477034829556942,0.1622370183467865
6515,31.0,932,0.991370677947998,,0.11257247161120176,0.026783285662531853
6516,34.0,1177,1.2731666564941406,,0.12359608430415392,0.015065982937812805
6517,34.0,794,0.7994346618652344,,0.10030680894851685,0.007634542882442474
6518,34.0,865,0.9241867065429688,,0.11350466497242451,0.039064351469278336
6519,33.0,890,0.8918404579162598,,0.0915292240679264,0.012586524710059166
6520,32.0,924,0.9786272048950195,,0.10286002699285746,0.011163529008626938
6521,52.0,1303,1.395155906677246,,0.062107366509735584,-0.0024577900767326355
6522,32.0,942,0.9870615005493164,,0.18944012001156807,0.06765314936637878
6523,31.0,1040,1.0853054523468018,,0.07628338551148772,0.017575591802597046
6524,30.0,1007,1.0576574802398682,,0.07327141612768173,0.008380204439163208
6525,30.0,960,1.0083699226379395,,0.08800967875868082,0.0177546888589859
6526,31.0,1149,1.1883583068847656,,0.22678664699196815,0.06630469113588333
6527,24.0,1087,1.1391639709472656,,0.1832539327442646,0.061649590730667114
6528,32.0,1024,1.0679197311401367,,0.16093982756137848,0.04187403619289398
6529,32.0,828,0.8854262828826904,,0.07446366548538208,0.014129459857940674
6530,29.0,1076,1.1125693321228027,,0.12554658576846123,0.034977104514837265
6531,65.0,2048,2.13358998298645,,0.17496522143483162,0.045472703874111176
6532,32.0,1125,1.1558260917663574,,0.104479243978858,0.026415791362524033
6533,50.0,1562,1.6344497203826904,,0.08383494429290295,0.00589476153254509
6534,32.0,1138,1.1731553077697754,,0.12185660563409328,0.03426802158355713
6535,32.0,994,1.0411334037780762,,0.12137300241738558,0.03411088138818741
6536,32.0,1155,1.1899042129516602,,0.1283714883029461,0.03476235270500183
6537,32.0,1268,1.3472990989685059,,0.08777961321175098,0.015193052589893341
6538,32.0,802,0.8123095035552979,,0.06453499151393771,-0.018957924097776413
6539,51.0,1631,1.7635688781738281,,0.2904575727880001,0.07759629935026169
6540,57.0,2096,2.183476209640503,,0.3241937980055809,0.15367266535758972
6541,31.0,915,0.9042723178863525,,0.18011339008808136,0.035952046513557434
6542,17.0,795,0.8680806159973145,,0.1225782809779048,0.02724551036953926
6543,33.0,1085,1.1170217990875244,,0.35103514418005943,0.11849340796470642
6544,31.0,977,1.0240280628204346,,0.07605017721652985,0.01133636012673378
6545,42.0,1181,1.2228803634643555,,0.06449361657723784,-0.0008306372910737991
6546,51.0,1334,1.4239916801452637,,0.04445714736357331,-0.00469522550702095
6547,32.0,842,0.9014689922332764,,0.14032538328319788,0.035711657255887985
6548,28.0,1035,1.0821599960327148,,0.22696096822619438,0.07372868061065674
6549,34.0,823,0.8285024166107178,,0.0853459145873785,0.003838054835796356
6550,27.0,803,0.8751554489135742,,0.1565469028428197,0.051442306488752365
6551,32.0,974,1.023899793624878,,0.2328762672841549,0.07904326170682907
6552,30.0,1205,1.2353832721710205,,0.09965314250439405,0.030038122087717056
6553,67.0,1887,1.9775536060333252,,0.34696102887392044,0.1503886878490448
6554,32.0,1089,1.1209547519683838,,0.0820491099730134,0.016025260090827942
6555,32.0,985,1.0235209465026855,,0.09625240042805672,0.013178613036870956
6556,32.0,1097,1.1392204761505127,,0.24176505953073502,0.08358112722635269
6557,33.0,1101,1.1316418647766113,,0.09196408186107874,0.015961984172463417
6558,33.0,842,0.8972823619842529,,0.0661095785908401,-0.003084225580096245
6559,31.0,959,1.0073328018188477,,0.09114306420087814,0.01815725862979889
6560,34.0,927,0.9186227321624756,,0.06486454419791698,-0.015530973672866821
6561,32.0,970,1.019045352935791,,0.09344978351145983,0.009548336267471313
6562,30.0,980,1.030510425567627,,0.10450035240501165,0.01672455295920372
6563,31.0,1071,1.1149876117706299,,0.08746851328760386,0.004801351577043533
6564,29.0,1300,1.37367844581604,,0.10501599963754416,0.015833338722586632
6565,30.0,893,0.947636604309082,,0.073280593380332,0.01696593500673771
6566,32.0,994,0.9817118644714355,,0.08274907805025578,-0.007654227316379547
6567,30.0,947,0.9952788352966309,,0.061035767663270235,-0.015487372875213623
6568,31.0,1063,1.0999135971069336,,0.0850808760151267,0.0018228590488433838
6569,31.0,1165,1.2517218589782715,,0.08634084649384022,0.014497749507427216
6570,32.0,1113,1.1426091194152832,,0.08986281417310238,0.023355424404144287
6571,26.0,791,0.8079040050506592,,0.0830081682652235,-0.007124267518520355
6572,26.0,982,1.0351207256317139,,0.17570372484624386,0.0650639533996582
6573,30.0,914,0.9748530387878418,,0.13447919953614473,0.0294986292719841
6574,32.0,1189,1.2361314296722412,,0.11996296141296625,0.027162794023752213
6575,56.0,1773,1.882828950881958,,0.4990945868194103,0.151597261428833
6576,67.0,2457,2.5937724113464355,,0.2081368025392294,0.04885391145944595
6577,31.0,1093,1.1457774639129639,,0.27564575523138046,0.08891657739877701
6578,33.0,826,0.8322076797485352,,0.16278293170034885,0.05122201517224312
6579,67.0,1856,1.9657237529754639,,0.23326444067060947,0.10212071239948273
6580,63.0,2281,2.421170234680176,,0.10072706267237663,0.02075578272342682
6581,32.0,1066,1.1128461360931396,,0.22181829996407032,0.08212243020534515
6582,34.0,1083,1.1338872909545898,,0.17206353507936,0.051169075071811676
6583,33.0,858,0.8612484931945801,,0.1334397131577134,0.03370605781674385
6584,27.0,891,0.9510576725006104,,0.1656123399734497,0.05272930860519409
6585,30.0,1091,1.1290793418884277,,0.16475827805697918,0.03236975520849228
6586,31.0,1061,1.09828782081604,,0.09110275004059076,0.024396229535341263
6587,29.0,1101,1.1458022594451904,,0.15875010378658772,0.04131011664867401
6588,32.0,1056,1.154447078704834,,0.12441562488675117,0.02588765323162079
6589,52.0,1640,1.7139618396759033,,0.11664557736366987,0.020373554900288582
6590,31.0,1215,1.2376561164855957,,0.20173567533493042,0.07290671020746231
6591,32.0,1135,1.1686720848083496,,0.08605162054300308,0.01377703808248043
6592,32.0,811,0.8762712478637695,,0.13026415277272463,0.0345243401825428
6593,30.0,1154,1.1930761337280273,,0.09076788369566202,0.02147727832198143
6594,61.0,1930,2.0417611598968506,,0.31342351622879505,0.12233447283506393
6595,58.0,1509,1.5888206958770752,,0.049880933249369264,-0.0005182847380638123
6596,12.0,563,0.5965967178344727,,0.3449348360300064,0.13955017924308777
6597,29.0,995,1.0487689971923828,,0.49046752601861954,0.21377155184745789
6598,30.0,925,0.9795217514038086,,0.10701459180563688,0.022557273507118225
6599,32.0,969,1.0172550678253174,,0.14400806091725826,0.03982558101415634
6600,32.0,745,0.7527055740356445,,0.07967249769717455,0.008830882608890533
6601,68.0,1971,2.07395076751709,,0.3059844337403774,0.11127988994121552
6602,31.0,1149,1.1844210624694824,,0.3030187785625458,0.13108402490615845
6603,48.0,1458,1.5425350666046143,,0.10063992440700531,0.009294386953115463
6604,32.0,1013,1.059230089187622,,0.217276219278574,0.0870671346783638
6605,30.0,1011,1.062075138092041,,0.1418574620038271,0.05360155180096626
6606,31.0,948,0.995929479598999,,0.1013225270435214,0.025358058512210846
6607,60.0,1697,1.7606439590454102,,0.11504116840660572,0.024374045431613922
6608,32.0,857,0.9150292873382568,,0.2200899925082922,0.0624668188393116
6609,48.0,1388,1.4762356281280518,,0.0742120211943984,-0.0077186934649944305
6610,31.0,978,0.9704968929290771,,0.5424224212765694,0.24688278138637543
6611,32.0,1055,1.1501564979553223,,0.06123082200065255,0.002811206504702568
6612,32.0,941,0.9446115493774414,,0.06784198246896267,-0.0015002749860286713
6613,30.0,1059,1.0993366241455078,,0.18523287400603294,0.0628155916929245
6614,57.0,1907,2.0153520107269287,,0.09974656347185373,0.008815780282020569
6615,21.0,713,0.7938683032989502,,0.24728473089635372,0.09032504260540009
6616,31.0,1269,1.2989230155944824,,0.2922294810414314,0.10593855381011963
6617,34.0,825,0.8882255554199219,,0.09067834448069334,0.029779180884361267
6618,43.0,1344,1.3650872707366943,,0.10815608594566584,0.031843770295381546
6619,32.0,937,0.9858605861663818,,0.432042483240366,0.1585269570350647
6620,54.0,1783,1.895556926727295,,0.23553681001067162,0.08140500634908676
6621,26.0,862,0.8670175075531006,,0.20738105475902557,0.06863699108362198
6622,28.0,1055,1.0960135459899902,,0.1191073814406991,0.03184546157717705
6623,33.0,866,0.9272787570953369,,0.11500677559524775,0.019835595041513443
6624,33.0,994,1.0395410060882568,,0.09250677470117807,0.0320185087621212
6625,28.0,935,0.9841954708099365,,0.14597011543810368,0.040202271193265915
6626,60.0,2120,2.2104053497314453,,0.2077056895941496,0.04737287014722824
6627,30.0,1089,1.1237287521362305,,0.09545515570789576,0.013914348557591438
6628,32.0,1259,1.2850298881530762,,0.12786960415542126,0.028461476787924767
6629,68.0,1837,1.9425246715545654,,0.17032251693308353,0.06127486377954483
6630,34.0,987,1.0445563793182373,,0.19055361859500408,0.061598725616931915
6631,22.0,662,0.6847162246704102,,0.17986969836056232,0.04390620067715645
6632,33.0,916,0.9719386100769043,,0.3211618475615978,0.1345912367105484
6633,38.0,1310,1.3891656398773193,,0.0928251575678587,0.012098908424377441
6634,32.0,1109,1.1525983810424805,,0.2012101747095585,0.0464886911213398
6635,60.0,1502,1.585130214691162,,0.05490734241902828,-0.0064214617013931274
6636,42.0,1247,1.2860639095306396,,0.30707335472106934,0.09599007666110992
6637,33.0,1001,1.0416183471679688,,0.3225613310933113,0.11316552013158798
6638,56.0,1947,2.048314332962036,,0.09261922352015972,-0.0051875002682209015
6639,33.0,904,0.9583280086517334,,0.12289029639214277,0.03754954785108566
6640,28.0,909,0.9024960994720459,,0.09560019802302122,-0.009464368224143982
6641,32.0,823,0.8830490112304688,,0.16515919752418995,0.035529665648937225
6642,52.0,1576,1.6481876373291016,,0.10114813596010208,0.01937130093574524
6643,31.0,1158,1.1921555995941162,,0.321110263466835,0.1244983971118927
6644,27.0,1015,1.0766105651855469,,0.12699436210095882,0.02017715945839882
6645,31.0,1126,1.2267251014709473,,0.1583391148597002,0.04231227934360504
6646,60.0,1673,1.750520944595337,,0.21440780349075794,0.0646008625626564
6647,48.0,1527,1.608534336090088,,0.10804965905845165,0.014797773212194443
6648,32.0,995,1.0414934158325195,,0.2051839902997017,0.05816042050719261
6649,32.0,778,0.7879738807678223,,0.05878163315355778,-0.012167353183031082
6650,33.0,828,0.8963265419006348,,0.0984082743525505,0.017181051895022392
6651,33.0,1017,1.065229892730713,,0.08879915904253721,0.017368294298648834
6652,30.0,947,0.9999258518218994,,0.13052327930927277,0.02822345867753029
6653,51.0,1737,1.8015339374542236,,0.11589968204498291,0.01886335015296936
6654,31.0,1027,1.0730843544006348,,0.21666399203240871,0.06612503528594971
6655,32.0,1042,1.078881025314331,,0.08511591795831919,0.013678627088665962
6656,32.0,1099,1.124436616897583,,0.16252906620502472,0.04773065447807312
6657,31.0,1140,1.2285659313201904,,0.06086356844753027,-0.0057831089943647385
6658,31.0,1110,1.1497769355773926,,0.07171296980232,0.031360551714897156
6659,49.0,1573,1.63551664352417,,0.1762681696563959,0.039940766990184784
6660,30.0,925,0.9715876579284668,,0.13401457201689482,0.04610162228345871
6661,32.0,995,1.0382730960845947,,0.08120693173259497,0.006419772282242775
6662,31.0,1254,1.2943217754364014,,0.37245092168450356,0.1495676189661026
6663,32.0,1193,1.2230324745178223,,0.1258863089606166,0.03141821175813675
6664,32.0,939,0.9860644340515137,,0.15385106019675732,0.039627812802791595
6665,65.0,2160,2.2481892108917236,,0.33566056936979294,0.15478646755218506
6666,31.0,843,0.9073033332824707,,0.20970471762120724,0.061865463852882385
6667,31.0,854,0.9154770374298096,,0.09540069662034512,0.01844237931072712
6668,32.0,1070,1.1101787090301514,,0.07627565320581198,0.0015738755464553833
6669,22.0,719,0.7426795959472656,,0.09333598427474499,0.0014262087643146515
6670,32.0,814,0.877084493637085,,0.21553279645740986,0.0763377770781517
6671,33.0,897,0.953249454498291,,0.07192853279411793,0.016588201746344566
6672,34.0,1066,1.1112589836120605,,0.07906755339354277,0.025541776791214943
6673,32.0,1048,1.0944573879241943,,0.10126088187098503,0.028267212212085724
6674,32.0,1069,1.112548589706421,,0.07950860913842916,0.013340670615434647
6675,32.0,1061,1.1012916564941406,,0.07238678075373173,8.837133646011353e-05
6676,31.0,1172,1.2062289714813232,,0.09345877636224031,0.02625546231865883
6677,31.0,1214,1.3018996715545654,,0.16314254701137543,0.054616015404462814
6678,30.0,1107,1.151731252670288,,0.15912083070725203,0.02551758661866188
6679,31.0,1071,1.1160786151885986,,0.09257229324430227,0.028168926015496254
6680,16.0,505,0.5422465801239014,,0.11624401994049549,0.02122703194618225
6681,32.0,1093,1.1300811767578125,,0.2457096055150032,0.08493078500032425
6682,54.0,1643,1.711768627166748,,0.10250668320804834,0.008776601403951645
6683,33.0,984,1.0268502235412598,,0.18875528126955032,0.04658259451389313
6684,67.0,2158,2.238917589187622,,0.2853625360876322,0.09443527460098267
6685,46.0,1483,1.5626001358032227,,0.06939529022201896,-0.0032586287707090378
6686,31.0,1007,1.0551857948303223,,0.15313459374010563,0.048694826662540436
6687,29.0,1088,1.1282947063446045,,0.09929065592586994,0.023393038660287857
6688,32.0,967,1.0188097953796387,,0.08280734904110432,0.007124574854969978
6689,31.0,971,1.0272719860076904,,0.14411279000341892,0.02953312173485756
6690,32.0,1015,1.0606849193572998,,0.0928206155076623,0.012687105685472488
6691,31.0,943,0.9976375102996826,,0.21520481631159782,0.08681423962116241
6692,27.0,765,0.7859063148498535,,0.12452355120331049,0.03924098238348961
6693,30.0,983,1.0471909046173096,,0.22065109759569168,0.05842970311641693
6694,32.0,842,0.9051632881164551,,0.09283471573144197,0.012329485267400742
6695,33.0,1019,1.0670084953308105,,0.07646678108721972,0.013238254934549332
6696,31.0,899,0.9618680477142334,,0.1349042309448123,0.040683578699827194
6697,54.0,1420,1.4530484676361084,,0.08617133274674416,0.020100101828575134
6698,30.0,1017,1.0716755390167236,,0.18152911961078644,0.04613036662340164
6699,28.0,929,0.9902217388153076,,0.09836380369961262,0.025079846382141113
6700,31.0,1044,1.0852975845336914,,0.1295291194692254,0.032495249062776566
6701,31.0,1015,1.0639541149139404,,0.09173138253390789,0.00786108523607254
6702,32.0,1053,1.0973377227783203,,0.13243358861654997,0.021199524402618408
6703,31.0,1037,1.0830554962158203,,0.1170104630291462,0.02323680743575096
6704,26.0,911,0.9798028469085693,,0.06386072002351284,0.003969209268689156
6705,31.0,884,0.941582202911377,,0.1169758616015315,0.03406552970409393
6706,65.0,2078,2.1668519973754883,,0.2752003110945225,0.10899434983730316
6707,60.0,1962,2.0639357566833496,,0.47877514734864235,0.14180389046669006
6708,30.0,1026,1.0814261436462402,,0.27327567525207996,0.08289483189582825
6709,51.0,1532,1.612511396408081,,0.10170801635831594,0.015697021037340164
6710,61.0,1719,1.782012701034546,,0.3619742803275585,0.14544042944908142
6711,31.0,1059,1.1009907722473145,,0.13231285382062197,0.0344526581466198
6712,31.0,1077,1.1167047023773193,,0.11011027451604605,0.013391338288784027
6713,33.0,872,0.9388036727905273,,0.07661551330238581,0.012278428301215172
6714,67.0,1593,1.6685295104980469,,0.20742363296449184,0.07608893513679504
6715,33.0,973,1.0224499702453613,,0.20305290073156357,0.06057248264551163
6716,32.0,785,0.7934858798980713,,0.08672636933624744,0.011423144489526749
6717,42.0,1200,1.2990999221801758,,0.10001537669450045,0.02434460073709488
6718,31.0,943,0.9976692199707031,,0.26006222888827324,0.06493648886680603
6719,28.0,935,0.9380474090576172,,0.1758161038160324,0.043902844190597534
6720,36.0,1133,1.2328026294708252,,0.1464741975069046,0.03204372152686119
6721,30.0,947,1.0076003074645996,,0.2471635788679123,0.08949236571788788
6722,30.0,979,0.9781894683837891,,0.1118380967527628,0.02130994200706482
6723,55.0,1629,1.7624952793121338,,0.3917265273630619,0.14461666345596313
6724,32.0,999,1.0435607433319092,,0.15556021966040134,0.0473494678735733
6725,33.0,804,0.8122761249542236,,0.24528474360704422,0.07348880916833878
6726,31.0,1057,1.0915191173553467,,0.08544849418103695,0.008230065926909447
6727,34.0,867,0.931889533996582,,0.09260116145014763,0.009096985682845116
6728,32.0,1087,1.1314003467559814,,0.15034769102931023,0.04556814208626747
6729,41.0,1228,1.2752344608306885,,0.15345818642526865,0.03815966472029686
6730,63.0,1939,2.037884473800659,,0.202782878652215,0.042616453021764755
6731,32.0,1040,1.0826714038848877,,0.1310634408146143,0.03309043496847153
6732,33.0,769,0.8352053165435791,,0.20415476895868778,0.07723197340965271
6733,31.0,948,0.9952809810638428,,0.08010166045278311,0.01842065155506134
6734,42.0,1394,1.421635389328003,,0.16484453342854977,0.03642737492918968
6735,31.0,1076,1.1141250133514404,,0.3837472274899483,0.14987856149673462
6736,33.0,1046,1.090975284576416,,0.08112457767128944,0.014553681015968323
6737,31.0,1021,1.0681076049804688,,0.10082650743424892,0.011674217879772186
6738,32.0,1216,1.3074743747711182,,0.185618806630373,0.061494648456573486
6739,32.0,906,0.9639456272125244,,0.0812014788389206,0.01992139033973217
6740,25.0,698,0.7187223434448242,,0.09834223985671997,0.010775849223136902
6741,32.0,1207,1.2394449710845947,,0.177479213103652,0.05003649368882179
6742,27.0,907,0.9677925109863281,,0.082074835896492,0.009882859885692596
6743,41.0,1588,1.6548576354980469,,0.08967008721083403,0.00038324669003486633
6744,42.0,1363,1.4495611190795898,,0.08377198781818151,0.0038367658853530884
6745,66.0,2091,2.187293529510498,,0.215379623696208,0.06010061129927635
6746,31.0,1030,1.073530673980713,,0.0886325053870678,0.020564356818795204
6747,30.0,1066,1.1087470054626465,,0.08585514593869448,0.012965813279151917
6748,32.0,1142,1.1731247901916504,,0.08063541166484356,0.008079368621110916
6749,32.0,906,0.9652621746063232,,0.08349655102938414,0.004589781165122986
6750,65.0,1893,2.001530170440674,,0.18217875808477402,0.05521836131811142
6751,33.0,1189,1.2287979125976562,,0.27695250138640404,0.0929323062300682
6752,33.0,970,1.0179507732391357,,0.13534731045365334,0.027524609118700027
6753,33.0,721,0.733147144317627,,0.05998816294595599,-0.011327091604471207
6754,24.0,715,0.7926712036132812,,0.10715557169169188,0.01980891078710556
6755,40.0,1277,1.3085973262786865,,0.22002743557095528,0.06333646178245544
6756,30.0,1111,1.1484344005584717,,0.4094456657767296,0.16880884766578674
6757,41.0,1285,1.3726022243499756,,0.1005309410393238,0.03662921115756035
6758,31.0,835,0.8994941711425781,,0.16625050641596317,0.0433926060795784
6759,64.0,1941,1.986968994140625,,0.33767783641815186,0.0996113196015358
6760,64.0,2123,2.26711368560791,,0.1763372290879488,0.04325837641954422
6761,33.0,1047,1.0907950401306152,,0.10450826585292816,0.03044416941702366
6762,33.0,1025,1.0662813186645508,,0.11015820037573576,0.02069864049553871
6763,32.0,929,0.9258651733398438,,0.09603947028517723,0.003102712333202362
6764,31.0,1161,1.2487123012542725,,0.2102936301380396,0.06391897052526474
6765,29.0,1009,1.053748607635498,,0.08601052220910788,0.018191291019320488
6766,29.0,883,0.8861520290374756,,0.13429896347224712,0.02293030172586441
6767,32.0,1004,1.0539765357971191,,0.1863342821598053,0.04766812548041344
6768,33.0,1001,1.0485587120056152,,0.0989740127697587,0.014508023858070374
6769,33.0,1012,1.0574452877044678,,0.13729055784642696,0.03667948767542839
6770,30.0,1091,1.1304268836975098,,0.0921134389936924,0.018693797290325165
6771,32.0,1011,1.0599637031555176,,0.12352369353175163,0.026797745376825333
6772,32.0,953,0.9972622394561768,,0.08516149129718542,0.008877821266651154
6773,27.0,1127,1.1685612201690674,,0.08850961830466986,0.0008917674422264099
6774,58.0,1692,1.8147120475769043,,0.16918373852968216,0.031049005687236786
6775,29.0,1046,1.0898394584655762,,0.11251874454319477,0.01936202123761177
6776,31.0,884,0.8796911239624023,,0.0695154843851924,-0.002773180603981018
6777,29.0,1015,1.0604844093322754,,0.05585656454786658,-0.012710494920611382
6778,32.0,866,0.9297630786895752,,0.07700137887150049,0.006540888920426369
6779,53.0,1737,1.8555033206939697,,0.4033482111990452,0.14416910707950592
6780,31.0,1009,1.0472486019134521,,0.09703235141932964,0.026410020887851715
6781,33.0,1187,1.221379280090332,,0.12942856643348932,0.02948460355401039
6782,30.0,972,1.0191278457641602,,0.09758570417761803,0.01824316754937172
6783,32.0,953,0.9974775314331055,,0.08511070720851421,0.008465796709060669
6784,33.0,1039,1.0875084400177002,,0.17825685441493988,0.06058640033006668
6785,69.0,2295,2.3629870414733887,,0.21620934456586838,0.06164155155420303
6786,68.0,2278,2.419429063796997,,0.1462326729670167,0.03142174333333969
6787,32.0,1170,1.2074635028839111,,0.14011401124298573,0.035645533353090286
6788,31.0,1195,1.227569818496704,,0.08460013009607792,0.019523387774825096
6789,32.0,1099,1.143599033355713,,0.07476285053417087,0.012928210198879242
6790,58.0,1882,1.9941105842590332,,0.09895558375865221,0.0036514922976493835
6791,29.0,997,1.0421679019927979,,0.19089709408581257,0.05030639097094536
6792,31.0,1014,1.0644989013671875,,0.07326277391985059,0.006119737401604652
6793,30.0,1015,1.0591628551483154,,0.07225818512961268,0.007900567725300789
6794,32.0,896,0.9564628601074219,,0.07561694923788309,0.004745688289403915
6795,32.0,898,0.8939433097839355,,0.04949786048382521,-0.012771934270858765
6796,59.0,2020,2.1134836673736572,,0.058797955978661776,-0.011362172663211823
6797,31.0,855,0.9116401672363281,,0.1811480950564146,0.04418720304965973
6798,33.0,1211,1.2330372333526611,,0.0679510640911758,0.01689331606030464
6799,31.0,1027,1.0735011100769043,,0.1294722929596901,0.02591025084257126
6800,32.0,1041,1.082921028137207,,0.11256769765168428,0.026227135211229324
6801,32.0,1013,1.057995319366455,,0.07577140256762505,0.004586644470691681
6802,28.0,1033,1.0783538818359375,,0.1225516190752387,0.019437765702605247
6803,34.0,826,0.8845913410186768,,0.12912477552890778,0.0250139981508255
6804,32.0,1215,1.2386269569396973,,0.17619057185947895,0.06113825738430023
6805,34.0,874,0.9289419651031494,,0.10336062405258417,0.019264109432697296
6806,32.0,1139,1.1741268634796143,,0.10073385387659073,0.022304745391011238
6807,32.0,910,0.9650168418884277,,0.1210573585703969,0.02058420330286026
6808,41.0,1193,1.2295982837677002,,0.11687319539487362,0.035602204501628876
6809,52.0,1706,1.82749605178833,,0.32440546713769436,0.1614849865436554
6810,31.0,1192,1.2239642143249512,,0.28580738604068756,0.10488548874855042
6811,32.0,861,0.9227404594421387,,0.09902562759816647,0.01912822388112545
6812,60.0,1831,1.8818097114562988,,0.0723895113915205,0.0034626368433237076
6813,29.0,956,1.011488914489746,,0.28956131637096405,0.08796562999486923
6814,31.0,985,1.0285418033599854,,0.09712521359324455,0.023688118904829025
6815,24.0,695,0.7702670097351074,,0.075479069724679,0.014163898304104805
6816,30.0,1067,1.1076312065124512,,0.18480182625353336,0.059040214866399765
6817,32.0,1135,1.1680867671966553,,0.08991134539246559,0.023105230182409286
6818,31.0,1055,1.0973014831542969,,0.17964652180671692,0.04626883193850517
6819,62.0,2011,2.0961227416992188,,0.2577766962349415,0.06804575026035309
6820,25.0,946,1.0060062408447266,,0.2685716263949871,0.11266098916530609
6821,30.0,957,1.0108368396759033,,0.2573620602488518,0.08666663616895676
6822,30.0,863,0.867969274520874,,0.1136918580159545,0.02327658422291279
6823,61.0,1702,1.824336051940918,,0.24458160437643528,0.09104625880718231
6824,32.0,1168,1.193000316619873,,0.08131417259573936,0.02709786780178547
6825,32.0,933,0.9822413921356201,,0.13615080248564482,0.025068014860153198
6826,32.0,785,0.7903168201446533,,0.0964280879124999,0.012953292578458786
6827,34.0,743,0.8138473033905029,,0.07214561011642218,0.000580132007598877
6828,30.0,851,0.8529067039489746,,0.055975476279854774,0.004110712558031082
6829,31.0,864,0.9239563941955566,,0.10412427224218845,0.02125033736228943
6830,30.0,945,0.994537353515625,,0.17394816875457764,0.06105466187000275
6831,33.0,977,1.0225050449371338,,0.07582464814186096,0.017548318952322006
6832,32.0,1267,1.2882952690124512,,0.2841632775962353,0.10879930853843689
6833,33.0,917,0.9619972705841064,,0.13474352099001408,0.03458946943283081
6834,30.0,964,1.007462739944458,,0.10277435649186373,0.02080676704645157
6835,63.0,1824,1.8689122200012207,,0.10961562860757113,0.02326202765107155
6836,32.0,1089,1.1768088340759277,,0.15754554979503155,0.037612807005643845
6837,30.0,1042,1.0866012573242188,,0.36767153441905975,0.14996501803398132
6838,26.0,745,0.7577180862426758,,0.13766367733478546,0.020328395068645477
6839,31.0,909,0.9517040252685547,,0.11944118980318308,0.02242373302578926
6840,28.0,1166,1.1967639923095703,,0.08269046526402235,0.02044469490647316
6841,33.0,953,0.9967091083526611,,0.10940614808350801,0.014166902750730515
6842,32.0,1007,1.0450079441070557,,0.10500819515436888,0.028460096567869186
6843,30.0,1117,1.1548492908477783,,0.21442688256502151,0.08402152359485626
6844,31.0,1055,1.090837001800537,,0.09819422755390406,0.03215252235531807
6845,31.0,1119,1.144404411315918,,0.07808162923902273,0.017996177077293396
6846,31.0,906,0.9542162418365479,,0.07105596689507365,0.002326682209968567
6847,31.0,877,0.9255688190460205,,0.0926464544609189,0.019319117069244385
6848,32.0,1011,1.0585448741912842,,0.07721609994769096,0.008101090788841248
6849,31.0,1102,1.1358883380889893,,0.06680956901982427,0.007908295840024948
6850,28.0,1118,1.161937952041626,,0.12862795032560825,0.0336751714348793
6851,32.0,797,0.8616757392883301,,0.10276061855256557,0.02567257359623909
6852,31.0,1037,1.077300786972046,,0.06788129266351461,0.014179103076457977
6853,31.0,1135,1.1686534881591797,,0.11381532065570354,0.02198418229818344
6854,30.0,1163,1.1980164051055908,,0.10038650315254927,0.02511603944003582
6855,58.0,1737,1.8516409397125244,,0.3499615862965584,0.1445624828338623
6856,36.0,1333,1.352494478225708,,0.1474383119493723,0.045843709260225296
6857,46.0,1368,1.4550690650939941,,0.0680213957093656,0.003415629267692566
6858,31.0,998,1.045762062072754,,0.2530221454799175,0.08445559442043304
6859,26.0,791,0.8000223636627197,,0.10996889788657427,0.009269308298826218
6860,50.0,1570,1.6291494369506836,,0.05956886103376746,0.004303572699427605
6861,50.0,1667,1.7960662841796875,,0.1940294373780489,0.056905221194028854
6862,32.0,1181,1.214094877243042,,0.24765104055404663,0.06624684482812881
6863,31.0,1053,1.0923244953155518,,0.12828042916953564,0.03688226267695427
6864,58.0,1749,1.8203177452087402,,0.08933568745851517,-0.0022429339587688446
6865,51.0,1737,1.8607277870178223,,0.07104088086634874,-0.008923962712287903
6866,32.0,1175,1.206003189086914,,0.25666178576648235,0.09141000360250473
6867,31.0,1101,1.1343629360198975,,0.1922675371170044,0.06883823126554489
6868,31.0,941,0.9945437908172607,,0.10695400275290012,0.020806394517421722
6869,62.0,2054,2.155829906463623,,0.2705088946968317,0.07501961290836334
6870,31.0,1058,1.0971713066101074,,0.13980353623628616,0.027998119592666626
6871,30.0,968,1.010007619857788,,0.08942476194351912,-0.0029353685677051544
6872,33.0,1025,1.0578367710113525,,0.09059326909482479,0.012081101536750793
6873,44.0,1513,1.582939624786377,,0.07386611960828304,-0.003825351595878601
6874,33.0,1158,1.184706687927246,,0.3490118198096752,0.1176203191280365
6875,58.0,1605,1.678783655166626,,0.07784508354961872,0.013666829094290733
6876,35.0,1201,1.2878601551055908,,0.06390506541356444,0.003751711919903755
6877,32.0,764,0.7752475738525391,,0.15291818790137768,0.03426677733659744
6878,29.0,1055,1.091294765472412,,0.10519660543650389,0.020420044660568237
6879,32.0,969,1.0209321975708008,,0.100358035415411,0.011525679379701614
6880,32.0,965,1.008066177368164,,0.10001382604241371,0.01456957682967186
6881,27.0,901,0.962522029876709,,0.10267611220479012,0.021090004593133926
6882,31.0,1037,1.0750274658203125,,0.14182825479656458,0.05656084418296814
6883,30.0,909,0.9636733531951904,,0.07787294592708349,0.009258827194571495
6884,63.0,1835,1.897242784500122,,0.25131233781576157,0.08888024836778641
6885,63.0,2113,2.1929211616516113,,0.3431834429502487,0.11683694273233414
6886,30.0,834,0.8941073417663574,,0.18828725814819336,0.04870900511741638
6887,59.0,1581,1.6464977264404297,,0.05745801609009504,-0.003744928166270256
6888,52.0,1555,1.61946439743042,,0.09070331510156393,0.014740610495209694
6889,23.0,737,0.8068532943725586,,0.35569408535957336,0.12160900235176086
6890,31.0,1064,1.094764232635498,,0.14091982506215572,0.04484419524669647
6891,33.0,1167,1.1908745765686035,,0.10786959249526262,0.019612062722444534
6892,31.0,1001,1.0402390956878662,,0.1000972231850028,0.020451273769140244
6893,63.0,1894,1.9794073104858398,,0.3328046277165413,0.16470806300640106
6894,41.0,1235,1.2544803619384766,,0.09890107344835997,0.025618257001042366
6895,31.0,1041,1.0818302631378174,,0.28138007782399654,0.10146046429872513
6896,32.0,1107,1.1370954513549805,,0.1135780643671751,0.017727652564644814
6897,31.0,1176,1.2533354759216309,,0.06673233397305012,0.008980538696050644
6898,31.0,1168,1.19398832321167,,0.17543518543243408,0.07326685637235641
6899,32.0,1176,1.196624994277954,,0.14299906603991985,0.040127575397491455
6900,32.0,811,0.8691537380218506,,0.07603024132549763,0.005080725997686386
6901,32.0,987,1.0299656391143799,,0.083992806263268,0.021145500242710114
6902,32.0,1070,1.1056616306304932,,0.12165011186152697,0.037676651030778885
6903,34.0,1030,1.0682284832000732,,0.09073469508439302,0.02125643938779831
6904,30.0,1207,1.2283618450164795,,0.1406770832836628,0.0496998131275177
6905,30.0,1076,1.105820894241333,,0.07448634877800941,0.007618241012096405
6906,32.0,1021,1.0582971572875977,,0.06948767555877566,0.016368303447961807
6907,31.0,1299,1.3669061660766602,,0.10451645869761705,0.008389666676521301
6908,32.0,1114,1.1406242847442627,,0.13025672733783722,0.04276237636804581
6909,31.0,1073,1.100743293762207,,0.06796480435878038,0.005408979952335358
6910,30.0,998,1.0332870483398438,,0.07369814347475767,0.007243119180202484
6911,33.0,1221,1.23378324508667,,0.06791416695341468,0.009366016834974289
6912,32.0,1049,1.080125331878662,,0.07128069503232837,0.014074278995394707
6913,32.0,895,0.9479193687438965,,0.07861511316150427,-0.00282929465174675
6914,32.0,864,0.9229726791381836,,0.12502837926149368,0.02689976803958416
6915,33.0,1013,1.0534930229187012,,0.07149639306589961,0.014307932928204536
6916,33.0,940,0.9938852787017822,,0.12962613813579082,0.040565431118011475
6917,47.0,1347,1.3707716464996338,,0.12672598101198673,0.042479902505874634
6918,62.0,1991,2.0994763374328613,,0.30480184219777584,0.08388470113277435
6919,31.0,1097,1.1321094036102295,,0.1978979855775833,0.060616787523031235
6920,32.0,999,1.040616512298584,,0.07183780614286661,0.0054417625069618225
6921,33.0,1065,1.097214937210083,,0.10021451767534018,0.024108469486236572
6922,31.0,952,1.0040667057037354,,0.09700925648212433,0.006146129220724106
6923,30.0,998,1.0386476516723633,,0.1770144421607256,0.060520149767398834
6924,65.0,1899,1.9843122959136963,,0.3282045014202595,0.12067066878080368
6925,30.0,923,0.9745752811431885,,0.09624234400689602,0.022294705733656883
6926,33.0,1032,1.0790536403656006,,0.07412226870656013,0.008743997663259506
6927,31.0,1058,1.0988707542419434,,0.07521950639784336,0.011890213936567307
6928,33.0,983,1.0418472290039062,,0.15563645958900452,0.05093703418970108
6929,34.0,903,0.9042627811431885,,0.10275148134678602,0.011087831109762192
6930,31.0,1030,1.0766785144805908,,0.14599967561662197,0.043439872562885284
6931,32.0,995,1.0467216968536377,,0.11286985129117966,0.030619215220212936
6932,32.0,928,0.980177640914917,,0.13323961570858955,0.023754272609949112
6933,26.0,697,0.7732410430908203,,0.08999999612569809,0.01836453191936016
6934,31.0,1065,1.098494291305542,,0.13126686587929726,0.056148603558540344
6935,32.0,1151,1.1943397521972656,,0.11890689190477133,0.04488791525363922
6936,30.0,932,0.9896020889282227,,0.07809293642640114,0.019712775945663452
6937,30.0,1060,1.097944974899292,,0.12478997558355331,0.03352503478527069
6938,34.0,981,1.0266239643096924,,0.09923007152974606,0.026822833344340324
6939,60.0,1632,1.710500717163086,,0.13404620625078678,0.0268746018409729
6940,52.0,1622,1.703728199005127,,0.138211858458817,0.021031375974416733
6941,32.0,1084,1.1259253025054932,,0.1749106738716364,0.052823714911937714
6942,31.0,1098,1.138939619064331,,0.0675655659288168,0.005564849823713303
6943,27.0,828,0.8906207084655762,,0.10860604606568813,0.015003390610218048
6944,33.0,838,0.8982279300689697,,0.09369808062911034,0.02262168750166893
6945,22.0,620,0.6460270881652832,,0.1043197987601161,0.00822499394416809
6946,33.0,913,0.9610002040863037,,0.14450505655258894,0.045416541397571564
6947,32.0,1053,1.0879528522491455,,0.12635787017643452,0.019796699285507202
6948,32.0,1021,1.0629689693450928,,0.07657079864293337,0.015724899247288704
6949,52.0,1554,1.6243155002593994,,0.26613884046673775,0.11291628330945969
6950,33.0,683,0.6990835666656494,,0.18523922935128212,0.04515078663825989
6951,42.0,1130,1.1667673587799072,,0.10272605996578932,0.013381373137235641
6952,61.0,1721,1.8291528224945068,,0.3883933946490288,0.15080256760120392
6953,38.0,1234,1.2644686698913574,,0.1596224680542946,0.04533781856298447
6954,34.0,985,1.0341968536376953,,0.3543604575097561,0.1366766095161438
6955,31.0,938,0.9902682304382324,,0.11563845910131931,0.035060275346040726
6956,32.0,1011,1.060199499130249,,0.1554803680628538,0.04914018511772156
6957,31.0,954,1.0023140907287598,,0.08045330923050642,0.02940426953136921
6958,32.0,1032,1.0682005882263184,,0.08994484413415194,0.024329254403710365
6959,57.0,1661,1.7263741493225098,,0.3085063807666302,0.11471304297447205
6960,34.0,965,1.0069825649261475,,0.16449451446533203,0.04468721151351929
6961,31.0,1124,1.1518971920013428,,0.0877715302631259,0.025800753384828568
6962,29.0,996,1.0465474128723145,,0.25901869125664234,0.08895502984523773
6963,31.0,1129,1.1587707996368408,,0.1161366393789649,0.029270026832818985
6964,32.0,795,0.8580961227416992,,0.06108670821413398,0.003333982080221176
6965,32.0,1162,1.1928839683532715,,0.14361127652227879,0.04893111437559128
6966,29.0,921,0.9778132438659668,,0.1357636945322156,0.027863167226314545
6967,33.0,923,0.9191708564758301,,0.13880560547113419,0.02987416833639145
6968,46.0,1602,1.731309175491333,,0.08776746969670057,-0.018012147396802902
6969,31.0,1058,1.1049237251281738,,0.12010959070175886,0.03977802395820618
6970,34.0,846,0.8485901355743408,,0.09649254661053419,0.0021148808300495148
6971,32.0,837,0.8982458114624023,,0.1083086933940649,0.019772391766309738
6972,32.0,1019,1.0643291473388672,,0.08259094879031181,0.01172717846930027
6973,32.0,931,0.9872550964355469,,0.07366791274398565,0.01525663211941719
6974,33.0,803,0.8018972873687744,,0.08952576201409101,0.009632021188735962
6975,29.0,1015,1.0663180351257324,,0.1296558417379856,0.02238638326525688
6976,46.0,1424,1.5040309429168701,,0.0565721676684916,-0.012126550078392029
6977,56.0,1433,1.5215630531311035,,0.08709506504237652,0.001103416085243225
6978,34.0,822,0.8242847919464111,,0.356621615588665,0.14540991187095642
6979,67.0,2239,2.369605302810669,,0.1956393625587225,0.04901132732629776
6980,32.0,1074,1.108654260635376,,0.07527358923107386,0.01601756364107132
6981,31.0,968,1.017765998840332,,0.0725200385786593,0.007729023694992065
6982,29.0,1143,1.1804625988006592,,0.07463727798312902,0.013470428064465523
6983,44.0,1251,1.3518147468566895,,0.1021183067932725,0.011303678154945374
6984,56.0,1747,1.8101136684417725,,0.35365118831396103,0.1319865882396698
6985,37.0,1263,1.29233717918396,,0.1784581746906042,0.060811109840869904
6986,31.0,1077,1.1173522472381592,,0.3827246278524399,0.1777147799730301
6987,62.0,1977,2.077916145324707,,0.08246909733861685,0.018886834383010864
6988,31.0,914,0.9615039825439453,,0.31629952788352966,0.10132887214422226
6989,30.0,915,0.9646260738372803,,0.07243569195270538,0.009890329092741013
6990,31.0,1027,1.0667381286621094,,0.07618208788335323,0.013191916048526764
6991,29.0,1045,1.0820133686065674,,0.07191719952970743,0.017515862360596657
6992,32.0,1009,1.0509307384490967,,0.10206345468759537,0.020078731700778008
6993,67.0,2086,2.166750907897949,,0.26420840062201023,0.06486617773771286
6994,32.0,840,0.9011402130126953,,0.1646426096558571,0.040996450930833817
6995,45.0,1385,1.4182543754577637,,0.22577638924121857,0.08496013283729553
6996,29.0,1089,1.129218578338623,,0.2740865536034107,0.10932062566280365
6997,68.0,2104,2.2518954277038574,,0.2035489808768034,0.07243456691503525
6998,62.0,1917,1.9692554473876953,,0.21264144033193588,0.06987421214580536
6999,33.0,948,1.0000226497650146,,0.15204045549035072,0.040888626128435135
7000,32.0,1047,1.0921549797058105,,0.2175368182361126,0.0954342633485794
7001,51.0,1477,1.5796470642089844,,0.18617445044219494,0.0643535703420639
7002,26.0,809,0.8870241641998291,,0.23258329927921295,0.07823672890663147
7003,31.0,865,0.8750040531158447,,0.18292860873043537,0.059526048600673676
7004,29.0,973,1.036637306213379,,0.1125149242579937,0.01963118650019169
7005,68.0,2673,2.846660614013672,,0.2764393240213394,0.09096278250217438
7006,33.0,930,0.9298977851867676,,0.10632703267037868,0.012182965874671936
7007,32.0,1138,1.2309019565582275,,0.06537279766052961,1.6566365957260132e-05
7008,33.0,1124,1.1710493564605713,,0.21470556035637856,0.0665149837732315
7009,31.0,1071,1.1197254657745361,,0.21860731579363346,0.07807289063930511
7010,66.0,2259,2.344789743423462,,0.24799899198114872,0.08904325217008591
7011,66.0,2135,2.236248731613159,,0.26236383616924286,0.09627977013587952
7012,31.0,897,0.9564716815948486,,0.16382510401308537,0.04280510172247887
7013,34.0,1041,1.0814151763916016,,0.11854864936321974,0.04197394475340843
7014,31.0,1061,1.0965790748596191,,0.1670043971389532,0.04454581439495087
7015,25.0,845,0.9113967418670654,,0.12151332944631577,0.02227146178483963
7016,55.0,1590,1.6699638366699219,,0.30859361216425896,0.12681593000888824
7017,30.0,853,0.9219777584075928,,0.2589722741395235,0.08120180666446686
7018,32.0,944,0.9993553161621094,,0.09514609724283218,0.021748129278421402
7019,31.0,925,0.9311630725860596,,0.07831219956278801,-0.002150312066078186
7020,32.0,1047,1.090379238128662,,0.138900775462389,0.02758721262216568
7021,66.0,2290,2.431006908416748,,0.33422964066267014,0.12787173688411713
7022,34.0,1025,1.0704054832458496,,0.0740173808299005,0.020416896790266037
7023,60.0,2045,2.1395108699798584,,0.18336641043424606,0.05378766730427742
7024,33.0,1105,1.152256727218628,,0.1651061987504363,0.03731151670217514
7025,32.0,930,0.9888193607330322,,0.09089371934533119,0.014792628586292267
7026,33.0,823,0.8330564498901367,,0.06985253281891346,-0.009155955165624619
7027,32.0,989,1.046330213546753,,0.09217466600239277,0.010372914373874664
7028,31.0,1120,1.212841272354126,,0.10264341905713081,0.03326203674077988
7029,32.0,859,0.8691928386688232,,0.07870942261070013,0.001417163759469986
7030,67.0,2058,2.152893304824829,,0.32687316462397575,0.15205508470535278
7031,34.0,936,0.9899325370788574,,0.13007262535393238,0.02409517765045166
7032,32.0,1095,1.1387784481048584,,0.1494944542646408,0.049790576100349426
7033,30.0,978,1.026663064956665,,0.12221645284444094,0.026770778000354767
7034,32.0,1077,1.1151533126831055,,0.07807586900889874,0.012860964983701706
7035,31.0,1091,1.1434838771820068,,0.09867545403540134,0.014845427125692368
7036,56.0,1674,1.802382230758667,,0.20985668152570724,0.06372508406639099
7037,29.0,1149,1.1929268836975098,,0.23929760791361332,0.08564654737710953
7038,32.0,1118,1.1526193618774414,,0.09014720469713211,0.01478535309433937
7039,31.0,1089,1.1255590915679932,,0.08532333187758923,0.01662544161081314
7040,63.0,1943,2.0550715923309326,,0.320841908454895,0.10209523886442184
7041,30.0,1043,1.0954415798187256,,0.1345915412530303,0.031755734235048294
7042,32.0,904,0.9615762233734131,,0.07750257942825556,0.00971471518278122
7043,33.0,966,1.0177645683288574,,0.12701761443167925,0.028792604804039
7044,27.0,941,1.0086307525634766,,0.31352929398417473,0.09592941403388977
7045,64.0,1913,1.9579403400421143,,0.30657345801591873,0.10699780285358429
7046,33.0,912,0.9686899185180664,,0.09654715470969677,0.011804863810539246
7047,68.0,2403,2.5301153659820557,,0.22209984436631203,0.06309109181165695
7048,31.0,1179,1.2168047428131104,,0.2202545590698719,0.07983730733394623
7049,35.0,1177,1.2184081077575684,,0.12043497804552317,0.03267050161957741
7050,55.0,1757,1.8807616233825684,,0.10033064614981413,0.0058403052389621735
7051,31.0,1073,1.1188232898712158,,0.19260739535093307,0.04615391045808792
7052,63.0,2007,2.11653208732605,,0.10053060110658407,0.009990975260734558
7053,26.0,803,0.8231570720672607,,0.16748620942234993,0.03631020709872246
7054,66.0,2303,2.4425697326660156,,0.15561439655721188,0.031720761209726334
7055,33.0,1047,1.0844924449920654,,0.06889419164508581,0.01169285736978054
7056,30.0,965,1.0169677734375,,0.5459462627768517,0.22850289940834045
7057,31.0,1011,1.0604767799377441,,0.2686949744820595,0.09096665680408478
7058,33.0,861,0.8609976768493652,,0.12384525779634714,0.025418702512979507
7059,32.0,1141,1.2301042079925537,,0.08757175598293543,0.02117599919438362
7060,30.0,1012,1.0707178115844727,,0.4648801274597645,0.19657044112682343
7061,31.0,1066,1.1142089366912842,,0.2033023089170456,0.06426267325878143
7062,33.0,1062,1.1180877685546875,,0.12329559959471226,0.033763471990823746
7063,68.0,2220,2.337989091873169,,0.32921458408236504,0.09216868877410889
7064,29.0,1087,1.156036615371704,,0.14910797961056232,0.039147768169641495
7065,33.0,1028,1.0782454013824463,,0.12443223595619202,0.021881382912397385
7066,31.0,970,1.0223605632781982,,0.126176867634058,0.032367125153541565
7067,31.0,1100,1.1464715003967285,,0.13973024860024452,0.027922064065933228
7068,32.0,1021,1.0734760761260986,,0.10897479020059109,0.02752896025776863
7069,38.0,1332,1.4189951419830322,,0.14257240295410156,0.033064112067222595
7070,56.0,1718,1.7895689010620117,,0.06057043932378292,-0.006892893463373184
7071,38.0,1179,1.2836716175079346,,0.0658568567596376,-0.0005165617913007736
7072,32.0,1226,1.2564918994903564,,0.19121894240379333,0.04245910793542862
7073,44.0,1371,1.4631898403167725,,0.10451661981642246,0.007557272911071777
7074,44.0,1489,1.5717310905456543,,0.052122460678219795,-0.008478980511426926
7075,33.0,1085,1.1340231895446777,,0.1110130287706852,0.020230622962117195
7076,18.0,633,0.6664378643035889,,0.10920731630176306,0.018964052200317383
7077,31.0,1016,1.0676004886627197,,0.3840741142630577,0.16360688209533691
7078,49.0,1711,1.781848669052124,,0.10054533742368221,0.012697558850049973
7079,31.0,1110,1.1589505672454834,,0.24745951406657696,0.0720224678516388
7080,31.0,973,1.030829668045044,,0.1022794134914875,0.016126111149787903
7081,33.0,847,0.9160153865814209,,0.08781319949775934,0.013007938861846924
7082,32.0,1083,1.131901502609253,,0.0911982785910368,0.020144732668995857
7083,32.0,919,0.9766488075256348,,0.11416032258421183,0.02106933295726776
7084,33.0,981,1.0382623672485352,,0.0817370880395174,0.012257974594831467
7085,33.0,989,1.0407381057739258,,0.09436265379190445,0.016438229009509087
7086,40.0,1225,1.274646282196045,,0.11837295535951853,0.029607122763991356
7087,66.0,2183,2.2563230991363525,,0.26280437409877777,0.10366033017635345
7088,32.0,1023,1.059286117553711,,0.10655578691512346,0.015137545764446259
7089,32.0,830,0.887091875076294,,0.1875865887850523,0.0632706955075264
7090,32.0,900,0.9541313648223877,,0.10332466661930084,0.034837666898965836
7091,30.0,1139,1.1770343780517578,,0.16385949961841106,0.05967145040631294
7092,33.0,1078,1.1102635860443115,,0.09538876451551914,0.016144469380378723
7093,31.0,921,0.9771075248718262,,0.11293764412403107,0.023790985345840454
7094,30.0,1132,1.170905351638794,,0.1726542003452778,0.03926985338330269
7095,31.0,1148,1.1825733184814453,,0.102964804507792,0.024700531736016273
7096,57.0,1748,1.856311559677124,,0.2553177960216999,0.059805188328027725
7097,31.0,1004,1.0478324890136719,,0.23376011475920677,0.09543159604072571
7098,59.0,1766,1.8212709426879883,,0.11693879775702953,0.011037763208150864
7099,32.0,1258,1.3529763221740723,,0.14711825922131538,0.041422199457883835
7100,34.0,842,0.8414487838745117,,0.09796817786991596,0.0026128627359867096
7101,33.0,1119,1.1560142040252686,,0.1453608125448227,0.03909755498170853
7102,33.0,1129,1.2213268280029297,,0.11222422774881124,0.024197734892368317
7103,31.0,1073,1.1126399040222168,,0.16109787672758102,0.052904002368450165
7104,33.0,883,0.8814995288848877,,0.10343232657760382,0.017305636778473854
7105,52.0,1378,1.4640400409698486,,0.08275098633021116,0.018388787284493446
7106,33.0,837,0.8953051567077637,,0.3211829662322998,0.11680374294519424
7107,70.0,2472,2.5787858963012695,,0.11118840798735619,0.024190764874219894
7108,32.0,733,0.7458746433258057,,0.162074264138937,0.033873461186885834
7109,34.0,995,1.0431232452392578,,0.11962985340505838,0.03615538775920868
7110,31.0,981,1.0370502471923828,,0.13577289506793022,0.03735092654824257
7111,34.0,878,0.9361917972564697,,0.10610668174922466,0.018817782402038574
7112,31.0,1012,1.0549342632293701,,0.08704390376806259,0.020488714799284935
7113,31.0,1216,1.2430591583251953,,0.09253901615738869,0.02355199307203293
7114,28.0,1115,1.1572356224060059,,0.06720851268619299,0.005200762301683426
7115,32.0,902,0.9581553936004639,,0.0899211261421442,0.011852309107780457
7116,42.0,1329,1.359358310699463,,0.12755367066711187,0.035877469927072525
7117,32.0,830,0.8886749744415283,,0.41581590846180916,0.1695484220981598
7118,31.0,1269,1.3409807682037354,,0.27864735946059227,0.10249348729848862
7119,31.0,1089,1.1181399822235107,,0.11389151215553284,0.030991530045866966
7120,31.0,1078,1.1127820014953613,,0.06953460490331054,0.01739485003054142
7121,32.0,1155,1.1832025051116943,,0.09663328994065523,0.02418207935988903
7122,34.0,966,1.0192744731903076,,0.08395539503544569,0.002298269420862198
7123,38.0,1335,1.4181244373321533,,0.08298045583069324,0.007579190656542778
7124,59.0,1953,1.9969475269317627,,0.11020887270569801,0.014487255364656448
7125,56.0,1747,1.8681678771972656,,0.23132551461458206,0.06650331616401672
7126,32.0,940,0.9941213130950928,,0.2741325795650482,0.08735271543264389
7127,34.0,978,1.0294013023376465,,0.0776591980829835,0.008209183812141418
7128,32.0,879,0.8799102306365967,,0.09583191759884357,0.0009396150708198547
7129,56.0,1749,1.8700544834136963,,0.3472060225903988,0.13978415727615356
7130,55.0,1840,1.8913424015045166,,0.10092123039066792,0.017302298918366432
7131,50.0,1393,1.4744036197662354,,0.25607822090387344,0.05270965397357941
7132,31.0,1092,1.126401424407959,,0.4585529714822769,0.1605461686849594
7133,33.0,847,0.905540943145752,,0.07027180958539248,0.0041113682091236115
7134,33.0,948,0.9921562671661377,,0.08160958904772997,0.01044308952987194
7135,60.0,1553,1.6287827491760254,,0.3736959658563137,0.16803014278411865
7136,34.0,1026,1.0706570148468018,,0.28758191503584385,0.12153951823711395
7137,31.0,961,1.010822057723999,,0.13347869832068682,0.0314515084028244
7138,30.0,999,1.0492126941680908,,0.15751689858734608,0.04078563302755356
7139,33.0,1087,1.122854232788086,,0.22496921196579933,0.0649729073047638
7140,31.0,1042,1.08915376663208,,0.1497983941808343,0.033199749886989594
7141,32.0,891,0.8913156986236572,,0.14807533100247383,0.031156975775957108
7142,30.0,1117,1.2057368755340576,,0.10609253123402596,0.026726843789219856
7143,31.0,897,0.8972394466400146,,0.07490749191492796,0.0020551346242427826
7144,63.0,1755,1.8761305809020996,,0.35195234790444374,0.09352990984916687
7145,58.0,1845,1.90278959274292,,0.1968402937054634,0.06571906805038452
7146,59.0,1650,1.7718873023986816,,0.35317663475871086,0.11281094700098038
7147,32.0,856,0.8554050922393799,,0.17150753550231457,0.056538164615631104
7148,32.0,1090,1.1261157989501953,,0.09245535731315613,0.0126606784760952
7149,33.0,845,0.9025459289550781,,0.09288609959185123,0.02517692558467388
7150,34.0,818,0.8873751163482666,,0.07928111497312784,0.007353845983743668
7151,34.0,1005,1.0544939041137695,,0.1680718995630741,0.06370707601308823
7152,31.0,929,0.9259603023529053,,0.13656282983720303,0.02973446249961853
7153,32.0,780,0.8513591289520264,,0.13775952626019716,0.03884413465857506
7154,32.0,1184,1.2153401374816895,,0.13718905113637447,0.03857976943254471
7155,36.0,1433,1.5070030689239502,,0.1920213270932436,0.085428886115551
7156,31.0,1019,1.0625512599945068,,0.36649150773882866,0.16054975986480713
7157,63.0,2123,2.1968677043914795,,0.6030480936169624,0.2587047517299652
7158,30.0,1315,1.3933279514312744,,0.1682059969753027,0.04725763946771622
7159,30.0,963,1.0132904052734375,,0.09720778930932283,0.019603274762630463
7160,31.0,1094,1.1450207233428955,,0.1452795509248972,0.043020810931921005
7161,29.0,975,1.0200779438018799,,0.11268720775842667,0.04129607230424881
7162,32.0,826,0.8278172016143799,,0.08178047835826874,0.011357691138982773
7163,30.0,949,0.9968018531799316,,0.09104595892131329,0.019789693877100945
7164,33.0,790,0.8623270988464355,,0.12774738296866417,0.0389099046587944
7165,52.0,1733,1.7878713607788086,,0.2233019657433033,0.0655941516160965
7166,33.0,911,0.956658124923706,,0.23822087049484253,0.06689173728227615
7167,32.0,814,0.8143370151519775,,0.0732802813872695,-0.000586802139878273
7168,32.0,1156,1.2399623394012451,,0.25505741871893406,0.07753844559192657
7169,62.0,1993,2.0832700729370117,,0.2967744879424572,0.11839210987091064
7170,52.0,1928,1.9672021865844727,,0.14419844094663858,0.02552325651049614
7171,31.0,998,1.0424950122833252,,0.2994427755475044,0.11537696421146393
7172,22.0,925,0.9888579845428467,,0.3149733208119869,0.1376628577709198
7173,30.0,1115,1.1511554718017578,,0.1631175223737955,0.054573461413383484
7174,39.0,1249,1.33074951171875,,0.17157799378037453,0.04714217036962509
7175,33.0,1089,1.1345934867858887,,0.3230435270816088,0.13651108741760254
7176,30.0,1056,1.1044361591339111,,0.13071467727422714,0.04571094363927841
7177,41.0,1379,1.4501755237579346,,0.09648540895432234,0.01263483427464962
7178,54.0,1693,1.7618935108184814,,0.18810932151973248,0.04699624702334404
7179,54.0,1487,1.5716590881347656,,0.09496475476771593,0.011831182986497879
7180,34.0,821,0.8243107795715332,,0.32958559319376945,0.11804648488759995
7181,57.0,1903,2.013139247894287,,0.18887408822774887,0.05225773900747299
7182,32.0,1126,1.1571733951568604,,0.23303492926061153,0.08440631628036499
7183,33.0,1034,1.079651117324829,,0.1294570043683052,0.01957746222615242
7184,34.0,931,0.982140064239502,,0.12641767505556345,0.023099511861801147
7185,32.0,894,0.9460785388946533,,0.10396927502006292,0.009204894304275513
7186,34.0,893,0.9497432708740234,,0.19493173621594906,0.06074848026037216
7187,21.0,792,0.8099391460418701,,0.07619372941553593,0.011554896831512451
7188,66.0,2055,2.1473512649536133,,0.3287788890302181,0.1096176728606224
7189,34.0,1046,1.094031810760498,,0.19644256681203842,0.0627039223909378
7190,30.0,888,0.9500350952148438,,0.12890505511313677,0.021905306726694107
7191,65.0,2033,2.1297659873962402,,0.1414606412872672,0.03952588140964508
7192,58.0,1812,1.9241752624511719,,0.29874137975275517,0.1325351893901825
7193,35.0,1233,1.2638638019561768,,0.09424375835806131,0.01943562552332878
7194,32.0,1184,1.2057700157165527,,0.32125141844153404,0.12481831759214401
7195,33.0,740,0.8127129077911377,,0.11264695879071951,0.03440902754664421
7196,39.0,1189,1.2319912910461426,,0.08410018030554056,0.011402759701013565
7197,51.0,1319,1.4132256507873535,,0.09904165286570787,0.01812206208705902
7198,32.0,1403,1.4286260604858398,,0.2541684973984957,0.10222373157739639
7199,32.0,835,0.8966066837310791,,0.09807922318577766,0.02093012072145939
7200,58.0,1733,1.7844855785369873,,0.134465167298913,0.0271298885345459
7201,33.0,769,0.8319778442382812,,0.2789582386612892,0.08314794301986694
7202,33.0,1081,1.11582612991333,,0.09523665998131037,0.016906578093767166
7203,31.0,1288,1.3097057342529297,,0.3659840449690819,0.16352154314517975
7204,34.0,949,0.9926419258117676,,0.08729112427681684,0.0014821812510490417
7205,42.0,1243,1.3399591445922852,,0.2534124534577131,0.09958527237176895
7206,29.0,1184,1.2109441757202148,,0.23357717506587505,0.08138889819383621
7207,67.0,1903,2.0081799030303955,,0.18742544949054718,0.03761373087763786
7208,34.0,942,0.9943299293518066,,0.12619687989354134,0.027801021933555603
7209,33.0,902,0.901512861251831,,0.08330362755805254,0.007139150053262711
7210,58.0,1821,1.9353413581848145,,0.2451667245477438,0.07201226055622101
7211,32.0,790,0.7929613590240479,,0.16557203605771065,0.037714146077632904
7212,33.0,866,0.9228155612945557,,0.0602062507532537,-0.01457594707608223
7213,29.0,794,0.8632678985595703,,0.10123477410525084,0.011358298361301422
7214,32.0,1053,1.0907673835754395,,0.12269469443708658,0.03486457094550133
7215,32.0,927,0.9820230007171631,,0.1665658876299858,0.044141072779893875
7216,38.0,1252,1.287304162979126,,0.09848508983850479,0.025240562856197357
7217,33.0,849,0.9063997268676758,,0.4425765760242939,0.17264848947525024
7218,33.0,878,0.8822286128997803,,0.08823757711797953,0.0037569962441921234
7219,32.0,1167,1.2549552917480469,,0.08543147426098585,0.008216967806220055
7220,34.0,787,0.7945291996002197,,0.11332960333675146,0.020433299243450165
7221,32.0,938,0.9908092021942139,,0.12201556842774153,0.025681443512439728
7222,60.0,1883,1.984487771987915,,0.26176324114203453,0.0657837986946106
7223,32.0,981,1.0306456089019775,,0.14809740707278252,0.04046294838190079
7224,32.0,890,0.8861861228942871,,0.06242398917675018,-0.009511033073067665
7225,32.0,838,0.9052083492279053,,0.13982174638658762,0.039244309067726135
7226,31.0,1081,1.1221110820770264,,0.12300721555948257,0.036738477647304535
7227,31.0,1017,1.0597116947174072,,0.08317878469824791,0.009847652167081833
7228,25.0,830,0.8989646434783936,,0.0820495504885912,0.016108155250549316
7229,17.0,550,0.5847499370574951,,0.185724176466465,0.05468142032623291
7230,28.0,1093,1.1448118686676025,,0.3165051359683275,0.11988666653633118
7231,32.0,1045,1.0862016677856445,,0.1489388970658183,0.04849673807621002
7232,31.0,1014,1.0626049041748047,,0.07961784396320581,0.0094088613986969
7233,16.0,489,0.5261976718902588,,0.07518913550302386,-0.005651414394378662
7234,36.0,1245,1.2791645526885986,,0.2678354438394308,0.09466402232646942
7235,30.0,1149,1.2551116943359375,,0.25433593429625034,0.09540333598852158
7236,32.0,1188,1.2170276641845703,,0.13122662343084812,0.03640163317322731
7237,31.0,1164,1.1965813636779785,,0.08510802779346704,0.022499557584524155
7238,36.0,1309,1.3871657848358154,,0.07326296390965581,0.008477119728922844
7239,30.0,1170,1.2089486122131348,,0.3325084410607815,0.12590786814689636
7240,32.0,1236,1.2671880722045898,,0.08992391172796488,0.0034268461167812347
7241,32.0,983,1.0321807861328125,,0.11361187230795622,0.008612565696239471
7242,30.0,1162,1.257349967956543,,0.16564750764518976,0.041979897767305374
7243,60.0,2134,2.224802017211914,,0.40592110902071,0.15929388999938965
7244,31.0,1004,1.040639877319336,,0.13429253082722425,0.031101036816835403
7245,64.0,2167,2.2506754398345947,,0.2324266228824854,0.076723612844944
7246,31.0,1229,1.2662115097045898,,0.1855666395276785,0.06372593343257904
7247,31.0,1148,1.2647197246551514,,0.17667601257562637,0.03540925681591034
7248,52.0,1612,1.6799798011779785,,0.167508352547884,0.034202929586172104
7249,61.0,1822,1.8839545249938965,,0.07691292092204094,-0.006680276244878769
7250,54.0,1556,1.6294269561767578,,0.07692502485588193,0.00801805965602398
7251,32.0,1203,1.2932960987091064,,0.1398409204557538,0.03362266346812248
7252,18.0,677,0.6983964443206787,,0.1154588982462883,0.015126317739486694
7253,25.0,761,0.8347790241241455,,0.24881364405155182,0.0720740556716919
7254,32.0,1185,1.2173230648040771,,0.19357997179031372,0.05553297698497772
7255,37.0,1242,1.2639026641845703,,0.10677067842334509,0.030778437852859497
7256,30.0,1019,1.0638048648834229,,0.272875776514411,0.08277717977762222
7257,54.0,1542,1.605201244354248,,0.0729328291490674,0.004613107070326805
7258,68.0,2205,2.3512728214263916,,0.19190638884902,0.049483805894851685
7259,41.0,1437,1.4572913646697998,,0.15991263650357723,0.04816361144185066
7260,31.0,1025,1.0648353099822998,,0.23603309504687786,0.07924498617649078
7261,30.0,817,0.8795530796051025,,0.14873959124088287,0.0392891950905323
7262,33.0,857,0.9059317111968994,,0.14987843669950962,0.03015340119600296
7263,30.0,942,0.9885737895965576,,0.08343392703682184,0.02130391076207161
7264,31.0,983,0.9709200859069824,,0.06987767480313778,-0.005525439977645874
7265,32.0,897,0.9520070552825928,,0.08713341597467661,0.009174924343824387
7266,32.0,1126,1.1619205474853516,,0.09736972395330667,0.012248266488313675
7267,33.0,957,1.0084631443023682,,0.10162413120269775,0.010485593229532242
7268,32.0,990,1.0383718013763428,,0.16341993771493435,0.0474783256649971
7269,58.0,1875,1.9909863471984863,,0.24811736680567265,0.08680635690689087
7270,33.0,1044,1.0823230743408203,,0.17142105288803577,0.04744984954595566
7271,33.0,990,1.0377581119537354,,0.06339523289352655,0.003219917416572571
7272,32.0,1083,1.1246142387390137,,0.09450807794928551,0.03502907603979111
7273,33.0,923,0.971928596496582,,0.09283902402967215,0.015080314129590988
7274,31.0,1061,1.0921871662139893,,0.08822453673928976,0.02247213013470173
7275,31.0,1115,1.1472063064575195,,0.08174682687968016,0.014396974816918373
7276,33.0,788,0.8516674041748047,,0.07243027864024043,0.01249939575791359
7277,32.0,1059,1.0969679355621338,,0.11900048702955246,0.03594303876161575
7278,29.0,1108,1.1356737613677979,,0.07742315717041492,0.01747933030128479
7279,32.0,1083,1.1171891689300537,,0.21582564525306225,0.07248982042074203
7280,34.0,883,0.9334187507629395,,0.08214234374463558,0.022652165964245796
7281,29.0,1009,1.0543859004974365,,0.15414338372647762,0.043964728713035583
7282,33.0,1331,1.3482801914215088,,0.11909914575517178,0.03001631423830986
7283,55.0,1987,2.092575788497925,,0.22320553101599216,0.03504488244652748
7284,29.0,1081,1.129814863204956,,0.21429833211004734,0.062386926263570786
7285,33.0,1140,1.180156946182251,,0.1309556309133768,0.04318679869174957
7286,33.0,1033,1.0758271217346191,,0.36191434413194656,0.14336004853248596
7287,59.0,1880,1.993445634841919,,0.2054888904094696,0.06390206515789032
7288,30.0,995,1.047727108001709,,0.20226572640240192,0.06597572565078735
7289,65.0,1933,2.040534257888794,,0.174813412129879,0.05224628746509552
7290,55.0,1647,1.719515085220337,,0.20938307605683804,0.05284295231103897
7291,62.0,1636,1.703967809677124,,0.11911041289567947,0.01995309814810753
7292,61.0,2159,2.2365593910217285,,0.21316079050302505,0.05988264083862305
7293,46.0,1310,1.3993089199066162,,0.06999804964289069,0.003058232367038727
7294,66.0,1942,2.0313880443573,,0.3301045522093773,0.10061652958393097
7295,34.0,997,1.040524959564209,,0.21513287350535393,0.0702824592590332
7296,32.0,1007,1.0553500652313232,,0.08212803862988949,0.02011232264339924
7297,30.0,888,0.8963155746459961,,0.10029511619359255,0.012558888643980026
7298,34.0,1034,1.0766801834106445,,0.1767957042902708,0.050472162663936615
7299,32.0,913,0.9698231220245361,,0.11446764878928661,0.022747214883565903
7300,64.0,2189,2.3345754146575928,,0.24110600724816322,0.0606699176132679
7301,63.0,2042,2.0927677154541016,,0.15668761730194092,0.031161896884441376
7302,32.0,897,0.9562840461730957,,0.17758937180042267,0.038988612592220306
7303,55.0,1760,1.8900082111358643,,0.185298977419734,0.06577455997467041
7304,31.0,1067,1.1077642440795898,,0.1311345649883151,0.044069431722164154
7305,28.0,927,0.9908490180969238,,0.2738682311028242,0.10874508321285248
7306,67.0,2149,2.235626220703125,,0.11615616828203201,0.01972311921417713
7307,34.0,755,0.7617011070251465,,0.141448013484478,0.018978841602802277
7308,32.0,997,1.0445647239685059,,0.10472664702683687,0.009599026292562485
7309,31.0,1031,1.078784704208374,,0.1835920661687851,0.06915074586868286
7310,32.0,1069,1.1137943267822266,,0.10739228315651417,0.03024088405072689
7311,56.0,1515,1.6055259704589844,,0.18808987643569708,0.04621070623397827
7312,32.0,987,1.0362536907196045,,0.1712491475045681,0.047067057341337204
7313,32.0,1097,1.1450631618499756,,0.08224254194647074,0.005615372210741043
7314,32.0,1077,1.1138858795166016,,0.09617793746292591,0.0133906789124012
7315,32.0,1067,1.1643764972686768,,0.09969031531363726,0.020895428955554962
7316,15.0,639,0.6722440719604492,,0.13491323869675398,0.030007965862751007
7317,87.0,2827,2.916066884994507,,0.17798528261482716,0.03488442301750183
7318,34.0,775,0.8393380641937256,,0.31607046723365784,0.11565303802490234
7319,29.0,867,0.8746922016143799,,0.12572629377245903,0.0277358740568161
7320,30.0,1033,1.1330337524414062,,0.07868452742695808,0.009121477603912354
7321,33.0,887,0.8864572048187256,,0.08824249170720577,0.0027181431651115417
7322,61.0,1663,1.7352430820465088,,0.047422689851373434,-0.01054343581199646
7323,29.0,989,1.035377025604248,,0.22388317063450813,0.06150564178824425
7324,52.0,1415,1.493882417678833,,0.08655037265270948,0.026980694383382797
7325,60.0,1853,1.9586467742919922,,0.2422175332903862,0.09721439331769943
7326,30.0,1079,1.118006944656372,,0.22609305940568447,0.08555421233177185
7327,65.0,2002,2.1053287982940674,,0.38066282495856285,0.13124766945838928
7328,65.0,2127,2.2141027450561523,,0.3071977309882641,0.10470307618379593
7329,68.0,1827,1.9324121475219727,,0.21193145029246807,0.06392497569322586
7330,30.0,1053,1.0999081134796143,,0.14388858061283827,0.04380669444799423
7331,32.0,1146,1.1784765720367432,,0.11716183926910162,0.043160852044820786
7332,64.0,1972,2.080000877380371,,0.2726038955152035,0.09283571690320969
7333,34.0,962,1.0248608589172363,,0.09501161612570286,0.031462136656045914
7334,53.0,1616,1.688049554824829,,0.07765415031462908,0.011908508837223053
7335,67.0,2041,2.125401496887207,,0.24465511925518513,0.08721602708101273
7336,66.0,2127,2.1916024684906006,,0.20550009235739708,0.05588832125067711
7337,30.0,1156,1.1851375102996826,,0.11908136401325464,0.040369145572185516
7338,37.0,1231,1.3149900436401367,,0.120766282081604,0.023559166118502617
7339,58.0,1983,2.0159289836883545,,0.06858222093433142,-0.014293946325778961
7340,65.0,2323,2.4308152198791504,,0.1758077722042799,0.040374938398599625
7341,32.0,1295,1.311887264251709,,0.21136245131492615,0.08147936314344406
7342,31.0,910,0.9611339569091797,,0.1101012621074915,0.008894633501768112
7343,68.0,2091,2.1667463779449463,,0.2851616460829973,0.07856237888336182
7344,91.0,2682,2.82763671875,,0.2826165445148945,0.11201481521129608
7345,55.0,1639,1.6956651210784912,,0.09294858481734991,0.009340550750494003
7346,30.0,1149,1.1813998222351074,,0.22461049631237984,0.07640190422534943
7347,67.0,2166,2.238603115081787,,0.33620738983154297,0.11474668234586716
7348,24.0,713,0.7875428199768066,,0.17438993602991104,0.052990563213825226
7349,65.0,2190,2.2818918228149414,,0.22482521831989288,0.06993605196475983
7350,59.0,1811,1.8710951805114746,,0.14109276980161667,0.029779359698295593
7351,65.0,2138,2.2706875801086426,,0.14687672536820173,0.03914798051118851
7352,32.0,1188,1.2186596393585205,,0.1944636683911085,0.07273779809474945
7353,32.0,1015,1.0550403594970703,,0.17910326831042767,0.05189688131213188
7354,32.0,1068,1.1077303886413574,,0.24706662632524967,0.08908458799123764
7355,32.0,1007,1.0518951416015625,,0.08184071630239487,0.015286276116967201
7356,33.0,1154,1.1865465641021729,,0.10585207026451826,0.02641867846250534
7357,31.0,959,1.0116794109344482,,0.10141642484813929,0.018436606973409653
7358,32.0,942,0.9947571754455566,,0.10574335884302855,0.029378147795796394
7359,68.0,2095,2.187116861343384,,0.1768244318664074,0.0452643446624279
7360,28.0,769,0.8434312343597412,,0.1799340322613716,0.05594368278980255
7361,37.0,1082,1.1334843635559082,,0.12689999490976334,0.029741782695055008
7362,60.0,1956,1.9984159469604492,,0.18793518655002117,0.04423794522881508
7363,33.0,1075,1.1759092807769775,,0.12171859294176102,0.03821435198187828
7364,33.0,1017,1.065021276473999,,0.16171574499458075,0.053783755749464035
7365,51.0,1473,1.4961771965026855,,0.07285359874367714,0.008185934275388718
7366,52.0,1585,1.6982226371765137,,0.06471602478995919,-0.022689908742904663
7367,59.0,1497,1.5128250122070312,,0.1663538832217455,0.045333925634622574
7368,33.0,1375,1.4392149448394775,,0.16664055362343788,0.06169445067644119
7369,68.0,1951,2.0357131958007812,,0.32680974528193474,0.13765472173690796
7370,32.0,1044,1.075592279434204,,0.1415023673325777,0.036271773278713226
7371,31.0,961,1.0023612976074219,,0.25917533598840237,0.09045879542827606
7372,33.0,958,0.9970798492431641,,0.09442012198269367,0.017501631751656532
7373,65.0,2386,2.4348576068878174,,0.27140478789806366,0.11152936518192291
7374,30.0,943,0.9953076839447021,,0.2309141643345356,0.06738477200269699
7375,31.0,1155,1.252488374710083,,0.09855406451970339,0.013101883232593536
7376,57.0,1560,1.642080307006836,,0.2390760164707899,0.07759632915258408
7377,67.0,2291,2.3681700229644775,,0.15839398093521595,0.04624148830771446
7378,34.0,1025,1.0751876831054688,,0.21872885897755623,0.0831034779548645
7379,58.0,1798,1.9149186611175537,,0.16887757927179337,0.059562668204307556
7380,27.0,731,0.7465367317199707,,0.31484321877360344,0.12824614346027374
7381,64.0,2023,2.1106855869293213,,0.16506133414804935,0.048461027443408966
7382,31.0,969,1.023352861404419,,0.11923577636480331,0.015950165688991547
7383,40.0,1420,1.4920191764831543,,0.17412866093218327,0.050717975944280624
7384,39.0,1509,1.5786406993865967,,0.11185476742684841,0.00890381634235382
7385,48.0,1483,1.503279447555542,,0.14138061366975307,0.03395602107048035
7386,65.0,1821,1.9321954250335693,,0.22221646830439568,0.06330037862062454
7387,40.0,1205,1.2355704307556152,,0.11447553522884846,0.012452986091375351
7388,59.0,1884,1.9909403324127197,,0.16932077705860138,0.033236924558877945
7389,30.0,945,0.9966943264007568,,0.21332955732941628,0.06203208491206169
7390,64.0,2026,2.1079485416412354,,0.27879687398672104,0.10446722060441971
7391,32.0,1105,1.1349561214447021,,0.17272338271141052,0.050438735634088516
7392,32.0,943,0.9909210205078125,,0.13102522306144238,0.04655361920595169
7393,40.0,1197,1.2228891849517822,,0.1312989192083478,0.04182523488998413
7394,57.0,1836,1.9506325721740723,,0.17499050125479698,0.05386684834957123
7395,31.0,988,1.0424184799194336,,0.40469320118427277,0.1518854945898056
7396,26.0,877,0.8872227668762207,,0.15825620852410793,0.046327948570251465
7397,24.0,888,0.9527957439422607,,0.25233400240540504,0.0908312201499939
7398,31.0,920,0.972240686416626,,0.1908858884125948,0.06218987703323364
7399,52.0,1491,1.5629277229309082,,0.14162247441709042,0.03046289086341858
7400,30.0,1123,1.1560356616973877,,0.21977818757295609,0.09303776919841766
7401,19.0,772,0.8438565731048584,,0.2879964057356119,0.10410833358764648
7402,32.0,967,0.9508328437805176,,0.3031783029437065,0.12496333569288254
7403,32.0,1022,1.0668821334838867,,0.09655979182571173,0.006125293672084808
7404,58.0,1922,2.032055377960205,,0.17109080031514168,0.050861891359090805
7405,59.0,1667,1.7280218601226807,,0.05805806536227465,-0.004610132426023483
7406,30.0,1011,1.0584945678710938,,0.25670501589775085,0.0809166431427002
7407,29.0,1034,1.079749584197998,,0.13564057555049658,0.035164423286914825
7408,35.0,1182,1.2685329914093018,,0.09791991673409939,0.01599442958831787
7409,29.0,883,0.8870072364807129,,0.1582986693829298,0.042991023510694504
7410,31.0,1229,1.3102843761444092,,0.12596650514751673,0.03116137906908989
7411,32.0,974,1.0182952880859375,,0.13584059663116932,0.03852693364024162
7412,30.0,965,1.0159659385681152,,0.1423499472439289,0.0464291088283062
7413,57.0,1633,1.7033836841583252,,0.11495155654847622,0.006424121558666229
7414,31.0,1078,1.1243882179260254,,0.3279996756464243,0.08494431525468826
7415,31.0,907,0.9616868495941162,,0.09185001812875271,0.013621687889099121
7416,67.0,2022,2.112335205078125,,0.2484775371849537,0.072856105864048
7417,30.0,1026,1.0687732696533203,,0.09533954318612814,0.017516708001494408
7418,32.0,788,0.7907779216766357,,0.07180876098573208,0.00044841691851615906
7419,30.0,1107,1.1434366703033447,,0.08821759559214115,0.0032447725534439087
7420,29.0,752,0.8237807750701904,,0.08094623032957315,0.012893743813037872
7421,15.0,764,0.7847552299499512,,0.13323667645454407,0.034412115812301636
7422,39.0,1275,1.351576805114746,,0.09486504457890987,0.009959736838936806
7423,31.0,916,0.9714999198913574,,0.2063015252351761,0.05849991366267204
7424,56.0,1607,1.6828594207763672,,0.16332213580608368,0.04273257404565811
7425,34.0,1018,1.061596393585205,,0.2146728988736868,0.0766635537147522
7426,64.0,2015,2.0950205326080322,,0.3166549727320671,0.11878184229135513
7427,56.0,1866,1.9100937843322754,,0.16115860641002655,0.03532736748456955
7428,32.0,1014,1.0655992031097412,,0.26038163900375366,0.08754788339138031
7429,39.0,1141,1.2447118759155273,,0.06348621426150203,-0.0018419120460748672
7430,28.0,1026,1.0819308757781982,,0.23229127563536167,0.09397611021995544
7431,31.0,897,0.8953051567077637,,0.08725323434919119,0.012394625693559647
7432,21.0,987,1.0500500202178955,,0.2679385393857956,0.0670025572180748
7433,40.0,1233,1.3130381107330322,,0.06849165307357907,-0.013948239386081696
7434,30.0,1023,1.0700337886810303,,0.26174615882337093,0.05917609483003616
7435,51.0,1583,1.644597053527832,,0.12154529336839914,0.009609103202819824
7436,32.0,837,0.8432486057281494,,0.2582460716366768,0.08191534131765366
7437,30.0,1149,1.2481985092163086,,0.211065836250782,0.07086546719074249
7438,31.0,903,0.9086039066314697,,0.1861861627548933,0.04996383935213089
7439,69.0,2097,2.1905324459075928,,0.09742412250488997,0.0065415725111961365
7440,31.0,1074,1.1830661296844482,,0.11534235440194607,0.016603484749794006
7441,32.0,1113,1.149242877960205,,0.1257549747824669,0.04047137126326561
7442,41.0,1315,1.3434228897094727,,0.1346055194735527,0.03166517615318298
7443,58.0,1802,1.916477918624878,,0.11196006555110216,0.013970419764518738
7444,59.0,1808,1.8639185428619385,,0.08073650766164064,-0.001338168978691101
7445,28.0,1254,1.3418376445770264,,0.08262992091476917,0.01703668013215065
7446,67.0,2146,2.23149037361145,,0.25497882068157196,0.0940689891576767
7447,30.0,1143,1.185746431350708,,0.09037266578525305,0.006739240139722824
7448,56.0,2033,2.1427812576293945,,0.16159226931631565,0.039327967911958694
7449,58.0,2068,2.170940399169922,,0.3216492608189583,0.10714054107666016
7450,33.0,915,0.9762744903564453,,0.1779269203543663,0.040462277829647064
7451,59.0,1910,2.0157084465026855,,0.19239556230604649,0.05073264241218567
7452,29.0,954,1.01053786277771,,0.18815207108855247,0.05223044753074646
7453,58.0,1993,2.0335183143615723,,0.1403908971697092,0.03288576006889343
7454,32.0,1179,1.2738633155822754,,0.09040667116641998,0.02356853522360325
7455,29.0,1076,1.1350386142730713,,0.23060515522956848,0.08863510191440582
7456,33.0,1097,1.1417829990386963,,0.15572505816817284,0.044567566365003586
7457,33.0,1101,1.135490894317627,,0.3225014917552471,0.12112657725811005
7458,52.0,1423,1.5083742141723633,,0.07197249308228493,-0.002594195306301117
7459,33.0,847,0.911658763885498,,0.1498446324840188,0.035750266164541245
7460,40.0,1355,1.3745946884155273,,0.11047099716961384,0.015585498884320259
7461,29.0,980,1.0372366905212402,,0.32129399105906487,0.13062681257724762
7462,33.0,1075,1.1233561038970947,,0.13545426540076733,0.03981109708547592
7463,60.0,1817,1.9394025802612305,,0.3547106869518757,0.14012853801250458
7464,50.0,1551,1.627661943435669,,0.112809875048697,0.0005808323621749878
7465,58.0,1861,1.9139935970306396,,0.08481294102966785,0.012298863381147385
7466,32.0,1068,1.1731078624725342,,0.17119663953781128,0.046249061822891235
7467,65.0,2159,2.235163450241089,,0.14265326503664255,0.040276192128658295
7468,63.0,2160,2.241556167602539,,0.16735005751252174,0.048529092222452164
7469,34.0,1048,1.0945134162902832,,0.272475553676486,0.08488517254590988
7470,59.0,1601,1.6814088821411133,,0.08471918292343616,0.005621675401926041
7471,30.0,917,0.9798221588134766,,0.19988582096993923,0.06048852950334549
7472,31.0,1161,1.205035924911499,,0.27792448177933693,0.10834024101495743
7473,30.0,1095,1.1438241004943848,,0.11942114308476448,0.02244538813829422
7474,66.0,2021,2.117417335510254,,0.11577042657881975,0.02514573559165001
7475,31.0,1141,1.2393906116485596,,0.0926330666989088,0.004415083676576614
7476,67.0,2357,2.4262161254882812,,0.28171318769454956,0.0845167264342308
7477,4.0,352,0.39568543434143066,,0.12260128185153008,0.027057554572820663
7478,65.0,2133,2.223318099975586,,0.1908844280987978,0.0660090446472168
7479,32.0,1073,1.1208441257476807,,0.13664938416332006,0.05034957081079483
7480,32.0,1032,1.0766828060150146,,0.14933559857308865,0.04437912255525589
7481,31.0,1112,1.148465871810913,,0.3708408921957016,0.15283097326755524
7482,32.0,1069,1.1074936389923096,,0.09345514141023159,0.004217077046632767
7483,29.0,968,1.0236005783081055,,0.28683722391724586,0.13656263053417206
7484,64.0,1915,2.0198514461517334,,0.23826615698635578,0.0637042373418808
7485,57.0,1510,1.59550142288208,,0.08597485348582268,0.006547868251800537
7486,27.0,1159,1.1986229419708252,,0.2203389685600996,0.07451662421226501
7487,59.0,1737,1.8520545959472656,,0.27398677729070187,0.08541359752416611
7488,30.0,743,0.7561872005462646,,0.15646140463650227,0.035400956869125366
7489,68.0,2467,2.562237024307251,,0.1889045052230358,0.054151974618434906
7490,32.0,1107,1.1427092552185059,,0.22212375327944756,0.09781166911125183
7491,60.0,1976,2.0810353755950928,,0.25818484649062157,0.09155289828777313
7492,34.0,999,1.0501301288604736,,0.117028689943254,0.024809475988149643
7493,29.0,837,0.847872257232666,,0.13935114443302155,0.03277107700705528
7494,35.0,849,0.9160261154174805,,0.17537962272763252,0.029464691877365112
7495,31.0,1089,1.1363024711608887,,0.14222899544984102,0.02524806559085846
7496,31.0,1187,1.2871644496917725,,0.0625970340333879,0.0004072338342666626
7497,39.0,1303,1.3275094032287598,,0.12577494513243437,0.041274890303611755
7498,26.0,776,0.8542535305023193,,0.31917954608798027,0.1259106546640396
7499,44.0,1351,1.3818020820617676,,0.13840052485466003,0.04973362758755684
7500,34.0,994,1.0435683727264404,,0.24151259660720825,0.07667014002799988
7501,57.0,1769,1.8955891132354736,,0.1728627346456051,0.05160503089427948
7502,32.0,1111,1.1525602340698242,,0.1815322581678629,0.069193534553051
7503,43.0,1283,1.3093903064727783,,0.3495996221899986,0.12967532873153687
7504,59.0,1833,1.934631586074829,,0.13935181498527527,0.026142209768295288
7505,69.0,2003,2.090120553970337,,0.3037678971886635,0.10268493741750717
7506,32.0,947,1.003208875656128,,0.17496205493807793,0.054071951657533646
7507,20.0,607,0.6365442276000977,,0.08119620755314827,0.002866290509700775
7508,31.0,981,1.0357320308685303,,0.24346535094082355,0.09932111203670502
7509,64.0,2307,2.3940374851226807,,0.1866004765033722,0.05320044606924057
7510,40.0,1459,1.5351650714874268,,0.11592906061559916,0.027634216472506523
7511,33.0,943,0.9935181140899658,,0.22093535587191582,0.07417380064725876
7512,51.0,1517,1.5933213233947754,,0.07882094662636518,0.0010225549340248108
7513,33.0,883,0.9410004615783691,,0.20622387900948524,0.053776420652866364
7514,67.0,2180,2.256558895111084,,0.2451347764581442,0.07553546130657196
7515,33.0,829,0.8877289295196533,,0.14718974009156227,0.029532592743635178
7516,63.0,1976,2.0330467224121094,,0.25718437880277634,0.07264333963394165
7517,64.0,1868,1.9813854694366455,,0.2708826754242182,0.08125587552785873
7518,48.0,1363,1.4549100399017334,,0.1362453680485487,0.018444452434778214
7519,31.0,1132,1.1706490516662598,,0.1459004608914256,0.04323972761631012
7520,60.0,1671,1.7344374656677246,,0.12675088830292225,0.020160183310508728
7521,33.0,1015,1.0580973625183105,,0.2534498944878578,0.08374396711587906
7522,33.0,1250,1.3384082317352295,,0.23701124638319016,0.06132805347442627
7523,32.0,901,0.9069077968597412,,0.14034682419151068,0.014635376632213593
7524,29.0,1034,1.0835332870483398,,0.15436687879264355,0.03402973711490631
7525,32.0,973,1.025174856185913,,0.12130093853920698,0.021320825442671776
7526,24.0,759,0.8318097591400146,,0.12326136138290167,0.029787302017211914
7527,30.0,1060,1.1078054904937744,,0.21784520149230957,0.06963817030191422
7528,22.0,647,0.6723184585571289,,0.16393581591546535,0.04330716282129288
7529,32.0,991,1.0314059257507324,,0.16968603432178497,0.0486803874373436
7530,67.0,2105,2.1956655979156494,,0.16724146716296673,0.052847038954496384
7531,33.0,1097,1.1394155025482178,,0.23731783963739872,0.07202917337417603
7532,32.0,811,0.8739466667175293,,0.20822784677147865,0.06641858071088791
7533,31.0,1103,1.1459612846374512,,0.14526137057691813,0.057150885462760925
7534,31.0,1052,1.0969412326812744,,0.09543025027960539,0.013007903471589088
7535,33.0,865,0.9208898544311523,,0.10087868198752403,0.015679415315389633
7536,56.0,1527,1.6055636405944824,,0.19425145350396633,0.05154141038656235
7537,34.0,850,0.8493556976318359,,0.18970802798867226,0.05670084431767464
7538,32.0,995,1.0386955738067627,,0.10788600984960794,0.01089487224817276
7539,31.0,1093,1.1864702701568604,,0.10908511839807034,0.020558763295412064
7540,31.0,1051,1.0998876094818115,,0.10623100772500038,0.028042754158377647
7541,32.0,1026,1.0686004161834717,,0.08068630751222372,0.013280536979436874
7542,33.0,969,0.9547333717346191,,0.06150625040754676,-0.012648345902562141
7543,31.0,951,0.9983696937561035,,0.12665289547294378,0.0316564217209816
7544,22.0,948,1.0113539695739746,,0.14900795742869377,0.03540405258536339
7545,31.0,1073,1.1110732555389404,,0.22981304302811623,0.07475624978542328
7546,33.0,821,0.8848230838775635,,0.09837038628757,0.010978944599628448
7547,67.0,2004,2.091844320297241,,0.2643360625952482,0.07019524276256561
7548,79.0,2754,2.869239568710327,,0.24934912100434303,0.0716799795627594
7549,29.0,1005,1.058096170425415,,0.4851319342851639,0.15925803780555725
7550,31.0,1022,1.0584781169891357,,0.11862313561141491,0.031543560326099396
7551,28.0,863,0.9218025207519531,,0.09964979346841574,0.018540430814027786
7552,55.0,1782,1.8435084819793701,,0.14028776995837688,0.0329640656709671
7553,39.0,1460,1.531968355178833,,0.15446467325091362,0.04431689530611038
7554,16.0,639,0.662973165512085,,0.05911030760034919,-0.0003150980919599533
7555,32.0,983,1.0306665897369385,,0.2761495355516672,0.08733895421028137
7556,61.0,1549,1.6200730800628662,,0.18182283267378807,0.057206280529499054
7557,58.0,1410,1.4974229335784912,,0.09367613680660725,0.008316803723573685
7558,57.0,1473,1.5499088764190674,,0.061823110561817884,-0.007570311427116394
7559,57.0,1729,1.792492389678955,,0.2983143888413906,0.08532274514436722
7560,33.0,928,0.9801487922668457,,0.3116760700941086,0.09746353328227997
7561,32.0,1052,1.095994472503662,,0.14579455740749836,0.03775637596845627
7562,29.0,1091,1.1388294696807861,,0.2246491052210331,0.06757313013076782
7563,32.0,1293,1.373955488204956,,0.09819158259779215,0.018576333299279213
7564,25.0,817,0.8324754238128662,,0.08906507585197687,0.00035082921385765076
7565,32.0,838,0.9042212963104248,,0.13973254151642323,0.020558595657348633
7566,31.0,1047,1.093684434890747,,0.154593575745821,0.038961295038461685
7567,31.0,1105,1.1468751430511475,,0.12666777800768614,0.024167368188500404
7568,62.0,1931,2.022573709487915,,0.16547748446464539,0.06305701285600662
7569,32.0,866,0.9188699722290039,,0.12865822296589613,0.04506949335336685
7570,33.0,1371,1.3870210647583008,,0.3515178505331278,0.09028053283691406
7571,67.0,2129,2.2783002853393555,,0.2590742874890566,0.0759505182504654
7572,29.0,917,0.9215662479400635,,0.21004283241927624,0.06526685506105423
7573,30.0,935,0.9894859790802002,,0.21895172633230686,0.07028645277023315
7574,45.0,1567,1.630157470703125,,0.1272447258234024,0.029783030971884727
7575,33.0,961,1.008965253829956,,0.3133331760764122,0.09462257474660873
7576,28.0,1091,1.1258304119110107,,0.14608734473586082,0.036842264235019684
7577,30.0,1089,1.1256392002105713,,0.1163625493645668,0.027353212237358093
7578,33.0,873,0.9305038452148438,,0.1209164522588253,0.03681313246488571
7579,24.0,599,0.6271958351135254,,0.16670353338122368,0.05962362885475159
7580,67.0,2163,2.303508996963501,,0.2098239790648222,0.08239347487688065
7581,34.0,1127,1.1603367328643799,,0.2157813236117363,0.06054515764117241
7582,32.0,1193,1.2201099395751953,,0.2465663868933916,0.0869126096367836
7583,33.0,906,0.9647290706634521,,0.3058237452059984,0.12211305648088455
7584,31.0,1074,1.1178114414215088,,0.10559657495468855,0.03321089968085289
7585,30.0,939,1.0022475719451904,,0.12938602175563574,0.039743050932884216
7586,39.0,1283,1.3172671794891357,,0.12929766532033682,0.04273562133312225
7587,49.0,1576,1.6509335041046143,,0.11574126780033112,0.027416497468948364
7588,31.0,943,0.996924877166748,,0.28572217002511024,0.0866333544254303
7589,68.0,1918,2.0171854496002197,,0.3065019026398659,0.10841745138168335
7590,54.0,1629,1.6882545948028564,,0.08545282762497663,0.0028344281017780304
7591,35.0,1241,1.3355333805084229,,0.19130287691950798,0.058938801288604736
7592,38.0,1286,1.314635992050171,,0.1995326466858387,0.05169270932674408
7593,31.0,1028,1.075052261352539,,0.33578428998589516,0.1409512460231781
7594,31.0,967,1.0196702480316162,,0.14554684795439243,0.045743994414806366
7595,31.0,1081,1.1253852844238281,,0.10968600679188967,0.03120865486562252
7596,32.0,1074,1.1095688343048096,,0.08286208473145962,0.013042211532592773
7597,31.0,855,0.9134619235992432,,0.13130154088139534,0.03372238576412201
7598,31.0,1046,1.0904748439788818,,0.13718417659401894,0.03433644771575928
7599,42.0,1417,1.4957849979400635,,0.0874816132709384,0.003200829029083252
7600,49.0,1345,1.365180492401123,,0.2000337727367878,0.0464337058365345
7601,65.0,1983,2.071213960647583,,0.3264358229935169,0.13018430769443512
7602,55.0,1620,1.688410997390747,,0.09721842501312494,0.011588633060455322
7603,59.0,1799,1.918142318725586,,0.13471458666026592,0.022928331047296524
7604,60.0,1642,1.703744649887085,,0.07791958469897509,-0.005751490592956543
7605,35.0,1140,1.1841826438903809,,0.35649319365620613,0.11821748316287994
7606,59.0,1864,1.9767122268676758,,0.20503604225814342,0.043236859142780304
7607,50.0,1463,1.5306835174560547,,0.0631539011374116,-0.014949634671211243
7608,31.0,1111,1.1465919017791748,,0.37095241993665695,0.1631697565317154
7609,64.0,1905,2.008754014968872,,0.32205001823604107,0.12931880354881287
7610,33.0,1013,1.0655779838562012,,0.16825660690665245,0.059506505727767944
7611,52.0,1576,1.6508300304412842,,0.14923867024481297,0.030202716588974
7612,30.0,1001,1.0549566745758057,,0.23867199011147022,0.07680094987154007
7613,23.0,763,0.7793278694152832,,0.23666242696344852,0.09668715298175812
7614,64.0,2137,2.210015296936035,,0.1898469626903534,0.06423580646514893
7615,34.0,806,0.862999677658081,,0.17972330562770367,0.039890773594379425
7616,34.0,951,1.0029675960540771,,0.39256541058421135,0.19304142892360687
7617,56.0,1617,1.6787219047546387,,0.09461324010044336,0.010056020691990852
7618,47.0,1631,1.7094883918762207,,0.10059603955596685,0.016486261039972305
7619,35.0,1105,1.1467680931091309,,0.36705705523490906,0.14786873757839203
7620,32.0,885,0.9415090084075928,,0.38064443692564964,0.14376980066299438
7621,33.0,1004,1.0543124675750732,,0.32916346937417984,0.16621941328048706
7622,31.0,891,0.9523563385009766,,0.40482518821954727,0.162899911403656
7623,29.0,1055,1.0989162921905518,,0.16134806722402573,0.0491950660943985
7624,55.0,1676,1.746192216873169,,0.0880522234365344,0.0020693913102149963
7625,63.0,2121,2.2192740440368652,,0.15449730679392815,0.03242113068699837
7626,64.0,2105,2.200986623764038,,0.2995127849280834,0.11779807507991791
7627,31.0,960,1.0104365348815918,,0.17373476549983025,0.039116933941841125
7628,57.0,1854,1.9762637615203857,,0.3435668796300888,0.14583005011081696
7629,55.0,1645,1.7307281494140625,,0.19832888059318066,0.0570526160299778
7630,33.0,726,0.7407410144805908,,0.22915377840399742,0.08833271265029907
7631,33.0,693,0.7704079151153564,,0.13696204870939255,0.03520360589027405
7632,65.0,1869,1.9118716716766357,,0.17068901658058167,0.052718475461006165
7633,27.0,879,0.9375195503234863,,0.16507120616734028,0.04038209468126297
7634,62.0,1963,2.068544387817383,,0.2453474272042513,0.07492261379957199
7635,67.0,2002,2.1007578372955322,,0.16079163923859596,0.02909098193049431
7636,52.0,1551,1.6255872249603271,,0.11414650082588196,0.015116732567548752
7637,41.0,1331,1.3672277927398682,,0.1760613825172186,0.05953246355056763
7638,57.0,1581,1.7142696380615234,,0.13004444167017937,0.018083423376083374
7639,60.0,1877,1.941112756729126,,0.25810904428362846,0.06672438234090805
7640,33.0,951,1.0048902034759521,,0.15345300175249577,0.03964745253324509
7641,65.0,1887,1.994788408279419,,0.18148774281144142,0.06319697946310043
7642,34.0,961,1.0121688842773438,,0.11237998027354479,0.032170895487070084
7643,32.0,887,0.8887901306152344,,0.08461256418377161,0.0057972632348537445
7644,30.0,956,1.0140118598937988,,0.11528255324810743,0.01841013878583908
7645,32.0,1101,1.1420843601226807,,0.11659893300384283,0.025471601635217667
7646,31.0,1106,1.2135837078094482,,0.20919271372258663,0.05916307121515274
7647,32.0,1171,1.2103602886199951,,0.09665442816913128,0.025265974923968315
7648,31.0,799,0.8062076568603516,,0.13338025379925966,0.033384114503860474
7649,53.0,1583,1.709728479385376,,0.08374444395303726,0.0020452775061130524
7650,58.0,1538,1.619718074798584,,0.15756468288600445,0.042357441037893295
7651,31.0,899,0.8969731330871582,,0.2072772216051817,0.05382678657770157
7652,32.0,1029,1.0745141506195068,,0.10845571011304855,0.02773800678551197
7653,31.0,1060,1.1086547374725342,,0.43812718987464905,0.14636223018169403
7654,32.0,811,0.877936840057373,,0.17268173582851887,0.055249422788619995
7655,32.0,1165,1.211533784866333,,0.21931205689907074,0.08646903932094574
7656,52.0,1545,1.619983434677124,,0.07584625761955976,0.007686212658882141
7657,33.0,1037,1.0812556743621826,,0.32059257104992867,0.10968043655157089
7658,33.0,1111,1.1504459381103516,,0.10912120528519154,0.01882898062467575
7659,30.0,1098,1.1983706951141357,,0.12676953990012407,0.03747646138072014
7660,54.0,1545,1.6314022541046143,,0.2554733380675316,0.09824074804782867
7661,46.0,1309,1.3428988456726074,,0.16923748143017292,0.047675807029008865
7662,33.0,804,0.871171236038208,,0.23565072193741798,0.0917636901140213
7663,105.0,2917,3.023982048034668,,0.17966493219137192,0.05741880461573601
7664,61.0,2009,2.119901418685913,,0.18260503932833672,0.060635268688201904
7665,35.0,1229,1.3181583881378174,,0.08359038457274437,-0.0026661567389965057
7666,32.0,904,0.905580997467041,,0.16698627173900604,0.049397848546504974
7667,31.0,1000,1.055964708328247,,0.1236959071829915,0.028768323361873627
7668,56.0,1586,1.7252814769744873,,0.2321538906544447,0.06669370830059052
7669,23.0,757,0.776789665222168,,0.32149795070290565,0.10929416120052338
7670,32.0,933,0.9933581352233887,,0.16545203886926174,0.06632599234580994
7671,62.0,1755,1.8258767127990723,,0.1339354421943426,0.03023013100028038
7672,28.0,897,0.9569492340087891,,0.23402327112853527,0.08751839399337769
7673,59.0,1662,1.7262582778930664,,0.08371165860444307,0.004162471741437912
7674,61.0,1963,2.0765602588653564,,0.22340754605829716,0.06340077519416809
7675,33.0,1107,1.1510121822357178,,0.311782106757164,0.11903177201747894
7676,32.0,1118,1.1516122817993164,,0.12551418785005808,0.03215200453996658
7677,66.0,2229,2.3577823638916016,,0.21973303146660328,0.06905050575733185
7678,68.0,2080,2.165287494659424,,0.19473140127956867,0.0588756762444973
7679,30.0,1077,1.1209406852722168,,0.22541901096701622,0.09696643054485321
7680,32.0,781,0.8518455028533936,,0.1251906380057335,0.05007369816303253
7681,63.0,1786,1.8454105854034424,,0.2786058131605387,0.1191968023777008
7682,66.0,2120,2.1962060928344727,,0.2562104035168886,0.07962891459465027
7683,32.0,972,1.0234780311584473,,0.29057914949953556,0.07590779662132263
7684,28.0,1019,1.0658605098724365,,0.1444273293018341,0.03399452194571495
7685,32.0,1004,1.0603148937225342,,0.24555176123976707,0.07760491967201233
7686,37.0,1273,1.3009119033813477,,0.18580033257603645,0.06306706368923187
7687,31.0,1052,1.1584644317626953,,0.12467464618384838,0.030007850378751755
7688,32.0,1176,1.2082760334014893,,0.18981258012354374,0.08181816339492798
7689,31.0,991,1.0380895137786865,,0.2899349331855774,0.08611730486154556
7690,30.0,903,0.9500195980072021,,0.11486170440912247,0.035022884607315063
7691,31.0,976,0.9643428325653076,,0.0612014215439558,-0.008909612894058228
7692,33.0,1110,1.1933448314666748,,0.13884024694561958,0.04121088981628418
7693,32.0,816,0.8215816020965576,,0.0749152572825551,0.0034749582409858704
7694,56.0,1383,1.4581856727600098,,0.08134941104799509,0.008058594539761543
7695,31.0,1103,1.1337170600891113,,0.2819526493549347,0.10494755953550339
7696,41.0,1129,1.1770715713500977,,0.08655575010925531,0.013002337887883186
7697,29.0,1114,1.1692562103271484,,0.48107897117733955,0.18431656062602997
7698,30.0,930,0.9884936809539795,,0.1321208644658327,0.023669831454753876
7699,53.0,1629,1.6863560676574707,,0.1132153868675232,0.028690770268440247
7700,32.0,1086,1.1908230781555176,,0.23654503747820854,0.061345092952251434
7701,30.0,1039,1.0815775394439697,,0.1741585023701191,0.03821190446615219
7702,35.0,981,0.9808757305145264,,0.09907566476613283,0.016889728605747223
7703,31.0,1016,1.0665967464447021,,0.4696662686765194,0.171034038066864
7704,34.0,985,1.0249416828155518,,0.09825291763991117,0.011547580361366272
7705,54.0,1495,1.5753912925720215,,0.08474799431860447,0.016093650832772255
7706,65.0,2038,2.137336254119873,,0.07268447009846568,-0.0009830035269260406
7707,32.0,1184,1.269728422164917,,0.11165237333625555,0.023755012080073357
7708,31.0,844,0.8461184501647949,,0.06552115501835942,-0.0180377010256052
7709,32.0,1120,1.1560375690460205,,0.10491461399942636,0.024964502081274986
7710,32.0,897,0.9493594169616699,,0.13308306504040956,0.017365187406539917
7711,31.0,921,0.9770939350128174,,0.11981368996202946,0.03894682973623276
7712,61.0,1789,1.841170072555542,,0.10660566575825214,0.017481036484241486
7713,48.0,1280,1.3768537044525146,,0.07239361200481653,0.021067634224891663
7714,60.0,1709,1.7673652172088623,,0.07748560328036547,0.001835055649280548
7715,65.0,2007,2.0973634719848633,,0.24429147318005562,0.0809875875711441
7716,54.0,1636,1.705974817276001,,0.19008419662714005,0.05176036059856415
7717,61.0,1690,1.8083577156066895,,0.27862044610083103,0.10194450616836548
7718,30.0,976,1.0257453918457031,,0.20805865712463856,0.06342356652021408
7719,33.0,1117,1.15492844581604,,0.12721029855310917,0.036604978144168854
7720,31.0,872,0.9290647506713867,,0.08622999582439661,0.023852454498410225
7721,32.0,807,0.8125455379486084,,0.058672123588621616,-0.017067430540919304
7722,33.0,821,0.8818454742431641,,0.11428442224860191,0.017574936151504517
7723,33.0,935,0.9852347373962402,,0.13865858130156994,0.044682376086711884
7724,53.0,1693,1.7642958164215088,,0.16721471026539803,0.03781062737107277
7725,59.0,1557,1.6360173225402832,,0.07517911586910486,-0.003702595829963684
7726,58.0,1859,1.969031810760498,,0.3296300731599331,0.12471719086170197
7727,33.0,740,0.7510809898376465,,0.2048402540385723,0.04925430938601494
7728,33.0,894,0.9481377601623535,,0.09599503967911005,0.020201053470373154
7729,31.0,839,0.8429067134857178,,0.08182098437100649,0.0035635940730571747
7730,31.0,929,0.9763519763946533,,0.0884487796574831,0.002481989562511444
7731,33.0,688,0.7657196521759033,,0.09614819288253784,0.013469580560922623
7732,32.0,778,0.7834291458129883,,0.05954541405662894,0.001992233097553253
7733,31.0,1017,1.0583062171936035,,0.07436970621347427,0.0029992368072271347
7734,32.0,867,0.9321756362915039,,0.08813763502985239,0.026380447670817375
7735,63.0,1573,1.6543762683868408,,0.28649146296083927,0.09987024962902069
7736,88.0,2507,2.6207566261291504,,0.209021907299757,0.06087471544742584
7737,31.0,1010,1.050821304321289,,0.26107498444616795,0.09843303263187408
7738,29.0,1012,1.0538301467895508,,0.14195576310157776,0.0455845445394516
7739,33.0,745,0.7524020671844482,,0.09714915603399277,0.0008315630257129669
7740,32.0,1118,1.1508874893188477,,0.08636805601418018,0.011059731245040894
7741,31.0,954,1.0033800601959229,,0.12287976406514645,0.023052962496876717
7742,32.0,834,0.8987946510314941,,0.12074107769876719,0.030069222673773766
7743,67.0,2225,2.2963321208953857,,0.195666391402483,0.04895840957760811
7744,58.0,1742,1.8654603958129883,,0.2996608167886734,0.10371581465005875
7745,31.0,976,0.9633123874664307,,0.21159117855131626,0.05992375314235687
7746,51.0,1796,1.9148600101470947,,0.11204436421394348,0.015012368559837341
7747,56.0,1749,1.8137192726135254,,0.10873113945126534,0.022232268005609512
7748,33.0,759,0.8284575939178467,,0.24136477150022984,0.06952603906393051
7749,33.0,920,0.9740467071533203,,0.09073859080672264,0.014018800109624863
7750,65.0,2170,2.254868507385254,,0.2275993749499321,0.09179040789604187
7751,33.0,838,0.8396298885345459,,0.1614693459123373,0.028747674077749252
7752,49.0,1467,1.5447001457214355,,0.08957049250602722,0.012696441262960434
7753,65.0,1989,2.086484432220459,,0.18769423104822636,0.056308917701244354
7754,31.0,991,1.039527416229248,,0.15983692929148674,0.046059753745794296
7755,31.0,858,0.9191808700561523,,0.12390190362930298,0.02575480379164219
7756,33.0,816,0.827660322189331,,0.1127351401373744,0.02749718353152275
7757,34.0,829,0.890690803527832,,0.12774573266506195,0.02984406240284443
7758,34.0,1066,1.1100490093231201,,0.3255290351808071,0.11108902841806412
7759,31.0,826,0.8849108219146729,,0.16452176868915558,0.058731332421302795
7760,32.0,925,0.9767377376556396,,0.07858292292803526,0.0011028796434402466
7761,30.0,938,0.9424557685852051,,0.06839429959654808,-0.01975180208683014
7762,31.0,809,0.8701913356781006,,0.1058724345639348,0.014968495815992355
7763,56.0,1439,1.5187036991119385,,0.1767712254077196,0.047011878341436386
7764,62.0,2009,2.0994527339935303,,0.24187810346484184,0.08692580461502075
7765,34.0,847,0.8489811420440674,,0.1742096897214651,0.03725116327404976
7766,31.0,973,1.0215809345245361,,0.20141103863716125,0.05902567505836487
7767,32.0,906,0.9641082286834717,,0.10975767113268375,0.01300673559308052
7768,33.0,956,1.0062296390533447,,0.07972125615924597,0.01910361833870411
7769,69.0,1729,1.7890512943267822,,0.2025405541062355,0.05381651595234871
7770,42.0,1191,1.2855558395385742,,0.08552309032529593,0.006932307034730911
7771,57.0,1787,1.8461785316467285,,0.189696554094553,0.04565831273794174
7772,69.0,2189,2.2564353942871094,,0.23951486125588417,0.07430493831634521
7773,66.0,2091,2.184795618057251,,0.23572984337806702,0.09157570451498032
7774,64.0,1911,2.010768175125122,,0.1592629011720419,0.041707828640937805
7775,102.0,2850,2.986995220184326,,0.5293531976640224,0.21745264530181885
7776,35.0,1190,1.2167387008666992,,0.17711343243718147,0.06032155454158783
7777,52.0,1697,1.7637734413146973,,0.0970269963145256,0.013518720865249634
7778,34.0,973,1.02146577835083,,0.32863038033246994,0.10897243022918701
7779,54.0,1704,1.8134245872497559,,0.08207583986222744,-0.0022582411766052246
7780,30.0,967,1.0164268016815186,,0.35061730816960335,0.1386566311120987
7781,30.0,1034,1.072185754776001,,0.0750750070437789,0.02580931782722473
7782,29.0,975,0.9689815044403076,,0.14506574906408787,0.029159747064113617
7783,33.0,1352,1.4153268337249756,,0.1661778073757887,0.049927208572626114
7784,21.0,663,0.687950849533081,,0.2469384539872408,0.07822591066360474
7785,32.0,1258,1.348658561706543,,0.11135714594274759,0.027855709195137024
7786,63.0,1951,2.0597732067108154,,0.37916383519768715,0.15463806688785553
7787,30.0,1030,1.0781919956207275,,0.16980293206870556,0.053458813577890396
7788,38.0,1117,1.1624541282653809,,0.15259862877428532,0.04190860688686371
7789,30.0,1115,1.1573576927185059,,0.23446812853217125,0.0756201297044754
7790,32.0,1104,1.1491711139678955,,0.1086770175024867,0.0319024920463562
7791,31.0,853,0.9109959602355957,,0.12189538218080997,0.03684420883655548
7792,32.0,1043,1.0860154628753662,,0.1725736577063799,0.05948992073535919
7793,23.0,943,1.0127840042114258,,0.1526898592710495,0.04661833494901657
7794,33.0,1002,1.0523881912231445,,0.22117972932755947,0.08179927617311478
7795,23.0,744,0.7641692161560059,,0.14581221714615822,0.02626289427280426
7796,31.0,1004,1.0604627132415771,,0.12311643920838833,0.022391267120838165
7797,43.0,1562,1.6391701698303223,,0.1986014861613512,0.05488944798707962
7798,59.0,1697,1.7558465003967285,,0.1880074366927147,0.04242538660764694
7799,32.0,1394,1.469907283782959,,0.19986413419246674,0.051793262362480164
7800,29.0,957,1.021899938583374,,0.10773688927292824,0.01807226799428463
7801,30.0,1467,1.521150827407837,,0.1713722199201584,0.06697477400302887
7802,22.0,913,0.9804348945617676,,0.09108596108853817,0.016899731010198593
7803,28.0,915,0.9165651798248291,,0.18243238888680935,0.040442533791065216
7804,31.0,929,0.9878697395324707,,0.11313521210104227,0.010141350328922272
7805,31.0,1029,1.0814018249511719,,0.1162019232288003,0.025026194751262665
7806,36.0,1407,1.4853534698486328,,0.14790537394583225,0.04155709594488144
7807,32.0,971,1.027808666229248,,0.31521594896912575,0.13976545631885529
7808,26.0,757,0.7724597454071045,,0.17033449932932854,0.05733581259846687
7809,29.0,811,0.8863258361816406,,0.27447796799242496,0.10911864042282104
7810,33.0,975,1.030717372894287,,0.16858280077576637,0.057663463056087494
7811,32.0,949,1.0000834465026855,,0.10779897216707468,0.021565116941928864
7812,33.0,937,0.9975171089172363,,0.13608829770237207,0.03906432166695595
7813,11.0,513,0.5472414493560791,,0.12263772636651993,0.021001771092414856
7814,68.0,2324,2.4015378952026367,,0.2790831420570612,0.10442151874303818
7815,32.0,1017,1.0670697689056396,,0.10573902446776628,0.015353299677371979
7816,32.0,1073,1.1210498809814453,,0.09093777555972338,0.0130152627825737
7817,33.0,1003,1.0530526638031006,,0.15327982604503632,0.0473649762570858
7818,33.0,1020,1.066807746887207,,0.09515798930078745,0.009134631603956223
7819,40.0,1512,1.5925252437591553,,0.18109871074557304,0.03851483017206192
7820,63.0,1814,1.9275140762329102,,0.1540382318198681,0.04021437466144562
7821,24.0,792,0.8086624145507812,,0.2201761957257986,0.06666601449251175
7822,27.0,1130,1.1828720569610596,,0.49716776236891747,0.1913803666830063
7823,43.0,1565,1.6378204822540283,,0.18328237533569336,0.05547622963786125
7824,33.0,1127,1.2212646007537842,,0.18028600327670574,0.060982994735240936
7825,31.0,1015,1.070711374282837,,0.26451493240892887,0.08462819457054138
7826,33.0,932,0.9306504726409912,,0.14591585844755173,0.03688518702983856
7827,30.0,911,0.9760823249816895,,0.11518348287791014,0.011765006929636002
7828,30.0,1195,1.2894330024719238,,0.33142343536019325,0.1224905252456665
7829,42.0,1671,1.7349302768707275,,0.26321887224912643,0.09033659100532532
7830,31.0,1432,1.5079715251922607,,0.18013416603207588,0.05260302498936653
7831,29.0,849,0.8590736389160156,,0.07846739795058966,-0.0001794956624507904
7832,29.0,1219,1.3176467418670654,,0.2685901839286089,0.11557330936193466
7833,31.0,975,1.0305445194244385,,0.20167351700365543,0.06513823568820953
7834,31.0,852,0.8564975261688232,,0.22405853867530823,0.06763871014118195
7835,18.0,592,0.622398853302002,,0.2020673230290413,0.06088544428348541
7836,29.0,1111,1.2109644412994385,,0.218093853443861,0.08401758968830109
7837,33.0,1125,1.1597075462341309,,0.12354936357587576,0.027554288506507874
7838,33.0,1055,1.0996506214141846,,0.1885220678523183,0.04975702986121178
7839,30.0,1126,1.1606247425079346,,0.14313034527003765,0.041981086134910583
7840,26.0,967,1.0237705707550049,,0.06723305070772767,0.007399078458547592
7841,32.0,1023,1.0701725482940674,,0.12705504335463047,0.03422398865222931
7842,42.0,1714,1.766136646270752,,0.12521791737526655,0.03254309669137001
7843,27.0,1103,1.1489787101745605,,0.46652886644005775,0.19008228182792664
7844,22.0,746,0.8265571594238281,,0.1273007607087493,0.026425287127494812
7845,33.0,1015,1.0636146068572998,,0.15896453708410263,0.018733611330389977
7846,31.0,1020,1.0665602684020996,,0.10489109810441732,0.02126014232635498
7847,32.0,1006,1.0588891506195068,,0.09691891446709633,0.023699667304754257
7848,65.0,2257,2.3407435417175293,,0.35176798328757286,0.11789233237504959
7849,32.0,933,0.9915215969085693,,0.12901217304170132,0.029207874089479446
7850,28.0,948,1.0070228576660156,,0.10581052862107754,0.021998416632413864
7851,33.0,1117,1.156362533569336,,0.24200150556862354,0.09310157597064972
7852,30.0,1135,1.1803224086761475,,0.13396685291081667,0.033223751932382584
7853,53.0,1602,1.6849565505981445,,0.21815930865705013,0.06483539193868637
7854,29.0,970,1.0250098705291748,,0.37296632304787636,0.13932156562805176
7855,32.0,975,1.0277070999145508,,0.16706405021250248,0.0483265295624733
7856,24.0,794,0.8639495372772217,,0.15838114731013775,0.05210418999195099
7857,32.0,1147,1.1743793487548828,,0.26548059843480587,0.08985656499862671
7858,27.0,838,0.9029617309570312,,0.14991680905222893,0.037722960114479065
7859,53.0,1539,1.606313705444336,,0.2233146894723177,0.05888152867555618
7860,15.0,511,0.5488340854644775,,0.4099540561437607,0.14240074157714844
7861,30.0,926,0.9315361976623535,,0.30112352408468723,0.1012372151017189
7862,41.0,1214,1.305443525314331,,0.17044446244835854,0.05345597118139267
7863,31.0,968,1.0182991027832031,,0.241552097722888,0.0697321742773056
7864,43.0,1423,1.5049118995666504,,0.144966384395957,0.029103916138410568
7865,64.0,2159,2.2342848777770996,,0.35839929059147835,0.15396611392498016
7866,30.0,975,1.0286483764648438,,0.1377949584275484,0.030269458889961243
7867,68.0,2229,2.2921035289764404,,0.36195700615644455,0.12533943355083466
7868,68.0,1937,2.024071455001831,,0.31733977049589157,0.16022183001041412
7869,59.0,1652,1.7202973365783691,,0.1491948813199997,0.02221771702170372
7870,34.0,1014,1.054260015487671,,0.20852703042328358,0.06171521544456482
7871,32.0,1045,1.0808897018432617,,0.17161493003368378,0.04076117277145386
7872,65.0,2113,2.191831588745117,,0.3775448389351368,0.11930862814188004
7873,33.0,1191,1.229947805404663,,0.2719972636550665,0.08876778185367584
7874,110.0,2897,3.0348401069641113,,0.3405638560652733,0.10323764383792877
7875,29.0,898,0.956104040145874,,0.6350150965154171,0.21294021606445312
7876,18.0,743,0.7615232467651367,,0.19636394642293453,0.038722455501556396
7877,27.0,707,0.7860181331634521,,0.47458938136696815,0.16287431120872498
7878,30.0,897,0.8929178714752197,,0.2644595727324486,0.09954851865768433
7879,31.0,982,1.0300450325012207,,0.15043475106358528,0.025689151138067245
7880,31.0,1091,1.1895718574523926,,0.1047133905813098,0.017117608338594437
7881,31.0,1111,1.1505770683288574,,0.1817767657339573,0.05718522146344185
7882,18.0,633,0.6578538417816162,,0.12773204408586025,0.028830088675022125
7883,25.0,944,1.0066406726837158,,0.19511591456830502,0.0627678632736206
7884,30.0,939,0.9944005012512207,,0.11172795202583075,0.036271728575229645
7885,36.0,1205,1.2277870178222656,,0.14844953455030918,0.055099792778491974
7886,30.0,1089,1.1275315284729004,,0.3498627543449402,0.12518326938152313
7887,33.0,1344,1.4127867221832275,,0.12123729009181261,0.020673446357250214
7888,30.0,1124,1.152966022491455,,0.17955153062939644,0.056155093014240265
7889,32.0,1157,1.1816914081573486,,0.07995911221951246,0.011115040630102158
7890,33.0,1196,1.2190473079681396,,0.15104042645543814,0.04359961673617363
7891,32.0,962,1.0094268321990967,,0.09839017130434513,0.007743127644062042
7892,33.0,1090,1.1808617115020752,,0.11029090918600559,0.01915852725505829
7893,36.0,1161,1.1924026012420654,,0.17491167783737183,0.062090128660202026
7894,18.0,785,0.7988648414611816,,0.11923108249902725,0.01908940076828003
7895,34.0,1014,1.0539336204528809,,0.572875764220953,0.23797065019607544
7896,30.0,1124,1.1508252620697021,,0.08856800477951765,0.01668676920235157
7897,29.0,914,0.9689860343933105,,0.06618653191253543,-0.018801040947437286
7898,34.0,889,0.9458122253417969,,0.0951087549328804,0.0003782734274864197
7899,31.0,1093,1.1279795169830322,,0.08892624918371439,0.018089907243847847
7900,24.0,787,0.8629550933837891,,0.14391391072422266,0.04171862080693245
7901,49.0,1782,1.8341732025146484,,0.09192563872784376,0.014072734862565994
7902,52.0,1499,1.574173927307129,,0.13215789571404457,0.030217476189136505
7903,64.0,2384,2.5098724365234375,,0.2692512236535549,0.0746469721198082
7904,34.0,1109,1.1530892848968506,,0.11412945855408907,0.039944179356098175
7905,59.0,1851,1.9600286483764648,,0.17927938513457775,0.046259377151727676
7906,33.0,868,0.8752694129943848,,0.32097573578357697,0.09243902564048767
7907,32.0,1164,1.1998887062072754,,0.08983288519084454,0.004231136292219162
7908,31.0,1096,1.1992592811584473,,0.16453057900071144,0.05738772451877594
7909,34.0,1220,1.254650592803955,,0.13153259176760912,0.02199086919426918
7910,30.0,962,1.0213580131530762,,0.12882854137569666,0.04167208820581436
7911,30.0,1126,1.170076608657837,,0.11902360897511244,0.03278513625264168
7912,32.0,788,0.8560023307800293,,0.14811293873935938,0.02854093164205551
7913,33.0,957,0.956233024597168,,0.11142492387443781,0.02059234119951725
7914,66.0,2669,2.830655813217163,,0.2142294906079769,0.08176879584789276
7915,91.0,2893,2.9866836071014404,,0.1512298323214054,0.03562263771891594
7916,46.0,1359,1.4523077011108398,,0.11971323937177658,0.028046905994415283
7917,32.0,1162,1.2053134441375732,,0.4176283925771713,0.16640576720237732
7918,104.0,3177,3.30981183052063,,0.08205302804708481,-0.011820036917924881
7919,32.0,874,0.9272165298461914,,0.2891607768833637,0.1069653108716011
7920,33.0,921,0.9690709114074707,,0.16349698416888714,0.0478941835463047
7921,19.0,601,0.6244895458221436,,0.1133738337084651,0.02178565412759781
7922,33.0,1000,1.0434479713439941,,0.2667260244488716,0.10220690816640854
7923,27.0,933,0.9954769611358643,,0.19118805043399334,0.06467430293560028
7924,33.0,1058,1.0947940349578857,,0.34654688090085983,0.1393490880727768
7925,41.0,1353,1.4302830696105957,,0.0664927433244884,-0.004418324679136276
7926,24.0,978,1.0429770946502686,,0.24677714705467224,0.10862184315919876
7927,31.0,1146,1.1845221519470215,,0.10100129432976246,0.020299624651670456
7928,33.0,1022,1.0767545700073242,,0.12596094142645597,0.03472508117556572
7929,32.0,996,1.0467214584350586,,0.08449394814670086,0.024491269141435623
7930,40.0,1273,1.3046133518218994,,0.18568126112222672,0.061027199029922485
7931,30.0,1190,1.284574270248413,,0.14828034304082394,0.02629932016134262
7932,32.0,985,0.9772064685821533,,0.08231190778315067,-0.006484083831310272
7933,31.0,1116,1.213223934173584,,0.10969830583781004,0.02735712192952633
7934,33.0,947,1.0049817562103271,,0.13299831375479698,0.04697681590914726
7935,33.0,838,0.8404204845428467,,0.12038540560752153,0.019394833594560623
7936,31.0,1058,1.1015329360961914,,0.1377275064587593,0.030281301587820053
7937,32.0,980,1.0358002185821533,,0.0690119918435812,0.011466441676020622
7938,22.0,733,0.8114461898803711,,0.10441694501787424,0.023615939542651176
7939,31.0,1140,1.177530288696289,,0.15870111994445324,0.04378112778067589
7940,30.0,899,0.95782470703125,,0.13926125038415194,0.0431203730404377
7941,33.0,1242,1.2681679725646973,,0.11569850612431765,0.024366090074181557
7942,33.0,1168,1.19891357421875,,0.17361705750226974,0.0499727763235569
7943,32.0,1246,1.3295743465423584,,0.18682890385389328,0.0584375225007534
7944,20.0,615,0.640021562576294,,0.08662669826298952,0.0042362697422504425
7945,30.0,1078,1.117912769317627,,0.3852417469024658,0.12658339738845825
7946,31.0,1016,1.0732505321502686,,0.07253933697938919,0.015922129154205322
7947,14.0,429,0.46567440032958984,,0.09320447780191898,0.013249576091766357
7948,30.0,1206,1.2326526641845703,,0.30273474752902985,0.08630181103944778
7949,32.0,897,0.9563634395599365,,0.07928664144128561,0.008356861770153046
7950,31.0,914,0.9765224456787109,,0.1825100351125002,0.07043395191431046
7951,40.0,1071,1.1161432266235352,,0.10360646992921829,0.02424449846148491
7952,31.0,1011,1.0613205432891846,,0.3588837496936321,0.13389767706394196
7953,31.0,1256,1.270409107208252,,0.09896755870431662,0.02129855565726757
7954,51.0,1428,1.513519048690796,,0.204922242090106,0.06608623266220093
7955,43.0,1233,1.265692949295044,,0.43617163226008415,0.16902491450309753
7956,34.0,1020,1.0669317245483398,,0.3702159523963928,0.15944701433181763
7957,33.0,956,1.0098416805267334,,0.46591875329613686,0.189915269613266
7958,31.0,937,0.9936492443084717,,0.1017650505527854,0.018875040113925934
7959,32.0,800,0.8639523983001709,,0.11153592448681593,0.029193025082349777
7960,33.0,1140,1.177255392074585,,0.11928127147257328,0.03960144892334938
7961,54.0,1372,1.4608855247497559,,0.13639848213642836,0.022177334874868393
7962,31.0,1133,1.162689447402954,,0.11031682044267654,0.03432602435350418
7963,68.0,1992,2.0857527256011963,,0.27152644842863083,0.08387671411037445
7964,30.0,1145,1.186894178390503,,0.241210725158453,0.08401846885681152
7965,32.0,949,1.0004866123199463,,0.09501008596271276,0.023491308093070984
7966,67.0,2127,2.198856830596924,,0.24026032350957394,0.08986206352710724
7967,33.0,981,1.0199735164642334,,0.11795073002576828,0.02519182302057743
7968,35.0,961,1.0037682056427002,,0.13230841420590878,0.03373275324702263
7969,33.0,936,0.9786829948425293,,0.11608276888728142,0.041509054601192474
7970,55.0,1731,1.7774100303649902,,0.08791616000235081,-0.0072807930409908295
7971,32.0,994,1.038907766342163,,0.35265373438596725,0.15863268077373505
7972,29.0,887,0.9426794052124023,,0.09831368736922741,0.02580181322991848
7973,32.0,1171,1.2016279697418213,,0.1719669494777918,0.045468658208847046
7974,33.0,721,0.7372961044311523,,0.09118731040507555,0.006648331880569458
7975,31.0,903,0.9628450870513916,,0.12665540911257267,0.05066351220011711
7976,63.0,1697,1.7541956901550293,,0.09129478875547647,0.004114653915166855
7977,32.0,1111,1.194953203201294,,0.07156371651217341,0.0011843591928482056
7978,34.0,752,0.7638816833496094,,0.05093233985826373,-0.01805972494184971
7979,24.0,799,0.8690407276153564,,0.0872156796976924,0.01853814907371998
7980,66.0,2118,2.203580617904663,,0.3715834654867649,0.13943767547607422
7981,58.0,1681,1.7425761222839355,,0.22020129300653934,0.06574301421642303
7982,68.0,2551,2.647406578063965,,0.23984709195792675,0.055531058460474014
7983,30.0,1144,1.1830377578735352,,0.32391008362174034,0.1539849042892456
7984,31.0,1015,1.0658018589019775,,0.0950729688629508,0.019854096695780754
7985,32.0,838,0.899928092956543,,0.09832558874040842,0.013125546276569366
7986,31.0,1187,1.2228286266326904,,0.1294189253821969,0.03790218383073807
7987,32.0,724,0.7947192192077637,,0.11098489258438349,0.02086775377392769
7988,54.0,1699,1.775977611541748,,0.26240882463753223,0.09611999988555908
7989,64.0,1721,1.7800390720367432,,0.13077911641448736,0.016534917056560516
7990,58.0,1618,1.6926114559173584,,0.09427927061915398,0.012678401544690132
7991,64.0,2037,2.134122610092163,,0.21410035155713558,0.0726541131734848
7992,58.0,1525,1.59678053855896,,0.09750222694128752,0.01873811148107052
7993,80.0,2419,2.535008668899536,,0.18914438039064407,0.04206555709242821
7994,31.0,885,0.9458880424499512,,0.4395788162946701,0.1802777647972107
7995,31.0,930,0.9797711372375488,,0.15529214404523373,0.053181860595941544
7996,50.0,1479,1.554114580154419,,0.22510839812457561,0.07160145789384842
7997,32.0,983,0.9714744091033936,,0.22647583670914173,0.07818897068500519
7998,33.0,933,0.9873383045196533,,0.11796452291309834,0.025186363607645035
7999,41.0,1170,1.2716357707977295,,0.08811385184526443,0.01379268430173397
8000,31.0,804,0.8089630603790283,,0.357238557189703,0.1352916657924652
8001,31.0,792,0.8588418960571289,,0.11085132975131273,0.027858369052410126
8002,30.0,1118,1.1565461158752441,,0.08720486704260111,0.012392278760671616
8003,30.0,967,1.026529312133789,,0.1555295530706644,0.038854192942380905
8004,64.0,2069,2.1449368000030518,,0.17031521908938885,0.03785824775695801
8005,30.0,1184,1.215078353881836,,0.3136177025735378,0.12329646944999695
8006,33.0,951,0.9909138679504395,,0.10782834887504578,0.019167684018611908
8007,54.0,1635,1.6994266510009766,,0.06486129527911544,-0.013340678066015244
8008,40.0,1512,1.5820896625518799,,0.39456216245889664,0.13923731446266174
8009,42.0,1302,1.395716905593872,,0.1892069149762392,0.05814022943377495
8010,39.0,1313,1.3381500244140625,,0.10111516993492842,0.03338506072759628
8011,32.0,1047,1.092923641204834,,0.21466401778161526,0.06721828132867813
8012,32.0,895,0.9552032947540283,,0.18094795942306519,0.04063290357589722
8013,33.0,848,0.9076893329620361,,0.13378086034208536,0.037781111896038055
8014,49.0,1447,1.4704666137695312,,0.26148385740816593,0.06569930166006088
8015,33.0,872,0.9314835071563721,,0.33390748500823975,0.11268486082553864
8016,32.0,912,0.9649426937103271,,0.18918803706765175,0.06568356603384018
8017,32.0,914,0.9636657238006592,,0.1163655687123537,0.025267254561185837
8018,31.0,1066,1.1067156791687012,,0.09154969360679388,0.03153254836797714
8019,26.0,780,0.7941417694091797,,0.08373299054801464,-0.008402839303016663
8020,33.0,1063,1.1043505668640137,,0.2845939137041569,0.06725667417049408
8021,69.0,2303,2.413778781890869,,0.28639087453484535,0.07811814546585083
8022,31.0,1009,1.056220531463623,,0.10425629559904337,0.02516300603747368
8023,33.0,736,0.7507052421569824,,0.16490814834833145,0.05583437532186508
8024,33.0,1179,1.2718932628631592,,0.1177070289850235,0.022234167903661728
8025,31.0,889,0.8842613697052002,,0.12044890318065882,0.015357684344053268
8026,32.0,802,0.8598048686981201,,0.10472279321402311,-0.005011126399040222
8027,33.0,702,0.7123427391052246,,0.054920826107263565,-0.000672411173582077
8028,31.0,951,0.9985997676849365,,0.08903785236179829,0.022363051772117615
8029,48.0,1394,1.4900305271148682,,0.16434199176728725,0.04566805437207222
8030,32.0,1086,1.1160686016082764,,0.23730342835187912,0.05418487265706062
8031,55.0,1613,1.6914215087890625,,0.13345981761813164,0.024420026689767838
8032,50.0,1655,1.7277824878692627,,0.09915804862976074,0.006391070783138275
8033,60.0,1583,1.6588521003723145,,0.11926499474793673,0.03395155817270279
8034,29.0,809,0.8805544376373291,,0.19202593341469765,0.052624039351940155
8035,32.0,763,0.8356418609619141,,0.1323388870805502,0.03538680076599121
8036,31.0,890,0.8940434455871582,,0.1756191961467266,0.07342179864645004
8037,31.0,876,0.9392616748809814,,0.09443768672645092,0.004702188074588776
8038,24.0,653,0.6778762340545654,,0.17185799404978752,0.053268853574991226
8039,32.0,794,0.8626241683959961,,0.24376616813242435,0.07421630620956421
8040,34.0,766,0.7767632007598877,,0.13509987201541662,0.043344080448150635
8041,64.0,2177,2.3168652057647705,,0.15548443980515003,0.02987266331911087
8042,66.0,2109,2.186565637588501,,0.17341423220932484,0.05007794499397278
8043,48.0,1578,1.6635069847106934,,0.3352590464055538,0.12214166671037674
8044,33.0,762,0.7760658264160156,,0.2883171811699867,0.10930485278367996
8045,31.0,814,0.8826394081115723,,0.09134040866047144,0.015236984938383102
8046,45.0,1371,1.4707255363464355,,0.17280390113592148,0.04176148772239685
8047,30.0,874,0.8783063888549805,,0.42354076355695724,0.18553458154201508
8048,66.0,2357,2.486290216445923,,0.15693136677145958,0.04239974915981293
8049,34.0,845,0.849468469619751,,0.14314399659633636,0.021722741425037384
8050,55.0,1530,1.6116020679473877,,0.07724754605442286,0.018643833696842194
8051,32.0,864,0.9173250198364258,,0.40307239443063736,0.18211938440799713
8052,51.0,1689,1.7377009391784668,,0.06358592491596937,-0.007471103221178055
8053,65.0,1901,2.009155750274658,,0.1909724436700344,0.048371657729148865
8054,32.0,854,0.919348955154419,,0.24700717441737652,0.0792522132396698
8055,48.0,1471,1.5620687007904053,,0.1408310979604721,0.02743716537952423
8056,58.0,1819,1.876147747039795,,0.06096744863316417,-0.008887937292456627
8057,30.0,1083,1.1227796077728271,,0.31487012282013893,0.10149578750133514
8058,95.0,3085,3.230874538421631,,0.20131871104240417,0.04863671213388443
8059,32.0,993,1.0442848205566406,,0.302856108173728,0.09100081026554108
8060,63.0,1948,2.0545666217803955,,0.1363718332722783,0.03683077543973923
8061,54.0,1565,1.6473984718322754,,0.11371880490332842,0.02375989407300949
8062,63.0,2003,2.10010027885437,,0.2101382203400135,0.05998209863901138
8063,58.0,2118,2.203338861465454,,0.1347905844449997,0.02603049948811531
8064,34.0,949,0.9987297058105469,,0.19583465531468391,0.060305625200271606
8065,31.0,926,0.9793031215667725,,0.22481153160333633,0.08147551119327545
8066,67.0,2042,2.1160385608673096,,0.170066200196743,0.03905965015292168
8067,34.0,1007,1.0486838817596436,,0.2207891270518303,0.08421845734119415
8068,31.0,986,1.0354785919189453,,0.30114617943763733,0.11216489970684052
8069,65.0,2015,2.113211154937744,,0.21117576584219933,0.07616956532001495
8070,31.0,1036,1.083561658859253,,0.10288734920322895,0.023571878671646118
8071,64.0,2018,2.118138551712036,,0.0974847236648202,0.013922452926635742
8072,31.0,1131,1.167656660079956,,0.12677475064992905,0.029585333541035652
8073,60.0,1697,1.761824131011963,,0.07150454353541136,-0.0015874505043029785
8074,49.0,1523,1.5999860763549805,,0.1160273551940918,0.015311133116483688
8075,48.0,1295,1.3922932147979736,,0.07145043928176165,0.005014175549149513
8076,31.0,1015,1.0578432083129883,,0.29776138067245483,0.10668875277042389
8077,32.0,1031,1.0731236934661865,,0.10787736903876066,0.02429707534611225
8078,32.0,903,0.9008018970489502,,0.1600469872355461,0.034980908036231995
8079,32.0,917,0.9737446308135986,,0.1275067338719964,0.017921973019838333
8080,41.0,1247,1.338176965713501,,0.13921204302459955,0.03235337510704994
8081,33.0,963,1.0148718357086182,,0.4099633954465389,0.15563589334487915
8082,31.0,1100,1.141411542892456,,0.14952852483838797,0.04325072094798088
8083,58.0,1543,1.6211423873901367,,0.18530439212918282,0.06192716583609581
8084,29.0,1091,1.1473534107208252,,0.33396924659609795,0.12330124527215958
8085,33.0,819,0.8214766979217529,,0.11604722775518894,0.013352300971746445
8086,63.0,2080,2.2345588207244873,,0.33167245239019394,0.10518228262662888
8087,31.0,963,0.9632968902587891,,0.1771003920584917,0.05596383661031723
8088,30.0,895,0.9521865844726562,,0.2063236553221941,0.05801459401845932
8089,55.0,1748,1.8725948333740234,,0.2844885755330324,0.12859094142913818
8090,33.0,1030,1.0778477191925049,,0.07817940041422844,0.012900535017251968
8091,63.0,1787,1.8456494808197021,,0.20522728189826012,0.06430106610059738
8092,33.0,1008,1.053544044494629,,0.1979120448231697,0.05516349524259567
8093,32.0,838,0.8974769115447998,,0.12777119781821966,0.031045779585838318
8094,31.0,881,0.8789463043212891,,0.0684743607416749,-0.006078615784645081
8095,31.0,1063,1.1670732498168945,,0.2609530370682478,0.11299402266740799
8096,30.0,774,0.7804412841796875,,0.1387896165251732,0.029627196490764618
8097,60.0,1987,2.076259136199951,,0.17578564025461674,0.04230594262480736
8098,32.0,925,0.978463888168335,,0.1525738686323166,0.041417673230171204
8099,54.0,1585,1.6557133197784424,,0.12105869594961405,0.007205750793218613
8100,30.0,1055,1.0960538387298584,,0.25179767049849033,0.11561614274978638
8101,32.0,740,0.7569301128387451,,0.06032935390248895,-0.014198336750268936
8102,45.0,1467,1.550234317779541,,0.09957209415733814,0.0010326914489269257
8103,56.0,1569,1.6452507972717285,,0.10033201985061169,0.009737402200698853
8104,30.0,1043,1.0867314338684082,,0.3130085840821266,0.12824413180351257
8105,65.0,1951,2.0413992404937744,,0.12394635938107967,0.019868575036525726
8106,31.0,1050,1.1021995544433594,,0.18491976708173752,0.040972884744405746
8107,18.0,555,0.5878207683563232,,0.16517449542880058,0.04401160031557083
8108,32.0,1148,1.1821515560150146,,0.2657382972538471,0.09948744624853134
8109,32.0,861,0.921666145324707,,0.30449067428708076,0.13220436871051788
8110,33.0,968,1.0268702507019043,,0.10890859924256802,0.019411753863096237
8111,41.0,1206,1.2416956424713135,,0.09399141557514668,0.020897753536701202
8112,28.0,1029,1.0860486030578613,,0.37394820526242256,0.187079057097435
8113,30.0,1084,1.1834735870361328,,0.11368618719279766,0.01994265243411064
8114,64.0,2183,2.2586660385131836,,0.1946548093110323,0.05776601284742355
8115,29.0,1024,1.0710549354553223,,0.13653734140098095,0.04352661967277527
8116,50.0,1457,1.5402154922485352,,0.13165119756013155,0.02541804313659668
8117,32.0,873,0.8751375675201416,,0.1863461621105671,0.06182589381933212
8118,52.0,1578,1.6544017791748047,,0.11474615801125765,0.017585422843694687
8119,32.0,1023,1.0662250518798828,,0.256489809602499,0.07954191416501999
8120,30.0,999,1.050619125366211,,0.14665087684988976,0.019894223660230637
8121,33.0,1057,1.1024551391601562,,0.12040927540510893,0.008867491036653519
8122,37.0,1249,1.3376927375793457,,0.10505836550146341,0.0296306312084198
8123,31.0,880,0.9403283596038818,,0.360625009983778,0.1338094174861908
8124,33.0,923,0.9190552234649658,,0.12608279939740896,0.012673206627368927
8125,46.0,1507,1.5823028087615967,,0.048967810813337564,-0.009191734716296196
8126,32.0,947,1.0047016143798828,,0.294752050191164,0.07445646822452545
8127,30.0,1296,1.3801851272583008,,0.22910989075899124,0.0689564198255539
8128,58.0,2055,2.148101806640625,,0.2033121958374977,0.053025417029857635
8129,28.0,870,0.8761849403381348,,0.1156127518042922,0.012920565903186798
8130,33.0,931,0.9875137805938721,,0.11574209202080965,0.0204327329993248
8131,66.0,2360,2.484485149383545,,0.1777148451656103,0.04608660936355591
8132,44.0,1353,1.3668687343597412,,0.13078451808542013,0.02471769042313099
8133,34.0,905,0.9576635360717773,,0.2371687963604927,0.05897853896021843
8134,33.0,987,1.0418026447296143,,0.18528121709823608,0.056148678064346313
8135,29.0,1065,1.1112899780273438,,0.20813385769724846,0.0600089505314827
8136,30.0,790,0.8629298210144043,,0.13851160649210215,0.02610134333372116
8137,32.0,977,1.0257511138916016,,0.09569843485951424,0.019963454455137253
8138,42.0,1325,1.3448867797851562,,0.09758208878338337,0.03369663655757904
8139,52.0,1435,1.5136160850524902,,0.050504582934081554,-0.00618453323841095
8140,32.0,854,0.9113600254058838,,0.23473871126770973,0.08028547465801239
8141,56.0,1649,1.7227578163146973,,0.1000825185328722,0.00805489718914032
8142,61.0,1929,2.0268924236297607,,0.16293592378497124,0.04757504165172577
8143,67.0,2189,2.265037775039673,,0.16095720417797565,0.04062381386756897
8144,33.0,890,0.9498085975646973,,0.2561152074486017,0.08345136791467667
8145,66.0,1955,2.0659875869750977,,0.34318264201283455,0.12388597428798676
8146,35.0,1386,1.4014296531677246,,0.1395773496478796,0.03592527285218239
8147,32.0,1165,1.2638752460479736,,0.10885770712047815,0.012841153889894485
8148,29.0,1016,1.0655186176300049,,0.12630311120301485,0.04157280921936035
8149,31.0,1090,1.1260297298431396,,0.09981860965490341,0.018506508320569992
8150,46.0,1474,1.5431413650512695,,0.07999252341687679,-0.0077764131128787994
8151,29.0,1150,1.1789231300354004,,0.07217439729720354,0.012801012024283409
8152,33.0,828,0.8287220001220703,,0.06844598706811666,-0.01013254001736641
8153,32.0,1048,1.0898942947387695,,0.08567619416862726,0.0008968263864517212
8154,33.0,969,1.0155301094055176,,0.10986213106662035,0.011748339980840683
8155,66.0,2215,2.336087942123413,,0.19526677951216698,0.05002560839056969
8156,65.0,1653,1.71636962890625,,0.14115293510258198,0.027027156203985214
8157,31.0,945,0.9917845726013184,,0.13604085985571146,0.031195078045129776
8158,68.0,2151,2.212113618850708,,0.24301797524094582,0.09294034540653229
8159,44.0,1463,1.5281758308410645,,0.10342476889491081,0.018953939899802208
8160,32.0,1026,1.0640144348144531,,0.2607470192015171,0.12064322829246521
8161,33.0,797,0.8028154373168945,,0.09491184446960688,-0.0024736598134040833
8162,29.0,987,1.0490458011627197,,0.09044328331947327,-0.0018464960157871246
8163,54.0,1611,1.6789577007293701,,0.08174881339073181,0.018585210666060448
8164,27.0,1083,1.1838130950927734,,0.2689938135445118,0.09609287232160568
8165,56.0,1711,1.7630646228790283,,0.0735080186277628,-0.008308637887239456
8166,31.0,978,1.026512861251831,,0.19569289684295654,0.06127077341079712
8167,61.0,2103,2.1914587020874023,,0.14840954169631004,0.038600798696279526
8168,58.0,1562,1.6329810619354248,,0.08262861240655184,-0.0034729614853858948
8169,32.0,1099,1.1377875804901123,,0.1456569666042924,0.05191300809383392
8170,32.0,781,0.8549511432647705,,0.1312190080061555,0.03279165178537369
8171,33.0,966,1.0191929340362549,,0.10415210016071796,0.020096279680728912
8172,32.0,1129,1.1628479957580566,,0.2293341811746359,0.055237751454114914
8173,31.0,1055,1.0999653339385986,,0.22090412490069866,0.0849490761756897
8174,24.0,659,0.683957576751709,,0.10135599225759506,0.011894170194864273
8175,28.0,946,1.0066778659820557,,0.20801881328225136,0.06938322633504868
8176,56.0,1737,1.8007967472076416,,0.07158032897859812,0.0011682510375976562
8177,33.0,953,1.00831937789917,,0.2902752682566643,0.0964905172586441
8178,48.0,1320,1.405238389968872,,0.07689198758453131,0.004423230886459351
8179,32.0,747,0.752539873123169,,0.26967584155499935,0.09090957045555115
8180,32.0,945,0.9899497032165527,,0.08061213418841362,0.014005623757839203
8181,33.0,840,0.8962035179138184,,0.11017306242138147,0.02584022656083107
8182,29.0,967,1.0144925117492676,,0.08751868084073067,0.01585984230041504
8183,33.0,1073,1.1098175048828125,,0.11587185878306627,0.030701743438839912
8184,34.0,878,0.8748002052307129,,0.11164290271699429,0.00835391879081726
8185,56.0,1631,1.764369010925293,,0.20377404987812042,0.06319356709718704
8186,33.0,809,0.809471607208252,,0.3262828253209591,0.10803883522748947
8187,32.0,1143,1.1755845546722412,,0.09191722236573696,0.02359762415289879
8188,66.0,2080,2.1644651889801025,,0.32421888411045074,0.08684197068214417
8189,56.0,1823,1.928748369216919,,0.1290894579142332,0.023021891713142395
8190,30.0,1066,1.1032264232635498,,0.2368472572416067,0.0622297041118145
8191,52.0,1570,1.628432035446167,,0.10287193395197392,0.012921245768666267
8192,31.0,968,1.0089898109436035,,0.41320154070854187,0.13835129141807556
8193,45.0,1153,1.1903791427612305,,0.15063993446528912,0.04845399409532547
8194,32.0,913,0.9637398719787598,,0.328742366284132,0.10128641128540039
8195,32.0,778,0.8446812629699707,,0.135768324136734,0.02589781954884529
8196,68.0,1935,1.9671525955200195,,0.22943979687988758,0.058485448360443115
8197,57.0,1639,1.7617344856262207,,0.14384235441684723,0.026041798293590546
8198,31.0,800,0.8082523345947266,,0.22286483645439148,0.06090915575623512
8199,33.0,769,0.8339033126831055,,0.11640085466206074,0.018292710185050964
8200,32.0,821,0.8304879665374756,,0.0646266913972795,0.0015391521155834198
8201,51.0,1533,1.6173646450042725,,0.28724002093076706,0.11614000797271729
8202,61.0,1901,2.0147533416748047,,0.13975180312991142,0.021231677383184433
8203,30.0,933,0.9889090061187744,,0.14603659510612488,0.032474584877491
8204,58.0,1700,1.7610328197479248,,0.14492833986878395,0.027552548795938492
8205,21.0,784,0.861875057220459,,0.4966658800840378,0.16936108469963074
8206,34.0,947,0.9962043762207031,,0.16840583831071854,0.058277204632759094
8207,32.0,892,0.8867104053497314,,0.09177596122026443,-0.001962665468454361
8208,31.0,936,0.9882016181945801,,0.11140177398920059,0.016551584005355835
8209,63.0,2043,2.136305332183838,,0.4072389602661133,0.21244478225708008
8210,32.0,890,0.9456219673156738,,0.12858070340007544,0.04118367284536362
8211,33.0,981,1.0285742282867432,,0.0947683285921812,0.030692599713802338
8212,41.0,1403,1.4281470775604248,,0.3910988159477711,0.17899762094020844
8213,32.0,743,0.8127691745758057,,0.5019957087934017,0.2174575924873352
8214,30.0,986,1.0358588695526123,,0.1624050047248602,0.04416266456246376
8215,34.0,913,0.9665954113006592,,0.09901378862559795,0.02920518070459366
8216,31.0,953,1.0140607357025146,,0.09390521049499512,0.024092381820082664
8217,34.0,877,0.873521089553833,,0.061816361267119646,-0.01057150587439537
8218,67.0,2104,2.1921498775482178,,0.15966404043138027,0.029149413108825684
8219,33.0,978,1.0278449058532715,,0.1433188132941723,0.0236816368997097
8220,31.0,961,1.0075199604034424,,0.11850258987396955,0.02190767414867878
8221,31.0,949,0.9995081424713135,,0.11154560651630163,0.03122878633439541
8222,42.0,1107,1.1524927616119385,,0.0725052198395133,0.004260767251253128
8223,66.0,1963,2.0696194171905518,,0.4499770402908325,0.21401482820510864
8224,33.0,899,0.9572675228118896,,0.10682323575019836,0.02427304908633232
8225,32.0,807,0.8133161067962646,,0.08299888391047716,0.0006812289357185364
8226,33.0,871,0.9284296035766602,,0.09095338545739651,0.008352745324373245
8227,31.0,1008,1.0552892684936523,,0.09547394048422575,0.016303252428770065
8228,33.0,1039,1.0842909812927246,,0.0748187992721796,0.00992676429450512
8229,32.0,752,0.7603669166564941,,0.0728799132630229,-0.00741167739033699
8230,33.0,974,1.0226845741271973,,0.07825940661132336,-0.00888201966881752
8231,32.0,764,0.8432714939117432,,0.09408800397068262,0.010340392589569092
8232,37.0,1151,1.2048900127410889,,0.18208788707852364,0.06839166581630707
8233,33.0,800,0.8688235282897949,,0.4879859946668148,0.21868667006492615
8234,45.0,1459,1.5361895561218262,,0.0947624733671546,0.0030736401677131653
8235,33.0,859,0.8591024875640869,,0.28615834936499596,0.12235064804553986
8236,51.0,1691,1.760622262954712,,0.09818791039288044,0.004553716629743576
8237,31.0,973,1.0286681652069092,,0.4015592336654663,0.13510245084762573
8238,28.0,713,0.789984941482544,,0.10725769866257906,0.02124393731355667
8239,32.0,854,0.8571233749389648,,0.15640655811876059,0.026430515572428703
8240,57.0,1629,1.7633006572723389,,0.2569102682173252,0.08765482902526855
8241,34.0,819,0.8250486850738525,,0.22894915752112865,0.07241062819957733
8242,31.0,1112,1.159271478652954,,0.24918850511312485,0.10100612044334412
8243,34.0,889,0.942192792892456,,0.18621820397675037,0.03816913813352585
8244,55.0,1610,1.6810834407806396,,0.10315203573554754,0.014598056674003601
8245,31.0,1205,1.2871513366699219,,0.06797848548740149,0.005078459158539772
8246,33.0,1079,1.1210331916809082,,0.10083414893597364,0.02650088258087635
8247,31.0,896,0.9595503807067871,,0.1800234243273735,0.07193972915410995
8248,33.0,1004,0.9881012439727783,,0.10729517880827188,0.008857354521751404
8249,67.0,2429,2.5444087982177734,,0.3809162303805351,0.13481545448303223
8250,65.0,1951,2.0434248447418213,,0.3607846572995186,0.13725678622722626
8251,33.0,1037,1.0772552490234375,,0.12177277728915215,0.030919061973690987
8252,32.0,1223,1.2479219436645508,,0.0714354938827455,0.003401791676878929
8253,32.0,714,0.7888085842132568,,0.1346499603241682,0.027134930714964867
8254,33.0,743,0.7563719749450684,,0.08287599543109536,0.0278925821185112
8255,30.0,1056,1.0987865924835205,,0.0979078970849514,0.029161417856812477
8256,32.0,1101,1.1418087482452393,,0.11062660347670317,0.010788258165121078
8257,66.0,2014,2.10593318939209,,0.2301341202110052,0.07622069120407104
8258,64.0,2108,2.25868821144104,,0.2442546933889389,0.0705839991569519
8259,58.0,1841,1.8963232040405273,,0.15824147127568722,0.027985259890556335
8260,58.0,1623,1.693446159362793,,0.09477768931537867,0.012481994926929474
8261,32.0,959,1.0096955299377441,,0.22390305437147617,0.0736236423254013
8262,34.0,766,0.8340575695037842,,0.10299648810178041,0.0206298828125
8263,33.0,726,0.739694356918335,,0.04217862896621227,-0.02212088368833065
8264,32.0,1057,1.095677137374878,,0.06985583575442433,0.0347386971116066
8265,33.0,925,0.9775965213775635,,0.16091453097760677,0.05244365334510803
8266,32.0,1215,1.239908218383789,,0.18831594847142696,0.061516229063272476
8267,33.0,953,1.0075583457946777,,0.16702691093087196,0.0462367869913578
8268,26.0,891,0.9562101364135742,,0.10073550138622522,0.01569259725511074
8269,31.0,1077,1.1220638751983643,,0.11923556309193373,0.03508682921528816
8270,30.0,936,0.9944756031036377,,0.13082450535148382,0.04001632332801819
8271,66.0,2331,2.400850772857666,,0.3111641388386488,0.10023050755262375
8272,33.0,1139,1.238487958908081,,0.05659601744264364,0.002643778920173645
8273,34.0,911,0.906425952911377,,0.056599711533635855,-0.022765101864933968
8274,68.0,2122,2.2602956295013428,,0.1720239669084549,0.04846089705824852
8275,32.0,1097,1.129671573638916,,0.07221919018775225,0.025802316144108772
8276,30.0,1123,1.1669235229492188,,0.22099478170275688,0.10071970522403717
8277,32.0,1018,1.070373773574829,,0.13619478978216648,0.043866630643606186
8278,33.0,816,0.8235170841217041,,0.08363677654415369,0.0012573637068271637
8279,32.0,1185,1.2761921882629395,,0.09343728143721819,0.01725180447101593
8280,33.0,776,0.7824757099151611,,0.09879214689135551,0.011716954410076141
8281,31.0,1131,1.223907709121704,,0.17161499708890915,0.05397465080022812
8282,31.0,1066,1.105863094329834,,0.08515052869915962,0.01972445473074913
8283,64.0,1629,1.7050986289978027,,0.34590472280979156,0.1507866531610489
8284,33.0,778,0.7854297161102295,,0.16244502551853657,0.034033551812171936
8285,31.0,825,0.8900325298309326,,0.10250010062009096,0.025465045124292374
8286,32.0,1102,1.1420743465423584,,0.07534349802881479,0.015170535072684288
8287,33.0,935,0.9903662204742432,,0.08286485867574811,-0.0022332556545734406
8288,32.0,1064,1.1124861240386963,,0.08179688826203346,0.025172531604766846
8289,27.0,856,0.9225020408630371,,0.09313778672367334,0.025728896260261536
8290,33.0,923,0.9180934429168701,,0.1667417250573635,0.042300738394260406
8291,31.0,1056,1.1501290798187256,,0.0671065878123045,0.013485589995980263
8292,34.0,991,0.9840114116668701,,0.08083135262131691,-0.0016396455466747284
8293,32.0,845,0.9086713790893555,,0.10831777658313513,0.009596649557352066
8294,33.0,868,0.9271242618560791,,0.07554837735369802,0.016299806535243988
8295,33.0,1013,1.060091257095337,,0.07130086934193969,0.012293931096792221
8296,32.0,729,0.7413814067840576,,0.06665264256298542,-0.002848263829946518
8297,53.0,1444,1.5303924083709717,,0.059415485709905624,-0.00280679389834404
8298,33.0,862,0.9185547828674316,,0.2253902591764927,0.0742136687040329
8299,64.0,2185,2.2680137157440186,,0.25383591651916504,0.0651826560497284
8300,34.0,871,0.9299437999725342,,0.12888601887971163,0.03799232095479965
8301,31.0,918,0.9182679653167725,,0.06701362039893866,-0.016622092574834824
8302,32.0,785,0.8559613227844238,,0.06150405900552869,-0.010442974045872688
8303,30.0,947,1.0060977935791016,,0.09836611989885569,0.02753986045718193
8304,33.0,1109,1.1541707515716553,,0.11450111772865057,0.01875263825058937
8305,33.0,850,0.9080233573913574,,0.07944064680486917,0.01596967503428459
8306,59.0,1743,1.8080956935882568,,0.07938340306282043,-0.0035513006150722504
8307,68.0,1791,1.9055440425872803,,0.313819820061326,0.12283112108707428
8308,33.0,937,0.9328608512878418,,0.14563254080712795,0.033780474215745926
8309,61.0,1967,2.064905881881714,,0.26859546452760696,0.10347895324230194
8310,31.0,895,0.9564034938812256,,0.15617243573069572,0.027717113494873047
8311,57.0,1689,1.7483716011047363,,0.08407848700881004,0.005733095109462738
8312,32.0,962,1.006274700164795,,0.25046124681830406,0.08090581744909286
8313,33.0,844,0.9024183750152588,,0.18220450170338154,0.05162522941827774
8314,42.0,1361,1.3834302425384521,,0.1483772173523903,0.039588551968336105
8315,77.0,2315,2.446173906326294,,0.2710123360157013,0.1043088361620903
8316,33.0,977,1.0287318229675293,,0.3643098399043083,0.16432952880859375
8317,33.0,973,1.0173242092132568,,0.07909260131418705,0.006590660661458969
8318,32.0,1057,1.1008775234222412,,0.08025864697992802,0.01420058123767376
8319,68.0,1851,1.8949100971221924,,0.22738877683877945,0.09855535626411438
8320,30.0,955,1.0124235153198242,,0.22795536555349827,0.08056196570396423
8321,56.0,1702,1.8274908065795898,,0.2740493491292,0.0979004055261612
8322,61.0,1715,1.7781343460083008,,0.3989701382815838,0.09724956750869751
8323,61.0,1775,1.8306519985198975,,0.05912840645760298,-0.0010387599468231201
8324,47.0,1165,1.2656207084655762,,0.06783768255263567,0.00340958870947361
8325,50.0,1435,1.5062689781188965,,0.08698625396937132,0.010435406118631363
8326,63.0,2053,2.1303257942199707,,0.1457731956616044,0.03517854958772659
8327,33.0,807,0.810504674911499,,0.2091954294592142,0.04810973256826401
8328,31.0,823,0.8872125148773193,,0.13736961130052805,0.03473958373069763
8329,47.0,1458,1.5499567985534668,,0.19723309949040413,0.052592694759368896
8330,31.0,808,0.813187837600708,,0.16905539482831955,0.05149277672171593
8331,57.0,1687,1.7587053775787354,,0.05696536926552653,-0.006318969652056694
8332,64.0,2262,2.3970696926116943,,0.2064182236790657,0.0738973617553711
8333,61.0,1889,2.003429651260376,,0.25321955420076847,0.08092281967401505
8334,31.0,1085,1.126979112625122,,0.09735154081135988,0.017222153022885323
8335,40.0,1213,1.2485508918762207,,0.17431977950036526,0.0653560608625412
8336,32.0,968,1.0176942348480225,,0.20721637643873692,0.053867314010858536
8337,57.0,1851,1.9674317836761475,,0.37229911983013153,0.11413959413766861
8338,65.0,1923,1.96144437789917,,0.15291993878781796,0.027862224727869034
8339,25.0,799,0.8734309673309326,,0.19980783946812153,0.060442931950092316
8340,49.0,1389,1.4739375114440918,,0.10975053254514933,0.008874699473381042
8341,30.0,1071,1.1132328510284424,,0.1968657150864601,0.0765240341424942
8342,34.0,929,0.9813902378082275,,0.0930618941783905,0.010321006178855896
8343,47.0,1237,1.2820775508880615,,0.19394841138273478,0.06158161163330078
8344,59.0,2015,2.114955186843872,,0.30877572670578957,0.1176677867770195
8345,32.0,1099,1.1328530311584473,,0.15756141021847725,0.03640606999397278
8346,33.0,698,0.7183082103729248,,0.11467538960278034,0.017189282923936844
8347,31.0,963,1.0201468467712402,,0.12129410076886415,0.027952086180448532
8348,30.0,981,1.0371768474578857,,0.15443530306220055,0.03759213536977768
8349,61.0,2089,2.181861400604248,,0.17379926890134811,0.05308346822857857
8350,67.0,2135,2.203352212905884,,0.09555223025381565,0.0018929988145828247
8351,64.0,1963,2.065229892730713,,0.24886042065918446,0.08146175742149353
8352,33.0,866,0.9245765209197998,,0.14895343594253063,0.041454002261161804
8353,31.0,899,0.9570081233978271,,0.11049039103090763,0.02082205004990101
8354,32.0,994,1.0445294380187988,,0.0991485333070159,0.022257443517446518
8355,44.0,1482,1.5518009662628174,,0.08015533722937107,0.009284872561693192
8356,33.0,979,0.9661376476287842,,0.43831419572234154,0.17217934131622314
8357,60.0,2185,2.331528663635254,,0.34276529401540756,0.15951113402843475
8358,55.0,1636,1.699556589126587,,0.08439667895436287,-0.0010871738195419312
8359,33.0,781,0.7879409790039062,,0.2946271672844887,0.10799579322338104
8360,31.0,818,0.8878576755523682,,0.08352715615183115,-0.0017320439219474792
8361,33.0,866,0.9272599220275879,,0.10109666455537081,0.02497144788503647
8362,68.0,2132,2.2170040607452393,,0.17969422228634357,0.050909679383039474
8363,65.0,1937,2.0409111976623535,,0.18033032678067684,0.05737624317407608
8364,31.0,1147,1.1796891689300537,,0.06918312795460224,0.015280982479453087
8365,32.0,1179,1.2095565795898438,,0.09756721463054419,0.0259956493973732
8366,33.0,834,0.8896017074584961,,0.11660443712025881,0.028844794258475304
8367,32.0,1059,1.0957863330841064,,0.27327620796859264,0.11587002873420715
8368,62.0,1835,1.9454565048217773,,0.23325535655021667,0.07177688926458359
8369,52.0,1629,1.6912319660186768,,0.1699819378554821,0.03402548283338547
8370,61.0,1729,1.7726576328277588,,0.12263159360736609,0.02552557736635208
8371,89.0,2379,2.5167436599731445,,0.29572651349008083,0.10108831524848938
8372,37.0,1176,1.2045750617980957,,0.28239545971155167,0.08993331342935562
8373,33.0,979,1.0242340564727783,,0.30395091138780117,0.1255187690258026
8374,26.0,791,0.7987818717956543,,0.08868604246526957,0.004335880279541016
8375,37.0,1226,1.298215389251709,,0.058189925737679005,0.012100856751203537
8376,58.0,1771,1.825831413269043,,0.27514810860157013,0.104818195104599
8377,32.0,1084,1.1211307048797607,,0.2065751850605011,0.05537156015634537
8378,24.0,777,0.8412280082702637,,0.09999608807265759,0.009187750518321991
8379,69.0,2279,2.3325910568237305,,0.11455654446035624,0.016449425369501114
8380,29.0,1245,1.3376054763793945,,0.25117150135338306,0.10044065862894058
8381,33.0,1047,1.0895369052886963,,0.08368524629622698,0.01455434039235115
8382,65.0,2100,2.188201427459717,,0.1904315333813429,0.05464218556880951
8383,27.0,835,0.8980340957641602,,0.12688502576202154,0.03123631700873375
8384,26.0,789,0.8010671138763428,,0.20002282597124577,0.0625452846288681
8385,31.0,985,1.033846378326416,,0.13969176542013884,0.02496284805238247
8386,62.0,1813,1.9194700717926025,,0.18785337544977665,0.045771919190883636
8387,56.0,1646,1.712904930114746,,0.12680092081427574,0.014658309519290924
8388,68.0,2354,2.422748327255249,,0.20153195783495903,0.06920945644378662
8389,31.0,1096,1.1932563781738281,,0.12042796611785889,0.036578476428985596
8390,30.0,1236,1.273864984512329,,0.32800482027232647,0.09993870556354523
8391,33.0,849,0.9076905250549316,,0.08358562365174294,0.01496846228837967
8392,33.0,1169,1.1985876560211182,,0.17366459779441357,0.0534512996673584
8393,32.0,991,1.0370111465454102,,0.2146475352346897,0.09977125376462936
8394,32.0,1274,1.292614221572876,,0.11738558951765299,0.024162525311112404
8395,31.0,1015,1.0616283416748047,,0.14192564599215984,0.030906997621059418
8396,56.0,1576,1.6417510509490967,,0.0733483787626028,0.004785677418112755
8397,24.0,782,0.8642995357513428,,0.20221580378711224,0.04858607053756714
8398,68.0,2398,2.5243279933929443,,0.2385654430836439,0.07873522490262985
8399,58.0,1875,1.9344837665557861,,0.09076220821589231,-0.0007560029625892639
8400,30.0,1174,1.2637217044830322,,0.17679578252136707,0.04355165734887123
8401,29.0,919,0.9193429946899414,,0.08915344718843699,0.004181291908025742
8402,30.0,1151,1.2376806735992432,,0.07719883602112532,0.0032136626541614532
8403,68.0,2042,2.1195430755615234,,0.1942872740328312,0.05521676689386368
8404,32.0,729,0.7403712272644043,,0.08654160611331463,0.004581268876791
8405,68.0,2153,2.235128164291382,,0.28969039022922516,0.10511137545108795
8406,32.0,859,0.9256706237792969,,0.20403452403843403,0.07069345563650131
8407,34.0,831,0.8966116905212402,,0.0871485355310142,-0.0032395031303167343
8408,32.0,1059,1.1082112789154053,,0.27615294232964516,0.11573132127523422
8409,52.0,1615,1.6859512329101562,,0.07286679092794657,-0.007361818104982376
8410,33.0,1139,1.172943353652954,,0.13008230179548264,0.03754505515098572
8411,61.0,1812,1.9219160079956055,,0.16372855193912983,0.02639249712228775
8412,31.0,1121,1.1595325469970703,,0.09898668993264437,0.020080028101801872
8413,66.0,2020,2.1080737113952637,,0.19325027987360954,0.04991218447685242
8414,33.0,997,1.04274582862854,,0.1313414741307497,0.039420872926712036
8415,63.0,2071,2.151918649673462,,0.20637112110853195,0.060221802443265915
8416,31.0,974,1.0224676132202148,,0.10633973404765129,0.031016241759061813
8417,31.0,999,1.0447044372558594,,0.2527547124773264,0.09981849044561386
8418,28.0,1269,1.296104907989502,,0.11113230884075165,0.03475607931613922
8419,33.0,868,0.9260139465332031,,0.11164306756108999,0.0061335936188697815
8420,33.0,1058,1.101196050643921,,0.1297088311985135,0.04412037879228592
8421,62.0,1779,1.8226680755615234,,0.1449469979852438,0.042895153164863586
8422,58.0,1747,1.850308895111084,,0.2018690425902605,0.05437329411506653
8423,32.0,679,0.6936860084533691,,0.1318468851968646,0.02112983912229538
8424,66.0,2270,2.3351399898529053,,0.1268154513090849,0.021340422332286835
8425,67.0,1942,2.0401535034179688,,0.14283644687384367,0.028641412034630775
8426,34.0,890,0.9481465816497803,,0.12672976031899452,0.031188294291496277
8427,64.0,2114,2.212510585784912,,0.259751008823514,0.10525105893611908
8428,33.0,1192,1.2227437496185303,,0.07519842637702823,-0.00043576955795288086
8429,63.0,2195,2.3326268196105957,,0.21821341291069984,0.07466856390237808
8430,60.0,1672,1.7311124801635742,,0.20666925981640816,0.06453779339790344
8431,30.0,1086,1.117861032485962,,0.20872064493596554,0.06284865736961365
8432,33.0,987,1.0347135066986084,,0.14837565831840038,0.0448385588824749
8433,65.0,2136,2.2214598655700684,,0.2334489095956087,0.05923108011484146
8434,61.0,1905,2.012644052505493,,0.320685051381588,0.10723888874053955
8435,69.0,1957,2.051246404647827,,0.20477117970585823,0.057847172021865845
8436,68.0,2278,2.340813159942627,,0.2998736798763275,0.10562548041343689
8437,29.0,1010,1.0518121719360352,,0.10386286210268736,0.01870133727788925
8438,61.0,1449,1.5228512287139893,,0.05722510488703847,-0.020070243626832962
8439,42.0,1281,1.3078782558441162,,0.16179710160940886,0.03528842702507973
8440,60.0,1955,2.0461833477020264,,0.09117975924164057,0.011221196502447128
8441,64.0,2146,2.2296364307403564,,0.15399252157658339,0.03912768140435219
8442,67.0,2093,2.235832929611206,,0.13250860199332237,0.025822080671787262
8443,66.0,2221,2.292487144470215,,0.2624312452971935,0.07570143043994904
8444,26.0,982,1.033151626586914,,0.2346947118639946,0.08514220267534256
8445,67.0,1949,2.046283483505249,,0.3264981936663389,0.13765044510364532
8446,32.0,1110,1.147564172744751,,0.08508872054517269,0.021557407453656197
8447,67.0,1921,2.022411823272705,,0.17670498974621296,0.04665449261665344
8448,31.0,1046,1.0861895084381104,,0.1765529289841652,0.06979870796203613
8449,31.0,1148,1.1863758563995361,,0.11430974584072828,0.03291896730661392
8450,43.0,1131,1.1682929992675781,,0.0988101614639163,0.02165457047522068
8451,32.0,995,1.0382404327392578,,0.43675509467720985,0.17098429799079895
8452,32.0,981,1.0239450931549072,,0.11103516723960638,0.03627388924360275
8453,60.0,1695,1.7466115951538086,,0.0643779537640512,-0.011346805840730667
8454,31.0,902,0.9502048492431641,,0.24628810957074165,0.08513789623975754
8455,49.0,1431,1.5137836933135986,,0.08780040312558413,0.004388336092233658
8456,63.0,1795,1.8389592170715332,,0.31958282366394997,0.104623943567276
8457,57.0,1612,1.6880908012390137,,0.07003986556082964,0.00267762690782547
8458,68.0,2003,2.093909740447998,,0.25602233968675137,0.08989884704351425
8459,33.0,1040,1.0879082679748535,,0.2347061838954687,0.07459546625614166
8460,65.0,2099,2.185408115386963,,0.18762183003127575,0.0503963939845562
8461,59.0,1789,1.9099957942962646,,0.13111853320151567,0.018839072436094284
8462,32.0,1054,1.100069522857666,,0.21158652938902378,0.07939471304416656
8463,67.0,2286,2.3512210845947266,,0.23298224620521069,0.0771944671869278
8464,49.0,1490,1.5605850219726562,,0.08937486261129379,0.023486051708459854
8465,31.0,912,0.9696028232574463,,0.3401770107448101,0.13176798820495605
8466,66.0,2209,2.283350944519043,,0.1491659702733159,0.04274778813123703
8467,54.0,1622,1.755713939666748,,0.1100335344672203,0.01374630257487297
8468,50.0,1326,1.35209321975708,,0.14715012907981873,0.04466562718153
8469,33.0,970,1.0197665691375732,,0.26756274327635765,0.08129154145717621
8470,57.0,1644,1.7094676494598389,,0.07612127345055342,-0.0016760565340518951
8471,42.0,1343,1.4212627410888672,,0.09722014144062996,0.006216336041688919
8472,61.0,1679,1.7373032569885254,,0.05457162577658892,-0.016509871929883957
8473,60.0,1900,2.0212080478668213,,0.30698026344180107,0.09685680270195007
8474,64.0,2097,2.1788277626037598,,0.20910331420600414,0.07176440954208374
8475,44.0,1251,1.2750813961029053,,0.17436237074434757,0.060616932809352875
8476,29.0,1076,1.1755950450897217,,0.08355102129280567,0.022151239216327667
8477,57.0,1733,1.7912616729736328,,0.08536714781075716,-0.0003095492720603943
8478,31.0,1027,1.0779750347137451,,0.17400849610567093,0.053676098585128784
8479,64.0,1707,1.7701828479766846,,0.11627005971968174,0.026076089590787888
8480,33.0,973,1.0156521797180176,,0.21931147389113903,0.06836466491222382
8481,65.0,2179,2.256563425064087,,0.18733735382556915,0.053080812096595764
8482,54.0,1598,1.732508897781372,,0.17275152541697025,0.06881612539291382
8483,55.0,1651,1.7223618030548096,,0.34435417130589485,0.12254282832145691
8484,32.0,912,0.9680571556091309,,0.1923274900764227,0.05888502299785614
8485,58.0,1596,1.6746032238006592,,0.2382108736783266,0.0692702978849411
8486,33.0,847,0.8509683609008789,,0.16194289550185204,0.042443886399269104
8487,61.0,1687,1.810650110244751,,0.18055111542344093,0.06558281183242798
8488,65.0,2009,2.104449987411499,,0.14911911077797413,0.03515807166695595
8489,61.0,1872,1.9216282367706299,,0.21997250989079475,0.0634995773434639
8490,32.0,924,0.9826550483703613,,0.1518209706991911,0.03253652900457382
8491,61.0,1938,2.0491578578948975,,0.15361175499856472,0.03685988113284111
8492,61.0,1905,2.0084595680236816,,0.3187488876283169,0.10766585171222687
8493,32.0,1082,1.1205637454986572,,0.0676061911508441,0.01902705244719982
8494,53.0,1607,1.677358865737915,,0.15350856818258762,0.03024934232234955
8495,33.0,968,1.0148637294769287,,0.23776571080088615,0.10697286576032639
8496,59.0,1957,2.0567121505737305,,0.18970045261085033,0.06699275970458984
8497,77.0,2081,2.172516107559204,,0.22529195807874203,0.06741693615913391
8498,43.0,1273,1.3176379203796387,,0.2141624130308628,0.09014491736888885
8499,26.0,983,1.0331871509552002,,0.33134033530950546,0.1097375899553299
8500,64.0,2058,2.1356871128082275,,0.15247735008597374,0.04793998599052429
8501,70.0,1629,1.6844897270202637,,0.23603457771241665,0.06443704664707184
8502,25.0,692,0.763340950012207,,0.2965648639947176,0.1399756669998169
8503,33.0,956,0.9430625438690186,,0.213583305478096,0.08534605801105499
8504,64.0,1704,1.8055565357208252,,0.26829590275883675,0.11504967510700226
8505,65.0,1981,2.061371088027954,,0.14308198727667332,0.04302416741847992
8506,32.0,1027,1.05424165725708,,0.08765044063329697,0.020145060494542122
8507,31.0,1145,1.1678898334503174,,0.155360234901309,0.0494094043970108
8508,30.0,988,1.0336017608642578,,0.23015482909977436,0.07290762662887573
8509,58.0,1695,1.761826753616333,,0.08080627582967281,0.004785291850566864
8510,60.0,1428,1.5099821090698242,,0.09845118317753077,0.007110152393579483
8511,31.0,1169,1.1953954696655273,,0.2924426347017288,0.13488808274269104
8512,46.0,1173,1.208247184753418,,0.12366922479122877,0.04513271152973175
8513,58.0,1725,1.8324544429779053,,0.1265964424237609,0.029924120754003525
8514,64.0,2119,2.194364070892334,,0.280252106487751,0.10432988405227661
8515,32.0,894,0.9516842365264893,,0.06524044368416071,0.004694703966379166
8516,29.0,911,0.9084243774414062,,0.11164188850671053,0.025376759469509125
8517,31.0,945,0.9961287975311279,,0.0944457845762372,0.0009328201413154602
8518,40.0,1213,1.3012936115264893,,0.05755740636959672,-0.0027982760220766068
8519,58.0,1507,1.5905706882476807,,0.25472726859152317,0.06954805552959442
8520,33.0,1327,1.3495087623596191,,0.18172395415604115,0.06654314696788788
8521,68.0,2139,2.21403169631958,,0.1751549132168293,0.043594375252723694
8522,65.0,2029,2.1227972507476807,,0.15953003335744143,0.05351628363132477
8523,58.0,1467,1.538571834564209,,0.04562581283971667,-0.002088567242026329
8524,34.0,934,0.9821681976318359,,0.2077117245644331,0.056950755417346954
8525,34.0,825,0.885235071182251,,0.2947935573756695,0.07589523494243622
8526,32.0,1000,1.0534849166870117,,0.3928052745759487,0.1356974095106125
8527,65.0,2109,2.1891350746154785,,0.11496543232351542,0.02154367044568062
8528,68.0,1830,1.879228115081787,,0.20860960520803928,0.07159820199012756
8529,33.0,721,0.7966704368591309,,0.20384419336915016,0.057805586606264114
8530,23.0,590,0.6176290512084961,,0.10693834722042084,0.010970234870910645
8531,33.0,764,0.7765159606933594,,0.2649070806801319,0.0844714567065239
8532,59.0,1587,1.6522505283355713,,0.04463278455659747,-0.00927511416375637
8533,36.0,1209,1.305359125137329,,0.08087290963158011,0.018602967262268066
8534,30.0,965,1.0198726654052734,,0.5087761506438255,0.19505338370800018
8535,35.0,1255,1.2861723899841309,,0.4658678509294987,0.1836015284061432
8536,59.0,2124,2.213956594467163,,0.28574538603425026,0.11268086731433868
8537,32.0,1289,1.3708600997924805,,0.1488420069217682,0.034362323582172394
8538,64.0,1852,1.8986754417419434,,0.14070593658834696,0.03200463578104973
8539,30.0,1039,1.0823595523834229,,0.18584292009472847,0.05224304646253586
8540,69.0,2127,2.2705156803131104,,0.18775758147239685,0.06444185972213745
8541,34.0,985,1.0314831733703613,,0.09993914421647787,0.026038918644189835
8542,65.0,1895,1.9432463645935059,,0.11063959077000618,0.01745060458779335
8543,59.0,1647,1.7198874950408936,,0.07371737342327833,0.00741228461265564
8544,67.0,1967,2.049588441848755,,0.1398665625602007,0.03247406706213951
8545,33.0,968,1.0086348056793213,,0.15315276943147182,0.04704670235514641
8546,31.0,993,1.0329093933105469,,0.22150551714003086,0.077126145362854
8547,65.0,1866,1.955887794494629,,0.18205109424889088,0.05999581888318062
8548,59.0,1559,1.6280708312988281,,0.15263126231729984,0.034047454595565796
8549,32.0,731,0.7409014701843262,,0.2587676104158163,0.09308338165283203
8550,29.0,1072,1.1201481819152832,,0.10113532189279795,0.01984284445643425
8551,67.0,2225,2.3492493629455566,,0.17194573301821947,0.0474746897816658
8552,65.0,2013,2.1099045276641846,,0.1414841404184699,0.051129408180713654
8553,29.0,1102,1.1396160125732422,,0.10511270351707935,0.030213460326194763
8554,58.0,1892,1.940718173980713,,0.14783994760364294,0.01250140368938446
8555,28.0,882,0.9468028545379639,,0.21545799262821674,0.04679938033223152
8556,58.0,1918,2.025413990020752,,0.34020063281059265,0.12031571567058563
8557,14.0,412,0.4490642547607422,,0.13874211814254522,0.023210056126117706
8558,59.0,1965,2.0560736656188965,,0.09754062164574862,0.010288074612617493
8559,66.0,2017,2.0927019119262695,,0.2054010909050703,0.06883084774017334
8560,41.0,1209,1.2421588897705078,,0.08092004340142012,0.021490253508090973
8561,14.0,725,0.7453250885009766,,0.1891880091279745,0.060012612491846085
8562,32.0,1047,1.0803370475769043,,0.45975130423903465,0.1668640822172165
8563,32.0,1011,1.0516667366027832,,0.1841462217271328,0.05020669102668762
8564,40.0,1332,1.4079301357269287,,0.16277571953833103,0.036054857075214386
8565,60.0,1581,1.648963212966919,,0.05343414377421141,-0.014019399881362915
8566,69.0,1926,2.019339084625244,,0.24902217462658882,0.08984540402889252
8567,28.0,1037,1.0884733200073242,,0.2996588461101055,0.11879567801952362
8568,64.0,2025,2.1146373748779297,,0.15103791654109955,0.03936159238219261
8569,32.0,1081,1.1194941997528076,,0.37613630667328835,0.1578926295042038
8570,69.0,2088,2.1678318977355957,,0.3424144573509693,0.12538403272628784
8571,32.0,797,0.8609824180603027,,0.14995968341827393,0.04233524203300476
8572,66.0,2093,2.1621663570404053,,0.11771923676133156,0.02354990690946579
8573,31.0,921,0.9087696075439453,,0.1279344167560339,0.0130176842212677
8574,33.0,935,0.9829492568969727,,0.13739687204360962,0.03810906410217285
8575,32.0,951,0.9956221580505371,,0.12717077415436506,0.025967223569750786
8576,35.0,1043,1.080873966217041,,0.10956350434571505,0.027494728565216064
8577,79.0,2655,2.756571054458618,,0.2810060288757086,0.07974463701248169
8578,60.0,1709,1.8223545551300049,,0.11675155442208052,0.018192611634731293
8579,53.0,1653,1.731684923171997,,0.14406920596957207,0.025215772911906242
8580,66.0,2072,2.169832944869995,,0.17173761129379272,0.04962192475795746
8581,66.0,2294,2.356182813644409,,0.2635309752076864,0.0982154905796051
8582,52.0,1676,1.8043510913848877,,0.11679556407034397,0.014323242008686066
8583,32.0,1067,1.11191725730896,,0.2835961487144232,0.09362611919641495
8584,63.0,2053,2.1487157344818115,,0.13362675160169601,0.02910609543323517
8585,56.0,1509,1.5997991561889648,,0.28071095421910286,0.09174968302249908
8586,21.0,644,0.6710658073425293,,0.2031838707625866,0.06701980531215668
8587,50.0,1540,1.6087379455566406,,0.09716061130166054,0.017460837960243225
8588,62.0,1922,2.013155460357666,,0.16389167122542858,0.044844429939985275
8589,69.0,2209,2.276756525039673,,0.10550152696669102,0.01733279973268509
8590,65.0,2056,2.1221001148223877,,0.12330782972276211,0.029099490493535995
8591,69.0,2220,2.286269187927246,,0.15729860588908195,0.034947384148836136
8592,44.0,1235,1.320042610168457,,0.07767752464860678,0.004270464181900024
8593,58.0,1752,1.8023927211761475,,0.1343906745314598,0.018340397626161575
8594,32.0,771,0.8416826725006104,,0.2061100173741579,0.06961364299058914
8595,66.0,2064,2.150023937225342,,0.13218688126653433,0.044933125376701355
8596,50.0,1345,1.3691446781158447,,0.06322832126170397,0.011513182893395424
8597,70.0,1815,1.9168825149536133,,0.2827316503971815,0.10991238802671432
8598,62.0,1835,1.941216230392456,,0.3338502123951912,0.11072621494531631
8599,61.0,1713,1.7597112655639648,,0.19970581866800785,0.05160052329301834
8600,64.0,1985,2.08331036567688,,0.21381705068051815,0.060307376086711884
8601,60.0,1560,1.6283621788024902,,0.1157651599496603,0.010256893932819366
8602,35.0,966,1.0119872093200684,,0.13048498332500458,0.042961202561855316
8603,62.0,1901,1.9408504962921143,,0.08304851781576872,-0.002573736011981964
8604,67.0,2127,2.2591896057128906,,0.18377646058797836,0.03612249717116356
8605,33.0,982,0.970407247543335,,0.1451859250664711,0.035556718707084656
8606,32.0,743,0.8160269260406494,,0.24894556403160095,0.08695235103368759
8607,64.0,2025,2.1130170822143555,,0.2922315578907728,0.09679228067398071
8608,66.0,2040,2.1178781986236572,,0.27116159349679947,0.09427772462368011
8609,32.0,852,0.9029927253723145,,0.08225842658430338,0.015076231211423874
8610,63.0,1954,1.9874484539031982,,0.2928304821252823,0.10920227319002151
8611,65.0,2113,2.1830191612243652,,0.2792055420577526,0.10057538002729416
8612,51.0,1313,1.3975727558135986,,0.06977011263370514,0.012870991602540016
8613,78.0,2473,2.5762922763824463,,0.13922997936606407,0.028012007474899292
8614,62.0,1836,1.8804335594177246,,0.1027362858876586,0.018632199615240097
8615,33.0,736,0.8063833713531494,,0.24085856415331364,0.0646585151553154
8616,66.0,1934,2.0220932960510254,,0.12276492267847061,0.01930156722664833
8617,32.0,1047,1.0772278308868408,,0.12909768987447023,0.049774836748838425
8618,68.0,1793,1.8496079444885254,,0.1906205117702484,0.04610487073659897
8619,66.0,2269,2.384960412979126,,0.11064819432795048,0.017688997089862823
8620,34.0,853,0.848142147064209,,0.08131575305014849,-0.0076253898441791534
8621,60.0,1941,2.048555612564087,,0.29832781851291656,0.09593851119279861
8622,31.0,905,0.9606115818023682,,0.1619186419993639,0.026680711656808853
8623,75.0,2160,2.2332680225372314,,0.2337247896939516,0.07984071224927902
8624,60.0,1510,1.584399938583374,,0.0932968333363533,0.022248368710279465
8625,68.0,1757,1.8091206550598145,,0.12189170904457569,0.024848604574799538
8626,38.0,1241,1.337005853652954,,0.11742344684898853,0.027512632310390472
8627,33.0,909,0.9591841697692871,,0.25749590806663036,0.0975111573934555
8628,30.0,837,0.836881160736084,,0.08994119614362717,0.00016032904386520386
8629,68.0,1992,2.088162422180176,,0.5109865963459015,0.24190329015254974
8630,66.0,2343,2.463740348815918,,0.11175685375928879,0.016981229186058044
8631,31.0,1127,1.1668684482574463,,0.18967448361217976,0.06815919280052185
8632,31.0,830,0.8949069976806641,,0.1010082047432661,0.023141641169786453
8633,61.0,1623,1.6945102214813232,,0.18818256072700024,0.04374046251177788
8634,60.0,1586,1.6584060192108154,,0.12639498803764582,0.030880365520715714
8635,80.0,2374,2.486797571182251,,0.17549718543887138,0.0375400148332119
8636,46.0,1255,1.2830829620361328,,0.264009490609169,0.06955699622631073
8637,67.0,2076,2.148967742919922,,0.1683756522834301,0.04893651232123375
8638,31.0,1221,1.2467594146728516,,0.14945084415376186,0.028471287339925766
8639,68.0,2278,2.395190477371216,,0.20971449837088585,0.05460932105779648
8640,30.0,1021,1.072000503540039,,0.1952130515128374,0.07534974813461304
8641,32.0,1193,1.2188608646392822,,0.12045830395072699,0.023847760632634163
8642,78.0,2715,2.81013560295105,,0.173945439979434,0.04798736050724983
8643,41.0,1104,1.1991283893585205,,0.08551213517785072,0.015230057761073112
8644,63.0,2109,2.18843936920166,,0.17094155214726925,0.05703847482800484
8645,31.0,946,1.0044052600860596,,0.12342207226902246,0.028334911912679672
8646,66.0,2077,2.1696603298187256,,0.1624526297673583,0.03937017545104027
8647,61.0,1821,1.875854730606079,,0.19121394492685795,0.07186491787433624
8648,62.0,1941,2.043017625808716,,0.16050823964178562,0.05648089572787285
8649,33.0,933,0.9847378730773926,,0.16418416425585747,0.04215973615646362
8650,31.0,939,0.9937291145324707,,0.6216481253504753,0.2896423041820526
8651,32.0,1132,1.168071985244751,,0.1295808171853423,0.03788968175649643
8652,62.0,1720,1.8027231693267822,,0.18709845282137394,0.05478835850954056
8653,32.0,1004,1.047499179840088,,0.19613853842020035,0.0676310658454895
8654,33.0,900,0.9529647827148438,,0.20977072604000568,0.05341999977827072
8655,30.0,1047,1.0876448154449463,,0.14413646887987852,0.04663261026144028
8656,33.0,745,0.7503082752227783,,0.09742721077054739,0.015931297093629837
8657,56.0,1549,1.623800277709961,,0.05906664114445448,0.012117400765419006
8658,62.0,1696,1.8152601718902588,,0.17982896603643894,0.04243092238903046
8659,65.0,1927,2.032729387283325,,0.1519273929297924,0.04056793823838234
8660,66.0,1958,1.9862258434295654,,0.14144825376570225,0.02356097474694252
8661,34.0,933,0.9766027927398682,,0.1964742299169302,0.052002571523189545
8662,31.0,1019,1.0603077411651611,,0.11900498066097498,0.04482647031545639
8663,63.0,1911,1.997361421585083,,0.16511433012783527,0.04647179692983627
8664,32.0,1071,1.1034362316131592,,0.18071107007563114,0.05659780278801918
8665,30.0,1101,1.1332166194915771,,0.10715410858392715,0.03364165127277374
8666,65.0,2071,2.1424617767333984,,0.12118450086563826,0.023965781554579735
8667,65.0,1797,1.9020509719848633,,0.3596234396100044,0.11898969113826752
8668,44.0,1257,1.2773728370666504,,0.12792223412543535,0.038012608885765076
8669,43.0,1281,1.3642301559448242,,0.07810661196708679,0.0018579661846160889
8670,32.0,964,1.0070788860321045,,0.23707159981131554,0.08294402807950974
8671,52.0,1831,1.8797190189361572,,0.11623105220496655,0.025183744728565216
8672,33.0,762,0.8369839191436768,,0.3112901784479618,0.10142365097999573
8673,30.0,983,1.0368716716766357,,0.18184729292988777,0.07860630005598068
8674,52.0,1501,1.516540765762329,,0.08636221196502447,0.010499481111764908
8675,62.0,1461,1.5337977409362793,,0.07485736859962344,-4.84660267829895e-05
8676,57.0,1678,1.786125898361206,,0.1733508352190256,0.03521471098065376
8677,68.0,1863,1.9011359214782715,,0.3468128740787506,0.0787295326590538
8678,32.0,1122,1.1483697891235352,,0.19199657253921032,0.06609149277210236
8679,68.0,2265,2.3748795986175537,,0.3047196753323078,0.10083745419979095
8680,52.0,1455,1.526130199432373,,0.12247813120484352,0.022152036428451538
8681,65.0,1671,1.7269153594970703,,0.19295877404510975,0.06107618287205696
8682,33.0,859,0.9217870235443115,,0.10787947941571474,0.029057154431939125
8683,30.0,931,0.9335825443267822,,0.0876592742279172,0.010917704552412033
8684,66.0,2139,2.282782793045044,,0.23656313866376877,0.06709998100996017
8685,65.0,1947,1.9881539344787598,,0.2443777173757553,0.08295084536075592
8686,33.0,1189,1.282280445098877,,0.09591507352888584,0.012984856963157654
8687,59.0,1614,1.687286376953125,,0.11583821568638086,0.032255399972200394
8688,28.0,971,1.0211279392242432,,0.18787617422640324,0.046074770390987396
8689,33.0,921,0.9687016010284424,,0.13576279394328594,0.04099411517381668
8690,34.0,941,0.9288253784179688,,0.07118919165804982,-0.008236251771450043
8691,44.0,1085,1.193730115890503,,0.1005628788843751,0.01458931714296341
8692,37.0,1149,1.1867611408233643,,0.12509552482515574,0.027743332087993622
8693,31.0,1005,1.0508074760437012,,0.3206823468208313,0.14622150361537933
8694,34.0,1035,1.0789248943328857,,0.12392516527324915,0.028743039816617966
8695,56.0,1679,1.7566916942596436,,0.08682677801698446,0.011832114309072495
8696,69.0,2296,2.4276297092437744,,0.1933593899011612,0.05585170164704323
8697,66.0,1979,2.0189242362976074,,0.19566413760185242,0.05011137202382088
8698,52.0,1326,1.425584316253662,,0.05898025073111057,0.004869645461440086
8699,32.0,1091,1.1271305084228516,,0.31729333847761154,0.11001914739608765
8700,46.0,1291,1.3807399272918701,,0.07012512488290668,-0.009379593655467033
8701,33.0,787,0.7884836196899414,,0.3787604570388794,0.13947013020515442
8702,50.0,1521,1.5907096862792969,,0.07112224446609616,-0.008873095735907555
8703,56.0,1401,1.471351146697998,,0.06464654766023159,-0.009547995403409004
8704,31.0,825,0.884852409362793,,0.24608718790113926,0.06858483701944351
8705,55.0,1575,1.6277496814727783,,0.184379069134593,0.0657661110162735
8706,63.0,1965,1.9940989017486572,,0.17799935303628445,0.04122403636574745
8707,50.0,1397,1.4761700630187988,,0.06443433742970228,0.005685979500412941
8708,27.0,1168,1.207273006439209,,0.4256815202534199,0.1736411154270172
8709,52.0,1273,1.3622255325317383,,0.07899588625878096,0.016419827938079834
8710,60.0,1665,1.7179970741271973,,0.13844670914113522,0.028169285506010056
8711,70.0,2089,2.162111520767212,,0.30873972550034523,0.11132699996232986
8712,58.0,1742,1.854149580001831,,0.24137625657022,0.08236199617385864
8713,49.0,1697,1.7569911479949951,,0.07953757420182228,-0.0010699890553951263
8714,66.0,2021,2.1050922870635986,,0.19531960226595402,0.05817977711558342
8715,68.0,1762,1.819051742553711,,0.19059164635837078,0.07153768092393875
8716,56.0,1519,1.5925962924957275,,0.05636481428518891,0.0047256965190172195
8717,67.0,1736,1.8415400981903076,,0.24187551252543926,0.080757737159729
8718,30.0,890,0.8854615688323975,,0.12465397641062737,0.014200486242771149
8719,62.0,1709,1.8351740837097168,,0.27178780175745487,0.10472898930311203
8720,65.0,1841,1.8840479850769043,,0.1425548866391182,0.03709544986486435
8721,57.0,1613,1.7384364604949951,,0.28303322568535805,0.0874667540192604
8722,52.0,1388,1.4200243949890137,,0.08236831706017256,0.02017105370759964
8723,32.0,912,0.967097282409668,,0.2098900768905878,0.047529350966215134
8724,34.0,857,0.9153718948364258,,0.19694990292191505,0.0847751721739769
8725,61.0,1789,1.836669683456421,,0.10043451376259327,0.006749860942363739
8726,68.0,1516,1.5938389301300049,,0.06292374432086945,-0.007342781871557236
8727,33.0,897,0.9498231410980225,,0.13292119558900595,0.020619206130504608
8728,34.0,1017,1.0567996501922607,,0.11903959419578314,0.0317617692053318
8729,27.0,756,0.7681729793548584,,0.09920491930097342,0.0021281838417053223
8730,66.0,1892,1.9845364093780518,,0.3742009662091732,0.14254231750965118
8731,36.0,941,0.9998893737792969,,0.1428936943411827,0.04229917749762535
8732,31.0,1127,1.1577937602996826,,0.6049916110932827,0.22420957684516907
8733,44.0,1157,1.197077989578247,,0.17300207540392876,0.06051892414689064
8734,23.0,797,0.868401288986206,,0.2515416853129864,0.07063159346580505
8735,61.0,1802,1.8520925045013428,,0.07123481063172221,0.009595194831490517
8736,66.0,1991,2.08400821685791,,0.14370499830693007,0.031534694135189056
8737,66.0,1973,2.064831018447876,,0.1339241936802864,0.04346982762217522
8738,56.0,1566,1.6429634094238281,,0.0779763339087367,0.002689402550458908
8739,23.0,721,0.7957108020782471,,0.40319205075502396,0.16562175750732422
8740,67.0,1836,1.884103536605835,,0.19049170054495335,0.048595130443573
8741,64.0,1808,1.9227583408355713,,0.13201798126101494,0.02594536915421486
8742,30.0,1019,1.066180944442749,,0.08199108019471169,0.02522859163582325
8743,34.0,958,1.009591817855835,,0.12809906899929047,0.04600042477250099
8744,31.0,895,0.8967928886413574,,0.07997992262244225,-0.007296871393918991
8745,28.0,941,1.0023815631866455,,0.1478844191879034,0.03898046538233757
8746,58.0,1493,1.5635974407196045,,0.10827168077230453,0.015788234770298004
8747,24.0,793,0.863135576248169,,0.3377119414508343,0.13437485694885254
8748,31.0,1231,1.249755620956421,,0.10712652653455734,0.04025184363126755
8749,31.0,1100,1.1400609016418457,,0.13043521810323,0.04768941551446915
8750,41.0,1393,1.4831101894378662,,0.13849916029721498,0.024913694709539413
8751,32.0,1081,1.1188991069793701,,0.23672146163880825,0.05970677360892296
8752,32.0,1165,1.1985888481140137,,0.1352396970614791,0.05518501624464989
8753,33.0,1012,1.0591537952423096,,0.1197456605732441,0.03306950628757477
8754,33.0,726,0.7962822914123535,,0.12327651679515839,0.032179638743400574
8755,65.0,1995,2.098484516143799,,0.3733193166553974,0.11728597432374954
8756,33.0,766,0.7738618850708008,,0.21167532168328762,0.06362604349851608
8757,32.0,1075,1.1116116046905518,,0.09140964969992638,0.009567879140377045
8758,33.0,1031,1.0762486457824707,,0.3853621333837509,0.16795197129249573
8759,33.0,859,0.9106566905975342,,0.12933567352592945,0.02870030701160431
8760,55.0,1273,1.3002798557281494,,0.10424974747002125,0.029479412361979485
8761,30.0,997,1.0320944786071777,,0.31838185526430607,0.09868118166923523
8762,70.0,2078,2.156599998474121,,0.17518371902406216,0.03391551598906517
8763,31.0,869,0.9211478233337402,,0.23101307824254036,0.07743512839078903
8764,69.0,1854,1.9434375762939453,,0.3893974833190441,0.18724392354488373
8765,31.0,862,0.8568174839019775,,0.24722591415047646,0.08609730005264282
8766,30.0,1038,1.0801291465759277,,0.11481534689664841,0.021549850702285767
8767,64.0,1647,1.7565360069274902,,0.16260725818574429,0.04923658445477486
8768,57.0,1633,1.6927061080932617,,0.19937369972467422,0.07298017293214798
8769,48.0,1318,1.3462331295013428,,0.12868105992674828,0.031032279133796692
8770,33.0,1133,1.211003065109253,,0.06453350745141506,-0.00021423213183879852
8771,62.0,1729,1.7693150043487549,,0.12504080776125193,0.02570764720439911
8772,30.0,1075,1.1108717918395996,,0.13577264174818993,0.028057456016540527
8773,40.0,1067,1.1132829189300537,,0.1323154056444764,0.03301007300615311
8774,34.0,926,0.974229097366333,,0.46172576397657394,0.17723217606544495
8775,32.0,1019,1.0633554458618164,,0.18211533688008785,0.05761415511369705
8776,65.0,1979,2.07299542427063,,0.2807418256998062,0.10263335704803467
8777,32.0,988,1.0320463180541992,,0.10156541876494884,0.03800555318593979
8778,65.0,1905,2.0242667198181152,,0.43710576742887497,0.1408676654100418
8779,32.0,866,0.8675861358642578,,0.15375753305852413,0.019288107752799988
8780,31.0,1074,1.1232326030731201,,0.10401578806340694,0.008636483922600746
8781,51.0,1569,1.6392803192138672,,0.17288518324494362,0.059854842722415924
8782,60.0,1979,2.0756125450134277,,0.14687167294323444,0.033869419246912
8783,55.0,1639,1.6981513500213623,,0.0868760533630848,0.0009842440485954285
8784,40.0,1260,1.3502838611602783,,0.11977387871593237,0.02993100695312023
8785,31.0,915,0.9673433303833008,,0.2552470937371254,0.05827643722295761
8786,30.0,1147,1.1806209087371826,,0.07750105857849121,0.01799280196428299
8787,33.0,965,1.0213289260864258,,0.20584896206855774,0.05621056258678436
8788,69.0,2093,2.1678664684295654,,0.31100809946656227,0.09939255565404892
8789,27.0,819,0.8276970386505127,,0.17053519561886787,0.03830035775899887
8790,69.0,1978,2.072467088699341,,0.1105664661154151,0.01821345090866089
8791,68.0,2058,2.160735845565796,,0.25902059860527515,0.09181682020425797
8792,49.0,1655,1.7734253406524658,,0.06822319561615586,-0.013337939977645874
8793,52.0,1615,1.6827497482299805,,0.1325832260772586,0.021987229585647583
8794,30.0,1111,1.1466856002807617,,0.22687776386737823,0.07134195417165756
8795,63.0,2257,2.3172831535339355,,0.251041941344738,0.11383534967899323
8796,33.0,1012,1.0561351776123047,,0.15192682296037674,0.030698664486408234
8797,26.0,823,0.88873291015625,,0.12782969418913126,0.04054313898086548
8798,29.0,863,0.929795503616333,,0.19645404070615768,0.06193172559142113
8799,27.0,1054,1.0935237407684326,,0.11314401403069496,0.023919222876429558
