episode_number,episode_reward,episode_length,episode_time_seconds,policy_loss,value_loss,total_loss
1,0.0,515,0.19165325164794922,,,
2,2.0,583,0.21421217918395996,,,
3,16.0,933,0.3378288745880127,,,
4,9.0,985,0.3548150062561035,,,
5,6.0,748,0.2730727195739746,,,
6,16.0,1174,0.42231297492980957,,,
7,2.0,500,0.18297171592712402,,,
8,12.0,873,0.31531715393066406,,,
9,2.0,405,0.1489276885986328,,,
10,1.0,403,0.14742374420166016,,,
11,9.0,853,0.30732297897338867,,,
12,4.0,381,0.1400458812713623,,,
13,4.0,535,0.19505667686462402,,,
14,5.0,719,0.2615540027618408,,,
15,10.0,1343,0.4954051971435547,,,
16,1.0,394,0.1458117961883545,,,
17,9.0,780,0.28397536277770996,,,
18,3.0,385,0.14330625534057617,,,
19,6.0,487,0.17832279205322266,,,
20,6.0,473,0.17244577407836914,,,
21,11.0,1165,0.427722692489624,,,
22,8.0,784,0.28495168685913086,,,
23,3.0,612,0.22388410568237305,,,
24,6.0,829,0.30405545234680176,,,
25,9.0,776,0.28314924240112305,,,
26,1.0,412,0.15167975425720215,,,
27,4.0,611,0.22532391548156738,,,
28,2.0,551,0.20313501358032227,,,
29,7.0,671,0.24457836151123047,,,
30,3.0,381,0.14046740531921387,,,
31,10.0,815,0.2963838577270508,,,
32,9.0,785,0.2874305248260498,,,
33,7.0,767,0.2803325653076172,,,
34,5.0,831,0.30260539054870605,,,
35,9.0,805,0.29278993606567383,,,
36,4.0,636,0.23243331909179688,,,
37,1.0,399,0.14736437797546387,,,
38,1.0,397,0.14595603942871094,,,
39,4.0,391,0.14281773567199707,,,
40,3.0,501,0.18302702903747559,,,
41,5.0,605,0.22082901000976562,,,
42,7.0,581,0.21178197860717773,,,
43,0.0,341,0.1251988410949707,,,
44,6.0,704,0.2573714256286621,,,
45,8.0,985,0.3563728332519531,,,
46,6.0,987,0.35950803756713867,,,
47,11.0,1102,0.3984847068786621,,,
48,5.0,662,0.24050498008728027,,,
49,4.0,391,0.14369964599609375,,,
50,3.0,651,0.23730254173278809,,,
51,5.0,670,0.24450039863586426,,,
52,10.0,790,0.2873404026031494,,,
53,0.0,396,0.14565777778625488,,,
54,2.0,398,0.1458721160888672,,,
55,5.0,643,0.23484230041503906,,,
56,2.0,466,0.17002296447753906,,,
57,7.0,797,0.29032373428344727,,,
58,3.0,603,0.22009015083312988,,,
59,12.0,908,0.3281702995300293,,,
60,1.0,600,0.2205955982208252,,,
61,1.0,441,0.1639392375946045,,,
62,8.0,827,0.301196813583374,,,
63,4.0,457,0.16811156272888184,,,
64,6.0,667,0.2427060604095459,,,
65,9.0,939,0.3410627841949463,,,
66,7.0,691,0.2538154125213623,,,
67,2.0,545,0.20093059539794922,,,
68,9.0,996,0.36490893363952637,,,
69,4.0,557,0.208451509475708,,,
70,9.0,669,0.24591565132141113,,,
71,13.0,941,0.3427720069885254,,,
72,2.0,497,0.18231606483459473,,,
73,14.0,876,0.3181595802307129,,,
74,5.0,741,0.2700185775756836,,,
75,5.0,693,0.2549400329589844,,,
76,6.0,717,0.2632937431335449,,,
77,4.0,559,0.2057814598083496,,,
78,7.0,623,0.22907042503356934,,,
79,5.0,598,0.2194681167602539,,,
80,9.0,945,0.34192466735839844,,,
81,8.0,833,0.3108394145965576,,,
82,7.0,761,0.2831692695617676,,,
83,3.0,535,0.19754981994628906,,,
84,3.0,543,0.19853591918945312,,,
85,4.0,589,0.21520113945007324,,,
86,5.0,575,0.20902585983276367,,,
87,13.0,854,0.31802797317504883,,,
88,4.0,587,0.2175428867340088,,,
89,3.0,379,0.14032649993896484,,,
90,12.0,966,0.3554995059967041,,,
91,9.0,827,0.29972410202026367,,,
92,8.0,789,0.2865869998931885,,,
93,8.0,687,0.2507333755493164,,,
94,10.0,1063,0.3959927558898926,,,
95,3.0,622,0.23670387268066406,,,
96,3.0,609,0.22548198699951172,,,
97,1.0,555,0.20968008041381836,,,
98,16.0,1057,0.3950772285461426,,,
99,0.0,611,0.2278764247894287,,,
100,0.0,425,0.16120481491088867,,,
101,4.0,747,0.2901453971862793,,,
102,3.0,387,0.14288568496704102,,,
103,4.0,706,0.26787328720092773,,,
104,9.0,819,0.3047606945037842,,,
105,2.0,407,0.15248537063598633,,,
106,15.0,1006,0.367828369140625,,,
107,9.0,769,0.2824728488922119,,,
108,7.0,555,0.2062826156616211,,,
109,5.0,402,0.1487739086151123,,,
110,2.0,543,0.20211482048034668,,,
111,4.0,484,0.17989015579223633,,,
112,2.0,400,0.14755845069885254,,,
113,14.0,977,0.3552525043487549,,,
114,6.0,725,0.266115665435791,,,
115,3.0,517,0.1910240650177002,,,
116,-1.0,532,0.19598793983459473,,,
117,0.0,565,0.20893192291259766,,,
118,3.0,485,0.1794745922088623,,,
119,2.0,486,0.17734003067016602,,,
120,6.0,683,0.2519087791442871,,,
121,16.0,1185,0.42702150344848633,,,
122,2.0,507,0.18712782859802246,,,
123,12.0,959,0.34804248809814453,,,
124,6.0,753,0.27495813369750977,,,
125,7.0,755,0.2756340503692627,,,
126,4.0,564,0.20788979530334473,,,
127,4.0,676,0.24736499786376953,,,
128,5.0,626,0.22723078727722168,,,
129,10.0,765,0.27899909019470215,,,
130,5.0,384,0.14636754989624023,,,
131,17.0,914,0.33269619941711426,,,
132,4.0,486,0.17925500869750977,,,
133,13.0,1027,0.3730309009552002,,,
134,6.0,619,0.2294328212738037,,,
135,3.0,567,0.2099299430847168,,,
136,9.0,1173,0.4272768497467041,,,
137,15.0,1063,0.3855772018432617,,,
138,1.0,388,0.14354872703552246,,,
139,10.0,691,0.2527132034301758,,,
140,6.0,577,0.21228671073913574,,,
141,9.0,705,0.2579357624053955,,,
142,10.0,871,0.3217194080352783,,,
143,7.0,622,0.2274317741394043,,,
144,4.0,485,0.17972087860107422,,,
145,9.0,811,0.2945683002471924,,,
146,6.0,642,0.2337658405303955,,,
147,16.0,964,0.3506920337677002,,,
148,7.0,777,0.7846169471740723,,,0.022974053397774696
149,10.0,869,0.7378768920898438,,,2.3200365831144154e-05
150,2.0,546,0.47626376152038574,,,0.015456071123480797
151,10.0,855,0.7332460880279541,,,0.015807248651981354
152,7.0,613,0.5195443630218506,,,0.00758287962526083
153,3.0,422,0.3571000099182129,,,0.008467234671115875
154,5.0,553,0.47137928009033203,,,0.015520282089710236
155,10.0,1071,0.9242119789123535,,,0.007623631041496992
156,17.0,952,0.8044979572296143,,,0.007802633568644524
157,3.0,547,0.4626486301422119,,,0.008261110633611679
158,7.0,643,0.5599861145019531,,,8.801891817711294e-05
159,15.0,1267,1.0679428577423096,,,7.642785203643143e-05
160,7.0,769,0.6465873718261719,,,0.00011713725689332932
161,20.0,1019,0.8941121101379395,,,4.732763045467436e-05
162,10.0,936,0.8319680690765381,,,0.00017305798246525228
163,16.0,819,0.6897127628326416,,,0.015392115339636803
164,8.0,797,0.6876046657562256,,,9.69475950114429e-05
165,7.0,722,0.6457908153533936,,,0.0001898823247756809
166,4.0,536,0.4820244312286377,,,0.0001760727318469435
167,8.0,759,0.6731879711151123,,,0.015068711712956429
168,7.0,540,0.4776265621185303,,,7.493025623261929e-05
169,3.0,431,0.3792600631713867,,,0.0076630450785160065
170,1.0,376,0.327042818069458,,,0.007376632187515497
171,5.0,655,0.5681061744689941,,,0.01586347259581089
172,12.0,898,0.7752964496612549,,,0.0381096750497818
173,8.0,753,0.6469318866729736,,,0.0071096839383244514
174,0.0,493,0.42328858375549316,,,0.02248855121433735
175,4.0,523,0.4458329677581787,,,0.00023462882381863892
176,7.0,725,0.6182863712310791,,,0.015526270493865013
177,3.0,426,0.360461950302124,,,0.007995611056685448
178,8.0,1112,0.9450936317443848,,,0.007833587005734444
179,3.0,545,0.4628260135650635,,,0.008214080706238747
180,8.0,785,0.6602716445922852,,,0.007901455275714397
181,6.0,664,0.5636653900146484,,,0.0032428193371742964
182,12.0,922,0.7799677848815918,,,0.00098902836907655
183,6.0,667,0.5666124820709229,,,0.01667829416692257
184,12.0,1379,1.1657352447509766,,,0.008514915592968464
185,7.0,612,0.5311360359191895,,,0.012509595602750778
186,5.0,453,0.3856053352355957,,,0.0003023011377081275
187,3.0,513,0.4346911907196045,,,0.015192952938377857
188,1.0,423,0.367398738861084,,,0.006966185290366411
189,6.0,657,0.5732455253601074,,,0.0032629291526973248
190,6.0,696,0.6004619598388672,,,0.0018886583857238293
191,4.0,636,0.5487942695617676,,,0.0077841617166996
192,8.0,659,0.5702428817749023,,,0.00020079428213648498
193,7.0,562,0.485670804977417,,,0.01711864210665226
194,2.0,514,0.450122594833374,,,0.02468487061560154
195,0.0,527,0.46131110191345215,,,0.008666864596307278
196,6.0,522,0.4585134983062744,,,0.00843113288283348
197,7.0,574,0.49738216400146484,,,0.017108874395489693
198,4.0,524,0.46323394775390625,,,0.025516238063573837
199,9.0,765,0.6700682640075684,,,0.009219408966600895
200,2.0,443,0.39234352111816406,,,0.007807315792888403
201,5.0,639,0.5479426383972168,,,0.0013300523860380054
202,6.0,744,0.6497335433959961,,,0.003961005713790655
203,0.0,395,0.3433349132537842,,,0.0006960425525903702
204,4.0,383,0.32882189750671387,,,0.01574532315135002
205,6.0,490,0.4222855567932129,,,0.0005671053659170866
206,5.0,617,0.5403473377227783,,,0.011185802519321442
207,2.0,685,0.5925979614257812,,,0.016424985602498055
208,7.0,732,0.6356172561645508,,,0.01616041362285614
209,9.0,639,0.555537223815918,,,0.003850865876302123
210,3.0,644,0.5567457675933838,,,0.009254511445760727
211,5.0,414,0.357621431350708,,,0.016603292897343636
212,8.0,785,0.6870677471160889,,,0.002053887117654085
213,3.0,520,0.45258116722106934,,,0.01554964017122984
214,2.0,493,0.4225749969482422,,,0.00038053171010687947
215,4.0,643,0.553107738494873,,,0.013251891359686852
216,0.0,351,0.29490137100219727,,,0.0004305218462832272
217,6.0,777,0.6544930934906006,,,0.02271372266113758
218,1.0,553,0.4666297435760498,,,0.00318275298923254
219,6.0,752,0.6309242248535156,,,0.006272895261645317
220,6.0,527,0.4429490566253662,,,0.015608018264174461
221,8.0,730,0.6124546527862549,,,0.007203826680779457
222,6.0,643,0.5406570434570312,,,0.016411440446972847
223,7.0,742,0.6209700107574463,,,0.016603292897343636
224,11.0,923,0.7972147464752197,,,0.01097665075212717
225,12.0,764,0.6639704704284668,,,0.012139851227402687
226,9.0,976,0.8497381210327148,,,0.007979312911629677
227,7.0,671,0.5737698078155518,,,0.004007678013294935
228,3.0,575,0.4827742576599121,,,0.015998898074030876
229,2.0,657,0.5718986988067627,,,0.0020772437565028667
230,4.0,576,0.4956655502319336,,,0.01903420314192772
231,2.0,536,0.46677184104919434,,,0.014063140377402306
232,4.0,464,0.4064619541168213,,,0.000748686317820102
233,20.0,1110,0.9583778381347656,,,0.008379562757909298
234,1.0,396,0.3407938480377197,,,0.03173380717635155
235,13.0,961,0.8249208927154541,,,0.01619262620806694
236,13.0,1012,0.8451628684997559,,,0.009206615388393402
237,8.0,625,0.5427517890930176,,,0.01121599692851305
238,7.0,721,0.6277804374694824,,,0.009375841356813908
239,7.0,645,0.5611164569854736,,,0.009629039093852043
240,14.0,844,0.745232343673706,,,0.020518772304058075
241,8.0,819,0.7272417545318604,,,0.004265300929546356
242,5.0,411,0.36093926429748535,,,0.00042217993177473545
243,12.0,717,0.6307761669158936,,,0.0016359383007511497
244,13.0,889,0.7863497734069824,,,0.008789909072220325
245,15.0,1144,0.9963674545288086,,,0.007657803129404783
246,5.0,946,0.8391923904418945,,,0.002440200885757804
247,2.0,639,0.5655882358551025,,,0.0005474734352901578
248,4.0,437,0.38185930252075195,,,0.003608922241255641
249,7.0,682,0.5924816131591797,,,0.007144771981984377
250,1.0,394,0.3400075435638428,,,0.010900748893618584
251,9.0,1127,0.9716198444366455,,,0.0012151597766205668
252,11.0,1268,1.0696861743927002,,,0.005770648829638958
253,5.0,386,0.3395674228668213,,,0.009285589680075645
254,12.0,1231,1.0436480045318604,,,0.006474383175373077
255,8.0,829,0.7006616592407227,,,0.0016322506126016378
256,4.0,703,0.5928835868835449,,,0.002645950997248292
257,4.0,607,0.5349831581115723,,,0.010219097137451172
258,10.0,945,0.8343203067779541,,,0.014087457209825516
259,2.0,559,0.4900815486907959,,,0.006407628301531076
260,6.0,1172,1.024369478225708,,,0.009427281096577644
261,9.0,677,0.5868985652923584,,,0.009669763967394829
262,9.0,908,0.7900307178497314,,,0.001798346173018217
263,3.0,777,0.656158447265625,,,0.016163216903805733
264,6.0,750,0.6570537090301514,,,0.022205784916877747
265,4.0,684,0.5784595012664795,,,0.0066315289586782455
266,5.0,688,0.5803744792938232,,,0.003250794718042016
267,13.0,941,0.8099861145019531,,,0.009065543301403522
268,8.0,744,0.6414928436279297,,,0.007336290553212166
269,24.0,1385,1.2005631923675537,,,0.003590572625398636
270,13.0,862,0.7506284713745117,,,0.007960926741361618
271,10.0,920,0.8073055744171143,,,0.01270563155412674
272,6.0,675,0.5962498188018799,,,0.010200047865509987
273,3.0,536,0.47228145599365234,,,0.0076779332011938095
274,6.0,456,0.4029860496520996,,,0.012766147963702679
275,12.0,957,0.8397350311279297,,,0.0094089824706316
276,10.0,695,0.6137235164642334,,,0.002332554664462805
277,2.0,387,0.34188318252563477,,,0.0012553590349853039
278,6.0,671,0.5870139598846436,,,0.008791630156338215
279,10.0,857,0.7508549690246582,,,0.003875286551192403
280,16.0,1075,0.9422345161437988,,,0.009384668432176113
281,4.0,491,0.4324615001678467,,,0.00704068411141634
282,16.0,931,0.7829241752624512,,,0.012636741623282433
283,5.0,541,0.46324992179870605,,,0.009038479998707771
284,7.0,690,0.5886647701263428,,,0.0019985095132142305
285,8.0,749,0.660975456237793,,,0.0037515948060899973
286,7.0,689,0.6078014373779297,,,0.001895310590043664
287,12.0,899,0.7842564582824707,,,0.00504580931738019
288,-1.0,396,0.353351354598999,,,0.004337255842983723
289,11.0,685,0.5915877819061279,,,0.015795692801475525
290,8.0,691,0.6020598411560059,,,0.002863191766664386
291,-2.0,560,0.4961831569671631,,,0.006839432753622532
292,10.0,823,0.7211477756500244,,,0.017308585345745087
293,4.0,717,0.6345000267028809,,,0.002980782650411129
294,18.0,797,0.7004406452178955,,,0.006766227073967457
295,12.0,887,0.7810134887695312,,,0.002821058966219425
296,1.0,619,0.5494041442871094,,,0.0015711004380136728
297,-1.0,571,0.48855042457580566,,,0.011959384195506573
298,4.0,575,0.48767781257629395,,,0.005050287116318941
299,6.0,601,0.510164737701416,,,0.009319499135017395
300,1.0,381,0.3228926658630371,,,0.0064525180496275425
301,14.0,1093,0.9597201347351074,,,0.009262999519705772
302,4.0,408,0.3607306480407715,,,0.014771179296076298
303,3.0,551,0.49245619773864746,,,0.0027546288911253214
304,5.0,589,0.5177416801452637,,,0.001344391144812107
305,4.0,550,0.4716525077819824,,,0.006062261760234833
306,4.0,372,0.31441378593444824,,,0.0042576976120471954
307,2.0,385,0.3278043270111084,,,0.002833258593454957
308,14.0,1319,1.118459939956665,,,0.007042480632662773
309,5.0,353,0.3170292377471924,,,0.0021248883567750454
310,7.0,701,0.616051435470581,,,0.006843710318207741
311,2.0,398,0.35456275939941406,,,0.0027804914861917496
312,8.0,683,0.5988409519195557,,,0.006797301582992077
313,4.0,460,0.4039928913116455,,,0.0026956074871122837
314,16.0,1296,1.1008226871490479,,,0.01469447836279869
315,8.0,654,0.5546154975891113,,,0.0037248008884489536
316,6.0,449,0.37754034996032715,,,0.001796420430764556
317,10.0,942,0.8174853324890137,,,0.012652229517698288
318,10.0,1203,1.040759801864624,,,0.01147538609802723
319,1.0,479,0.4183328151702881,,,0.003167957067489624
320,3.0,522,0.4668102264404297,,,0.0023929188027977943
321,5.0,674,0.599231481552124,,,0.00826421007514
322,13.0,687,0.6079699993133545,,,0.015149073675274849
323,12.0,941,0.8263261318206787,,,0.00715236272662878
324,2.0,559,0.4871988296508789,,,0.0011800191132351756
325,3.0,677,0.5820550918579102,,,0.013592386618256569
326,5.0,636,0.57094407081604,,,0.0019483636133372784
327,8.0,1077,0.959542989730835,,,0.007906444370746613
328,0.0,394,0.35276103019714355,,,0.003907031379640102
329,10.0,532,0.4770982265472412,,,0.01469123549759388
330,6.0,518,0.44780993461608887,,,0.007468950003385544
331,11.0,765,0.6751747131347656,,,0.0016301454743370414
332,8.0,719,0.6080949306488037,,,0.009459631517529488
333,11.0,810,0.709606409072876,,,0.00870527420192957
334,5.0,617,0.5502421855926514,,,0.0030002177227288485
335,10.0,875,0.7751963138580322,,,0.0026423137169331312
336,9.0,677,0.6057062149047852,,,0.006114073097705841
337,9.0,779,0.6897437572479248,,,0.0026010957080870867
338,4.0,536,0.479672908782959,,,0.0028964821249246597
339,13.0,970,0.8583300113677979,,,0.015026208013296127
340,5.0,642,0.5717926025390625,,,0.011173614300787449
341,3.0,390,0.35293126106262207,,,0.010334591381251812
342,0.0,497,0.4471402168273926,,,0.0016896829474717379
343,7.0,786,0.6979265213012695,,,0.0017421396914869547
344,5.0,622,0.5473182201385498,,,0.007289240136742592
345,9.0,702,0.6221795082092285,,,0.0028446174692362547
346,5.0,685,0.616410493850708,,,0.0032815930899232626
347,1.0,551,0.4999542236328125,,,0.005010292865335941
348,6.0,699,0.5956392288208008,,,0.0015899443533271551
349,6.0,747,0.6339733600616455,,,0.002843757625669241
350,8.0,763,0.6470956802368164,,,0.004024900496006012
351,9.0,1250,1.0556483268737793,,,0.004592886194586754
352,5.0,409,0.3501582145690918,,,0.007556031458079815
353,-2.0,460,0.3918917179107666,,,0.012381365522742271
354,4.0,495,0.42322373390197754,,,0.00564816826954484
355,-1.0,530,0.4553835391998291,,,0.0021120989695191383
356,6.0,537,0.45397090911865234,,,0.0017356144962832332
357,8.0,642,0.5585894584655762,,,0.006029102951288223
358,13.0,929,0.7887485027313232,,,0.0020199117716401815
359,4.0,562,0.4775252342224121,,,0.00287330592982471
360,7.0,549,0.46463775634765625,,,0.0017460110830143094
361,9.0,710,0.6083531379699707,,,0.007618127390742302
362,9.0,672,0.5708632469177246,,,0.0052258409559726715
363,5.0,562,0.47521495819091797,,,0.0018110106466338038
364,7.0,768,0.6586964130401611,,,0.009440150111913681
365,16.0,1195,1.014632225036621,,,0.008312227204442024
366,8.0,523,0.44516539573669434,,,0.006414858158677816
367,20.0,1364,1.2020347118377686,,,0.007291204761713743
368,8.0,583,0.5168511867523193,,,0.004551862832158804
369,11.0,999,0.8850102424621582,,,0.004310010466724634
370,7.0,526,0.46825480461120605,,,0.007789396680891514
371,8.0,805,0.7065107822418213,,,0.006597529165446758
372,9.0,701,0.6040754318237305,,,0.0018530652159824967
373,3.0,585,0.504479169845581,,,0.0052572512067854404
374,6.0,749,0.6388452053070068,,,0.00672594178467989
375,3.0,545,0.47010374069213867,,,0.004009798634797335
376,10.0,833,0.7124648094177246,,,0.0033540301956236362
377,18.0,1052,0.9054763317108154,,,0.004976213909685612
378,8.0,624,0.5329313278198242,,,0.00916585698723793
379,12.0,883,0.7575366497039795,,,0.005588355008512735
380,3.0,621,0.5348954200744629,,,0.015487171709537506
381,5.0,733,0.6556005477905273,,,0.010097033344209194
382,14.0,1106,0.9765679836273193,,,0.011830373667180538
383,9.0,679,0.6087629795074463,,,0.0034144106321036816
384,0.0,401,0.358351469039917,,,0.019916599616408348
385,17.0,962,0.8570191860198975,,,0.004367607645690441
386,3.0,591,0.5292801856994629,,,0.00503968819975853
387,12.0,884,0.7909262180328369,,,0.0029581759590655565
388,4.0,653,0.5863380432128906,,,0.005672506522387266
389,5.0,602,0.5423102378845215,,,0.006926978472620249
390,5.0,625,0.5581874847412109,,,0.011427443474531174
391,1.0,456,0.4056570529937744,,,0.0019163815304636955
392,11.0,586,0.5195846557617188,,,0.0025584809482097626
393,6.0,398,0.358320951461792,,,0.005041482858359814
394,9.0,659,0.591961145401001,,,0.0050627728924155235
395,5.0,704,0.6260662078857422,,,0.003783087246119976
396,9.0,861,0.770881175994873,,,0.003124434035271406
397,9.0,1212,1.0785222053527832,,,0.006765780039131641
398,4.0,681,0.6119430065155029,,,0.005176777020096779
399,7.0,512,0.45643067359924316,,,0.008389502763748169
400,4.0,588,0.5254940986633301,,,0.0027706334367394447
401,7.0,663,0.5871188640594482,,,0.008350390940904617
402,4.0,617,0.5548815727233887,,,0.0035034511238336563
403,5.0,384,0.3420836925506592,,,0.0029685241170227528
404,4.0,675,0.6063964366912842,,,0.001337119028903544
405,-1.0,488,0.45764994621276855,,,0.018028385937213898
406,5.0,638,0.5801494121551514,,,0.003362633753567934
407,9.0,786,0.69992995262146,,,0.01179929543286562
408,2.0,359,0.32283806800842285,,,0.003727787407115102
409,14.0,931,0.8343968391418457,,,0.011995574459433556
410,5.0,469,0.42281651496887207,,,0.00469290092587471
411,2.0,376,0.3366544246673584,,,0.007376823108643293
412,14.0,1141,1.0183475017547607,,,0.0026767572853714228
413,2.0,406,0.36409425735473633,,,0.0024369927123188972
414,3.0,395,0.3526482582092285,,,0.005986350122839212
415,3.0,531,0.4715311527252197,,,0.013097776100039482
416,3.0,497,0.45051026344299316,,,0.003920988645404577
417,7.0,628,0.5462639331817627,,,0.008116699755191803
418,9.0,609,0.5450963973999023,,,0.015169735066592693
419,5.0,487,0.4368765354156494,,,0.0028209551237523556
420,0.0,563,0.49897289276123047,,,0.00755147822201252
421,6.0,664,0.5964720249176025,,,0.008684061467647552
422,2.0,365,0.3333306312561035,,,0.005981191992759705
423,6.0,695,0.6292004585266113,,,0.00893303845077753
424,5.0,573,0.5176606178283691,,,0.005159147083759308
425,3.0,506,0.4536864757537842,,,0.005354211200028658
426,9.0,671,0.5957119464874268,,,0.005409004166722298
427,6.0,493,0.4271228313446045,,,0.010567264631390572
428,4.0,489,0.42695045471191406,,,0.01142843160778284
429,4.0,599,0.5220310688018799,,,0.011298708617687225
430,4.0,606,0.5236070156097412,,,0.008359895087778568
431,9.0,685,0.6080095767974854,,,0.003426140174269676
432,14.0,737,0.6582937240600586,,,0.004067205358296633
433,3.0,611,0.5412769317626953,,,0.0034906151704490185
434,3.0,485,0.4370853900909424,,,0.01044422946870327
435,8.0,645,0.575423002243042,,,0.002207959070801735
436,2.0,692,0.6046502590179443,,,0.008763318881392479
437,4.0,566,0.4962441921234131,,,0.00728472089394927
438,13.0,865,0.7657992839813232,,,0.002837195061147213
439,3.0,383,0.3369474411010742,,,0.0035705792251974344
440,9.0,1255,1.078554391860962,,,0.00537645211443305
441,6.0,633,0.5634925365447998,,,0.006679912097752094
442,7.0,707,0.6301419734954834,,,0.010300054214894772
443,3.0,455,0.41060614585876465,,,0.005211450159549713
444,6.0,647,0.5846309661865234,,,0.0031170775182545185
445,1.0,355,0.31191325187683105,,,0.004190932959318161
446,11.0,735,0.6382970809936523,,,0.002878926694393158
447,6.0,629,0.5540306568145752,,,0.0027251113206148148
448,4.0,498,0.44888782501220703,,,0.007341968826949596
449,7.0,701,0.6255097389221191,,,0.005904875695705414
450,10.0,795,0.7130048274993896,,,0.0072761946357786655
451,12.0,951,0.857680082321167,,,0.0032549011521041393
452,10.0,729,0.6611659526824951,,,0.010304597206413746
453,5.0,504,0.4573526382446289,,,0.003955630585551262
454,2.0,505,0.45386672019958496,,,0.005103261675685644
455,4.0,370,0.3469882011413574,,,0.0019178161164745688
456,11.0,1255,1.1150472164154053,,,0.008124502375721931
457,4.0,549,0.48911237716674805,,,0.00382414273917675
458,7.0,704,0.6275420188903809,,,0.0040803877636790276
459,12.0,756,0.6731956005096436,,,0.0026661334559321404
460,9.0,618,0.5546071529388428,,,0.0114590460434556
461,5.0,607,0.543494701385498,,,0.010511070489883423
462,7.0,622,0.5459308624267578,,,0.003933935426175594
463,2.0,397,0.3536961078643799,,,0.011584466323256493
464,9.0,648,0.5735340118408203,,,0.009185428731143475
465,12.0,846,0.757643461227417,,,0.006114757154136896
466,3.0,503,0.4453005790710449,,,0.008278916589915752
467,7.0,824,0.7284457683563232,,,0.011280300095677376
468,4.0,406,0.3639404773712158,,,0.008403290063142776
469,0.0,385,0.34052228927612305,,,0.004506104625761509
470,0.0,397,0.3523740768432617,,,0.0060004801489412785
471,2.0,473,0.41744041442871094,,,0.005509871989488602
472,13.0,815,0.7085659503936768,,,0.011113937944173813
473,8.0,628,0.5599169731140137,,,0.003136160783469677
474,17.0,1443,1.2608709335327148,,,0.004755870439112186
475,9.0,631,0.5576786994934082,,,0.0063202572055161
476,13.0,985,0.8594648838043213,,,0.005007149651646614
477,4.0,417,0.3722500801086426,,,0.004856152459979057
478,1.0,487,0.43042922019958496,,,0.0054962714202702045
479,8.0,745,0.6589484214782715,,,0.006898086983710527
480,7.0,623,0.5532138347625732,,,0.004702949896454811
481,8.0,770,0.6903109550476074,,,0.00287904916331172
482,7.0,603,0.5460309982299805,,,0.005789100658148527
483,3.0,523,0.47241640090942383,,,0.003275518538430333
484,4.0,471,0.424943208694458,,,0.003245152533054352
485,4.0,538,0.4841291904449463,,,0.019589200615882874
486,10.0,772,0.6917307376861572,,,0.009925497695803642
487,22.0,1101,0.9553542137145996,,,0.01051900815218687
488,8.0,725,0.6368880271911621,,,0.006575233768671751
489,8.0,709,0.6256721019744873,,,0.004677973221987486
490,9.0,755,0.6592395305633545,,,0.00608146283775568
491,6.0,677,0.5938007831573486,,,0.006503112148493528
492,6.0,650,0.5728046894073486,,,0.0017134449444711208
493,8.0,1074,0.9401311874389648,,,0.005489291623234749
494,9.0,680,0.6031820774078369,,,0.012974778190255165
495,7.0,579,0.5133984088897705,,,0.007630623877048492
496,14.0,993,0.8668210506439209,,,0.01053823996335268
497,8.0,753,0.6646378040313721,,,0.008514441549777985
498,4.0,651,0.5694875717163086,,,0.006806111894547939
499,6.0,615,0.547316312789917,,,0.006236447021365166
500,5.0,568,0.5003194808959961,,,0.0033561699092388153
501,6.0,662,0.5851967334747314,,,0.011816073209047318
502,5.0,667,0.5892620086669922,,,0.0042463866993784904
503,7.0,503,0.44258952140808105,,,0.012557754293084145
504,6.0,391,0.34758806228637695,,,0.01178183313459158
505,5.0,395,0.35243773460388184,,,0.009245730005204678
506,16.0,1015,0.8895518779754639,,,0.01267362292855978
507,8.0,703,0.6166253089904785,,,0.011996941640973091
508,6.0,395,0.3500516414642334,,,0.008947250433266163
509,4.0,453,0.4026172161102295,,,0.005584138445556164
510,8.0,538,0.47116971015930176,,,0.005980293266475201
511,5.0,510,0.4585273265838623,,,0.011320971883833408
512,15.0,835,0.7345259189605713,,,0.012218203395605087
513,12.0,1005,0.882709264755249,,,0.008966740220785141
514,6.0,605,0.5276107788085938,,,0.003052284475415945
515,12.0,982,0.8653037548065186,,,0.01287130732089281
516,3.0,381,0.3348686695098877,,,0.0048922705464065075
517,12.0,722,0.6342988014221191,,,0.011085838079452515
518,8.0,633,0.5518152713775635,,,0.005543041974306107
519,15.0,814,0.7188231945037842,,,0.01765475980937481
520,11.0,655,0.5728023052215576,,,0.0033072084188461304
521,6.0,615,0.5434424877166748,,,0.010809099301695824
522,13.0,765,0.6729693412780762,,,0.011317707598209381
523,7.0,665,0.5898563861846924,,,0.003575819544494152
524,2.0,424,0.3853793144226074,,,0.010364317335188389
525,12.0,711,0.6403729915618896,,,0.007917802780866623
526,7.0,543,0.5004928112030029,,,0.004985578823834658
527,3.0,522,0.4697914123535156,,,0.011314128525555134
528,10.0,1004,0.9008677005767822,,,0.006007280200719833
529,14.0,761,0.6806552410125732,,,0.006008279975503683
530,2.0,401,0.35343313217163086,,,0.006914802826941013
531,10.0,725,0.6393735408782959,,,0.008104514330625534
532,4.0,525,0.47623181343078613,,,0.006379700731486082
533,3.0,524,0.47031164169311523,,,0.006017470732331276
534,7.0,640,0.5626695156097412,,,0.016461936756968498
535,16.0,955,0.8353755474090576,,,0.012050303630530834
536,11.0,849,0.75881028175354,,,0.006096935831010342
537,5.0,695,0.6341073513031006,,,0.00710890581831336
538,4.0,634,0.5674619674682617,,,0.01397691573947668
539,6.0,678,0.614837646484375,,,0.005263775587081909
540,11.0,703,0.6434764862060547,,,0.0033445763401687145
541,6.0,532,0.482175350189209,,,0.014290847815573215
542,10.0,807,0.7252233028411865,,,0.0060818493366241455
543,11.0,639,0.5750744342803955,,,0.0051904721185564995
544,20.0,1183,1.0453989505767822,,,0.004648491274565458
545,9.0,779,0.6888644695281982,,,0.007736722007393837
546,4.0,545,0.4979698657989502,,,0.01623621955513954
547,6.0,615,0.5622937679290771,,,0.008070671930909157
548,4.0,469,0.42708563804626465,,,0.00459184218198061
549,18.0,1268,1.1397461891174316,,,0.004857288673520088
550,7.0,698,0.6259021759033203,,,0.003092290833592415
551,2.0,523,0.46739912033081055,,,0.014965539798140526
552,7.0,826,0.7425656318664551,,,0.008795267902314663
553,10.0,917,0.8401181697845459,,,0.004777724388986826
554,7.0,483,0.4252650737762451,,,0.007277320139110088
555,14.0,965,0.855118989944458,,,0.0028962683863937855
556,4.0,601,0.5341546535491943,,,0.010143686085939407
557,9.0,648,0.5789813995361328,,,0.003984376322478056
558,4.0,379,0.34485697746276855,,,0.023263845592737198
559,5.0,686,0.6175689697265625,,,0.006659252103418112
560,9.0,645,0.5767784118652344,,,0.005012884736061096
561,-1.0,409,0.3681910037994385,,,0.006136192008852959
562,11.0,775,0.6827356815338135,,,0.014259508810937405
563,4.0,469,0.41965794563293457,,,0.016894018277525902
564,3.0,498,0.44395017623901367,,,0.004732846282422543
565,6.0,544,0.47693753242492676,,,0.006712251342833042
566,10.0,801,0.7222392559051514,,,0.00909273698925972
567,12.0,795,0.7130112648010254,,,0.005752105265855789
568,2.0,492,0.44727635383605957,,,0.005308155901730061
569,2.0,371,0.34208011627197266,,,0.006642443593591452
570,5.0,566,0.516777753829956,,,0.005898119881749153
571,4.0,505,0.45815324783325195,,,0.005788173992186785
572,5.0,545,0.49424219131469727,,,0.009208330884575844
573,14.0,751,0.6654937267303467,,,0.005115720443427563
574,14.0,1044,0.9200472831726074,,,0.003316217102110386
575,3.0,667,0.5909109115600586,,,0.017309028655290604
576,6.0,552,0.4886660575866699,,,0.0031624981202185154
577,13.0,869,0.7721552848815918,,,0.01676732860505581
578,3.0,425,0.3791623115539551,,,0.010667648166418076
579,4.0,573,0.5134999752044678,,,0.001848100102506578
580,6.0,739,0.654111385345459,,,0.009601104073226452
581,13.0,1075,0.9554948806762695,,,0.0038123263511806726
582,6.0,891,0.8128886222839355,,,0.00696396641433239
583,9.0,981,0.8897848129272461,,,0.011522306129336357
584,3.0,583,0.5318119525909424,,,0.004378667101264
585,6.0,639,0.5785856246948242,,,0.0036722347140312195
586,9.0,683,0.6118021011352539,,,0.007408638950437307
587,12.0,905,0.8105957508087158,,,0.01347273588180542
588,17.0,917,0.8418023586273193,,,0.011287735775113106
589,7.0,772,0.7019221782684326,,,0.004043274559080601
590,15.0,877,0.780681848526001,,,0.020212579518556595
591,3.0,559,0.5077111721038818,,,0.004394968040287495
592,17.0,956,0.8613498210906982,,,0.018334886059165
593,14.0,832,0.7543492317199707,,,0.003595102345570922
594,9.0,699,0.6169998645782471,,,0.0035402984358370304
595,3.0,409,0.3690922260284424,,,0.00543404882773757
596,1.0,347,0.3087947368621826,,,0.01955457217991352
597,3.0,514,0.4618186950683594,,,0.0038211296778172255
598,7.0,787,0.6932964324951172,,,0.006500285118818283
599,11.0,751,0.6646139621734619,,,0.00926620326936245
600,6.0,521,0.47166919708251953,,,0.005886701866984367
601,2.0,404,0.357619047164917,,,0.00437425309792161
602,3.0,621,0.552311897277832,,,0.009172718040645123
603,16.0,965,0.8676364421844482,,,0.004456131719052792
604,7.0,503,0.45531201362609863,,,0.009672173298895359
605,10.0,658,0.5899412631988525,,,0.009270159527659416
606,15.0,1039,0.9367382526397705,,,0.00557309202849865
607,8.0,619,0.5728738307952881,,,0.005509688053280115
608,9.0,927,0.8406283855438232,,,0.014413215219974518
609,8.0,561,0.506561279296875,,,0.00497469212859869
610,7.0,562,0.5045287609100342,,,0.011959696188569069
611,9.0,827,0.7374560832977295,,,0.008476655930280685
612,8.0,735,0.6527578830718994,,,0.00468458142131567
613,16.0,953,0.8446011543273926,,,0.005171629600226879
614,12.0,1105,0.992973804473877,,,0.015365151688456535
615,11.0,650,0.6042003631591797,,,0.019086778163909912
616,1.0,423,0.38199448585510254,,,0.009224709123373032
617,13.0,815,0.724733829498291,,,0.02124973200261593
618,13.0,839,0.7563371658325195,,,0.007769126445055008
619,13.0,725,0.6506052017211914,,,0.004776205867528915
620,7.0,596,0.5320789813995361,,,0.007612410932779312
621,7.0,717,0.6466670036315918,,,0.009646783582866192
622,5.0,494,0.44420742988586426,,,0.009572232142090797
623,8.0,629,0.5646328926086426,,,0.005012792535126209
624,7.0,721,0.6439201831817627,,,0.005214999429881573
625,6.0,608,0.5443699359893799,,,0.003981086425483227
626,20.0,1124,0.9892220497131348,,,0.007353790104389191
627,1.0,393,0.3540644645690918,,,0.006480086594820023
628,21.0,946,0.8526840209960938,,,0.00886848196387291
629,12.0,955,0.8667576313018799,,,0.008291887119412422
630,6.0,571,0.5259678363800049,,,0.011036873795092106
631,13.0,909,0.8153557777404785,,,0.006836514454334974
632,7.0,581,0.527637243270874,,,0.008405680768191814
633,10.0,829,0.758737325668335,,,0.0059619019739329815
634,6.0,585,0.5315210819244385,,,0.010084455832839012
635,7.0,643,0.577462911605835,,,0.014985826797783375
636,18.0,1237,1.098207712173462,,,0.008762186393141747
637,9.0,657,0.5962088108062744,,,0.005177992861717939
638,18.0,1038,0.9357593059539795,,,0.006699569057673216
639,3.0,547,0.4868130683898926,,,0.003744051093235612
640,6.0,500,0.44800639152526855,,,0.009126517921686172
641,5.0,544,0.49086642265319824,,,0.0042521534487605095
642,5.0,706,0.6265523433685303,,,0.011518317274749279
643,11.0,715,0.6537327766418457,,,0.008824918419122696
644,5.0,537,0.4900531768798828,,,0.009735849685966969
645,13.0,836,0.7594549655914307,,,0.0053803157061338425
646,12.0,953,0.871776819229126,,,0.010913833975791931
647,9.0,773,0.703493595123291,,,0.0028849453665316105
648,7.0,641,0.5961062908172607,,,0.007260386366397142
649,18.0,957,0.8653597831726074,,,0.003837224096059799
650,6.0,597,0.5494120121002197,,,0.007690543308854103
651,5.0,645,0.5788528919219971,,,0.018282262608408928
652,3.0,523,0.4781520366668701,,,0.002262204186990857
653,15.0,836,0.7434101104736328,,,0.009157462045550346
654,11.0,663,0.5960891246795654,,,0.009627399034798145
655,2.0,386,0.344832181930542,,,0.0037601888179779053
656,9.0,655,0.5968239307403564,,,0.006703592371195555
657,18.0,1053,0.9575247764587402,,,0.005086482968181372
658,-1.0,606,0.5490529537200928,,,0.006962055340409279
659,12.0,799,0.7200701236724854,,,0.0059976521879434586
660,7.0,625,0.5623400211334229,,,0.007398427464067936
661,5.0,711,0.6496765613555908,,,0.004933210089802742
662,9.0,691,0.6211435794830322,,,0.003982660360634327
663,4.0,609,0.5549497604370117,,,0.004426062107086182
664,2.0,367,0.3320193290710449,,,0.011888574808835983
665,7.0,653,0.5863037109375,,,0.009790497832000256
666,5.0,555,0.5018723011016846,,,0.01904984936118126
667,9.0,645,0.5873558521270752,,,0.008513348177075386
668,18.0,1085,0.9818692207336426,,,0.008672622963786125
669,12.0,983,0.8906209468841553,,,0.011739978566765785
670,6.0,565,0.511552095413208,,,0.0026307813823223114
671,7.0,577,0.5318732261657715,,,0.008103382773697376
672,6.0,478,0.4434833526611328,,,0.00752301886677742
673,10.0,799,0.7323606014251709,,,0.004454701207578182
674,12.0,620,0.5622498989105225,,,0.017743540927767754
675,5.0,525,0.4825921058654785,,,0.015241263434290886
676,11.0,562,0.5117690563201904,,,0.003588415216654539
677,9.0,775,0.7043242454528809,,,0.008174082264304161
678,2.0,388,0.3550896644592285,,,0.007040182128548622
679,2.0,389,0.356093168258667,,,0.0052787140011787415
680,0.0,401,0.3675696849822998,,,0.00924178957939148
681,14.0,893,0.8037395477294922,,,0.0037282800767570734
682,13.0,561,0.5129129886627197,,,0.009967368096113205
683,3.0,396,0.36974143981933594,,,0.005690694320946932
684,3.0,543,0.5062429904937744,,,0.016230816021561623
685,7.0,597,0.5386762619018555,,,0.013052687980234623
686,1.0,349,0.3207571506500244,,,0.005735183134675026
687,20.0,1174,1.071718692779541,,,0.00452071987092495
688,12.0,797,0.7199544906616211,,,0.003375479718670249
689,6.0,538,0.48957204818725586,,,0.011479473672807217
690,5.0,533,0.4770028591156006,,,0.004547175019979477
691,11.0,710,0.6466703414916992,,,0.0115578044205904
692,7.0,527,0.47927260398864746,,,0.006263667717576027
693,7.0,617,0.560046911239624,,,0.009747060015797615
694,9.0,635,0.5840659141540527,,,0.0066324518993496895
695,12.0,944,0.8540799617767334,,,0.005589652806520462
696,12.0,961,0.8627150058746338,,,0.007116436492651701
697,10.0,730,0.6658053398132324,,,0.008880244567990303
698,14.0,919,0.8272924423217773,,,0.013754335232079029
699,12.0,1187,1.0686676502227783,,,0.013044447638094425
700,8.0,713,0.6402018070220947,,,0.010978084988892078
701,9.0,671,0.6006362438201904,,,0.006387026980519295
702,3.0,455,0.41356754302978516,,,0.01151946559548378
703,5.0,400,0.36284923553466797,,,0.01022242195904255
704,10.0,958,0.8649277687072754,,,0.004017700906842947
705,12.0,927,0.8332159519195557,,,0.006503712385892868
706,7.0,587,0.5292348861694336,,,0.024605438113212585
707,15.0,767,0.6950268745422363,,,0.007659699767827988
708,14.0,1027,0.9207010269165039,,,0.0076575204730033875
709,6.0,635,0.5804212093353271,,,0.006450640968978405
710,10.0,779,0.7021152973175049,,,0.005134384613484144
711,13.0,681,0.6124746799468994,,,0.003707593772560358
712,17.0,1029,0.922907829284668,,,0.00506167858839035
713,5.0,543,0.49025583267211914,,,0.003933900035917759
714,4.0,387,0.34869933128356934,,,0.007315993309020996
715,12.0,846,0.7673990726470947,,,0.022268887609243393
716,7.0,541,0.5018558502197266,,,0.004062972031533718
717,15.0,1033,0.9313807487487793,,,0.02064303122460842
718,13.0,809,0.7298657894134521,,,0.006383590400218964
719,5.0,513,0.46439361572265625,,,0.009550826624035835
720,8.0,513,0.46543097496032715,,,0.009280640631914139
721,9.0,646,0.5856931209564209,,,0.011420829221606255
722,3.0,403,0.3699972629547119,,,0.007578401826322079
723,4.0,531,0.4830913543701172,,,0.006292986683547497
724,13.0,791,0.7106318473815918,,,0.012201223522424698
725,17.0,886,0.7947957515716553,,,0.005481574684381485
726,8.0,578,0.5192162990570068,,,0.0068538496270775795
727,6.0,470,0.4254755973815918,,,0.004700700752437115
728,8.0,463,0.43038296699523926,,,0.006065880414098501
729,8.0,517,0.48082947731018066,,,0.004974225535988808
730,0.0,381,0.3526122570037842,,,0.008428538218140602
731,7.0,603,0.5527808666229248,,,0.005487972870469093
732,8.0,788,0.7174057960510254,,,0.009147260338068008
733,5.0,447,0.4096529483795166,,,0.006642409600317478
734,4.0,416,0.3778951168060303,,,0.011759670451283455
735,2.0,384,0.34373950958251953,,,0.0030992943793535233
736,4.0,371,0.3351287841796875,,,0.014239158481359482
737,5.0,387,0.35256338119506836,,,0.006420675665140152
738,2.0,531,0.48165345191955566,,,0.011648952960968018
739,6.0,656,0.6114206314086914,,,0.005616304464638233
740,13.0,782,0.7319533824920654,,,0.005727909505367279
741,3.0,594,0.550786018371582,,,0.009707840159535408
742,3.0,476,0.45012712478637695,,,0.005234296899288893
743,9.0,616,0.5638613700866699,,,0.006402491591870785
744,5.0,530,0.49004244804382324,,,0.006096117198467255
745,6.0,497,0.46321702003479004,,,0.010345099493861198
746,25.0,1496,1.3378851413726807,,,0.005638160742819309
747,10.0,717,0.6423671245574951,,,0.0162756759673357
748,6.0,400,0.3627285957336426,,,0.005249549634754658
749,3.0,457,0.42343854904174805,,,0.004704802297055721
750,11.0,776,0.6991362571716309,,,0.013770127668976784
751,17.0,945,0.8452842235565186,,,0.002820273395627737
752,9.0,745,0.6791496276855469,,,0.01133272796869278
753,9.0,573,0.5409717559814453,,,0.004806289914995432
754,15.0,820,0.7339658737182617,,,0.005501003470271826
755,14.0,919,0.8175716400146484,,,0.015102758072316647
756,13.0,923,0.8151214122772217,,,0.008691787719726562
757,10.0,789,0.7023839950561523,,,0.007819237187504768
758,6.0,602,0.5443980693817139,,,0.010625572875142097
759,4.0,625,0.5689966678619385,,,0.005090894643217325
760,10.0,753,0.6889111995697021,,,0.005975361447781324
761,15.0,924,0.8365702629089355,,,0.006998946890234947
762,7.0,589,0.5419230461120605,,,0.007780849002301693
763,10.0,794,0.7187354564666748,,,0.024433910846710205
764,8.0,554,0.5100164413452148,,,0.020903846248984337
765,4.0,521,0.48363399505615234,,,0.008927393704652786
766,14.0,907,0.8512907028198242,,,0.004667824134230614
767,7.0,521,0.48804569244384766,,,0.008397323079407215
768,4.0,493,0.4602200984954834,,,0.01410384476184845
769,4.0,506,0.47252345085144043,,,0.009408224374055862
770,4.0,555,0.5084915161132812,,,0.006100078113377094
771,9.0,817,0.7545204162597656,,,0.0051070088520646095
772,9.0,641,0.5961289405822754,,,0.010703697800636292
773,6.0,463,0.4453885555267334,,,0.006156906485557556
774,7.0,480,0.45298314094543457,,,0.004368637688457966
775,5.0,485,0.44666099548339844,,,0.06557723879814148
776,6.0,518,0.47507667541503906,,,0.00736791267991066
777,6.0,453,0.41715002059936523,,,0.0067788781598210335
778,4.0,506,0.4649198055267334,,,0.008207143284380436
779,4.0,531,0.4940929412841797,,,0.015946339815855026
780,4.0,537,0.4938850402832031,,,0.004296972882002592
781,6.0,554,0.5026199817657471,,,0.008342140354216099
782,8.0,565,0.5114178657531738,,,0.003635161090642214
783,3.0,387,0.3668375015258789,,,0.004898213315755129
784,9.0,619,0.5784690380096436,,,0.009357184171676636
785,7.0,586,0.5405299663543701,,,0.011717746965587139
786,10.0,790,0.7293920516967773,,,0.005269416607916355
787,8.0,727,0.6657147407531738,,,0.009491891600191593
788,11.0,785,0.708916425704956,,,0.0033132832031697035
789,3.0,374,0.3438377380371094,,,0.014062687754631042
790,16.0,929,0.8508894443511963,,,0.006710898131132126
791,8.0,672,0.6066417694091797,,,0.012629067525267601
792,9.0,704,0.6482760906219482,,,0.00842602550983429
793,12.0,715,0.6586716175079346,,,0.007961270399391651
794,11.0,709,0.6420106887817383,,,0.012325862422585487
795,8.0,673,0.6111068725585938,,,0.007212433498352766
796,4.0,403,0.3618319034576416,,,0.003170073963701725
797,6.0,566,0.5179338455200195,,,0.005992609076201916
798,9.0,547,0.5010702610015869,,,0.04072902351617813
799,2.0,361,0.33081769943237305,,,0.019641250371932983
800,7.0,495,0.4565756320953369,,,0.011272222734987736
801,0.0,431,0.390047550201416,,,0.004527819808572531
802,7.0,545,0.5121088027954102,,,0.03140098601579666
803,11.0,783,0.7115368843078613,,,0.009633773006498814
804,7.0,553,0.5056958198547363,,,0.01195393968373537
805,6.0,512,0.4649670124053955,,,0.018014535307884216
806,2.0,455,0.41587114334106445,,,0.010765847750008106
807,8.0,669,0.6118850708007812,,,0.0063058678060770035
808,14.0,888,0.802300214767456,,,0.006221321411430836
809,17.0,1027,0.9348058700561523,,,0.013392351567745209
810,3.0,531,0.4863142967224121,,,0.006204034201800823
811,5.0,577,0.5303993225097656,,,0.011792857199907303
812,7.0,519,0.4839191436767578,,,0.00474061444401741
813,0.0,464,0.43439364433288574,,,0.008051080629229546
814,12.0,845,0.7747905254364014,,,0.006725342944264412
815,5.0,590,0.54543137550354,,,0.0034425584599375725
816,10.0,731,0.6679933071136475,,,0.010860052891075611
817,6.0,489,0.4555046558380127,,,0.00797772966325283
818,7.0,607,0.5627224445343018,,,0.03511298447847366
819,9.0,579,0.5279369354248047,,,0.006574197672307491
820,3.0,566,0.5152761936187744,,,0.005333438515663147
821,17.0,1052,1.013169765472412,,,0.010460592806339264
822,10.0,741,0.6746633052825928,,,0.006145448423922062
823,4.0,559,0.504680871963501,,,0.007552049122750759
824,9.0,558,0.5067939758300781,,,0.01054378505796194
825,7.0,507,0.467740535736084,,,0.005658379755914211
826,5.0,525,0.49071502685546875,,,0.004382221028208733
827,5.0,399,0.3937382698059082,,,0.004968718625605106
828,21.0,1057,0.9711461067199707,,,0.00884733535349369
829,9.0,733,0.6964404582977295,,,0.008605817332863808
830,16.0,1080,0.9910774230957031,,,0.004970627836883068
831,9.0,639,0.5834445953369141,,,0.007775894366204739
832,9.0,639,0.5873208045959473,,,0.0041803158819675446
833,3.0,545,0.5156369209289551,,,0.01960667409002781
834,5.0,681,0.6428606510162354,,,0.009821495972573757
835,9.0,617,0.606590986251831,,,0.007090592756867409
836,7.0,533,0.5302643775939941,,,0.00800375733524561
837,7.0,497,0.48499536514282227,,,0.0054817600175738335
838,10.0,653,0.6204361915588379,,,0.006323643960058689
839,7.0,624,0.5870532989501953,,,0.005431028548628092
840,17.0,851,0.820749044418335,,,0.004651762545108795
841,4.0,519,0.5574123859405518,,,0.005299053154885769
842,6.0,580,0.5468654632568359,,,0.00542951375246048
843,10.0,651,0.6133942604064941,,,0.012741434387862682
844,14.0,875,0.8078019618988037,,,0.004463139921426773
845,3.0,597,0.5666189193725586,,,0.008912794291973114
846,10.0,671,0.6446948051452637,,,0.004732472822070122
847,9.0,653,0.6517751216888428,,,0.014240513555705547
848,8.0,613,0.5769462585449219,,,0.004487249068915844
849,7.0,588,0.557349681854248,,,0.008835580199956894
850,11.0,763,0.7493431568145752,,,0.007117341738194227
851,11.0,739,0.6960291862487793,,,0.03161194548010826
852,9.0,745,0.6902618408203125,,,0.00891088042408228
853,6.0,592,0.5802593231201172,,,0.004329425282776356
854,20.0,827,0.7637038230895996,,,0.009711701422929764
855,9.0,513,0.4792609214782715,,,0.015904219821095467
856,8.0,632,0.5786271095275879,,,0.0042701419442892075
857,5.0,573,0.5377683639526367,,,0.00418764166533947
858,1.0,395,0.371417760848999,,,0.0045150103978812695
859,11.0,697,0.6667425632476807,,,0.01003941148519516
860,5.0,572,0.5311503410339355,,,0.006925680674612522
861,16.0,1069,0.9953866004943848,,,0.004995744209736586
862,8.0,617,0.5787584781646729,,,0.009478879161179066
863,13.0,1084,1.0278477668762207,,,0.004245885647833347
864,14.0,797,0.777740478515625,,,0.009123200550675392
865,9.0,537,0.5015342235565186,,,0.011521373875439167
866,5.0,649,0.5935194492340088,,,0.026981452479958534
867,15.0,873,0.7950427532196045,,,0.007042198907583952
868,8.0,539,0.496931791305542,,,0.004188924096524715
869,14.0,782,0.7254893779754639,,,0.007076834328472614
870,7.0,704,0.6695446968078613,,,0.004879362881183624
871,9.0,554,0.5331389904022217,,,0.0066442061215639114
872,7.0,517,0.4725210666656494,,,0.008878730237483978
873,2.0,511,0.5101737976074219,,,0.0030662203207612038
874,8.0,569,0.5400879383087158,,,0.0212088730186224
875,4.0,521,0.49312305450439453,,,0.008140827529132366
876,9.0,669,0.6333348751068115,,,0.00709199532866478
877,8.0,588,0.5558590888977051,,,0.003961431328207254
878,12.0,1013,0.9504284858703613,,,0.0065996237099170685
879,22.0,1234,1.142822265625,,,0.0048883333802223206
880,6.0,641,0.602473258972168,,,0.014757223427295685
881,21.0,1229,1.1778476238250732,,,0.008942920714616776
882,9.0,761,0.7126460075378418,,,0.007249596994370222
883,11.0,679,0.6427483558654785,,,0.006623075809329748
884,5.0,492,0.4666728973388672,,,0.0048035853542387486
885,13.0,925,0.8732438087463379,,,0.0031325456220656633
886,17.0,999,0.9301629066467285,,,0.005718540400266647
887,14.0,867,0.8722543716430664,,,0.0166480615735054
888,23.0,1336,1.326392650604248,,,0.005270615220069885
889,13.0,837,0.8639204502105713,,,0.010222014039754868
890,15.0,898,0.8551225662231445,,,0.019994284957647324
891,6.0,468,0.4480738639831543,,,0.004338636063039303
892,6.0,388,0.36829280853271484,,,0.003469523973762989
893,9.0,624,0.6052069664001465,,,0.011309454217553139
894,7.0,718,0.6777584552764893,,,0.011737851426005363
895,11.0,697,0.6719081401824951,,,0.005372760817408562
896,16.0,1212,1.1580266952514648,,,0.013894401490688324
897,12.0,841,0.8347036838531494,,,0.006199502386152744
898,9.0,677,0.721381425857544,,,0.035593654960393906
899,5.0,514,0.5340921878814697,,,0.007556484546512365
900,7.0,676,0.6996572017669678,,,0.009371781721711159
901,22.0,1155,1.2116737365722656,,,0.006420208606868982
902,7.0,508,0.4933891296386719,,,0.007561767473816872
903,14.0,1039,1.0028576850891113,,,0.03462274745106697
904,7.0,675,0.6623170375823975,,,0.006406222935765982
905,9.0,641,0.623406171798706,,,0.009364496916532516
906,6.0,545,0.5121591091156006,,,0.0031164202373474836
907,5.0,646,0.5992414951324463,,,0.012629233300685883
908,4.0,407,0.3900306224822998,,,0.006558430381119251
909,4.0,541,0.5267553329467773,,,0.00990193523466587
910,10.0,675,0.6340382099151611,,,0.010026946663856506
911,3.0,371,0.3576369285583496,,,0.004765656311064959
912,13.0,879,0.8207144737243652,,,0.012820537202060223
913,15.0,870,0.8248536586761475,,,0.00544889597222209
914,12.0,877,0.8269760608673096,,,0.007187194190919399
915,12.0,729,0.7025811672210693,,,0.009149862453341484
916,6.0,517,0.486238956451416,,,0.011047854088246822
917,2.0,529,0.5132050514221191,,,0.008234653621912003
918,9.0,698,0.6455917358398438,,,0.006771359592676163
919,7.0,564,0.5211141109466553,,,0.009767104871571064
920,25.0,1035,0.9374535083770752,,,0.008307184092700481
921,13.0,825,0.7620353698730469,,,0.005896618124097586
922,17.0,1059,0.9945714473724365,,,0.0057849036529660225
923,10.0,795,0.7799334526062012,,,0.02041487954556942
924,7.0,554,0.5599720478057861,,,0.006312455050647259
925,11.0,714,0.7717757225036621,,,0.007817847654223442
926,8.0,647,0.6789672374725342,,,0.008338412269949913
927,10.0,821,0.8115756511688232,,,0.017419151961803436
928,15.0,845,0.8460466861724854,,,0.008013824932277203
929,13.0,883,0.858837366104126,,,0.008431315422058105
930,9.0,823,0.7740085124969482,,,0.008152700960636139
931,7.0,404,0.38671112060546875,,,0.009755712002515793
932,20.0,993,0.936758279800415,,,0.024228984490036964
933,5.0,521,0.502342700958252,,,0.008604602888226509
934,11.0,743,0.7032654285430908,,,0.004616292659193277
935,18.0,1007,0.9535439014434814,,,0.009503481909632683
936,12.0,900,0.8551347255706787,,,0.006804879754781723
937,9.0,669,0.6343886852264404,,,0.01680372841656208
938,11.0,686,0.6707272529602051,,,0.009166983887553215
939,4.0,548,0.5409371852874756,,,0.02242720127105713
940,6.0,519,0.49711132049560547,,,0.01681090146303177
941,7.0,576,0.5494785308837891,,,0.012475619092583656
942,18.0,984,0.9439730644226074,,,0.012628184631466866
943,28.0,1420,1.335749626159668,,,0.004521173425018787
944,2.0,399,0.4070868492126465,,,0.005630990490317345
945,2.0,449,0.4343531131744385,,,0.007909940555691719
946,9.0,559,0.5340938568115234,,,0.006313623394817114
947,7.0,624,0.6052992343902588,,,0.01025800034403801
948,7.0,542,0.5270304679870605,,,0.007838806137442589
949,10.0,928,0.8757297992706299,,,0.00690738670527935
950,1.0,321,0.3120706081390381,,,0.007513002958148718
951,5.0,616,0.6031651496887207,,,0.00828396063297987
952,3.0,432,0.4200289249420166,,,0.007613614667207003
953,13.0,770,0.7428073883056641,,,0.010174243710935116
954,7.0,486,0.46564245223999023,,,0.010147681459784508
955,19.0,1036,0.9838595390319824,,,0.005599193274974823
956,11.0,785,0.7403421401977539,,,0.006457916460931301
957,10.0,1163,1.1142494678497314,,,0.006026940420269966
958,11.0,781,0.7563793659210205,,,0.005931468680500984
959,6.0,612,0.5817868709564209,,,0.006235533859580755
960,13.0,843,0.7985794544219971,,,0.0034839475993067026
961,5.0,519,0.4971749782562256,,,0.009558076970279217
962,5.0,521,0.4991731643676758,,,0.012097079306840897
963,2.0,531,0.5128467082977295,,,0.007077191025018692
964,13.0,982,0.9224038124084473,,,0.006666511297225952
965,10.0,686,0.6602237224578857,,,0.005625199526548386
966,12.0,785,0.753699779510498,,,0.009530153125524521
967,9.0,861,0.8301172256469727,,,0.007431246340274811
968,14.0,929,0.890873908996582,,,0.005200039595365524
969,8.0,666,0.6493196487426758,,,0.005188897252082825
970,9.0,614,0.5907371044158936,,,0.006807368714362383
971,23.0,1066,1.0104074478149414,,,0.005153302103281021
972,20.0,967,0.9247269630432129,,,0.0228301789611578
973,6.0,543,0.51474928855896,,,0.014388253912329674
974,13.0,948,0.9088835716247559,,,0.006988225504755974
975,6.0,685,0.6525776386260986,,,0.005618971772491932
976,13.0,793,0.7529406547546387,,,0.01385790016502142
977,8.0,529,0.5064537525177002,,,0.00897230114787817
978,5.0,517,0.4898412227630615,,,0.008088791742920876
979,13.0,847,0.8171412944793701,,,0.010030822828412056
980,8.0,698,0.6760637760162354,,,0.008446522057056427
981,3.0,457,0.43273425102233887,,,0.017893066629767418
982,5.0,501,0.49465036392211914,,,0.009067953564226627
983,14.0,731,0.707524299621582,,,0.004430921748280525
984,6.0,694,0.6690537929534912,,,0.006798919755965471
985,6.0,538,0.5099613666534424,,,0.022845754399895668
986,11.0,788,0.7507822513580322,,,0.0057847760617733
987,14.0,1011,0.9563839435577393,,,0.005907452665269375
988,13.0,735,0.6993889808654785,,,0.009562864899635315
989,9.0,752,0.7246854305267334,,,0.004599321633577347
990,21.0,1173,1.1136162281036377,,,0.008390996605157852
991,11.0,689,0.6461615562438965,,,0.01560145616531372
992,10.0,837,0.7669374942779541,,,0.0076064541935920715
993,7.0,519,0.4888150691986084,,,0.006293810438364744
994,5.0,555,0.5375878810882568,,,0.006108390167355537
995,7.0,698,0.6859772205352783,,,0.005016982555389404
996,9.0,751,0.733870267868042,,,0.008511777967214584
997,18.0,885,0.8399412631988525,,,0.012026330456137657
998,4.0,575,0.5376358032226562,,,0.008538087829947472
999,11.0,755,0.7286250591278076,,,0.008887859992682934
1000,9.0,688,0.6496834754943848,,,0.009108386933803558
1001,12.0,769,0.7298774719238281,,,0.014021976850926876
1002,10.0,713,0.672011137008667,,,0.007056116126477718
1003,5.0,558,0.5338039398193359,,,0.011998485773801804
1004,14.0,893,0.8347907066345215,,,0.006001112051308155
1005,13.0,893,0.8377385139465332,,,0.01069580391049385
1006,9.0,508,0.4696338176727295,,,0.008919469080865383
1007,9.0,591,0.5604941844940186,,,0.007398526184260845
1008,20.0,922,0.864586591720581,,,0.00793079100549221
1009,16.0,1027,0.9688794612884521,,,0.005208973772823811
1010,17.0,1096,1.0034232139587402,,,0.012129725888371468
1011,18.0,1147,1.0448803901672363,,,0.017757704481482506
1012,18.0,850,0.8007290363311768,,,0.008527482859790325
1013,9.0,705,0.668055534362793,,,0.007317648269236088
1014,17.0,880,0.8258006572723389,,,0.006694340147078037
1015,14.0,917,0.8577861785888672,,,0.006397044751793146
1016,5.0,497,0.46283841133117676,,,0.008911601267755032
1017,9.0,660,0.6103887557983398,,,0.010069162584841251
1018,16.0,1101,1.0113747119903564,,,0.008061697706580162
1019,5.0,489,0.45174098014831543,,,0.015428688377141953
1020,5.0,511,0.4681723117828369,,,0.006001971662044525
1021,10.0,645,0.5981905460357666,,,0.014793398790061474
1022,8.0,814,0.7482190132141113,,,0.029126865789294243
1023,14.0,872,0.800922155380249,,,0.008641786873340607
1024,10.0,799,0.7247788906097412,,,0.010744248516857624
1025,6.0,423,0.39798402786254883,,,0.010249107144773006
1026,26.0,1201,1.1005759239196777,,,0.007074661552906036
1027,7.0,630,0.590155839920044,,,0.005621959455311298
1028,9.0,734,0.6756064891815186,,,0.006888473406434059
1029,18.0,1005,0.9227044582366943,,,0.017142044380307198
1030,8.0,601,0.5615594387054443,,,0.010749062523245811
1031,14.0,689,0.6392679214477539,,,0.00899228174239397
1032,9.0,681,0.6296136379241943,,,0.010966058820486069
1033,12.0,719,0.6697909832000732,,,0.008434735238552094
1034,5.0,514,0.478320837020874,,,0.004659154452383518
1035,7.0,725,0.6705029010772705,,,0.011649148538708687
1036,9.0,488,0.4486219882965088,,,0.005144704133272171
1037,10.0,675,0.6300535202026367,,,0.007607288658618927
1038,19.0,994,0.9094657897949219,,,0.01365051418542862
1039,9.0,785,0.7295150756835938,,,0.006301783490926027
1040,8.0,703,0.6556787490844727,,,0.006348778493702412
1041,16.0,930,0.861433744430542,,,0.02057262696325779
1042,10.0,778,0.7258548736572266,,,0.00895114429295063
1043,10.0,720,0.6753599643707275,,,0.009390661492943764
1044,8.0,523,0.49408793449401855,,,0.006543263327330351
1045,9.0,719,0.6823279857635498,,,0.007355869747698307
1046,23.0,776,0.7426702976226807,,,0.011246751993894577
1047,22.0,1181,1.1124217510223389,,,0.00665607675909996
1048,14.0,969,0.9019331932067871,,,0.0050420514307916164
1049,5.0,498,0.4690134525299072,,,0.0033436897210776806
1050,6.0,551,0.5086896419525146,,,0.011246902868151665
1051,12.0,727,0.685983419418335,,,0.006518745794892311
1052,21.0,873,0.8177945613861084,,,0.009091278538107872
1053,14.0,895,0.8383455276489258,,,0.011428296566009521
1054,11.0,692,0.6523513793945312,,,0.012432369403541088
1055,17.0,865,0.8106908798217773,,,0.005846613086760044
1056,7.0,681,0.6545495986938477,,,0.008658159524202347
1057,9.0,649,0.6106109619140625,,,0.007991579361259937
1058,16.0,1100,1.0296845436096191,,,0.01002391055226326
1059,23.0,1291,1.2076354026794434,,,0.0070637851022183895
1060,12.0,817,0.7689328193664551,,,0.0062638260424137115
1061,13.0,873,0.8084044456481934,,,0.009119760245084763
1062,17.0,861,0.7929410934448242,,,0.007142779417335987
1063,20.0,1183,1.0931706428527832,,,0.01639275625348091
1064,14.0,974,0.9265484809875488,,,0.015363199636340141
1065,14.0,871,0.8346130847930908,,,0.012869736179709435
1066,30.0,1543,1.4159269332885742,,,0.009844870306551456
1067,22.0,1074,0.9965953826904297,,,0.011843100190162659
1068,22.0,1409,1.3022689819335938,,,0.018154408782720566
1069,13.0,783,0.7367956638336182,,,0.012494316324591637
1070,12.0,723,0.6750202178955078,,,0.009327546693384647
1071,27.0,1217,1.1504809856414795,,,0.009572945535182953
1072,13.0,752,0.7008616924285889,,,0.007397893816232681
1073,14.0,901,0.8497145175933838,,,0.0095599927008152
1074,7.0,506,0.47230982780456543,,,0.03188066557049751
1075,11.0,640,0.6130208969116211,,,0.011226051487028599
1076,6.0,758,0.7116644382476807,,,0.01393970474600792
1077,13.0,825,0.7900598049163818,,,0.006989684887230396
1078,16.0,854,0.7961883544921875,,,0.009420432150363922
1079,20.0,833,0.7719297409057617,,,0.007597761694341898
1080,14.0,1024,0.9532034397125244,,,0.004277186468243599
1081,23.0,1117,1.0539121627807617,,,0.010997600853443146
1082,11.0,703,0.667449951171875,,,0.009483599103987217
1083,7.0,590,0.551607608795166,,,0.013996565714478493
1084,5.0,523,0.496793270111084,,,0.01525514293462038
1085,8.0,629,0.6059715747833252,,,0.01721026748418808
1086,9.0,814,0.7519779205322266,,,0.01139354333281517
1087,14.0,1066,0.9989888668060303,,,0.006857778411358595
1088,9.0,653,0.6183679103851318,,,0.008494851179420948
1089,18.0,921,0.8634345531463623,,,0.015410922467708588
1090,9.0,691,0.6495387554168701,,,0.0075260852463543415
1091,12.0,755,0.7102580070495605,,,0.014793249778449535
1092,12.0,631,0.5989565849304199,,,0.00794173777103424
1093,18.0,917,0.8739736080169678,,,0.007066122256219387
1094,21.0,1032,0.9800093173980713,,,0.011229906231164932
1095,17.0,1024,0.9585716724395752,,,0.012528051622211933
1096,10.0,625,0.5926964282989502,,,0.008287815377116203
1097,5.0,501,0.47876977920532227,,,0.013999592512845993
1098,13.0,901,0.8490269184112549,,,0.010756947100162506
1099,3.0,388,0.3688230514526367,,,0.009290889836847782
1100,22.0,1209,1.1425023078918457,,,0.016436917707324028
1101,8.0,607,0.5835020542144775,,,0.01079871878027916
1102,21.0,857,0.7916922569274902,,,0.005785943008959293
1103,10.0,624,0.5821287631988525,,,0.01161933783441782
1104,15.0,1016,0.942328691482544,,,0.006245759315788746
1105,20.0,1378,1.2969746589660645,,,0.009968142956495285
1106,15.0,775,0.738863468170166,,,0.006117461249232292
1107,22.0,1117,1.0684773921966553,,,0.014963552355766296
1108,15.0,1061,0.9903726577758789,,,0.012958725914359093
1109,15.0,851,0.7956094741821289,,,0.017586981877684593
1110,19.0,1209,1.1308865547180176,,,0.011027181521058083
1111,6.0,518,0.49295926094055176,,,0.011353290639817715
1112,9.0,689,0.6500849723815918,,,0.008182263001799583
1113,10.0,657,0.6220905780792236,,,0.013995781540870667
1114,8.0,629,0.5959439277648926,,,0.014270083978772163
1115,6.0,664,0.6253306865692139,,,0.010737251490354538
1116,9.0,652,0.6141951084136963,,,0.0690884217619896
1117,12.0,745,0.7035501003265381,,,0.010053667239844799
1118,9.0,640,0.612205982208252,,,0.009481783956289291
1119,6.0,584,0.5538027286529541,,,0.007653761655092239
1120,15.0,799,0.7538690567016602,,,0.010842937044799328
1121,11.0,688,0.6454071998596191,,,0.013859034515917301
1122,11.0,581,0.553596019744873,,,0.039652660489082336
1123,1.0,537,0.5048882961273193,,,0.012923311442136765
1124,7.0,559,0.5260212421417236,,,0.012425342574715614
1125,14.0,899,0.8641984462738037,,,0.005681190639734268
1126,7.0,669,0.6392397880554199,,,0.00998778361827135
1127,15.0,832,0.7714874744415283,,,0.00651929248124361
1128,8.0,604,0.5664479732513428,,,0.011823611333966255
1129,14.0,755,0.7121357917785645,,,0.009725062176585197
1130,9.0,716,0.6891798973083496,,,0.006896262522786856
1131,10.0,636,0.5981323719024658,,,0.006268725264817476
1132,19.0,907,0.8577806949615479,,,0.02742469124495983
1133,10.0,755,0.7033605575561523,,,0.00947282649576664
1134,21.0,1121,1.0425333976745605,,,0.009170543402433395
1135,20.0,1202,1.117706060409546,,,0.0079861581325531
1136,9.0,633,0.6050491333007812,,,0.010169558227062225
1137,11.0,759,0.7201516628265381,,,0.010683699510991573
1138,14.0,784,0.7524614334106445,,,0.008389530703425407
1139,8.0,719,0.6803481578826904,,,0.012549413368105888
1140,17.0,1018,0.9570434093475342,,,0.01592881791293621
1141,6.0,673,0.6462726593017578,,,0.007155262865126133
1142,15.0,1183,1.1132066249847412,,,0.011806934140622616
1143,18.0,876,0.814084529876709,,,0.009824056178331375
1144,9.0,631,0.5946249961853027,,,0.016016744077205658
1145,17.0,1068,0.9986364841461182,,,0.007475781720131636
1146,14.0,817,0.7674274444580078,,,0.015613928437232971
1147,11.0,699,0.6509237289428711,,,0.041457727551460266
1148,7.0,775,0.7278382778167725,,,0.011027831584215164
1149,6.0,648,0.6076617240905762,,,0.006179003976285458
1150,12.0,623,0.5847272872924805,,,0.014090722426772118
1151,24.0,919,0.8766307830810547,,,0.01562941074371338
1152,3.0,515,0.4934577941894531,,,0.012168781831860542
1153,4.0,659,0.6207544803619385,,,0.010716578923165798
1154,17.0,924,0.8738992214202881,,,0.01028895378112793
1155,15.0,1047,0.9894661903381348,,,0.024411574006080627
1156,8.0,539,0.515739917755127,,,0.01255352795124054
1157,15.0,827,0.779888391494751,,,0.01552730705589056
1158,10.0,619,0.5800750255584717,,,0.04690907523036003
1159,9.0,742,0.6983366012573242,,,0.017035139724612236
1160,8.0,541,0.5050489902496338,,,0.011233672499656677
1161,11.0,770,0.7360854148864746,,,0.015450852923095226
1162,10.0,676,0.6462981700897217,,,0.010702341794967651
1163,8.0,613,0.578331470489502,,,0.011487428098917007
1164,28.0,1237,1.1630158424377441,,,0.00879126600921154
1165,15.0,815,0.7786564826965332,,,0.005345528945326805
1166,10.0,819,0.7736814022064209,,,0.010661422275006771
1167,4.0,528,0.5080831050872803,,,0.03654591366648674
1168,8.0,674,0.6408860683441162,,,0.012344934046268463
1169,15.0,961,0.915442943572998,,,0.006280587986111641
1170,1.0,355,0.33697080612182617,,,0.005830487236380577
1171,24.0,1232,1.1633994579315186,,,0.007969765923917294
1172,12.0,917,0.8616671562194824,,,0.018103182315826416
1173,4.0,525,0.5083401203155518,,,0.031617775559425354
1174,8.0,568,0.5435307025909424,,,0.011549139395356178
1175,7.0,563,0.5413758754730225,,,0.02142760530114174
1176,5.0,604,0.5852558612823486,,,0.014426076784729958
1177,12.0,852,0.7999234199523926,,,0.013714464381337166
1178,12.0,671,0.6376461982727051,,,0.010359862819314003
1179,7.0,511,0.49034881591796875,,,0.04937521368265152
1180,25.0,1145,1.074326515197754,,,0.019484881311655045
1181,19.0,987,0.9334433078765869,,,0.009233941324055195
1182,4.0,517,0.4864215850830078,,,0.00744046363979578
1183,5.0,505,0.4785439968109131,,,0.006944304332137108
1184,16.0,878,0.832099437713623,,,0.0122825363650918
1185,5.0,485,0.4727284908294678,,,0.05537092313170433
1186,6.0,474,0.46156787872314453,,,0.009366367943584919
1187,14.0,946,0.9004766941070557,,,0.007191729266196489
1188,8.0,537,0.5096077919006348,,,0.03496040403842926
1189,4.0,387,0.3650822639465332,,,0.017213236540555954
1190,16.0,1025,0.9794538021087646,,,0.015192795544862747
1191,19.0,955,0.905787467956543,,,0.008723868057131767
1192,10.0,715,0.6962215900421143,,,0.04095439612865448
1193,5.0,497,0.4692821502685547,,,0.0104722511023283
1194,14.0,955,0.9153411388397217,,,0.00625184178352356
1195,11.0,851,0.8091251850128174,,,0.012644900009036064
1196,11.0,619,0.5920417308807373,,,0.006263729650527239
1197,15.0,673,0.6457259654998779,,,0.004763600416481495
1198,10.0,661,0.6326768398284912,,,0.01034359261393547
1199,14.0,787,0.7565817832946777,,,0.00783607643097639
1200,11.0,687,0.6577095985412598,,,0.0060232775285840034
1201,5.0,587,0.5584752559661865,,,0.006847811862826347
1202,15.0,819,0.7737162113189697,,,0.027004443109035492
1203,5.0,401,0.3857104778289795,,,0.020223818719387054
1204,2.0,512,0.48354530334472656,,,0.012155704200267792
1205,17.0,801,0.7636933326721191,,,0.013898473232984543
1206,15.0,906,0.8497836589813232,,,0.006958468351513147
1207,13.0,912,0.8576347827911377,,,0.013730182312428951
1208,16.0,896,0.8547055721282959,,,0.00917506217956543
1209,15.0,1024,0.9805800914764404,,,0.03070901334285736
1210,7.0,613,0.5875048637390137,,,0.006199704483151436
1211,22.0,972,0.9072668552398682,,,0.01642555184662342
1212,14.0,996,0.9412496089935303,,,0.01056595053523779
1213,10.0,750,0.708601713180542,,,0.009411062113940716
1214,10.0,838,0.7897210121154785,,,0.013369143009185791
1215,12.0,871,0.821932315826416,,,0.026190906763076782
1216,16.0,821,0.7833449840545654,,,0.016097664833068848
1217,3.0,455,0.44038939476013184,,,0.011239619925618172
1218,20.0,1057,1.0148067474365234,,,0.00529081467539072
1219,22.0,1067,1.0137648582458496,,,0.015798423439264297
1220,13.0,975,0.9272446632385254,,,0.011041620746254921
1221,19.0,1047,0.9909980297088623,,,0.03581267222762108
1222,16.0,1076,1.0294415950775146,,,0.06218494474887848
1223,16.0,949,0.9066030979156494,,,0.015719207003712654
1224,4.0,369,0.3599708080291748,,,0.012592465616762638
1225,13.0,815,0.7849066257476807,,,0.06163562834262848
1226,11.0,683,0.6529200077056885,,,0.015637224540114403
1227,11.0,693,0.6582732200622559,,,0.011429435573518276
1228,18.0,952,0.8954336643218994,,,0.011353479698300362
1229,19.0,871,0.8183770179748535,,,0.010235508903861046
1230,12.0,944,0.8849916458129883,,,0.02392582595348358
1231,21.0,1165,1.0960769653320312,,,0.009138443507254124
1232,6.0,509,0.47518372535705566,,,0.01606449857354164
1233,15.0,935,0.8792068958282471,,,0.00785587728023529
1234,13.0,901,0.8617501258850098,,,0.008029166609048843
1235,7.0,615,0.5973033905029297,,,0.013073727488517761
1236,12.0,724,0.7080752849578857,,,0.010445892810821533
1237,12.0,782,0.7634196281433105,,,0.007137802429497242
1238,9.0,695,0.6776800155639648,,,0.012366633862257004
1239,34.0,1692,1.5922555923461914,,,0.00838320329785347
1240,8.0,675,0.6533594131469727,,,0.01225847564637661
1241,12.0,669,0.6418337821960449,,,0.009684426710009575
1242,10.0,792,0.7537658214569092,,,0.009234370663762093
1243,4.0,481,0.4549288749694824,,,0.011799830012023449
1244,5.0,491,0.46166372299194336,,,0.01583828777074814
1245,9.0,649,0.6178464889526367,,,0.0149735352024436
1246,6.0,500,0.4938032627105713,,,0.008823306299746037
1247,8.0,567,0.5516777038574219,,,0.008961030282080173
1248,14.0,905,0.8662183284759521,,,0.010150015354156494
1249,15.0,775,0.7423691749572754,,,0.013787228614091873
1250,12.0,1098,1.0573530197143555,,,0.014865805394947529
1251,11.0,757,0.7313566207885742,,,0.009956968948245049
1252,15.0,719,0.6951286792755127,,,0.006273910403251648
1253,14.0,759,0.7445380687713623,,,0.009594392031431198
1254,4.0,525,0.5054986476898193,,,0.018505418673157692
1255,19.0,881,0.8428382873535156,,,0.025348275899887085
1256,11.0,797,0.7680284976959229,,,0.009471675381064415
1257,18.0,1057,0.9944069385528564,,,0.022749705240130424
1258,15.0,959,0.8973510265350342,,,0.005657554604113102
1259,7.0,488,0.4684927463531494,,,0.02955954521894455
1260,2.0,488,0.46904683113098145,,,0.015367336571216583
1261,11.0,676,0.65576171875,,,0.0064485808834433556
1262,10.0,635,0.6090970039367676,,,0.01280445046722889
1263,14.0,907,0.8687889575958252,,,0.0072553325444459915
1264,5.0,386,0.36233043670654297,,,0.012546299956738949
1265,18.0,917,0.876307487487793,,,0.008749534375965595
1266,12.0,916,0.8568716049194336,,,0.02727869711816311
1267,5.0,499,0.4755899906158447,,,0.02246681973338127
1268,12.0,1074,1.0295875072479248,,,0.03574913367629051
1269,15.0,765,0.7526874542236328,,,0.014704598113894463
1270,1.0,353,0.34186720848083496,,,0.013384878635406494
1271,20.0,1027,1.0233268737792969,,,0.014873403124511242
1272,18.0,881,0.8982148170471191,,,0.006272275000810623
1273,6.0,628,0.653050422668457,,,0.007406934630125761
1274,17.0,959,0.9515550136566162,,,0.012295199558138847
1275,5.0,479,0.4727602005004883,,,0.00993884727358818
1276,10.0,795,0.8352401256561279,,,0.014352532103657722
1277,18.0,863,0.8582632541656494,,,0.009098140522837639
1278,9.0,643,0.6480157375335693,,,0.013946621678769588
1279,6.0,515,0.4980430603027344,,,0.0352509580552578
1280,13.0,757,0.7181582450866699,,,0.041669826954603195
1281,17.0,937,0.877708911895752,,,0.012349516153335571
1282,19.0,1091,1.0256037712097168,,,0.013770660385489464
1283,18.0,1041,0.9993293285369873,,,0.006419333629310131
1284,12.0,636,0.6027038097381592,,,0.011861629784107208
1285,15.0,812,0.7880661487579346,,,0.00863237027078867
1286,17.0,1104,1.0497543811798096,,,0.010719413869082928
1287,10.0,813,0.7902090549468994,,,0.011779245920479298
1288,14.0,861,0.8390083312988281,,,0.01410070713609457
1289,12.0,829,0.8232419490814209,,,0.10606373101472855
1290,10.0,670,0.6690754890441895,,,0.008508062921464443
1291,19.0,882,0.8661630153656006,,,0.10740800201892853
1292,4.0,461,0.45256972312927246,,,0.01046271063387394
1293,20.0,999,0.9755008220672607,,,0.005308142863214016
1294,5.0,524,0.5075626373291016,,,0.0591958612203598
1295,20.0,927,0.8876087665557861,,,0.006966481450945139
1296,19.0,1046,1.0152387619018555,,,0.00908302329480648
1297,12.0,843,0.7999720573425293,,,0.022040467709302902
1298,17.0,837,0.7899453639984131,,,0.011668764986097813
1299,10.0,853,0.8058822154998779,,,0.007688051089644432
1300,15.0,833,0.7807886600494385,,,0.004521481692790985
1301,3.0,510,0.4922142028808594,,,0.01742010936141014
1302,9.0,675,0.6460068225860596,,,0.00958421640098095
1303,1.0,488,0.4627799987792969,,,0.013926557265222073
1304,19.0,1092,1.029245376586914,,,0.011819425970315933
1305,13.0,795,0.7512989044189453,,,0.01731465384364128
1306,5.0,490,0.45737385749816895,,,0.007583771366626024
1307,6.0,467,0.4397122859954834,,,0.02740035206079483
1308,24.0,1154,1.0757255554199219,,,0.008514470420777798
1309,12.0,930,0.876251220703125,,,0.0054048215970396996
1310,8.0,486,0.4602947235107422,,,0.06997808814048767
1311,15.0,1010,0.9942851066589355,,,0.008734520524740219
1312,10.0,845,0.8123900890350342,,,0.11995640397071838
1313,7.0,630,0.6089198589324951,,,0.01570618525147438
1314,11.0,669,0.6491270065307617,,,0.014108877629041672
1315,18.0,792,0.7587499618530273,,,0.030370041728019714
1316,15.0,753,0.7153840065002441,,,0.01221611350774765
1317,6.0,583,0.5665159225463867,,,0.008683052845299244
1318,14.0,1099,1.0503551959991455,,,0.009166487492620945
1319,23.0,1259,1.2613575458526611,,,0.008282910101115704
1320,9.0,667,0.6794834136962891,,,0.006069525144994259
1321,7.0,669,0.6893441677093506,,,0.02083602361381054
1322,21.0,1186,1.1844663619995117,,,0.007144276052713394
1323,7.0,451,0.44760775566101074,,,0.008515994995832443
1324,11.0,683,0.7141733169555664,,,0.006767588201910257
1325,7.0,493,0.5290162563323975,,,0.010254016146063805
1326,27.0,1207,1.2185356616973877,,,0.009239334613084793
1327,10.0,767,0.7577145099639893,,,0.02971670590341091
1328,16.0,867,0.8556101322174072,,,0.006164165213704109
1329,13.0,627,0.6121010780334473,,,0.012504659593105316
1330,12.0,907,0.8585348129272461,,,0.01516164280474186
1331,16.0,731,0.7322380542755127,,,0.008415905758738518
1332,10.0,837,0.7848098278045654,,,0.012046270072460175
1333,17.0,815,0.790879487991333,,,0.05306876078248024
1334,13.0,891,0.8624978065490723,,,0.012756291776895523
1335,15.0,819,0.7881066799163818,,,0.01384427398443222
1336,11.0,517,0.49793100357055664,,,0.0916159600019455
1337,19.0,1007,0.9574706554412842,,,0.01642424240708351
1338,17.0,935,0.9040317535400391,,,0.015197265893220901
1339,30.0,1093,1.0658464431762695,,,0.017817320302128792
1340,8.0,423,0.40784740447998047,,,0.01092031691223383
1341,8.0,848,0.8246698379516602,,,0.007538359146565199
1342,27.0,963,0.9189624786376953,,,0.009498098865151405
1343,11.0,549,0.5302407741546631,,,0.010896839201450348
1344,16.0,963,0.9085338115692139,,,0.016075706109404564
1345,9.0,817,0.7670261859893799,,,0.03058360517024994
1346,12.0,761,0.729128360748291,,,0.011009978130459785
1347,10.0,831,0.8018031120300293,,,0.011595409363508224
1348,9.0,633,0.6103205680847168,,,0.008310182020068169
1349,17.0,776,0.7519102096557617,,,0.009666893631219864
1350,22.0,1143,1.0989878177642822,,,0.014808179810643196
1351,15.0,870,0.835162878036499,,,0.0173561442643404
1352,12.0,858,0.8388671875,,,0.024636171758174896
1353,11.0,621,0.6038141250610352,,,0.021252982318401337
1354,17.0,931,0.8998112678527832,,,0.017804641276597977
1355,13.0,608,0.5908899307250977,,,0.01607893407344818
1356,19.0,937,0.9046800136566162,,,0.012019075453281403
1357,5.0,619,0.5910928249359131,,,0.010978561826050282
1358,12.0,1072,1.0181083679199219,,,0.007178683299571276
1359,7.0,509,0.48806118965148926,,,0.007896823808550835
1360,8.0,502,0.47446155548095703,,,0.032575394958257675
1361,25.0,1199,1.1142778396606445,,,0.02982761524617672
1362,15.0,945,0.8949646949768066,,,0.07847911864519119
1363,11.0,761,0.7297940254211426,,,0.01414940319955349
1364,17.0,1037,0.9803690910339355,,,0.006442382000386715
1365,9.0,629,0.5963385105133057,,,0.011889670044183731
1366,14.0,986,0.9176268577575684,,,0.012504021637141705
1367,16.0,976,0.9465551376342773,,,0.01437445729970932
1368,24.0,933,0.8946733474731445,,,0.01346544362604618
1369,14.0,816,0.7906689643859863,,,0.00817362405359745
1370,16.0,937,0.9096119403839111,,,0.011219082400202751
1371,10.0,605,0.6045749187469482,,,0.008169933222234249
1372,23.0,1316,1.2739171981811523,,,0.017192086204886436
1373,8.0,604,0.5879294872283936,,,0.01187130343168974
1374,17.0,924,0.896935224533081,,,0.01585593819618225
1375,13.0,707,0.6698353290557861,,,0.006612008437514305
1376,12.0,685,0.6427597999572754,,,0.016365479677915573
1377,10.0,710,0.6851944923400879,,,0.005678808316588402
1378,20.0,910,0.8896975517272949,,,0.0126689113676548
1379,21.0,924,0.900054931640625,,,0.009220422245562077
1380,8.0,501,0.4856846332550049,,,0.008761662989854813
1381,17.0,949,0.9217984676361084,,,0.013257680460810661
1382,23.0,903,0.8823831081390381,,,0.008990837261080742
1383,12.0,659,0.6480505466461182,,,0.015522247180342674
1384,17.0,831,0.807136058807373,,,0.008275579661130905
1385,23.0,1161,1.1145403385162354,,,0.01371314562857151
1386,5.0,418,0.3979966640472412,,,0.01537386141717434
1387,24.0,1155,1.0856246948242188,,,0.0695137083530426
1388,10.0,617,0.5883967876434326,,,0.010759249329566956
1389,12.0,581,0.5467743873596191,,,0.013992163352668285
1390,8.0,715,0.687664270401001,,,0.006642566993832588
1391,5.0,452,0.4306371212005615,,,0.05174243077635765
1392,17.0,946,0.9319086074829102,,,0.07581565529108047
1393,11.0,617,0.6017084121704102,,,0.012939037755131721
1394,9.0,622,0.6089606285095215,,,0.018338643014431
1395,14.0,623,0.6109693050384521,,,0.009400957264006138
1396,18.0,886,0.849191427230835,,,0.019787635654211044
1397,11.0,629,0.590308427810669,,,0.006760972552001476
1398,7.0,408,0.3927900791168213,,,0.0069864289835095406
1399,16.0,1081,1.0224735736846924,,,0.01129918172955513
1400,22.0,1140,1.0522589683532715,,,0.013198195025324821
1401,15.0,935,0.8879604339599609,,,0.009917045943439007
1402,12.0,715,0.6774072647094727,,,0.014925554394721985
1403,17.0,1052,1.0231187343597412,,,0.06019637733697891
1404,21.0,955,0.8992002010345459,,,0.11957467347383499
1405,11.0,503,0.48241543769836426,,,0.01211206428706646
1406,25.0,1194,1.1248550415039062,,,0.0075448546558618546
1407,23.0,1099,1.0757436752319336,,,0.008118104189634323
1408,15.0,1042,0.995882511138916,,,0.01685474067926407
1409,8.0,500,0.47464752197265625,,,0.00859930831938982
1410,11.0,687,0.6547524929046631,,,0.01677544414997101
1411,6.0,629,0.6107456684112549,,,0.011454705148935318
1412,7.0,811,0.8044908046722412,,,0.020496662706136703
1413,13.0,662,0.6516900062561035,,,0.011106479912996292
1414,12.0,720,0.702643632888794,,,0.00953476969152689
1415,10.0,638,0.630861759185791,,,0.007386316079646349
1416,11.0,652,0.6494812965393066,,,0.062075987458229065
1417,16.0,858,0.8441636562347412,,,0.009182613343000412
1418,19.0,1080,1.0516293048858643,,,0.01587691344320774
1419,18.0,880,0.8645138740539551,,,0.01062161847949028
1420,17.0,802,0.7654342651367188,,,0.007754692807793617
1421,8.0,647,0.6508646011352539,,,0.009654100984334946
1422,15.0,915,0.8914384841918945,,,0.008360794745385647
1423,6.0,500,0.48302721977233887,,,0.008306529372930527
1424,12.0,651,0.618232011795044,,,0.01715795323252678
1425,12.0,777,0.7580089569091797,,,0.011353609152138233
1426,15.0,807,0.7840428352355957,,,0.0079487394541502
1427,15.0,782,0.7634701728820801,,,0.021414699032902718
1428,9.0,701,0.6866350173950195,,,0.01929263025522232
1429,16.0,965,0.9118120670318604,,,0.058477167040109634
1430,6.0,635,0.6088855266571045,,,0.00940699316561222
1431,6.0,541,0.5295078754425049,,,0.007400563918054104
1432,12.0,861,0.8504514694213867,,,0.00997159257531166
1433,16.0,902,0.8848984241485596,,,0.01560397632420063
1434,23.0,979,0.961214542388916,,,0.016848132014274597
1435,7.0,483,0.4754641056060791,,,0.019322656095027924
1436,22.0,1227,1.200362205505371,,,0.14877520501613617
1437,13.0,652,0.6410849094390869,,,0.018862934783101082
1438,7.0,675,0.6614217758178711,,,0.006436050869524479
1439,18.0,1025,1.0127644538879395,,,0.015995195135474205
1440,16.0,971,0.9464004039764404,,,0.010105808265507221
1441,12.0,807,0.7958760261535645,,,0.009290839545428753
1442,18.0,999,0.9473602771759033,,,0.008923988789319992
1443,27.0,1081,1.0132691860198975,,,0.027377724647521973
1444,6.0,554,0.5269379615783691,,,0.008113115094602108
1445,18.0,1025,0.9698667526245117,,,0.011495955288410187
1446,5.0,521,0.5032534599304199,,,0.008348917588591576
1447,16.0,901,0.8749184608459473,,,0.008531540632247925
1448,14.0,706,0.6811575889587402,,,0.007906508632004261
1449,19.0,974,0.9248001575469971,,,0.006889973301440477
1450,4.0,390,0.37021970748901367,,,0.007606554310768843
1451,15.0,835,0.7955038547515869,,,0.031272441148757935
1452,20.0,847,0.8030495643615723,,,0.013425632379949093
1453,12.0,906,0.8894546031951904,,,0.01722494699060917
1454,12.0,696,0.684051513671875,,,0.016489721834659576
1455,15.0,613,0.6077756881713867,,,0.011226183734834194
1456,15.0,727,0.7211291790008545,,,0.0695679783821106
1457,17.0,876,0.8518309593200684,,,0.08884788304567337
1458,11.0,893,0.8537003993988037,,,0.014704762026667595
1459,12.0,597,0.568671464920044,,,0.018653137609362602
1460,18.0,912,0.8542206287384033,,,0.017560496926307678
1461,1.0,357,0.33350419998168945,,,0.06481309235095978
1462,5.0,547,0.522850751876831,,,0.03816409781575203
1463,13.0,735,0.694434642791748,,,0.05408051609992981
1464,13.0,626,0.5933046340942383,,,0.012016728520393372
1465,16.0,1111,1.0561225414276123,,,0.07145702838897705
1466,10.0,640,0.6083536148071289,,,0.01204943098127842
1467,23.0,1146,1.0809001922607422,,,0.008984372951090336
1468,12.0,665,0.6346662044525146,,,0.012125344946980476
1469,16.0,841,0.8023030757904053,,,0.011493478901684284
1470,9.0,849,0.8255279064178467,,,0.008749155327677727
1471,11.0,678,0.6482093334197998,,,0.010220261290669441
1472,9.0,727,0.684354305267334,,,0.012218406423926353
1473,7.0,501,0.4844522476196289,,,0.012161629274487495
1474,18.0,1050,0.9991545677185059,,,0.008491640910506248
1475,12.0,631,0.5952467918395996,,,0.008795116096735
1476,6.0,520,0.5018501281738281,,,0.012204783037304878
1477,7.0,497,0.49243927001953125,,,0.017043806612491608
1478,20.0,756,0.74532151222229,,,0.018289409577846527
1479,15.0,923,0.9061217308044434,,,0.00874304585158825
1480,5.0,485,0.4674510955810547,,,0.015079638920724392
1481,6.0,534,0.5148849487304688,,,0.010520685464143753
1482,6.0,564,0.5582888126373291,,,0.0074426401406526566
1483,32.0,1214,1.1861796379089355,,,0.012791885063052177
1484,4.0,567,0.5591893196105957,,,0.012528601102530956
1485,9.0,479,0.4589204788208008,,,0.014174055308103561
1486,13.0,684,0.6670365333557129,,,0.0665358304977417
1487,8.0,793,0.7558939456939697,,,0.011437937617301941
1488,10.0,774,0.7357010841369629,,,0.014571305364370346
1489,10.0,629,0.6058993339538574,,,0.01374952681362629
1490,17.0,876,0.8286571502685547,,,0.01734837517142296
1491,21.0,1048,0.9946331977844238,,,0.012370014563202858
1492,8.0,559,0.5504240989685059,,,0.010329454205930233
1493,16.0,811,0.804563045501709,,,0.00790696032345295
1494,10.0,548,0.5348196029663086,,,0.01271773036569357
1495,19.0,1014,1.0012891292572021,,,0.017933420836925507
1496,6.0,533,0.5309402942657471,,,0.01814567670226097
1497,18.0,887,0.8729057312011719,,,0.009769078344106674
1498,26.0,1063,1.0363197326660156,,,0.015060009434819221
1499,30.0,1264,1.2516393661499023,,,0.015315298922359943
1500,15.0,809,0.7935910224914551,,,0.011155970394611359
1501,3.0,565,0.5620696544647217,,,0.01718374341726303
1502,5.0,393,0.38275980949401855,,,0.10413665324449539
1503,10.0,670,0.6691632270812988,,,0.05267226696014404
1504,10.0,836,0.8326988220214844,,,0.016087256371974945
1505,10.0,627,0.6222670078277588,,,0.015840768814086914
1506,10.0,649,0.6416811943054199,,,0.014269834384322166
1507,10.0,776,0.7833693027496338,,,0.01044388860464096
1508,11.0,625,0.6231577396392822,,,0.024751072749495506
1509,15.0,876,0.8733537197113037,,,0.009066672995686531
1510,16.0,981,0.9471909999847412,,,0.0625852718949318
1511,8.0,515,0.5000832080841064,,,0.012344839982688427
1512,12.0,689,0.6620631217956543,,,0.20359490811824799
1513,24.0,870,0.826650857925415,,,0.009500674903392792
1514,13.0,699,0.6655232906341553,,,0.011173265986144543
1515,2.0,373,0.36701226234436035,,,0.017097629606723785
1516,10.0,814,0.7766268253326416,,,0.0068756695836782455
1517,18.0,1117,1.0710055828094482,,,0.010053043253719807
1518,12.0,1017,0.978940486907959,,,0.015871766954660416
1519,17.0,885,0.8528158664703369,,,0.012338070198893547
1520,18.0,713,0.6968116760253906,,,0.010710077360272408
1521,23.0,1067,1.0174248218536377,,,0.012690812349319458
1522,18.0,818,0.7873454093933105,,,0.009933630004525185
1523,4.0,595,0.5675563812255859,,,0.07281123846769333
1524,12.0,989,0.9497239589691162,,,0.008083486929535866
1525,20.0,1027,0.9897828102111816,,,0.008014383725821972
1526,18.0,876,0.8413183689117432,,,0.011140194721519947
1527,27.0,1239,1.1995258331298828,,,0.008559659123420715
1528,9.0,623,0.6177310943603516,,,0.009886997751891613
1529,10.0,744,0.7292633056640625,,,0.014202033169567585
1530,2.0,490,0.48804640769958496,,,0.011000404134392738
1531,9.0,840,0.8301522731781006,,,0.006264493800699711
1532,17.0,925,0.9019923210144043,,,0.012048878706991673
1533,23.0,1029,1.0010318756103516,,,0.008022420108318329
1534,21.0,991,0.9502792358398438,,,0.009841402061283588
1535,12.0,640,0.6337926387786865,,,0.010930065996944904
1536,15.0,847,0.8278989791870117,,,0.01429374236613512
1537,3.0,584,0.5805566310882568,,,0.007289201952517033
1538,18.0,775,0.7625746726989746,,,0.01215871050953865
1539,8.0,587,0.5828089714050293,,,0.01844007521867752
1540,19.0,953,0.9321348667144775,,,0.006765964441001415
1541,15.0,946,0.9369080066680908,,,0.009988170117139816
1542,7.0,543,0.5410339832305908,,,0.018159668892621994
1543,22.0,941,0.9123678207397461,,,0.006163896061480045
1544,17.0,813,0.8004570007324219,,,0.009282330051064491
1545,18.0,830,0.8160314559936523,,,0.009219626896083355
1546,12.0,1006,1.011174201965332,,,0.014846842736005783
1547,7.0,634,0.6242094039916992,,,0.01067835558205843
1548,12.0,799,0.800424337387085,,,0.01515290793031454
1549,15.0,963,0.9448602199554443,,,0.026346532627940178
1550,8.0,407,0.3991997241973877,,,0.009072259068489075
1551,12.0,1025,1.0133347511291504,,,0.03688444197177887
1552,12.0,902,0.8837039470672607,,,0.025159407407045364
1553,17.0,1019,1.0130653381347656,,,0.007409070618450642
1554,15.0,953,0.9444718360900879,,,0.09815537184476852
1555,21.0,994,0.9745397567749023,,,0.009880656376481056
1556,11.0,963,0.9467799663543701,,,0.006598849780857563
1557,12.0,702,0.7041056156158447,,,0.010940750129520893
1558,6.0,626,0.6064260005950928,,,0.012719590216875076
1559,21.0,869,0.8529047966003418,,,0.011957036331295967
1560,10.0,813,0.813809871673584,,,0.05462963134050369
1561,15.0,969,0.9269347190856934,,,0.02105599083006382
1562,16.0,833,0.8009531497955322,,,0.017046308144927025
1563,9.0,497,0.4803593158721924,,,0.018552392721176147
1564,6.0,533,0.5334630012512207,,,0.013703851029276848
1565,9.0,755,0.746267557144165,,,0.007672149688005447
1566,26.0,1152,1.1392309665679932,,,0.018263308331370354
1567,3.0,581,0.5837509632110596,,,0.021827291697263718
1568,9.0,595,0.5897245407104492,,,0.023955492302775383
1569,6.0,436,0.4355812072753906,,,0.01289415918290615
1570,9.0,495,0.4844238758087158,,,0.010353321209549904
1571,20.0,875,0.8476762771606445,,,0.011794708669185638
1572,16.0,736,0.7266812324523926,,,0.009290363639593124
1573,1.0,356,0.3525412082672119,,,0.03054855577647686
1574,15.0,831,0.824650764465332,,,0.01264289952814579
1575,18.0,956,0.9314143657684326,,,0.008531615138053894
1576,17.0,907,0.8670105934143066,,,0.024110667407512665
1577,10.0,740,0.7125637531280518,,,0.014279044233262539
1578,18.0,1135,1.0870280265808105,,,0.06802962720394135
1579,15.0,763,0.7397758960723877,,,0.01402772031724453
1580,12.0,725,0.699723482131958,,,0.009687535464763641
1581,6.0,747,0.7333369255065918,,,0.019341696053743362
1582,18.0,966,0.9494216442108154,,,0.01024922076612711
1583,4.0,463,0.46481752395629883,,,0.008550151251256466
1584,16.0,908,0.9007313251495361,,,0.014050140045583248
1585,20.0,959,0.947636604309082,,,0.024326931685209274
1586,15.0,961,0.9282293319702148,,,0.01625545136630535
1587,16.0,756,0.7267191410064697,,,0.01185931358486414
1588,5.0,395,0.37718892097473145,,,0.08503220975399017
1589,18.0,953,0.9292492866516113,,,0.019929343834519386
1590,11.0,816,0.8151295185089111,,,0.015188954770565033
1591,16.0,932,0.9172065258026123,,,0.014238046482205391
1592,11.0,791,0.7802383899688721,,,0.017569689080119133
1593,11.0,719,0.7132008075714111,,,0.011353477835655212
1594,3.0,433,0.42626309394836426,,,0.013287978246808052
1595,10.0,663,0.6561741828918457,,,0.008392980322241783
1596,17.0,831,0.8205013275146484,,,0.011183734983205795
1597,17.0,881,0.8676126003265381,,,0.02093663439154625
1598,22.0,993,0.9742422103881836,,,0.015849538147449493
1599,19.0,1312,1.2798070907592773,,,0.013438225723803043
1600,16.0,851,0.8445250988006592,,,0.010533633641898632
1601,22.0,1063,1.0552327632904053,,,0.026057815179228783
1602,19.0,997,0.9897017478942871,,,0.008640083484351635
1603,16.0,983,0.969862699508667,,,0.011931277811527252
1604,8.0,593,0.5920436382293701,,,0.030995573848485947
1605,16.0,832,0.8162682056427002,,,0.014270517975091934
1606,20.0,929,0.9118361473083496,,,0.015189417637884617
1607,6.0,700,0.6956450939178467,,,0.009334534406661987
1608,19.0,923,0.9162473678588867,,,0.02411760203540325
1609,10.0,723,0.7257122993469238,,,0.007206659764051437
1610,6.0,559,0.5466201305389404,,,0.010028243064880371
1611,13.0,939,0.9310023784637451,,,0.01514921709895134
1612,18.0,897,0.8883175849914551,,,0.011316349729895592
1613,15.0,847,0.8495748043060303,,,0.008131628856062889
1614,17.0,867,0.8673083782196045,,,0.012974491342902184
1615,18.0,928,0.9169564247131348,,,0.01223926804959774
1616,24.0,1134,1.136009931564331,,,0.01867871731519699
1617,4.0,637,0.6331713199615479,,,0.011295618489384651
1618,19.0,945,0.9170691967010498,,,0.0618353933095932
1619,12.0,745,0.7414975166320801,,,0.012237457558512688
1620,10.0,740,0.7333168983459473,,,0.01814681477844715
1621,15.0,806,0.7948529720306396,,,0.011538689024746418
1622,19.0,987,0.9517381191253662,,,0.014526037499308586
1623,10.0,765,0.7534565925598145,,,0.004674500785768032
1624,8.0,723,0.7178530693054199,,,0.01748114451766014
1625,18.0,867,0.8490273952484131,,,0.021821020171046257
1626,12.0,701,0.697859525680542,,,0.010857619345188141
1627,20.0,1101,1.0863518714904785,,,0.009808491915464401
1628,6.0,643,0.6322786808013916,,,0.012552101165056229
1629,12.0,769,0.7630758285522461,,,0.014829947613179684
1630,13.0,716,0.6850252151489258,,,0.0063032060861587524
1631,12.0,649,0.6255011558532715,,,0.013813959434628487
1632,8.0,643,0.6291158199310303,,,0.017370106652379036
1633,18.0,925,0.9169442653656006,,,0.01136212982237339
1634,5.0,468,0.4646413326263428,,,0.010477188974618912
1635,21.0,1019,0.9992845058441162,,,0.013257259503006935
1636,11.0,643,0.6421256065368652,,,0.0064146872609853745
1637,8.0,521,0.512343168258667,,,0.016904020681977272
1638,19.0,1203,1.137807846069336,,,0.010390172712504864
1639,19.0,876,0.8585584163665771,,,0.012318963184952736
1640,12.0,635,0.6219441890716553,,,0.014693615026772022
1641,17.0,942,0.931041955947876,,,0.010533610358834267
1642,9.0,521,0.523360013961792,,,0.0938761830329895
1643,6.0,492,0.4837021827697754,,,0.05701158195734024
1644,13.0,832,0.8169224262237549,,,0.008275164291262627
1645,21.0,912,0.8800046443939209,,,0.012330533005297184
1646,20.0,1354,1.3007500171661377,,,0.009537218138575554
1647,19.0,922,0.8843052387237549,,,0.010852748528122902
1648,14.0,790,0.7709424495697021,,,0.009178286418318748
1649,16.0,941,0.9394078254699707,,,0.008279360830783844
1650,17.0,768,0.7588186264038086,,,0.008182685822248459
1651,11.0,796,0.7958037853240967,,,0.019938725978136063
1652,14.0,730,0.7307395935058594,,,0.009803783148527145
1653,18.0,817,0.8086867332458496,,,0.010244356468319893
1654,4.0,368,0.3695344924926758,,,0.009262118488550186
1655,24.0,937,0.9357194900512695,,,0.01496476586908102
1656,10.0,375,0.3776519298553467,,,0.013997211121022701
1657,14.0,867,0.8628571033477783,,,0.02157055027782917
1658,8.0,606,0.6036579608917236,,,0.00634640920907259
1659,11.0,737,0.7291810512542725,,,0.013785092160105705
1660,11.0,654,0.630241870880127,,,0.015345955267548561
1661,11.0,703,0.6836526393890381,,,0.012519569136202335
1662,20.0,909,0.8766994476318359,,,0.020479358732700348
1663,30.0,1190,1.1295714378356934,,,0.013451297767460346
1664,8.0,864,0.872032642364502,,,0.014319967478513718
1665,18.0,781,0.7849888801574707,,,0.009971519000828266
1666,13.0,641,0.6537222862243652,,,0.06331216543912888
1667,16.0,783,0.7967655658721924,,,0.007011407986283302
1668,9.0,587,0.5836727619171143,,,0.06461139768362045
1669,14.0,826,0.8218994140625,,,0.00777848344296217
1670,20.0,831,0.8367588520050049,,,0.02279581129550934
1671,7.0,543,0.5398316383361816,,,0.01092146523296833
1672,16.0,892,0.9033098220825195,,,0.009096302092075348
1673,13.0,657,0.6620712280273438,,,0.00951765850186348
1674,8.0,677,0.6785037517547607,,,0.015244257636368275
1675,11.0,690,0.6666522026062012,,,0.01564982160925865
1676,2.0,365,0.35191941261291504,,,0.0730457678437233
1677,2.0,387,0.3819389343261719,,,0.008980167098343372
1678,13.0,694,0.6805264949798584,,,0.023630058392882347
1679,15.0,833,0.8331024646759033,,,0.008106973022222519
1680,9.0,677,0.6709721088409424,,,0.017693905159831047
1681,23.0,835,0.8214213848114014,,,0.1581396460533142
1682,14.0,781,0.7564456462860107,,,0.009067647159099579
1683,16.0,919,0.9154243469238281,,,0.011613104492425919
1684,19.0,921,0.9207837581634521,,,0.009943832643330097
1685,6.0,535,0.537971019744873,,,0.022117003798484802
1686,6.0,449,0.45517921447753906,,,0.012348180636763573
1687,12.0,707,0.7277348041534424,,,0.013628068380057812
1688,9.0,1089,1.0890395641326904,,,0.007009977474808693
1689,27.0,1430,1.446347713470459,,,0.010299596935510635
1690,13.0,725,0.7221164703369141,,,0.011110487394034863
1691,20.0,1006,1.0047359466552734,,,0.015211962163448334
1692,5.0,377,0.37488651275634766,,,0.01365660596638918
1693,8.0,654,0.6556665897369385,,,0.009634025394916534
1694,5.0,523,0.5442302227020264,,,0.008106773719191551
1695,8.0,545,0.5519571304321289,,,0.011488335207104683
1696,14.0,773,0.7646474838256836,,,0.01088474690914154
1697,20.0,951,0.9300315380096436,,,0.008742446079850197
1698,25.0,1008,0.9734857082366943,,,0.012151231989264488
1699,26.0,1163,1.1224310398101807,,,0.0076774368062615395
1700,4.0,505,0.49910712242126465,,,0.009008960798382759
1701,18.0,828,0.8276431560516357,,,0.030377812683582306
1702,19.0,1153,1.1457865238189697,,,0.06000988185405731
1703,15.0,724,0.7131543159484863,,,0.01292644813656807
1704,14.0,767,0.7659296989440918,,,0.015211892314255238
1705,19.0,911,0.9028403759002686,,,0.009545343928039074
1706,10.0,881,0.8931248188018799,,,0.008635435253381729
1707,18.0,891,0.8945631980895996,,,0.013913745991885662
1708,13.0,779,0.7787172794342041,,,0.008769888430833817
1709,24.0,861,0.8530781269073486,,,0.01769678108394146
1710,21.0,975,0.97355055809021,,,0.030553655698895454
1711,21.0,879,0.8910887241363525,,,0.004467359744012356
1712,12.0,532,0.5411267280578613,,,0.008789192885160446
1713,11.0,756,0.7447283267974854,,,0.01328069157898426
1714,18.0,835,0.8406162261962891,,,0.009133911691606045
1715,5.0,526,0.5300610065460205,,,0.08071107417345047
1716,22.0,1119,1.105271577835083,,,0.006578435190021992
1717,16.0,939,0.9315586090087891,,,0.023229099810123444
1718,12.0,742,0.7130889892578125,,,0.005362619645893574
1719,27.0,1053,1.01039457321167,,,0.0063804746605455875
1720,10.0,642,0.6198203563690186,,,0.00673493929207325
1721,17.0,792,0.7731506824493408,,,0.06586004048585892
1722,12.0,947,0.9131824970245361,,,0.020556572824716568
1723,29.0,1284,1.2437365055084229,,,0.01000831089913845
1724,20.0,1059,1.0520238876342773,,,0.006148758810013533
1725,16.0,803,0.7802402973175049,,,0.016145242378115654
1726,12.0,737,0.7187371253967285,,,0.008073744364082813
1727,14.0,655,0.6522216796875,,,0.010705373249948025
1728,3.0,390,0.3914306163787842,,,0.0069648390635848045
1729,19.0,903,0.9054903984069824,,,0.017354100942611694
1730,19.0,775,0.7706656455993652,,,0.014750471338629723
1731,21.0,1142,1.1518604755401611,,,0.05250348150730133
1732,8.0,615,0.6313655376434326,,,0.057071562856435776
1733,17.0,767,0.75998854637146,,,0.018002107739448547
1734,20.0,923,0.9325382709503174,,,0.009821580722928047
1735,14.0,649,0.644801139831543,,,0.007181600667536259
1736,11.0,691,0.6765282154083252,,,0.019821634516119957
1737,15.0,967,0.9558701515197754,,,0.0099938428029418
1738,5.0,607,0.6050131320953369,,,0.011750992387533188
1739,7.0,518,0.5139069557189941,,,0.014551354572176933
1740,22.0,883,0.8907566070556641,,,0.0049499827437102795
1741,18.0,968,0.9765005111694336,,,0.011736223474144936
1742,26.0,1557,1.5477228164672852,,,0.08837107568979263
1743,13.0,641,0.6518950462341309,,,0.05798462778329849
1744,27.0,1214,1.2144217491149902,,,0.016918912529945374
1745,3.0,355,0.36574578285217285,,,0.016799885779619217
1746,9.0,665,0.6722636222839355,,,0.01653238572180271
1747,16.0,859,0.865863561630249,,,0.09211935102939606
1748,15.0,1029,1.0425174236297607,,,0.056583382189273834
1749,15.0,831,0.8272266387939453,,,0.017078854143619537
1750,21.0,1399,1.390946865081787,,,0.016176510602235794
1751,8.0,789,0.8227090835571289,,,0.013674899004399776
1752,15.0,892,0.8906924724578857,,,0.016432009637355804
1753,16.0,928,0.9178540706634521,,,0.012292526662349701
1754,18.0,807,0.821864128112793,,,0.011124879121780396
1755,9.0,531,0.5278773307800293,,,0.032890141010284424
1756,15.0,1116,1.104701042175293,,,0.014282962307333946
1757,13.0,627,0.6263406276702881,,,0.015654385089874268
1758,16.0,853,0.8350496292114258,,,0.0074022067710757256
1759,11.0,659,0.6435904502868652,,,0.011842283420264721
1760,20.0,1157,1.1445250511169434,,,0.011362556368112564
1761,6.0,509,0.5087652206420898,,,0.08298482745885849
1762,16.0,871,0.8731493949890137,,,0.014126956462860107
1763,10.0,755,0.7630958557128906,,,0.014683971181511879
1764,9.0,621,0.626211404800415,,,0.01410439983010292
1765,18.0,827,0.8192794322967529,,,0.008463602513074875
1766,10.0,652,0.644460916519165,,,0.015066737309098244
1767,15.0,791,0.7946293354034424,,,0.01814982108771801
1768,20.0,957,0.9639511108398438,,,0.00799244362860918
1769,11.0,780,0.7858419418334961,,,0.012424062937498093
1770,16.0,1063,1.057244062423706,,,0.01594015769660473
1771,16.0,1018,1.0077869892120361,,,0.011944808065891266
1772,18.0,927,0.9172542095184326,,,0.021560736000537872
1773,13.0,721,0.7185494899749756,,,0.010843011550605297
1774,9.0,655,0.6699340343475342,,,0.021816803142428398
1775,16.0,781,0.7829952239990234,,,0.009918063879013062
1776,24.0,1051,1.0313634872436523,,,0.013686301186680794
1777,14.0,681,0.6748175621032715,,,0.009138016030192375
1778,6.0,513,0.5192499160766602,,,0.015201794914901257
1779,27.0,1280,1.2531993389129639,,,0.013821741566061974
1780,7.0,473,0.4702587127685547,,,0.014746192842721939
1781,16.0,823,0.8212714195251465,,,0.009694891981780529
1782,13.0,836,0.832350492477417,,,0.01630394347012043
1783,17.0,1114,1.1056959629058838,,,0.012884614989161491
1784,16.0,824,0.8177342414855957,,,0.006952171679586172
1785,11.0,675,0.6827654838562012,,,0.010285762138664722
1786,3.0,455,0.463470458984375,,,0.02718709595501423
1787,24.0,1035,1.0261123180389404,,,0.008676379919052124
1788,20.0,835,0.8401577472686768,,,0.009774858132004738
1789,13.0,677,0.6739523410797119,,,0.007624164689332247
1790,19.0,996,0.9931888580322266,,,0.007121820002794266
1791,17.0,996,0.9973759651184082,,,0.06214636191725731
1792,18.0,1131,1.1475026607513428,,,0.007682273630052805
1793,15.0,813,0.8151133060455322,,,0.014102833345532417
1794,26.0,1087,1.0901622772216797,,,0.012959538027644157
1795,16.0,1012,1.009854793548584,,,0.018611270934343338
1796,7.0,639,0.6409857273101807,,,0.008384188637137413
1797,13.0,954,0.9507346153259277,,,0.020060040056705475
1798,4.0,421,0.4152076244354248,,,0.012317944318056107
1799,17.0,854,0.8545947074890137,,,0.007513431366533041
1800,22.0,797,0.8019454479217529,,,0.014079838991165161
1801,18.0,711,0.7178788185119629,,,0.012318726629018784
1802,30.0,1257,1.2574734687805176,,,0.016414089128375053
1803,16.0,1012,1.0272679328918457,,,0.01817433536052704
1804,17.0,901,0.9002060890197754,,,0.014242541044950485
1805,8.0,449,0.448772668838501,,,0.013126567006111145
1806,13.0,945,0.9354801177978516,,,0.13294032216072083
1807,6.0,637,0.6348860263824463,,,0.00886669009923935
1808,10.0,863,0.8832907676696777,,,0.016859954223036766
1809,6.0,561,0.5759148597717285,,,0.015851905569434166
1810,9.0,640,0.6433746814727783,,,0.02255794033408165
1811,19.0,933,0.9413290023803711,,,0.01025962084531784
1812,12.0,678,0.6723859310150146,,,0.057809628546237946
1813,26.0,1016,0.9995133876800537,,,0.012596994638442993
1814,19.0,1113,1.104612112045288,,,0.011106675490736961
1815,19.0,935,0.9198501110076904,,,0.013081248849630356
1816,12.0,614,0.6043438911437988,,,0.009872606955468655
1817,25.0,886,0.8872947692871094,,,0.020097292959690094
1818,18.0,877,0.8635015487670898,,,0.009728345088660717
1819,17.0,874,0.8718693256378174,,,0.023328354582190514
1820,24.0,1191,1.1741628646850586,,,0.013987410813570023
1821,15.0,908,0.8958337306976318,,,0.013138422742486
1822,19.0,943,0.9354469776153564,,,0.007402382791042328
1823,18.0,987,1.0012822151184082,,,0.008716491982340813
1824,11.0,633,0.6524982452392578,,,0.006815305911004543
1825,23.0,934,0.9310345649719238,,,0.00891655869781971
1826,21.0,949,0.9637019634246826,,,0.011407849378883839
1827,11.0,630,0.6482338905334473,,,0.020144235342741013
1828,25.0,1060,1.0792996883392334,,,0.019122814759612083
1829,11.0,634,0.6504228115081787,,,0.009450303390622139
1830,16.0,805,0.8148727416992188,,,0.008871976286172867
1831,23.0,875,0.8748772144317627,,,0.008565704338252544
1832,2.0,460,0.46146178245544434,,,0.013524318113923073
1833,11.0,651,0.6526741981506348,,,0.015349727123975754
1834,11.0,665,0.6627469062805176,,,0.019570738077163696
1835,23.0,1010,0.9908614158630371,,,0.013803934678435326
1836,5.0,539,0.5444211959838867,,,0.009016784839332104
1837,22.0,995,1.0072522163391113,,,0.009076576679944992
1838,11.0,693,0.6928448677062988,,,0.01953786611557007
1839,20.0,997,1.0185813903808594,,,0.006783519871532917
1840,15.0,1291,1.3014259338378906,,,0.01054866798222065
1841,10.0,799,0.7995803356170654,,,0.008774418383836746
1842,20.0,913,0.9073638916015625,,,0.010157231241464615
1843,23.0,1118,1.0960590839385986,,,0.008300665766000748
1844,6.0,632,0.6246278285980225,,,0.009396737441420555
1845,13.0,717,0.7184982299804688,,,0.05936478078365326
1846,26.0,1227,1.210965633392334,,,0.015951959416270256
1847,14.0,789,0.7824020385742188,,,0.09318172186613083
1848,14.0,737,0.7409622669219971,,,0.01009946409612894
1849,5.0,623,0.6326665878295898,,,0.0077816396951675415
1850,14.0,792,0.7929084300994873,,,0.006092899478971958
1851,20.0,998,0.9978759288787842,,,0.013479717075824738
1852,32.0,1626,1.5708730220794678,,,0.007986473850905895
1853,14.0,925,0.922431230545044,,,0.006970380898565054
1854,16.0,1023,1.0190844535827637,,,0.007474290672689676
1855,18.0,773,0.7802412509918213,,,0.009382128715515137
1856,21.0,1022,1.0162596702575684,,,0.10125032067298889
1857,18.0,833,0.8557286262512207,,,0.11043917387723923
1858,9.0,717,0.714350700378418,,,0.01589706540107727
1859,23.0,1142,1.1301801204681396,,,0.007977493107318878
1860,5.0,580,0.5859603881835938,,,0.007433012127876282
1861,15.0,960,0.9487836360931396,,,0.014457177370786667
1862,12.0,654,0.6510891914367676,,,0.00814144965261221
1863,12.0,701,0.7020742893218994,,,0.012401662766933441
1864,13.0,683,0.7070732116699219,,,0.011987431906163692
1865,16.0,944,0.9577717781066895,,,0.007542651146650314
1866,14.0,871,0.876936674118042,,,0.06699810922145844
1867,21.0,881,0.8616044521331787,,,0.009136836044490337
1868,13.0,741,0.7365005016326904,,,0.009319985285401344
1869,17.0,914,0.9191007614135742,,,0.011284293606877327
1870,16.0,843,0.8403980731964111,,,0.017471179366111755
1871,21.0,909,0.9159700870513916,,,0.0124898012727499
1872,27.0,961,0.9789392948150635,,,0.1278298795223236
1873,17.0,993,0.9948439598083496,,,0.013177157379686832
1874,20.0,1078,1.0771305561065674,,,0.020123368129134178
1875,7.0,614,0.6200590133666992,,,0.05698919668793678
1876,8.0,868,0.8675990104675293,,,0.009693811647593975
1877,8.0,659,0.6679668426513672,,,0.013549605384469032
1878,23.0,983,0.9789807796478271,,,0.010831560008227825
1879,3.0,372,0.3781397342681885,,,0.012032516300678253
1880,17.0,968,0.9741916656494141,,,0.03192939609289169
1881,15.0,743,0.7545533180236816,,,0.021621502935886383
1882,5.0,489,0.498673677444458,,,0.011991335079073906
1883,18.0,909,0.9191570281982422,,,0.011613206937909126
1884,7.0,619,0.6274747848510742,,,0.029476698487997055
1885,11.0,614,0.6238539218902588,,,0.00824696570634842
1886,18.0,1005,1.004835844039917,,,0.0129228625446558
1887,22.0,965,0.970940351486206,,,0.013275781646370888
1888,24.0,950,0.9535231590270996,,,0.008998293429613113
1889,20.0,1022,1.0292794704437256,,,0.06392236799001694
1890,18.0,1121,1.1172499656677246,,,0.09415078163146973
1891,18.0,962,0.9546465873718262,,,0.0061372872442007065
1892,5.0,497,0.49657177925109863,,,0.009189830161631107
1893,10.0,657,0.666532039642334,,,0.009693457745015621
1894,16.0,831,0.8348572254180908,,,0.01098150759935379
1895,17.0,951,0.9485135078430176,,,0.008456392213702202
1896,21.0,922,0.9287734031677246,,,0.018762260675430298
1897,23.0,899,0.9432976245880127,,,0.07944918423891068
1898,20.0,997,1.0125298500061035,,,0.010351419448852539
1899,18.0,883,0.8899393081665039,,,0.010327301919460297
1900,33.0,1502,1.475339412689209,,,0.011710084974765778
1901,17.0,1027,1.0440707206726074,,,0.01686311699450016
1902,27.0,1271,1.2648932933807373,,,0.008929852396249771
1903,18.0,935,0.9428961277008057,,,0.007677488029003143
1904,2.0,371,0.3694124221801758,,,0.009626626037061214
1905,11.0,669,0.67513108253479,,,0.00876554287970066
1906,20.0,887,0.9043385982513428,,,0.009609420783817768
1907,13.0,722,0.7298450469970703,,,0.012084069661796093
1908,13.0,663,0.6723079681396484,,,0.008179081603884697
1909,10.0,649,0.6594762802124023,,,0.010005801916122437
1910,16.0,1031,1.0248804092407227,,,0.009207921102643013
1911,23.0,1228,1.2342207431793213,,,0.0074017224833369255
1912,22.0,1103,1.1235237121582031,,,0.017547093331813812
1913,8.0,634,0.6472229957580566,,,0.004540441557765007
1914,8.0,467,0.4753866195678711,,,0.00959778018295765
1915,24.0,1108,1.1057538986206055,,,0.010534178465604782
1916,21.0,996,0.9887423515319824,,,0.01772322505712509
1917,0.0,519,0.5268018245697021,,,0.012993615120649338
1918,5.0,527,0.5320248603820801,,,0.013966052792966366
1919,21.0,911,0.9301114082336426,,,0.010352480225265026
1920,3.0,389,0.40601062774658203,,,0.0084906667470932
1921,10.0,619,0.6328458786010742,,,0.014817561022937298
1922,9.0,859,0.8741326332092285,,,0.025486363098025322
1923,13.0,658,0.6723289489746094,,,0.09294585883617401
1924,33.0,1384,1.3867707252502441,,,0.018029997125267982
1925,7.0,469,0.48329615592956543,,,0.008458978496491909
1926,11.0,847,0.866441011428833,,,0.024953659623861313
1927,11.0,696,0.6982576847076416,,,0.02898775041103363
1928,19.0,1021,1.0339782238006592,,,0.05503228306770325
1929,11.0,711,0.724088191986084,,,0.005020137410610914
1930,13.0,901,0.9279403686523438,,,0.004694727249443531
1931,9.0,646,0.6532888412475586,,,0.005972503684461117
1932,9.0,707,0.7204179763793945,,,0.011995913460850716
1933,14.0,568,0.5837540626525879,,,0.007047930732369423
1934,10.0,890,0.8952581882476807,,,0.011841114610433578
1935,23.0,885,0.9073677062988281,,,0.010008862242102623
1936,20.0,987,1.000312328338623,,,0.008020099252462387
1937,20.0,1032,1.0369110107421875,,,0.02228611707687378
1938,20.0,883,0.8879976272583008,,,0.008364569395780563
1939,8.0,520,0.5305130481719971,,,0.005758472252637148
1940,10.0,623,0.6487336158752441,,,0.007477724924683571
1941,20.0,992,1.017460584640503,,,0.01504390500485897
1942,15.0,712,0.7333700656890869,,,0.01027718372642994
1943,9.0,511,0.5235090255737305,,,0.01128079742193222
1944,17.0,853,0.873119592666626,,,0.010521517135202885
1945,20.0,729,0.7442772388458252,,,0.017065130174160004
1946,9.0,698,0.714139461517334,,,0.015717636793851852
1947,22.0,857,0.8764591217041016,,,0.012622903101146221
1948,6.0,707,0.7176029682159424,,,0.05361868441104889
1949,16.0,851,0.8631632328033447,,,0.005810226313769817
1950,17.0,791,0.8218514919281006,,,0.009066365659236908
1951,12.0,811,0.8329565525054932,,,0.008704441599547863
1952,15.0,741,0.7541162967681885,,,0.008426032960414886
1953,16.0,770,0.7928595542907715,,,0.010474196635186672
1954,11.0,694,0.7156596183776855,,,0.012934600003063679
1955,11.0,655,0.6764516830444336,,,0.009310131892561913
1956,20.0,896,0.9096004962921143,,,0.06418997049331665
1957,17.0,855,0.8540627956390381,,,0.00790419988334179
1958,21.0,779,0.7764644622802734,,,0.014507120475172997
1959,20.0,1052,1.0401077270507812,,,0.006049813702702522
1960,7.0,553,0.5621581077575684,,,0.009657889604568481
1961,15.0,842,0.8379127979278564,,,0.11076785624027252
1962,19.0,1025,1.0272998809814453,,,0.023055510595440865
1963,21.0,836,0.840177059173584,,,0.014203262515366077
1964,13.0,793,0.7917871475219727,,,0.008439825847744942
1965,18.0,1050,1.0475199222564697,,,0.11415448784828186
1966,20.0,1064,1.0616767406463623,,,0.010102590546011925
1967,4.0,471,0.4766712188720703,,,0.012750932946801186
1968,20.0,1070,1.0783476829528809,,,0.011517781764268875
1969,14.0,727,0.7504453659057617,,,0.01990428939461708
1970,17.0,881,0.9043943881988525,,,0.00843497272580862
1971,5.0,618,0.6323397159576416,,,0.0895589292049408
1972,15.0,1126,1.1541111469268799,,,0.063146211206913
1973,5.0,538,0.5460629463195801,,,0.060285016894340515
1974,3.0,463,0.4623992443084717,,,0.08457659929990768
1975,6.0,659,0.6641480922698975,,,0.014764077961444855
1976,19.0,958,0.985184907913208,,,0.01472197100520134
1977,28.0,1352,1.377838373184204,,,0.0077369194477796555
1978,12.0,635,0.6316430568695068,,,0.0060588289052248
1979,5.0,885,0.8805766105651855,,,0.014168614521622658
1980,11.0,804,0.8027667999267578,,,0.012948786839842796
1981,19.0,989,0.9801735877990723,,,0.014403432607650757
1982,5.0,561,0.5637478828430176,,,0.03278055787086487
1983,20.0,1041,1.0408031940460205,,,0.012248917482793331
1984,19.0,783,0.777632474899292,,,0.02085500955581665
1985,5.0,606,0.6049883365631104,,,0.014028571546077728
1986,25.0,1159,1.131392240524292,,,0.010126261971890926
1987,4.0,607,0.6147878170013428,,,0.008392485789954662
1988,4.0,584,0.6047990322113037,,,0.016269640997052193
1989,16.0,800,0.8175613880157471,,,0.01269388385117054
1990,11.0,813,0.8288931846618652,,,0.007322958670556545
1991,12.0,645,0.6486449241638184,,,0.01133410818874836
1992,10.0,654,0.6616132259368896,,,0.010070104151964188
1993,21.0,942,0.9558641910552979,,,0.0063420310616493225
1994,16.0,809,0.825129508972168,,,0.010214559733867645
1995,16.0,942,0.9610457420349121,,,0.009535735473036766
1996,16.0,782,0.8124558925628662,,,0.10732005536556244
1997,13.0,794,0.8184390068054199,,,0.015199624933302402
1998,22.0,923,0.9169864654541016,,,0.02520759031176567
1999,16.0,749,0.7511196136474609,,,0.010459422133862972
2000,25.0,1090,1.0838303565979004,,,0.012349064461886883
2001,4.0,390,0.40074634552001953,,,0.07827827334403992
2002,16.0,699,0.7257120609283447,,,0.008043928071856499
2003,25.0,920,0.9340345859527588,,,0.011444938369095325
2004,18.0,753,0.7738447189331055,,,0.005894491448998451
2005,8.0,569,0.5848042964935303,,,0.010450882837176323
2006,7.0,655,0.6760392189025879,,,0.006956262979656458
2007,8.0,617,0.6387796401977539,,,0.0145392632111907
2008,25.0,1074,1.0932807922363281,,,0.09674662351608276
2009,17.0,1035,1.0566191673278809,,,0.021241197362542152
2010,10.0,516,0.5073139667510986,,,0.008412843570113182
2011,20.0,708,0.7127213478088379,,,0.013188324868679047
2012,15.0,769,0.7662472724914551,,,0.02258051000535488
2013,20.0,953,0.9579236507415771,,,0.12489253282546997
2014,23.0,1139,1.1365365982055664,,,0.0068317074328660965
2015,24.0,1060,1.075425624847412,,,0.08423572778701782
2016,2.0,379,0.396742582321167,,,0.0700930580496788
2017,12.0,833,0.858651876449585,,,0.011617060750722885
2018,5.0,367,0.3804025650024414,,,0.011462614871561527
2019,8.0,485,0.5007495880126953,,,0.01645067147910595
2020,11.0,801,0.8287780284881592,,,0.01237322948873043
2021,22.0,1069,1.0961582660675049,,,0.013988951221108437
2022,29.0,1560,1.548574686050415,,,0.013174262829124928
2023,14.0,993,1.0219314098358154,,,0.010322583839297295
2024,15.0,748,0.740849494934082,,,0.015463779680430889
2025,5.0,449,0.46488189697265625,,,0.010901945643126965
2026,15.0,822,0.8410623073577881,,,0.012008990161120892
2027,18.0,923,0.9459259510040283,,,0.019090376794338226
2028,11.0,793,0.8208777904510498,,,0.0167410708963871
2029,4.0,558,0.5762300491333008,,,0.007034683134406805
2030,3.0,357,0.37823009490966797,,,0.007740762084722519
2031,20.0,890,0.917217493057251,,,0.06869270652532578
2032,11.0,621,0.6260538101196289,,,0.019496921449899673
2033,21.0,837,0.8670892715454102,,,0.025944489985704422
2034,15.0,883,0.9086825847625732,,,0.09062075614929199
2035,8.0,545,0.5625295639038086,,,0.008629301562905312
2036,14.0,675,0.7035994529724121,,,0.0697731003165245
2037,26.0,1078,1.1054534912109375,,,0.006334349513053894
2038,21.0,965,0.9973752498626709,,,0.012049407698214054
2039,15.0,699,0.725156307220459,,,0.01065138727426529
2040,15.0,737,0.7639992237091064,,,0.010816531255841255
2041,12.0,619,0.6352076530456543,,,0.017056185752153397
2042,9.0,646,0.6697721481323242,,,0.10879221558570862
2043,22.0,1143,1.1900901794433594,,,0.012463323771953583
2044,25.0,882,0.9161515235900879,,,0.012504534795880318
2045,11.0,599,0.6258435249328613,,,0.010152403265237808
2046,17.0,873,0.8906764984130859,,,0.006747792009264231
2047,13.0,977,1.0011413097381592,,,0.06377051025629044
2048,11.0,741,0.765084981918335,,,0.008873673155903816
2049,6.0,518,0.5359084606170654,,,0.007477399427443743
2050,13.0,538,0.5412547588348389,,,0.008147692307829857
2051,13.0,708,0.7349071502685547,,,0.012292650528252125
2052,21.0,1471,1.5043723583221436,,,0.011615372262895107
2053,8.0,699,0.7253909111022949,,,0.017874017357826233
2054,19.0,1060,1.0952587127685547,,,0.008928596042096615
2055,16.0,1063,1.0958876609802246,,,0.0153813436627388
2056,8.0,617,0.6363198757171631,,,0.006594047881662846
2057,26.0,1108,1.127537488937378,,,0.008725572377443314
2058,21.0,1020,1.0477497577667236,,,0.1578526496887207
2059,17.0,1008,1.0300981998443604,,,0.01096152700483799
2060,24.0,1227,1.2220735549926758,,,0.012991859577596188
2061,11.0,714,0.730806827545166,,,0.008456984534859657
2062,25.0,1067,1.0958781242370605,,,0.010315053164958954
2063,21.0,841,0.8695476055145264,,,0.011942602694034576
2064,5.0,368,0.38498544692993164,,,0.013170178979635239
2065,12.0,744,0.7662639617919922,,,0.08044376969337463
2066,8.0,681,0.6893153190612793,,,0.01143734622746706
2067,21.0,747,0.7518055438995361,,,0.014616966247558594
2068,21.0,1123,1.146195888519287,,,0.004797319415956736
2069,7.0,603,0.6304943561553955,,,0.021679092198610306
2070,9.0,657,0.6845722198486328,,,0.01227349042892456
2071,10.0,581,0.6053404808044434,,,0.06485503911972046
2072,23.0,989,0.9890010356903076,,,0.024733252823352814
2073,17.0,909,0.9174091815948486,,,0.008988478220999241
2074,20.0,843,0.8489875793457031,,,0.008941818960011005
2075,27.0,1408,1.418917179107666,,,0.010957421734929085
2076,18.0,821,0.8350181579589844,,,0.010894250124692917
2077,20.0,1048,1.0840954780578613,,,0.01165446825325489
2078,10.0,679,0.7119407653808594,,,0.014568055048584938
2079,4.0,532,0.558790922164917,,,0.019765883684158325
2080,16.0,743,0.7724552154541016,,,0.10187584906816483
2081,14.0,862,0.8983235359191895,,,0.014665082097053528
2082,8.0,533,0.5530109405517578,,,0.010542711243033409
2083,21.0,819,0.8588118553161621,,,0.017109522596001625
2084,7.0,603,0.6281611919403076,,,0.008665717206895351
2085,14.0,707,0.7371735572814941,,,0.006898186169564724
2086,29.0,1425,1.4555304050445557,,,0.01188279315829277
2087,13.0,633,0.6544897556304932,,,0.020640738308429718
2088,14.0,921,0.9500908851623535,,,0.014269411563873291
2089,15.0,617,0.6455714702606201,,,0.02216939628124237
2090,20.0,1036,1.0786361694335938,,,0.006849080324172974
2091,11.0,665,0.6961126327514648,,,0.015877431258559227
2092,11.0,682,0.71771240234375,,,0.017870407551527023
2093,21.0,967,1.002415657043457,,,0.010139266029000282
2094,6.0,589,0.6169376373291016,,,0.012957392260432243
2095,23.0,1055,1.0852606296539307,,,0.07189685106277466
2096,15.0,893,0.9301903247833252,,,0.019690774381160736
2097,24.0,1026,1.0708296298980713,,,0.008878115564584732
2098,16.0,595,0.6203935146331787,,,0.02195686846971512
2099,10.0,687,0.7054953575134277,,,0.018284913152456284
2100,27.0,1246,1.2700984477996826,,,0.09926995635032654
2101,26.0,1015,1.0359253883361816,,,0.008679643273353577
2102,13.0,902,0.9177823066711426,,,0.010223638266324997
2103,17.0,734,0.7795712947845459,,,0.012087231501936913
2104,18.0,840,0.8552370071411133,,,0.11566197127103806
2105,16.0,797,0.8290667533874512,,,0.06295417994260788
2106,28.0,1299,1.3110876083374023,,,0.16226673126220703
2107,13.0,855,0.8889214992523193,,,0.008730809204280376
2108,12.0,658,0.6928093433380127,,,0.010732991620898247
2109,20.0,766,0.8068902492523193,,,0.01031460426747799
2110,24.0,949,0.9695794582366943,,,0.008334365673363209
2111,15.0,801,0.8201441764831543,,,0.06468746066093445
2112,13.0,724,0.757889986038208,,,0.015896713361144066
2113,14.0,627,0.642714262008667,,,0.009332042187452316
2114,22.0,964,0.9857070446014404,,,0.010671066120266914
2115,11.0,675,0.687434196472168,,,0.008022786118090153
2116,15.0,869,0.8964622020721436,,,0.01145972404628992
2117,22.0,1085,1.1150870323181152,,,0.036480166018009186
2118,11.0,546,0.5586841106414795,,,0.01636660471558571
2119,27.0,1461,1.4739439487457275,,,0.018298903480172157
2120,15.0,940,0.9778742790222168,,,0.07151125371456146
2121,10.0,581,0.5974931716918945,,,0.012968474067747593
2122,11.0,671,0.6977546215057373,,,0.007713484577834606
2123,24.0,1105,1.1112756729125977,,,0.1061379462480545
2124,23.0,1010,1.0222444534301758,,,0.07651418447494507
2125,12.0,750,0.7691586017608643,,,0.01166984811425209
2126,12.0,735,0.7582919597625732,,,0.019534258171916008
2127,23.0,928,0.9536762237548828,,,0.032406311482191086
2128,23.0,891,0.9182512760162354,,,0.009743214584887028
2129,17.0,914,0.9413001537322998,,,0.06765834242105484
2130,15.0,851,0.8935999870300293,,,0.011544247157871723
2131,21.0,1046,1.0879569053649902,,,0.06538417190313339
2132,23.0,1059,1.0830113887786865,,,0.09258302301168442
2133,32.0,1375,1.4190075397491455,,,0.012234058231115341
2134,13.0,919,0.9703054428100586,,,0.01836778223514557
2135,15.0,1060,1.0954875946044922,,,0.006730946246534586
2136,15.0,1062,1.0888557434082031,,,0.008574255742132664
2137,5.0,485,0.5041677951812744,,,0.0073465206660330296
2138,21.0,954,0.9756195545196533,,,0.011447731405496597
2139,15.0,732,0.7531726360321045,,,0.006010962650179863
2140,28.0,1195,1.2160894870758057,,,0.007812628522515297
2141,24.0,1159,1.1750872135162354,,,0.008701035752892494
2142,22.0,987,1.0270335674285889,,,0.02691320702433586
2143,29.0,1221,1.2521185874938965,,,0.07785845547914505
2144,15.0,852,0.8894314765930176,,,0.023006727918982506
2145,18.0,761,0.7848110198974609,,,0.12400168180465698
2146,16.0,941,0.9680492877960205,,,0.00643686018884182
2147,11.0,753,0.7854094505310059,,,0.01421231310814619
2148,18.0,793,0.8177223205566406,,,0.00723595917224884
2149,13.0,857,0.8932604789733887,,,0.013719531707465649
2150,28.0,1339,1.3564245700836182,,,0.026744285598397255
2151,8.0,417,0.4410526752471924,,,0.015592306852340698
2152,9.0,689,0.7249770164489746,,,0.015039721503853798
2153,11.0,640,0.6698920726776123,,,0.012855332344770432
2154,12.0,857,0.8981971740722656,,,0.10161121189594269
2155,5.0,455,0.4704623222351074,,,0.06639351695775986
2156,13.0,647,0.677372932434082,,,0.009720535017549992
2157,16.0,827,0.8502247333526611,,,0.013947047293186188
2158,11.0,897,0.9272780418395996,,,0.01113329827785492
2159,12.0,621,0.6424262523651123,,,0.015293028205633163
2160,12.0,783,0.805509090423584,,,0.015292098745703697
2161,9.0,483,0.49927687644958496,,,0.07214641571044922
2162,14.0,873,0.8974435329437256,,,0.012374380603432655
2163,21.0,795,0.822857141494751,,,0.008075222373008728
2164,11.0,670,0.7077724933624268,,,0.01840881258249283
2165,18.0,739,0.7775270938873291,,,0.010312252677977085
2166,18.0,851,0.8920648097991943,,,0.01112061645835638
2167,17.0,791,0.8224954605102539,,,0.12012398988008499
2168,17.0,964,0.9941868782043457,,,0.07423877716064453
2169,20.0,787,0.8127996921539307,,,0.010080723091959953
2170,11.0,801,0.8299281597137451,,,0.012350564822554588
2171,3.0,379,0.40172719955444336,,,0.1540958434343338
2172,9.0,671,0.6984891891479492,,,0.01116980705410242
2173,17.0,970,1.0180792808532715,,,0.013472519814968109
2174,20.0,965,1.0108263492584229,,,0.005908132530748844
2175,11.0,693,0.7155871391296387,,,0.014936074614524841
2176,16.0,771,0.7966580390930176,,,0.015211627818644047
2177,18.0,1038,1.0575730800628662,,,0.13165521621704102
2178,11.0,870,0.8841981887817383,,,0.08520504832267761
2179,5.0,483,0.5063540935516357,,,0.009260149672627449
2180,13.0,644,0.6757738590240479,,,0.015235399827361107
2181,17.0,801,0.8365292549133301,,,0.015370998531579971
2182,6.0,487,0.511242151260376,,,0.014374562539160252
2183,7.0,635,0.6578919887542725,,,0.014696566388010979
2184,13.0,855,0.8888108730316162,,,0.0093606635928154
2185,12.0,859,0.8925790786743164,,,0.008177821524441242
2186,24.0,1127,1.1628375053405762,,,0.006887759082019329
2187,27.0,1103,1.1393487453460693,,,0.012033950537443161
2188,18.0,888,0.9123177528381348,,,0.008393067866563797
2189,13.0,792,0.8181765079498291,,,0.009347948245704174
2190,23.0,847,0.8708562850952148,,,0.013381294906139374
2191,14.0,1001,1.0328538417816162,,,0.006387066561728716
2192,5.0,523,0.5510878562927246,,,0.008173655718564987
2193,19.0,1025,1.0721635818481445,,,0.007494810502976179
2194,6.0,433,0.4647336006164551,,,0.0051561398431658745
2195,8.0,557,0.5951564311981201,,,0.007505797781050205
2196,17.0,816,0.8556613922119141,,,0.009374051354825497
2197,4.0,339,0.35333895683288574,,,0.008289497345685959
2198,16.0,700,0.7305195331573486,,,0.007248488254845142
2199,8.0,437,0.45633554458618164,,,0.008301557041704655
2200,18.0,647,0.6886816024780273,,,0.017072543501853943
2201,15.0,851,0.8970534801483154,,,0.008897841908037663
2202,19.0,981,1.0144257545471191,,,0.0110734011977911
2203,25.0,819,0.8415040969848633,,,0.015216067433357239
2204,21.0,761,0.792325496673584,,,0.14326009154319763
2205,13.0,623,0.6570382118225098,,,0.017813794314861298
2206,19.0,874,0.923424482345581,,,0.025076938793063164
2207,18.0,852,0.887737512588501,,,0.006720002740621567
2208,18.0,920,0.9510023593902588,,,0.01294668298214674
2209,12.0,779,0.8014004230499268,,,0.010244798846542835
2210,12.0,633,0.6573784351348877,,,0.10587631911039352
2211,24.0,942,0.9718921184539795,,,0.1478910595178604
2212,10.0,505,0.5201625823974609,,,0.004753604531288147
2213,22.0,921,0.950977087020874,,,0.0352565199136734
2214,17.0,854,0.8966481685638428,,,0.009832935407757759
2215,15.0,753,0.7983472347259521,,,0.017518118023872375
2216,14.0,806,0.8320021629333496,,,0.011246142908930779
2217,16.0,802,0.8335578441619873,,,0.009651816450059414
2218,9.0,630,0.6613185405731201,,,0.009979675523936749
2219,7.0,743,0.7782993316650391,,,0.011533751152455807
2220,17.0,751,0.7879042625427246,,,0.012104040011763573
2221,13.0,849,0.8904187679290771,,,0.019350972026586533
2222,18.0,909,0.95853590965271,,,0.015789560973644257
2223,12.0,703,0.7319803237915039,,,0.010365383699536324
2224,6.0,529,0.5515289306640625,,,0.007087515667080879
2225,9.0,795,0.8295314311981201,,,0.012577751651406288
2226,8.0,630,0.6608858108520508,,,0.010938214138150215
2227,25.0,1070,1.116131067276001,,,0.013249942101538181
2228,27.0,1367,1.384326457977295,,,0.007049976382404566
2229,18.0,804,0.8261175155639648,,,0.01101015880703926
2230,26.0,1128,1.1633672714233398,,,0.007666805759072304
2231,25.0,1051,1.0974249839782715,,,0.009760024026036263
2232,24.0,1040,1.0950090885162354,,,0.006917285732924938
2233,7.0,484,0.5121393203735352,,,0.013438144698739052
2234,8.0,622,0.6516554355621338,,,0.011559088714420795
2235,21.0,1143,1.192760944366455,,,0.009303009137511253
2236,27.0,1131,1.1688446998596191,,,0.0067784665152430534
2237,10.0,603,0.628389835357666,,,0.01310289278626442
2238,20.0,741,0.7645831108093262,,,0.006384049542248249
2239,27.0,1319,1.3441009521484375,,,0.008952628821134567
2240,24.0,1031,1.0665123462677002,,,0.006557956337928772
2241,17.0,829,0.8532381057739258,,,0.011389619670808315
2242,20.0,896,0.9343743324279785,,,0.016970502212643623
2243,13.0,699,0.7253973484039307,,,0.007720275316387415
2244,20.0,1169,1.210362434387207,,,0.07186603546142578
2245,22.0,1035,1.0764832496643066,,,0.01719249039888382
2246,8.0,523,0.541710615158081,,,0.014508172869682312
2247,19.0,981,1.0207633972167969,,,0.01820388436317444
2248,22.0,1156,1.2080037593841553,,,0.008296554908156395
2249,7.0,547,0.5778498649597168,,,0.012180618941783905
2250,17.0,829,0.867417573928833,,,0.008803892880678177
2251,25.0,1063,1.1025917530059814,,,0.007610799744725227
2252,15.0,762,0.7899718284606934,,,0.0063811736181378365
2253,22.0,939,0.9723668098449707,,,0.013766860589385033
2254,21.0,1016,1.0382561683654785,,,0.10922694206237793
2255,31.0,1382,1.409771203994751,,,0.00879757571965456
2256,14.0,752,0.7868955135345459,,,0.008538393303751945
2257,31.0,1321,1.364105224609375,,,0.010909238830208778
2258,6.0,581,0.6060914993286133,,,0.01939108595252037
2259,21.0,1023,1.0511603355407715,,,0.009992184117436409
2260,11.0,511,0.5315406322479248,,,0.009211065247654915
2261,16.0,816,0.8320717811584473,,,0.012432261370122433
2262,12.0,814,0.8455822467803955,,,0.006500754505395889
2263,12.0,539,0.5559041500091553,,,0.013470415025949478
2264,4.0,479,0.49605536460876465,,,0.07803546637296677
2265,25.0,1255,1.2899703979492188,,,0.012312034144997597
2266,25.0,1191,1.2333135604858398,,,0.013139287009835243
2267,26.0,1174,1.2315433025360107,,,0.006147378124296665
2268,12.0,902,0.9462878704071045,,,0.08603200316429138
2269,17.0,847,0.8772635459899902,,,0.00599678885191679
2270,19.0,1343,1.4047203063964844,,,0.00643968628719449
2271,21.0,931,0.9714140892028809,,,0.006970991846174002
2272,18.0,923,0.9616668224334717,,,0.09569507837295532
2273,16.0,857,0.9113702774047852,,,0.14981040358543396
2274,11.0,628,0.6591744422912598,,,0.014323975890874863
2275,18.0,932,0.9734864234924316,,,0.01244301162660122
2276,19.0,853,0.8930861949920654,,,0.008614728227257729
2277,17.0,1137,1.1828162670135498,,,0.014592363499104977
2278,12.0,637,0.6724395751953125,,,0.09863191843032837
2279,26.0,1031,1.0789282321929932,,,0.1156608909368515
2280,28.0,1191,1.211547613143921,,,0.010590538382530212
2281,24.0,1021,1.0592002868652344,,,0.014844194054603577
2282,15.0,743,0.7792689800262451,,,0.008650151081383228
2283,4.0,510,0.532639741897583,,,0.009504684247076511
2284,11.0,706,0.7273011207580566,,,0.010033128783106804
2285,29.0,1368,1.3875939846038818,,,0.1087256669998169
2286,9.0,520,0.5412883758544922,,,0.006714242044836283
2287,19.0,901,0.9303126335144043,,,0.010534168221056461
2288,11.0,645,0.6842091083526611,,,0.08608656376600266
2289,9.0,593,0.6230490207672119,,,0.013970155268907547
2290,9.0,513,0.5363185405731201,,,0.009816857054829597
2291,31.0,1293,1.3300211429595947,,,0.032346561551094055
2292,19.0,959,0.9908192157745361,,,0.005958574824035168
2293,16.0,1006,1.0669276714324951,,,0.006524183321744204
2294,21.0,747,0.7822527885437012,,,0.005543252918869257
2295,19.0,1051,1.0801045894622803,,,0.010585125535726547
2296,13.0,673,0.7051873207092285,,,0.005833636969327927
2297,7.0,499,0.5264010429382324,,,0.09311944991350174
2298,15.0,865,0.916815996170044,,,0.008663367480039597
2299,13.0,725,0.7689118385314941,,,0.01083268504589796
2300,15.0,755,0.7825963497161865,,,0.019987046718597412
2301,14.0,771,0.8179433345794678,,,0.006635764613747597
2302,20.0,989,1.037529468536377,,,0.008013563230633736
2303,20.0,940,0.9668059349060059,,,0.011484147049486637
2304,13.0,603,0.635108470916748,,,0.010643810965120792
2305,26.0,1053,1.0983119010925293,,,0.01456876378506422
2306,29.0,1223,1.27553129196167,,,0.006415745243430138
2307,30.0,1394,1.426269292831421,,,0.07950779050588608
2308,20.0,833,0.8581657409667969,,,0.06835536658763885
2309,19.0,980,1.0163938999176025,,,0.014237809926271439
2310,14.0,868,0.9127273559570312,,,0.014011457562446594
2311,29.0,1215,1.2466702461242676,,,0.010435535572469234
2312,10.0,588,0.6124796867370605,,,0.01919317990541458
2313,17.0,729,0.7814533710479736,,,0.00925469771027565
2314,5.0,375,0.4040231704711914,,,0.005479128565639257
2315,17.0,949,0.9940133094787598,,,0.010018318891525269
2316,14.0,651,0.6810183525085449,,,0.005819094367325306
2317,5.0,655,0.6980526447296143,,,0.006456957198679447
2318,18.0,837,0.8737735748291016,,,0.012623999267816544
2319,17.0,1058,1.093400239944458,,,0.009208112955093384
2320,12.0,814,0.8405063152313232,,,0.11347764730453491
2321,11.0,756,0.792595624923706,,,0.07731802761554718
2322,23.0,845,0.8713927268981934,,,0.013858123682439327
2323,19.0,852,0.8981873989105225,,,0.011078466661274433
2324,13.0,655,0.6760649681091309,,,0.006168606225401163
2325,6.0,477,0.512298583984375,,,0.07520309090614319
2326,18.0,841,0.8820314407348633,,,0.012661820277571678
2327,13.0,660,0.6945343017578125,,,0.008904322050511837
2328,16.0,699,0.7279679775238037,,,0.009696289896965027
2329,9.0,486,0.5171868801116943,,,0.11449707299470901
2330,3.0,403,0.42886877059936523,,,0.006677708588540554
2331,19.0,924,0.967778205871582,,,0.019160304218530655
2332,24.0,861,0.8891000747680664,,,0.01792037859559059
2333,16.0,1043,1.0978772640228271,,,0.007830500602722168
2334,13.0,741,0.7749567031860352,,,0.011495295912027359
2335,10.0,813,0.8632650375366211,,,0.008138545788824558
2336,19.0,1015,1.0683424472808838,,,0.07294412702322006
2337,14.0,645,0.6747517585754395,,,0.07749319076538086
2338,8.0,515,0.540747880935669,,,0.00679351482540369
2339,11.0,926,0.9727275371551514,,,0.01062318217009306
2340,17.0,1146,1.197831153869629,,,0.018570326268672943
2341,4.0,513,0.5468883514404297,,,0.009809783659875393
2342,12.0,663,0.7029469013214111,,,0.010729558765888214
2343,16.0,840,0.8696203231811523,,,0.012300360947847366
2344,31.0,1042,1.082505702972412,,,0.08333911746740341
2345,15.0,1019,1.0941946506500244,,,0.007827862165868282
2346,24.0,1187,1.2319414615631104,,,0.010845938697457314
2347,23.0,1091,1.1290042400360107,,,0.011544561944901943
2348,27.0,1106,1.1525263786315918,,,0.007397448644042015
2349,22.0,979,1.0452156066894531,,,0.007548426277935505
2350,26.0,1207,1.2568888664245605,,,0.010554329492151737
2351,30.0,1251,1.3050262928009033,,,0.018039099872112274
2352,4.0,502,0.5269806385040283,,,0.007562289014458656
2353,25.0,1021,1.059861183166504,,,0.01199833583086729
2354,23.0,1025,1.0733861923217773,,,0.01131047960370779
2355,17.0,779,0.8108203411102295,,,0.0073644551448524
2356,17.0,934,0.9781138896942139,,,0.011831805109977722
2357,26.0,1267,1.3077113628387451,,,0.008717015385627747
2358,18.0,747,0.8035628795623779,,,0.1165708675980568
2359,6.0,629,0.6650235652923584,,,0.016476688906550407
2360,20.0,889,0.9348158836364746,,,0.14847637712955475
2361,24.0,1025,1.0607109069824219,,,0.009578906930983067
2362,19.0,935,0.9725191593170166,,,0.009589244611561298
2363,19.0,730,0.7605102062225342,,,0.015543132089078426
2364,22.0,804,0.8500237464904785,,,0.0069951629266142845
2365,8.0,629,0.6635017395019531,,,0.014967554248869419
2366,19.0,793,0.8351442813873291,,,0.009785530157387257
2367,20.0,893,0.937476396560669,,,0.013945922255516052
2368,21.0,899,0.9502372741699219,,,0.004624864086508751
2369,17.0,853,0.886390209197998,,,0.08225986361503601
2370,16.0,806,0.8321263790130615,,,0.007848888635635376
2371,8.0,559,0.5728983879089355,,,0.010164571925997734
2372,25.0,955,0.975679874420166,,,0.0798800140619278
2373,7.0,647,0.6729140281677246,,,0.0063821058720350266
2374,21.0,1027,1.0694830417633057,,,0.10894154757261276
2375,19.0,893,0.9361100196838379,,,0.015228910371661186
2376,12.0,570,0.5876655578613281,,,0.02791072428226471
2377,17.0,857,0.9113132953643799,,,0.018281076103448868
2378,27.0,1203,1.2547311782836914,,,0.007167475298047066
2379,2.0,346,0.3702073097229004,,,0.00833231583237648
2380,27.0,1188,1.235424518585205,,,0.009125868789851665
2381,8.0,490,0.5266923904418945,,,0.08510700613260269
2382,8.0,647,0.6915848255157471,,,0.014344388619065285
2383,28.0,1460,1.4999594688415527,,,0.007996736094355583
2384,16.0,992,1.013993501663208,,,0.005602997727692127
2385,17.0,938,0.9679336547851562,,,0.012424813583493233
2386,10.0,489,0.5148394107818604,,,0.006814208347350359
2387,15.0,903,0.9556319713592529,,,0.006688549183309078
2388,10.0,696,0.7387981414794922,,,0.1041950061917305
2389,11.0,537,0.579890251159668,,,0.00712854228913784
2390,29.0,984,1.0346338748931885,,,0.010775366798043251
2391,13.0,641,0.6782162189483643,,,0.008466272614896297
2392,30.0,1285,1.3612444400787354,,,0.012815320864319801
2393,11.0,641,0.6685750484466553,,,0.016033686697483063
2394,18.0,889,0.950739860534668,,,0.008038626052439213
2395,19.0,951,1.008500337600708,,,0.013451461680233479
2396,33.0,1629,1.6856954097747803,,,0.008815973997116089
2397,21.0,1004,1.0466620922088623,,,0.007936458103358746
2398,24.0,983,1.0058660507202148,,,0.007560199126601219
2399,29.0,1287,1.3551239967346191,,,0.008754268288612366
2400,18.0,974,1.0354578495025635,,,0.00952518917620182
2401,17.0,739,0.7745752334594727,,,0.021078748628497124
2402,17.0,859,0.8870770931243896,,,0.010084467008709908
2403,26.0,1108,1.1414589881896973,,,0.08199507743120193
2404,18.0,941,0.9802868366241455,,,0.009649720974266529
2405,12.0,724,0.749361515045166,,,0.00639648362994194
2406,18.0,865,0.9061274528503418,,,0.012277627363801003
2407,24.0,1101,1.1684277057647705,,,0.08708073198795319
2408,14.0,549,0.5877962112426758,,,0.01012952346354723
2409,23.0,932,0.9853458404541016,,,0.012905496172606945
2410,15.0,837,0.8859586715698242,,,0.008790973573923111
2411,16.0,913,0.9671895503997803,,,0.007977177388966084
2412,23.0,1298,1.3423588275909424,,,0.006824679207056761
2413,4.0,389,0.40456700325012207,,,0.01258278638124466
2414,2.0,522,0.5567395687103271,,,0.006585915572941303
2415,27.0,1105,1.1452102661132812,,,0.024028532207012177
2416,19.0,861,0.8853437900543213,,,0.012279042974114418
2417,14.0,827,0.8681650161743164,,,0.015143916942179203
2418,20.0,1002,1.0446760654449463,,,0.006817940156906843
2419,8.0,503,0.5239157676696777,,,0.009253604337573051
2420,16.0,905,0.9355316162109375,,,0.11234118789434433
2421,15.0,763,0.7921462059020996,,,0.013330811634659767
2422,2.0,371,0.38555264472961426,,,0.013746407814323902
2423,17.0,757,0.809319257736206,,,0.007823335006833076
2424,29.0,1435,1.509873628616333,,,0.015018587000668049
2425,28.0,1226,1.2673022747039795,,,0.011059021577239037
2426,18.0,819,0.8492612838745117,,,0.009640248492360115
2427,23.0,975,1.0019831657409668,,,0.016764698550105095
2428,24.0,1159,1.1831169128417969,,,0.007366099860519171
2429,15.0,846,0.876267671585083,,,0.011017763055860996
2430,14.0,775,0.8026633262634277,,,0.015601548366248608
2431,16.0,847,0.8773989677429199,,,0.008367188274860382
2432,17.0,1070,1.0975871086120605,,,0.008993756026029587
2433,15.0,847,0.8759803771972656,,,0.008916097693145275
2434,23.0,741,0.7585437297821045,,,0.007957559078931808
2435,26.0,955,0.9794018268585205,,,0.006924226880073547
2436,18.0,967,0.9837682247161865,,,0.01170035544782877
2437,5.0,371,0.3853120803833008,,,0.013625076040625572
2438,5.0,525,0.5424215793609619,,,0.013861071318387985
2439,22.0,1091,1.1224861145019531,,,0.012116539292037487
2440,28.0,1041,1.0688626766204834,,,0.009768133983016014
2441,15.0,831,0.8563761711120605,,,0.01836383156478405
2442,24.0,1030,1.06309175491333,,,0.008327972143888474
2443,16.0,962,0.9921720027923584,,,0.011192367412149906
2444,21.0,870,0.901949405670166,,,0.015387802384793758
2445,21.0,888,0.9126002788543701,,,0.014543743804097176
2446,17.0,740,0.7664358615875244,,,0.007211684715002775
2447,17.0,918,0.9506990909576416,,,0.0072855474427342415
2448,15.0,721,0.7515850067138672,,,0.0061394525691866875
2449,22.0,1134,1.1591951847076416,,,0.08895216137170792
2450,30.0,1279,1.301516056060791,,,0.011553868651390076
2451,18.0,1067,1.097681999206543,,,0.0082720797508955
2452,22.0,1007,1.046198844909668,,,0.00904143787920475
2453,26.0,1289,1.3528227806091309,,,0.010586809366941452
2454,22.0,1075,1.1449713706970215,,,0.019227325916290283
2455,22.0,998,1.0607798099517822,,,0.007030049338936806
2456,15.0,839,0.8876328468322754,,,0.0857190266251564
2457,26.0,1295,1.3850631713867188,,,0.007763402536511421
2458,14.0,849,0.9071943759918213,,,0.008359763771295547
2459,30.0,1415,1.4759132862091064,,,0.007251732517033815
2460,10.0,521,0.5597844123840332,,,0.012618121691048145
2461,11.0,877,0.9167129993438721,,,0.007351101841777563
2462,18.0,695,0.7289896011352539,,,0.007537070661783218
2463,23.0,925,0.9557180404663086,,,0.006694850046187639
2464,8.0,577,0.6016786098480225,,,0.007619587704539299
2465,21.0,875,0.9074704647064209,,,0.027688806876540184
2466,12.0,641,0.662895917892456,,,0.009887668304145336
2467,6.0,473,0.4961693286895752,,,0.008132579736411572
2468,20.0,735,0.7648553848266602,,,0.009366026148200035
2469,19.0,1076,1.1186108589172363,,,0.005922534037381411
2470,20.0,869,0.919482946395874,,,0.007358056493103504
2471,12.0,702,0.7509217262268066,,,0.008320728316903114
2472,17.0,937,1.0064804553985596,,,0.0090038375928998
2473,21.0,915,0.9602401256561279,,,0.011030195280909538
2474,27.0,1484,1.5198838710784912,,,0.006590799894183874
2475,12.0,657,0.681372880935669,,,0.008273323997855186
2476,18.0,1039,1.0841314792633057,,,0.007581094279885292
2477,16.0,759,0.7942104339599609,,,0.007833163253962994
2478,26.0,1060,1.1042916774749756,,,0.00891526136547327
2479,19.0,956,1.0119600296020508,,,0.007358809933066368
2480,17.0,970,1.03303861618042,,,0.01943710818886757
2481,16.0,633,0.6729710102081299,,,0.0097086476162076
2482,16.0,741,0.7823057174682617,,,0.08847175538539886
2483,23.0,917,0.9448230266571045,,,0.007436384446918964
2484,28.0,1040,1.064342975616455,,,0.007034919690340757
2485,18.0,858,0.9150104522705078,,,0.005382666364312172
2486,12.0,626,0.671546220779419,,,0.1483081579208374
2487,11.0,641,0.6894443035125732,,,0.007746993564069271
2488,23.0,787,0.853832483291626,,,0.006411270704120398
2489,11.0,853,0.9067769050598145,,,0.12879520654678345
2490,9.0,706,0.7580955028533936,,,0.12008527666330338
2491,13.0,659,0.6959574222564697,,,0.1101270318031311
2492,12.0,650,0.6955883502960205,,,0.006272570230066776
2493,16.0,845,0.9088499546051025,,,0.012169520370662212
2494,31.0,1376,1.456458330154419,,,0.009044628590345383
2495,8.0,634,0.6775529384613037,,,0.006769869010895491
2496,13.0,1134,1.2126009464263916,,,0.014198005199432373
2497,25.0,975,1.024423360824585,,,0.010050230659544468
2498,22.0,999,1.065598964691162,,,0.0046994928270578384
2499,19.0,871,0.9341423511505127,,,0.07733325660228729
2500,19.0,1087,1.1550931930541992,,,0.010582298040390015
2501,19.0,726,0.7744498252868652,,,0.0038155040238052607
2502,11.0,651,0.6933050155639648,,,0.006345842964947224
2503,25.0,1197,1.2783541679382324,,,0.004949006251990795
2504,25.0,1298,1.3582632541656494,,,0.007006906904280186
2505,16.0,738,0.7936625480651855,,,0.009527665562927723
2506,20.0,881,0.9417707920074463,,,0.006432378198951483
2507,16.0,790,0.844947099685669,,,0.01163630560040474
2508,22.0,839,0.8861260414123535,,,0.007508062291890383
2509,14.0,802,0.864922285079956,,,0.015044169500470161
2510,20.0,924,0.9865648746490479,,,0.006574391387403011
2511,19.0,830,0.893641471862793,,,0.00917249545454979
2512,20.0,810,0.8736555576324463,,,0.09172616899013519
2513,29.0,1548,1.6067898273468018,,,0.010260538198053837
2514,6.0,681,0.7193503379821777,,,0.015199704095721245
2515,22.0,938,0.9685752391815186,,,0.09353837370872498
2516,28.0,1325,1.3841454982757568,,,0.008139535784721375
2517,21.0,885,0.9475111961364746,,,0.062199920415878296
2518,24.0,945,1.0164055824279785,,,0.007857631891965866
2519,12.0,895,0.9576711654663086,,,0.009798385202884674
2520,25.0,995,1.0590052604675293,,,0.010117989964783192
2521,27.0,815,0.8755702972412109,,,0.006292380392551422
2522,21.0,1121,1.2071268558502197,,,0.011935693211853504
2523,20.0,854,0.914381742477417,,,0.10785620659589767
2524,6.0,534,0.5631976127624512,,,0.09439107775688171
2525,23.0,933,0.9667148590087891,,,0.08363307267427444
2526,14.0,941,0.9862120151519775,,,0.011492256075143814
2527,13.0,617,0.6776599884033203,,,0.007455156184732914
2528,24.0,1047,1.0913066864013672,,,0.018114769831299782
2529,21.0,830,0.8780920505523682,,,0.007473481819033623
2530,9.0,533,0.567683219909668,,,0.004560346715152264
2531,19.0,877,0.9457652568817139,,,0.00943981297314167
2532,17.0,865,0.926769495010376,,,0.009270412847399712
2533,17.0,813,0.8721275329589844,,,0.009065697900950909
2534,28.0,1123,1.1825168132781982,,,0.008305910974740982
2535,9.0,490,0.5209925174713135,,,0.009232735261321068
2536,22.0,917,0.966172456741333,,,0.06604507565498352
2537,27.0,1047,1.0881750583648682,,,0.011561036109924316
2538,26.0,1283,1.342240333557129,,,0.16239440441131592
2539,20.0,844,0.907170295715332,,,0.2229403853416443
2540,16.0,845,0.9052541255950928,,,0.020381823182106018
2541,10.0,657,0.705864429473877,,,0.009039189666509628
2542,20.0,865,0.9297134876251221,,,0.023120474070310593
2543,21.0,908,0.9418964385986328,,,0.005910838954150677
2544,28.0,1547,1.602548599243164,,,0.011065768077969551
2545,17.0,759,0.7934513092041016,,,0.015501354821026325
2546,31.0,1443,1.4802043437957764,,,0.01036678347736597
2547,21.0,1035,1.0913023948669434,,,0.015327605418860912
2548,17.0,753,0.8147261142730713,,,0.006629059091210365
2549,11.0,747,0.8023576736450195,,,0.021948091685771942
2550,13.0,748,0.8128585815429688,,,0.005664021708071232
2551,12.0,785,0.8465874195098877,,,0.015745732933282852
2552,24.0,910,0.9746108055114746,,,0.010379300452768803
2553,15.0,881,0.9542055130004883,,,0.01231425255537033
2554,9.0,634,0.6806800365447998,,,0.013857591897249222
2555,18.0,913,0.9757640361785889,,,0.008236229419708252
2556,21.0,995,1.0494341850280762,,,0.01686827652156353
2557,12.0,678,0.7245304584503174,,,0.010351302102208138
2558,19.0,997,1.0722811222076416,,,0.009609121829271317
2559,17.0,806,0.8711695671081543,,,0.0068107363767921925
2560,17.0,819,0.8759663105010986,,,0.07991090416908264
2561,22.0,897,0.9624195098876953,,,0.009222446009516716
2562,24.0,1067,1.1483304500579834,,,0.01718408800661564
2563,14.0,899,0.9615404605865479,,,0.10733243823051453
2564,18.0,827,0.8924462795257568,,,0.010362081229686737
2565,17.0,863,0.8960156440734863,,,0.011435671709477901
2566,22.0,1229,1.2616572380065918,,,0.0070450399070978165
2567,6.0,483,0.5035965442657471,,,0.013459689915180206
2568,23.0,879,0.9076595306396484,,,0.01174219697713852
2569,16.0,840,0.88081955909729,,,0.009381208568811417
2570,18.0,829,0.8939609527587891,,,0.01439952477812767
2571,20.0,825,0.8568975925445557,,,0.013200134970247746
2572,13.0,713,0.7435111999511719,,,0.009548798203468323
2573,22.0,984,1.0248522758483887,,,0.015351397916674614
2574,9.0,705,0.7399020195007324,,,0.01480409037321806
2575,22.0,1093,1.147686243057251,,,0.013140782713890076
2576,18.0,969,1.011657476425171,,,0.011785663664340973
2577,15.0,873,0.9213175773620605,,,0.0059434035792946815
2578,6.0,608,0.6421980857849121,,,0.005924977362155914
2579,15.0,930,0.9714634418487549,,,0.13851411640644073
2580,11.0,667,0.7001948356628418,,,0.00512836966663599
2581,22.0,929,0.9693160057067871,,,0.00871619675308466
2582,20.0,803,0.8425140380859375,,,0.009539289399981499
2583,16.0,781,0.8138513565063477,,,0.010926606133580208
2584,13.0,651,0.6828458309173584,,,0.07719490677118301
2585,20.0,935,1.0010590553283691,,,0.12868353724479675
2586,9.0,675,0.7416009902954102,,,0.13761381804943085
2587,12.0,662,0.7143027782440186,,,0.007085311226546764
2588,21.0,999,1.0762419700622559,,,0.004993630573153496
2589,17.0,811,0.8564267158508301,,,0.01644771732389927
2590,14.0,761,0.8120589256286621,,,0.007582091726362705
2591,19.0,857,0.9294118881225586,,,0.0129542276263237
2592,18.0,873,0.9399018287658691,,,0.021772248670458794
2593,14.0,703,0.7581861019134521,,,0.07728923857212067
2594,16.0,878,0.9453632831573486,,,0.013291101902723312
2595,30.0,1256,1.3405649662017822,,,0.14547480642795563
2596,17.0,933,1.0107684135437012,,,0.010314134880900383
2597,8.0,604,0.6539664268493652,,,0.15073344111442566
2598,8.0,503,0.5503466129302979,,,0.009079357609152794
2599,21.0,887,0.9516324996948242,,,0.006737731397151947
2600,7.0,498,0.5349247455596924,,,0.019841808825731277
2601,24.0,1078,1.1566450595855713,,,0.1342155635356903
2602,10.0,509,0.5523438453674316,,,0.14361752569675446
2603,17.0,1062,1.141808032989502,,,0.01054611336439848
2604,29.0,1181,1.2688541412353516,,,0.006153929512947798
2605,22.0,914,0.9908945560455322,,,0.0062841204926371574
2606,10.0,609,0.6584665775299072,,,0.007986370474100113
2607,25.0,1257,1.3422908782958984,,,0.0840340331196785
2608,16.0,973,1.0605909824371338,,,0.006548916921019554
2609,29.0,1377,1.449850082397461,,,0.018179340288043022
2610,24.0,937,0.9783384799957275,,,0.010179503820836544
2611,15.0,909,0.9743318557739258,,,0.007044811733067036
2612,19.0,961,1.0087902545928955,,,0.007987147197127342
2613,18.0,882,0.9189717769622803,,,0.08294115960597992
2614,19.0,808,0.844132661819458,,,0.005621768534183502
2615,22.0,1078,1.1581916809082031,,,0.007489076815545559
2616,19.0,757,0.8183176517486572,,,0.013748079538345337
2617,18.0,795,0.8526644706726074,,,0.009596147574484348
2618,22.0,1023,1.065446138381958,,,0.008236642926931381
2619,2.0,452,0.47101902961730957,,,0.008777374401688576
2620,17.0,776,0.8303103446960449,,,0.011500012129545212
2621,20.0,1220,1.31691575050354,,,0.006180659867823124
2622,30.0,1112,1.186281681060791,,,0.007483630906790495
2623,19.0,890,0.9674968719482422,,,0.013059603050351143
2624,11.0,699,0.7630884647369385,,,0.008510181680321693
2625,25.0,967,1.0392639636993408,,,0.010058601386845112
2626,27.0,1157,1.2397115230560303,,,0.006596053950488567
2627,15.0,707,0.7686190605163574,,,0.010224325582385063
2628,13.0,975,1.0676894187927246,,,0.00875839777290821
2629,16.0,868,0.9524195194244385,,,0.012926238588988781
2630,21.0,739,0.8045547008514404,,,0.00734834186732769
2631,17.0,812,0.8841023445129395,,,0.009655166417360306
2632,18.0,930,0.981992244720459,,,0.008882869966328144
2633,17.0,759,0.8120574951171875,,,0.007723897695541382
2634,7.0,532,0.5702857971191406,,,0.00863773562014103
2635,9.0,511,0.5514941215515137,,,0.021812625229358673
2636,19.0,749,0.8083927631378174,,,0.09259706735610962
2637,15.0,692,0.7535982131958008,,,0.011044401675462723
2638,12.0,678,0.7403368949890137,,,0.007338840048760176
2639,14.0,700,0.763948917388916,,,0.011180217377841473
2640,7.0,394,0.43128466606140137,,,0.006585660390555859
2641,27.0,1069,1.1366841793060303,,,0.020394308492541313
2642,16.0,827,0.9061088562011719,,,0.011982830241322517
2643,26.0,1051,1.1407825946807861,,,0.014708112925291061
2644,4.0,380,0.4155564308166504,,,0.00834136363118887
2645,8.0,723,0.7933957576751709,,,0.005507840774953365
2646,24.0,1027,1.0849828720092773,,,0.007033778354525566
2647,24.0,930,0.9838583469390869,,,0.007233111187815666
2648,23.0,995,1.054521083831787,,,0.07266641408205032
2649,20.0,894,0.9607961177825928,,,0.004812508821487427
2650,12.0,687,0.7469706535339355,,,0.01309012807905674
2651,20.0,850,0.9211061000823975,,,0.009788964875042439
2652,10.0,719,0.7904715538024902,,,0.07544922083616257
2653,22.0,1121,1.2160694599151611,,,0.01330568641424179
2654,4.0,556,0.6035218238830566,,,0.006981239188462496
2655,21.0,978,1.0482540130615234,,,0.008295848965644836
2656,6.0,504,0.5329272747039795,,,0.007827297784388065
2657,8.0,523,0.573415994644165,,,0.008304717019200325
2658,11.0,643,0.6787874698638916,,,0.008680292405188084
2659,18.0,859,0.9277634620666504,,,0.005771004594862461
2660,16.0,809,0.8613629341125488,,,0.010191090404987335
2661,15.0,708,0.747830867767334,,,0.023227769881486893
2662,6.0,631,0.6842198371887207,,,0.013380151242017746
2663,32.0,1582,1.68381929397583,,,0.0188131146132946
2664,31.0,1142,1.209897756576538,,,0.022671472281217575
2665,24.0,1159,1.2424182891845703,,,0.009189971722662449
2666,15.0,771,0.8359935283660889,,,0.073143370449543
2667,16.0,577,0.6361203193664551,,,0.009640638716518879
2668,31.0,1243,1.3517041206359863,,,0.016551384702324867
2669,17.0,894,0.9725937843322754,,,0.007110332138836384
2670,8.0,515,0.5628974437713623,,,0.0075139245018363
2671,20.0,917,0.9837665557861328,,,0.006541977636516094
2672,7.0,598,0.6588213443756104,,,0.008084464818239212
2673,19.0,751,0.8062968254089355,,,0.012275084853172302
2674,12.0,637,0.6906228065490723,,,0.005449935793876648
2675,23.0,1172,1.2572054862976074,,,0.011711853556334972
2676,27.0,1269,1.3601467609405518,,,0.00700607243925333
2677,11.0,519,0.5701570510864258,,,0.1945725679397583
2678,21.0,973,1.0567505359649658,,,0.01111963763833046
2679,2.0,383,0.4170207977294922,,,0.07614842802286148
2680,21.0,991,1.0772204399108887,,,0.0061093829572200775
2681,12.0,672,0.7377951145172119,,,0.008410478942096233
2682,25.0,1261,1.368323802947998,,,0.003945743665099144
2683,20.0,1189,1.2829365730285645,,,0.007489466108381748
2684,15.0,850,0.9229352474212646,,,0.018128972500562668
2685,11.0,620,0.6764066219329834,,,0.007180709391832352
2686,17.0,1001,1.085761308670044,,,0.011876968666911125
2687,19.0,913,0.9927754402160645,,,0.1218237355351448
2688,20.0,953,1.0317068099975586,,,0.006472141481935978
2689,23.0,906,0.9700717926025391,,,0.011780209839344025
2690,29.0,1278,1.3446455001831055,,,0.008690385147929192
2691,17.0,883,0.9429757595062256,,,0.1350328028202057
2692,16.0,706,0.7531859874725342,,,0.008020726032555103
2693,14.0,729,0.8036344051361084,,,0.0837944969534874
2694,22.0,820,0.887845516204834,,,0.012937137857079506
2695,22.0,890,0.9535837173461914,,,0.022649172693490982
2696,21.0,921,0.9856586456298828,,,0.02712399885058403
2697,11.0,639,0.6878316402435303,,,0.006250668782740831
2698,30.0,1371,1.446509599685669,,,0.009527601301670074
2699,24.0,1017,1.107269048690796,,,0.008646909147500992
2700,15.0,849,0.9208712577819824,,,0.09033738821744919
2701,14.0,647,0.708881139755249,,,0.0071557811461389065
2702,19.0,990,1.0687079429626465,,,0.12784644961357117
2703,19.0,936,1.0243313312530518,,,0.009105402044951916
2704,21.0,885,0.9631028175354004,,,0.0074845715425908566
2705,25.0,1043,1.1218760013580322,,,0.017084628343582153
2706,24.0,1016,1.1010065078735352,,,0.006831617560237646
2707,21.0,914,0.9923162460327148,,,0.004805620294064283
2708,31.0,1132,1.233985185623169,,,0.021270666271448135
2709,21.0,875,0.9516599178314209,,,0.01735004596412182
2710,17.0,709,0.764915943145752,,,0.0068245818838477135
2711,20.0,691,0.7476098537445068,,,0.008415482006967068
2712,18.0,965,1.0319972038269043,,,0.007622149772942066
2713,30.0,1137,1.2012453079223633,,,0.020456582307815552
2714,26.0,1069,1.1484665870666504,,,0.014778845943510532
2715,21.0,953,1.0111973285675049,,,0.007647660560905933
2716,5.0,447,0.4811737537384033,,,0.008452733978629112
2717,16.0,776,0.8398826122283936,,,0.006898057647049427
2718,19.0,1129,1.2185921669006348,,,0.009719711728394032
2719,24.0,1267,1.3672199249267578,,,0.0062462761998176575
2720,21.0,871,0.938413143157959,,,0.005862843710929155
2721,13.0,679,0.7586550712585449,,,0.011262863874435425
2722,25.0,1042,1.127511739730835,,,0.015106279402971268
2723,11.0,637,0.6931066513061523,,,0.007441543973982334
2724,17.0,756,0.8262720108032227,,,0.013896649703383446
2725,18.0,915,1.0004477500915527,,,0.009031874127686024
2726,17.0,987,1.0734331607818604,,,0.011307040229439735
2727,18.0,1111,1.2199039459228516,,,0.007854610681533813
2728,13.0,844,0.9108657836914062,,,0.024093709886074066
2729,20.0,778,0.8403201103210449,,,0.007501036394387484
2730,17.0,801,0.8676366806030273,,,0.008372417651116848
2731,12.0,750,0.8145899772644043,,,0.009337290190160275
2732,23.0,1011,1.0831716060638428,,,0.007918897084891796
2733,28.0,1239,1.328897476196289,,,0.010993952862918377
2734,19.0,893,0.960118293762207,,,0.0080035999417305
2735,27.0,1158,1.2413089275360107,,,0.006789170205593109
2736,17.0,666,0.7218403816223145,,,0.010918776504695415
2737,17.0,764,0.8288986682891846,,,0.009132207371294498
2738,20.0,952,1.0251085758209229,,,0.016821645200252533
2739,23.0,966,1.0325253009796143,,,0.011956578120589256
2740,12.0,691,0.7387228012084961,,,0.06876359134912491
2741,20.0,953,1.0315697193145752,,,0.005780575796961784
2742,11.0,551,0.5997748374938965,,,0.01746407151222229
2743,11.0,616,0.6705999374389648,,,0.009982132352888584
2744,16.0,811,0.8857080936431885,,,0.011328840628266335
2745,17.0,975,1.050224781036377,,,0.010110817849636078
2746,21.0,968,1.04628324508667,,,0.008975595235824585
2747,19.0,949,1.0236787796020508,,,0.01579025201499462
2748,20.0,906,0.9742527008056641,,,0.01101220864802599
2749,19.0,828,0.8828291893005371,,,0.018821343779563904
2750,20.0,853,0.9194717407226562,,,0.007634288631379604
2751,26.0,1027,1.1019012928009033,,,0.01631084457039833
2752,23.0,961,1.0461962223052979,,,0.006308713927865028
2753,6.0,511,0.5675003528594971,,,0.007968305610120296
2754,24.0,1385,1.4987750053405762,,,0.011634334921836853
2755,22.0,1209,1.318612813949585,,,0.01351974904537201
2756,28.0,1286,1.3754944801330566,,,0.016634320840239525
2757,15.0,853,0.9254727363586426,,,0.06919220089912415
2758,25.0,1017,1.0889942646026611,,,0.007707871962338686
2759,23.0,1087,1.1730787754058838,,,0.009165270254015923
2760,20.0,830,0.9021549224853516,,,0.011656373739242554
2761,26.0,1186,1.276742696762085,,,0.020953090861439705
2762,14.0,758,0.8275525569915771,,,0.011937708593904972
2763,21.0,1295,1.4065508842468262,,,0.0111541161313653
2764,15.0,793,0.8684780597686768,,,0.010978742502629757
2765,10.0,515,0.5634102821350098,,,0.010657774284482002
2766,22.0,1068,1.152858018875122,,,0.006050305441021919
2767,26.0,1167,1.273031234741211,,,0.008631092496216297
2768,27.0,1281,1.3728864192962646,,,0.008300368674099445
2769,21.0,961,1.043647289276123,,,0.009191729128360748
2770,7.0,555,0.6045613288879395,,,0.0090514300391078
2771,15.0,713,0.7721562385559082,,,0.005881244316697121
2772,21.0,1218,1.3073031902313232,,,0.013030705973505974
2773,17.0,733,0.789207935333252,,,0.06409379094839096
2774,18.0,875,0.9352424144744873,,,0.006386647932231426
2775,13.0,657,0.7163255214691162,,,0.01183928083628416
2776,22.0,1016,1.1016559600830078,,,0.006969894748181105
2777,22.0,833,0.9326283931732178,,,0.06805824488401413
2778,4.0,555,0.6056087017059326,,,0.013716946355998516
2779,24.0,1089,1.1801791191101074,,,0.05942902714014053
2780,12.0,681,0.7507791519165039,,,0.0100624468177557
2781,25.0,1053,1.145021915435791,,,0.006440910045057535
2782,18.0,876,0.9593448638916016,,,0.005188588052988052
2783,26.0,985,1.0643489360809326,,,0.08453343063592911
2784,23.0,1036,1.121042013168335,,,0.013109298422932625
2785,19.0,874,0.9455850124359131,,,0.008664420805871487
2786,22.0,1047,1.1389198303222656,,,0.04471924155950546
2787,13.0,638,0.6925368309020996,,,0.06381776183843613
2788,21.0,791,0.860095739364624,,,0.007773909717798233
2789,14.0,601,0.6595582962036133,,,0.009989280253648758
2790,21.0,1033,1.120650291442871,,,0.016528144478797913
2791,18.0,955,1.0387952327728271,,,0.009430084377527237
2792,11.0,697,0.7667458057403564,,,0.016401182860136032
2793,18.0,839,0.9101269245147705,,,0.009280432015657425
2794,12.0,632,0.7000837326049805,,,0.008355509489774704
2795,18.0,687,0.7570428848266602,,,0.007738946005702019
2796,10.0,612,0.674468994140625,,,0.08474915474653244
2797,24.0,1147,1.2371087074279785,,,0.009093963541090488
2798,27.0,1259,1.3465423583984375,,,0.11905597150325775
2799,28.0,1273,1.3823037147521973,,,0.06230808049440384
2800,17.0,945,1.0425212383270264,,,0.008007651194930077
2801,17.0,860,0.9431688785552979,,,0.007738473825156689
2802,12.0,672,0.7307054996490479,,,0.005022101104259491
2803,9.0,613,0.6619062423706055,,,0.016593903303146362
2804,25.0,1247,1.3533899784088135,,,0.00741350743919611
2805,23.0,1041,1.135972499847412,,,0.006515678949654102
2806,28.0,1192,1.2817554473876953,,,0.013610019348561764
2807,17.0,831,0.9147830009460449,,,0.06300602853298187
2808,15.0,725,0.7977216243743896,,,0.0052939848974347115
2809,25.0,913,1.0099928379058838,,,0.013693852350115776
2810,11.0,611,0.6652200222015381,,,0.016945527866482735
2811,19.0,788,0.8642597198486328,,,0.006376008037477732
2812,26.0,1053,1.1374337673187256,,,0.012174518778920174
2813,25.0,1024,1.0917787551879883,,,0.006294778548181057
2814,13.0,667,0.7225255966186523,,,0.006146915256977081
2815,15.0,663,0.7238955497741699,,,0.00839976966381073
2816,16.0,698,0.7738451957702637,,,0.005501999519765377
2817,12.0,961,1.049565315246582,,,0.012389694340527058
2818,22.0,1019,1.1055634021759033,,,0.00719403475522995
2819,13.0,681,0.7415032386779785,,,0.005980063695460558
2820,12.0,686,0.7587058544158936,,,0.010202435776591301
2821,9.0,495,0.5492329597473145,,,0.0066886963322758675
2822,30.0,1134,1.2277483940124512,,,0.004121437203139067
2823,27.0,1103,1.207428216934204,,,0.00804477371275425
2824,15.0,705,0.7832932472229004,,,0.008018054068088531
2825,18.0,954,1.0530385971069336,,,0.007834965363144875
2826,18.0,972,1.0550365447998047,,,0.00800438690930605
2827,15.0,850,0.9259235858917236,,,0.005391261540353298
2828,25.0,1053,1.1416449546813965,,,0.07182323932647705
2829,17.0,689,0.7628581523895264,,,0.010413875803351402
2830,3.0,518,0.5720546245574951,,,0.11921853572130203
2831,22.0,911,1.0096211433410645,,,0.005572572350502014
2832,16.0,771,0.8573064804077148,,,0.013839761726558208
2833,7.0,353,0.38976359367370605,,,0.007351331878453493
2834,19.0,887,0.9597351551055908,,,0.011738782748579979
2835,8.0,542,0.5998358726501465,,,0.010614798404276371
2836,20.0,1053,1.1506497859954834,,,0.07375054061412811
2837,25.0,1331,1.4431695938110352,,,0.0078107332810759544
2838,17.0,828,0.9096176624298096,,,0.007688635494560003
2839,14.0,752,0.8174276351928711,,,0.010535852052271366
2840,19.0,1008,1.1058423519134521,,,0.016245409846305847
2841,15.0,785,0.8647952079772949,,,0.009577123448252678
2842,23.0,975,1.0736310482025146,,,0.008031576871871948
2843,22.0,949,1.0448334217071533,,,0.009372668340802193
2844,12.0,670,0.7411274909973145,,,0.007463791407644749
2845,21.0,982,1.079218864440918,,,0.007670406252145767
2846,9.0,461,0.5027792453765869,,,0.005404740571975708
2847,6.0,511,0.5600409507751465,,,0.01476870197802782
2848,25.0,1055,1.1530661582946777,,,0.008626366034150124
2849,21.0,1000,1.0756630897521973,,,0.010367940180003643
2850,23.0,751,0.8065884113311768,,,0.008534095250070095
2851,19.0,907,0.9965498447418213,,,0.018110016360878944
2852,30.0,1232,1.3418734073638916,,,0.06922604888677597
2853,26.0,976,1.0742003917694092,,,0.06502854079008102
2854,10.0,516,0.5772826671600342,,,0.007265403866767883
2855,27.0,1091,1.1778416633605957,,,0.02203279174864292
2856,9.0,925,1.0153391361236572,,,0.008075537160038948
2857,15.0,787,0.8604040145874023,,,0.0072408108972013
2858,28.0,1090,1.1978425979614258,,,0.008797510527074337
2859,24.0,801,0.869819164276123,,,0.12398358434438705
2860,11.0,683,0.7420899868011475,,,0.011568279005587101
2861,16.0,725,0.7859952449798584,,,0.006239603739231825
2862,23.0,1068,1.1527070999145508,,,0.009172571823000908
2863,22.0,1178,1.2838044166564941,,,0.003509311471134424
2864,10.0,529,0.581373929977417,,,0.009630998596549034
2865,18.0,1124,1.2141783237457275,,,0.013704722747206688
2866,28.0,1022,1.0958969593048096,,,0.008166376501321793
2867,9.0,501,0.546142578125,,,0.010468770749866962
2868,22.0,1074,1.1855993270874023,,,0.011169333010911942
2869,14.0,589,0.6424477100372314,,,0.010854087769985199
2870,13.0,724,0.8063597679138184,,,0.1037992537021637
2871,14.0,915,1.0107059478759766,,,0.008467061445116997
2872,18.0,927,1.008728265762329,,,0.0074406834319233894
2873,9.0,506,0.5487592220306396,,,0.0065145231783390045
2874,14.0,539,0.5899109840393066,,,0.016295433044433594
2875,5.0,679,0.7441520690917969,,,0.013387218117713928
2876,14.0,593,0.651831865310669,,,0.006548386067152023
2877,15.0,721,0.7955322265625,,,0.010395783931016922
2878,30.0,1445,1.614551305770874,,,0.006527181714773178
2879,26.0,1265,1.3778538703918457,,,0.009487469680607319
2880,20.0,735,0.8020613193511963,,,0.01378861628472805
2881,9.0,766,0.8439943790435791,,,0.006204422563314438
2882,15.0,870,0.9642646312713623,,,0.005517871119081974
2883,18.0,947,1.040243148803711,,,0.01711532101035118
2884,17.0,875,0.9612796306610107,,,0.010609964840114117
2885,14.0,913,0.9987118244171143,,,0.019925273954868317
2886,17.0,791,0.8641970157623291,,,0.00689069926738739
2887,10.0,669,0.7308275699615479,,,0.006667642388492823
2888,9.0,464,0.5015237331390381,,,0.013022258877754211
2889,19.0,637,0.6952018737792969,,,0.010731913149356842
2890,11.0,817,0.9207327365875244,,,0.007988707162439823
2891,32.0,1451,1.5813112258911133,,,0.013086226768791676
2892,26.0,1295,1.3823528289794922,,,0.004742503631860018
2893,31.0,1427,1.5445733070373535,,,0.0062350621446967125
2894,10.0,637,0.6951024532318115,,,0.006071311421692371
2895,33.0,1427,1.5507173538208008,,,0.0052281818352639675
2896,5.0,566,0.6282546520233154,,,0.12612706422805786
2897,22.0,779,0.8496522903442383,,,0.0066111162304878235
2898,30.0,1183,1.276318073272705,,,0.012001357972621918
2899,8.0,643,0.7003061771392822,,,0.018921539187431335
2900,23.0,938,1.0145153999328613,,,0.0073867067694664
2901,15.0,757,0.8277616500854492,,,0.006153729744255543
2902,21.0,836,0.9053006172180176,,,0.014663608744740486
2903,17.0,988,1.0755236148834229,,,0.008773445151746273
2904,22.0,993,1.096421718597412,,,0.008174937218427658
2905,24.0,1003,1.111849308013916,,,0.00779076898470521
2906,19.0,866,0.9591944217681885,,,0.0071144308894872665
2907,10.0,576,0.6342587471008301,,,0.0062544201500713825
2908,17.0,1116,1.222193956375122,,,0.009942544624209404
2909,23.0,1117,1.2145600318908691,,,0.01088256761431694
2910,26.0,1335,1.4427051544189453,,,0.006075145676732063
2911,23.0,975,1.0573346614837646,,,0.007867235690355301
2912,14.0,539,0.5910601615905762,,,0.0055061280727386475
2913,20.0,858,0.9434540271759033,,,0.00933105032891035
2914,18.0,813,0.877648115158081,,,0.009531078860163689
2915,25.0,1315,1.4228730201721191,,,0.01530638337135315
2916,19.0,933,1.0097625255584717,,,0.004180104471743107
2917,13.0,771,0.8332276344299316,,,0.006540199741721153
2918,21.0,925,1.0020701885223389,,,0.00537397526204586
2919,13.0,692,0.7608263492584229,,,0.005737360566854477
2920,22.0,1001,1.0897130966186523,,,0.006706218235194683
2921,17.0,741,0.8086447715759277,,,0.006576294079422951
2922,31.0,1611,1.7284698486328125,,,0.009391603991389275
2923,22.0,942,1.017115831375122,,,0.0030944994650781155
2924,10.0,609,0.667017936706543,,,0.010109643451869488
2925,21.0,899,0.9750170707702637,,,0.008003536611795425
2926,18.0,807,0.8952422142028809,,,0.012886423617601395
2927,22.0,928,1.013134479522705,,,0.18774500489234924
2928,9.0,637,0.7007725238800049,,,0.006909674499183893
2929,16.0,813,0.8916616439819336,,,0.005662417039275169
2930,13.0,679,0.7658441066741943,,,0.004308926407247782
2931,16.0,825,0.9068222045898438,,,0.005809051916003227
2932,21.0,941,1.0387122631072998,,,0.011434722691774368
2933,24.0,786,0.8676533699035645,,,0.005513857118785381
2934,27.0,1045,1.1393320560455322,,,0.010682914406061172
2935,14.0,631,0.6977658271789551,,,0.010467398911714554
2936,14.0,769,0.8441665172576904,,,0.0066224196925759315
2937,13.0,676,0.7491891384124756,,,0.009631510823965073
2938,19.0,967,1.0675580501556396,,,0.008650352247059345
2939,20.0,827,0.9117813110351562,,,0.014343463815748692
2940,21.0,900,0.9891364574432373,,,0.009730091318488121
2941,19.0,1013,1.1303889751434326,,,0.007858214899897575
2942,26.0,1228,1.362633466720581,,,0.009456560015678406
2943,13.0,790,0.8807613849639893,,,0.00846476573497057
2944,10.0,490,0.5526444911956787,,,0.004584167618304491
2945,14.0,715,0.8049860000610352,,,0.006529277190566063
2946,21.0,775,0.8623003959655762,,,0.012480555102229118
2947,15.0,851,0.9306905269622803,,,0.058439940214157104
2948,6.0,608,0.6702039241790771,,,0.004132233560085297
2949,15.0,691,0.7643334865570068,,,0.12069746851921082
2950,10.0,566,0.6240887641906738,,,0.008430477231740952
2951,22.0,833,0.9064929485321045,,,0.00791383720934391
2952,15.0,825,0.9122791290283203,,,0.006185058504343033
2953,17.0,943,1.0412449836730957,,,0.012379702180624008
2954,19.0,824,0.9088842868804932,,,0.014245502650737762
2955,10.0,502,0.5583469867706299,,,0.004785606637597084
2956,12.0,799,0.8803136348724365,,,0.059763938188552856
2957,24.0,941,1.032541275024414,,,0.05876680836081505
2958,8.0,550,0.6073153018951416,,,0.008666431531310081
2959,25.0,1116,1.2297136783599854,,,0.09598119556903839
2960,10.0,649,0.7076437473297119,,,0.006134973373264074
2961,22.0,1079,1.185133457183838,,,0.006277300417423248
2962,16.0,877,0.9754185676574707,,,0.005133243277668953
2963,22.0,1047,1.140904188156128,,,0.009862808510661125
2964,24.0,1182,1.2787091732025146,,,0.006299272179603577
2965,21.0,917,1.002495288848877,,,0.007462514564394951
2966,25.0,1055,1.1551344394683838,,,0.00836973637342453
2967,8.0,523,0.5831480026245117,,,0.012794431298971176
2968,23.0,976,1.0642833709716797,,,0.1272033154964447
2969,14.0,626,0.69199538230896,,,0.05649016052484512
2970,20.0,1008,1.1106188297271729,,,0.015126628801226616
2971,18.0,711,0.7839992046356201,,,0.1255439966917038
2972,8.0,399,0.4409341812133789,,,0.008478394709527493
2973,24.0,877,0.9606130123138428,,,0.00795677863061428
2974,16.0,940,1.0348138809204102,,,0.00836967583745718
2975,19.0,945,1.0442578792572021,,,0.004656465724110603
2976,19.0,744,0.8182930946350098,,,0.005397498607635498
2977,3.0,437,0.48333024978637695,,,0.018745852634310722
2978,12.0,659,0.7431967258453369,,,0.004637262783944607
2979,15.0,703,0.7795684337615967,,,0.008402403444051743
2980,21.0,1085,1.2098135948181152,,,0.005877524148672819
2981,7.0,612,0.687598466873169,,,0.014429091475903988
2982,13.0,593,0.6649854183197021,,,0.011254255659878254
2983,21.0,935,1.0438730716705322,,,0.010375285521149635
2984,21.0,809,0.9091222286224365,,,0.01135118305683136
2985,10.0,655,0.7317228317260742,,,0.005520147737115622
2986,9.0,829,0.9299142360687256,,,0.10461698472499847
2987,8.0,655,0.732515811920166,,,0.004940038546919823
2988,11.0,703,0.7706077098846436,,,0.007997333072125912
2989,23.0,981,1.0865023136138916,,,0.004767785780131817
2990,26.0,1174,1.3007712364196777,,,0.008904216811060905
2991,19.0,927,1.0252256393432617,,,0.01422128640115261
2992,14.0,811,0.9012765884399414,,,0.008412079885601997
2993,10.0,576,0.6465697288513184,,,0.0039403121918439865
2994,9.0,597,0.6652836799621582,,,0.005657409317791462
2995,10.0,653,0.7185275554656982,,,0.008330941200256348
2996,24.0,893,0.9837894439697266,,,0.019350213930010796
2997,25.0,1111,1.2117033004760742,,,0.004817883484065533
2998,30.0,1125,1.2226860523223877,,,0.01228419691324234
2999,20.0,857,0.9413974285125732,,,0.06478613615036011
3000,12.0,693,0.760185718536377,,,0.012138426303863525
3001,22.0,878,0.9525072574615479,,,0.013681086711585522
3002,20.0,912,1.0024259090423584,,,0.006095658056437969
3003,26.0,1537,1.6736958026885986,,,0.010806644335389137
3004,21.0,926,1.0127966403961182,,,0.007680342998355627
3005,20.0,782,0.8635556697845459,,,0.010312257334589958
3006,29.0,1447,1.5652897357940674,,,0.008468902669847012
3007,20.0,919,1.0035579204559326,,,0.006076296791434288
3008,20.0,828,0.907973051071167,,,0.005226545501500368
3009,11.0,581,0.6395246982574463,,,0.00604277104139328
3010,14.0,629,0.695838451385498,,,0.00637955404818058
3011,23.0,1029,1.1126110553741455,,,0.009937883354723454
3012,15.0,655,0.7243740558624268,,,0.021116968244314194
3013,18.0,655,0.7256348133087158,,,0.005859944969415665
3014,29.0,1213,1.317443609237671,,,0.007562682032585144
3015,20.0,971,1.0629212856292725,,,0.06114327535033226
3016,22.0,1261,1.3800880908966064,,,0.005213390104472637
3017,21.0,957,1.0481703281402588,,,0.00827847421169281
3018,12.0,826,0.9087581634521484,,,0.006971337832510471
3019,12.0,793,0.8703551292419434,,,0.00828328263014555
3020,18.0,997,1.1052205562591553,,,0.008036340586841106
3021,30.0,1425,1.5542564392089844,,,0.00522766774520278
3022,21.0,942,1.035409688949585,,,0.007671389728784561
3023,14.0,890,0.9904649257659912,,,0.008270759135484695
3024,19.0,940,1.0319969654083252,,,0.05975671857595444
3025,16.0,781,0.8726356029510498,,,0.008486276492476463
3026,11.0,627,0.6916029453277588,,,0.007312149740755558
3027,10.0,663,0.7380545139312744,,,0.011686177924275398
3028,26.0,1354,1.492666244506836,,,0.00578667875379324
3029,16.0,702,0.8042507171630859,,,0.009193632751703262
3030,31.0,1235,1.3540928363800049,,,0.008269170299172401
3031,15.0,857,0.9477818012237549,,,0.004489947110414505
3032,20.0,883,0.9785585403442383,,,0.010411996394395828
3033,24.0,1051,1.155982494354248,,,0.003990850877016783
3034,26.0,1015,1.1240763664245605,,,0.010553183034062386
3035,19.0,715,0.7897603511810303,,,0.0037846900522708893
3036,19.0,1038,1.175450086593628,,,0.008688420057296753
3037,26.0,1103,1.2269787788391113,,,0.012348723597824574
3038,6.0,391,0.44316697120666504,,,0.005704760085791349
3039,9.0,535,0.6052968502044678,,,0.004787463694810867
3040,22.0,1105,1.226226568222046,,,0.05876751244068146
3041,24.0,1125,1.255988597869873,,,0.006914566736668348
3042,15.0,609,0.6782493591308594,,,0.005995721556246281
3043,19.0,773,0.8554422855377197,,,0.059554871171712875
3044,15.0,893,0.9977502822875977,,,0.01177841704338789
3045,15.0,763,0.8584995269775391,,,0.12953440845012665
3046,26.0,1173,1.3187646865844727,,,0.015083945356309414
3047,22.0,862,0.9505374431610107,,,0.009977268055081367
3048,17.0,983,1.084519624710083,,,0.005380340851843357
3049,23.0,1137,1.2438504695892334,,,0.006500997580587864
3050,18.0,936,1.0396783351898193,,,0.012782249599695206
3051,21.0,967,1.0602195262908936,,,0.023221109062433243
3052,23.0,967,1.071763515472412,,,0.009548061527311802
3053,22.0,890,0.9847877025604248,,,0.0143226757645607
3054,21.0,913,1.0021214485168457,,,0.008134127594530582
3055,19.0,1021,1.120809555053711,,,0.004950670525431633
3056,21.0,875,0.9752275943756104,,,0.005093254614621401
3057,14.0,759,0.8434758186340332,,,0.005075057037174702
3058,27.0,1015,1.1219902038574219,,,0.016012750566005707
3059,25.0,967,1.0827045440673828,,,0.003364988835528493
3060,19.0,1009,1.1356275081634521,,,0.009110784158110619
3061,24.0,1121,1.2509093284606934,,,0.007114349864423275
3062,11.0,703,0.7937333583831787,,,0.008445238694548607
3063,14.0,779,0.8723461627960205,,,0.010572976432740688
3064,19.0,913,1.0271854400634766,,,0.10745226591825485
3065,27.0,1473,1.6408131122589111,,,0.0048794737085700035
3066,9.0,611,0.6893007755279541,,,0.005241141654551029
3067,22.0,880,0.9796273708343506,,,0.010162399150431156
3068,21.0,942,1.032294511795044,,,0.00885024107992649
3069,6.0,501,0.5589478015899658,,,0.004455737769603729
3070,11.0,651,0.7267022132873535,,,0.014215841889381409
3071,21.0,797,0.8896267414093018,,,0.004418706055730581
3072,27.0,1167,1.2818629741668701,,,0.10677631944417953
3073,19.0,949,1.0444529056549072,,,0.007034693378955126
3074,9.0,1025,1.1377172470092773,,,0.008630313910543919
3075,7.0,620,0.6906445026397705,,,0.011184591799974442
3076,25.0,1105,1.205674409866333,,,0.017332250252366066
3077,12.0,671,0.7498350143432617,,,0.00666985847055912
3078,14.0,811,0.893843412399292,,,0.003156062215566635
3079,17.0,970,1.0708942413330078,,,0.008061069995164871
3080,23.0,1120,1.226151943206787,,,0.015624124556779861
3081,26.0,1386,1.527892827987671,,,0.011001121252775192
3082,1.0,511,0.5799000263214111,,,0.010520288720726967
3083,16.0,691,0.7782266139984131,,,0.005599328316748142
3084,26.0,1117,1.2424976825714111,,,0.06747526675462723
3085,24.0,1029,1.1470222473144531,,,0.007914879359304905
3086,16.0,854,0.9494483470916748,,,0.012278386391699314
3087,22.0,1022,1.1293113231658936,,,0.0049717542715370655
3088,12.0,581,0.6490893363952637,,,0.058695029467344284
3089,28.0,1513,1.6712357997894287,,,0.0060178497806191444
3090,16.0,737,0.821967363357544,,,0.006322463974356651
3091,26.0,1079,1.197615385055542,,,0.0045118676498532295
3092,30.0,1199,1.330216884613037,,,0.06829626858234406
3093,22.0,1321,1.4885869026184082,,,0.008343742229044437
3094,12.0,503,0.56233811378479,,,0.008089030161499977
3095,12.0,734,0.8184351921081543,,,0.008349351584911346
3096,18.0,789,0.8778285980224609,,,0.004654391668736935
3097,20.0,910,1.0164341926574707,,,0.008160317316651344
3098,18.0,862,0.9661431312561035,,,0.014633608981966972
3099,7.0,470,0.5308876037597656,,,0.007379673421382904
3100,11.0,651,0.7293968200683594,,,0.025341423228383064
3101,18.0,740,0.8336541652679443,,,0.05433449149131775
3102,22.0,897,0.9986739158630371,,,0.0048048850148916245
3103,27.0,1210,1.3182415962219238,,,0.11925306171178818
3104,3.0,424,0.47426700592041016,,,0.005428367294371128
3105,20.0,860,0.9684548377990723,,,0.005558163393288851
3106,11.0,607,0.6867349147796631,,,0.011149682104587555
3107,26.0,1385,1.5091238021850586,,,0.008494723588228226
3108,15.0,737,0.8265039920806885,,,0.060211434960365295
3109,10.0,677,0.7599129676818848,,,0.010984919033944607
3110,22.0,1015,1.1522624492645264,,,0.005165420472621918
3111,22.0,807,0.9205279350280762,,,0.006439834367483854
3112,25.0,1081,1.2022066116333008,,,0.006642373278737068
3113,4.0,517,0.5878005027770996,,,0.004329524468630552
3114,26.0,1054,1.1775851249694824,,,0.009690022096037865
3115,12.0,679,0.7712626457214355,,,0.004390165209770203
3116,20.0,933,1.058095932006836,,,0.007938740774989128
3117,30.0,1319,1.4644827842712402,,,0.1320442259311676
3118,20.0,822,0.9292426109313965,,,0.10915006697177887
3119,23.0,1043,1.162829875946045,,,0.006525652017444372
3120,24.0,1014,1.1360645294189453,,,0.02519395388662815
3121,18.0,951,1.0844755172729492,,,0.017737608402967453
3122,12.0,726,0.8170411586761475,,,0.007294345181435347
3123,31.0,1317,1.4648973941802979,,,0.01925623044371605
3124,9.0,578,0.6545445919036865,,,0.005878386087715626
3125,17.0,982,1.1110005378723145,,,0.008147007785737514
3126,14.0,729,0.83758544921875,,,0.008546799421310425
3127,10.0,654,0.7398960590362549,,,0.00787449162453413
3128,14.0,611,0.6902060508728027,,,0.01050166878849268
3129,17.0,771,0.8738489151000977,,,0.0061069512739777565
3130,3.0,451,0.5100457668304443,,,0.007005067076534033
3131,4.0,649,0.7322688102722168,,,0.013958094641566277
3132,16.0,713,0.8016166687011719,,,0.020973585546016693
3133,18.0,809,0.9095256328582764,,,0.007033816538751125
3134,10.0,496,0.5533316135406494,,,0.016220765188336372
3135,11.0,727,0.8156816959381104,,,0.05797490477561951
3136,21.0,783,0.8783295154571533,,,0.006313249468803406
3137,19.0,881,0.9801216125488281,,,0.011487108655273914
3138,18.0,1106,1.2329647541046143,,,0.008416633121669292
3139,13.0,621,0.6913495063781738,,,0.01261262409389019
3140,21.0,996,1.1246535778045654,,,0.022593043744564056
3141,17.0,860,0.9712951183319092,,,0.005793497432023287
3142,25.0,1111,1.2205798625946045,,,0.009516098536550999
3143,14.0,997,1.1197915077209473,,,0.0575089305639267
3144,22.0,779,0.9000797271728516,,,0.12263806164264679
3145,26.0,1015,1.171919584274292,,,0.004653005860745907
3146,26.0,1081,1.2188241481781006,,,0.008435804396867752
3147,15.0,829,0.9356493949890137,,,0.01571362279355526
3148,26.0,1363,1.540492296218872,,,0.00970276165753603
3149,19.0,1040,1.1675159931182861,,,0.009175458922982216
3150,22.0,910,1.0272424221038818,,,0.05992027744650841
3151,15.0,791,0.8833456039428711,,,0.0042869336903095245
3152,28.0,1184,1.346806526184082,,,0.012675244361162186
3153,26.0,1167,1.3212354183197021,,,0.009941302239894867
3154,9.0,535,0.6096165180206299,,,0.008242880925536156
3155,22.0,1065,1.1859321594238281,,,0.007065176032483578
3156,29.0,1177,1.2989203929901123,,,0.062465302646160126
3157,4.0,617,0.6958143711090088,,,0.00882936455309391
3158,26.0,1107,1.2383532524108887,,,0.012248393148183823
3159,25.0,1110,1.2242937088012695,,,0.011187581345438957
3160,26.0,1235,1.3954660892486572,,,0.009141169488430023
3161,23.0,855,0.9896924495697021,,,0.05761891230940819
3162,12.0,677,0.7854156494140625,,,0.0035225367173552513
3163,12.0,673,0.7952864170074463,,,0.005932270549237728
3164,11.0,509,0.5869588851928711,,,0.008162948302924633
3165,13.0,698,0.7870569229125977,,,0.00823383778333664
3166,24.0,916,1.0434186458587646,,,0.13306066393852234
3167,25.0,847,0.95607590675354,,,0.004532007500529289
3168,21.0,861,0.9920961856842041,,,0.22293563187122345
3169,17.0,769,0.8877925872802734,,,0.008761439472436905
3170,22.0,1001,1.1072945594787598,,,0.007439142093062401
3171,21.0,890,0.9879825115203857,,,0.009937163442373276
3172,18.0,934,1.0510308742523193,,,0.006682120729237795
3173,12.0,738,0.8362076282501221,,,0.007433395832777023
3174,8.0,556,0.624032735824585,,,0.006313355173915625
3175,28.0,1190,1.3082833290100098,,,0.07150368392467499
3176,15.0,771,0.8608138561248779,,,0.12147442251443863
3177,12.0,661,0.7607591152191162,,,0.13338878750801086
3178,24.0,993,1.1133642196655273,,,0.008348365314304829
3179,23.0,1112,1.238610029220581,,,0.11273979395627975
3180,15.0,731,0.8227674961090088,,,0.06476717442274094
3181,17.0,847,0.9493210315704346,,,0.005708126351237297
3182,13.0,691,0.78031325340271,,,0.005090978462249041
3183,27.0,1069,1.1831421852111816,,,0.05981478467583656
3184,16.0,913,1.0364198684692383,,,0.010872856713831425
3185,27.0,1336,1.4758961200714111,,,0.06046941131353378
3186,12.0,657,0.7375023365020752,,,0.011585504747927189
3187,17.0,765,0.8536210060119629,,,0.006905953399837017
3188,21.0,1023,1.1294159889221191,,,0.013050029054284096
3189,17.0,808,0.9076886177062988,,,0.0029479204677045345
3190,16.0,813,0.9097144603729248,,,0.0038404534570872784
3191,12.0,633,0.7263798713684082,,,0.009611498564481735
3192,19.0,749,0.8458466529846191,,,0.00808347575366497
3193,16.0,1101,1.2509901523590088,,,0.11748967319726944
3194,11.0,539,0.6046204566955566,,,0.004933001007884741
3195,9.0,853,0.9624471664428711,,,0.006093875505030155
3196,19.0,883,0.9933948516845703,,,0.010537752881646156
3197,6.0,717,0.8046174049377441,,,0.01109272986650467
3198,27.0,1194,1.335193395614624,,,0.010450150817632675
3199,25.0,1199,1.3256464004516602,,,0.0038814651779830456
3200,20.0,1127,1.25809645652771,,,0.027968959882855415
3201,19.0,1016,1.1580114364624023,,,0.0030856772791594267
3202,14.0,677,0.7724814414978027,,,0.004619690589606762
3203,31.0,1457,1.613814115524292,,,0.006094388663768768
3204,16.0,834,0.9388859272003174,,,0.09965822100639343
3205,22.0,898,1.013805627822876,,,0.009076516143977642
3206,17.0,760,0.8770291805267334,,,0.0045126862823963165
3207,12.0,735,0.8296499252319336,,,0.005099367816001177
3208,17.0,940,1.0664961338043213,,,0.010593868792057037
3209,12.0,630,0.7115449905395508,,,0.01090743113309145
3210,11.0,659,0.7503457069396973,,,0.008132767863571644
3211,19.0,779,0.8833675384521484,,,0.015156598761677742
3212,28.0,1028,1.1685552597045898,,,0.005428405478596687
3213,25.0,1213,1.3867924213409424,,,0.07342164218425751
3214,30.0,1317,1.4818079471588135,,,0.009591799229383469
3215,19.0,862,0.9751346111297607,,,0.005306940525770187
3216,24.0,875,0.9805138111114502,,,0.01082379836589098
3217,28.0,1262,1.418344259262085,,,0.0058261938393116
3218,14.0,710,0.8082399368286133,,,0.007468544412404299
3219,23.0,1105,1.2524714469909668,,,0.009237373247742653
3220,25.0,1120,1.2669975757598877,,,0.008156895637512207
3221,23.0,1166,1.3164632320404053,,,0.014033163897693157
3222,24.0,859,0.9737751483917236,,,0.012523489072918892
3223,10.0,465,0.525343656539917,,,0.007301486097276211
3224,32.0,1461,1.614105224609375,,,0.005588172003626823
3225,21.0,1011,1.1259915828704834,,,0.06433666497468948
3226,23.0,1257,1.3992958068847656,,,0.01930929347872734
3227,16.0,848,0.9578580856323242,,,0.009696604683995247
3228,22.0,910,1.0159296989440918,,,0.007461488712579012
3229,19.0,954,1.0798795223236084,,,0.007788148708641529
3230,17.0,1019,1.1464557647705078,,,0.06647369265556335
3231,3.0,595,0.6815822124481201,,,0.008405502885580063
3232,21.0,910,1.0373389720916748,,,0.005576144903898239
3233,16.0,944,1.0812366008758545,,,0.01959340088069439
3234,18.0,697,0.791102409362793,,,0.006344928406178951
3235,24.0,1099,1.229569911956787,,,0.014083891175687313
3236,25.0,969,1.0898516178131104,,,0.004352207761257887
3237,27.0,1179,1.3280079364776611,,,0.010333750396966934
3238,11.0,621,0.7019991874694824,,,0.009733011946082115
3239,19.0,913,1.0360090732574463,,,0.010271398350596428
3240,25.0,875,0.9792444705963135,,,0.009872958064079285
3241,19.0,1009,1.1485068798065186,,,0.008054345846176147
3242,14.0,755,0.8536598682403564,,,0.005007920786738396
3243,14.0,1049,1.1826612949371338,,,0.06690649688243866
3244,25.0,1352,1.509498119354248,,,0.010524218901991844
3245,12.0,623,0.7163217067718506,,,0.012232310138642788
3246,29.0,1245,1.4043512344360352,,,0.00495370477437973
3247,18.0,979,1.1008081436157227,,,0.006830001249909401
3248,16.0,778,0.870959997177124,,,0.008034180849790573
3249,19.0,961,1.08308744430542,,,0.003915159963071346
3250,27.0,1187,1.3259613513946533,,,0.00858145859092474
3251,13.0,847,0.9768233299255371,,,0.005883184261620045
3252,12.0,571,0.6478536128997803,,,0.010414650663733482
3253,13.0,645,0.7379646301269531,,,0.01241333782672882
3254,24.0,933,1.0552315711975098,,,0.00605048518627882
3255,9.0,530,0.6068756580352783,,,0.0067244889214634895
3256,23.0,886,1.0086536407470703,,,0.05858778581023216
3257,20.0,902,1.033672571182251,,,0.008867175318300724
3258,26.0,1182,1.3491642475128174,,,0.005001126788556576
3259,29.0,1110,1.2555577754974365,,,0.007674254477024078
3260,31.0,1160,1.2908828258514404,,,0.006340702995657921
3261,13.0,889,1.0388109683990479,,,0.009130281396210194
3262,22.0,929,1.068967342376709,,,0.006464572157710791
3263,18.0,756,0.8548228740692139,,,0.006019705906510353
3264,14.0,1128,1.3038601875305176,,,0.0657411739230156
3265,20.0,860,0.9858033657073975,,,0.008968152105808258
3266,18.0,1032,1.171935796737671,,,0.002363869920372963
3267,22.0,999,1.1255083084106445,,,0.169861301779747
3268,12.0,811,0.9163432121276855,,,0.010850287973880768
3269,10.0,673,0.7584598064422607,,,0.004326417110860348
3270,23.0,1113,1.2452082633972168,,,0.007736578118056059
3271,13.0,717,0.8063123226165771,,,0.00494823232293129
3272,23.0,1184,1.3094565868377686,,,0.10055582225322723
3273,18.0,863,0.966376543045044,,,0.007116966415196657
3274,19.0,669,0.7468016147613525,,,0.018312402069568634
3275,24.0,1061,1.1912288665771484,,,0.010499443858861923
3276,20.0,954,1.0641989707946777,,,0.013397671282291412
3277,25.0,1246,1.3905549049377441,,,0.007995540276169777
3278,14.0,651,0.7282261848449707,,,0.0038446735125035048
3279,25.0,1112,1.2618212699890137,,,0.01019119843840599
3280,9.0,484,0.5499963760375977,,,0.0048056710511446
3281,25.0,1252,1.4127082824707031,,,0.011861640028655529
3282,17.0,806,0.9238016605377197,,,0.012091310694813728
3283,16.0,591,0.6679480075836182,,,0.006984064355492592
3284,23.0,1117,1.254115343093872,,,0.0073354472406208515
3285,17.0,708,0.8022427558898926,,,0.0064263613894581795
3286,9.0,632,0.7194595336914062,,,0.004895386286079884
3287,11.0,696,0.7958433628082275,,,0.006428563501685858
3288,24.0,1065,1.2187244892120361,,,0.03965819254517555
3289,16.0,899,1.0235607624053955,,,0.004549404140561819
3290,14.0,613,0.700437068939209,,,0.009829685091972351
3291,15.0,725,0.8344907760620117,,,0.014981172978878021
3292,17.0,856,0.974053144454956,,,0.008551929146051407
3293,6.0,443,0.5152163505554199,,,0.06100257858633995
3294,21.0,1070,1.212548017501831,,,0.007990538142621517
3295,21.0,930,1.0468828678131104,,,0.005978426896035671
3296,24.0,1088,1.2250211238861084,,,0.007251872215420008
3297,8.0,390,0.44235873222351074,,,0.010495040565729141
3298,18.0,1025,1.1554393768310547,,,0.007488081231713295
3299,25.0,907,1.0164988040924072,,,0.009661874733865261
3300,21.0,919,1.0449321269989014,,,0.0029530050233006477
3301,21.0,911,1.0430192947387695,,,0.007693169638514519
3302,16.0,627,0.7169051170349121,,,0.061626240611076355
3303,17.0,963,1.0919301509857178,,,0.008958776481449604
3304,22.0,922,1.051100254058838,,,0.04736608639359474
3305,14.0,727,0.8284459114074707,,,0.011911552399396896
3306,19.0,788,0.9034130573272705,,,0.12511177361011505
3307,26.0,1070,1.2076013088226318,,,0.010075158439576626
3308,19.0,800,0.9098789691925049,,,0.007845981046557426
3309,14.0,711,0.8049046993255615,,,0.00942313577979803
3310,22.0,861,0.9670314788818359,,,0.004449708387255669
3311,14.0,833,0.948448657989502,,,0.011130794882774353
3312,25.0,1028,1.1629588603973389,,,0.010494580492377281
3313,27.0,1124,1.2587394714355469,,,0.004840435925871134
3314,12.0,688,0.7814922332763672,,,0.0052378252148628235
3315,13.0,929,1.0514843463897705,,,0.007156755775213242
3316,5.0,489,0.552391767501831,,,0.008178814314305782
3317,3.0,386,0.4301133155822754,,,0.05812077596783638
3318,17.0,819,0.9146287441253662,,,0.00628838874399662
3319,10.0,521,0.5904333591461182,,,0.008918648585677147
3320,26.0,1317,1.472832441329956,,,0.004938758909702301
3321,21.0,909,1.0586504936218262,,,0.025833148509263992
3322,19.0,883,1.0152256488800049,,,0.01023850031197071
3323,20.0,777,0.8932766914367676,,,0.010592835023999214
3324,24.0,1151,1.3088593482971191,,,0.010023189708590508
3325,22.0,1223,1.3814892768859863,,,0.02496224083006382
3326,17.0,828,0.9477753639221191,,,0.006004681810736656
3327,12.0,677,0.7696394920349121,,,0.00775326881557703
3328,14.0,562,0.6415901184082031,,,0.0065010408870875835
3329,13.0,761,0.8851137161254883,,,0.008273364044725895
3330,25.0,1221,1.3877372741699219,,,0.1098899319767952
3331,17.0,807,0.9183175563812256,,,0.004904889035969973
3332,13.0,639,0.7260713577270508,,,0.004668630659580231
3333,20.0,873,1.0006263256072998,,,0.0076095936819911
3334,18.0,836,0.9498171806335449,,,0.0075089577585458755
3335,25.0,1063,1.2169818878173828,,,0.011865794658660889
3336,14.0,663,0.7704861164093018,,,0.004618906415998936
3337,20.0,769,0.8855628967285156,,,0.00522962398827076
3338,19.0,893,1.0287468433380127,,,0.008781190030276775
3339,22.0,675,0.775402307510376,,,0.008361000567674637
3340,22.0,912,1.0323915481567383,,,0.007170354947447777
3341,33.0,1473,1.6344499588012695,,,0.006311110220849514
3342,18.0,825,0.9522042274475098,,,0.01615736074745655
3343,24.0,1051,1.2096474170684814,,,0.011188896372914314
3344,18.0,903,1.0270602703094482,,,0.008002416230738163
3345,20.0,795,0.9118363857269287,,,0.009993160143494606
3346,16.0,909,1.035757303237915,,,0.012239186093211174
3347,5.0,577,0.65671706199646,,,0.00372283230535686
3348,24.0,967,1.1045286655426025,,,0.01110992394387722
3349,23.0,854,0.9882886409759521,,,0.010496256873011589
3350,19.0,784,0.903296947479248,,,0.005979019217193127
3351,22.0,877,1.000166416168213,,,0.00555508304387331
3352,24.0,1104,1.260056972503662,,,0.0051162089221179485
3353,13.0,778,0.8873395919799805,,,0.010679787956178188
3354,27.0,1200,1.3495960235595703,,,0.012620450928807259
3355,17.0,893,1.0205538272857666,,,0.0054949019104242325
3356,14.0,605,0.6873199939727783,,,0.010824169963598251
3357,27.0,1231,1.3846871852874756,,,0.061681222170591354
3358,9.0,577,0.6714227199554443,,,0.011258223094046116
3359,21.0,995,1.1338481903076172,,,0.013903615064918995
3360,12.0,717,0.8238475322723389,,,0.06561877578496933
3361,30.0,1465,1.6421277523040771,,,0.007323703728616238
3362,21.0,885,1.0014476776123047,,,0.011585159227252007
3363,17.0,891,1.0275588035583496,,,0.007520034909248352
3364,16.0,751,0.8728609085083008,,,0.00979728251695633
3365,14.0,864,1.0018854141235352,,,0.0770457461476326
3366,25.0,1181,1.3424746990203857,,,0.005230876617133617
3367,13.0,449,0.5138123035430908,,,0.004448372405022383
3368,8.0,501,0.5764663219451904,,,0.013931848108768463
3369,17.0,749,0.8501455783843994,,,0.006370375864207745
3370,27.0,1655,1.8575952053070068,,,0.007321717217564583
3371,19.0,799,0.9020709991455078,,,0.015261335298418999
3372,19.0,953,1.0807485580444336,,,0.00730645377188921
3373,29.0,1040,1.173757791519165,,,0.0058710603043437
3374,21.0,927,1.0422258377075195,,,0.005577743984758854
3375,18.0,805,0.9056658744812012,,,0.007696883752942085
3376,9.0,649,0.7331488132476807,,,0.10802184045314789
3377,27.0,1343,1.5055112838745117,,,0.006936389021575451
3378,21.0,935,1.0519211292266846,,,0.008915684185922146
3379,27.0,1425,1.583355188369751,,,0.008088518865406513
3380,14.0,665,0.7676327228546143,,,0.004815555177628994
3381,12.0,561,0.6490039825439453,,,0.006429907400161028
3382,17.0,794,0.9128541946411133,,,0.00731630576774478
3383,30.0,1376,1.570875883102417,,,0.006310193799436092
3384,17.0,885,1.031484842300415,,,0.11013329029083252
3385,12.0,741,0.842740535736084,,,0.01079085934907198
3386,20.0,928,1.0448172092437744,,,0.003967650700360537
3387,18.0,827,0.9373674392700195,,,0.009871292859315872
3388,23.0,772,0.8831570148468018,,,0.007584999315440655
3389,32.0,1346,1.5235095024108887,,,0.009403098374605179
3390,27.0,1016,1.1589040756225586,,,0.009499827399849892
3391,18.0,745,0.8530733585357666,,,0.004498862661421299
3392,29.0,1223,1.3826775550842285,,,0.00953337736427784
3393,26.0,1234,1.396937370300293,,,0.01190024334937334
3394,16.0,564,0.6385107040405273,,,0.006811566185206175
3395,12.0,666,0.7764780521392822,,,0.005556087009608746
3396,16.0,781,0.8998217582702637,,,0.0033848267048597336
3397,23.0,921,1.0553712844848633,,,0.015010089613497257
3398,28.0,1151,1.2890489101409912,,,0.008138017728924751
3399,26.0,930,1.0576698780059814,,,0.13068757951259613
3400,8.0,609,0.7023344039916992,,,0.007182036526501179
3401,24.0,884,1.0145163536071777,,,0.011414005421102047
3402,18.0,923,1.046689510345459,,,0.0044439565390348434
3403,21.0,913,1.0432229042053223,,,0.007165450602769852
3404,13.0,768,0.8816566467285156,,,0.009306447580456734
3405,22.0,1087,1.237743854522705,,,0.07132342457771301
3406,30.0,1180,1.3430287837982178,,,0.00446323212236166
3407,26.0,1141,1.304506540298462,,,0.006951474584639072
3408,58.0,2052,2.333085536956787,,,0.006225718185305595
3409,17.0,888,1.0370597839355469,,,0.0665234848856926
3410,30.0,1363,1.544865369796753,,,0.008475888520479202
3411,25.0,992,1.1354594230651855,,,0.013672257773578167
3412,17.0,841,0.951958179473877,,,0.009035037830471992
3413,21.0,804,0.9214491844177246,,,0.010491740889847279
3414,32.0,1344,1.4980342388153076,,,0.12426111102104187
3415,24.0,1157,1.3059234619140625,,,0.06610651314258575
3416,15.0,711,0.8102943897247314,,,0.0071736713871359825
3417,29.0,1809,2.0275886058807373,,,0.0047098370268940926
3418,23.0,924,1.047297716140747,,,0.1267615407705307
3419,23.0,993,1.1190199851989746,,,0.007994559593498707
3420,19.0,900,1.0209324359893799,,,0.008150367066264153
3421,20.0,893,1.0168333053588867,,,0.004766104742884636
3422,22.0,915,1.0382835865020752,,,0.011502979323267937
3423,11.0,776,0.8809866905212402,,,0.01185144204646349
3424,17.0,827,0.948986291885376,,,0.005219695158302784
3425,23.0,1061,1.2145187854766846,,,0.008750606328248978
3426,24.0,1342,1.521986722946167,,,0.013573774136602879
3427,14.0,783,0.913902759552002,,,0.005598336458206177
3428,7.0,615,0.7138676643371582,,,0.011921963654458523
3429,30.0,1106,1.2600915431976318,,,0.00535744009539485
3430,25.0,1138,1.31904935836792,,,0.006584051065146923
3431,17.0,851,0.9923489093780518,,,0.016736196354031563
3432,33.0,1410,1.6106054782867432,,,0.010458840057253838
3433,24.0,893,1.031057357788086,,,0.007380140945315361
3434,17.0,717,0.8331100940704346,,,0.06274163722991943
3435,12.0,739,0.8576288223266602,,,0.0036394591443240643
3436,16.0,825,0.9544916152954102,,,0.010367454960942268
3437,28.0,1067,1.2331500053405762,,,0.005640992894768715
3438,18.0,829,0.9578895568847656,,,0.009445673786103725
3439,11.0,711,0.8333215713500977,,,0.006197931710630655
3440,17.0,899,1.037635087966919,,,0.010698032565414906
3441,20.0,952,1.0998780727386475,,,0.007572281174361706
3442,21.0,893,1.0389666557312012,,,0.008750077337026596
3443,29.0,1097,1.2502732276916504,,,0.0103553282096982
3444,14.0,654,0.7571704387664795,,,0.007415441796183586
3445,15.0,832,0.9732394218444824,,,0.00601181760430336
3446,29.0,1029,1.1853840351104736,,,0.10092980414628983
3447,14.0,1027,1.1743395328521729,,,0.004843109752982855
3448,25.0,1077,1.2253899574279785,,,0.005322208162397146
3449,13.0,621,0.7190141677856445,,,0.06861629337072372
3450,10.0,393,0.4531853199005127,,,0.004992050584405661
3451,19.0,957,1.0870366096496582,,,0.008308540098369122
3452,18.0,695,0.7965271472930908,,,0.0720130056142807
3453,32.0,1389,1.5609982013702393,,,0.004858248867094517
3454,19.0,963,1.0940771102905273,,,0.007534858305007219
3455,29.0,1428,1.5982027053833008,,,0.007105136290192604
3456,11.0,627,0.7232630252838135,,,0.01990114152431488
3457,19.0,880,1.0188288688659668,,,0.010120362043380737
3458,15.0,829,0.9675173759460449,,,0.013186216354370117
3459,13.0,651,0.7547383308410645,,,0.004022673703730106
3460,28.0,1300,1.4683458805084229,,,0.00381245999597013
3461,15.0,627,0.7224793434143066,,,0.011229582130908966
3462,28.0,982,1.1288385391235352,,,0.009496813639998436
3463,29.0,1233,1.4140000343322754,,,0.004886786453425884
3464,18.0,628,0.7425837516784668,,,0.004573481623083353
3465,25.0,1219,1.4063646793365479,,,0.006871943362057209
3466,20.0,779,0.8859543800354004,,,0.0038443102966994047
3467,20.0,821,0.9691894054412842,,,0.07458888739347458
3468,10.0,739,0.8604388236999512,,,0.004850800149142742
3469,14.0,685,0.7948579788208008,,,0.12649744749069214
3470,21.0,719,0.861069917678833,,,0.009398381225764751
3471,22.0,1063,1.2054650783538818,,,0.0677265077829361
3472,30.0,1159,1.3185975551605225,,,0.005503008607774973
3473,30.0,1247,1.4224388599395752,,,0.005800727289170027
3474,14.0,797,0.9309918880462646,,,0.006209164392203093
3475,22.0,977,1.1296610832214355,,,0.0031328073237091303
3476,16.0,755,0.8826653957366943,,,0.011265229433774948
3477,16.0,631,0.7287931442260742,,,0.06661355495452881
3478,25.0,1140,1.312286376953125,,,0.12215761095285416
3479,30.0,1187,1.358854055404663,,,0.004648708738386631
3480,10.0,494,0.5740816593170166,,,0.08849797397851944
3481,21.0,946,1.092066764831543,,,0.006242905743420124
3482,19.0,851,0.9873485565185547,,,0.009597891941666603
3483,21.0,787,0.918250560760498,,,0.011773539707064629
3484,15.0,573,0.67181396484375,,,0.00832283589988947
3485,15.0,724,0.8460111618041992,,,0.006498909089714289
3486,18.0,771,0.8856463432312012,,,0.006214464548975229
3487,28.0,1147,1.3102734088897705,,,0.005263351369649172
3488,26.0,1073,1.2369108200073242,,,0.005972734652459621
3489,29.0,991,1.1408801078796387,,,0.005264663137495518
3490,19.0,965,1.1114835739135742,,,0.1250648945569992
3491,13.0,669,0.7693977355957031,,,0.003991188947111368
3492,29.0,1287,1.44871187210083,,,0.015040235593914986
3493,14.0,699,0.8042397499084473,,,0.008548323065042496
3494,10.0,619,0.7064423561096191,,,0.010261401534080505
3495,9.0,514,0.5861594676971436,,,0.007043575868010521
3496,16.0,824,0.9627246856689453,,,0.004280559252947569
3497,19.0,805,0.9296789169311523,,,0.004190829116851091
3498,29.0,1094,1.2558133602142334,,,0.0067923907190561295
3499,22.0,739,0.8587665557861328,,,0.14325878024101257
3500,21.0,1119,1.274665355682373,,,0.008818535134196281
3501,17.0,898,1.0205140113830566,,,0.01254680473357439
3502,7.0,476,0.5518295764923096,,,0.00872691348195076
3503,10.0,641,0.7609119415283203,,,0.0047694006934762
3504,16.0,678,0.7988789081573486,,,0.0065451376140117645
3505,9.0,505,0.590045690536499,,,0.01566167362034321
3506,18.0,735,0.8624019622802734,,,0.07773836702108383
3507,19.0,807,0.9263641834259033,,,0.0042700450867414474
3508,14.0,735,0.845928430557251,,,0.010791773907840252
3509,7.0,515,0.602332592010498,,,0.007975572720170021
3510,27.0,1342,1.5399086475372314,,,0.007797010708600283
3511,13.0,701,0.8006927967071533,,,0.010682984255254269
3512,12.0,646,0.7359836101531982,,,0.006567619740962982
3513,25.0,915,1.0424225330352783,,,0.007681131828576326
3514,20.0,832,0.9691016674041748,,,0.006319966167211533
3515,21.0,851,0.9800364971160889,,,0.02088448591530323
3516,31.0,1387,1.59641432762146,,,0.008873195387423038
3517,17.0,801,0.9369208812713623,,,0.00790959782898426
3518,11.0,591,0.6922602653503418,,,0.005486117675900459
3519,27.0,1253,1.4150586128234863,,,0.005857371725142002
3520,19.0,749,0.8554377555847168,,,0.005473666824400425
3521,13.0,653,0.7539904117584229,,,0.015802254900336266
3522,27.0,1388,1.5829195976257324,,,0.008535262197256088
3523,18.0,899,1.0432286262512207,,,0.01269825454801321
3524,17.0,761,0.8894350528717041,,,0.07559498399496078
3525,32.0,1120,1.2976188659667969,,,0.005265028215944767
3526,30.0,1280,1.474926471710205,,,0.007021649740636349
3527,18.0,766,0.8862121105194092,,,0.007908444851636887
3528,18.0,793,0.9006657600402832,,,0.009709957987070084
3529,24.0,1060,1.2063672542572021,,,0.00669936602935195
3530,27.0,1015,1.14969801902771,,,0.003992996644228697
3531,31.0,1221,1.3800435066223145,,,0.007471764460206032
3532,28.0,1041,1.166142225265503,,,0.006052923388779163
3533,27.0,1087,1.232569694519043,,,0.0044808220118284225
3534,9.0,541,0.6341400146484375,,,0.005945686250925064
3535,25.0,756,0.8718883991241455,,,0.003686037613078952
3536,26.0,1042,1.2348146438598633,,,0.006034477613866329
3537,23.0,979,1.1394660472869873,,,0.10769659280776978
3538,31.0,1212,1.393350601196289,,,0.013403628952801228
3539,21.0,829,0.9525370597839355,,,0.00911261048167944
3540,25.0,941,1.110504150390625,,,0.005636748392134905
3541,18.0,671,0.7904725074768066,,,0.005672908388078213
3542,17.0,712,0.8484699726104736,,,0.009007146582007408
3543,23.0,1054,1.2616653442382812,,,0.006145577412098646
3544,28.0,1434,1.6714165210723877,,,0.008219853043556213
3545,9.0,543,0.641960859298706,,,0.015634164214134216
3546,20.0,836,0.9689760208129883,,,0.019494306296110153
3547,20.0,939,1.0970509052276611,,,0.009173930622637272
3548,25.0,1033,1.187021017074585,,,0.00806464534252882
3549,27.0,1068,1.2476251125335693,,,0.06946147978305817
3550,25.0,991,1.1390228271484375,,,0.008285218849778175
3551,24.0,925,1.0492122173309326,,,0.009066237136721611
3552,24.0,785,0.9354124069213867,,,0.06862617284059525
3553,11.0,504,0.606203556060791,,,0.005294167436659336
3554,26.0,1133,1.3235905170440674,,,0.008512502536177635
3555,21.0,777,0.9683592319488525,,,0.008541022427380085
3556,20.0,866,1.0180134773254395,,,0.00870563369244337
3557,20.0,854,1.0332772731781006,,,0.014273146167397499
3558,32.0,1394,1.721618890762329,,,0.07368877530097961
3559,16.0,728,0.8606996536254883,,,0.008813142776489258
3560,31.0,1243,1.5050289630889893,,,0.009153504855930805
3561,14.0,629,0.7684357166290283,,,0.004771585110574961
3562,26.0,995,1.2045094966888428,,,0.013672091998159885
3563,20.0,1033,1.221736192703247,,,0.016421856358647346
3564,20.0,894,1.0860216617584229,,,0.006977143231779337
3565,26.0,984,1.196432113647461,,,0.00502960616722703
3566,28.0,1225,1.474534273147583,,,0.009445872157812119
3567,21.0,993,1.152892827987671,,,0.006149210501462221
3568,31.0,1243,1.413982629776001,,,0.07195539772510529
3569,15.0,679,0.7849504947662354,,,0.007764267269521952
3570,19.0,762,0.8679187297821045,,,0.015505321323871613
3571,24.0,1087,1.2421705722808838,,,0.004922091495245695
3572,32.0,992,1.2044198513031006,,,0.015295370481908321
3573,29.0,1211,1.4554944038391113,,,0.007467344403266907
3574,15.0,754,0.9207668304443359,,,0.014898248016834259
3575,19.0,691,0.8221385478973389,,,0.0052282679826021194
3576,20.0,981,1.218224048614502,,,0.004847289063036442
3577,28.0,1324,1.5687451362609863,,,0.008308164775371552
3578,12.0,517,0.6127784252166748,,,0.009164656512439251
3579,32.0,1167,1.354485034942627,,,0.007938474416732788
3580,23.0,744,0.87603759765625,,,0.004792111925780773
3581,22.0,733,0.8656971454620361,,,0.004829320125281811
3582,27.0,1130,1.3059139251708984,,,0.07770349830389023
3583,26.0,1110,1.2748737335205078,,,0.006300735287368298
3584,27.0,1061,1.2470054626464844,,,0.007020814344286919
3585,29.0,1463,1.689786672592163,,,0.005651575513184071
3586,2.0,364,0.43210387229919434,,,0.0059049115516245365
3587,34.0,1350,1.555163860321045,,,0.009010346606373787
3588,17.0,835,0.979243278503418,,,0.004194199573248625
3589,29.0,931,1.084458827972412,,,0.19560016691684723
3590,23.0,911,1.0958991050720215,,,0.0054381005465984344
3591,27.0,1038,1.2608916759490967,,,0.006140224169939756
3592,12.0,677,0.7976653575897217,,,0.006216894369572401
3593,21.0,787,0.9127416610717773,,,0.008730395697057247
3594,17.0,775,0.8969810009002686,,,0.0058503784239292145
3595,30.0,955,1.0945680141448975,,,0.006777182221412659
3596,21.0,1053,1.2428827285766602,,,0.0038781617768108845
3597,17.0,719,0.8572371006011963,,,0.07673149555921555
3598,17.0,737,0.8791992664337158,,,0.0041169580072164536
3599,21.0,1041,1.2424471378326416,,,0.07920019328594208
3600,20.0,841,1.0029172897338867,,,0.004683935549110174
3601,12.0,676,0.8126950263977051,,,0.09860635548830032
3602,21.0,1111,1.3440601825714111,,,0.0072869183495640755
3603,24.0,903,1.0740110874176025,,,0.004832025617361069
3604,26.0,939,1.090592861175537,,,0.008879265747964382
3605,23.0,1147,1.3460693359375,,,0.004440058954060078
3606,27.0,1285,1.5131335258483887,,,0.0061185238882899284
3607,20.0,790,0.9297213554382324,,,0.00758007587864995
3608,25.0,1256,1.475541591644287,,,0.007504837121814489
3609,19.0,632,0.7448713779449463,,,0.0062622446566820145
3610,25.0,933,1.0975639820098877,,,0.006093087140470743
3611,18.0,831,0.9983294010162354,,,0.008682695217430592
3612,20.0,856,1.0499002933502197,,,0.00662976922467351
3613,22.0,1255,1.4938461780548096,,,0.00648000743240118
3614,15.0,699,0.8085565567016602,,,0.00627862149849534
3615,25.0,836,0.9699544906616211,,,0.007380512543022633
3616,4.0,407,0.4688756465911865,,,0.12843655049800873
3617,21.0,1010,1.2002205848693848,,,0.005385705269873142
3618,16.0,740,0.9083130359649658,,,0.006773521192371845
3619,21.0,765,0.9266993999481201,,,0.008769220672547817
3620,20.0,950,1.2697696685791016,,,0.006885632872581482
3621,17.0,625,0.7312681674957275,,,0.0066454531624913216
3622,14.0,613,0.7259247303009033,,,0.0705825686454773
3623,25.0,863,1.0244624614715576,,,0.00930926762521267
3624,3.0,342,0.40966081619262695,,,0.008344345726072788
3625,12.0,489,0.5879037380218506,,,0.011371429078280926
3626,29.0,1107,1.3287081718444824,,,0.009700658731162548
3627,28.0,1241,1.4792909622192383,,,0.005074780434370041
3628,23.0,740,0.8711860179901123,,,0.00693146837875247
3629,13.0,751,0.9108550548553467,,,0.00812153797596693
3630,30.0,1214,1.4686617851257324,,,0.0075089153833687305
3631,22.0,1019,1.2103931903839111,,,0.0070199305191636086
3632,20.0,763,0.899075984954834,,,0.00650846678763628
3633,28.0,1353,1.620274543762207,,,0.0041226292960345745
3634,27.0,891,1.0519776344299316,,,0.006289079785346985
3635,21.0,883,1.0619227886199951,,,0.005817648954689503
3636,19.0,787,0.9251909255981445,,,0.07960431277751923
3637,24.0,955,1.1431386470794678,,,0.004912922158837318
3638,26.0,1192,1.3971953392028809,,,0.00947127677500248
3639,22.0,929,1.0895395278930664,,,0.009585951454937458
3640,25.0,1005,1.1774277687072754,,,0.004631830379366875
3641,15.0,818,0.9689145088195801,,,0.004252971149981022
3642,26.0,1030,1.2272398471832275,,,0.009177470579743385
3643,27.0,1334,1.5721049308776855,,,0.10583189129829407
3644,50.0,2223,2.6042940616607666,,,0.009005686268210411
3645,25.0,872,1.0459895133972168,,,0.005817429628223181
3646,17.0,729,0.9003610610961914,,,0.0111415795981884
3647,30.0,1251,1.462386131286621,,,0.009857290424406528
3648,16.0,691,0.8196325302124023,,,0.018550101667642593
3649,20.0,1057,1.2474710941314697,,,0.011616537347435951
3650,17.0,591,0.7005221843719482,,,0.005090133752673864
3651,18.0,816,0.9551565647125244,,,0.009772172197699547
3652,26.0,993,1.1771907806396484,,,0.003464641747996211
3653,23.0,940,1.1238203048706055,,,0.010153638198971748
3654,24.0,949,1.1339163780212402,,,0.0059843286871910095
3655,12.0,636,0.7589437961578369,,,0.0863553136587143
3656,20.0,1033,1.2287108898162842,,,0.008924047462642193
3657,17.0,711,0.8446054458618164,,,0.00796995684504509
3658,16.0,820,0.9911150932312012,,,0.005535990931093693
3659,27.0,1248,1.4652459621429443,,,0.00724977720528841
3660,24.0,917,1.0847957134246826,,,0.010985448956489563
3661,20.0,811,0.9663186073303223,,,0.00627522449940443
3662,27.0,994,1.1615099906921387,,,0.006448949687182903
3663,27.0,1057,1.2350234985351562,,,0.006633296143263578
3664,26.0,791,0.9447379112243652,,,0.006206955295056105
3665,15.0,598,0.7207183837890625,,,0.009252207353711128
3666,17.0,866,1.0391199588775635,,,0.006986058782786131
3667,23.0,733,0.8738343715667725,,,0.00867427233606577
3668,25.0,1144,1.3555150032043457,,,0.007690774276852608
3669,25.0,1069,1.285783052444458,,,0.008182867430150509
3670,9.0,527,0.6269266605377197,,,0.004992737900465727
3671,27.0,1378,1.6137397289276123,,,0.007955597713589668
3672,24.0,872,1.0311996936798096,,,0.0055936770513653755
3673,12.0,655,0.7738344669342041,,,0.005365109536796808
3674,19.0,759,0.936065673828125,,,0.00886632315814495
3675,26.0,999,1.2246060371398926,,,0.008904943242669106
3676,11.0,561,0.7283098697662354,,,0.01268157921731472
3677,24.0,997,1.283137321472168,,,0.005716569256037474
3678,19.0,737,0.9391465187072754,,,0.0035488195717334747
3679,28.0,1207,1.3971138000488281,,,0.010876493528485298
3680,19.0,719,0.8280253410339355,,,0.0060762278735637665
3681,19.0,879,1.0087347030639648,,,0.00857820175588131
3682,28.0,1124,1.303924322128296,,,0.00711291516199708
3683,31.0,1331,1.5327351093292236,,,0.08409356325864792
3684,27.0,1151,1.3392682075500488,,,0.005395557731389999
3685,30.0,1231,1.403773307800293,,,0.008599579334259033
3686,20.0,859,1.016442060470581,,,0.014106353744864464
3687,26.0,1017,1.2020304203033447,,,0.010225225239992142
3688,32.0,1175,1.4142508506774902,,,0.007553400006145239
3689,22.0,893,1.0711543560028076,,,0.01632920652627945
3690,20.0,754,0.8875741958618164,,,0.0070734829641878605
3691,22.0,999,1.239708423614502,,,0.008597370237112045
3692,18.0,726,0.8539831638336182,,,0.02011355198919773
3693,28.0,1132,1.3238694667816162,,,0.1146402359008789
3694,24.0,1165,1.3529443740844727,,,0.006755911745131016
3695,19.0,665,0.7795798778533936,,,0.0031571583822369576
3696,26.0,1020,1.1860780715942383,,,0.00528358668088913
3697,32.0,1429,1.7431349754333496,,,0.009212145581841469
3698,26.0,955,1.1554641723632812,,,0.0076874117366969585
3699,20.0,1142,1.3545231819152832,,,0.20322084426879883
3700,24.0,862,1.031121015548706,,,0.09627845138311386
3701,27.0,893,1.0579981803894043,,,0.009468363597989082
3702,22.0,1139,1.344822883605957,,,0.009486399590969086
3703,31.0,992,1.1760342121124268,,,0.005982465576380491
3704,28.0,1057,1.2749814987182617,,,0.007243681233376265
3705,14.0,575,0.6945867538452148,,,0.011933200992643833
3706,30.0,1182,1.3819913864135742,,,0.02999444678425789
3707,19.0,761,0.8907372951507568,,,0.009896280243992805
3708,33.0,1317,1.580120325088501,,,0.0060874102637171745
3709,25.0,965,1.1589281558990479,,,0.013078511692583561
3710,20.0,755,0.9025843143463135,,,0.013627070933580399
3711,8.0,489,0.5988311767578125,,,0.0056576658971607685
3712,11.0,498,0.5967333316802979,,,0.01520649902522564
3713,29.0,1275,1.5274386405944824,,,0.010519099421799183
3714,18.0,907,1.074955701828003,,,0.009988682344555855
3715,27.0,893,1.04069185256958,,,0.00783487781882286
3716,17.0,785,0.9158005714416504,,,0.006633399520069361
3717,13.0,686,0.8102643489837646,,,0.19142529368400574
3718,6.0,528,0.6297192573547363,,,0.0823117271065712
3719,21.0,1049,1.2620491981506348,,,0.01110446359962225
3720,28.0,1165,1.3977959156036377,,,0.004261088091880083
3721,21.0,933,1.1176965236663818,,,0.00768949743360281
3722,31.0,1275,1.5028910636901855,,,0.006107053719460964
3723,28.0,1167,1.3743679523468018,,,0.0054461341351270676
3724,28.0,1170,1.3764064311981201,,,0.07815480977296829
3725,35.0,1500,1.7668628692626953,,,0.004373842850327492
3726,27.0,1185,1.3751392364501953,,,0.07890138030052185
3727,28.0,1011,1.1736981868743896,,,0.009779243730008602
3728,17.0,875,1.027397632598877,,,0.007199577987194061
3729,21.0,1081,1.2611000537872314,,,0.008747325278818607
3730,23.0,766,0.9129972457885742,,,0.11082062125205994
3731,26.0,1033,1.2204883098602295,,,0.008493166416883469
3732,28.0,1327,1.550398588180542,,,0.0067109111696481705
3733,23.0,947,1.1327321529388428,,,0.0069880494847893715
3734,21.0,725,0.8585317134857178,,,0.007860717363655567
3735,29.0,1171,1.3657541275024414,,,0.005579691845923662
3736,23.0,841,1.0056860446929932,,,0.10187341272830963
3737,30.0,1234,1.4419755935668945,,,0.008016516454517841
3738,32.0,1364,1.5982768535614014,,,0.1887005865573883
3739,28.0,1319,1.536069631576538,,,0.0798259824514389
3740,23.0,896,1.0587396621704102,,,0.004830141551792622
3741,17.0,726,0.895458459854126,,,0.01237747073173523
3742,33.0,1337,1.5817036628723145,,,0.006021319888532162
3743,9.0,584,0.697960376739502,,,0.11636658757925034
3744,19.0,760,0.9142606258392334,,,0.005128352902829647
3745,22.0,903,1.0499684810638428,,,0.006878276355564594
3746,29.0,1193,1.3741943836212158,,,0.08089283108711243
3747,25.0,1032,1.1982555389404297,,,0.006720091216266155
3748,21.0,844,0.9897844791412354,,,0.008373293094336987
3749,31.0,1105,1.2845773696899414,,,0.005079710390418768
3750,26.0,1070,1.248250961303711,,,0.01004673633724451
3751,25.0,985,1.1516389846801758,,,0.00951891764998436
3752,30.0,1041,1.2105975151062012,,,0.005329911131411791
3753,18.0,702,0.8386919498443604,,,0.009205449372529984
3754,19.0,860,1.003835916519165,,,0.0035115103237330914
3755,16.0,678,0.7960901260375977,,,0.007069616578519344
3756,26.0,1221,1.4369375705718994,,,0.0059392089024186134
3757,16.0,613,0.7340288162231445,,,0.007920059375464916
3758,25.0,960,1.1308884620666504,,,0.004557769279927015
3759,20.0,843,0.9964251518249512,,,0.0053777797147631645
3760,22.0,859,1.1035082340240479,,,0.011590098962187767
3761,21.0,722,0.9151122570037842,,,0.0058681415393948555
3762,28.0,1108,1.344820499420166,,,0.1856670379638672
3763,29.0,1388,1.6282439231872559,,,0.00807981938123703
3764,26.0,1089,1.2834086418151855,,,0.0244864821434021
3765,23.0,951,1.1177079677581787,,,0.01168306078761816
3766,30.0,1147,1.3556797504425049,,,0.007994314655661583
3767,25.0,1001,1.2018535137176514,,,0.007360367104411125
3768,13.0,738,0.8826808929443359,,,0.07967065274715424
3769,23.0,881,1.0795567035675049,,,0.003941185772418976
3770,18.0,779,0.9383325576782227,,,0.003897495334967971
3771,21.0,822,1.0507936477661133,,,0.0071791671216487885
3772,21.0,784,0.9886078834533691,,,0.12083335220813751
3773,30.0,1237,1.5232970714569092,,,0.0077875214628875256
3774,24.0,837,0.9994070529937744,,,0.006483705714344978
3775,26.0,890,1.0448110103607178,,,0.009751128032803535
3776,28.0,1116,1.3686680793762207,,,0.009645684622228146
3777,20.0,952,1.1767373085021973,,,0.013583601452410221
3778,25.0,985,1.264671802520752,,,0.004862463101744652
3779,23.0,888,1.0861165523529053,,,0.16520388424396515
3780,20.0,765,0.9215991497039795,,,0.008142979815602303
3781,28.0,1331,1.5704457759857178,,,0.006327645853161812
3782,31.0,1382,1.6407020092010498,,,0.006468463689088821
3783,24.0,839,1.0177597999572754,,,0.08901550620794296
3784,28.0,1135,1.3600423336029053,,,0.004679850768297911
3785,19.0,974,1.1788275241851807,,,0.10500866174697876
3786,21.0,903,1.0801117420196533,,,0.08192480355501175
3787,18.0,1183,1.4131135940551758,,,0.0069380514323711395
3788,26.0,1073,1.2664821147918701,,,0.006792022846639156
3789,12.0,638,0.7783100605010986,,,0.008595865219831467
3790,22.0,833,1.109678030014038,,,0.007141648791730404
3791,22.0,741,0.9643819332122803,,,0.00565033033490181
3792,14.0,594,0.7157504558563232,,,0.0059410640969872475
3793,17.0,761,0.9038548469543457,,,0.013180246576666832
3794,26.0,963,1.1993873119354248,,,0.008461369201540947
3795,8.0,500,0.6005220413208008,,,0.007074779365211725
3796,19.0,912,1.1295156478881836,,,0.00852264929562807
3797,21.0,741,0.8987240791320801,,,0.11044145375490189
3798,23.0,861,1.0240459442138672,,,0.005559717305004597
3799,30.0,1505,1.7594096660614014,,,0.08743155002593994
3800,30.0,1355,1.5818617343902588,,,0.010861176997423172
3801,23.0,764,0.9146950244903564,,,0.0031898445449769497
3802,30.0,1128,1.3292324542999268,,,0.005480123683810234
3803,33.0,1523,1.7881488800048828,,,0.012457283213734627
3804,20.0,854,1.008953332901001,,,0.009745166637003422
3805,2.0,391,0.47347235679626465,,,0.007492025848478079
3806,21.0,880,1.05684494972229,,,0.005214736331254244
3807,12.0,844,1.0082902908325195,,,0.013229258358478546
3808,22.0,736,0.8764512538909912,,,0.005032393150031567
3809,24.0,1133,1.3482587337493896,,,0.0036765127442777157
3810,15.0,603,0.7505407333374023,,,0.09443952888250351
3811,20.0,858,1.0762321949005127,,,0.005532491952180862
3812,16.0,815,1.0004210472106934,,,0.002534529659897089
3813,26.0,770,0.9414091110229492,,,0.006677485071122646
3814,31.0,1175,1.4583559036254883,,,0.009430664591491222
3815,27.0,909,1.0894033908843994,,,0.003463816363364458
3816,18.0,763,0.9174485206604004,,,0.01887829229235649
3817,24.0,762,0.9145326614379883,,,0.009267142042517662
3818,19.0,873,1.049994707107544,,,0.0048689814284443855
3819,15.0,563,0.6762440204620361,,,0.006453740876168013
3820,23.0,970,1.1593663692474365,,,0.007970698177814484
3821,25.0,893,1.0662915706634521,,,0.08237393945455551
3822,20.0,800,0.9568581581115723,,,0.006001256871968508
3823,23.0,705,0.863957405090332,,,0.005896548740565777
3824,28.0,1287,1.5612280368804932,,,0.007084374316036701
3825,26.0,1190,1.5213570594787598,,,0.006737911142408848
3826,24.0,824,0.9929447174072266,,,0.006830821745097637
3827,28.0,1147,1.3768503665924072,,,0.0874331071972847
3828,22.0,731,0.8668413162231445,,,0.005128641612827778
3829,7.0,675,0.8040015697479248,,,0.005551036447286606
3830,27.0,1217,1.422332525253296,,,0.004859968554228544
3831,29.0,993,1.1823256015777588,,,0.005621278192847967
3832,23.0,1377,1.7179794311523438,,,0.005800365004688501
3833,27.0,1117,1.3562862873077393,,,0.07155389338731766
3834,29.0,1005,1.1937930583953857,,,0.009285224601626396
3835,21.0,780,0.9446859359741211,,,0.0772201269865036
3836,27.0,1378,1.6205403804779053,,,0.08698221296072006
3837,22.0,748,0.8943324089050293,,,0.014636902138590813
3838,29.0,1171,1.3921632766723633,,,0.08183596283197403
3839,21.0,990,1.2218000888824463,,,0.007770589552819729
3840,19.0,930,1.1347002983093262,,,0.09917294979095459
3841,21.0,823,1.0184752941131592,,,0.010897453874349594
3842,32.0,1245,1.4821460247039795,,,0.004635382443666458
3843,22.0,1005,1.220785140991211,,,0.00855778157711029
3844,21.0,823,0.9802684783935547,,,0.08768521249294281
3845,29.0,1256,1.5525262355804443,,,0.08628338575363159
3846,14.0,669,0.7994129657745361,,,0.014487052336335182
3847,32.0,1355,1.571098804473877,,,0.015592171810567379
3848,30.0,986,1.157212257385254,,,0.00842219777405262
3849,31.0,1454,1.7128050327301025,,,0.006411946378648281
3850,21.0,1375,1.7296490669250488,,,0.004957681521773338
3851,21.0,964,1.162308692932129,,,0.0122365802526474
3852,26.0,987,1.1645994186401367,,,0.008547326549887657
3853,20.0,797,0.943347692489624,,,0.0083816759288311
3854,5.0,386,0.46880674362182617,,,0.005400059744715691
3855,27.0,981,1.1448781490325928,,,0.09088189154863358
3856,31.0,1052,1.2339248657226562,,,0.007130209356546402
3857,20.0,819,0.9702353477478027,,,0.008944964036345482
3858,32.0,1537,1.785865306854248,,,0.0064695244655013084
3859,24.0,1093,1.2927334308624268,,,0.00542757473886013
3860,26.0,1111,1.310462474822998,,,0.003727211616933346
3861,14.0,599,0.723731279373169,,,0.004507727921009064
3862,17.0,928,1.114830732345581,,,0.0036629117093980312
3863,26.0,1019,1.1959028244018555,,,0.006940195802599192
3864,28.0,1104,1.2792046070098877,,,0.011444788426160812
3865,24.0,891,1.0490992069244385,,,0.00482889823615551
3866,30.0,1159,1.3471519947052002,,,0.04145068675279617
3867,27.0,1021,1.1839146614074707,,,0.005569245666265488
3868,15.0,583,0.6886377334594727,,,0.007789448834955692
3869,10.0,573,0.6753940582275391,,,0.013380037620663643
3870,17.0,806,0.9607815742492676,,,0.004397585988044739
3871,16.0,854,1.0013699531555176,,,0.009066327475011349
3872,15.0,763,0.9129347801208496,,,0.0028323212172836065
3873,9.0,513,0.6707684993743896,,,0.07587040215730667
3874,14.0,544,0.6484401226043701,,,0.004247565288096666
3875,29.0,1288,1.5172646045684814,,,0.004414740949869156
3876,20.0,649,0.772658109664917,,,0.006560022942721844
3877,5.0,455,0.5435318946838379,,,0.013323253951966763
3878,25.0,934,1.0892653465270996,,,0.003074084408581257
3879,23.0,959,1.1157069206237793,,,0.006281583569943905
3880,26.0,935,1.0909545421600342,,,0.007828563451766968
3881,24.0,891,1.056685447692871,,,0.008092733100056648
3882,21.0,640,0.7620246410369873,,,0.006982176098972559
3883,21.0,725,0.8575398921966553,,,0.009803534485399723
3884,10.0,663,0.7788846492767334,,,0.004620554856956005
3885,19.0,801,0.95278000831604,,,0.009070615284144878
3886,30.0,1312,1.5141270160675049,,,0.007007483392953873
3887,24.0,863,1.0098299980163574,,,0.061257243156433105
3888,20.0,818,0.9563889503479004,,,0.009354369714856148
3889,23.0,790,0.9262681007385254,,,0.011307086795568466
3890,8.0,431,0.514960765838623,,,0.011890077963471413
3891,19.0,725,0.8558268547058105,,,0.10821189731359482
3892,5.0,633,0.7594799995422363,,,0.009319236502051353
3893,21.0,925,1.1022067070007324,,,0.00562684889882803
3894,25.0,957,1.1377418041229248,,,0.0065379017032682896
3895,20.0,1093,1.2917628288269043,,,0.008077521808445454
3896,17.0,650,0.7735686302185059,,,0.006011107936501503
3897,14.0,655,0.7791082859039307,,,0.00827525369822979
3898,25.0,953,1.1159117221832275,,,0.003943759016692638
3899,20.0,783,0.9128162860870361,,,0.004044669214636087
3900,13.0,520,0.6093111038208008,,,0.0037788019981235266
3901,20.0,783,0.9180305004119873,,,0.0059786331839859486
3902,19.0,757,0.8861055374145508,,,0.004564741626381874
3903,32.0,1430,1.683427095413208,,,0.009189579635858536
3904,24.0,1371,1.6337289810180664,,,0.007441256660968065
3905,25.0,869,1.031165361404419,,,0.01111118495464325
3906,27.0,1056,1.2368168830871582,,,0.008086612448096275
3907,28.0,1091,1.281792402267456,,,0.008869286626577377
3908,26.0,1029,1.1969232559204102,,,0.005620002746582031
3909,31.0,1307,1.5295937061309814,,,0.15246522426605225
3910,25.0,1095,1.2857153415679932,,,0.006412561051547527
3911,23.0,1115,1.3374695777893066,,,0.003801502753049135
3912,25.0,982,1.2866148948669434,,,0.005674382206052542
3913,28.0,977,1.2286725044250488,,,0.005816868506371975
3914,27.0,1146,1.3595643043518066,,,0.007074862718582153
3915,21.0,995,1.182128667831421,,,0.004370176233351231
3916,17.0,713,0.8364882469177246,,,0.0779847726225853
3917,26.0,944,1.1100444793701172,,,0.005572843365371227
3918,24.0,799,0.9438121318817139,,,0.005643212236464024
3919,16.0,825,0.9770562648773193,,,0.005548176355659962
3920,25.0,1035,1.241231918334961,,,0.005353828892111778
3921,22.0,737,0.8681526184082031,,,0.00650013517588377
3922,19.0,696,0.8199055194854736,,,0.008077278733253479
3923,34.0,1412,1.6605503559112549,,,0.008540772832930088
3924,7.0,373,0.43918848037719727,,,0.004452716559171677
3925,14.0,490,0.6091504096984863,,,0.00646373862400651
3926,29.0,1333,1.6917247772216797,,,0.005032041110098362
3927,23.0,735,0.8869495391845703,,,0.010010773316025734
3928,30.0,1380,1.6101157665252686,,,0.07601199299097061
3929,21.0,888,1.0563852787017822,,,0.00587762426584959
3930,30.0,953,1.1175711154937744,,,0.0034641113597899675
3931,21.0,919,1.0897431373596191,,,0.009476779028773308
3932,25.0,965,1.1400384902954102,,,0.010505867190659046
3933,24.0,844,1.0033137798309326,,,0.011077143251895905
3934,24.0,1087,1.2641632556915283,,,0.0038833413273096085
3935,33.0,1241,1.4320263862609863,,,0.004533323924988508
3936,19.0,923,1.0725605487823486,,,0.0077843694016337395
3937,31.0,1316,1.613375186920166,,,0.009350568987429142
3938,24.0,955,1.2209312915802002,,,0.004701609257608652
3939,30.0,1170,1.41548752784729,,,0.0063347481191158295
3940,11.0,971,1.1618328094482422,,,0.008983802981674671
3941,23.0,811,0.957996129989624,,,0.013508439064025879
3942,15.0,766,0.9250619411468506,,,0.004943965934216976
3943,31.0,1315,1.651151180267334,,,0.006019230000674725
3944,23.0,1098,1.3182802200317383,,,0.00810203142464161
3945,24.0,939,1.1115083694458008,,,0.004699031822383404
3946,29.0,1366,1.593085527420044,,,0.039407551288604736
3947,25.0,1095,1.2962443828582764,,,0.011087723076343536
3948,21.0,896,1.0842344760894775,,,0.004630645737051964
3949,30.0,1221,1.4250898361206055,,,0.0058684032410383224
3950,14.0,597,0.7330069541931152,,,0.006170520558953285
3951,27.0,1236,1.4577949047088623,,,0.11396130919456482
3952,24.0,881,1.0258698463439941,,,0.0056151822209358215
3953,26.0,1104,1.3125274181365967,,,0.005603806581348181
3954,25.0,1057,1.313081979751587,,,0.005894290283322334
3955,17.0,751,0.973548173904419,,,0.011644916608929634
3956,18.0,867,1.1001403331756592,,,0.004996870178729296
3957,27.0,912,1.1042709350585938,,,0.003493457566946745
3958,27.0,1247,1.4561700820922852,,,0.07352975755929947
3959,27.0,1224,1.41453218460083,,,0.012726476415991783
3960,21.0,789,0.9246876239776611,,,0.005896282382309437
3961,21.0,929,1.100630521774292,,,0.007935823872685432
3962,22.0,1132,1.3273885250091553,,,0.015282811596989632
3963,20.0,823,0.9807596206665039,,,0.08074106276035309
3964,19.0,727,0.8827898502349854,,,0.0747000053524971
3965,25.0,1108,1.3075861930847168,,,0.006139066535979509
3966,23.0,894,1.0942535400390625,,,0.09817879647016525
3967,31.0,1396,1.6557800769805908,,,0.00535332877188921
3968,18.0,939,1.1266005039215088,,,0.0051561761647462845
3969,29.0,1045,1.2243163585662842,,,0.0059585366398096085
3970,27.0,1018,1.2153406143188477,,,0.014568121172487736
3971,15.0,587,0.708134651184082,,,0.004583229310810566
3972,25.0,926,1.082766056060791,,,0.017894305288791656
3973,25.0,1058,1.225524663925171,,,0.006913330405950546
3974,28.0,949,1.1238524913787842,,,0.005984533578157425
3975,27.0,1073,1.2729301452636719,,,0.005749771371483803
3976,20.0,907,1.0855536460876465,,,0.07244762033224106
3977,17.0,617,0.7426176071166992,,,0.006301607936620712
3978,16.0,823,0.9862551689147949,,,0.00642097182571888
3979,30.0,1001,1.1693751811981201,,,0.005001469515264034
3980,21.0,718,0.8484311103820801,,,0.07102547585964203
3981,28.0,1291,1.5190906524658203,,,0.005206101108342409
3982,24.0,1102,1.3068809509277344,,,0.009858442470431328
3983,29.0,1321,1.5496327877044678,,,0.0066262539476156235
3984,27.0,1542,1.7986481189727783,,,0.005017050541937351
3985,19.0,754,0.9036493301391602,,,0.01076603028923273
3986,22.0,1056,1.2528197765350342,,,0.004289626609534025
3987,27.0,952,1.1091008186340332,,,0.006187391933053732
3988,30.0,1116,1.296985149383545,,,0.007638287264853716
3989,17.0,707,0.8370647430419922,,,0.006317881867289543
3990,31.0,1285,1.4858300685882568,,,0.005694561172276735
3991,26.0,1003,1.1762797832489014,,,0.00528748519718647
3992,23.0,916,1.0919721126556396,,,0.006031808443367481
3993,30.0,1165,1.3677513599395752,,,0.00619159871712327
3994,28.0,799,0.9556889533996582,,,0.0710412785410881
3995,27.0,1129,1.32635498046875,,,0.006386748515069485
3996,20.0,692,0.8181519508361816,,,0.07237520068883896
3997,18.0,796,0.9410479068756104,,,0.010229659266769886
3998,23.0,1085,1.2740192413330078,,,0.0042789289727807045
3999,13.0,576,0.6825852394104004,,,0.006204850971698761
4000,14.0,511,0.6035664081573486,,,0.004652300383895636
4001,19.0,837,0.9901154041290283,,,0.006864393129944801
4002,34.0,1022,1.2083041667938232,,,0.005100823938846588
4003,28.0,1233,1.4520092010498047,,,0.07028567045927048
4004,25.0,1049,1.2334766387939453,,,0.00979231670498848
4005,23.0,971,1.1536808013916016,,,0.030918514356017113
4006,30.0,1175,1.3671512603759766,,,0.007009757682681084
4007,26.0,1108,1.3056361675262451,,,0.008144920691847801
4008,14.0,693,0.8658618927001953,,,0.0035766460932791233
4009,20.0,816,0.9819130897521973,,,0.0057034119963645935
4010,19.0,860,1.0223355293273926,,,0.005776373203843832
4011,25.0,1091,1.3654189109802246,,,0.0041830516420304775
4012,20.0,921,1.0814006328582764,,,0.005916982889175415
4013,24.0,1141,1.3275036811828613,,,0.009094605222344398
4014,21.0,782,0.9248459339141846,,,0.013171427883207798
4015,25.0,844,1.0185656547546387,,,0.0048933797515928745
4016,25.0,1087,1.3311305046081543,,,0.008994934149086475
4017,28.0,841,1.007211685180664,,,0.005279183387756348
4018,32.0,1272,1.4733965396881104,,,0.0035845632664859295
4019,17.0,625,0.7395081520080566,,,0.010076640173792839
4020,31.0,975,1.1433584690093994,,,0.006141423713415861
4021,22.0,944,1.1136524677276611,,,0.007734142709523439
4022,21.0,819,1.0019540786743164,,,0.0037232711911201477
4023,31.0,1342,1.661980152130127,,,0.006528540514409542
4024,26.0,858,1.0195708274841309,,,0.006238802336156368
4025,30.0,1129,1.3377950191497803,,,0.005443906877189875
4026,19.0,793,0.95237135887146,,,0.007036428898572922
4027,19.0,795,0.9372186660766602,,,0.0036995457485318184
4028,29.0,1066,1.2542929649353027,,,0.0071208844892680645
4029,25.0,996,1.170384407043457,,,0.07340684533119202
4030,24.0,1025,1.2065989971160889,,,0.005228515714406967
4031,31.0,1000,1.167344331741333,,,0.00562258530408144
4032,20.0,1048,1.2727940082550049,,,0.08836390823125839
4033,22.0,925,1.1006927490234375,,,0.014922751113772392
4034,23.0,1113,1.304532766342163,,,0.014239299111068249
4035,23.0,836,1.0297832489013672,,,0.0978800430893898
4036,21.0,1063,1.2829546928405762,,,0.005161036737263203
4037,23.0,946,1.1271312236785889,,,0.007623205427080393
4038,23.0,843,0.9955790042877197,,,0.006022762507200241
4039,19.0,625,0.7358114719390869,,,0.004574857652187347
4040,27.0,1239,1.4504752159118652,,,0.009510202333331108
4041,14.0,861,1.0272393226623535,,,0.007603713311254978
4042,27.0,938,1.0908563137054443,,,0.005457902792841196
4043,28.0,1200,1.459721565246582,,,0.007605920545756817
4044,23.0,799,1.0135908126831055,,,0.09946630150079727
4045,17.0,687,0.8463678359985352,,,0.007283395621925592
4046,15.0,733,0.9050238132476807,,,0.06924646347761154
4047,32.0,1380,1.6488375663757324,,,0.0614742711186409
4048,22.0,868,1.029939889907837,,,0.009458129294216633
4049,14.0,955,1.1596364974975586,,,0.006777006201446056
4050,22.0,813,0.9733397960662842,,,0.008819644339382648
4051,30.0,1009,1.195298194885254,,,0.004796948283910751
4052,32.0,1276,1.5226850509643555,,,0.0037963781505823135
4053,18.0,666,0.7900161743164062,,,0.0045940387062728405
4054,23.0,831,0.9792044162750244,,,0.005428333766758442
4055,27.0,1064,1.2600305080413818,,,0.007143409922719002
4056,24.0,719,0.8614022731781006,,,0.004486919846385717
4057,28.0,1156,1.3606479167938232,,,0.007998199202120304
4058,29.0,1179,1.3754067420959473,,,0.082424096763134
4059,26.0,1131,1.3328003883361816,,,0.0035746796056628227
4060,16.0,637,0.7680859565734863,,,0.0032044011168181896
4061,29.0,1345,1.6189498901367188,,,0.015053357928991318
4062,29.0,1109,1.3707785606384277,,,0.06312473863363266
4063,25.0,720,0.8789870738983154,,,0.011362144723534584
4064,13.0,603,0.7176315784454346,,,0.09804922342300415
4065,23.0,763,0.9107134342193604,,,0.005600057076662779
4066,17.0,865,1.0804226398468018,,,0.004092162474989891
4067,16.0,628,0.7865142822265625,,,0.07771774381399155
4068,29.0,1188,1.3825562000274658,,,0.008932397700846195
4069,28.0,1157,1.3456730842590332,,,0.004885843954980373
4070,16.0,761,0.899005651473999,,,0.008844906464219093
4071,21.0,839,0.9827661514282227,,,0.0037861403543502092
4072,25.0,1017,1.1966431140899658,,,0.004959443584084511
4073,19.0,714,0.8505985736846924,,,0.09752129763364792
4074,31.0,1328,1.5454010963439941,,,0.020593710243701935
4075,21.0,842,0.9941697120666504,,,0.0067602708004415035
4076,19.0,948,1.1369657516479492,,,0.005989619996398687
4077,17.0,725,0.9794504642486572,,,0.007389102131128311
4078,27.0,1229,1.5804815292358398,,,0.006553885526955128
4079,22.0,1091,1.3642725944519043,,,0.0065748062916100025
4080,24.0,961,1.1363630294799805,,,0.007481684442609549
4081,19.0,753,0.8926842212677002,,,0.00996872317045927
4082,25.0,1099,1.301178216934204,,,0.004012653604149818
4083,14.0,756,0.9035663604736328,,,0.09419087320566177
4084,13.0,925,1.1019291877746582,,,0.008540775626897812
4085,27.0,1141,1.4050462245941162,,,0.007671131286770105
4086,25.0,801,1.0414037704467773,,,0.0051683057099580765
4087,24.0,857,1.026116132736206,,,0.005002936348319054
4088,17.0,663,0.7878270149230957,,,0.005565200001001358
4089,25.0,1032,1.2178401947021484,,,0.008139306679368019
4090,8.0,488,0.5962069034576416,,,0.013335494324564934
4091,26.0,1124,1.3694849014282227,,,0.009230000898241997
4092,29.0,1338,1.5804455280303955,,,0.005895076785236597
4093,24.0,935,1.1199615001678467,,,0.008380993269383907
4094,28.0,1091,1.279482126235962,,,0.07499895244836807
4095,21.0,1105,1.3038487434387207,,,0.008213766850531101
4096,20.0,881,1.0573067665100098,,,0.007474440149962902
4097,14.0,628,0.7473347187042236,,,0.016161330044269562
4098,23.0,894,1.0747218132019043,,,0.007272402755916119
4099,22.0,953,1.1223747730255127,,,0.005548364482820034
4100,30.0,1318,1.531745195388794,,,0.0059453886933624744
4101,16.0,738,0.9247310161590576,,,0.0053079938516020775
4102,24.0,1093,1.2887816429138184,,,0.005560973659157753
4103,24.0,1011,1.1920952796936035,,,0.007190626580268145
4104,21.0,758,0.8967585563659668,,,0.007701157592236996
4105,20.0,946,1.1075599193572998,,,0.005972390994429588
4106,10.0,501,0.5895671844482422,,,0.008294327184557915
4107,54.0,1792,2.097583293914795,,,0.09436878561973572
4108,32.0,1411,1.6394338607788086,,,0.004939862992614508
4109,28.0,1327,1.5488865375518799,,,0.005287955980747938
4110,20.0,818,0.963097095489502,,,0.005484257359057665
4111,22.0,715,0.8376049995422363,,,0.008589542470872402
4112,24.0,957,1.1151483058929443,,,0.006019876338541508
4113,20.0,737,0.8581616878509521,,,0.0058428137563169
4114,31.0,1036,1.1977722644805908,,,0.0050416262820363045
4115,24.0,1186,1.3910434246063232,,,0.005389032885432243
4116,33.0,1237,1.4502246379852295,,,0.010539351031184196
4117,25.0,923,1.089493989944458,,,0.007489290088415146
4118,31.0,1127,1.3124544620513916,,,0.006747412029653788
4119,29.0,1030,1.2187626361846924,,,0.004969624802470207
4120,27.0,949,1.1601123809814453,,,0.006488189101219177
4121,21.0,993,1.1843831539154053,,,0.005820790771394968
4122,28.0,1057,1.2380988597869873,,,0.01342669129371643
4123,6.0,362,0.4355459213256836,,,0.07788657397031784
4124,25.0,1020,1.1912455558776855,,,0.010129621252417564
4125,28.0,986,1.1625096797943115,,,0.0036508082412183285
4126,15.0,707,0.8368308544158936,,,0.004681612830609083
4127,31.0,1063,1.2432143688201904,,,0.005663997493684292
4128,21.0,873,1.042837381362915,,,0.007172470446676016
4129,25.0,917,1.0748872756958008,,,0.08569131791591644
4130,14.0,506,0.5967147350311279,,,0.005221845582127571
4131,25.0,669,0.7867758274078369,,,0.011185893788933754
4132,26.0,1018,1.187570571899414,,,0.005607868079096079
4133,24.0,919,1.0897655487060547,,,0.06838508695363998
4134,32.0,1223,1.427079200744629,,,0.006675874348729849
4135,31.0,1142,1.333451747894287,,,0.005253566429018974
4136,25.0,1108,1.2965373992919922,,,0.07304303348064423
4137,17.0,827,0.9897003173828125,,,0.005755618680268526
4138,18.0,770,0.914586067199707,,,0.07222886383533478
4139,24.0,962,1.1177361011505127,,,0.005298907402902842
4140,47.0,1824,2.1390321254730225,,,0.007516486570239067
4141,30.0,1241,1.4498016834259033,,,0.07470127940177917
4142,29.0,1032,1.1956965923309326,,,0.011495865881443024
4143,26.0,1021,1.204639196395874,,,0.00866534560918808
4144,25.0,896,1.1185178756713867,,,0.009442467242479324
4145,18.0,565,0.6993770599365234,,,0.009446397423744202
4146,22.0,876,1.0869674682617188,,,0.006479375530034304
4147,28.0,1254,1.5636813640594482,,,0.008771940134465694
4148,29.0,1165,1.4671382904052734,,,0.0038048909045755863
4149,25.0,1157,1.4408824443817139,,,0.003598160110414028
4150,24.0,1305,1.5700063705444336,,,0.00743645615875721
4151,14.0,686,0.8326196670532227,,,0.0049704620614647865
4152,12.0,484,0.5976626873016357,,,0.009171956218779087
4153,29.0,1166,1.461111068725586,,,0.01241963542997837
4154,25.0,1067,1.3223791122436523,,,0.00698126433417201
4155,27.0,1127,1.3514723777770996,,,0.008499857038259506
4156,12.0,681,0.8127849102020264,,,0.1132008507847786
4157,29.0,1121,1.3283722400665283,,,0.0048446995206177235
4158,25.0,914,1.1031744480133057,,,0.00424144696444273
4159,23.0,925,1.1344435214996338,,,0.00903603620827198
4160,32.0,1479,1.7494373321533203,,,0.007669109385460615
4161,21.0,958,1.129105806350708,,,0.004241815768182278
4162,19.0,831,0.9795057773590088,,,0.005064572207629681
4163,30.0,1221,1.4278905391693115,,,0.012639977037906647
4164,16.0,973,1.1430766582489014,,,0.013940636068582535
4165,14.0,1006,1.1818609237670898,,,0.006731008179485798
4166,21.0,757,0.8846573829650879,,,0.004470429383218288
4167,29.0,1024,1.1873719692230225,,,0.0040650274604558945
4168,21.0,923,1.0778684616088867,,,0.007660523988306522
4169,26.0,1083,1.2683825492858887,,,0.005653983913362026
4170,30.0,1250,1.463949203491211,,,0.007016390096396208
4171,11.0,669,0.7938401699066162,,,0.010326133109629154
4172,25.0,1227,1.4409291744232178,,,0.006564734037965536
4173,30.0,1222,1.4089899063110352,,,0.0041218288242816925
4174,16.0,715,0.8392391204833984,,,0.005646994803100824
4175,21.0,741,0.8654029369354248,,,0.00581511901691556
4176,18.0,616,0.7177028656005859,,,0.12316420674324036
4177,19.0,886,1.035778284072876,,,0.010416369885206223
4178,22.0,836,0.981417179107666,,,0.015666622668504715
4179,27.0,844,0.9863851070404053,,,0.005938744638115168
4180,13.0,637,0.7449767589569092,,,0.007145586423575878
4181,19.0,845,0.98659348487854,,,0.005767341703176498
4182,19.0,708,0.8289017677307129,,,0.00368775287643075
4183,27.0,1089,1.2816247940063477,,,0.005693674553185701
4184,7.0,411,0.487041711807251,,,0.006659520789980888
4185,32.0,1275,1.468177318572998,,,0.005057581700384617
4186,19.0,628,0.7487571239471436,,,0.009184868074953556
4187,13.0,674,0.7943851947784424,,,0.004276981111615896
4188,28.0,965,1.1271727085113525,,,0.011869784444570541
4189,29.0,1079,1.2572877407073975,,,0.12211110442876816
4190,26.0,1135,1.317884922027588,,,0.005072447005659342
4191,29.0,993,1.1494677066802979,,,0.0044419486075639725
4192,29.0,1089,1.2749238014221191,,,0.00303802452981472
4193,25.0,1065,1.2508111000061035,,,0.013306936249136925
4194,27.0,929,1.0780739784240723,,,0.07346931844949722
4195,26.0,984,1.1641857624053955,,,0.007461157627403736
4196,23.0,772,0.9101529121398926,,,0.013792755082249641
4197,28.0,1277,1.5016796588897705,,,0.00907064601778984
4198,10.0,530,0.6335434913635254,,,0.005413237027823925
4199,15.0,699,0.8314316272735596,,,0.07400660216808319
4200,24.0,940,1.0901556015014648,,,0.09136843681335449
4201,17.0,711,0.8435158729553223,,,0.01152593083679676
4202,22.0,859,1.0026192665100098,,,0.007224309258162975
4203,28.0,1094,1.271904706954956,,,0.009069402702152729
4204,18.0,761,0.8896591663360596,,,0.006032545119524002
4205,29.0,1097,1.2751109600067139,,,0.006737320683896542
4206,30.0,1110,1.2974705696105957,,,0.007096338085830212
4207,15.0,729,0.8573992252349854,,,0.008681430481374264
4208,13.0,685,0.7959930896759033,,,0.008490348234772682
4209,23.0,840,0.9736957550048828,,,0.005451331380754709
4210,26.0,1026,1.2105858325958252,,,0.004609076771885157
4211,18.0,687,0.8170597553253174,,,0.139186829328537
4212,20.0,909,1.0837981700897217,,,0.006041566375643015
4213,31.0,1139,1.336585521697998,,,0.005886509083211422
4214,23.0,723,0.8563177585601807,,,0.0075492518953979015
4215,27.0,1155,1.3455634117126465,,,0.062152788043022156
4216,26.0,1347,1.5633876323699951,,,0.006201058626174927
4217,26.0,1026,1.2013609409332275,,,0.011962823569774628
4218,24.0,954,1.1289246082305908,,,0.003815441858023405
4219,29.0,1123,1.3175914287567139,,,0.006777191534638405
4220,14.0,661,0.7813763618469238,,,0.006314324215054512
4221,22.0,919,1.0749523639678955,,,0.16877096891403198
4222,38.0,1293,1.5194387435913086,,,0.004795086570084095
4223,31.0,1069,1.2344865798950195,,,0.007579566910862923
4224,14.0,731,0.8709707260131836,,,0.012269715778529644
4225,19.0,862,1.0258724689483643,,,0.00727670406922698
4226,19.0,806,0.9515225887298584,,,0.008196981623768806
4227,23.0,1014,1.1846635341644287,,,0.009701304137706757
4228,9.0,731,0.8710041046142578,,,0.014421241357922554
4229,18.0,788,0.929161787033081,,,0.005985137540847063
4230,20.0,1023,1.2170701026916504,,,0.013606498017907143
4231,27.0,1255,1.4689888954162598,,,0.012956324964761734
4232,12.0,652,0.7632067203521729,,,0.0048385728150606155
4233,26.0,1181,1.3926267623901367,,,0.004926789086312056
4234,25.0,1209,1.4037115573883057,,,0.007420171517878771
4235,26.0,954,1.0985298156738281,,,0.009809233248233795
4236,16.0,693,0.8079760074615479,,,0.009407788515090942
4237,32.0,1154,1.3174664974212646,,,0.11744707822799683
4238,28.0,1129,1.3069658279418945,,,0.00993608869612217
4239,27.0,899,1.0466961860656738,,,0.007505036890506744
4240,29.0,1228,1.4154205322265625,,,0.007431551814079285
4241,23.0,853,0.9933750629425049,,,0.010220970958471298
4242,20.0,753,0.885911226272583,,,0.045680493116378784
4243,25.0,1039,1.2170393466949463,,,0.0102924183011055
4244,24.0,866,1.0112171173095703,,,0.06979672610759735
4245,25.0,1131,1.3126912117004395,,,0.010178246535360813
4246,23.0,879,1.0237219333648682,,,0.07045166939496994
4247,19.0,893,1.0417194366455078,,,0.007110438775271177
4248,29.0,1125,1.2956607341766357,,,0.00917987059801817
4249,13.0,550,0.6462478637695312,,,0.0067334044724702835
4250,22.0,952,1.1150710582733154,,,0.010365709662437439
4251,17.0,727,0.8525173664093018,,,0.011974330991506577
4252,24.0,975,1.1387608051300049,,,0.00896444357931614
4253,18.0,623,0.7295455932617188,,,0.08863351494073868
4254,24.0,838,0.9724674224853516,,,0.005183825269341469
4255,29.0,1196,1.3767139911651611,,,0.005310563370585442
4256,30.0,905,1.047990322113037,,,0.006504044868052006
4257,27.0,1037,1.2042498588562012,,,0.07677669078111649
4258,47.0,1749,2.0136919021606445,,,0.005182104650884867
4259,10.0,519,0.6102137565612793,,,0.009527649730443954
4260,24.0,858,1.0011372566223145,,,0.07654125988483429
4261,12.0,818,0.9627418518066406,,,0.006540455389767885
4262,29.0,1027,1.1825780868530273,,,0.005866622552275658
4263,27.0,990,1.1506190299987793,,,0.00837502721697092
4264,23.0,785,0.9136230945587158,,,0.009494930505752563
4265,19.0,961,1.1208100318908691,,,0.0071340580470860004
4266,32.0,1464,1.6781811714172363,,,0.011107866652309895
4267,28.0,1119,1.2873668670654297,,,0.00952938199043274
4268,12.0,584,0.6877968311309814,,,0.0072140442207455635
4269,28.0,1061,1.2283909320831299,,,0.07417413592338562
4270,25.0,1137,1.3242506980895996,,,0.013830329291522503
4271,27.0,1047,1.2045783996582031,,,0.007921146228909492
4272,27.0,1048,1.215392827987671,,,0.013077175244688988
4273,24.0,905,1.058236837387085,,,0.007428123615682125
4274,26.0,1054,1.2186532020568848,,,0.006861969828605652
4275,26.0,1027,1.1857333183288574,,,0.0072774216532707214
4276,24.0,809,0.9387917518615723,,,0.008735215291380882
4277,6.0,402,0.4896128177642822,,,0.005632832646369934
4278,25.0,1108,1.2869446277618408,,,0.014988308772444725
4279,40.0,1697,1.9573094844818115,,,0.004813316278159618
4280,28.0,1164,1.3440372943878174,,,0.005391337908804417
4281,19.0,659,0.7765090465545654,,,0.0083784693852067
4282,27.0,1095,1.2658181190490723,,,0.008558115921914577
4283,21.0,913,1.0670347213745117,,,0.007296592928469181
4284,15.0,706,0.8315370082855225,,,0.008236309513449669
4285,24.0,926,1.077953577041626,,,0.00486763846129179
4286,27.0,1170,1.3793284893035889,,,0.00817054882645607
4287,34.0,1440,1.6650032997131348,,,0.06655581295490265
4288,9.0,553,0.6492712497711182,,,0.007851808331906796
4289,19.0,792,0.9239139556884766,,,0.006272634491324425
4290,25.0,913,1.0715372562408447,,,0.005066792480647564
4291,29.0,1185,1.3613028526306152,,,0.005100134294480085
4292,2.0,332,0.38959312438964844,,,0.006744937039911747
4293,24.0,911,1.053542137145996,,,0.004724414087831974
4294,25.0,1143,1.3114407062530518,,,0.007170789409428835
4295,29.0,1175,1.364595651626587,,,0.0052986592054367065
4296,22.0,713,0.84454345703125,,,0.005023629404604435
4297,14.0,599,0.7164056301116943,,,0.005331297405064106
4298,14.0,636,0.7660424709320068,,,0.0098807318136096
4299,30.0,1077,1.24940824508667,,,0.007088919170200825
4300,28.0,994,1.1601834297180176,,,0.00913877785205841
4301,26.0,1239,1.4433021545410156,,,0.009806398302316666
4302,29.0,1239,1.432548999786377,,,0.010772712528705597
4303,25.0,915,1.0540499687194824,,,0.004433006979525089
4304,29.0,1030,1.1999590396881104,,,0.004730996210128069
4305,26.0,1131,1.3192768096923828,,,0.005146363750100136
4306,30.0,1156,1.3337223529815674,,,0.0065061552450060844
4307,30.0,1131,1.312298059463501,,,0.0070658596232533455
4308,22.0,947,1.10581636428833,,,0.010268062353134155
4309,21.0,847,0.9974842071533203,,,0.009397407062351704
4310,25.0,1059,1.2462375164031982,,,0.02048933319747448
4311,21.0,878,1.0331168174743652,,,0.005251625552773476
4312,28.0,992,1.1582763195037842,,,0.007560099009424448
4313,28.0,1035,1.2198140621185303,,,0.023542102426290512
4314,32.0,1215,1.4098293781280518,,,0.07695289701223373
4315,20.0,771,0.9091072082519531,,,0.08239944279193878
4316,22.0,776,0.9103808403015137,,,0.015008555725216866
4317,20.0,758,0.8884954452514648,,,0.01244976557791233
4318,26.0,1163,1.346773624420166,,,0.008725222200155258
4319,24.0,1053,1.2225370407104492,,,0.007628920488059521
4320,27.0,1194,1.3771631717681885,,,0.007612249348312616
4321,30.0,1706,1.9777178764343262,,,0.00975332222878933
4322,23.0,1047,1.2372856140136719,,,0.003975256346166134
4323,24.0,879,1.0217692852020264,,,0.0043733143247663975
4324,22.0,746,0.865710973739624,,,0.011895917356014252
4325,13.0,634,0.7416324615478516,,,0.014232836663722992
4326,29.0,1155,1.3243730068206787,,,0.003175431862473488
4327,28.0,1108,1.2855455875396729,,,0.006454972084611654
4328,20.0,824,0.9636483192443848,,,0.007231937255710363
4329,21.0,665,0.7718982696533203,,,0.0731746181845665
4330,20.0,1042,1.2145380973815918,,,0.0025883959606289864
4331,27.0,940,1.108189344406128,,,0.005191134754568338
4332,24.0,851,1.0029244422912598,,,0.005137415137141943
4333,24.0,961,1.139554500579834,,,0.005571779329329729
4334,22.0,845,0.9932572841644287,,,0.006051560863852501
4335,21.0,853,1.010042428970337,,,0.008287595584988594
4336,26.0,949,1.1196963787078857,,,0.008486193604767323
4337,27.0,1013,1.1655092239379883,,,0.0051652113907039165
4338,26.0,883,1.014502763748169,,,0.005076271481812
4339,16.0,590,0.6876513957977295,,,0.004273291677236557
4340,32.0,1048,1.2048630714416504,,,0.007388553582131863
4341,25.0,1030,1.1911795139312744,,,0.07381738722324371
4342,49.0,1792,2.06028413772583,,,0.008356424979865551
4343,23.0,985,1.1591920852661133,,,0.006686513777822256
4344,28.0,1217,1.408055305480957,,,0.014119521714746952
4345,25.0,1032,1.207878589630127,,,0.005334794986993074
4346,20.0,790,0.930504322052002,,,0.0068237436935305595
4347,16.0,836,0.982243537902832,,,0.00871784146875143
4348,19.0,826,0.9651768207550049,,,0.006515376269817352
4349,48.0,1597,1.8396413326263428,,,0.007037946488708258
4350,24.0,827,0.9613983631134033,,,0.009106673300266266
4351,32.0,1227,1.4103050231933594,,,0.01021077111363411
4352,27.0,1199,1.3764092922210693,,,0.004794236738234758
4353,31.0,1482,1.7031924724578857,,,0.08039817214012146
4354,31.0,1351,1.5571556091308594,,,0.008389309979975224
4355,22.0,944,1.1106653213500977,,,0.00946689024567604
4356,24.0,867,1.014394998550415,,,0.007116020657122135
4357,29.0,1203,1.4076993465423584,,,0.006248778197914362
4358,12.0,655,0.7722296714782715,,,0.009855623356997967
4359,12.0,519,0.6109569072723389,,,0.007642966695129871
4360,30.0,1145,1.3204119205474854,,,0.008377342484891415
4361,19.0,843,0.9884765148162842,,,0.00821040477603674
4362,32.0,1308,1.5242700576782227,,,0.008167561143636703
4363,17.0,662,0.7886202335357666,,,0.008989015594124794
4364,17.0,508,0.599783182144165,,,0.003467739326879382
4365,25.0,1083,1.2489032745361328,,,0.0036338702775537968
4366,20.0,851,0.9896283149719238,,,0.007430395111441612
4367,14.0,622,0.7234330177307129,,,0.005556303076446056
4368,23.0,959,1.1235997676849365,,,0.11398755759000778
4369,20.0,805,0.9485933780670166,,,0.012434875592589378
4370,27.0,1250,1.4598395824432373,,,0.09396203607320786
4371,16.0,772,0.9185700416564941,,,0.08265970647335052
4372,27.0,1049,1.22882080078125,,,0.006037256680428982
4373,20.0,779,0.9111576080322266,,,0.006369572598487139
4374,28.0,1161,1.3403651714324951,,,0.006417086347937584
4375,23.0,887,1.0325050354003906,,,0.0027267627883702517
4376,21.0,638,0.7436008453369141,,,0.08483318239450455
4377,17.0,721,0.8477227687835693,,,0.0074235801585018635
4378,22.0,906,1.0496692657470703,,,0.004481028765439987
4379,30.0,857,0.9948954582214355,,,0.006840815767645836
4380,18.0,736,0.8605644702911377,,,0.008263488300144672
4381,18.0,747,0.8797414302825928,,,0.00601506233215332
4382,5.0,348,0.407426118850708,,,0.005088400561362505
4383,22.0,795,0.9297525882720947,,,0.005475501995533705
4384,28.0,1125,1.3095972537994385,,,0.004377894103527069
4385,28.0,1153,1.3458702564239502,,,0.07981404662132263
4386,26.0,986,1.148482322692871,,,0.009706837125122547
4387,27.0,1148,1.320939540863037,,,0.0035189958289265633
4388,24.0,1125,1.2899518013000488,,,0.23538893461227417
4389,16.0,929,1.0894100666046143,,,0.010588876903057098
4390,14.0,633,0.736757755279541,,,0.005304315127432346
4391,19.0,708,0.8428511619567871,,,0.08241426944732666
4392,28.0,1190,1.40000581741333,,,0.07597065716981888
4393,25.0,918,1.0787267684936523,,,0.014193282462656498
4394,27.0,1049,1.2188026905059814,,,0.005127933342009783
4395,20.0,864,1.0034892559051514,,,0.01023513451218605
4396,26.0,972,1.1371965408325195,,,0.005164190195500851
4397,23.0,997,1.178316354751587,,,0.008520382456481457
4398,24.0,1013,1.1947276592254639,,,0.004552317783236504
4399,21.0,917,1.0741515159606934,,,0.07332481443881989
4400,27.0,1167,1.3496906757354736,,,0.009078416042029858
4401,22.0,839,0.9822213649749756,,,0.012538427487015724
4402,27.0,813,0.9460639953613281,,,0.006974542513489723
4403,31.0,1201,1.3919031620025635,,,0.07910475134849548
4404,33.0,1161,1.3555452823638916,,,0.0053330943919718266
4405,7.0,589,0.6949765682220459,,,0.08882054686546326
4406,21.0,768,0.8977725505828857,,,0.007045709528028965
4407,31.0,1515,1.765367031097412,,,0.08317965269088745
4408,24.0,976,1.1313207149505615,,,0.006066763307899237
4409,24.0,941,1.0918748378753662,,,0.005783694796264172
4410,21.0,749,0.8756868839263916,,,0.031252842396497726
4411,16.0,709,0.8375589847564697,,,0.0073364125564694405
4412,22.0,824,0.9761276245117188,,,0.07676862925291061
4413,32.0,1138,1.3154668807983398,,,0.026535768061876297
4414,30.0,1462,1.6813106536865234,,,0.1718953549861908
4415,29.0,1144,1.3204054832458496,,,0.003961904440075159
4416,31.0,1408,1.6226294040679932,,,0.007791011594235897
4417,1.0,474,0.5569379329681396,,,0.00474231643602252
4418,28.0,921,1.0618622303009033,,,0.07848770916461945
4419,33.0,1528,1.757138729095459,,,0.007426159456372261
4420,22.0,1211,1.4156887531280518,,,0.004491530824452639
4421,15.0,763,0.8990590572357178,,,0.007966103963553905
4422,15.0,571,0.6775696277618408,,,0.007290280424058437
4423,32.0,1479,1.7131474018096924,,,0.010752532631158829
4424,30.0,1197,1.3914029598236084,,,0.007601258810609579
4425,30.0,1231,1.420361042022705,,,0.005826978478580713
4426,18.0,641,0.7550592422485352,,,0.08163230121135712
4427,27.0,952,1.1139917373657227,,,0.005051514133810997
4428,30.0,1269,1.4764928817749023,,,0.007243002764880657
4429,24.0,767,0.8985075950622559,,,0.01599847711622715
4430,20.0,729,0.8615283966064453,,,0.006445807404816151
4431,28.0,953,1.1135385036468506,,,0.08240858465433121
4432,19.0,611,0.7168238162994385,,,0.006436852738261223
4433,12.0,628,0.7371373176574707,,,0.005599247291684151
4434,19.0,746,0.8712015151977539,,,0.005388003773987293
4435,23.0,765,0.8892390727996826,,,0.005822779610753059
4436,19.0,1157,1.3573980331420898,,,0.005304071120917797
4437,28.0,921,1.0613648891448975,,,0.004856283776462078
4438,30.0,1211,1.3743643760681152,,,0.08622457087039948
4439,15.0,631,0.7326433658599854,,,0.01807532086968422
4440,21.0,895,1.0361418724060059,,,0.009903850965201855
4441,26.0,1053,1.2130107879638672,,,0.004144679754972458
4442,24.0,891,1.0383286476135254,,,0.0033098324202001095
4443,28.0,1195,1.396742343902588,,,0.005945371463894844
4444,21.0,923,1.0924098491668701,,,0.005493153817951679
4445,29.0,1355,1.5740156173706055,,,0.00789011549204588
4446,24.0,919,1.0833353996276855,,,0.003873284440487623
4447,20.0,839,0.9919819831848145,,,0.0081446198746562
4448,15.0,1021,1.1982994079589844,,,0.007255966309458017
4449,21.0,969,1.129772663116455,,,0.007235376164317131
4450,14.0,533,0.6227970123291016,,,0.006018617190420628
4451,22.0,923,1.0832066535949707,,,0.005604949779808521
4452,22.0,1110,1.2936477661132812,,,0.006479080766439438
4453,13.0,780,0.9214398860931396,,,0.01212846115231514
4454,13.0,637,0.7454056739807129,,,0.02090015448629856
4455,37.0,1438,1.6612555980682373,,,0.004952452145516872
4456,42.0,1786,2.059169292449951,,,0.0078973900526762
4457,22.0,871,1.0270671844482422,,,0.003304791171103716
4458,20.0,955,1.1279759407043457,,,0.004756799899041653
4459,22.0,806,0.9414608478546143,,,0.004158404655754566
4460,25.0,833,0.971977949142456,,,0.006919333711266518
4461,25.0,1039,1.2182257175445557,,,0.008189549669623375
4462,28.0,1235,1.4337499141693115,,,0.0042572021484375
4463,11.0,638,0.7565696239471436,,,0.008945262990891933
4464,25.0,1052,1.2347164154052734,,,0.0064594317227602005
4465,25.0,1011,1.176492691040039,,,0.02452419511973858
4466,24.0,1026,1.1970252990722656,,,0.008007390424609184
4467,25.0,1123,1.3028643131256104,,,0.011999444104731083
4468,15.0,633,0.7464146614074707,,,0.006012357771396637
4469,25.0,1015,1.1828596591949463,,,0.008061304688453674
4470,25.0,914,1.0678155422210693,,,0.005469397641718388
4471,16.0,629,0.7386376857757568,,,0.008378025144338608
4472,14.0,928,1.089484691619873,,,0.005899708718061447
4473,5.0,507,0.5981135368347168,,,0.004845648538321257
4474,16.0,769,0.8950440883636475,,,0.004066533409059048
4475,17.0,815,0.9493563175201416,,,0.07135778665542603
4476,31.0,1269,1.4540386199951172,,,0.09812156111001968
4477,28.0,1156,1.3348653316497803,,,0.011463280767202377
4478,26.0,832,0.9649295806884766,,,0.0031178700737655163
4479,27.0,1119,1.303842306137085,,,0.019623303785920143
4480,23.0,1184,1.365011215209961,,,0.008536076173186302
4481,19.0,763,0.8907220363616943,,,0.0064797960221767426
4482,32.0,1099,1.2697863578796387,,,0.010963555425405502
4483,25.0,1034,1.1980502605438232,,,0.1545301377773285
4484,25.0,897,1.0390756130218506,,,0.010340617038309574
4485,29.0,1164,1.341090440750122,,,0.0054167467169463634
4486,29.0,1000,1.1531357765197754,,,0.00879434123635292
4487,15.0,633,0.7384357452392578,,,0.007880858145654202
4488,28.0,1100,1.265852451324463,,,0.007305842824280262
4489,17.0,749,0.8745887279510498,,,0.07359445840120316
4490,8.0,552,0.6552681922912598,,,0.017904551699757576
4491,28.0,1180,1.3820810317993164,,,0.02004426345229149
4492,18.0,744,0.8725664615631104,,,0.0038874344900250435
4493,11.0,496,0.5849878787994385,,,0.004748329985886812
4494,26.0,1233,1.424569845199585,,,0.005735677666962147
4495,27.0,1185,1.3740789890289307,,,0.06707321107387543
4496,25.0,1123,1.3067119121551514,,,0.004280998837202787
4497,10.0,622,0.736799955368042,,,0.004408818203955889
4498,25.0,983,1.1532976627349854,,,0.004401985090225935
4499,19.0,820,0.9719638824462891,,,0.0074179694056510925
4500,19.0,739,0.872016429901123,,,0.007477617356926203
4501,13.0,639,0.7540123462677002,,,0.06389337033033371
4502,29.0,1261,1.4548559188842773,,,0.007965054363012314
4503,29.0,1086,1.2412090301513672,,,0.008471349254250526
4504,30.0,1236,1.4187085628509521,,,0.00565213430672884
4505,23.0,910,1.0521883964538574,,,0.0034718888346105814
4506,29.0,1041,1.2018942832946777,,,0.005403314251452684
4507,32.0,1175,1.3476784229278564,,,0.005183256231248379
4508,18.0,937,1.1210882663726807,,,0.07440610975027084
4509,23.0,1059,1.247586965560913,,,0.009203584864735603
4510,16.0,819,0.9499022960662842,,,0.009858880192041397
4511,29.0,1351,1.5460822582244873,,,0.00549038453027606
4512,25.0,1061,1.2282943725585938,,,0.06297945976257324
4513,23.0,744,0.865755558013916,,,0.017269480973482132
4514,26.0,1066,1.229628086090088,,,0.005521003156900406
4515,28.0,1126,1.3293559551239014,,,0.06604846566915512
4516,14.0,654,0.7777235507965088,,,0.0065663098357617855
4517,29.0,1267,1.484511137008667,,,0.011960303410887718
4518,30.0,1133,1.3215205669403076,,,0.0052639939822256565
4519,15.0,744,0.8782477378845215,,,0.07893320173025131
4520,34.0,1159,1.357285976409912,,,0.0028140645008534193
4521,29.0,1179,1.3783457279205322,,,0.07861938327550888
4522,23.0,897,1.0548899173736572,,,0.0044027334079146385
4523,23.0,970,1.135634183883667,,,0.0059927585534751415
4524,29.0,1171,1.3545327186584473,,,0.018685951828956604
4525,27.0,1169,1.3577497005462646,,,0.006976955104619265
4526,26.0,1249,1.4493322372436523,,,0.06604015082120895
4527,19.0,565,0.6628458499908447,,,0.007502112537622452
4528,31.0,1262,1.4568672180175781,,,0.005091868340969086
4529,24.0,1023,1.1922240257263184,,,0.013277899473905563
4530,19.0,706,0.8284194469451904,,,0.0034415724221616983
4531,31.0,1210,1.3967905044555664,,,0.007010056171566248
4532,27.0,1087,1.2525756359100342,,,0.11238750070333481
4533,30.0,1364,1.5679185390472412,,,0.007917499169707298
4534,28.0,1219,1.4065227508544922,,,0.004237817134708166
4535,31.0,1257,1.4371163845062256,,,0.0637558326125145
4536,30.0,1186,1.368358850479126,,,0.0030781882815063
4537,25.0,1051,1.2232604026794434,,,0.021336020901799202
4538,20.0,1006,1.1790335178375244,,,0.0052937790751457214
4539,13.0,687,0.8037362098693848,,,0.005493480246514082
4540,27.0,1532,1.7686958312988281,,,0.005016337148845196
4541,28.0,1088,1.260941982269287,,,0.0036505935713648796
4542,17.0,659,0.7771594524383545,,,0.003602901240810752
4543,31.0,1395,1.6071884632110596,,,0.004507705569267273
4544,30.0,1197,1.3804121017456055,,,0.006645988207310438
4545,30.0,1171,1.3523292541503906,,,0.01072026789188385
4546,31.0,1370,1.5743961334228516,,,0.006240244023501873
4547,15.0,667,0.7856395244598389,,,0.05627526342868805
4548,19.0,628,0.7373149394989014,,,0.006538767367601395
4549,27.0,951,1.1023454666137695,,,0.11012370139360428
4550,32.0,1399,1.6175696849822998,,,0.007049216888844967
4551,28.0,1108,1.2839033603668213,,,0.010626165196299553
4552,16.0,605,0.7097611427307129,,,0.004834446124732494
4553,24.0,1081,1.2588205337524414,,,0.007170768454670906
4554,21.0,906,1.0578036308288574,,,0.007454764097929001
4555,19.0,756,0.8824787139892578,,,0.004353840369731188
4556,16.0,687,0.8073275089263916,,,0.005546893924474716
4557,27.0,1193,1.3833374977111816,,,0.006664305925369263
4558,28.0,1191,1.3701963424682617,,,0.007971987128257751
4559,19.0,799,0.9336442947387695,,,0.003546658204868436
4560,38.0,1633,1.8972728252410889,,,0.06396050751209259
4561,26.0,1047,1.2199246883392334,,,0.004605131223797798
4562,29.0,1228,1.421332836151123,,,0.00625256123021245
4563,30.0,985,1.1416680812835693,,,0.006955163553357124
4564,26.0,1139,1.3158059120178223,,,0.010903649032115936
4565,16.0,836,0.9754931926727295,,,0.0057208300568163395
4566,29.0,1125,1.301008701324463,,,0.004905593581497669
4567,13.0,647,0.7623999118804932,,,0.005668244324624538
4568,25.0,1053,1.2206614017486572,,,0.004453906789422035
4569,20.0,937,1.0940167903900146,,,0.005595451686531305
4570,31.0,1081,1.2535407543182373,,,0.004099158104509115
4571,29.0,1077,1.2490277290344238,,,0.0051085008308291435
4572,23.0,963,1.1223945617675781,,,0.15863651037216187
4573,30.0,1384,1.594240427017212,,,0.006893820129334927
4574,30.0,1276,1.467822790145874,,,0.005894804373383522
4575,31.0,1199,1.3777110576629639,,,0.005399704910814762
4576,26.0,1053,1.2146198749542236,,,0.006704992614686489
4577,25.0,837,0.9749479293823242,,,0.005017495714128017
4578,17.0,599,0.7014527320861816,,,0.008045464754104614
4579,21.0,646,0.75357985496521,,,0.005514214746654034
4580,29.0,1166,1.3460659980773926,,,0.006477539427578449
4581,31.0,1263,1.4688613414764404,,,0.010175756178796291
4582,29.0,1355,1.5813195705413818,,,0.005944985896348953
4583,24.0,845,0.9879133701324463,,,0.011702347546815872
4584,22.0,751,0.8796069622039795,,,0.005343473516404629
4585,26.0,982,1.1585872173309326,,,0.0662204921245575
4586,10.0,559,0.6664245128631592,,,0.008772937580943108
4587,27.0,1278,1.4695160388946533,,,0.0052696275524795055
4588,22.0,845,1.0058190822601318,,,0.007517436519265175
4589,20.0,681,0.8078970909118652,,,0.004460794851183891
4590,22.0,858,0.9953961372375488,,,0.003925600089132786
4591,15.0,753,0.8958463668823242,,,0.004213074222207069
4592,22.0,824,0.9786739349365234,,,0.006783175747841597
4593,30.0,1376,1.5958025455474854,,,0.004980787634849548
4594,27.0,1031,1.1986889839172363,,,0.012636208906769753
4595,14.0,721,0.8500552177429199,,,0.007892141118645668
4596,11.0,726,0.866631269454956,,,0.009823099710047245
4597,11.0,640,0.7555925846099854,,,0.004722822457551956
4598,31.0,1363,1.5647234916687012,,,0.004042110405862331
4599,22.0,1016,1.1790852546691895,,,0.008875036612153053
4600,17.0,647,0.7499856948852539,,,0.007738694082945585
4601,30.0,1138,1.3102564811706543,,,0.004657278768718243
4602,13.0,582,0.678492546081543,,,0.005230647511780262
4603,49.0,1821,2.0942447185516357,,,0.007455821149051189
4604,21.0,956,1.1113348007202148,,,0.006615607067942619
4605,25.0,1271,1.462798833847046,,,0.012245520949363708
4606,24.0,909,1.0572142601013184,,,0.09541866928339005
4607,30.0,1396,1.6014275550842285,,,0.00380009226500988
4608,22.0,809,0.9291245937347412,,,0.004877251572906971
4609,25.0,968,1.1174485683441162,,,0.0053005702793598175
4610,30.0,1221,1.3945844173431396,,,0.005080736242234707
4611,19.0,911,1.0598399639129639,,,0.009482580237090588
4612,26.0,1060,1.2248637676239014,,,0.09971586614847183
4613,24.0,1257,1.447164535522461,,,0.006615963764488697
4614,30.0,1216,1.3941962718963623,,,0.009373009204864502
4615,31.0,1028,1.1717007160186768,,,0.007310704793781042
4616,19.0,1025,1.18275785446167,,,0.010298686102032661
4617,10.0,879,1.0492472648620605,,,0.00500850984826684
4618,26.0,1113,1.3079500198364258,,,0.0034803799353539944
4619,23.0,977,1.1520731449127197,,,0.007269136141985655
4620,22.0,1093,1.288334846496582,,,0.00482351565733552
4621,29.0,1067,1.2267215251922607,,,0.0045753829181194305
4622,19.0,1069,1.243523120880127,,,0.08277373015880585
4623,25.0,1177,1.3621392250061035,,,0.0065591526217758656
4624,28.0,1049,1.2070562839508057,,,0.0047126030549407005
4625,29.0,1079,1.2472097873687744,,,0.005164741538465023
4626,31.0,1169,1.3413100242614746,,,0.010004879906773567
4627,30.0,1291,1.478212594985962,,,0.015600376762449741
4628,23.0,956,1.1024606227874756,,,0.007396654225885868
4629,24.0,975,1.127579689025879,,,0.004771003499627113
4630,30.0,1224,1.412914752960205,,,0.0054421210661530495
4631,23.0,1125,1.3119094371795654,,,0.008708381094038486
4632,32.0,1345,1.5329058170318604,,,0.05926550552248955
4633,27.0,1418,1.6259019374847412,,,0.10070830583572388
4634,27.0,1047,1.2164185047149658,,,0.007408514153212309
4635,19.0,764,0.8928914070129395,,,0.0096871517598629
4636,25.0,1066,1.2329201698303223,,,0.0052421074360609055
4637,27.0,1079,1.2693593502044678,,,0.007280849386006594
4638,24.0,872,1.028860092163086,,,0.09413548558950424
4639,32.0,1315,1.5360350608825684,,,0.008010096848011017
4640,17.0,749,0.8842928409576416,,,0.009493261575698853
4641,31.0,1110,1.2976322174072266,,,0.010453375987708569
4642,25.0,929,1.0869100093841553,,,0.0578148253262043
4643,29.0,1128,1.3030190467834473,,,0.0064747994765639305
4644,26.0,965,1.1381034851074219,,,0.09920907765626907
4645,27.0,1293,1.4945216178894043,,,0.006750472821295261
4646,21.0,805,0.931304931640625,,,0.006501801311969757
4647,25.0,889,1.030792236328125,,,0.07736393809318542
4648,19.0,1007,1.1746912002563477,,,0.005200037732720375
4649,32.0,1356,1.5656776428222656,,,0.00840179342776537
4650,29.0,1277,1.4680004119873047,,,0.005285845138132572
4651,29.0,1297,1.4914147853851318,,,0.004832722246646881
4652,27.0,1155,1.3271737098693848,,,0.008737445808947086
4653,27.0,1221,1.4024088382720947,,,0.0044133588671684265
4654,30.0,1164,1.3330631256103516,,,0.004541291855275631
4655,23.0,898,1.0382425785064697,,,0.004908728413283825
4656,29.0,1089,1.2449984550476074,,,0.00754174729809165
4657,28.0,1153,1.3444488048553467,,,0.009783647954463959
4658,22.0,909,1.0562646389007568,,,0.004294372629374266
4659,29.0,1280,1.4737918376922607,,,0.01072739902883768
4660,23.0,974,1.1380321979522705,,,0.009229980409145355
4661,21.0,696,0.8126752376556396,,,0.004931928589940071
4662,20.0,856,1.0004303455352783,,,0.0073269023559987545
4663,27.0,989,1.1449236869812012,,,0.005135245621204376
4664,30.0,1257,1.4407095909118652,,,0.005779740400612354
4665,25.0,990,1.1628811359405518,,,0.010544640943408012
4666,22.0,860,0.9957103729248047,,,0.007353279739618301
4667,28.0,1129,1.3018043041229248,,,0.009016689844429493
4668,28.0,1176,1.3582797050476074,,,0.003927064128220081
4669,24.0,1111,1.3126416206359863,,,0.007661808282136917
4670,23.0,667,0.7840073108673096,,,0.005588707514107227
4671,19.0,858,1.0195693969726562,,,0.046639587730169296
4672,30.0,1023,1.1984765529632568,,,0.008867274969816208
4673,28.0,1465,1.698997974395752,,,0.0071822660975158215
4674,28.0,1088,1.2674310207366943,,,0.007338951341807842
4675,16.0,605,0.7146179676055908,,,0.11114548146724701
4676,20.0,747,0.8846509456634521,,,0.006269094068557024
4677,28.0,1116,1.2908892631530762,,,0.007481846027076244
4678,25.0,968,1.1361913681030273,,,0.0070112962275743484
4679,18.0,677,0.8059494495391846,,,0.0035755629651248455
4680,21.0,932,1.0872328281402588,,,0.006693121045827866
4681,16.0,795,0.9394962787628174,,,0.00801425613462925
4682,13.0,878,1.0422027111053467,,,0.004704879596829414
4683,24.0,1069,1.2571918964385986,,,0.007484376896172762
4684,24.0,1170,1.3487484455108643,,,0.062327317893505096
4685,29.0,1405,1.6027679443359375,,,0.004197093658149242
4686,24.0,903,1.0481197834014893,,,0.005841847974807024
4687,28.0,1163,1.3544940948486328,,,0.008521023206412792
4688,17.0,661,0.7848031520843506,,,0.006794805638492107
4689,26.0,1019,1.1925632953643799,,,0.06147323548793793
4690,26.0,1307,1.5183820724487305,,,0.006039434112608433
4691,17.0,651,0.7695577144622803,,,0.005751379765570164
4692,28.0,1111,1.2849621772766113,,,0.005936507601290941
4693,22.0,754,0.8796405792236328,,,0.009768638759851456
4694,26.0,905,1.0514094829559326,,,0.004377302248030901
4695,24.0,929,1.094970941543579,,,0.005199967883527279
4696,20.0,696,0.8194427490234375,,,0.05879167839884758
4697,29.0,1107,1.2949481010437012,,,0.004762161523103714
4698,31.0,981,1.1607885360717773,,,0.00522554200142622
4699,26.0,1245,1.4583096504211426,,,0.09444116055965424
4700,18.0,705,0.8256006240844727,,,0.17745709419250488
4701,27.0,1152,1.3417072296142578,,,0.08449956774711609
4702,27.0,1281,1.4796247482299805,,,0.011765046045184135
4703,27.0,1059,1.2362923622131348,,,0.0038941805250942707
4704,27.0,1326,1.5497832298278809,,,0.0036368099972605705
4705,24.0,916,1.070357084274292,,,0.011076761409640312
4706,21.0,731,0.8566606044769287,,,0.010575017891824245
4707,21.0,705,0.8197612762451172,,,0.009498434141278267
4708,19.0,752,0.8874900341033936,,,0.003921943716704845
4709,24.0,797,0.9278573989868164,,,0.00407501682639122
4710,21.0,943,1.0999341011047363,,,0.008243040181696415
4711,27.0,1034,1.2052769660949707,,,0.10701395571231842
4712,30.0,1310,1.5344386100769043,,,0.1031612902879715
4713,24.0,1016,1.1855883598327637,,,0.005780071020126343
4714,21.0,781,0.9142360687255859,,,0.005118561442941427
4715,32.0,1171,1.3486566543579102,,,0.003267965978011489
4716,17.0,697,0.8134315013885498,,,0.013897988945245743
4717,9.0,688,0.813751220703125,,,0.019516028463840485
4718,18.0,831,0.9750320911407471,,,0.007967416197061539
4719,22.0,709,0.8260962963104248,,,0.006721949204802513
4720,32.0,1221,1.3998878002166748,,,0.0059564681723713875
4721,23.0,893,1.0409307479858398,,,0.004538314417004585
4722,25.0,1050,1.218127727508545,,,0.011011254973709583
4723,27.0,939,1.098203420639038,,,0.005426034796983004
4724,22.0,885,1.0419583320617676,,,0.0043183802627027035
4725,19.0,857,1.0154051780700684,,,0.0656791627407074
4726,32.0,1265,1.4719407558441162,,,0.007915288209915161
4727,31.0,1163,1.3423755168914795,,,0.0061338674277067184
4728,23.0,1015,1.1785976886749268,,,0.013534503057599068
4729,25.0,876,1.0115857124328613,,,0.00887252390384674
4730,30.0,1279,1.471559762954712,,,0.004610537551343441
4731,23.0,937,1.0803337097167969,,,0.005240849684923887
4732,30.0,1281,1.4833383560180664,,,0.005967797711491585
4733,18.0,747,0.8690629005432129,,,0.11123465746641159
4734,28.0,1237,1.4390859603881836,,,0.00825955718755722
4735,7.0,455,0.531339168548584,,,0.012039793655276299
4736,21.0,950,1.1010661125183105,,,0.00824772659689188
4737,18.0,705,0.8237285614013672,,,0.002722890581935644
4738,15.0,725,0.8664782047271729,,,0.005567627958953381
4739,30.0,1142,1.3407866954803467,,,0.09793858975172043
4740,31.0,1364,1.598982334136963,,,0.004718457814306021
4741,8.0,487,0.577477216720581,,,0.012045997194945812
4742,25.0,1172,1.3553426265716553,,,0.005763637833297253
4743,33.0,1007,1.1523668766021729,,,0.012161096557974815
4744,18.0,662,0.7708191871643066,,,0.008104086853563786
4745,32.0,1049,1.2132008075714111,,,0.011722848750650883
4746,27.0,1144,1.3399710655212402,,,0.009901940822601318
4747,22.0,883,1.044290542602539,,,0.007379291113466024
4748,12.0,547,0.6570882797241211,,,0.02667585015296936
4749,27.0,1064,1.2419483661651611,,,0.008967254310846329
4750,31.0,1053,1.2121787071228027,,,0.011130827479064465
4751,11.0,517,0.60903000831604,,,0.06658320128917694
4752,24.0,793,0.9256997108459473,,,0.007921095006167889
4753,22.0,878,1.053009271621704,,,0.007918693125247955
4754,26.0,908,1.1598803997039795,,,0.0065747895278036594
4755,21.0,896,1.1615080833435059,,,0.008739704266190529
4756,29.0,1196,1.450627088546753,,,0.05574933812022209
4757,24.0,910,1.1656975746154785,,,0.008538776077330112
4758,15.0,767,1.0346925258636475,,,0.007742803543806076
4759,25.0,913,1.1217279434204102,,,0.05743717774748802
4760,18.0,852,1.0104262828826904,,,0.00329368794336915
4761,28.0,1110,1.3157916069030762,,,0.005280748009681702
4762,26.0,923,1.186859369277954,,,0.004818752408027649
4763,25.0,935,1.2207307815551758,,,0.012937752529978752
4764,28.0,1208,1.4484777450561523,,,0.05649976804852486
4765,24.0,967,1.1438612937927246,,,0.004883220419287682
4766,20.0,1071,1.2648024559020996,,,0.058449774980545044
4767,26.0,1053,1.2658898830413818,,,0.00966254249215126
4768,28.0,1088,1.255533218383789,,,0.005379038862884045
4769,31.0,1141,1.3022544384002686,,,0.004215123597532511
4770,26.0,1005,1.1658048629760742,,,0.005336578469723463
4771,23.0,940,1.0907399654388428,,,0.004482559859752655
4772,8.0,499,0.5884687900543213,,,0.007116185501217842
4773,24.0,1540,1.7808876037597656,,,0.005038277246057987
4774,24.0,841,0.9780840873718262,,,0.010496243834495544
4775,30.0,1176,1.368940830230713,,,0.018604960292577744
4776,30.0,1027,1.1973633766174316,,,0.005613996647298336
4777,15.0,949,1.1270215511322021,,,0.016028037294745445
4778,27.0,1113,1.3016932010650635,,,0.006958141457289457
4779,30.0,1264,1.4877214431762695,,,0.008755638264119625
4780,22.0,889,1.0487926006317139,,,0.004939266946166754
4781,28.0,1097,1.3164570331573486,,,0.004256441257894039
4782,25.0,1045,1.2444276809692383,,,0.018973572179675102
4783,38.0,1390,1.6511781215667725,,,0.00921902246773243
4784,22.0,811,0.9464669227600098,,,0.005380339454859495
4785,28.0,1213,1.4346094131469727,,,0.01119588129222393
4786,24.0,1058,1.2490360736846924,,,0.006279714405536652
4787,25.0,925,1.0909712314605713,,,0.0058599309995770454
4788,17.0,783,0.9287858009338379,,,0.004275423474609852
4789,26.0,1095,1.318232536315918,,,0.005227451678365469
4790,10.0,536,0.6508865356445312,,,0.005113591440021992
4791,23.0,976,1.224628210067749,,,0.006552916020154953
4792,27.0,1068,1.2579970359802246,,,0.009059300646185875
4793,25.0,1125,1.3970882892608643,,,0.006241890136152506
4794,22.0,1027,1.2042791843414307,,,0.007871393114328384
4795,29.0,1053,1.214104175567627,,,0.004289616364985704
4796,28.0,1119,1.2741169929504395,,,0.006464645266532898
4797,31.0,1066,1.2211434841156006,,,0.007331387139856815
4798,23.0,1171,1.3775959014892578,,,0.004692291375249624
4799,32.0,1396,1.6391053199768066,,,0.007640929892659187
4800,23.0,950,1.1422736644744873,,,0.08032192289829254
4801,24.0,865,1.020336389541626,,,0.09473317116498947
4802,19.0,897,1.059950590133667,,,0.005355284549295902
4803,30.0,1109,1.3014907836914062,,,0.00838630460202694
4804,21.0,703,0.8371579647064209,,,0.004333916120231152
4805,20.0,609,0.7216176986694336,,,0.0052339620888233185
4806,25.0,957,1.1208539009094238,,,0.012832649052143097
4807,20.0,801,0.9240319728851318,,,0.00616877619177103
4808,26.0,883,1.0165972709655762,,,0.005303404293954372
4809,26.0,993,1.1681032180786133,,,0.095328189432621
4810,32.0,1255,1.4514474868774414,,,0.009064232930541039
4811,30.0,1190,1.3680055141448975,,,0.007300573401153088
4812,11.0,617,0.7231335639953613,,,0.006784079596400261
4813,31.0,1274,1.501492977142334,,,0.008796061389148235
4814,28.0,1057,1.3054149150848389,,,0.0048516010865569115
4815,22.0,1037,1.21694016456604,,,0.011263799853622913
4816,30.0,1177,1.3832032680511475,,,0.00692142266780138
4817,27.0,1135,1.3736252784729004,,,0.0069809360429644585
4818,20.0,707,0.8314528465270996,,,0.010451115667819977
4819,23.0,931,1.1186778545379639,,,0.006923906039446592
4820,17.0,561,0.6817688941955566,,,0.0041419146582484245
4821,16.0,718,0.8673877716064453,,,0.00552081223577261
4822,29.0,1019,1.1811132431030273,,,0.007467547431588173
4823,31.0,1250,1.4482836723327637,,,0.00640119519084692
4824,23.0,865,1.0146377086639404,,,0.006563134957104921
4825,28.0,1173,1.3446366786956787,,,0.005981669761240482
4826,28.0,1122,1.3109714984893799,,,0.06435438990592957
4827,12.0,539,0.6479270458221436,,,0.004745714366436005
4828,30.0,1182,1.4459588527679443,,,0.006346963811665773
4829,29.0,1023,1.1853902339935303,,,0.006724087055772543
4830,31.0,1269,1.5909712314605713,,,0.007667786907404661
4831,29.0,1125,1.3528974056243896,,,0.0039260657504200935
4832,29.0,1197,1.4273276329040527,,,0.1017811968922615
4833,28.0,1209,1.4305241107940674,,,0.00629933038726449
4834,24.0,1082,1.3084685802459717,,,0.004630354233086109
4835,31.0,1133,1.343137264251709,,,0.005677572451531887
4836,25.0,981,1.1759059429168701,,,0.006962466519325972
4837,24.0,739,0.8878846168518066,,,0.004433583468198776
4838,14.0,475,0.5757930278778076,,,0.005553578957915306
4839,30.0,1139,1.3892552852630615,,,0.005629789084196091
4840,23.0,837,1.0004546642303467,,,0.007306997664272785
4841,11.0,617,0.7723524570465088,,,0.011983642354607582
4842,22.0,887,1.1210088729858398,,,0.004579602740705013
4843,30.0,1275,1.5645594596862793,,,0.009632370434701443
4844,21.0,801,0.9656772613525391,,,0.00576664786785841
4845,13.0,479,0.5781757831573486,,,0.010137700475752354
4846,26.0,931,1.0870792865753174,,,0.004056870937347412
4847,28.0,961,1.14658522605896,,,0.004088008776307106
4848,16.0,785,0.9331462383270264,,,0.01048717088997364
4849,42.0,1773,2.0849649906158447,,,0.008479135110974312
4850,25.0,1175,1.3787281513214111,,,0.025943808257579803
4851,33.0,1287,1.5106658935546875,,,0.008188454434275627
4852,27.0,989,1.1735200881958008,,,0.01690020225942135
4853,29.0,1105,1.3111152648925781,,,0.0058467574417591095
4854,26.0,945,1.1157712936401367,,,0.005999300163239241
4855,32.0,1411,1.6397223472595215,,,0.011053093709051609
4856,30.0,1206,1.4078938961029053,,,0.009787971153855324
4857,24.0,975,1.1397688388824463,,,0.0072874827310442924
4858,29.0,1217,1.4168407917022705,,,0.004940496291965246
4859,28.0,942,1.1123270988464355,,,0.007699303328990936
4860,19.0,815,0.9581723213195801,,,0.006060977466404438
4861,22.0,1173,1.365417242050171,,,0.012677251361310482
4862,32.0,1407,1.6396160125732422,,,0.007638921961188316
4863,26.0,939,1.1102094650268555,,,0.007172031793743372
4864,29.0,1175,1.3828203678131104,,,0.06583483517169952
4865,25.0,1045,1.2366142272949219,,,0.01215086504817009
4866,27.0,939,1.1030454635620117,,,0.005665283650159836
4867,30.0,1244,1.4627363681793213,,,0.013902340084314346
4868,28.0,1158,1.3712248802185059,,,0.004609999712556601
4869,25.0,1077,1.270432949066162,,,0.0062909480184316635
4870,26.0,801,0.9441993236541748,,,0.009631145745515823
4871,24.0,1080,1.2571635246276855,,,0.005092492792755365
4872,26.0,943,1.1045665740966797,,,0.006163710728287697
4873,23.0,905,1.0635080337524414,,,0.004849509336054325
4874,24.0,964,1.1349267959594727,,,0.013467730022966862
4875,31.0,1033,1.2034008502960205,,,0.0096836406737566
4876,22.0,767,0.9053478240966797,,,0.009664030745625496
4877,21.0,934,1.1094026565551758,,,0.02046683058142662
4878,27.0,855,1.0087392330169678,,,0.012352114543318748
4879,28.0,1211,1.4197092056274414,,,0.0056838844902813435
4880,21.0,965,1.142198085784912,,,0.005733327474445105
4881,29.0,1160,1.3663158416748047,,,0.013352494686841965
4882,10.0,525,0.6228427886962891,,,0.008240638300776482
4883,25.0,851,1.0027878284454346,,,0.006080808583647013
4884,31.0,1398,1.6224958896636963,,,0.003069796832278371
4885,33.0,1101,1.2908227443695068,,,0.006604998372495174
4886,24.0,1009,1.1964077949523926,,,0.007858717814087868
4887,22.0,1063,1.2554776668548584,,,0.007917105220258236
4888,21.0,709,0.8415729999542236,,,0.005778773687779903
4889,27.0,1130,1.3387935161590576,,,0.010613719001412392
4890,30.0,1105,1.2945797443389893,,,0.004598255269229412
4891,26.0,1039,1.2239363193511963,,,0.006437018048018217
4892,30.0,1158,1.350801706314087,,,0.0042137387208640575
4893,25.0,795,0.9452729225158691,,,0.006685432977974415
4894,29.0,1364,1.6005961894989014,,,0.008814116939902306
4895,24.0,994,1.1697254180908203,,,0.014580359682440758
4896,25.0,867,1.0372107028961182,,,0.07786840200424194
4897,30.0,1069,1.253826379776001,,,0.005479015875607729
4898,27.0,995,1.160935878753662,,,0.020273134112358093
4899,21.0,924,1.0863158702850342,,,0.007714449428021908
4900,31.0,1217,1.4201693534851074,,,0.0075544994324445724
4901,28.0,958,1.1191315650939941,,,0.006642807275056839
4902,27.0,1094,1.2927496433258057,,,0.006865404546260834
4903,28.0,1027,1.1926891803741455,,,0.0043462649919092655
4904,26.0,789,0.9277138710021973,,,0.0043082102201879025
4905,24.0,1033,1.2123005390167236,,,0.004084059037268162
4906,27.0,1080,1.2551374435424805,,,0.007515770383179188
4907,32.0,1195,1.3923029899597168,,,0.011415902525186539
4908,28.0,971,1.1436967849731445,,,0.01073482260107994
4909,25.0,901,1.0630459785461426,,,0.005180632695555687
4910,30.0,1020,1.1809663772583008,,,0.00416041724383831
4911,25.0,928,1.0894615650177002,,,0.07901106029748917
4912,26.0,1029,1.19901704788208,,,0.007064927369356155
4913,20.0,841,1.0116829872131348,,,0.0055213673040270805
4914,19.0,759,0.9045760631561279,,,0.006034592166543007
4915,24.0,841,0.989238977432251,,,0.007418313529342413
4916,23.0,908,1.0741705894470215,,,0.005188659764826298
4917,29.0,1183,1.394272804260254,,,0.004432222805917263
4918,24.0,1147,1.3469066619873047,,,0.005813706666231155
4919,25.0,861,1.015794038772583,,,0.003486471716314554
4920,7.0,395,0.4745211601257324,,,0.06119292601943016
4921,31.0,1277,1.4930698871612549,,,0.03276710957288742
4922,22.0,1003,1.180701494216919,,,0.004236885812133551
4923,25.0,849,0.9997391700744629,,,0.007966460660099983
4924,26.0,1032,1.2228946685791016,,,0.0034414108376950026
4925,30.0,1151,1.3557286262512207,,,0.004940827842801809
4926,21.0,685,0.8070745468139648,,,0.01059718243777752
4927,17.0,765,0.9118070602416992,,,0.08660522103309631
4928,24.0,1036,1.2125649452209473,,,0.005655902437865734
4929,27.0,1116,1.3137381076812744,,,0.003382375929504633
4930,25.0,1047,1.233241081237793,,,0.003856637282297015
4931,27.0,1257,1.4717345237731934,,,0.01122625358402729
4932,21.0,963,1.1376569271087646,,,0.03247279301285744
4933,24.0,999,1.1799416542053223,,,0.012104088440537453
4934,30.0,1375,1.6127631664276123,,,0.006895082071423531
4935,13.0,556,0.6600501537322998,,,0.003927044570446014
4936,24.0,1117,1.317775011062622,,,0.005488310009241104
4937,19.0,746,0.8843977451324463,,,0.003547821193933487
4938,29.0,1181,1.3842549324035645,,,0.013681168667972088
4939,29.0,1241,1.4537830352783203,,,0.0041634682565927505
4940,31.0,1088,1.2774369716644287,,,0.007670990657061338
4941,31.0,1435,1.6869785785675049,,,0.007743211928755045
4942,31.0,1108,1.307640552520752,,,0.0038226163014769554
4943,29.0,885,1.0766022205352783,,,0.009307639673352242
4944,26.0,1260,1.5462579727172852,,,0.009114720858633518
4945,31.0,1007,1.2161102294921875,,,0.004813524428755045
4946,29.0,1182,1.4378890991210938,,,0.007115859538316727
4947,30.0,1136,1.3213005065917969,,,0.004415114410221577
4948,10.0,502,0.597956657409668,,,0.0043870811350643635
4949,31.0,1156,1.35707688331604,,,0.008299865759909153
4950,33.0,1348,1.6302905082702637,,,0.006952526513487101
4951,24.0,1006,1.1995577812194824,,,0.028573593124747276
4952,28.0,1203,1.4085063934326172,,,0.005996157415211201
4953,31.0,1261,1.484290599822998,,,0.005017298273742199
4954,25.0,1050,1.2298343181610107,,,0.09902817010879517
4955,24.0,993,1.166618824005127,,,0.007900266908109188
4956,16.0,595,0.7048373222351074,,,0.017574550583958626
4957,19.0,759,0.8988690376281738,,,0.010290239937603474
4958,17.0,683,0.8053708076477051,,,0.00404131505638361
4959,30.0,1039,1.2196931838989258,,,0.006211923435330391
4960,34.0,1353,1.58219575881958,,,0.009560164995491505
4961,26.0,984,1.1619327068328857,,,0.006500915624201298
4962,28.0,1235,1.4491891860961914,,,0.011373883113265038
4963,11.0,610,0.7322978973388672,,,0.006479353178292513
4964,28.0,1007,1.205822229385376,,,0.0070795342326164246
4965,27.0,947,1.1575462818145752,,,0.006938822567462921
4966,28.0,1075,1.2657392024993896,,,0.011361787095665932
4967,22.0,927,1.0967578887939453,,,0.006016222294420004
4968,28.0,1097,1.3321864604949951,,,0.00991580355912447
4969,31.0,1044,1.2621195316314697,,,0.009115394204854965
4970,28.0,1265,1.4592652320861816,,,0.0066808732226490974
4971,24.0,897,1.0554382801055908,,,0.005221633240580559
4972,28.0,922,1.0810697078704834,,,0.007499861065298319
4973,28.0,1036,1.310847282409668,,,0.004786201752722263
4974,30.0,1145,1.341460943222046,,,0.004612579941749573
4975,23.0,1244,1.4524846076965332,,,0.014329159632325172
4976,19.0,700,0.8183383941650391,,,0.010717570781707764
4977,18.0,653,0.7641792297363281,,,0.006274291314184666
4978,25.0,1125,1.2974393367767334,,,0.01927524246275425
4979,20.0,1113,1.2897095680236816,,,0.06639418005943298
4980,31.0,1333,1.5338587760925293,,,0.05694034695625305
4981,29.0,1067,1.2403528690338135,,,0.010935800150036812
4982,27.0,1077,1.2575018405914307,,,0.004585254471749067
4983,22.0,869,1.0092213153839111,,,0.007899055257439613
4984,16.0,687,0.7925009727478027,,,0.005368244834244251
4985,23.0,987,1.1545557975769043,,,0.0047375233843922615
4986,22.0,947,1.1205508708953857,,,0.0055024875327944756
4987,23.0,929,1.097905158996582,,,0.005229384638369083
4988,29.0,1195,1.3987255096435547,,,0.006023230031132698
4989,21.0,762,0.9003264904022217,,,0.0044335862621665
4990,23.0,847,0.9931342601776123,,,0.005674790591001511
4991,29.0,1398,1.6408801078796387,,,0.007497099228203297
4992,29.0,993,1.1638307571411133,,,0.07906553894281387
4993,32.0,1229,1.430800199508667,,,0.007906747050583363
4994,30.0,1135,1.3155364990234375,,,0.007693043909966946
4995,20.0,737,0.8680520057678223,,,0.03037812002003193
4996,17.0,636,0.7703971862792969,,,0.005051610991358757
4997,18.0,688,0.8178739547729492,,,0.004038447979837656
4998,29.0,1091,1.2870821952819824,,,0.006003128364682198
4999,32.0,1322,1.590498685836792,,,0.004337284713983536
5000,31.0,1122,1.3216238021850586,,,0.011990489438176155
5001,31.0,1331,1.5562505722045898,,,0.006559122819453478
5002,27.0,1060,1.2491440773010254,,,0.0644967332482338
5003,32.0,1132,1.3181498050689697,,,0.0031112662982195616
5004,27.0,963,1.1294307708740234,,,0.010142909362912178
5005,29.0,1190,1.4094386100769043,,,0.004986377898603678
5006,23.0,952,1.1494572162628174,,,0.00651813019067049
5007,27.0,893,1.059035062789917,,,0.005501339212059975
5008,22.0,1018,1.1890697479248047,,,0.06471723318099976
5009,25.0,1207,1.4003963470458984,,,0.0047162421979010105
5010,30.0,1195,1.357438087463379,,,0.00567358173429966
5011,31.0,1118,1.2709009647369385,,,0.009134378284215927
5012,26.0,1129,1.303501844406128,,,0.01217302680015564
5013,21.0,790,0.903148889541626,,,0.003459944622591138
5014,20.0,824,0.9423220157623291,,,0.006915843114256859
5015,30.0,1166,1.3676104545593262,,,0.008446377702057362
5016,31.0,1174,1.3550395965576172,,,0.005624137818813324
5017,26.0,943,1.0996825695037842,,,0.0055654593743383884
5018,32.0,1286,1.4955756664276123,,,0.08695050328969955
5019,19.0,703,0.8299565315246582,,,0.004298496060073376
5020,29.0,1348,1.584216833114624,,,0.004638000391423702
5021,18.0,758,0.8905835151672363,,,0.004021882079541683
5022,40.0,1488,1.720634937286377,,,0.00364801287651062
5023,31.0,1056,1.2225494384765625,,,0.0038716953713446856
5024,12.0,495,0.6013400554656982,,,0.011912619695067406
5025,17.0,1057,1.3337552547454834,,,0.00820760428905487
5026,25.0,1065,1.3178417682647705,,,0.008882591500878334
5027,28.0,1170,1.475705862045288,,,0.006810189690440893
5028,30.0,1349,1.6526947021484375,,,0.005194956436753273
5029,25.0,1349,1.6479260921478271,,,0.005488535389304161
5030,15.0,812,1.0221152305603027,,,0.004310857504606247
5031,21.0,858,1.0677516460418701,,,0.0050391750410199165
5032,37.0,1453,1.8287546634674072,,,0.003736646380275488
5033,15.0,689,0.8547179698944092,,,0.006851542741060257
5034,26.0,1143,1.4902524948120117,,,0.06563941389322281
5035,14.0,511,0.6335277557373047,,,0.00443266611546278
5036,24.0,752,0.888862133026123,,,0.003982657566666603
5037,33.0,1647,1.969635248184204,,,0.01278706919401884
5038,17.0,927,1.1707127094268799,,,0.014186267741024494
5039,28.0,1133,1.3676433563232422,,,0.005356104113161564
5040,17.0,814,1.0270791053771973,,,0.00864478386938572
5041,22.0,868,1.0590887069702148,,,0.009779238142073154
5042,31.0,1132,1.4105525016784668,,,0.08547552675008774
5043,33.0,1133,1.3392102718353271,,,0.004621854517608881
5044,26.0,1112,1.3240103721618652,,,0.004611973650753498
5045,31.0,1199,1.4117152690887451,,,0.003968874923884869
5046,22.0,875,1.0280516147613525,,,0.0038191592320799828
5047,21.0,1171,1.3813159465789795,,,0.006063626613467932
5048,27.0,923,1.1075191497802734,,,0.0061931912787258625
5049,21.0,759,0.8972444534301758,,,0.014655383303761482
5050,18.0,811,0.9598393440246582,,,0.0042575085535645485
5051,23.0,931,1.1411044597625732,,,0.006659758742898703
5052,32.0,1418,1.7069423198699951,,,0.007370107341557741
5053,28.0,1234,1.5678825378417969,,,0.006088644731789827
5054,30.0,1170,1.4466307163238525,,,0.0036586164496839046
5055,28.0,1063,1.3246369361877441,,,0.004040850326418877
5056,26.0,989,1.2155652046203613,,,0.013677813112735748
5057,20.0,1052,1.3021647930145264,,,0.003390006022527814
5058,21.0,841,1.0362563133239746,,,0.07271809130907059
5059,27.0,913,1.1266837120056152,,,0.0767660140991211
5060,25.0,929,1.1288154125213623,,,0.009969821199774742
5061,29.0,1353,1.6314661502838135,,,0.0056932233273983
5062,22.0,956,1.168222427368164,,,0.004806987941265106
5063,29.0,1519,1.8357722759246826,,,0.005259981378912926
5064,30.0,1283,1.583942174911499,,,0.005734926089644432
5065,15.0,517,0.6333465576171875,,,0.011715791188180447
5066,25.0,1021,1.2360126972198486,,,0.1574220359325409
5067,34.0,1151,1.3984336853027344,,,0.07447563856840134
5068,24.0,1247,1.575690507888794,,,0.008691001683473587
5069,27.0,1183,1.4518601894378662,,,0.06292180716991425
5070,32.0,1312,1.565887212753296,,,0.006043311674147844
5071,29.0,1352,1.6401503086090088,,,0.004227581433951855
5072,20.0,767,0.9278643131256104,,,0.006994140334427357
5073,30.0,1229,1.5056567192077637,,,0.003042147494852543
5074,33.0,1265,1.505382776260376,,,0.004306932911276817
5075,23.0,929,1.1110053062438965,,,0.059141211211681366
5076,30.0,1197,1.4670956134796143,,,0.015262404456734657
5077,28.0,939,1.127817153930664,,,0.06753472238779068
5078,30.0,1069,1.2765812873840332,,,0.003289691638201475
5079,16.0,745,0.9130125045776367,,,0.01704917848110199
5080,24.0,1085,1.3348264694213867,,,0.06773901730775833
5081,24.0,811,0.9975025653839111,,,0.002900551538914442
5082,20.0,861,1.0509357452392578,,,0.0042626154609024525
5083,28.0,1438,1.7314116954803467,,,0.006626896094530821
5084,21.0,860,1.0203707218170166,,,0.05924399942159653
5085,28.0,1030,1.2027380466461182,,,0.010566378012299538
5086,25.0,1153,1.3631415367126465,,,0.0037125188391655684
5087,29.0,1175,1.447366714477539,,,0.006525423377752304
5088,27.0,1136,1.3739337921142578,,,0.008967071771621704
5089,24.0,1015,1.2359557151794434,,,0.08376465737819672
5090,22.0,743,0.8779394626617432,,,0.0071990336291491985
5091,23.0,999,1.1811037063598633,,,0.005403649527579546
5092,23.0,873,1.0337309837341309,,,0.004341654945164919
5093,29.0,1171,1.3958795070648193,,,0.005500722676515579
5094,20.0,881,1.0431859493255615,,,0.007972043007612228
5095,29.0,1276,1.4939892292022705,,,0.009524501860141754
5096,31.0,1271,1.492584228515625,,,0.0037652626633644104
5097,33.0,1347,1.6749296188354492,,,0.1023864820599556
5098,18.0,772,0.9389748573303223,,,0.006569831632077694
5099,27.0,1027,1.252382755279541,,,0.007125402335077524
5100,15.0,871,1.066901683807373,,,0.004946712404489517
5101,24.0,1131,1.3971822261810303,,,0.00540817528963089
5102,16.0,592,0.7085080146789551,,,0.009462453424930573
5103,23.0,972,1.2325613498687744,,,0.004186227917671204
5104,11.0,611,0.8285791873931885,,,0.006656658835709095
5105,24.0,861,1.0634057521820068,,,0.006241264753043652
5106,13.0,750,0.9159455299377441,,,0.024495961144566536
5107,20.0,961,1.1768524646759033,,,0.007893893867731094
5108,28.0,1199,1.5565824508666992,,,0.006176826078444719
5109,24.0,873,1.068192481994629,,,0.013679993338882923
5110,19.0,973,1.2057549953460693,,,0.0038970871828496456
5111,32.0,1261,1.4976110458374023,,,0.007109280675649643
5112,24.0,825,1.0047907829284668,,,0.0065560294315218925
5113,22.0,893,1.1075427532196045,,,0.007064548786729574
5114,25.0,929,1.1296257972717285,,,0.004485320299863815
5115,26.0,1307,1.5731143951416016,,,0.005405654665082693
5116,19.0,823,1.029158115386963,,,0.0034219850786030293
5117,29.0,1254,1.5964181423187256,,,0.01409574132412672
5118,22.0,733,0.902855396270752,,,0.005253607407212257
5119,31.0,1361,1.6049284934997559,,,0.06779801100492477
5120,22.0,852,1.0538721084594727,,,0.004977165721356869
5121,23.0,863,1.0425059795379639,,,0.0040520718321204185
5122,29.0,1135,1.3571863174438477,,,0.14377397298812866
5123,23.0,917,1.1359314918518066,,,0.005129772238433361
5124,28.0,1105,1.342637538909912,,,0.0038533976767212152
5125,21.0,1053,1.3467779159545898,,,0.00891938153654337
5126,26.0,1237,1.5822815895080566,,,0.0768764317035675
5127,17.0,705,0.8673853874206543,,,0.008522502146661282
5128,20.0,974,1.1657524108886719,,,0.003032632637768984
5129,22.0,1106,1.3324062824249268,,,0.11308775842189789
5130,18.0,815,0.9780075550079346,,,0.004675103817135096
5131,18.0,695,0.8339617252349854,,,0.004808457102626562
5132,26.0,923,1.0930898189544678,,,0.0068868906237185
5133,23.0,995,1.225130319595337,,,0.005878183525055647
5134,27.0,1274,1.5346148014068604,,,0.06982133537530899
5135,22.0,844,1.0171442031860352,,,0.009357810951769352
5136,21.0,907,1.1052119731903076,,,0.00471933837980032
5137,29.0,1270,1.5258071422576904,,,0.07343319058418274
5138,27.0,1145,1.3866984844207764,,,0.01749749295413494
5139,24.0,881,1.0836026668548584,,,0.010085011832416058
5140,25.0,1065,1.3274555206298828,,,0.005799891427159309
5141,33.0,1289,1.6237297058105469,,,0.0098736472427845
5142,6.0,523,0.6539459228515625,,,0.006246867123991251
5143,28.0,1092,1.3903388977050781,,,0.004454277455806732
5144,16.0,583,0.69539475440979,,,0.004864801187068224
5145,21.0,820,0.981501579284668,,,0.10470357537269592
5146,30.0,1097,1.293260097503662,,,0.004362053703516722
5147,28.0,1194,1.4211549758911133,,,0.009375480934977531
5148,14.0,567,0.6818375587463379,,,0.006009104195982218
5149,30.0,1060,1.2516744136810303,,,0.004589379765093327
5150,30.0,1172,1.3999719619750977,,,0.012573804706335068
5151,29.0,910,1.0800435543060303,,,0.07178018242120743
5152,27.0,1025,1.2168357372283936,,,0.07268677651882172
5153,22.0,975,1.1636757850646973,,,0.006000533699989319
5154,24.0,865,1.068436622619629,,,0.0067445058375597
5155,23.0,840,1.0382754802703857,,,0.005194962024688721
5156,28.0,1211,1.4488873481750488,,,0.004385390318930149
5157,22.0,1061,1.326648235321045,,,0.0074776774272322655
5158,20.0,741,0.9201366901397705,,,0.004308093339204788
5159,21.0,779,0.946366548538208,,,0.07082007825374603
5160,29.0,1247,1.541548728942871,,,0.005011582747101784
5161,17.0,993,1.2985517978668213,,,0.010074777528643608
5162,24.0,1373,1.7354257106781006,,,0.07492197304964066
5163,15.0,533,0.6461102962493896,,,0.006863766349852085
5164,28.0,1120,1.3313753604888916,,,0.00843079388141632
5165,31.0,1283,1.5189807415008545,,,0.0049492912366986275
5166,29.0,1196,1.4123668670654297,,,0.0052603078074753284
5167,21.0,841,0.9838602542877197,,,0.07143855839967728
5168,25.0,1248,1.4333264827728271,,,0.004101386293768883
5169,26.0,964,1.1205089092254639,,,0.00393306091427803
5170,22.0,759,0.8997199535369873,,,0.007301537785679102
5171,27.0,1129,1.339820384979248,,,0.00356275774538517
5172,23.0,801,1.0405144691467285,,,0.005361428018659353
5173,21.0,766,0.9688034057617188,,,0.0736423209309578
5174,27.0,897,1.1034703254699707,,,0.005612848326563835
5175,24.0,1135,1.358248233795166,,,0.007837781682610512
5176,5.0,572,0.6852407455444336,,,0.009727159515023232
5177,30.0,1163,1.3902778625488281,,,0.006754741538316011
5178,14.0,612,0.747689962387085,,,0.0037357385735958815
5179,27.0,963,1.1517887115478516,,,0.0059359390288591385
5180,32.0,1409,1.628669261932373,,,0.005033324472606182
5181,24.0,923,1.106365442276001,,,0.07025020569562912
5182,22.0,1033,1.2782726287841797,,,0.002637291792780161
5183,25.0,1088,1.3041183948516846,,,0.007728569209575653
5184,29.0,1197,1.4300482273101807,,,0.005150021053850651
5185,28.0,1450,1.7468681335449219,,,0.008722849190235138
5186,31.0,1199,1.42335844039917,,,0.005286360625177622
5187,29.0,921,1.1094045639038086,,,0.003940051421523094
5188,16.0,742,0.8882672786712646,,,0.018577121198177338
5189,29.0,1083,1.2710402011871338,,,0.006300970911979675
5190,21.0,951,1.149379014968872,,,0.005564332008361816
5191,30.0,1281,1.5229778289794922,,,0.07130587100982666
5192,12.0,497,0.6070756912231445,,,0.004953925497829914
5193,15.0,720,0.8718435764312744,,,0.006671728566288948
5194,24.0,920,1.0989222526550293,,,0.0055676233023405075
5195,24.0,855,1.0127413272857666,,,0.006050085183233023
5196,17.0,953,1.1682231426239014,,,0.005989561788737774
5197,29.0,1268,1.5153148174285889,,,0.0031094024889171124
5198,28.0,1067,1.2768549919128418,,,0.006821214221417904
5199,28.0,1129,1.3738369941711426,,,0.007375307846814394
5200,27.0,1194,1.4220390319824219,,,0.006291291676461697
5201,19.0,899,1.0995616912841797,,,0.005370063241571188
5202,30.0,1168,1.3507792949676514,,,0.08691570907831192
5203,27.0,1177,1.3539948463439941,,,0.012066017836332321
5204,30.0,953,1.1315336227416992,,,0.005904922261834145
5205,33.0,1338,1.5657575130462646,,,0.006981736980378628
5206,29.0,1089,1.2813694477081299,,,0.012958098202943802
5207,30.0,1149,1.3601067066192627,,,0.004902814514935017
5208,20.0,991,1.1806635856628418,,,0.006369083188474178
5209,31.0,1359,1.57588791847229,,,0.007001273799687624
5210,26.0,880,1.0745720863342285,,,0.004355954937636852
5211,20.0,881,1.0504722595214844,,,0.00512158265337348
5212,18.0,953,1.1559903621673584,,,0.0774422138929367
5213,29.0,1283,1.5197126865386963,,,0.004027583636343479
5214,33.0,1071,1.3512871265411377,,,0.00535106286406517
5215,29.0,1125,1.3755683898925781,,,0.004668013658374548
5216,21.0,723,0.8397741317749023,,,0.005152358207851648
5217,32.0,1267,1.4585039615631104,,,0.009535251185297966
5218,19.0,887,1.041670560836792,,,0.004934949800372124
5219,26.0,912,1.0687322616577148,,,0.004941420629620552
5220,33.0,1266,1.4655539989471436,,,0.008114833384752274
5221,22.0,963,1.156127691268921,,,0.005713459104299545
5222,30.0,1417,1.6251494884490967,,,0.0033516285475343466
5223,18.0,655,0.7530069351196289,,,0.0058883726596832275
5224,16.0,707,0.819098949432373,,,0.006227634847164154
5225,25.0,1093,1.2698135375976562,,,0.01250051986426115
5226,27.0,887,1.0725126266479492,,,0.010150826536118984
5227,27.0,874,1.050748348236084,,,0.06434087455272675
5228,29.0,1046,1.2356481552124023,,,0.004197334870696068
5229,19.0,953,1.1564092636108398,,,0.003854751354083419
5230,24.0,981,1.1723594665527344,,,0.005886554718017578
5231,21.0,869,1.0520381927490234,,,0.06294583529233932
5232,13.0,571,0.6799280643463135,,,0.0033343047834932804
5233,30.0,1449,1.6897518634796143,,,0.004096969962120056
5234,19.0,689,0.8112518787384033,,,0.004190885461866856
5235,23.0,989,1.1568496227264404,,,0.004551148507744074
5236,16.0,743,0.8644313812255859,,,0.0050756921991705894
5237,32.0,1265,1.4681742191314697,,,0.005750011187046766
5238,28.0,1036,1.2131295204162598,,,0.0038930834271013737
5239,14.0,1054,1.2549898624420166,,,0.0032776023726910353
5240,12.0,587,0.698206901550293,,,0.00559562211856246
5241,17.0,719,0.8624463081359863,,,0.01062703225761652
5242,27.0,1006,1.231691837310791,,,0.0054413191974163055
5243,29.0,1038,1.2447819709777832,,,0.008612116798758507
5244,32.0,1079,1.236936330795288,,,0.06334750354290009
5245,26.0,1019,1.1927709579467773,,,0.007131319493055344
5246,32.0,1260,1.458096981048584,,,0.005174602381885052
5247,30.0,1075,1.2738115787506104,,,0.00575497280806303
5248,19.0,717,0.8442718982696533,,,0.00471932627260685
5249,28.0,1161,1.3644187450408936,,,0.006540004163980484
5250,28.0,1006,1.1736719608306885,,,0.004770847037434578
5251,3.0,461,0.5951192378997803,,,0.006897203624248505
5252,27.0,1176,1.382040023803711,,,0.002788160927593708
5253,31.0,1333,1.5609843730926514,,,0.0056778485886752605
5254,14.0,699,0.8256981372833252,,,0.004966336768120527
5255,12.0,678,0.8014006614685059,,,0.005766707472503185
5256,32.0,1183,1.3838000297546387,,,0.005319374613463879
5257,20.0,1015,1.193002462387085,,,0.006605952046811581
5258,18.0,709,0.8415281772613525,,,0.08388011902570724
5259,24.0,1134,1.333993673324585,,,0.02028694376349449
5260,25.0,935,1.083282709121704,,,0.0025255896616727114
5261,26.0,1094,1.2901575565338135,,,0.003445312147960067
5262,6.0,497,0.5967121124267578,,,0.005900773219764233
5263,32.0,1225,1.472325086593628,,,0.009720426984131336
5264,23.0,1113,1.4407567977905273,,,0.008230333216488361
5265,17.0,697,0.8878896236419678,,,0.021726101636886597
5266,21.0,959,1.1767678260803223,,,0.005398023407906294
5267,28.0,1157,1.369016408920288,,,0.06250026822090149
5268,29.0,988,1.1943845748901367,,,0.06164270266890526
5269,25.0,873,1.0394043922424316,,,0.008445031009614468
5270,27.0,1101,1.2990658283233643,,,0.0040778205730021
5271,24.0,1049,1.2464070320129395,,,0.02742200344800949
5272,30.0,1191,1.4129199981689453,,,0.0035375214647501707
5273,28.0,1133,1.333160400390625,,,0.0053155794739723206
5274,22.0,836,0.987191915512085,,,0.0055979713797569275
5275,30.0,1365,1.6493525505065918,,,0.005853512790054083
5276,21.0,898,1.0703580379486084,,,0.009971251711249352
5277,27.0,1101,1.3134715557098389,,,0.0049150665290653706
5278,32.0,1274,1.506577491760254,,,0.06471633166074753
5279,25.0,947,1.127906322479248,,,0.006237635854631662
5280,24.0,969,1.1593787670135498,,,0.004229008685797453
5281,30.0,1047,1.2424192428588867,,,0.005494582466781139
5282,26.0,966,1.1668949127197266,,,0.08424640446901321
5283,26.0,1161,1.375054121017456,,,0.005225300323218107
5284,32.0,1355,1.5877883434295654,,,0.004177573136985302
5285,28.0,958,1.1450626850128174,,,0.00405699061229825
5286,30.0,1110,1.3108854293823242,,,0.004957297816872597
5287,27.0,1035,1.247107744216919,,,0.028967514634132385
5288,17.0,614,0.7342798709869385,,,0.006234483327716589
5289,20.0,861,1.022216796875,,,0.00971299409866333
5290,22.0,899,1.07198166847229,,,0.006750770844519138
5291,21.0,931,1.1321794986724854,,,0.00689110578969121
5292,32.0,1303,1.5451266765594482,,,0.006885835435241461
5293,29.0,1029,1.2174372673034668,,,0.06062213331460953
5294,28.0,1149,1.3531420230865479,,,0.0029290663078427315
5295,17.0,619,0.7399864196777344,,,0.004261470399796963
5296,25.0,1158,1.384558916091919,,,0.06509855389595032
5297,28.0,971,1.171576976776123,,,0.005959013476967812
5298,11.0,533,0.6540200710296631,,,0.0057828170247375965
5299,25.0,1120,1.333812952041626,,,0.005174964666366577
5300,32.0,1185,1.399956464767456,,,0.004223089665174484
5301,26.0,893,1.0744876861572266,,,0.008940180763602257
5302,23.0,976,1.1639878749847412,,,0.006162295117974281
5303,25.0,1209,1.4240798950195312,,,0.005039357580244541
5304,21.0,1286,1.5426030158996582,,,0.005808368790894747
5305,39.0,1786,2.1160340309143066,,,0.004051848780363798
5306,42.0,1473,1.7551438808441162,,,0.0050836363807320595
5307,23.0,921,1.0957684516906738,,,0.007328680716454983
5308,9.0,503,0.6058025360107422,,,0.00781179079785943
5309,27.0,1063,1.2670097351074219,,,0.006127442233264446
5310,29.0,1163,1.3746216297149658,,,0.004787219688296318
5311,20.0,741,0.8772602081298828,,,0.005874688737094402
5312,24.0,814,0.9742977619171143,,,0.009324637241661549
5313,28.0,1013,1.1942379474639893,,,0.009504023008048534
5314,28.0,1157,1.3534255027770996,,,0.006127125583589077
5315,31.0,1454,1.714021921157837,,,0.005079849157482386
5316,20.0,940,1.1185290813446045,,,0.003876537550240755
5317,25.0,887,1.0694940090179443,,,0.013306821696460247
5318,16.0,672,0.8034636974334717,,,0.004919659346342087
5319,26.0,1062,1.2547500133514404,,,0.007849114947021008
5320,30.0,1209,1.4173614978790283,,,0.005236432887613773
5321,22.0,857,1.018972635269165,,,0.13487747311592102
5322,21.0,1043,1.2335705757141113,,,0.0039139846339821815
5323,30.0,1245,1.4693410396575928,,,0.10290411114692688
5324,19.0,747,0.8957197666168213,,,0.003722535911947489
5325,25.0,1004,1.1843266487121582,,,0.09815796464681625
5326,23.0,989,1.1950373649597168,,,0.09076222777366638
5327,15.0,1186,1.4134962558746338,,,0.06227245554327965
5328,14.0,565,0.6820182800292969,,,0.01032642275094986
5329,33.0,1297,1.5314197540283203,,,0.005608315579593182
5330,30.0,1310,1.5477499961853027,,,0.005260308273136616
5331,9.0,499,0.6042137145996094,,,0.003947373013943434
5332,27.0,1179,1.3923864364624023,,,0.004662895109504461
5333,25.0,927,1.0975844860076904,,,0.009904040023684502
5334,15.0,729,0.8730409145355225,,,0.009870960377156734
5335,30.0,1045,1.2493596076965332,,,0.013847834430634975
5336,20.0,577,0.6894259452819824,,,0.004320003557950258
5337,14.0,714,0.8527877330780029,,,0.0041879573836922646
5338,28.0,1141,1.3513388633728027,,,0.003495792392641306
5339,30.0,1148,1.3494486808776855,,,0.016493191942572594
5340,16.0,774,0.9224648475646973,,,0.007293454837054014
5341,30.0,1268,1.4958577156066895,,,0.0032249270007014275
5342,28.0,981,1.160857915878296,,,0.00576808163896203
5343,20.0,839,0.9981551170349121,,,0.0065850503742694855
5344,28.0,1242,1.4580116271972656,,,0.0048094261437654495
5345,15.0,629,0.7580592632293701,,,0.09853298962116241
5346,18.0,785,0.9382212162017822,,,0.004192950204014778
5347,30.0,1199,1.400655746459961,,,0.0071838172152638435
5348,31.0,1157,1.3593156337738037,,,0.0035007784608751535
5349,20.0,696,0.8338537216186523,,,0.005072423256933689
5350,30.0,1111,1.3155555725097656,,,0.004330743104219437
5351,23.0,771,0.9174976348876953,,,0.004224694799631834
5352,28.0,1183,1.3845536708831787,,,0.006012225057929754
5353,31.0,1058,1.270214319229126,,,0.003891675267368555
5354,20.0,746,0.8885908126831055,,,0.004297478590160608
5355,28.0,1127,1.3242013454437256,,,0.0038148323073983192
5356,29.0,1311,1.5553185939788818,,,0.005936943925917149
5357,28.0,1073,1.2760915756225586,,,0.059909939765930176
5358,27.0,1127,1.337350845336914,,,0.006005344446748495
5359,32.0,1126,1.3198964595794678,,,0.006411845330148935
5360,33.0,1235,1.452070713043213,,,0.003961483016610146
5361,30.0,1220,1.433619737625122,,,0.007953672669827938
5362,12.0,577,0.6974151134490967,,,0.00570574589073658
5363,32.0,1047,1.2340030670166016,,,0.004205242730677128
5364,27.0,1093,1.288320541381836,,,0.05176207423210144
5365,29.0,1142,1.3482387065887451,,,0.00857471488416195
5366,28.0,1003,1.187429428100586,,,0.004624343477189541
5367,17.0,652,0.776559591293335,,,0.0045073069632053375
5368,33.0,1173,1.3774313926696777,,,0.004468018189072609
5369,24.0,892,1.0547149181365967,,,0.005541547201573849
5370,24.0,996,1.181947946548462,,,0.0099302614107728
5371,31.0,1173,1.3843145370483398,,,0.009368250146508217
5372,30.0,1237,1.4730794429779053,,,0.05807221680879593
5373,23.0,915,1.086860179901123,,,0.014438919723033905
5374,26.0,1035,1.2262473106384277,,,0.008139374665915966
5375,27.0,1041,1.2417237758636475,,,0.004409779794514179
5376,30.0,1221,1.4448215961456299,,,0.004532122518867254
5377,26.0,1013,1.1977474689483643,,,0.004253346007317305
5378,26.0,1155,1.3517496585845947,,,0.008564375340938568
5379,27.0,870,1.0307612419128418,,,0.006834761705249548
5380,22.0,701,0.8277177810668945,,,0.003093605162575841
5381,29.0,1219,1.4325284957885742,,,0.005423000082373619
5382,27.0,1007,1.184748888015747,,,0.006726252380758524
5383,15.0,667,0.7867004871368408,,,0.004662573803216219
5384,28.0,1000,1.18070387840271,,,0.010042988695204258
5385,25.0,977,1.2132561206817627,,,0.003947819117456675
5386,24.0,898,1.1282212734222412,,,0.006199227645993233
5387,3.0,465,0.6125242710113525,,,0.005597453098744154
5388,28.0,1182,1.4955716133117676,,,0.05794745683670044
5389,23.0,777,0.9927992820739746,,,0.004399292171001434
5390,31.0,1248,1.4699862003326416,,,0.00870622880756855
5391,7.0,486,0.5848410129547119,,,0.011728757992386818
5392,29.0,1197,1.4053263664245605,,,0.0032087890431284904
5393,10.0,792,0.9559423923492432,,,0.007550577633082867
5394,28.0,1179,1.3896284103393555,,,0.058052778244018555
5395,23.0,920,1.0815136432647705,,,0.00579447578638792
5396,25.0,1095,1.294168472290039,,,0.005785414949059486
5397,25.0,885,1.0497701168060303,,,0.005077289417386055
5398,21.0,849,1.008225917816162,,,0.010671126656234264
5399,23.0,1053,1.2287406921386719,,,0.010196644812822342
5400,18.0,655,0.7770013809204102,,,0.006855623796582222
5401,29.0,1327,1.5591633319854736,,,0.004806878045201302
5402,27.0,1320,1.5491690635681152,,,0.005387107841670513
5403,25.0,1121,1.3157858848571777,,,0.006016483064740896
5404,20.0,776,0.9253816604614258,,,0.05923021584749222
5405,26.0,1033,1.2517147064208984,,,0.0045114983804523945
5406,21.0,798,0.9848344326019287,,,0.06614253669977188
5407,32.0,1259,1.5277152061462402,,,0.007414103485643864
5408,28.0,1006,1.2378098964691162,,,0.005734898615628481
5409,22.0,838,0.9976785182952881,,,0.0033739081118255854
5410,19.0,683,0.8173882961273193,,,0.006287120748311281
5411,20.0,755,0.896564245223999,,,0.0860481858253479
5412,30.0,1244,1.4726662635803223,,,0.005838192068040371
5413,28.0,1158,1.3865790367126465,,,0.006191553547978401
5414,27.0,1125,1.3283214569091797,,,0.014173580333590508
5415,31.0,987,1.1730151176452637,,,0.008282167837023735
5416,31.0,1071,1.2618930339813232,,,0.014445564709603786
5417,30.0,1243,1.4556288719177246,,,0.006445629056543112
5418,24.0,1035,1.2275989055633545,,,0.00541518721729517
5419,31.0,1349,1.5732653141021729,,,0.004884468391537666
5420,42.0,1531,1.802950143814087,,,0.004084568936377764
5421,30.0,1087,1.279599666595459,,,0.003817489603534341
5422,23.0,794,0.9476783275604248,,,0.004048482049256563
5423,29.0,1247,1.462324857711792,,,0.004193543456494808
5424,31.0,1061,1.2624595165252686,,,0.0053978171199560165
5425,23.0,873,1.0355377197265625,,,0.006157915573567152
5426,28.0,1072,1.2934279441833496,,,0.007449259981513023
5427,30.0,1071,1.3216018676757812,,,0.0045370073057711124
5428,40.0,1167,1.364306926727295,,,0.004229399375617504
5429,21.0,827,0.9828391075134277,,,0.003987305797636509
5430,30.0,1204,1.47413969039917,,,0.004368928261101246
5431,16.0,704,0.8649795055389404,,,0.009479692205786705
5432,30.0,1109,1.2733914852142334,,,0.06706136465072632
5433,29.0,1167,1.3301901817321777,,,0.005930577404797077
5434,26.0,1290,1.5480072498321533,,,0.006890440359711647
5435,24.0,782,1.0106382369995117,,,0.0033828201703727245
5436,26.0,1018,1.2381701469421387,,,0.006972622126340866
5437,25.0,1045,1.2087862491607666,,,0.007494829129427671
5438,26.0,1100,1.274296522140503,,,0.003980862442404032
5439,26.0,1103,1.3017849922180176,,,0.011210508644580841
5440,30.0,1379,1.6096324920654297,,,0.006506599020212889
5441,29.0,1056,1.2259819507598877,,,0.07334844022989273
5442,25.0,1029,1.2038993835449219,,,0.011512799188494682
5443,29.0,1091,1.2433140277862549,,,0.004687756299972534
5444,31.0,1200,1.3684380054473877,,,0.0039645591750741005
5445,25.0,847,0.9890842437744141,,,0.005869274027645588
5446,25.0,1179,1.3764052391052246,,,0.005537800025194883
5447,20.0,723,0.8625140190124512,,,0.0069424002431333065
5448,27.0,1121,1.3010263442993164,,,0.008072830736637115
5449,15.0,763,0.9090120792388916,,,0.006388576701283455
5450,31.0,1217,1.393024206161499,,,0.0077607110142707825
5451,27.0,1001,1.1478521823883057,,,0.0033153891563415527
5452,27.0,847,0.9750792980194092,,,0.006397002376616001
5453,30.0,951,1.0975360870361328,,,0.005344483070075512
5454,25.0,851,0.9956991672515869,,,0.004593329504132271
5455,26.0,1042,1.1886837482452393,,,0.0056065283715724945
5456,36.0,1438,1.639580249786377,,,0.008383819833397865
5457,28.0,1009,1.1747794151306152,,,0.005758073180913925
5458,32.0,1180,1.378603219985962,,,0.004168091807514429
5459,15.0,726,0.863947868347168,,,0.00651892926543951
5460,31.0,1034,1.2029907703399658,,,0.007733052130788565
5461,29.0,1073,1.2590508460998535,,,0.00382006517611444
5462,22.0,796,0.9359588623046875,,,0.00817149505019188
5463,30.0,1064,1.2327263355255127,,,0.005970190279185772
5464,20.0,669,0.7664241790771484,,,0.013925177045166492
5465,33.0,1433,1.6185600757598877,,,0.008588150143623352
5466,28.0,1056,1.20664381980896,,,0.0029967462178319693
5467,30.0,1244,1.4247593879699707,,,0.004480487201362848
5468,31.0,1147,1.307999610900879,,,0.008809961378574371
5469,26.0,1181,1.363598108291626,,,0.007251318544149399
5470,30.0,1281,1.454493761062622,,,0.0049325390718877316
5471,26.0,931,1.0664350986480713,,,0.006507575511932373
5472,17.0,795,0.9234073162078857,,,0.0050597419030964375
5473,30.0,1343,1.541459321975708,,,0.0063734957948327065
5474,23.0,919,1.0900859832763672,,,0.02138437144458294
5475,24.0,945,1.104928731918335,,,0.008012824691832066
5476,13.0,451,0.5361745357513428,,,0.003999372944235802
5477,32.0,1284,1.4767415523529053,,,0.003255933988839388
5478,21.0,1066,1.2507429122924805,,,0.0036707024555653334
5479,24.0,835,0.9545388221740723,,,0.0052978056482970715
5480,18.0,615,0.7101173400878906,,,0.010627953335642815
5481,30.0,1111,1.261906623840332,,,0.0567094124853611
5482,21.0,745,0.8550496101379395,,,0.004696716088801622
5483,28.0,1191,1.3693633079528809,,,0.005634937435388565
5484,25.0,993,1.1356360912322998,,,0.0055813267827034
5485,26.0,1009,1.1505506038665771,,,0.005867886357009411
5486,27.0,991,1.137042760848999,,,0.012639019638299942
5487,14.0,741,0.8667187690734863,,,0.015340214595198631
5488,26.0,975,1.131889820098877,,,0.010680779814720154
5489,30.0,1170,1.348865270614624,,,0.06057796999812126
5490,25.0,907,1.0567121505737305,,,0.004162064753472805
5491,25.0,1037,1.2009663581848145,,,0.005241470877081156
5492,30.0,1277,1.4712905883789062,,,0.0051330807618796825
5493,32.0,1120,1.3073623180389404,,,0.004641751758754253
5494,24.0,1069,1.25520658493042,,,0.005485006608068943
5495,29.0,1055,1.2300105094909668,,,0.00620998302474618
5496,29.0,1161,1.3550376892089844,,,0.0027816095389425755
5497,29.0,1067,1.24363112449646,,,0.06152992695569992
5498,23.0,1045,1.2241895198822021,,,0.020585136488080025
5499,24.0,861,1.0118296146392822,,,0.06239849328994751
5500,28.0,1028,1.190833330154419,,,0.010211673565208912
5501,27.0,1171,1.3594205379486084,,,0.007294054608792067
5502,24.0,885,1.0400657653808594,,,0.0055724214762449265
5503,10.0,683,0.8100814819335938,,,0.006298791617155075
5504,18.0,830,0.9825563430786133,,,0.009022371843457222
5505,22.0,791,0.9343328475952148,,,0.011251607909798622
5506,14.0,857,1.0123391151428223,,,0.00448967469856143
5507,22.0,1089,1.2785344123840332,,,0.008124591782689095
5508,28.0,1031,1.2082922458648682,,,0.00527352187782526
5509,16.0,855,1.0109672546386719,,,0.06369367241859436
5510,31.0,1335,1.5432872772216797,,,0.006214678753167391
5511,28.0,1187,1.3679430484771729,,,0.012215005233883858
5512,25.0,931,1.0617384910583496,,,0.006300469394773245
5513,24.0,767,0.8736920356750488,,,0.0067595671862363815
5514,31.0,1186,1.3357601165771484,,,0.0034050678368657827
5515,30.0,1246,1.3978726863861084,,,0.004654476884752512
5516,30.0,1286,1.4504203796386719,,,0.00601821718737483
5517,25.0,1139,1.2925512790679932,,,0.005863494239747524
5518,30.0,1195,1.3550217151641846,,,0.006633010692894459
5519,25.0,972,1.134528398513794,,,0.005449073389172554
5520,24.0,1024,1.1888854503631592,,,0.009297700598835945
5521,15.0,812,0.9330224990844727,,,0.08554978668689728
5522,28.0,961,1.0904192924499512,,,0.012996219098567963
5523,30.0,1291,1.4512803554534912,,,0.006133947987109423
5524,31.0,1145,1.2950189113616943,,,0.006341271102428436
5525,26.0,1255,1.4242968559265137,,,0.00563947856426239
5526,22.0,981,1.1493358612060547,,,0.05389099940657616
5527,71.0,2695,3.0866217613220215,,,0.007623919751495123
5528,27.0,1275,1.4718821048736572,,,0.008717872202396393
5529,31.0,1404,1.6071932315826416,,,0.04700547456741333
5530,24.0,1186,1.3646657466888428,,,0.006789514794945717
5531,18.0,797,0.9190764427185059,,,0.004690840840339661
5532,28.0,1475,1.7028133869171143,,,0.006317999213933945
5533,15.0,588,0.6937358379364014,,,0.003567132633179426
5534,21.0,935,1.064082145690918,,,0.008416465483605862
5535,20.0,789,0.9047327041625977,,,0.004771037958562374
5536,29.0,1126,1.2708790302276611,,,0.004404754377901554
5537,17.0,632,0.7214550971984863,,,0.004794270731508732
5538,32.0,1525,1.7119665145874023,,,0.014749797992408276
5539,22.0,1209,1.3779172897338867,,,0.011704654432833195
5540,23.0,889,1.0169475078582764,,,0.005777174606919289
5541,28.0,1015,1.1740930080413818,,,0.06710889935493469
5542,26.0,1150,1.328153133392334,,,0.006441084202378988
5543,29.0,1167,1.3419859409332275,,,0.0062608374282717705
5544,29.0,1119,1.3021280765533447,,,0.004745780490338802
5545,24.0,977,1.1404249668121338,,,0.0055869328789412975
5546,31.0,1179,1.3641893863677979,,,0.06317601352930069
5547,23.0,802,0.9425508975982666,,,0.008664162829518318
5548,29.0,889,1.0397300720214844,,,0.009485175833106041
5549,29.0,1328,1.538130760192871,,,0.005296364426612854
5550,32.0,1048,1.1965382099151611,,,0.0048841554671525955
5551,31.0,1282,1.4774253368377686,,,0.005197012796998024
5552,25.0,912,1.0484156608581543,,,0.0066559286788105965
5553,18.0,666,0.7781565189361572,,,0.00420654471963644
5554,19.0,701,0.8297462463378906,,,0.00774861266836524
5555,27.0,1083,1.2683398723602295,,,0.0055273305624723434
5556,24.0,947,1.1100318431854248,,,0.06676498800516129
5557,17.0,1023,1.2048261165618896,,,0.005342129617929459
5558,26.0,1208,1.4023189544677734,,,0.02476009726524353
5559,31.0,1068,1.2191660404205322,,,0.09969272464513779
5560,30.0,1336,1.529628038406372,,,0.011225382797420025
5561,28.0,1175,1.348778486251831,,,0.004886343143880367
5562,29.0,1193,1.359832525253296,,,0.004544755443930626
5563,26.0,900,1.019226312637329,,,0.004735884256660938
5564,28.0,930,1.053598165512085,,,0.008266611024737358
5565,28.0,1003,1.1685092449188232,,,0.00689171627163887
5566,32.0,1262,1.4263086318969727,,,0.00664431881159544
5567,29.0,1237,1.4155490398406982,,,0.005562793463468552
5568,31.0,977,1.1288936138153076,,,0.01251576840877533
5569,27.0,1085,1.240506649017334,,,0.009273380972445011
5570,31.0,1163,1.3271656036376953,,,0.01560276374220848
5571,25.0,803,0.9169826507568359,,,0.007065747398883104
5572,27.0,1052,1.198927879333496,,,0.006808926351368427
5573,27.0,1091,1.2536208629608154,,,0.013406039215624332
5574,31.0,1505,1.7107689380645752,,,0.012422565370798111
5575,24.0,969,1.1025898456573486,,,0.006992142181843519
5576,24.0,1008,1.1389656066894531,,,0.005617108196020126
5577,17.0,806,0.9397644996643066,,,0.005387310869991779
5578,30.0,1290,1.494581937789917,,,0.006642891094088554
5579,19.0,781,0.9130954742431641,,,0.007379524409770966
5580,31.0,1154,1.3290104866027832,,,0.005298055708408356
5581,31.0,1127,1.3021020889282227,,,0.0065897442400455475
5582,28.0,1164,1.341109275817871,,,0.004931649658828974
5583,20.0,785,0.9169449806213379,,,0.00650610588490963
5584,25.0,1149,1.3272061347961426,,,0.0054588839411735535
5585,27.0,1021,1.1755871772766113,,,0.006597102619707584
5586,21.0,923,1.0690360069274902,,,0.00530196214094758
5587,28.0,1061,1.2359397411346436,,,0.004450146574527025
5588,20.0,919,1.0779297351837158,,,0.008598743006587029
5589,13.0,680,0.7969636917114258,,,0.00594437075778842
5590,31.0,1152,1.3239421844482422,,,0.004016591235995293
5591,21.0,829,0.9430227279663086,,,0.004712143447250128
5592,28.0,1025,1.1578505039215088,,,0.0037606023252010345
5593,30.0,1263,1.4194495677947998,,,0.004886399023234844
5594,28.0,991,1.1184718608856201,,,0.007159572094678879
5595,25.0,959,1.0874197483062744,,,0.0034277737140655518
5596,25.0,999,1.1301639080047607,,,0.003977044485509396
5597,29.0,1094,1.2355389595031738,,,0.006788534112274647
5598,32.0,1043,1.1803123950958252,,,0.0725344568490982
5599,27.0,942,1.0638463497161865,,,0.006136244162917137
5600,23.0,948,1.075653076171875,,,0.005376327782869339
5601,26.0,834,0.9509060382843018,,,0.0044775758869946
5602,16.0,630,0.7199840545654297,,,0.006951363757252693
5603,32.0,1043,1.1782710552215576,,,0.06659004092216492
5604,27.0,1155,1.3039665222167969,,,0.005488137248903513
5605,15.0,783,0.8955585956573486,,,0.004661122336983681
5606,24.0,925,1.0494730472564697,,,0.003516809083521366
5607,25.0,1018,1.1766371726989746,,,0.006479485891759396
5608,26.0,956,1.0962486267089844,,,0.006420142948627472
5609,24.0,987,1.1430537700653076,,,0.06599634885787964
5610,27.0,1146,1.3324453830718994,,,0.08210670948028564
5611,17.0,730,0.8539040088653564,,,0.07282373309135437
5612,31.0,1318,1.5114421844482422,,,0.0201462022960186
5613,24.0,1019,1.170440673828125,,,0.006803251802921295
5614,27.0,1002,1.1309571266174316,,,0.005131479352712631
5615,27.0,1009,1.138228178024292,,,0.010384912602603436
5616,31.0,1310,1.4794516563415527,,,0.0036129446234554052
5617,24.0,940,1.0851969718933105,,,0.006809942424297333
5618,20.0,895,1.0435545444488525,,,0.004833908751606941
5619,26.0,1178,1.356858491897583,,,0.0036768203135579824
5620,26.0,1161,1.3384528160095215,,,0.06843627244234085
5621,24.0,902,1.056649923324585,,,0.01043429784476757
5622,1.0,385,0.45568156242370605,,,0.007687258534133434
5623,29.0,1348,1.5571098327636719,,,0.004699224606156349
5624,28.0,1069,1.2303385734558105,,,0.07227905839681625
5625,30.0,1055,1.223785400390625,,,0.014823966659605503
5626,32.0,1022,1.1894099712371826,,,0.008224952034652233
5627,16.0,818,0.946143388748169,,,0.0037776008248329163
5628,30.0,1387,1.5744469165802002,,,0.003982286900281906
5629,30.0,1039,1.199171781539917,,,0.0070312172174453735
5630,29.0,1121,1.29730224609375,,,0.0050538694486021996
5631,12.0,687,0.8066275119781494,,,0.0064922841265797615
5632,27.0,1032,1.190833568572998,,,0.008249657228589058
5633,16.0,869,1.0180890560150146,,,0.00454325694590807
5634,19.0,781,0.890484094619751,,,0.0048616500571370125
5635,30.0,1185,1.3471767902374268,,,0.006682138424366713
5636,12.0,638,0.7456586360931396,,,0.008545292541384697
5637,29.0,1344,1.5196032524108887,,,0.005371015518903732
5638,27.0,1081,1.2209062576293945,,,0.003735765814781189
5639,23.0,1017,1.1533262729644775,,,0.006090252194553614
5640,32.0,1147,1.289240837097168,,,0.004323369357734919
5641,25.0,1049,1.1892759799957275,,,0.05740468576550484
5642,31.0,1147,1.3163368701934814,,,0.007519978564232588
5643,29.0,1113,1.2831814289093018,,,0.004833337385207415
5644,22.0,919,1.0644278526306152,,,0.00694480212405324
5645,28.0,1019,1.179384708404541,,,0.0027921334840357304
5646,28.0,1194,1.3816261291503906,,,0.010331076569855213
5647,27.0,1113,1.2794246673583984,,,0.005813701078295708
5648,30.0,1274,1.4704101085662842,,,0.003644897136837244
5649,24.0,843,0.9591131210327148,,,0.005431833676993847
5650,28.0,996,1.1360440254211426,,,0.005126649048179388
5651,19.0,739,0.8422181606292725,,,0.007342821918427944
5652,24.0,1053,1.1961925029754639,,,0.00418463721871376
5653,21.0,915,1.0357425212860107,,,0.06822249293327332
5654,26.0,973,1.104938268661499,,,0.0031496714800596237
5655,22.0,873,1.0081872940063477,,,0.007412987761199474
5656,31.0,1355,1.5560014247894287,,,0.0067268842831254005
5657,18.0,923,1.0808789730072021,,,0.01710001565515995
5658,21.0,974,1.137657642364502,,,0.004294294863939285
5659,30.0,1121,1.300330638885498,,,0.0041411882266402245
5660,22.0,695,0.8151950836181641,,,0.006557252258062363
5661,29.0,1110,1.2849316596984863,,,0.012078631669282913
5662,12.0,745,0.8693068027496338,,,0.007105384953320026
5663,30.0,1209,1.350569248199463,,,0.004017171449959278
5664,22.0,888,0.9974880218505859,,,0.01161433570086956
5665,26.0,985,1.1243314743041992,,,0.004192049149423838
5666,22.0,805,0.9264283180236816,,,0.0061849066987633705
5667,29.0,1232,1.417893648147583,,,0.005757472012192011
5668,28.0,1352,1.5304181575775146,,,0.005010015331208706
5669,27.0,903,1.041196584701538,,,0.017033500596880913
5670,35.0,1473,1.687856674194336,,,0.009409225545823574
5671,13.0,713,0.8370964527130127,,,0.007121529430150986
5672,24.0,875,0.9969861507415771,,,0.011557423509657383
5673,27.0,988,1.1274476051330566,,,0.004832815378904343
5674,20.0,861,1.00270676612854,,,0.004605912137776613
5675,28.0,1005,1.1594970226287842,,,0.005461441352963448
5676,30.0,1059,1.2163424491882324,,,0.01548083871603012
5677,21.0,799,0.9177665710449219,,,0.02655389904975891
5678,32.0,1024,1.1633825302124023,,,0.007067298050969839
5679,27.0,873,0.9913520812988281,,,0.012448485940694809
5680,24.0,807,0.912473201751709,,,0.01122614461928606
5681,30.0,1071,1.2105519771575928,,,0.06594928354024887
5682,30.0,1299,1.4731895923614502,,,0.008496223017573357
5683,28.0,1316,1.5133934020996094,,,0.004055803641676903
5684,26.0,989,1.1411046981811523,,,0.07392127066850662
5685,28.0,1042,1.2051465511322021,,,0.00612709391862154
5686,25.0,981,1.137608289718628,,,0.005473810248076916
5687,24.0,803,0.9108734130859375,,,0.003947099205106497
5688,16.0,751,0.8586940765380859,,,0.003744178917258978
5689,29.0,1177,1.3332180976867676,,,0.009779139421880245
5690,31.0,1395,1.6010258197784424,,,0.0049308729358017445
5691,28.0,1134,1.3117847442626953,,,0.00538468174636364
5692,25.0,1186,1.3742599487304688,,,0.006178665906190872
5693,22.0,1079,1.243225336074829,,,0.005557576194405556
5694,21.0,732,0.849998950958252,,,0.00576153676956892
5695,29.0,1173,1.3394944667816162,,,0.00751046696677804
5696,31.0,1140,1.2798733711242676,,,0.004364726133644581
5697,26.0,869,0.9890468120574951,,,0.0071111624129116535
5698,25.0,940,1.0720272064208984,,,0.004843603819608688
5699,27.0,920,1.0384135246276855,,,0.005149414762854576
5700,22.0,797,0.9289491176605225,,,0.004282733891159296
5701,29.0,1207,1.39040207862854,,,0.0027624364010989666
5702,19.0,775,0.9065630435943604,,,0.006985782645642757
5703,27.0,1327,1.5238349437713623,,,0.006594797596335411
5704,17.0,689,0.8048398494720459,,,0.005306975916028023
5705,30.0,1230,1.4208295345306396,,,0.0047313375398516655
5706,24.0,1001,1.16312837600708,,,0.0051694605499506
5707,29.0,1211,1.397939682006836,,,0.05812140181660652
5708,37.0,1503,1.7297024726867676,,,0.07021147012710571
5709,31.0,1253,1.4477896690368652,,,0.07347680628299713
5710,30.0,1021,1.1635410785675049,,,0.005392340011894703
5711,33.0,1169,1.317821741104126,,,0.005388949066400528
5712,26.0,945,1.0679361820220947,,,0.010603340342640877
5713,25.0,816,0.946505069732666,,,0.007551453076303005
5714,21.0,740,0.868837833404541,,,0.005709463730454445
5715,19.0,890,1.0413811206817627,,,0.005342906340956688
5716,24.0,821,0.9563324451446533,,,0.007037580478936434
5717,12.0,658,0.7612326145172119,,,0.06725197285413742
5718,26.0,1030,1.172762155532837,,,0.011638905853033066
5719,27.0,1003,1.145876407623291,,,0.006532600149512291
5720,29.0,993,1.1420812606811523,,,0.007770592346787453
5721,26.0,1231,1.434283971786499,,,0.005118844099342823
5722,24.0,735,0.8529238700866699,,,0.004559310153126717
5723,23.0,1011,1.173877239227295,,,0.0051751877181231976
5724,27.0,1005,1.1672334671020508,,,0.006021872162818909
5725,28.0,1004,1.1598920822143555,,,0.012145454064011574
5726,24.0,841,0.9795176982879639,,,0.01474025845527649
5727,32.0,1349,1.5497848987579346,,,0.005743738263845444
5728,10.0,551,0.6491677761077881,,,0.004402189515531063
5729,25.0,838,0.9766254425048828,,,0.0059143612161278725
5730,24.0,923,1.0743751525878906,,,0.06304947286844254
5731,29.0,1023,1.1844043731689453,,,0.004684458486735821
5732,14.0,613,0.7168583869934082,,,0.0062052346765995026
5733,23.0,837,0.9806485176086426,,,0.062291037291288376
5734,17.0,783,0.915217399597168,,,0.0042076753452420235
5735,19.0,802,0.9311292171478271,,,0.005945373326539993
5736,20.0,772,0.9011099338531494,,,0.0062942709773778915
5737,20.0,731,0.8436846733093262,,,0.006857375148683786
5738,24.0,888,1.0139575004577637,,,0.00653464999049902
5739,26.0,1033,1.1777009963989258,,,0.00441853329539299
5740,23.0,796,0.9147720336914062,,,0.006658857688307762
5741,26.0,1137,1.3124699592590332,,,0.009980923496186733
5742,30.0,1278,1.4665327072143555,,,0.005537995137274265
5743,26.0,1125,1.2985734939575195,,,0.011163889430463314
5744,23.0,918,1.0643339157104492,,,0.007589604239910841
5745,26.0,1065,1.2483627796173096,,,0.007291371934115887
5746,18.0,837,0.9620213508605957,,,0.005014113150537014
5747,34.0,1139,1.294236660003662,,,0.005001879297196865
5748,25.0,1058,1.2028934955596924,,,0.0591825507581234
5749,25.0,967,1.096567153930664,,,0.005458776839077473
5750,29.0,1040,1.192354679107666,,,0.005942287854850292
5751,28.0,1184,1.352515697479248,,,0.005085730459541082
5752,31.0,1200,1.3571209907531738,,,0.004517000634223223
5753,27.0,1132,1.2801408767700195,,,0.003667030483484268
5754,32.0,1355,1.5228118896484375,,,0.003548144130036235
5755,29.0,929,1.045687198638916,,,0.048634421080350876
5756,29.0,1149,1.2934305667877197,,,0.003861755598336458
5757,26.0,1083,1.235201358795166,,,0.004108205437660217
5758,25.0,907,1.0458853244781494,,,0.007722126320004463
5759,17.0,655,0.7644667625427246,,,0.006032688543200493
5760,19.0,985,1.1382818222045898,,,0.0043651144951581955
5761,18.0,849,0.9811761379241943,,,0.007578463293612003
5762,31.0,1053,1.2109379768371582,,,0.0034545669332146645
5763,17.0,823,0.9612066745758057,,,0.003865507198497653
5764,26.0,919,1.0649991035461426,,,0.006523997522890568
5765,17.0,793,0.9249136447906494,,,0.007534340489655733
5766,33.0,1226,1.4036033153533936,,,0.007247730158269405
5767,32.0,1235,1.4205942153930664,,,0.00658328365534544
5768,23.0,899,1.0451817512512207,,,0.00555328419432044
5769,27.0,1185,1.3619656562805176,,,0.007736128754913807
5770,27.0,1053,1.2162179946899414,,,0.007472190074622631
5771,29.0,1080,1.2547485828399658,,,0.00408434122800827
5772,26.0,973,1.1281309127807617,,,0.005025501362979412
5773,20.0,701,0.8125684261322021,,,0.009379558265209198
5774,34.0,1226,1.373835802078247,,,0.06940647214651108
5775,33.0,1213,1.3634824752807617,,,0.0035020022187381983
5776,25.0,882,0.995985746383667,,,0.06563623994588852
5777,22.0,920,1.03804349899292,,,0.003368378384038806
5778,21.0,605,0.6874189376831055,,,0.004775508772581816
5779,13.0,545,0.6251318454742432,,,0.0066544124856591225
5780,17.0,629,0.7317509651184082,,,0.037453584372997284
5781,16.0,695,0.8164737224578857,,,0.009975322522222996
5782,22.0,813,0.9492366313934326,,,0.0070406123995780945
5783,30.0,1236,1.4270329475402832,,,0.004103880375623703
5784,25.0,873,1.014003038406372,,,0.009007872082293034
5785,27.0,989,1.1428163051605225,,,0.007835263386368752
5786,23.0,910,1.0388944149017334,,,0.007062345277518034
5787,25.0,801,0.9113214015960693,,,0.005797309800982475
5788,8.0,642,0.7491049766540527,,,0.004874784033745527
5789,26.0,1159,1.339223861694336,,,0.005593865178525448
5790,18.0,929,1.0850601196289062,,,0.005252181086689234
5791,25.0,915,1.059544324874878,,,0.00809937808662653
5792,24.0,1071,1.2504165172576904,,,0.0043470123782753944
5793,31.0,920,1.0692267417907715,,,0.006078065373003483
5794,30.0,1115,1.2844889163970947,,,0.06747716665267944
5795,32.0,1380,1.5670440196990967,,,0.0036416787188500166
5796,29.0,1077,1.2010135650634766,,,0.008414543233811855
5797,27.0,1242,1.4443564414978027,,,0.004703441634774208
5798,27.0,1034,1.1880970001220703,,,0.0032223747111856937
5799,28.0,1027,1.181790828704834,,,0.004554195795208216
5800,17.0,693,0.811830997467041,,,0.006692651659250259
5801,21.0,912,1.0588977336883545,,,0.009722228161990643
5802,16.0,934,1.0898160934448242,,,0.007465381175279617
5803,29.0,1144,1.3165879249572754,,,0.003943317104130983
5804,14.0,571,0.6705870628356934,,,0.0056836288422346115
5805,22.0,788,0.9196641445159912,,,0.007691791281104088
5806,10.0,549,0.6461436748504639,,,0.009836114943027496
5807,25.0,1111,1.2792375087738037,,,0.010418321006000042
5808,23.0,982,1.1351919174194336,,,0.003568420885130763
5809,23.0,951,1.1075379848480225,,,0.005644068121910095
5810,31.0,1114,1.2892916202545166,,,0.009851408191025257
5811,29.0,1118,1.293623447418213,,,0.0032480594236403704
5812,25.0,845,0.976834774017334,,,0.054112620651721954
5813,27.0,1108,1.2600233554840088,,,0.0039255451411008835
5814,21.0,1158,1.314070463180542,,,0.00933559238910675
5815,27.0,1115,1.2789721488952637,,,0.007932902313768864
5816,15.0,1017,1.1876161098480225,,,0.01118481159210205
5817,22.0,765,0.8874294757843018,,,0.010051660239696503
5818,24.0,1116,1.2889344692230225,,,0.004729278385639191
5819,32.0,1063,1.2214577198028564,,,0.007011584937572479
5820,24.0,1032,1.1943905353546143,,,0.006461886689066887
5821,21.0,843,0.9889395236968994,,,0.00920828990638256
5822,28.0,1327,1.5377893447875977,,,0.007163270376622677
5823,21.0,877,1.0180211067199707,,,0.0034787810873240232
5824,33.0,1175,1.340714931488037,,,0.005052914842963219
5825,26.0,762,0.8598768711090088,,,0.00861167162656784
5826,14.0,653,0.758681058883667,,,0.006684628315269947
5827,32.0,1283,1.4676854610443115,,,0.007462544832378626
5828,28.0,944,1.0786514282226562,,,0.009055334143340588
5829,24.0,850,0.962794303894043,,,0.0075285546481609344
5830,22.0,778,0.8875176906585693,,,0.006514586042612791
5831,14.0,651,0.7397153377532959,,,0.01929841935634613
5832,23.0,878,1.0052523612976074,,,0.01223755069077015
5833,21.0,1119,1.2627151012420654,,,0.004284375812858343
5834,31.0,1184,1.324491024017334,,,0.005547777283936739
5835,29.0,1189,1.349193811416626,,,0.06687304377555847
5836,31.0,1137,1.2918002605438232,,,0.0070931632071733475
5837,10.0,505,0.5935895442962646,,,0.0642295703291893
5838,26.0,922,1.0671029090881348,,,0.007163388654589653
5839,31.0,1192,1.3653123378753662,,,0.010235784575343132
5840,20.0,746,0.8640744686126709,,,0.003666073549538851
5841,16.0,795,0.9129598140716553,,,0.06592266261577606
5842,18.0,1023,1.1626014709472656,,,0.005175594240427017
5843,17.0,712,0.8058040142059326,,,0.00570183340460062
5844,34.0,1252,1.425445556640625,,,0.06809399276971817
5845,22.0,913,1.0576727390289307,,,0.007950309664011002
5846,18.0,801,0.9339542388916016,,,0.008932661265134811
5847,28.0,1229,1.4130165576934814,,,0.004576288163661957
5848,32.0,1372,1.5748767852783203,,,0.011329123750329018
5849,25.0,931,1.077510118484497,,,0.006598517298698425
5850,25.0,893,1.028522253036499,,,0.004758365452289581
5851,29.0,1001,1.1562657356262207,,,0.007736613508313894
5852,28.0,1215,1.40690279006958,,,0.0043945093639194965
5853,25.0,977,1.1376874446868896,,,0.1288774013519287
5854,30.0,1149,1.3181095123291016,,,0.008885928429663181
5855,30.0,1145,1.3126189708709717,,,0.004797015804797411
5856,34.0,999,1.1513888835906982,,,0.023311767727136612
5857,29.0,1079,1.241828203201294,,,0.01334421057254076
5858,28.0,1073,1.237159013748169,,,0.0659489557147026
5859,32.0,1275,1.4632198810577393,,,0.005561444908380508
5860,29.0,1257,1.416346788406372,,,0.006407972425222397
5861,28.0,1021,1.140697717666626,,,0.004845757037401199
5862,27.0,1213,1.3606915473937988,,,0.004385937936604023
5863,32.0,1259,1.4351260662078857,,,0.0035995040088891983
5864,20.0,713,0.83193039894104,,,0.006296778563410044
5865,27.0,1111,1.2659854888916016,,,0.005107458680868149
5866,32.0,1343,1.493678092956543,,,0.005031309090554714
5867,27.0,1036,1.1619889736175537,,,0.0710671916604042
5868,23.0,873,0.9813063144683838,,,0.00859709084033966
5869,26.0,1035,1.1666078567504883,,,0.008662392385303974
5870,16.0,829,0.948340654373169,,,0.005974743980914354
5871,30.0,1276,1.4246008396148682,,,0.009285464882850647
5872,23.0,899,1.0136222839355469,,,0.006517230533063412
5873,27.0,1117,1.2647345066070557,,,0.0077605051919817924
5874,30.0,1221,1.3932666778564453,,,0.06834810227155685
5875,30.0,985,1.1257572174072266,,,0.00481831980869174
5876,31.0,1304,1.4561569690704346,,,0.011026425287127495
5877,18.0,877,0.9909906387329102,,,0.00802707765251398
5878,23.0,861,0.9757463932037354,,,0.00997681450098753
5879,17.0,797,0.9017164707183838,,,0.009171044453978539
5880,33.0,1139,1.3053536415100098,,,0.005027566570788622
5881,18.0,793,0.9250006675720215,,,0.006014227867126465
5882,32.0,1083,1.2510907649993896,,,0.006564442999660969
5883,23.0,783,0.9166548252105713,,,0.009765660390257835
5884,31.0,1355,1.560079574584961,,,0.006111843511462212
5885,29.0,1057,1.225895643234253,,,0.09531725198030472
5886,27.0,1146,1.3188278675079346,,,0.005927721969783306
5887,27.0,944,1.0930421352386475,,,0.04809873178601265
5888,29.0,1515,1.7470109462738037,,,0.00771206384524703
5889,16.0,669,0.7659778594970703,,,0.00389708299189806
5890,28.0,1444,1.6230909824371338,,,0.0047804489731788635
5891,30.0,1277,1.4281110763549805,,,0.00937697198241949
5892,33.0,1304,1.4910218715667725,,,0.004723817575722933
5893,24.0,1159,1.3356754779815674,,,0.06579746305942535
5894,28.0,1113,1.2862365245819092,,,0.005830284208059311
5895,34.0,1742,1.9950981140136719,,,0.11544101685285568
5896,29.0,1231,1.4278101921081543,,,0.006612766534090042
5897,21.0,771,0.9004781246185303,,,0.009202866815030575
5898,24.0,1019,1.1730775833129883,,,0.00789425615221262
5899,28.0,1033,1.1634249687194824,,,0.004557801876217127
5900,29.0,1134,1.2711873054504395,,,0.08130744099617004
5901,27.0,1063,1.2279751300811768,,,0.0033289287239313126
5902,27.0,860,0.9917235374450684,,,0.009135300293564796
5903,34.0,1337,1.5382826328277588,,,0.006277177948504686
5904,26.0,936,1.0655362606048584,,,0.005191420670598745
5905,22.0,1061,1.2011630535125732,,,0.00428344588726759
5906,26.0,917,1.0326454639434814,,,0.005474619101732969
5907,30.0,1444,1.6542489528656006,,,0.004614026285707951
5908,19.0,915,1.063723087310791,,,0.004183594137430191
5909,25.0,1100,1.2615976333618164,,,0.0676160603761673
5910,32.0,1323,1.5054786205291748,,,0.005798916332423687
5911,8.0,548,0.6283478736877441,,,0.004716094583272934
5912,31.0,1502,1.6745223999023438,,,0.005508573725819588
5913,20.0,836,0.9456603527069092,,,0.012717784382402897
5914,28.0,1215,1.375755786895752,,,0.005151810124516487
5915,25.0,1018,1.177830696105957,,,0.003982724156230688
5916,19.0,626,0.7271735668182373,,,0.006137600168585777
5917,23.0,829,0.9654080867767334,,,0.016800787299871445
5918,23.0,813,0.945730447769165,,,0.004687618464231491
5919,30.0,1092,1.2598049640655518,,,0.010694218799471855
5920,16.0,699,0.8072099685668945,,,0.010175464674830437
5921,27.0,1041,1.1711945533752441,,,0.003236345946788788
5922,28.0,1069,1.204383134841919,,,0.010336155071854591
5923,11.0,625,0.715552806854248,,,0.006987115368247032
5924,48.0,1719,1.9438955783843994,,,0.004726823419332504
5925,29.0,1129,1.2953896522521973,,,0.005713917315006256
5926,25.0,921,1.068641185760498,,,0.008397023193538189
5927,28.0,1192,1.3653903007507324,,,0.006290659308433533
5928,29.0,1018,1.1713876724243164,,,0.00711953965947032
5929,23.0,1123,1.3039567470550537,,,0.005715507082641125
5930,32.0,1474,1.6862616539001465,,,0.00964381918311119
5931,28.0,1347,1.5359978675842285,,,0.003523370251059532
5932,30.0,1277,1.4275493621826172,,,0.0036908434703946114
5933,29.0,1105,1.2741098403930664,,,0.005165349692106247
5934,25.0,913,1.0643410682678223,,,0.004175710491836071
5935,44.0,1748,2.024153232574463,,,0.0020361943170428276
5936,16.0,796,0.9236793518066406,,,0.010898008942604065
5937,27.0,1011,1.1743957996368408,,,0.007692382670938969
5938,15.0,701,0.8202235698699951,,,0.007055259309709072
5939,19.0,911,1.0554497241973877,,,0.003695550374686718
5940,10.0,513,0.5993702411651611,,,0.005554698407649994
5941,27.0,1212,1.4068431854248047,,,0.005171362776309252
5942,15.0,588,0.6891641616821289,,,0.007341536693274975
5943,30.0,1108,1.280817985534668,,,0.004485522396862507
5944,20.0,785,0.9148674011230469,,,0.007269585505127907
5945,17.0,616,0.7252299785614014,,,0.004114123061299324
5946,30.0,1265,1.4543187618255615,,,0.0032371575944125652
5947,31.0,1246,1.4262707233428955,,,0.00652305269613862
5948,23.0,741,0.8526661396026611,,,0.007945483550429344
5949,25.0,1090,1.2546215057373047,,,0.005367042031139135
5950,25.0,940,1.081672191619873,,,0.003954065032303333
5951,26.0,1020,1.1756393909454346,,,0.004106391686946154
5952,15.0,557,0.6520154476165771,,,0.008729934692382812
5953,26.0,1045,1.1970152854919434,,,0.005418578162789345
5954,23.0,1091,1.2314183712005615,,,0.007301880978047848
5955,21.0,881,1.000199317932129,,,0.0027262778021395206
5956,30.0,1195,1.3478271961212158,,,0.007357730530202389
5957,28.0,1080,1.2448756694793701,,,0.004094070754945278
5958,21.0,835,0.9516079425811768,,,0.013569639064371586
5959,10.0,485,0.558659553527832,,,0.004430343396961689
5960,23.0,912,1.039494276046753,,,0.006804903037846088
5961,21.0,834,0.9493410587310791,,,0.007127046585083008
5962,20.0,712,0.8124983310699463,,,0.009311730042099953
5963,30.0,1293,1.4792585372924805,,,0.004325287416577339
5964,32.0,1187,1.3661997318267822,,,0.004339003935456276
5965,19.0,857,1.0080935955047607,,,0.07468415796756744
5966,32.0,1196,1.3746590614318848,,,0.007107939571142197
5967,31.0,1102,1.2676482200622559,,,0.005606246180832386
5968,26.0,1179,1.3524951934814453,,,0.06219013035297394
5969,17.0,789,0.9180183410644531,,,0.0061103589832782745
5970,28.0,929,1.0555274486541748,,,0.0061198510229587555
5971,22.0,1272,1.4446020126342773,,,0.005342181771993637
5972,28.0,1153,1.3106520175933838,,,0.004188393242657185
5973,26.0,1220,1.4027607440948486,,,0.006192704662680626
5974,27.0,1334,1.510566234588623,,,0.011069458909332752
5975,28.0,1224,1.382786750793457,,,0.008274320513010025
5976,32.0,1038,1.191941738128662,,,0.0058788517490029335
5977,22.0,990,1.134626865386963,,,0.054172880947589874
5978,32.0,1467,1.6732141971588135,,,0.004980565048754215
5979,22.0,763,0.8905129432678223,,,0.004378567449748516
5980,25.0,1242,1.4419581890106201,,,0.004874321632087231
5981,28.0,1019,1.1778855323791504,,,0.007716340012848377
5982,22.0,712,0.8312385082244873,,,0.004442847799509764
5983,31.0,1269,1.439338207244873,,,0.006768206134438515
5984,16.0,724,0.8225350379943848,,,0.007176231127232313
5985,22.0,865,0.9721407890319824,,,0.00645148940384388
5986,19.0,875,0.9940392971038818,,,0.0049795107915997505
5987,27.0,1031,1.1608374118804932,,,0.007074928842484951
5988,20.0,782,0.8919656276702881,,,0.011654505506157875
5989,31.0,1243,1.4232861995697021,,,0.006675445009022951
5990,29.0,1227,1.4149072170257568,,,0.004594777710735798
5991,30.0,1141,1.3141934871673584,,,0.004624411463737488
5992,28.0,899,1.0447371006011963,,,0.006396568845957518
5993,26.0,875,1.0141770839691162,,,0.008127355948090553
5994,34.0,1119,1.2896153926849365,,,0.005125052761286497
5995,30.0,1063,1.2238049507141113,,,0.004559522029012442
5996,28.0,1148,1.3244953155517578,,,0.004959532991051674
5997,27.0,907,1.0448005199432373,,,0.0033319881185889244
5998,31.0,1186,1.3612806797027588,,,0.0035837958566844463
5999,30.0,1123,1.291623830795288,,,0.009319425560534
6000,31.0,1122,1.2909371852874756,,,0.004467027261853218
6001,28.0,1189,1.3615219593048096,,,0.061237882822752
6002,26.0,905,1.0479140281677246,,,0.005152712110430002
6003,26.0,1034,1.190073013305664,,,0.004125187639147043
6004,32.0,1304,1.5006439685821533,,,0.005725093185901642
6005,23.0,917,1.0609257221221924,,,0.06176255643367767
6006,27.0,988,1.127563238143921,,,0.06323809921741486
6007,22.0,967,1.1211562156677246,,,0.0059710596688091755
6008,20.0,881,1.022097110748291,,,0.004268316086381674
6009,26.0,929,1.0818474292755127,,,0.004686011001467705
6010,26.0,1005,1.138174295425415,,,0.004217378795146942
6011,28.0,1145,1.2925007343292236,,,0.008549016900360584
6012,24.0,807,0.918907642364502,,,0.010727856308221817
6013,22.0,877,1.017162799835205,,,0.007874853909015656
6014,23.0,912,1.0572640895843506,,,0.00632887426763773
6015,25.0,989,1.1431028842926025,,,0.008979926817119122
6016,26.0,1093,1.2659530639648438,,,0.0040832883678376675
6017,31.0,1262,1.455955982208252,,,0.006289188750088215
6018,20.0,699,0.8078300952911377,,,0.005460269283503294
6019,21.0,768,0.8860151767730713,,,0.008786089718341827
6020,23.0,1037,1.1657726764678955,,,0.006801789626479149
6021,30.0,1141,1.3141510486602783,,,0.004146373365074396
6022,17.0,598,0.693042516708374,,,0.00552878575399518
6023,35.0,1065,1.228811264038086,,,0.0049712215550243855
6024,26.0,897,1.0383636951446533,,,0.006441602483391762
6025,26.0,909,1.0498597621917725,,,0.0058413115330040455
6026,33.0,1285,1.475233554840088,,,0.004352242685854435
6027,19.0,784,0.9160985946655273,,,0.003779358696192503
6028,27.0,1293,1.4732513427734375,,,0.07417657226324081
6029,16.0,757,0.8587653636932373,,,0.006897743325680494
6030,26.0,997,1.1423335075378418,,,0.006970395799726248
6031,30.0,912,1.0380187034606934,,,0.0070364647544920444
6032,20.0,719,0.8372890949249268,,,0.008585654199123383
6033,16.0,817,0.9431858062744141,,,0.006219301372766495
6034,37.0,1405,1.574866533279419,,,0.005497821141034365
6035,24.0,951,1.0970134735107422,,,0.00484493188560009
6036,29.0,1001,1.1513922214508057,,,0.008105856366455555
6037,22.0,1156,1.3356378078460693,,,0.06760722398757935
6038,32.0,1185,1.362558364868164,,,0.06054116412997246
6039,27.0,1037,1.1789405345916748,,,0.007170642260462046
6040,17.0,652,0.7371728420257568,,,0.004694080911576748
6041,28.0,1115,1.246812105178833,,,0.007507462985813618
6042,24.0,839,0.9472312927246094,,,0.0611700601875782
6043,20.0,792,0.8903460502624512,,,0.00547760259360075
6044,21.0,779,0.8816313743591309,,,0.08413046598434448
6045,36.0,1521,1.7083964347839355,,,0.00814791303128004
6046,28.0,1290,1.4788482189178467,,,0.00451546860858798
6047,22.0,910,1.0546908378601074,,,0.006051209755241871
6048,32.0,1294,1.4809486865997314,,,0.003869246691465378
6049,27.0,1110,1.2461326122283936,,,0.006185280159115791
6050,29.0,1135,1.2639377117156982,,,0.007883310317993164
6051,43.0,1433,1.6095385551452637,,,0.006208602339029312
6052,45.0,1623,1.825103521347046,,,0.010740701109170914
6053,25.0,865,0.9974336624145508,,,0.012879093177616596
6054,28.0,909,1.0493102073669434,,,0.005229633301496506
6055,31.0,1027,1.1937432289123535,,,0.07785335928201675
6056,22.0,762,0.8867287635803223,,,0.007324505597352982
6057,13.0,749,0.8785240650177002,,,0.008628987707197666
6058,19.0,811,0.9539620876312256,,,0.0062620509415864944
6059,20.0,1111,1.3010051250457764,,,0.002900789026170969
6060,10.0,627,0.7395949363708496,,,0.0070413402281701565
6061,24.0,1049,1.2234344482421875,,,0.005024295300245285
6062,20.0,611,0.7075331211090088,,,0.16298344731330872
6063,21.0,837,0.9762396812438965,,,0.0033936933614313602
6064,28.0,1072,1.2354533672332764,,,0.00775691494345665
6065,32.0,1215,1.3946080207824707,,,0.012929938733577728
6066,28.0,1095,1.259594202041626,,,0.004116407595574856
6067,27.0,1134,1.3030126094818115,,,0.006990029942244291
6068,31.0,1064,1.225210189819336,,,0.00485212542116642
6069,16.0,823,0.9612281322479248,,,0.006658252794295549
6070,33.0,1336,1.5341861248016357,,,0.0190214104950428
6071,30.0,978,1.1252920627593994,,,0.04100096970796585
6072,16.0,551,0.6443963050842285,,,0.003985147923231125
6073,32.0,1214,1.3927607536315918,,,0.007484788075089455
6074,30.0,1225,1.4136912822723389,,,0.005462936591356993
6075,18.0,633,0.7435414791107178,,,0.005338472314178944
6076,23.0,846,0.9781851768493652,,,0.05758491903543472
6077,27.0,1095,1.267296552658081,,,0.005696344189345837
6078,28.0,1074,1.2405555248260498,,,0.007169191725552082
6079,30.0,863,0.9781856536865234,,,0.019223112612962723
6080,25.0,770,0.883497953414917,,,0.010416381061077118
6081,28.0,1157,1.3117578029632568,,,0.056856680661439896
6082,31.0,1127,1.2653582096099854,,,0.009005534462630749
6083,25.0,977,1.1203694343566895,,,0.06354573369026184
6084,34.0,1117,1.2816307544708252,,,0.011842744424939156
6085,30.0,987,1.135896921157837,,,0.003530393820255995
6086,25.0,906,1.0234096050262451,,,0.007596787065267563
6087,19.0,904,1.0279552936553955,,,0.005045194178819656
6088,25.0,1232,1.3944473266601562,,,0.005552659276872873
6089,22.0,729,0.8393557071685791,,,0.010404163040220737
6090,20.0,1026,1.1862783432006836,,,0.002923538675531745
6091,31.0,1151,1.3185980319976807,,,0.005634519271552563
6092,25.0,885,1.0266644954681396,,,0.003585471073165536
6093,31.0,1157,1.3307404518127441,,,0.0030156264547258615
6094,28.0,1249,1.4436771869659424,,,0.060764823108911514
6095,27.0,1316,1.5291118621826172,,,0.007055009715259075
6096,24.0,833,0.9512462615966797,,,0.006868437863886356
6097,23.0,873,0.9926209449768066,,,0.01170296035706997
6098,28.0,1211,1.3643805980682373,,,0.09198018163442612
6099,16.0,782,0.8931877613067627,,,0.0065880948677659035
6100,27.0,1031,1.1711351871490479,,,0.003495273645967245
6101,30.0,1129,1.2717268466949463,,,0.005632452666759491
6102,45.0,1955,2.2146198749542236,,,0.010731448419392109
6103,29.0,1000,1.129103422164917,,,0.006880668457597494
6104,27.0,1031,1.1654088497161865,,,0.006731996312737465
6105,22.0,1085,1.247797966003418,,,0.003486914560198784
6106,26.0,896,1.0368800163269043,,,0.005715800449252129
6107,31.0,1110,1.2760798931121826,,,0.005131985992193222
6108,28.0,1102,1.2713229656219482,,,0.01035945862531662
6109,22.0,869,1.0175020694732666,,,0.010476312600076199
6110,30.0,1267,1.460900068283081,,,0.005617658607661724
6111,28.0,967,1.1107566356658936,,,0.005989659111946821
6112,31.0,1264,1.4617211818695068,,,0.012303645722568035
6113,21.0,806,0.9396028518676758,,,0.004690683446824551
6114,29.0,1180,1.3305833339691162,,,0.007768113166093826
6115,29.0,1297,1.4635133743286133,,,0.004132556729018688
6116,26.0,1025,1.184598445892334,,,0.004562674090266228
6117,29.0,944,1.0951652526855469,,,0.06478363275527954
6118,28.0,1155,1.3277101516723633,,,0.0052236090414226055
6119,31.0,1155,1.323592185974121,,,0.06681624054908752
6120,36.0,1320,1.5210814476013184,,,0.004068948328495026
6121,27.0,946,1.0821442604064941,,,0.06465468555688858
6122,22.0,728,0.8225665092468262,,,0.060718800872564316
6123,30.0,995,1.1353113651275635,,,0.00646903645247221
6124,27.0,995,1.1289422512054443,,,0.015050828456878662
6125,20.0,596,0.6936244964599609,,,0.007254666183143854
6126,25.0,892,1.0235579013824463,,,0.008391963317990303
6127,19.0,772,0.8926916122436523,,,0.006756957154721022
6128,26.0,1149,1.334272861480713,,,0.003050072817131877
6129,16.0,932,1.0922362804412842,,,0.004019157495349646
6130,22.0,857,0.9989902973175049,,,0.00717276381328702
6131,31.0,1603,1.8382987976074219,,,0.005972959101200104
6132,11.0,480,0.5550129413604736,,,0.010866805911064148
6133,17.0,1064,1.2253663539886475,,,0.00598779134452343
6134,29.0,1427,1.638566017150879,,,0.009845267981290817
6135,27.0,1120,1.2983362674713135,,,0.005510913208127022
6136,28.0,1041,1.204479694366455,,,0.0038152430206537247
6137,32.0,1409,1.5989689826965332,,,0.006272409576922655
6138,24.0,987,1.112884521484375,,,0.00704233767464757
6139,21.0,867,0.9930930137634277,,,0.04179982468485832
6140,28.0,1312,1.4631390571594238,,,0.003907216712832451
6141,25.0,831,0.9396340847015381,,,0.005848828703165054
6142,20.0,738,0.8345301151275635,,,0.004263478331267834
6143,24.0,933,1.048523187637329,,,0.0052208732813596725
6144,21.0,907,1.0261859893798828,,,0.00990897323936224
6145,29.0,1136,1.2701923847198486,,,0.007147310767322779
6146,29.0,1095,1.2215118408203125,,,0.005943264812231064
6147,23.0,1030,1.1638679504394531,,,0.006821862421929836
6148,30.0,1017,1.1394739151000977,,,0.006352151744067669
6149,30.0,1069,1.1971855163574219,,,0.06522765010595322
6150,25.0,1093,1.2289996147155762,,,0.077763631939888
6151,40.0,1773,1.98191499710083,,,0.005590180400758982
6152,30.0,1285,1.430009126663208,,,0.006325794383883476
6153,32.0,1244,1.404437780380249,,,0.010456997901201248
6154,21.0,754,0.8826780319213867,,,0.011340595781803131
6155,21.0,923,1.0732734203338623,,,0.004840859677642584
6156,25.0,1187,1.3716247081756592,,,0.0049191671423614025
6157,27.0,1186,1.3813238143920898,,,0.064928337931633
6158,22.0,832,0.9668488502502441,,,0.004896886181086302
6159,29.0,740,0.8622667789459229,,,0.04077773541212082
6160,24.0,991,1.1493420600891113,,,0.004966184496879578
6161,21.0,798,0.9301118850708008,,,0.009635329246520996
6162,25.0,1128,1.3041658401489258,,,0.0069613978266716
6163,30.0,1190,1.3314952850341797,,,0.006729084067046642
6164,30.0,1130,1.2914836406707764,,,0.00601694593206048
6165,24.0,916,1.061478853225708,,,0.00520558375865221
6166,26.0,1066,1.22926664352417,,,0.004496733658015728
6167,28.0,1099,1.2599635124206543,,,0.006508692633360624
6168,21.0,863,1.0036087036132812,,,0.005393101368099451
6169,29.0,1239,1.443479299545288,,,0.006029556505382061
6170,24.0,889,1.0332152843475342,,,0.0041901227086782455
6171,31.0,1247,1.4267828464508057,,,0.06459902226924896
6172,26.0,911,1.0438692569732666,,,0.005757682956755161
6173,32.0,1285,1.4770565032958984,,,0.004975138232111931
6174,25.0,940,1.0862369537353516,,,0.004620940890163183
6175,31.0,1212,1.3862147331237793,,,0.06860654056072235
6176,26.0,895,1.0178964138031006,,,0.013359169475734234
6177,13.0,635,0.7227036952972412,,,0.005791754461824894
6178,11.0,494,0.5774915218353271,,,0.003727991133928299
6179,29.0,989,1.1360502243041992,,,0.008276405744254589
6180,24.0,892,1.038463830947876,,,0.01076679490506649
6181,28.0,1052,1.204256534576416,,,0.012597259134054184
6182,11.0,481,0.5517663955688477,,,0.01095341332256794
6183,24.0,1264,1.4269869327545166,,,0.014185265637934208
6184,26.0,1129,1.2725026607513428,,,0.007999589666724205
6185,28.0,1179,1.327911615371704,,,0.005555741023272276
6186,28.0,1041,1.1742744445800781,,,0.009204857051372528
6187,32.0,1080,1.2110326290130615,,,0.0068737114779651165
6188,30.0,1069,1.2018406391143799,,,0.008050150237977505
6189,29.0,1204,1.3532791137695312,,,0.06999320536851883
6190,30.0,1271,1.4315612316131592,,,0.004458292853087187
6191,26.0,933,1.0596885681152344,,,0.0577215813100338
6192,29.0,1268,1.4553205966949463,,,0.004558855202049017
6193,30.0,1464,1.6763622760772705,,,0.01970480941236019
6194,23.0,1048,1.1966476440429688,,,0.0048462748527526855
6195,30.0,1247,1.4031572341918945,,,0.06755553185939789
6196,18.0,873,0.9955308437347412,,,0.004522720351815224
6197,31.0,1162,1.3399219512939453,,,0.009816529229283333
6198,34.0,1303,1.4669146537780762,,,0.006839980371296406
6199,26.0,1111,1.275688886642456,,,0.009037835523486137
6200,29.0,1168,1.3409199714660645,,,0.011837583035230637
6201,20.0,849,0.9929294586181641,,,0.01818639226257801
6202,21.0,952,1.1033432483673096,,,0.0045904479920864105
6203,27.0,1132,1.3088915348052979,,,0.045814067125320435
6204,31.0,1413,1.614966869354248,,,0.006633336655795574
6205,25.0,1167,1.3470180034637451,,,0.004482465796172619
6206,22.0,823,0.958465576171875,,,0.007135640364140272
6207,28.0,1156,1.3372869491577148,,,0.00850293692201376
6208,29.0,1165,1.3258767127990723,,,0.005170324817299843
6209,14.0,631,0.7237632274627686,,,0.006270620506256819
6210,34.0,1091,1.2230145931243896,,,0.007309790700674057
6211,31.0,1300,1.4701859951019287,,,0.005785245448350906
6212,21.0,1045,1.2018764019012451,,,0.0022495719604194164
6213,28.0,1070,1.229065179824829,,,0.010715434327721596
6214,12.0,803,0.919266939163208,,,0.005472575314342976
6215,16.0,795,0.9138550758361816,,,0.00801563449203968
6216,32.0,1039,1.1742839813232422,,,0.0077681029215455055
6217,25.0,1140,1.308107852935791,,,0.005242783576250076
6218,27.0,1393,1.5826237201690674,,,0.008319171145558357
6219,20.0,741,0.839902400970459,,,0.006482125725597143
6220,26.0,997,1.1441535949707031,,,0.00974593311548233
6221,31.0,871,1.0107653141021729,,,0.00457971915602684
6222,28.0,988,1.1447410583496094,,,0.006329739931970835
6223,24.0,1030,1.1961939334869385,,,0.013960239477455616
6224,29.0,1199,1.3664045333862305,,,0.00629602512344718
6225,29.0,1053,1.2027103900909424,,,0.006334230303764343
6226,31.0,1077,1.2171540260314941,,,0.06224680691957474
6227,23.0,887,1.023535966873169,,,0.004603448323905468
6228,31.0,1011,1.1698110103607178,,,0.004210349638015032
6229,25.0,1134,1.2973387241363525,,,0.004069438204169273
6230,25.0,1141,1.3107836246490479,,,0.013895570300519466
6231,28.0,1139,1.3124613761901855,,,0.004950014408677816
6232,24.0,868,0.9877276420593262,,,0.01096399873495102
6233,30.0,1063,1.2303953170776367,,,0.006094022653996944
6234,30.0,1213,1.394759178161621,,,0.006809861399233341
6235,22.0,944,1.0709447860717773,,,0.006466083228588104
6236,14.0,645,0.735205888748169,,,0.006096748635172844
6237,16.0,853,0.9816634654998779,,,0.00453387014567852
6238,29.0,849,0.9762260913848877,,,0.0686425268650055
6239,22.0,793,0.9089162349700928,,,0.004792442545294762
6240,31.0,1349,1.5385777950286865,,,0.005299927666783333
6241,32.0,936,1.0850446224212646,,,0.004885969217866659
6242,27.0,1230,1.4095780849456787,,,0.0056446571834385395
6243,28.0,1369,1.5696842670440674,,,0.0030728993006050587
6244,27.0,1108,1.2854740619659424,,,0.007062077522277832
6245,31.0,1217,1.4034836292266846,,,0.0068365223705768585
6246,21.0,783,0.9107334613800049,,,0.004259951412677765
6247,38.0,1538,1.7735373973846436,,,0.007810552604496479
6248,25.0,1101,1.271406650543213,,,0.01005010399967432
6249,40.0,1666,1.918766736984253,,,0.0044235289096832275
6250,23.0,790,0.9167470932006836,,,0.004419561009854078
6251,15.0,727,0.8463003635406494,,,0.005289112217724323
6252,30.0,1423,1.6371982097625732,,,0.004746138583868742
6253,30.0,1267,1.4321072101593018,,,0.006276387255638838
6254,29.0,1045,1.1768829822540283,,,0.005809718277305365
6255,32.0,1426,1.6003234386444092,,,0.010529691353440285
6256,32.0,1351,1.5195345878601074,,,0.00701251532882452
6257,31.0,1275,1.4464054107666016,,,0.00856032781302929
6258,29.0,1013,1.1551079750061035,,,0.006574067287147045
6259,31.0,1159,1.3265728950500488,,,0.005677325651049614
6260,27.0,1001,1.1599156856536865,,,0.007341293152421713
6261,19.0,964,1.1337792873382568,,,0.011403607204556465
6262,25.0,1067,1.2331256866455078,,,0.004417519085109234
6263,26.0,1014,1.1758551597595215,,,0.004720645025372505
6264,18.0,601,0.7033603191375732,,,0.006226378493010998
6265,24.0,1023,1.1847403049468994,,,0.005679529160261154
6266,20.0,913,1.066112756729126,,,0.006257243454456329
6267,33.0,1235,1.410306692123413,,,0.07211089134216309
6268,25.0,951,1.1007955074310303,,,0.005983965005725622
6269,28.0,1034,1.1986806392669678,,,0.010029737837612629
6270,30.0,1003,1.161768913269043,,,0.006437917239964008
6271,25.0,955,1.108375072479248,,,0.004461125936359167
6272,29.0,1094,1.26735520362854,,,0.005862412042915821
6273,50.0,1825,2.1209959983825684,,,0.004657769575715065
6274,28.0,1049,1.2110965251922607,,,0.01151352934539318
6275,32.0,1222,1.3974802494049072,,,0.006419987417757511
6276,31.0,1250,1.4017648696899414,,,0.0072973608039319515
6277,28.0,1203,1.3790428638458252,,,0.06972166150808334
6278,23.0,900,1.0224378108978271,,,0.009133179672062397
6279,25.0,1147,1.3006930351257324,,,0.006314124912023544
6280,28.0,1093,1.2600386142730713,,,0.006204908713698387
6281,28.0,1172,1.3480503559112549,,,0.004488857463002205
6282,29.0,1381,1.585935354232788,,,0.011773685924708843
6283,24.0,1146,1.3313627243041992,,,0.005542220547795296
6284,20.0,883,1.0397727489471436,,,0.004139899276196957
6285,22.0,851,0.9867146015167236,,,0.006048385985195637
6286,23.0,932,1.0497205257415771,,,0.0073032071813941
6287,20.0,742,0.8393728733062744,,,0.006152722053229809
6288,30.0,1204,1.3378989696502686,,,0.004598680417984724
6289,32.0,1033,1.1696906089782715,,,0.005375599954277277
6290,23.0,739,0.8295459747314453,,,0.0027964049950242043
6291,16.0,959,1.1059043407440186,,,0.0045494623482227325
6292,35.0,1135,1.2952585220336914,,,0.01397230289876461
6293,57.0,1953,2.241703987121582,,,0.0024982490576803684
6294,30.0,1204,1.3742711544036865,,,0.008389885537326336
6295,19.0,697,0.7957744598388672,,,0.007064246106892824
6296,19.0,746,0.8481695652008057,,,0.008891206234693527
6297,32.0,1264,1.420854091644287,,,0.0033775479532778263
6298,23.0,1006,1.1542649269104004,,,0.003674363950267434
6299,24.0,934,1.069103479385376,,,0.05027952790260315
6300,22.0,983,1.1219685077667236,,,0.005278026685118675
6301,11.0,493,0.5647759437561035,,,0.004695419687777758
6302,23.0,919,1.0479836463928223,,,0.007435723207890987
6303,25.0,959,1.0868713855743408,,,0.005607535131275654
6304,27.0,1119,1.2824170589447021,,,0.053021498024463654
6305,33.0,1122,1.2939848899841309,,,0.005751023069024086
6306,34.0,1676,1.9257957935333252,,,0.004177202470600605
6307,25.0,1147,1.3105432987213135,,,0.07191473990678787
6308,23.0,1045,1.2128396034240723,,,0.008243881165981293
6309,31.0,1059,1.2194132804870605,,,0.059154167771339417
6310,10.0,684,0.7960476875305176,,,0.006959706079214811
6311,30.0,1334,1.5233731269836426,,,0.006111085414886475
6312,30.0,1156,1.300408124923706,,,0.010479986667633057
6313,27.0,1106,1.2545592784881592,,,0.006014712154865265
6314,24.0,773,0.8831982612609863,,,0.01053037028759718
6315,25.0,915,1.0396356582641602,,,0.004074313212186098
6316,20.0,688,0.786668062210083,,,0.01763816736638546
6317,27.0,1230,1.3936495780944824,,,0.008462456986308098
6318,13.0,639,0.730144739151001,,,0.007441876456141472
6319,21.0,954,1.0812208652496338,,,0.008259044960141182
6320,30.0,1358,1.5267102718353271,,,0.004508322570472956
6321,28.0,970,1.0960793495178223,,,0.004879798274487257
6322,24.0,993,1.1250500679016113,,,0.011126624420285225
6323,26.0,882,0.9944028854370117,,,0.005274249240756035
6324,29.0,1223,1.3760113716125488,,,0.06008170545101166
6325,18.0,691,0.7861955165863037,,,0.11379199475049973
6326,16.0,737,0.8376011848449707,,,0.05853436514735222
6327,23.0,1055,1.2107899188995361,,,0.004967038985341787
6328,31.0,1301,1.4991505146026611,,,0.007223458029329777
6329,23.0,941,1.1024322509765625,,,0.07278552651405334
6330,25.0,1134,1.322521686553955,,,0.004783317446708679
6331,19.0,856,1.0021541118621826,,,0.00855187512934208
6332,26.0,1081,1.2522375583648682,,,0.005010148975998163
6333,26.0,1131,1.308455228805542,,,0.0065908655524253845
6334,21.0,971,1.1242492198944092,,,0.0076231518760323524
6335,26.0,1093,1.2602648735046387,,,0.005228591151535511
6336,19.0,840,0.9819855690002441,,,0.007247188128530979
6337,30.0,1352,1.5410101413726807,,,0.004679861944168806
6338,24.0,851,0.9815177917480469,,,0.005607714876532555
6339,21.0,940,1.084017276763916,,,0.0055006640031933784
6340,27.0,1249,1.436311960220337,,,0.005650731269270182
6341,29.0,1190,1.3510043621063232,,,0.004023694898933172
6342,30.0,1055,1.1877915859222412,,,0.0062049441039562225
6343,49.0,1979,2.2322897911071777,,,0.007003008387982845
6344,27.0,1127,1.2715141773223877,,,0.03821253031492233
6345,25.0,1104,1.2501981258392334,,,0.0087518859654665
6346,27.0,1141,1.289900302886963,,,0.006411675829440355
6347,27.0,1095,1.2365102767944336,,,0.007157068233937025
6348,23.0,859,0.972912073135376,,,0.006591606419533491
6349,27.0,1417,1.5947580337524414,,,0.007002586964517832
6350,23.0,942,1.0645864009857178,,,0.004781639669090509
6351,26.0,1215,1.3679540157318115,,,0.0051837703213095665
6352,29.0,1125,1.2628109455108643,,,0.005235441494733095
6353,21.0,945,1.0733187198638916,,,0.0077872988767921925
6354,24.0,1123,1.2630529403686523,,,0.00611917907372117
6355,21.0,722,0.8248178958892822,,,0.006827703211456537
6356,26.0,871,0.9871330261230469,,,0.006748402491211891
6357,27.0,1035,1.1667397022247314,,,0.006318488158285618
6358,20.0,765,0.8701176643371582,,,0.004386057145893574
6359,31.0,894,1.0058748722076416,,,0.006012255791574717
6360,26.0,969,1.089585781097412,,,0.005255687516182661
6361,22.0,1067,1.2437381744384766,,,0.004865522496402264
6362,25.0,891,1.033994436264038,,,0.005198230966925621
6363,15.0,668,0.7847566604614258,,,0.1436275839805603
6364,21.0,869,0.9996447563171387,,,0.06887306272983551
6365,29.0,1031,1.169102430343628,,,0.011312134563922882
6366,32.0,1305,1.4550538063049316,,,0.004578569903969765
6367,20.0,725,0.8172779083251953,,,0.04060988500714302
6368,25.0,891,1.0054817199707031,,,0.006599736399948597
6369,28.0,1183,1.3412368297576904,,,0.009770125150680542
6370,25.0,959,1.1000051498413086,,,0.007896753028035164
6371,32.0,1211,1.3888447284698486,,,0.0033449362963438034
6372,32.0,1063,1.2083544731140137,,,0.004025914706289768
6373,23.0,871,1.0079748630523682,,,0.005917716305702925
6374,17.0,908,1.063396692276001,,,0.008135763928294182
6375,10.0,680,0.8011131286621094,,,0.06526334583759308
6376,23.0,830,0.9533333778381348,,,0.00928223691880703
6377,28.0,1195,1.3627774715423584,,,0.006054199766367674
6378,25.0,1121,1.2573537826538086,,,0.007045944686979055
6379,19.0,940,1.0676143169403076,,,0.007641897536814213
6380,25.0,714,0.815871000289917,,,0.01393050141632557
6381,20.0,987,1.136089563369751,,,0.004936068784445524
6382,29.0,1223,1.393359661102295,,,0.005846675951033831
6383,39.0,1352,1.5572149753570557,,,0.0669608786702156
6384,25.0,963,1.0949130058288574,,,0.006975309457629919
6385,14.0,861,0.9975242614746094,,,0.008546198718249798
6386,39.0,1494,1.7214674949645996,,,0.0047836098819971085
6387,30.0,949,1.0799307823181152,,,0.0038078788202255964
6388,23.0,743,0.849539041519165,,,0.00427665188908577
6389,28.0,1055,1.2185676097869873,,,0.004804761148989201
6390,26.0,817,0.9450795650482178,,,0.006589313969016075
6391,38.0,1233,1.4316117763519287,,,0.010255791246891022
6392,25.0,923,1.0666077136993408,,,0.00908347126096487
6393,27.0,1192,1.3768043518066406,,,0.008624589070677757
6394,26.0,1067,1.2324867248535156,,,0.00651767011731863
6395,29.0,1036,1.1946179866790771,,,0.030000898987054825
6396,26.0,969,1.1251468658447266,,,0.016453366726636887
6397,28.0,995,1.145890474319458,,,0.012762022204697132
6398,21.0,843,0.983163595199585,,,0.007404903881251812
6399,29.0,1591,1.8301501274108887,,,0.00607471214607358
6400,55.0,2055,2.354557514190674,,,0.006957045756280422
6401,26.0,1133,1.3023362159729004,,,0.006093816366046667
6402,23.0,1029,1.1867444515228271,,,0.003835016395896673
6403,29.0,1131,1.297870397567749,,,0.06538161635398865
6404,16.0,717,0.8358304500579834,,,0.008648950606584549
6405,31.0,1235,1.393836259841919,,,0.012805504724383354
6406,30.0,1321,1.4965674877166748,,,0.00647252332419157
6407,23.0,1162,1.3437328338623047,,,0.005324311088770628
6408,48.0,1965,2.226984977722168,,,0.005434790626168251
6409,26.0,956,1.069261074066162,,,0.005281001329421997
6410,34.0,1113,1.238384485244751,,,0.004766727797687054
6411,31.0,1414,1.5762438774108887,,,0.003913498483598232
6412,32.0,1059,1.176114559173584,,,0.006320241838693619
6413,32.0,1127,1.285161018371582,,,0.0034176409244537354
6414,25.0,917,1.060060977935791,,,0.06102101504802704
6415,30.0,1070,1.2248544692993164,,,0.01231268048286438
6416,31.0,1147,1.323256015777588,,,0.0066391644068062305
6417,18.0,805,0.9444894790649414,,,0.006673173978924751
6418,12.0,465,0.5424237251281738,,,0.014069181866943836
6419,10.0,484,0.5704212188720703,,,0.03808682784438133
6420,25.0,1164,1.3652756214141846,,,0.005694995634257793
6421,25.0,1059,1.2085916996002197,,,0.07272441685199738
6422,28.0,1247,1.409095048904419,,,0.0057694497518241405
6423,26.0,1156,1.3437702655792236,,,0.00959616806358099
6424,30.0,1010,1.1682426929473877,,,0.004117813427001238
6425,25.0,918,1.064823865890503,,,0.003287514206022024
6426,28.0,1061,1.1963541507720947,,,0.0065747154876589775
6427,18.0,771,0.8736698627471924,,,0.022824661806225777
6428,25.0,931,1.04362154006958,,,0.004694974981248379
6429,30.0,1335,1.4935450553894043,,,0.006680358201265335
6430,18.0,923,1.065708875656128,,,0.004401121288537979
6431,25.0,727,0.8266210556030273,,,0.04717652127146721
6432,32.0,1189,1.329270362854004,,,0.09218304604291916
6433,27.0,1236,1.382185935974121,,,0.005649267230182886
6434,30.0,996,1.1149587631225586,,,0.014148888178169727
6435,12.0,624,0.7210478782653809,,,0.004951213952153921
6436,23.0,815,0.916287899017334,,,0.006915566511452198
6437,28.0,971,1.096297025680542,,,0.0052854930981993675
6438,31.0,1180,1.3119871616363525,,,0.00851741898804903
6439,13.0,947,1.0938594341278076,,,0.056656647473573685
6440,20.0,1067,1.2409946918487549,,,0.0041004749946296215
6441,23.0,1046,1.204589605331421,,,0.00380740687251091
6442,30.0,1011,1.1657073497772217,,,0.004312668927013874
6443,24.0,811,0.9370265007019043,,,0.004898357205092907
6444,24.0,888,1.024052619934082,,,0.006307268515229225
6445,21.0,822,0.9360342025756836,,,0.00597672862932086
6446,32.0,1300,1.4646580219268799,,,0.00655062310397625
6447,23.0,756,0.8698835372924805,,,0.006000441499054432
6448,25.0,834,0.9643478393554688,,,0.00684029795229435
6449,30.0,987,1.1327970027923584,,,0.013134275563061237
6450,27.0,983,1.112579584121704,,,0.04294349253177643
6451,26.0,1042,1.184596300125122,,,0.0045431870967149734
6452,25.0,705,0.8165955543518066,,,0.009507784619927406
6453,20.0,893,1.0391113758087158,,,0.00540984608232975
6454,23.0,719,0.8251667022705078,,,0.0044046854600310326
6455,21.0,763,0.8690402507781982,,,0.07923011481761932
6456,26.0,933,1.055948257446289,,,0.005568642169237137
6457,46.0,1908,2.1982645988464355,,,0.010559942573308945
6458,32.0,1223,1.4058599472045898,,,0.005396750755608082
6459,32.0,1421,1.6237761974334717,,,0.005707704462110996
6460,21.0,838,0.9749534130096436,,,0.006190392188727856
6461,27.0,1269,1.4633750915527344,,,0.009166967123746872
6462,26.0,852,0.9923868179321289,,,0.0060163820162415504
6463,29.0,1291,1.4879364967346191,,,0.007592369802296162
6464,15.0,485,0.5732986927032471,,,0.006043789908289909
6465,22.0,747,0.8715808391571045,,,0.005503959953784943
6466,22.0,927,1.0802531242370605,,,0.0076351473107934
6467,26.0,754,0.8829226493835449,,,0.007606335915625095
6468,26.0,978,1.138866662979126,,,0.007008818443864584
6469,21.0,855,0.9816396236419678,,,0.00408764136955142
6470,23.0,755,0.8563380241394043,,,0.005738491658121347
6471,26.0,1013,1.1368846893310547,,,0.006457324139773846
6472,31.0,1241,1.3814477920532227,,,0.008344663307070732
6473,30.0,1075,1.1999542713165283,,,0.005037548020482063
6474,20.0,949,1.072399616241455,,,0.006549856625497341
6475,26.0,1122,1.2728967666625977,,,0.06250455975532532
6476,14.0,675,0.7656869888305664,,,0.005434756632894278
6477,20.0,662,0.7518618106842041,,,0.008626939728856087
6478,30.0,1045,1.1816997528076172,,,0.006406891159713268
6479,18.0,873,0.9938030242919922,,,0.018307898193597794
6480,20.0,697,0.7899973392486572,,,0.005008385516703129
6481,30.0,1312,1.4652340412139893,,,0.004436056595295668
6482,32.0,1351,1.499992847442627,,,0.0054122768342494965
6483,31.0,1027,1.149402141571045,,,0.003773917444050312
6484,31.0,1242,1.3862698078155518,,,0.009468777105212212
6485,26.0,886,0.9943637847900391,,,0.010446032509207726
6486,38.0,1221,1.3670568466186523,,,0.06497372686862946
6487,19.0,602,0.6831347942352295,,,0.006480312440544367
6488,20.0,756,0.8624608516693115,,,0.004474889021366835
6489,11.0,623,0.7122237682342529,,,0.0049275560304522514
6490,23.0,1020,1.1522536277770996,,,0.009302848018705845
6491,14.0,641,0.7294385433197021,,,0.005423182621598244
6492,28.0,731,0.828326940536499,,,0.005649806931614876
6493,30.0,1050,1.1761810779571533,,,0.003969709388911724
6494,28.0,1227,1.3679304122924805,,,0.009808157570660114
6495,20.0,835,0.9401192665100098,,,0.010923823341727257
6496,28.0,1037,1.182814598083496,,,0.011521461419761181
6497,25.0,1001,1.1545050144195557,,,0.005056890659034252
6498,26.0,903,1.044189691543579,,,0.0646941214799881
6499,28.0,969,1.1256790161132812,,,0.006364942528307438
6500,27.0,994,1.1487040519714355,,,0.004254837520420551
6501,24.0,1048,1.2216546535491943,,,0.006292222999036312
6502,26.0,937,1.0702552795410156,,,0.004059403669089079
6503,16.0,706,0.798987627029419,,,0.06489922106266022
6504,16.0,683,0.7785818576812744,,,0.0879257395863533
6505,28.0,1049,1.2061729431152344,,,0.007768487557768822
6506,32.0,1189,1.3786602020263672,,,0.07820184528827667
6507,23.0,1178,1.3594200611114502,,,0.007291924208402634
6508,23.0,1077,1.2341241836547852,,,0.06294374912977219
6509,24.0,909,1.0344712734222412,,,0.04126600921154022
6510,19.0,705,0.8053617477416992,,,0.008799085393548012
6511,10.0,664,0.7635486125946045,,,0.06772509217262268
6512,18.0,825,0.9390671253204346,,,0.010653981007635593
6513,30.0,1341,1.5474469661712646,,,0.06664810329675674
6514,18.0,845,0.9909310340881348,,,0.002776864916086197
6515,20.0,848,0.9901950359344482,,,0.004530899692326784
6516,28.0,1119,1.2960069179534912,,,0.006926083005964756
6517,19.0,1061,1.2345154285430908,,,0.007741633336991072
6518,18.0,953,1.1101579666137695,,,0.004927947651594877
6519,19.0,1063,1.2408905029296875,,,0.00736031960695982
6520,27.0,1360,1.5684642791748047,,,0.06994792819023132
6521,32.0,1836,2.1137750148773193,,,0.0066032265312969685
6522,27.0,1037,1.1973464488983154,,,0.0062215873040258884
6523,27.0,1006,1.1574764251708984,,,0.004659798461943865
6524,25.0,805,0.9307687282562256,,,0.004628933500498533
6525,23.0,712,0.827979564666748,,,0.008026263676583767
6526,18.0,668,0.7656862735748291,,,0.005311284214258194
6527,33.0,1022,1.1750404834747314,,,0.005870116874575615
6528,24.0,933,1.0741143226623535,,,0.07517232745885849
6529,2.0,365,0.43146228790283203,,,0.00650023203343153
6530,17.0,804,0.9404151439666748,,,0.005068995989859104
6531,30.0,1347,1.5542528629302979,,,0.010183807462453842
6532,32.0,1199,1.3634438514709473,,,0.013097402639687061
6533,20.0,1219,1.4075310230255127,,,0.005844955798238516
6534,28.0,1267,1.4545261859893799,,,0.008671695366501808
6535,20.0,923,1.071903944015503,,,0.003921655006706715
6536,8.0,368,0.4311239719390869,,,0.004764092154800892
6537,20.0,720,0.836876630783081,,,0.004986288491636515
6538,20.0,609,0.7121803760528564,,,0.011139542795717716
6539,25.0,977,1.1280112266540527,,,0.005204010289162397
6540,30.0,1195,1.3700644969940186,,,0.12543469667434692
6541,25.0,869,1.0107123851776123,,,0.004042140673846006
6542,30.0,1306,1.4958038330078125,,,0.07414320111274719
6543,28.0,1159,1.3327481746673584,,,0.005503008607774973
6544,29.0,1096,1.234018325805664,,,0.0068405140191316605
6545,22.0,837,0.9724297523498535,,,0.13009412586688995
6546,30.0,1210,1.3477320671081543,,,0.00850011222064495
6547,30.0,1169,1.3008978366851807,,,0.013387762941420078
6548,29.0,1051,1.1756906509399414,,,0.006801918148994446
6549,25.0,1127,1.2634315490722656,,,0.00482715992256999
6550,29.0,1124,1.2538623809814453,,,0.006707631051540375
6551,22.0,883,0.9960622787475586,,,0.0753975361585617
6552,28.0,1193,1.3323140144348145,,,0.007954691536724567
6553,28.0,1321,1.473587989807129,,,0.01180407963693142
6554,22.0,1019,1.1527659893035889,,,0.07049109786748886
6555,22.0,798,0.897162675857544,,,0.008505264297127724
6556,26.0,1028,1.1502797603607178,,,0.007958857342600822
6557,27.0,1127,1.2724437713623047,,,0.005588517524302006
6558,23.0,662,0.7585160732269287,,,0.00826882291585207
6559,29.0,1092,1.2552037239074707,,,0.008807435631752014
6560,20.0,949,1.101532220840454,,,0.004048676695674658
6561,20.0,724,0.8472809791564941,,,0.007621108554303646
6562,27.0,1153,1.3344144821166992,,,0.006703786551952362
6563,27.0,905,1.049203872680664,,,0.007025601342320442
6564,31.0,1232,1.4049227237701416,,,0.004061318002641201
6565,25.0,955,1.105989933013916,,,0.005466521251946688
6566,30.0,978,1.1279547214508057,,,0.08501996099948883
6567,15.0,721,0.8310892581939697,,,0.06297492235898972
6568,19.0,782,0.9160854816436768,,,0.011772669851779938
6569,34.0,958,1.0965352058410645,,,0.005706277210265398
6570,16.0,951,1.1050055027008057,,,0.0076477439142763615
6571,28.0,990,1.1408746242523193,,,0.003959210589528084
6572,18.0,669,0.7778022289276123,,,0.005077736917883158
6573,33.0,1148,1.3069682121276855,,,0.0034479061141610146
6574,17.0,727,0.8251595497131348,,,0.10582311451435089
6575,21.0,833,0.9647462368011475,,,0.010171938687562943
6576,10.0,551,0.6439495086669922,,,0.0046594832092523575
6577,27.0,1091,1.2597920894622803,,,0.006040806882083416
6578,15.0,873,1.0117127895355225,,,0.005406036041676998
6579,28.0,1323,1.5229156017303467,,,0.07572954148054123
6580,24.0,941,1.096144199371338,,,0.005362816154956818
6581,19.0,750,0.8742320537567139,,,0.00479634664952755
6582,19.0,687,0.7918806076049805,,,0.011417798697948456
6583,18.0,847,0.9694480895996094,,,0.004714624024927616
6584,34.0,1432,1.614600658416748,,,0.006443160120397806
6585,17.0,739,0.8454074859619141,,,0.005946807097643614
6586,29.0,1160,1.3050706386566162,,,0.09726054221391678
6587,26.0,1077,1.2171659469604492,,,0.007930582389235497
6588,31.0,1306,1.4839677810668945,,,0.00328300753608346
6589,28.0,1119,1.2922160625457764,,,0.10812431573867798
6590,32.0,1209,1.3844501972198486,,,0.004187668673694134
6591,25.0,955,1.0994527339935303,,,0.07013383507728577
6592,23.0,833,0.953589916229248,,,0.04181766137480736
6593,32.0,1310,1.4971644878387451,,,0.06576421856880188
6594,19.0,941,1.0989835262298584,,,0.0047250771895051
6595,22.0,836,0.9731795787811279,,,0.003669553669169545
6596,27.0,1194,1.3782610893249512,,,0.007696216460317373
6597,28.0,912,1.0577385425567627,,,0.004922526888549328
6598,24.0,941,1.0908191204071045,,,0.00921611674129963
6599,18.0,863,1.0143086910247803,,,0.03238328546285629
6600,24.0,1062,1.2341210842132568,,,0.009576580487191677
6601,32.0,1155,1.3333775997161865,,,0.06486831605434418
6602,24.0,1193,1.373553991317749,,,0.0057417256757617
6603,29.0,1127,1.3020799160003662,,,0.03441088646650314
6604,25.0,875,1.0121455192565918,,,0.013284439221024513
6605,17.0,825,0.9614293575286865,,,0.009180175140500069
6606,29.0,1217,1.3581442832946777,,,0.0663827583193779
6607,24.0,870,0.9846735000610352,,,0.004176582209765911
6608,33.0,1157,1.3249902725219727,,,0.007392752915620804
6609,28.0,1013,1.1695537567138672,,,0.0035889316350221634
6610,25.0,1172,1.348365068435669,,,0.00791677925735712
6611,32.0,1355,1.5529544353485107,,,0.0061848340556025505
6612,30.0,1353,1.556326150894165,,,0.005869116634130478
6613,23.0,799,0.9270119667053223,,,0.008669060654938221
6614,27.0,944,1.0700619220733643,,,0.0037800739519298077
6615,16.0,560,0.6514413356781006,,,0.013588890433311462
6616,12.0,677,0.7934825420379639,,,0.06889770925045013
6617,24.0,895,1.036022663116455,,,0.006050258409231901
6618,44.0,1491,1.7283875942230225,,,0.004538428504019976
6619,30.0,1118,1.288522481918335,,,0.004457682371139526
6620,29.0,1012,1.1781058311462402,,,0.051371898502111435
6621,30.0,1119,1.2920408248901367,,,0.0043723261915147305
6622,7.0,385,0.45523571968078613,,,0.008526552468538284
6623,29.0,1194,1.3779706954956055,,,0.004411542788147926
6624,29.0,1128,1.3033947944641113,,,0.008066289126873016
6625,20.0,865,0.9985299110412598,,,0.008351132273674011
6626,30.0,995,1.1193182468414307,,,0.0051603373140096664
6627,31.0,1223,1.3747665882110596,,,0.07085452973842621
6628,30.0,1098,1.2345898151397705,,,0.0045058391988277435
6629,24.0,887,1.032243251800537,,,0.012482969090342522
6630,41.0,1471,1.7005417346954346,,,0.007247303146868944
6631,28.0,981,1.1383073329925537,,,0.0067330398596823215
6632,29.0,1193,1.3819057941436768,,,0.06392766535282135
6633,33.0,1477,1.6964137554168701,,,0.006208108738064766
6634,28.0,1094,1.2616231441497803,,,0.006567574571818113
6635,29.0,1003,1.1609692573547363,,,0.007224181201308966
6636,20.0,955,1.1156136989593506,,,0.06306274980306625
6637,14.0,798,0.9233179092407227,,,0.008938307873904705
6638,33.0,1309,1.495929479598999,,,0.06321993470191956
6639,24.0,911,1.054262638092041,,,0.06631449609994888
6640,28.0,1161,1.332061767578125,,,0.009524055756628513
6641,9.0,458,0.5324132442474365,,,0.004684042185544968
6642,21.0,805,0.916499137878418,,,0.009580947458744049
6643,27.0,771,0.8727385997772217,,,0.006311597302556038
6644,31.0,1374,1.5422585010528564,,,0.006511203944683075
6645,29.0,1105,1.2757625579833984,,,0.0040774415247142315
6646,27.0,1063,1.2368297576904297,,,0.005727561190724373
6647,29.0,1209,1.3953964710235596,,,0.010883469134569168
6648,29.0,1103,1.27363920211792,,,0.05933224782347679
6649,27.0,1383,1.5886781215667725,,,0.01075729075819254
6650,26.0,1286,1.481900930404663,,,0.06848419457674026
6651,29.0,1153,1.3161215782165527,,,0.004393850453197956
6652,28.0,1206,1.359295129776001,,,0.054348837584257126
6653,28.0,1053,1.1804730892181396,,,0.007189181633293629
6654,25.0,1081,1.2457318305969238,,,0.0041619595140218735
6655,30.0,1011,1.173316240310669,,,0.003006342798471451
6656,32.0,1269,1.464526653289795,,,0.009490001946687698
6657,30.0,1170,1.3445594310760498,,,0.004416235722601414
6658,19.0,854,1.0004854202270508,,,0.008646596223115921
6659,33.0,1183,1.358919382095337,,,0.13397929072380066
6660,24.0,1010,1.1683423519134521,,,0.006253295578062534
6661,29.0,1377,1.5920217037200928,,,0.06972289085388184
6662,31.0,1157,1.337923288345337,,,0.004743073135614395
6663,30.0,1256,1.429279088973999,,,0.0062661319971084595
6664,27.0,1042,1.176933765411377,,,0.005130530800670385
6665,28.0,927,1.069636583328247,,,0.008977181278169155
6666,23.0,807,0.9380106925964355,,,0.005002696067094803
6667,8.0,511,0.6074414253234863,,,0.0034796425607055426
6668,24.0,866,1.0131371021270752,,,0.0058267866261303425
6669,19.0,853,1.0024147033691406,,,0.0076536377891898155
6670,30.0,1125,1.2983157634735107,,,0.008258683606982231
6671,31.0,1176,1.356600284576416,,,0.004498493857681751
6672,27.0,895,1.0353612899780273,,,0.13182266056537628
6673,26.0,1005,1.1368603706359863,,,0.006259538233280182
6674,25.0,953,1.0878055095672607,,,0.005128087010234594
6675,30.0,1073,1.2290983200073242,,,0.154928058385849
6676,31.0,997,1.1514861583709717,,,0.008817654103040695
6677,22.0,940,1.0835893154144287,,,0.016626041382551193
6678,13.0,678,0.7940194606781006,,,0.005005695391446352
6679,15.0,673,0.7856059074401855,,,0.004356540739536285
6680,18.0,832,0.9749166965484619,,,0.009574523195624352
6681,28.0,1204,1.3899455070495605,,,0.046804677695035934
6682,21.0,717,0.8379507064819336,,,0.004030781798064709
6683,31.0,931,1.076322317123413,,,0.005664899945259094
6684,29.0,1151,1.3244602680206299,,,0.0038052801974117756
6685,30.0,1236,1.4229817390441895,,,0.017265282571315765
6686,22.0,884,1.0232789516448975,,,0.0037922298070043325
6687,32.0,1165,1.335031509399414,,,0.05376739054918289
6688,30.0,1211,1.394329309463501,,,0.010052361525595188
6689,34.0,1263,1.4480388164520264,,,0.007023036479949951
6690,23.0,753,0.8643903732299805,,,0.005314773879945278
6691,24.0,925,1.05953049659729,,,0.006850880105048418
6692,26.0,916,1.0545790195465088,,,0.007908716797828674
6693,27.0,958,1.0993051528930664,,,0.007143296301364899
6694,20.0,1133,1.3153822422027588,,,0.009456630796194077
6695,32.0,1249,1.4338009357452393,,,0.0046064285561442375
6696,29.0,914,1.0588722229003906,,,0.003567858599126339
6697,26.0,971,1.1364870071411133,,,0.007260575424879789
6698,27.0,890,1.0336523056030273,,,0.005084957927465439
6699,24.0,1106,1.2927069664001465,,,0.00965048372745514
6700,19.0,741,0.8651394844055176,,,0.010890407487750053
6701,8.0,367,0.43851280212402344,,,0.004839996807277203
6702,29.0,1167,1.3446691036224365,,,0.004768533632159233
6703,27.0,1033,1.1823601722717285,,,0.0049990457482635975
6704,25.0,1076,1.2182319164276123,,,0.010279010981321335
6705,25.0,983,1.1171936988830566,,,0.013034066185355186
6706,20.0,635,0.7267594337463379,,,0.004362471867352724
6707,29.0,957,1.0831093788146973,,,0.004225889220833778
6708,23.0,1037,1.2036206722259521,,,0.012588830664753914
6709,29.0,1212,1.4074807167053223,,,0.008023039437830448
6710,28.0,1167,1.349236011505127,,,0.0034864796325564384
6711,14.0,679,0.793630838394165,,,0.004217017441987991
6712,20.0,946,1.0810484886169434,,,0.003405035240575671
6713,31.0,1339,1.5356814861297607,,,0.005200898740440607
6714,16.0,863,0.9959490299224854,,,0.005946951452642679
6715,22.0,899,1.0275866985321045,,,0.00887040700763464
6716,25.0,843,0.9589235782623291,,,0.008211725391447544
6717,29.0,1333,1.5160887241363525,,,0.004713151603937149
6718,32.0,1513,1.7260527610778809,,,0.0731891468167305
6719,29.0,1137,1.3070340156555176,,,0.004333787132054567
6720,31.0,1052,1.2131824493408203,,,0.004049677401781082
6721,29.0,1077,1.248878002166748,,,0.006666762754321098
6722,35.0,1294,1.4810667037963867,,,0.007883880287408829
6723,31.0,1511,1.7310981750488281,,,0.006555965170264244
6724,21.0,711,0.8318169116973877,,,0.005793521646410227
6725,24.0,737,0.8543133735656738,,,0.007343119941651821
6726,30.0,987,1.139575481414795,,,0.00671573169529438
6727,18.0,916,1.0770530700683594,,,0.07119006663560867
6728,32.0,1246,1.4344689846038818,,,0.005920611321926117
6729,13.0,978,1.1342206001281738,,,0.011484580114483833
6730,28.0,1195,1.3377373218536377,,,0.016416676342487335
6731,20.0,965,1.1024320125579834,,,0.005281565245240927
6732,29.0,1047,1.16737961769104,,,0.008296085521578789
6733,22.0,1005,1.1356151103973389,,,0.007222490385174751
6734,29.0,1013,1.1697998046875,,,0.00814272090792656
6735,29.0,1235,1.4068727493286133,,,0.005153273232281208
6736,29.0,1257,1.3979756832122803,,,0.011215588077902794
6737,29.0,1093,1.2228641510009766,,,0.0035644483286887407
6738,26.0,1255,1.4033377170562744,,,0.007385426200926304
6739,31.0,1094,1.2172658443450928,,,0.006256936118006706
6740,20.0,909,1.0286619663238525,,,0.0034535410813987255
6741,30.0,1257,1.4125962257385254,,,0.0033987900242209435
6742,29.0,1161,1.3051605224609375,,,0.07802847772836685
6743,28.0,1092,1.217738389968872,,,0.004407765343785286
6744,30.0,1145,1.275397777557373,,,0.00732848048210144
6745,26.0,878,1.0206024646759033,,,0.016871431842446327
6746,28.0,1157,1.3318006992340088,,,0.006429035682231188
6747,24.0,833,0.9729068279266357,,,0.009787657298147678
6748,29.0,1359,1.556305170059204,,,0.0031571267172694206
6749,28.0,1276,1.4658548831939697,,,0.01743032969534397
6750,24.0,948,1.0932676792144775,,,0.005327141378074884
6751,33.0,1099,1.2652435302734375,,,0.007404585834592581
6752,25.0,837,0.9788312911987305,,,0.04252853989601135
6753,27.0,1071,1.2368996143341064,,,0.00864604115486145
6754,30.0,1435,1.6218326091766357,,,0.0034383018501102924
6755,24.0,905,1.0174636840820312,,,0.005277659744024277
6756,31.0,1272,1.412698745727539,,,0.003329687053337693
6757,20.0,959,1.0872230529785156,,,0.07641942799091339
6758,30.0,1025,1.1475751399993896,,,0.011236265301704407
6759,22.0,782,0.8815732002258301,,,0.00628832308575511
6760,26.0,1033,1.166210412979126,,,0.003562304889783263
6761,29.0,1153,1.289055585861206,,,0.005331638269126415
6762,20.0,599,0.6767950057983398,,,0.009224144741892815
6763,20.0,747,0.8636300563812256,,,0.008193397894501686
6764,26.0,1040,1.201714277267456,,,0.006711105816066265
6765,25.0,966,1.1195745468139648,,,0.005295318551361561
6766,24.0,972,1.1313884258270264,,,0.006853748578578234
6767,29.0,1224,1.4009308815002441,,,0.0038451054133474827
6768,28.0,1200,1.3418927192687988,,,0.00686542596668005
6769,27.0,1107,1.2399168014526367,,,0.00504689197987318
6770,41.0,1501,1.6785237789154053,,,0.07344062626361847
6771,31.0,1341,1.516300916671753,,,0.00796048529446125
6772,27.0,1045,1.2060530185699463,,,0.0060372198931872845
6773,27.0,1016,1.1711528301239014,,,0.004299069754779339
6774,26.0,1296,1.498603343963623,,,0.005196147598326206
6775,28.0,1068,1.2274692058563232,,,0.010476246476173401
6776,24.0,1028,1.1953444480895996,,,0.006529929116368294
6777,24.0,1026,1.207472801208496,,,0.006066805683076382
6778,29.0,1097,1.2373197078704834,,,0.003947078250348568
6779,25.0,1067,1.2162604331970215,,,0.008910614997148514
6780,20.0,884,1.007251501083374,,,0.00745701789855957
6781,29.0,1265,1.4518983364105225,,,0.0073843058198690414
6782,32.0,1267,1.470440149307251,,,0.07241305708885193
6783,29.0,1059,1.2235724925994873,,,0.003560204990208149
6784,28.0,1028,1.1867718696594238,,,0.005408083088696003
6785,26.0,775,0.8973360061645508,,,0.004236893262714148
6786,22.0,865,1.0038626194000244,,,0.011175720021128654
6787,19.0,671,0.7780754566192627,,,0.003326782025396824
6788,29.0,1233,1.4187469482421875,,,0.007923913188278675
6789,32.0,1194,1.341634750366211,,,0.003664990421384573
6790,22.0,833,0.9611318111419678,,,0.004883185960352421
6791,25.0,1021,1.182931900024414,,,0.004613412544131279
6792,28.0,966,1.120192527770996,,,0.004778433125466108
6793,27.0,1163,1.3571960926055908,,,0.0055400300770998
6794,30.0,920,1.0683424472808838,,,0.07772443443536758
6795,33.0,1393,1.607447624206543,,,0.00782579556107521
6796,24.0,927,1.0682079792022705,,,0.003870817366987467
6797,35.0,1399,1.6012687683105469,,,0.0745324045419693
6798,26.0,925,1.0690820217132568,,,0.07092776149511337
6799,31.0,1230,1.3999552726745605,,,0.006041749846190214
6800,17.0,744,0.8644416332244873,,,0.0060822488740086555
6801,28.0,1387,1.5914833545684814,,,0.028550192713737488
6802,28.0,1097,1.2599105834960938,,,0.003377684857696295
6803,30.0,1155,1.3057618141174316,,,0.007487697526812553
6804,26.0,885,0.9981918334960938,,,0.005249353125691414
6805,20.0,943,1.089329719543457,,,0.0046738856472074986
6806,45.0,1755,1.9792230129241943,,,0.0046651316806674
6807,22.0,962,1.099421501159668,,,0.1161390170454979
6808,31.0,1370,1.5676653385162354,,,0.022831086069345474
6809,27.0,922,1.0784523487091064,,,0.0071930354461073875
6810,31.0,918,1.0432548522949219,,,0.006667502224445343
6811,28.0,1151,1.3033576011657715,,,0.012635797262191772
6812,25.0,905,1.025407075881958,,,0.008339639753103256
6813,32.0,1016,1.1440680027008057,,,0.06965148448944092
6814,29.0,1018,1.1452844142913818,,,0.005688401870429516
6815,19.0,853,0.9881284236907959,,,0.009761628694832325
6816,26.0,981,1.1176152229309082,,,0.009376713074743748
6817,28.0,1061,1.19620943069458,,,0.08271969854831696
6818,30.0,1395,1.5660569667816162,,,0.008696258068084717
6819,28.0,1078,1.2320892810821533,,,0.006460114382207394
6820,30.0,1133,1.2906160354614258,,,0.014020864851772785
6821,19.0,1025,1.1863517761230469,,,0.08657363802194595
6822,28.0,1079,1.2395458221435547,,,0.0062327939085662365
6823,24.0,787,0.9102981090545654,,,0.07460107654333115
6824,27.0,1235,1.404545545578003,,,0.005586976185441017
6825,19.0,873,0.9935071468353271,,,0.004324853885918856
6826,29.0,963,1.0850682258605957,,,0.006716462783515453
6827,32.0,1095,1.2307898998260498,,,0.004819322377443314
6828,24.0,1107,1.2475323677062988,,,0.011201033368706703
6829,29.0,1105,1.2749669551849365,,,0.0073425802402198315
6830,27.0,1043,1.195143222808838,,,0.005465693771839142
6831,30.0,1104,1.2775428295135498,,,0.006066400092095137
6832,28.0,961,1.1068761348724365,,,0.005137231200933456
6833,26.0,929,1.0820083618164062,,,0.007092030253261328
6834,22.0,1073,1.2292399406433105,,,0.0026472914032638073
6835,26.0,1169,1.324143648147583,,,0.004708285443484783
6836,31.0,1226,1.3769607543945312,,,0.006935674697160721
6837,33.0,1027,1.155184030532837,,,0.006642378866672516
6838,22.0,894,1.013594627380371,,,0.010332005098462105
6839,21.0,851,0.9863052368164062,,,0.004192607942968607
6840,26.0,969,1.113520860671997,,,0.006835912354290485
6841,29.0,1101,1.2784030437469482,,,0.004841810092329979
6842,21.0,701,0.8179199695587158,,,0.009478163905441761
6843,31.0,1175,1.3523399829864502,,,0.00580479484051466
6844,33.0,1148,1.3208088874816895,,,0.006297416053712368
6845,23.0,999,1.1571333408355713,,,0.00418364442884922
6846,30.0,939,1.0798966884613037,,,0.010095695964992046
6847,14.0,687,0.8062005043029785,,,0.004599049687385559
6848,30.0,1249,1.4417788982391357,,,0.006550782825797796
6849,27.0,759,0.876875638961792,,,0.012305660173296928
6850,28.0,1036,1.1920864582061768,,,0.003628095146268606
6851,31.0,1241,1.429455280303955,,,0.01313946396112442
6852,30.0,1210,1.3903708457946777,,,0.009791828691959381
6853,30.0,965,1.086503505706787,,,0.009907567873597145
6854,28.0,1202,1.352475643157959,,,0.005968376062810421
6855,31.0,972,1.0910720825195312,,,0.0044979252852499485
6856,29.0,1225,1.367030382156372,,,0.00458886194974184
6857,31.0,1086,1.233273983001709,,,0.005035340320318937
6858,21.0,918,1.0486557483673096,,,0.006243978161364794
6859,28.0,1112,1.246284008026123,,,0.07812533527612686
6860,25.0,1009,1.1328823566436768,,,0.004866959527134895
6861,32.0,1254,1.3971669673919678,,,0.006124462932348251
6862,20.0,653,0.7489640712738037,,,0.004701913334429264
6863,29.0,1089,1.2535336017608643,,,0.0047021424397826195
6864,25.0,858,1.0012798309326172,,,0.004389970563352108
6865,29.0,1395,1.6043648719787598,,,0.0043609896674752235
6866,13.0,553,0.6515090465545654,,,0.004008172079920769
6867,29.0,1425,1.644240140914917,,,0.0055761439725756645
6868,31.0,1222,1.4025344848632812,,,0.013080424629151821
6869,27.0,1047,1.2115356922149658,,,0.004860315006226301
6870,25.0,917,1.0664427280426025,,,0.006806685123592615
6871,30.0,967,1.116957426071167,,,0.011221582069993019
6872,28.0,1213,1.3938794136047363,,,0.004438070114701986
6873,31.0,1106,1.2741644382476807,,,0.005012974143028259
6874,26.0,1105,1.2712187767028809,,,0.0046515134163200855
6875,26.0,1185,1.3621928691864014,,,0.0046938760206103325
6876,28.0,907,1.0303337574005127,,,0.006450739689171314
6877,26.0,930,1.0480518341064453,,,0.0034548891708254814
6878,15.0,638,0.7294683456420898,,,0.0055136047303676605
6879,20.0,860,0.9745619297027588,,,0.005829288624227047
6880,18.0,677,0.772834300994873,,,0.00620099576190114
6881,25.0,955,1.0745534896850586,,,0.005816605873405933
6882,31.0,1427,1.584951639175415,,,0.010073725134134293
6883,22.0,733,0.8242912292480469,,,0.0037730159237980843
6884,26.0,1077,1.2097532749176025,,,0.005272621288895607
6885,21.0,915,1.0611512660980225,,,0.006478379014879465
6886,35.0,1704,1.961461067199707,,,0.006479487754404545
6887,28.0,1122,1.2962820529937744,,,0.009175422601401806
6888,32.0,1106,1.2781145572662354,,,0.03798926621675491
6889,30.0,1227,1.405019760131836,,,0.004928248934447765
6890,33.0,1341,1.5425670146942139,,,0.004923515487462282
6891,33.0,1058,1.2163608074188232,,,0.003060088725760579
6892,30.0,1109,1.275533676147461,,,0.007729250006377697
6893,29.0,1263,1.4394910335540771,,,0.010671790689229965
6894,30.0,1048,1.1960186958312988,,,0.08090996742248535
6895,26.0,1026,1.179429531097412,,,0.0034569324925541878
6896,29.0,1087,1.2338752746582031,,,0.0038021006621420383
6897,29.0,1145,1.309511423110962,,,0.009231792762875557
6898,28.0,1024,1.1594457626342773,,,0.005744116846472025
6899,16.0,615,0.712230920791626,,,0.0075863683596253395
6900,12.0,681,0.7960119247436523,,,0.0096590556204319
6901,26.0,958,1.0837187767028809,,,0.0077562034130096436
6902,29.0,1140,1.281388282775879,,,0.004698129370808601
6903,31.0,1111,1.2479708194732666,,,0.004683461971580982
6904,30.0,1339,1.5260114669799805,,,0.07477781176567078
6905,28.0,971,1.1264727115631104,,,0.01111601758748293
6906,30.0,1069,1.2353708744049072,,,0.005447347182780504
6907,30.0,1438,1.6260180473327637,,,0.005469277501106262
6908,31.0,1074,1.234783411026001,,,0.07674019038677216
6909,28.0,1161,1.3461203575134277,,,0.005786381661891937
6910,28.0,1306,1.5041887760162354,,,0.09347795695066452
6911,29.0,856,1.000431776046753,,,0.00613810820505023
6912,26.0,972,1.1247673034667969,,,0.005231240764260292
6913,25.0,1071,1.2379310131072998,,,0.003563654376193881
6914,30.0,1318,1.5224311351776123,,,0.004214620217680931
6915,30.0,1121,1.289360523223877,,,0.008173763751983643
6916,24.0,883,1.024834156036377,,,0.00874309428036213
6917,32.0,1100,1.2631845474243164,,,0.025733482092618942
6918,30.0,1086,1.2559456825256348,,,0.004572784062474966
6919,24.0,995,1.153510332107544,,,0.005841011181473732
6920,13.0,719,0.8435559272766113,,,0.00649717403575778
6921,30.0,1077,1.231879472732544,,,0.006753129418939352
6922,24.0,1106,1.278141975402832,,,0.008325925096869469
6923,6.0,367,0.4278554916381836,,,0.005259966477751732
6924,39.0,1494,1.7101380825042725,,,0.008341372013092041
6925,26.0,813,0.9281282424926758,,,0.00855046696960926
6926,30.0,1147,1.2907702922821045,,,0.009438712149858475
6927,28.0,1241,1.390559434890747,,,0.006390747148543596
6928,31.0,1141,1.2980659008026123,,,0.0030673351138830185
6929,30.0,957,1.103825330734253,,,0.10092984139919281
6930,29.0,1070,1.2203407287597656,,,0.005881525110453367
6931,31.0,1445,1.6567151546478271,,,0.005436211824417114
6932,13.0,635,0.7396149635314941,,,0.06352683901786804
6933,24.0,925,1.0714774131774902,,,0.003757026745006442
6934,31.0,1111,1.2718346118927002,,,0.006198447663336992
6935,22.0,751,0.852402925491333,,,0.009589383378624916
6936,26.0,1122,1.284080982208252,,,0.0028523791115731
6937,33.0,1111,1.2827587127685547,,,0.06971576809883118
6938,27.0,1013,1.17234206199646,,,0.005004381760954857
6939,25.0,1096,1.2686588764190674,,,0.006304087582975626
6940,22.0,824,0.9555935859680176,,,0.004646033048629761
6941,26.0,1262,1.4553844928741455,,,0.003980355337262154
6942,20.0,708,0.8198297023773193,,,0.007941631600260735
6943,22.0,1033,1.1906898021697998,,,0.007524276152253151
6944,19.0,824,0.9624605178833008,,,0.004089122638106346
6945,26.0,1059,1.2239999771118164,,,0.007570537738502026
6946,28.0,1175,1.349562406539917,,,0.003060914110392332
6947,26.0,1192,1.3519043922424316,,,0.0069937389343976974
6948,22.0,793,0.9200150966644287,,,0.004007289651781321
6949,30.0,1027,1.1885814666748047,,,0.005730417091399431
6950,25.0,895,1.0373549461364746,,,0.005715531297028065
6951,28.0,762,0.8886308670043945,,,0.004878646694123745
6952,27.0,1029,1.1894054412841797,,,0.0029785491060465574
6953,32.0,1251,1.4095451831817627,,,0.008511240594089031
6954,32.0,1158,1.3555729389190674,,,0.004517409950494766
6955,39.0,1499,1.6990265846252441,,,0.003977152518928051
6956,10.0,629,0.7305629253387451,,,0.013933049514889717
6957,26.0,1221,1.4014081954956055,,,0.004500859417021275
6958,23.0,961,1.1133346557617188,,,0.014311328530311584
6959,32.0,1236,1.4175889492034912,,,0.06805206835269928
6960,22.0,831,0.9608824253082275,,,0.004590138792991638
6961,31.0,1029,1.1832664012908936,,,0.00702776899561286
6962,19.0,656,0.7635862827301025,,,0.008587680757045746
6963,32.0,1333,1.5293776988983154,,,0.00395991001278162
6964,16.0,615,0.696331262588501,,,0.003500677179545164
6965,30.0,1268,1.4155652523040771,,,0.006151595152914524
6966,30.0,1139,1.2667410373687744,,,0.0169439185410738
6967,24.0,1076,1.2068986892700195,,,0.014153254218399525
6968,29.0,1171,1.3075141906738281,,,0.07253744453191757
6969,25.0,1059,1.1963493824005127,,,0.006118210963904858
6970,25.0,915,1.0250086784362793,,,0.005530874244868755
6971,30.0,1241,1.3849737644195557,,,0.005716515704989433
6972,25.0,809,0.9084172248840332,,,0.005556732416152954
6973,29.0,1382,1.5428788661956787,,,0.07083705067634583
6974,28.0,1110,1.2391753196716309,,,0.07031252235174179
6975,32.0,1354,1.511045217514038,,,0.01006134133785963
6976,30.0,1365,1.551668643951416,,,0.0040775081142783165
6977,18.0,704,0.8038482666015625,,,0.005381850525736809
6978,18.0,969,1.0983927249908447,,,0.003993488848209381
6979,24.0,938,1.0582633018493652,,,0.0916544646024704
6980,21.0,864,0.9712314605712891,,,0.007836312055587769
6981,22.0,921,1.040555477142334,,,0.0036657736636698246
6982,24.0,1357,1.524043083190918,,,0.004979374352842569
6983,29.0,1284,1.4512193202972412,,,0.005538933910429478
6984,20.0,799,0.9023981094360352,,,0.005916242487728596
6985,27.0,1127,1.2832999229431152,,,0.008859468623995781
6986,28.0,912,1.0516667366027832,,,0.004941596649587154
6987,27.0,1131,1.3028225898742676,,,0.008460850454866886
6988,29.0,1367,1.5740995407104492,,,0.0038798796012997627
6989,28.0,1088,1.2469661235809326,,,0.007488178554922342
6990,24.0,1071,1.2401111125946045,,,0.0031717168167233467
6991,27.0,1133,1.3051600456237793,,,0.005874813999980688
6992,22.0,980,1.1363224983215332,,,0.004604168701916933
6993,30.0,1191,1.3627188205718994,,,0.005408369470387697
6994,17.0,803,0.9350466728210449,,,0.007978343404829502
6995,19.0,967,1.1331658363342285,,,0.007384981028735638
6996,27.0,1041,1.199817419052124,,,0.015057060867547989
6997,21.0,1062,1.2410612106323242,,,0.005503905937075615
6998,26.0,1045,1.2126777172088623,,,0.0041756778955459595
6999,16.0,743,0.8634920120239258,,,0.00484042102470994
7000,27.0,1084,1.2551963329315186,,,0.004365851171314716
7001,16.0,539,0.6323089599609375,,,0.004598519764840603
7002,31.0,1072,1.2249665260314941,,,0.00793454609811306
7003,16.0,748,0.8542232513427734,,,0.06696715950965881
7004,29.0,1478,1.6767208576202393,,,0.006057201884686947
7005,36.0,1461,1.6424944400787354,,,0.003064318560063839
7006,30.0,1283,1.4483208656311035,,,0.0027134516276419163
7007,24.0,1118,1.265247106552124,,,0.005876939278095961
7008,30.0,1208,1.3646633625030518,,,0.009295346215367317
7009,22.0,860,0.9895977973937988,,,0.006298931315541267
7010,12.0,810,0.9495172500610352,,,0.008283942937850952
7011,20.0,825,0.9589293003082275,,,0.006631181575357914
7012,31.0,1523,1.7507357597351074,,,0.005175549536943436
7013,30.0,1125,1.290574550628662,,,0.006063628010451794
7014,18.0,926,1.0520532131195068,,,0.06138807535171509
7015,26.0,1316,1.478637933731079,,,0.0052149854600429535
7016,26.0,1076,1.2319235801696777,,,0.07115683704614639
7017,30.0,1157,1.3271410465240479,,,0.005083143711090088
7018,29.0,1212,1.3948724269866943,,,0.07186897099018097
7019,29.0,947,1.0931081771850586,,,0.006107637658715248
7020,30.0,957,1.106733798980713,,,0.006346850655972958
7021,25.0,1227,1.4178032875061035,,,0.003707363735884428
7022,23.0,884,1.027158260345459,,,0.005273026414215565
7023,28.0,1094,1.2684595584869385,,,0.005415242165327072
7024,23.0,1276,1.4882729053497314,,,0.0246557779610157
7025,23.0,903,1.0337660312652588,,,0.013382249511778355
7026,26.0,1115,1.2590148448944092,,,0.008558306843042374
7027,17.0,767,0.8663859367370605,,,0.0038140842225402594
7028,26.0,792,0.910193681716919,,,0.023653384298086166
7029,21.0,770,0.8944990634918213,,,0.005517180077731609
7030,28.0,1179,1.3534936904907227,,,0.006349916569888592
7031,20.0,826,0.9526293277740479,,,0.008726011961698532
7032,28.0,1129,1.264122486114502,,,0.008966507390141487
7033,26.0,990,1.1399211883544922,,,0.007568521425127983
7034,32.0,1352,1.5404863357543945,,,0.003537819953635335
7035,30.0,914,1.0501618385314941,,,0.004635611083358526
7036,12.0,767,0.8947417736053467,,,0.00514584593474865
7037,29.0,1178,1.3353855609893799,,,0.07077734917402267
7038,11.0,484,0.556586503982544,,,0.004622508306056261
7039,21.0,1025,1.1668713092803955,,,0.0039991168305277824
7040,41.0,1773,2.031118631362915,,,0.07090169191360474
7041,28.0,981,1.138010025024414,,,0.0677468553185463
7042,27.0,949,1.0941433906555176,,,0.007879549637436867
7043,24.0,1031,1.20035982131958,,,0.007791959214955568
7044,32.0,1069,1.2211120128631592,,,0.006089231465011835
7045,28.0,1064,1.2034995555877686,,,0.006001205183565617
7046,21.0,755,0.8807611465454102,,,0.005140157416462898
7047,20.0,759,0.8851561546325684,,,0.09696170687675476
7048,14.0,855,0.9969785213470459,,,0.004175365902483463
7049,25.0,775,0.896721363067627,,,0.009366581216454506
7050,34.0,1258,1.4378423690795898,,,0.007815990597009659
7051,25.0,1232,1.3863632678985596,,,0.005919106304645538
7052,28.0,1010,1.1299552917480469,,,0.008094117045402527
7053,25.0,1125,1.265197515487671,,,0.004533715080469847
7054,28.0,1114,1.2449777126312256,,,0.008719533681869507
7055,28.0,1239,1.381575345993042,,,0.005050075240433216
7056,28.0,1227,1.3753345012664795,,,0.008058810606598854
7057,20.0,770,0.8668684959411621,,,0.003149214433506131
7058,27.0,1021,1.143340826034546,,,0.005883288569748402
7059,28.0,1243,1.384737253189087,,,0.005850398913025856
7060,29.0,1248,1.3861498832702637,,,0.0035655724350363016
7061,19.0,935,1.0589945316314697,,,0.005185574293136597
7062,30.0,1194,1.3333232402801514,,,0.01379275880753994
7063,30.0,1118,1.2524645328521729,,,0.005662557668983936
7064,22.0,810,0.9206101894378662,,,0.004932542331516743
7065,32.0,1225,1.3807976245880127,,,0.007673043757677078
7066,30.0,1117,1.2475764751434326,,,0.003375467611476779
7067,26.0,1159,1.2965366840362549,,,0.007969051599502563
7068,30.0,1151,1.2818045616149902,,,0.005342588759958744
7069,33.0,1226,1.36594820022583,,,0.016215305775403976
7070,31.0,1127,1.2573843002319336,,,0.004140969831496477
7071,20.0,965,1.0923748016357422,,,0.005873486865311861
7072,28.0,997,1.1153359413146973,,,0.0028762281872332096
7073,26.0,1058,1.1937720775604248,,,0.007577358745038509
7074,18.0,901,1.0208706855773926,,,0.004844008479267359
7075,21.0,705,0.7984068393707275,,,0.004352865274995565
7076,30.0,1190,1.3382136821746826,,,0.12439912557601929
7077,43.0,1916,2.1439335346221924,,,0.06529899686574936
7078,31.0,1242,1.3844075202941895,,,0.007202206179499626
7079,27.0,894,1.0019290447235107,,,0.0066518159583210945
7080,28.0,957,1.0701401233673096,,,0.005403878167271614
7081,27.0,997,1.1205742359161377,,,0.005242372862994671
7082,27.0,1219,1.370645523071289,,,0.008127853274345398
7083,26.0,1226,1.3824608325958252,,,0.015974011272192
7084,25.0,1095,1.2319579124450684,,,0.002939055673778057
7085,24.0,1148,1.292466163635254,,,0.006039072293788195
7086,26.0,883,0.9940454959869385,,,0.07424049079418182
7087,29.0,1225,1.366889238357544,,,0.08350977301597595
7088,28.0,1150,1.3168139457702637,,,0.005809904076159
7089,50.0,2026,2.332688808441162,,,0.00768352672457695
7090,32.0,1204,1.3836798667907715,,,0.014449039474129677
7091,27.0,998,1.1524453163146973,,,0.07800812274217606
7092,29.0,1207,1.4034757614135742,,,0.006726729683578014
7093,32.0,1393,1.608069896697998,,,0.0746268779039383
7094,31.0,1466,1.6852641105651855,,,0.02039884217083454
7095,25.0,1228,1.4129269123077393,,,0.006254973821341991
7096,16.0,730,0.8556475639343262,,,0.005774661898612976
7097,14.0,766,0.8869619369506836,,,0.004352884367108345
7098,24.0,919,1.048107385635376,,,0.006066309288144112
7099,27.0,1236,1.4078528881072998,,,0.0038390913978219032
7100,26.0,889,1.029752492904663,,,0.01296982541680336
7101,30.0,1323,1.521268606185913,,,0.01148485578596592
7102,25.0,901,1.049104928970337,,,0.007888475432991982
7103,32.0,1411,1.6249663829803467,,,0.006025847513228655
7104,31.0,1215,1.404109001159668,,,0.0032552904449403286
7105,22.0,931,1.0811214447021484,,,0.007189658470451832
7106,28.0,1156,1.331047773361206,,,0.012907067313790321
7107,25.0,981,1.142263650894165,,,0.05640028417110443
7108,28.0,1021,1.1825063228607178,,,0.006898194085806608
7109,30.0,1274,1.4423089027404785,,,0.005124324467033148
7110,27.0,1003,1.128525733947754,,,0.0061961933970451355
7111,24.0,1081,1.2261593341827393,,,0.005439364351332188
7112,23.0,833,0.9587061405181885,,,0.0078097921796143055
7113,33.0,1171,1.317673683166504,,,0.008555809035897255
7114,31.0,1267,1.4232378005981445,,,0.05460047349333763
7115,24.0,841,0.9647636413574219,,,0.006031298078596592
7116,28.0,1191,1.379528522491455,,,0.005941095761954784
7117,30.0,1120,1.287229299545288,,,0.007265646010637283
7118,26.0,1205,1.3641061782836914,,,0.005829404573887587
7119,21.0,813,0.9288361072540283,,,0.014608267694711685
7120,31.0,1209,1.3641705513000488,,,0.007544431835412979
7121,20.0,983,1.1177144050598145,,,0.07501646876335144
7122,27.0,887,0.9986560344696045,,,0.05205221474170685
7123,29.0,1125,1.2865207195281982,,,0.05879150331020355
7124,29.0,1079,1.2354960441589355,,,0.003574080765247345
7125,32.0,1464,1.665900707244873,,,0.005679736379534006
7126,32.0,1049,1.1814794540405273,,,0.07588455080986023
7127,22.0,831,0.9387645721435547,,,0.006907790433615446
7128,32.0,1213,1.363783597946167,,,0.0038825394585728645
7129,32.0,1395,1.5578365325927734,,,0.008974368683993816
7130,28.0,1188,1.3399651050567627,,,0.003442126791924238
7131,31.0,1186,1.3290705680847168,,,0.01098988950252533
7132,28.0,984,1.111802577972412,,,0.005599501542747021
7133,25.0,903,1.0257210731506348,,,0.010770229622721672
7134,27.0,875,0.9931724071502686,,,0.005725829862058163
7135,30.0,1185,1.330611228942871,,,0.008804000914096832
7136,34.0,1473,1.650010347366333,,,0.0065202717669308186
7137,28.0,1153,1.29624342918396,,,0.006123606581240892
7138,20.0,669,0.758453369140625,,,0.011526001617312431
7139,20.0,725,0.8269004821777344,,,0.009339723736047745
7140,0.0,443,0.5102136135101318,,,0.003333662636578083
7141,32.0,1330,1.4904108047485352,,,0.004570990800857544
7142,15.0,621,0.7088885307312012,,,0.006193920969963074
7143,31.0,1401,1.568340539932251,,,0.007786534260958433
7144,24.0,916,1.038320779800415,,,0.0038745063357055187
7145,29.0,1133,1.2740495204925537,,,0.004950433038175106
7146,26.0,979,1.1097934246063232,,,0.007532565854489803
7147,27.0,1149,1.298208475112915,,,0.008985173888504505
7148,17.0,575,0.6563904285430908,,,0.006144731771200895
7149,25.0,1302,1.4712834358215332,,,0.008117001503705978
7150,27.0,971,1.1010637283325195,,,0.007244075648486614
7151,50.0,1919,2.1626689434051514,,,0.007140005938708782
7152,25.0,1029,1.1659634113311768,,,0.04054613038897514
7153,25.0,1041,1.1808679103851318,,,0.005909442901611328
7154,25.0,821,0.9361412525177002,,,0.004361079074442387
7155,27.0,1161,1.310039758682251,,,0.006078662816435099
7156,28.0,1037,1.170384168624878,,,0.005115499719977379
7157,31.0,1142,1.2834773063659668,,,0.0040202210657298565
7158,27.0,1039,1.172391653060913,,,0.008583487011492252
7159,11.0,665,0.7609179019927979,,,0.005519727244973183
7160,27.0,1224,1.3739583492279053,,,0.0048879096284508705
7161,31.0,1258,1.4141874313354492,,,0.005876639857888222
7162,23.0,799,0.9086110591888428,,,0.005245924461632967
7163,21.0,747,0.8519437313079834,,,0.003290698165073991
7164,12.0,655,0.7506227493286133,,,0.006003654561936855
7165,21.0,810,0.9282855987548828,,,0.0062284208834171295
7166,31.0,1222,1.3796544075012207,,,0.0072875842452049255
7167,30.0,1214,1.3666470050811768,,,0.006809209939092398
7168,27.0,951,1.0701744556427002,,,0.07149066776037216
7169,29.0,1175,1.3289330005645752,,,0.002772982232272625
7170,23.0,939,1.0879669189453125,,,0.006219193339347839
7171,19.0,763,0.8719995021820068,,,0.005981161259114742
7172,32.0,1313,1.4756526947021484,,,0.003479643724858761
7173,28.0,899,1.021120548248291,,,0.007716243155300617
7174,15.0,771,0.8992063999176025,,,0.007945919409394264
7175,30.0,1163,1.343925952911377,,,0.004900824744254351
7176,18.0,820,0.9599478244781494,,,0.0033809547312557697
7177,15.0,752,0.8731429576873779,,,0.004975118674337864
7178,23.0,911,1.0480844974517822,,,0.007139122113585472
7179,22.0,797,0.9172890186309814,,,0.004584261681884527
7180,30.0,1361,1.5454037189483643,,,0.07034663110971451
7181,28.0,1396,1.5994715690612793,,,0.008982847444713116
7182,27.0,1029,1.1677443981170654,,,0.0035010804422199726
7183,20.0,628,0.7276606559753418,,,0.005536324344575405
7184,21.0,719,0.8196589946746826,,,0.004792260937392712
7185,31.0,1204,1.3484323024749756,,,0.009030957706272602
7186,30.0,1023,1.1461009979248047,,,0.009155845269560814
7187,23.0,1086,1.22273850440979,,,0.004696725867688656
7188,33.0,1191,1.3651902675628662,,,0.007539909332990646
7189,31.0,1262,1.4269523620605469,,,0.009161526337265968
7190,32.0,1246,1.4186797142028809,,,0.009272248484194279
7191,13.0,949,1.1061525344848633,,,0.006541960872709751
7192,29.0,1045,1.2023189067840576,,,0.009313886985182762
7193,32.0,1198,1.3842687606811523,,,0.07468512654304504
7194,16.0,629,0.7367312908172607,,,0.005275970324873924
7195,22.0,705,0.8283305168151855,,,0.004590341355651617
7196,31.0,1248,1.4361817836761475,,,0.07141070812940598
7197,28.0,1241,1.4336698055267334,,,0.006218418944627047
7198,27.0,1001,1.1557412147521973,,,0.006909562274813652
7199,25.0,974,1.1330411434173584,,,0.0712764784693718
7200,27.0,1061,1.230191707611084,,,0.007734725251793861
7201,32.0,1202,1.3886387348175049,,,0.004136388190090656
7202,29.0,1203,1.379657506942749,,,0.010432858020067215
7203,15.0,779,0.9027085304260254,,,0.005250931717455387
7204,28.0,1250,1.4081859588623047,,,0.008073425851762295
7205,27.0,1195,1.3511714935302734,,,0.002137814648449421
7206,29.0,1251,1.4049506187438965,,,0.006421337835490704
7207,30.0,1342,1.5143375396728516,,,0.004087391309440136
7208,25.0,892,1.031785249710083,,,0.005048569291830063
7209,23.0,959,1.114041805267334,,,0.004653978161513805
7210,2.0,387,0.45511674880981445,,,0.005259699188172817
7211,22.0,906,1.0546669960021973,,,0.003968812525272369
7212,23.0,836,0.9734551906585693,,,0.06554365158081055
7213,28.0,1100,1.2508304119110107,,,0.005100809037685394
7214,30.0,1022,1.1665308475494385,,,0.013181671500205994
7215,28.0,1109,1.2748751640319824,,,0.005254149902611971
7216,32.0,1192,1.365680456161499,,,0.006597230676561594
7217,29.0,1131,1.2959504127502441,,,0.008449118584394455
7218,22.0,945,1.0926852226257324,,,0.06440439075231552
7219,30.0,1110,1.260669231414795,,,0.006803357508033514
7220,27.0,982,1.1354875564575195,,,0.003942251205444336
7221,28.0,993,1.1523020267486572,,,0.0088252704590559
7222,26.0,1132,1.3172409534454346,,,0.07400049269199371
7223,29.0,1131,1.307945728302002,,,0.01065768115222454
7224,28.0,1240,1.427854299545288,,,0.003833015915006399
7225,29.0,911,1.0506389141082764,,,0.00965818203985691
7226,30.0,1005,1.156951665878296,,,0.006773721426725388
7227,33.0,1123,1.2892427444458008,,,0.0026802688371390104
7228,26.0,1089,1.2587101459503174,,,0.007666178047657013
7229,31.0,1434,1.6408283710479736,,,0.00911368615925312
7230,20.0,875,1.0203211307525635,,,0.008660946972668171
7231,30.0,1304,1.4932968616485596,,,0.009127204306423664
7232,32.0,1314,1.5142030715942383,,,0.006702539511024952
7233,24.0,993,1.1523263454437256,,,0.0038127931766211987
7234,30.0,1197,1.3803846836090088,,,0.004337308928370476
7235,30.0,1399,1.609788417816162,,,0.0045110080391168594
7236,28.0,1181,1.3532731533050537,,,0.005970947444438934
7237,36.0,1441,1.664358139038086,,,0.005841553211212158
7238,27.0,1260,1.4576935768127441,,,0.008774453774094582
7239,28.0,1055,1.2241742610931396,,,0.005490660201758146
7240,22.0,796,0.9179747104644775,,,0.00443533668294549
7241,16.0,578,0.6608076095581055,,,0.01076454110443592
7242,33.0,1140,1.278254508972168,,,0.03819999471306801
7243,29.0,1146,1.2767772674560547,,,0.005745657719671726
7244,31.0,1310,1.464381217956543,,,0.008861704729497433
7245,30.0,1045,1.1765797138214111,,,0.003401675261557102
7246,33.0,1254,1.4094572067260742,,,0.008879430592060089
7247,24.0,764,0.8629531860351562,,,0.010511850006878376
7248,28.0,1063,1.1915559768676758,,,0.006492501124739647
7249,30.0,1401,1.590984582901001,,,0.006331043317914009
7250,13.0,708,0.8314001560211182,,,0.009079892188310623
7251,29.0,1381,1.5835754871368408,,,0.0042810579761862755
7252,26.0,1175,1.3552279472351074,,,0.004086634144186974
7253,19.0,846,0.9682779312133789,,,0.007864020764827728
7254,29.0,1217,1.3708786964416504,,,0.0058582136407494545
7255,39.0,1418,1.6283349990844727,,,0.003851467976346612
7256,25.0,943,1.093907117843628,,,0.015093259513378143
7257,21.0,977,1.1368024349212646,,,0.00914468802511692
7258,35.0,1556,1.7845046520233154,,,0.006334404461085796
7259,25.0,895,1.0358805656433105,,,0.007806700654327869
7260,18.0,901,1.043166160583496,,,0.0053028082475066185
7261,26.0,1120,1.2932393550872803,,,0.011885133571922779
7262,30.0,941,1.0820164680480957,,,0.005032054614275694
7263,28.0,1077,1.2430026531219482,,,0.004513468127697706
7264,31.0,1103,1.241868257522583,,,0.00398389995098114
7265,38.0,1455,1.6485402584075928,,,0.005689151585102081
7266,23.0,913,1.034642219543457,,,0.004641604609787464
7267,25.0,1019,1.1597199440002441,,,0.003714189399033785
7268,15.0,815,0.948768138885498,,,0.006315748207271099
7269,28.0,1058,1.2141845226287842,,,0.003960747271776199
7270,31.0,1033,1.188734769821167,,,0.004394784569740295
7271,19.0,767,0.8955583572387695,,,0.009587143547832966
7272,31.0,1427,1.636230707168579,,,0.00679553858935833
7273,26.0,1125,1.294538974761963,,,0.008040163666009903
7274,19.0,927,1.0868332386016846,,,0.006180020049214363
7275,31.0,1125,1.2880825996398926,,,0.003684694878757
7276,26.0,1097,1.249927282333374,,,0.007465862203389406
7277,22.0,792,0.9189023971557617,,,0.0049249110743403435
7278,11.0,506,0.596132755279541,,,0.06891494989395142
7279,10.0,528,0.619800329208374,,,0.008480362594127655
7280,29.0,917,1.0645196437835693,,,0.006020424887537956
7281,20.0,829,0.9659740924835205,,,0.010364092886447906
7282,29.0,1058,1.2270407676696777,,,0.004220897331833839
7283,19.0,681,0.7989926338195801,,,0.002748981351032853
7284,40.0,1963,2.2747976779937744,,,0.007998679764568806
7285,22.0,676,0.7851436138153076,,,0.0052546123042702675
7286,32.0,1204,1.3680486679077148,,,0.005815983284264803
7287,31.0,1261,1.4217119216918945,,,0.006502911914139986
7288,27.0,975,1.1020252704620361,,,0.007018080912530422
7289,30.0,1141,1.319671630859375,,,0.0028061899356544018
7290,27.0,1058,1.2204184532165527,,,0.004850785247981548
7291,28.0,1031,1.1859664916992188,,,0.05515722185373306
7292,28.0,785,0.9186844825744629,,,0.005090465769171715
7293,27.0,1019,1.1843457221984863,,,0.005075240507721901
7294,26.0,1143,1.3202948570251465,,,0.006148294545710087
7295,31.0,808,0.9257111549377441,,,0.0041266330517828465
7296,26.0,977,1.1225135326385498,,,0.004805145785212517
7297,34.0,1307,1.4759864807128906,,,0.008501540869474411
7298,25.0,930,1.0545294284820557,,,0.005437331274151802
7299,25.0,981,1.1080739498138428,,,0.008705276995897293
7300,30.0,1121,1.2842516899108887,,,0.006983347237110138
7301,22.0,1062,1.240246295928955,,,0.005016937851905823
7302,30.0,1325,1.521918773651123,,,0.005125863943248987
7303,25.0,1165,1.3519692420959473,,,0.004054323770105839
7304,26.0,972,1.1267435550689697,,,0.008801566436886787
7305,25.0,968,1.127671241760254,,,0.009196251630783081
7306,23.0,930,1.0936806201934814,,,0.005466415546834469
7307,30.0,1279,1.4678401947021484,,,0.003965261857956648
7308,23.0,797,0.9266781806945801,,,0.004208974074572325
7309,23.0,706,0.8159823417663574,,,0.004229682497680187
7310,32.0,1249,1.4353001117706299,,,0.0034117691684514284
7311,30.0,1091,1.2543079853057861,,,0.009074099361896515
7312,31.0,1171,1.3387424945831299,,,0.006322705186903477
7313,33.0,1260,1.4361634254455566,,,0.008046361617743969
7314,30.0,1086,1.2428569793701172,,,0.003827609121799469
7315,32.0,1351,1.5093319416046143,,,0.002803951036185026
7316,32.0,1056,1.1801764965057373,,,0.006886771414428949
7317,26.0,987,1.1154093742370605,,,0.007467973046004772
7318,17.0,817,0.9317207336425781,,,0.0038312552496790886
7319,17.0,608,0.6933987140655518,,,0.005149116739630699
7320,32.0,930,1.0449283123016357,,,0.004758869297802448
7321,29.0,1298,1.4505107402801514,,,0.006867311894893646
7322,29.0,1098,1.2371697425842285,,,0.006470953114330769
7323,14.0,502,0.5872337818145752,,,0.004122230224311352
7324,26.0,1025,1.1809184551239014,,,0.006788189522922039
7325,32.0,1273,1.4617538452148438,,,0.007916774600744247
7326,24.0,1158,1.346369743347168,,,0.008325056172907352
7327,20.0,783,0.9104368686676025,,,0.008628780022263527
7328,12.0,724,0.8520541191101074,,,0.003648119978606701
7329,18.0,905,1.062833547592163,,,0.005365753546357155
7330,30.0,1335,1.5375432968139648,,,0.005249368958175182
7331,31.0,1204,1.3867461681365967,,,0.007693341933190823
7332,31.0,1241,1.4263904094696045,,,0.004968197084963322
7333,30.0,1026,1.1742169857025146,,,0.004304004833102226
7334,27.0,1030,1.1619107723236084,,,0.005097243469208479
7335,28.0,1228,1.3718996047973633,,,0.007899446412920952
7336,16.0,876,0.9965801239013672,,,0.020557858049869537
7337,19.0,853,0.9697151184082031,,,0.07041247934103012
7338,13.0,704,0.8031268119812012,,,0.08218098431825638
7339,30.0,1211,1.3674495220184326,,,0.003623741213232279
7340,22.0,791,0.9171831607818604,,,0.006349332630634308
7341,29.0,917,1.0605683326721191,,,0.0077530634589493275
7342,20.0,740,0.8576464653015137,,,0.006692096590995789
7343,17.0,681,0.7999804019927979,,,0.005372683983296156
7344,32.0,1049,1.1967568397521973,,,0.004483815748244524
7345,26.0,1041,1.2012989521026611,,,0.004870169330388308
7346,14.0,885,1.0173029899597168,,,0.008253646083176136
7347,14.0,731,0.8569464683532715,,,0.003166808746755123
7348,28.0,1116,1.2923767566680908,,,0.010538443922996521
7349,23.0,986,1.1233744621276855,,,0.005383007228374481
7350,31.0,1286,1.4480791091918945,,,0.009552780538797379
7351,29.0,1021,1.150010347366333,,,0.003924657590687275
7352,18.0,719,0.8231182098388672,,,0.013418721035122871
7353,50.0,2141,2.4310779571533203,,,0.006305650807917118
7354,24.0,1299,1.4817800521850586,,,0.004639691207557917
7355,23.0,1143,1.327385425567627,,,0.0038005257956683636
7356,25.0,808,0.9334583282470703,,,0.005512627307325602
7357,31.0,1106,1.271381139755249,,,0.008410096168518066
7358,23.0,872,1.0167245864868164,,,0.005032310262322426
7359,14.0,821,0.9610214233398438,,,0.007578928954899311
7360,31.0,1179,1.360001802444458,,,0.004463881719857454
7361,27.0,1051,1.2219672203063965,,,0.008698387071490288
7362,29.0,1105,1.2736914157867432,,,0.0054275537841022015
7363,26.0,1051,1.2214558124542236,,,0.006027682218700647
7364,26.0,1127,1.3026788234710693,,,0.0069289011880755424
7365,29.0,1033,1.1942777633666992,,,0.007236868143081665
7366,29.0,897,1.0447933673858643,,,0.00910537876188755
7367,32.0,1253,1.439666748046875,,,0.005014264490455389
7368,28.0,1156,1.3290259838104248,,,0.0064653996378183365
7369,21.0,960,1.0937786102294922,,,0.07033401727676392
7370,18.0,653,0.7488052845001221,,,0.0067250682041049
7371,32.0,1299,1.493445634841919,,,0.004604244139045477
7372,17.0,730,0.8584206104278564,,,0.011301795020699501
7373,46.0,1644,1.902395248413086,,,0.004366948269307613
7374,27.0,1273,1.4338116645812988,,,0.008460614830255508
7375,28.0,1090,1.2588911056518555,,,0.007734672166407108
7376,25.0,890,1.0377585887908936,,,0.009659169241786003
7377,27.0,1136,1.2998738288879395,,,0.010965954512357712
7378,32.0,985,1.111832857131958,,,0.0025394498370587826
7379,20.0,757,0.8597991466522217,,,0.009313881397247314
7380,18.0,999,1.1372129917144775,,,0.004303168039768934
7381,23.0,1089,1.247230052947998,,,0.0036972840316593647
7382,29.0,1066,1.2185916900634766,,,0.004719334188848734
7383,28.0,1125,1.2581286430358887,,,0.015596219338476658
7384,16.0,782,0.9076418876647949,,,0.009107539430260658
7385,28.0,1018,1.1736986637115479,,,0.006706762593239546
7386,27.0,1252,1.4489703178405762,,,0.00790936779230833
7387,27.0,1157,1.3393218517303467,,,0.0068012624979019165
7388,26.0,1067,1.2372345924377441,,,0.004471802618354559
7389,31.0,1406,1.621178150177002,,,0.00954614020884037
7390,31.0,1180,1.3362994194030762,,,0.007662702351808548
7391,26.0,1375,1.5696585178375244,,,0.0064695049077272415
7392,24.0,951,1.0992989540100098,,,0.005698035471141338
7393,43.0,1714,1.9925529956817627,,,0.004773438908159733
7394,43.0,1487,1.7215471267700195,,,0.004266875330358744
7395,31.0,1100,1.2668914794921875,,,0.007648754864931107
7396,22.0,975,1.1325507164001465,,,0.003012161934748292
7397,30.0,1424,1.6318588256835938,,,0.005282245576381683
7398,26.0,1095,1.267214059829712,,,0.0060907453298568726
7399,21.0,918,1.0698740482330322,,,0.003487156005576253
7400,26.0,1183,1.378525972366333,,,0.010095598176121712
7401,16.0,675,0.7955837249755859,,,0.010133393108844757
7402,30.0,1255,1.4531826972961426,,,0.0064564966596663
7403,25.0,887,1.0310556888580322,,,0.061613891273736954
7404,27.0,1387,1.6037263870239258,,,0.0050675044767558575
7405,12.0,475,0.5646088123321533,,,0.007287981919944286
7406,27.0,1037,1.197378158569336,,,0.007952782325446606
7407,31.0,1108,1.287336826324463,,,0.01072482205927372
7408,30.0,1207,1.402510404586792,,,0.0041980561800301075
7409,34.0,1348,1.5468928813934326,,,0.006440308876335621
7410,14.0,589,0.6906092166900635,,,0.0057210056111216545
7411,32.0,1425,1.6303448677062988,,,0.014659276232123375
7412,22.0,845,0.9704990386962891,,,0.004910035524517298
7413,26.0,1037,1.2099194526672363,,,0.006016083061695099
7414,28.0,1250,1.4411287307739258,,,0.09645526856184006
7415,4.0,342,0.40452146530151367,,,0.00521127600222826
7416,13.0,485,0.5707845687866211,,,0.005967229604721069
7417,26.0,1154,1.342092514038086,,,0.007109550759196281
7418,25.0,938,1.0851693153381348,,,0.005160495638847351
7419,25.0,964,1.125427007675171,,,0.008183367550373077
7420,25.0,803,0.9359269142150879,,,0.005397431086748838
7421,32.0,1197,1.3550689220428467,,,0.005505641922354698
7422,26.0,1057,1.2135071754455566,,,0.005026713013648987
7423,27.0,1169,1.3359384536743164,,,0.009299532510340214
7424,27.0,1018,1.1874465942382812,,,0.008559987880289555
7425,18.0,961,1.127063512802124,,,0.008162572048604488
7426,27.0,1310,1.4894309043884277,,,0.008434745483100414
7427,21.0,633,0.7249763011932373,,,0.00564078101888299
7428,22.0,796,0.9052913188934326,,,0.0035374511498957872
7429,63.0,2421,2.7613511085510254,,,0.006201038137078285
7430,30.0,1467,1.6647582054138184,,,0.012210586108267307
7431,28.0,1113,1.2490489482879639,,,0.004698778968304396
7432,43.0,1785,2.002790927886963,,,0.07523372769355774
7433,14.0,741,0.860166072845459,,,0.011323906481266022
7434,28.0,1397,1.5661332607269287,,,0.005555249750614166
7435,22.0,777,0.8799004554748535,,,0.011293953284621239
7436,29.0,1071,1.1961722373962402,,,0.008763715624809265
7437,19.0,1098,1.2602479457855225,,,0.007535234559327364
7438,30.0,1182,1.3807916641235352,,,0.005919572431594133
7439,15.0,651,0.7617661952972412,,,0.006803631782531738
7440,28.0,1188,1.3768107891082764,,,0.011846115812659264
7441,23.0,1053,1.222224235534668,,,0.007851884700357914
7442,31.0,1137,1.2896184921264648,,,0.006733580492436886
7443,27.0,1326,1.4911274909973145,,,0.0046510715037584305
7444,52.0,2147,2.4645235538482666,,,0.004114450886845589
7445,31.0,1042,1.2033557891845703,,,0.005145055241882801
7446,14.0,723,0.8525397777557373,,,0.0046381717547774315
7447,26.0,1064,1.2307372093200684,,,0.007952984422445297
7448,27.0,1197,1.3889906406402588,,,0.009133674204349518
7449,24.0,1093,1.271927833557129,,,0.006344080436974764
7450,28.0,1139,1.3110871315002441,,,0.00705630611628294
7451,18.0,1059,1.2415392398834229,,,0.0030678482726216316
7452,30.0,1163,1.350442886352539,,,0.004077038262039423
7453,8.0,493,0.575523853302002,,,0.004818837624043226
7454,23.0,854,0.9879515171051025,,,0.01160375028848648
7455,21.0,919,1.073150396347046,,,0.018878327682614326
7456,23.0,1028,1.1733429431915283,,,0.006493137218058109
7457,4.0,345,0.39969873428344727,,,0.008952931500971317
7458,20.0,955,1.1010973453521729,,,0.0744590014219284
7459,15.0,513,0.6031291484832764,,,0.005348410923033953
7460,25.0,851,0.9869503974914551,,,0.007085780613124371
7461,21.0,729,0.8549482822418213,,,0.018370943143963814
7462,26.0,874,1.0185155868530273,,,0.01118408516049385
7463,17.0,831,0.9743163585662842,,,0.009265972301363945
7464,22.0,919,1.0700194835662842,,,0.004451283253729343
7465,30.0,1363,1.5450849533081055,,,0.10028347373008728
7466,38.0,1591,1.7838962078094482,,,0.09211402386426926
7467,31.0,1419,1.5834779739379883,,,0.007271896116435528
7468,26.0,779,0.8783459663391113,,,0.010791217908263206
7469,21.0,883,1.008821964263916,,,0.012181824073195457
7470,31.0,1198,1.3660557270050049,,,0.006952129304409027
7471,25.0,900,1.036005973815918,,,0.007479753345251083
7472,30.0,1157,1.3292932510375977,,,0.16389073431491852
7473,30.0,1139,1.3052945137023926,,,0.0065854997374117374
7474,32.0,1170,1.3429241180419922,,,0.010201029479503632
7475,25.0,804,0.9465394020080566,,,0.005726055707782507
7476,30.0,1239,1.4315922260284424,,,0.020711861550807953
7477,22.0,821,0.9448368549346924,,,0.012178240343928337
7478,32.0,1490,1.659257411956787,,,0.03790716454386711
7479,32.0,1245,1.4099934101104736,,,0.0037158539053052664
7480,25.0,846,0.9788970947265625,,,0.003992160782217979
7481,30.0,1120,1.269033670425415,,,0.005061830393970013
7482,25.0,959,1.0809612274169922,,,0.014399835839867592
7483,24.0,883,0.9954385757446289,,,0.005969538353383541
7484,32.0,1099,1.23179292678833,,,0.009065037593245506
7485,26.0,1202,1.3396070003509521,,,0.04927452653646469
7486,32.0,1275,1.4209973812103271,,,0.01347823441028595
7487,31.0,1290,1.4347460269927979,,,0.006235214881598949
7488,28.0,936,1.068281888961792,,,0.002700371667742729
7489,17.0,846,0.9642670154571533,,,0.006281287409365177
7490,24.0,1027,1.1651055812835693,,,0.00485225860029459
7491,23.0,1032,1.2001941204071045,,,0.004208119120448828
7492,31.0,1121,1.2813224792480469,,,0.004481364041566849
7493,16.0,1003,1.139460563659668,,,0.01518513634800911
7494,26.0,1100,1.2303202152252197,,,0.0172413419932127
7495,29.0,1037,1.1557626724243164,,,0.004298386629670858
7496,27.0,1020,1.1483476161956787,,,0.004236084409058094
7497,25.0,852,0.9552445411682129,,,0.005358648486435413
7498,28.0,1208,1.351135015487671,,,0.008139809593558311
7499,27.0,1051,1.1747028827667236,,,0.006109197158366442
7500,30.0,1268,1.4256701469421387,,,0.008801694959402084
7501,19.0,881,1.0113577842712402,,,0.0038302941247820854
7502,30.0,1241,1.396610975265503,,,0.009251272305846214
7503,28.0,1142,1.3157804012298584,,,0.006342511624097824
7504,26.0,1057,1.2144100666046143,,,0.005252694711089134
7505,28.0,1219,1.3800408840179443,,,0.013834039680659771
7506,25.0,1175,1.335479974746704,,,0.005787592381238937
7507,30.0,1187,1.3276267051696777,,,0.009884310886263847
7508,21.0,844,0.9544625282287598,,,0.009722966700792313
7509,31.0,1436,1.6067078113555908,,,0.006976282224059105
7510,28.0,1158,1.2934577465057373,,,0.0034195934422314167
7511,26.0,1137,1.2718405723571777,,,0.00519914273172617
7512,10.0,654,0.7580733299255371,,,0.008779623545706272
7513,29.0,1087,1.2476794719696045,,,0.006234769709408283
7514,22.0,1004,1.173515796661377,,,0.016750546172261238
7515,31.0,1210,1.404853105545044,,,0.010596582666039467
7516,21.0,845,0.9857842922210693,,,0.007046098355203867
7517,32.0,1299,1.4924767017364502,,,0.005162773188203573
7518,32.0,1469,1.6864728927612305,,,0.005784085486084223
7519,31.0,1143,1.3004052639007568,,,0.009025109931826591
7520,22.0,977,1.123795986175537,,,0.007555491290986538
7521,26.0,941,1.084150791168213,,,0.005951558705419302
7522,22.0,733,0.8482270240783691,,,0.00834119413048029
7523,22.0,967,1.1017820835113525,,,0.004501127637922764
7524,29.0,1141,1.3010411262512207,,,0.008319979533553123
7525,27.0,1121,1.294058084487915,,,0.009214159101247787
7526,31.0,1264,1.447103500366211,,,0.0058292304165661335
7527,27.0,1219,1.3852076530456543,,,0.008106810972094536
7528,29.0,1093,1.2309420108795166,,,0.00794683862477541
7529,22.0,1121,1.2759041786193848,,,0.003663319628685713
7530,28.0,1143,1.2798197269439697,,,0.007749229669570923
7531,33.0,1263,1.4324321746826172,,,0.004550071433186531
7532,17.0,755,0.8668372631072998,,,0.003655290463939309
7533,28.0,891,1.0075280666351318,,,0.005198388360440731
7534,27.0,1033,1.1662547588348389,,,0.0042776744812726974
7535,23.0,1074,1.2227213382720947,,,0.010955387726426125
7536,8.0,475,0.5466043949127197,,,0.0025385620538145304
7537,31.0,1387,1.553800344467163,,,0.006568657234311104
7538,18.0,851,0.971168041229248,,,0.007250688504427671
7539,24.0,983,1.110487461090088,,,0.01518172211945057
7540,29.0,1119,1.2678987979888916,,,0.0018063499592244625
7541,29.0,1073,1.2067573070526123,,,0.007580502890050411
7542,24.0,1055,1.190338134765625,,,0.004496004432439804
7543,31.0,1015,1.143040657043457,,,0.0037778846453875303
7544,25.0,843,0.9577248096466064,,,0.0045326463878154755
7545,30.0,1192,1.3357501029968262,,,0.0037947578821331263
7546,25.0,1272,1.457838535308838,,,0.004296698607504368
7547,21.0,767,0.8915166854858398,,,0.004261521156877279
7548,26.0,981,1.1463804244995117,,,0.004483720287680626
7549,30.0,947,1.099325180053711,,,0.009082126431167126
7550,31.0,1331,1.5361032485961914,,,0.006047997158020735
7551,20.0,1053,1.2203001976013184,,,0.006434273906052113
7552,32.0,1051,1.2088673114776611,,,0.0037495698779821396
7553,24.0,1105,1.2528669834136963,,,0.00750508438795805
7554,26.0,882,1.0032024383544922,,,0.0049689458683133125
7555,18.0,865,0.9942660331726074,,,0.011812887154519558
7556,37.0,1503,1.6913812160491943,,,0.006530369631946087
7557,20.0,831,0.9523038864135742,,,0.06916583329439163
7558,35.0,1368,1.547058343887329,,,0.00550476647913456
7559,36.0,1369,1.5357320308685303,,,0.008499628864228725
7560,24.0,863,0.986769437789917,,,0.005826632026582956
7561,31.0,1401,1.6109395027160645,,,0.005602770019322634
7562,25.0,1046,1.211730718612671,,,0.009023372083902359
7563,30.0,1205,1.3935999870300293,,,0.004331863019615412
7564,34.0,1329,1.5294008255004883,,,0.006854446604847908
7565,29.0,1087,1.2478480339050293,,,0.004529238678514957
7566,28.0,1257,1.4154109954833984,,,0.007265348918735981
7567,28.0,1040,1.1781649589538574,,,0.006004482973366976
7568,34.0,1297,1.474625587463379,,,0.0073885186575353146
7569,20.0,869,0.9861817359924316,,,0.004467634484171867
7570,17.0,771,0.8771417140960693,,,0.004323688335716724
7571,31.0,1129,1.292677640914917,,,0.06653862446546555
7572,25.0,1143,1.3184847831726074,,,0.09232961386442184
7573,34.0,1237,1.421412467956543,,,0.006595337763428688
7574,28.0,1149,1.3222858905792236,,,0.003797337180003524
7575,31.0,1295,1.4762358665466309,,,0.015006111934781075
7576,32.0,1027,1.153594732284546,,,0.0037050731480121613
7577,28.0,1403,1.572953224182129,,,0.004792474210262299
7578,30.0,1208,1.3699584007263184,,,0.006022128742188215
7579,28.0,991,1.1311068534851074,,,0.08747690916061401
7580,30.0,1266,1.4268507957458496,,,0.07177075743675232
7581,24.0,701,0.7966680526733398,,,0.057946834713220596
7582,20.0,767,0.8762025833129883,,,0.004989584442228079
7583,20.0,854,0.9712951183319092,,,0.005351948086172342
7584,21.0,719,0.8165383338928223,,,0.0069452375173568726
7585,29.0,1217,1.3650715351104736,,,0.004465993959456682
7586,58.0,2171,2.4423015117645264,,,0.012266824021935463
7587,29.0,1133,1.2700598239898682,,,0.0038985400460660458
7588,15.0,757,0.8622608184814453,,,0.007548771798610687
7589,22.0,1020,1.1528494358062744,,,0.007635778281837702
7590,18.0,841,0.9615638256072998,,,0.007605154998600483
7591,28.0,1123,1.2596807479858398,,,0.0075575606897473335
7592,25.0,1116,1.256312370300293,,,0.005644164979457855
7593,23.0,915,1.0375092029571533,,,0.004735217429697514
7594,32.0,1391,1.5566511154174805,,,0.006102713756263256
7595,30.0,1113,1.2467098236083984,,,0.012297544628381729
7596,26.0,1199,1.3490755558013916,,,0.005466043017804623
7597,33.0,1176,1.316558599472046,,,0.006518213544040918
7598,28.0,1398,1.5698726177215576,,,0.006609980016946793
7599,14.0,614,0.7037088871002197,,,0.007818872109055519
7600,24.0,926,1.0501914024353027,,,0.011024955660104752
7601,25.0,932,1.0575006008148193,,,0.004719380289316177
7602,14.0,581,0.6651597023010254,,,0.008973398245871067
7603,26.0,997,1.129788875579834,,,0.010053541511297226
7604,23.0,827,0.9373111724853516,,,0.08735126256942749
7605,25.0,925,1.0454726219177246,,,0.005204395391047001
7606,19.0,773,0.888308048248291,,,0.00868360698223114
7607,29.0,1085,1.2142517566680908,,,0.18279600143432617
7608,31.0,1227,1.3771963119506836,,,0.0059619080275297165
7609,21.0,936,1.0707128047943115,,,0.00985873956233263
7610,26.0,857,0.9940299987792969,,,0.006307278294116259
7611,26.0,1033,1.1674206256866455,,,0.0033909520134329796
7612,28.0,1248,1.3890483379364014,,,0.006263022311031818
7613,25.0,1026,1.1839501857757568,,,0.007839107885956764
7614,30.0,1195,1.3706865310668945,,,0.06401855498552322
7615,31.0,1201,1.3705954551696777,,,0.004965146072208881
7616,47.0,1797,2.0428240299224854,,,0.004951521288603544
7617,24.0,809,0.9389348030090332,,,0.004955995827913284
7618,22.0,949,1.0922393798828125,,,0.007379571907222271
7619,26.0,963,1.1081750392913818,,,0.007289438974112272
7620,23.0,1118,1.2944636344909668,,,0.004781892988830805
7621,25.0,957,1.0885193347930908,,,0.003836466930806637
7622,13.0,605,0.6933352947235107,,,0.009573329240083694
7623,25.0,1123,1.2953288555145264,,,0.015264298766851425
7624,19.0,613,0.7187850475311279,,,0.009796977043151855
7625,23.0,895,1.0164244174957275,,,0.00623300252482295
7626,32.0,1160,1.2926368713378906,,,0.008126861415803432
7627,25.0,1114,1.2522046566009521,,,0.010812453925609589
7628,30.0,1020,1.1363630294799805,,,0.005525053478777409
7629,31.0,1262,1.4122490882873535,,,0.0037496662698686123
7630,27.0,1005,1.1355788707733154,,,0.004475862719118595
7631,36.0,1465,1.632462739944458,,,0.004712510388344526
7632,30.0,1205,1.3407180309295654,,,0.009139640256762505
7633,29.0,960,1.0947856903076172,,,0.013664842583239079
7634,23.0,792,0.9128463268280029,,,0.0035090523306280375
7635,22.0,931,1.0869593620300293,,,0.006293551530689001
7636,29.0,971,1.122767686843872,,,0.0617026723921299
7637,33.0,1035,1.1667530536651611,,,0.06685788929462433
7638,47.0,1770,1.9871852397918701,,,0.007184372283518314
7639,29.0,1185,1.3173797130584717,,,0.006022270768880844
7640,21.0,921,1.0650184154510498,,,0.011706605553627014
7641,32.0,1495,1.6720824241638184,,,0.00361580029129982
7642,25.0,726,0.8219828605651855,,,0.00838002935051918
7643,34.0,1042,1.189763069152832,,,0.0032791662961244583
7644,32.0,1156,1.3150067329406738,,,0.01278372760862112
7645,26.0,1046,1.2043883800506592,,,0.06491237133741379
7646,11.0,747,0.8702962398529053,,,0.008746549487113953
7647,24.0,891,1.0391511917114258,,,0.0074050528928637505
7648,34.0,1329,1.5187029838562012,,,0.003104086732491851
7649,23.0,843,0.9636189937591553,,,0.006395434029400349
7650,31.0,1365,1.5750672817230225,,,0.003971288446336985
7651,26.0,1113,1.2837939262390137,,,0.003024980891495943
7652,24.0,899,1.0422112941741943,,,0.004189415834844112
7653,29.0,1197,1.3749351501464844,,,0.0070005059242248535
7654,26.0,865,0.9816439151763916,,,0.004130993969738483
7655,23.0,933,1.0504217147827148,,,0.004549254663288593
7656,30.0,1266,1.4192044734954834,,,0.005655063781887293
7657,24.0,859,0.9693520069122314,,,0.005448293872177601
7658,27.0,1175,1.3133835792541504,,,0.006223604083061218
7659,23.0,802,0.9046494960784912,,,0.005183860193938017
7660,18.0,671,0.7598693370819092,,,0.06792007386684418
7661,33.0,1123,1.2526814937591553,,,0.016112590208649635
7662,26.0,983,1.1010751724243164,,,0.005228931084275246
7663,20.0,963,1.1029748916625977,,,0.007635428570210934
7664,18.0,909,1.0654771327972412,,,0.010920034721493721
7665,31.0,1437,1.6565258502960205,,,0.012998133897781372
7666,16.0,569,0.6479463577270508,,,0.00630900589749217
7667,19.0,1009,1.1463134288787842,,,0.004247576929628849
7668,29.0,1299,1.4588079452514648,,,0.006470127031207085
7669,23.0,949,1.0884904861450195,,,0.004042525310069323
7670,22.0,808,0.915912389755249,,,0.0060569895431399345
7671,16.0,756,0.864022970199585,,,0.007846963591873646
7672,25.0,757,0.8600521087646484,,,0.004296307452023029
7673,18.0,707,0.8134536743164062,,,0.006563181057572365
7674,37.0,1627,1.8738954067230225,,,0.06527313590049744
7675,29.0,1126,1.295154333114624,,,0.0075235688127577305
7676,25.0,975,1.1136071681976318,,,0.007065189070999622
7677,25.0,931,1.0709679126739502,,,0.004851796664297581
7678,23.0,826,0.9654445648193359,,,0.004059797618538141
7679,32.0,1108,1.2562479972839355,,,0.007415445521473885
7680,31.0,992,1.1301231384277344,,,0.0030378391966223717
7681,31.0,1163,1.3391039371490479,,,0.015050954185426235
7682,31.0,1146,1.3161888122558594,,,0.0057417238131165504
7683,26.0,1140,1.3180198669433594,,,0.005922169424593449
7684,29.0,1247,1.4267864227294922,,,0.004800240509212017
7685,29.0,1079,1.2421224117279053,,,0.009221120737493038
7686,21.0,757,0.8841426372528076,,,0.005243304185569286
7687,13.0,495,0.5822839736938477,,,0.012460571713745594
7688,26.0,897,1.0431890487670898,,,0.006247242912650108
7689,23.0,907,1.0373156070709229,,,0.0089629627764225
7690,31.0,1307,1.458601951599121,,,0.06765072792768478
7691,32.0,989,1.1196215152740479,,,0.011986490339040756
7692,26.0,1215,1.4033043384552002,,,0.006786434445530176
7693,24.0,1053,1.2179675102233887,,,0.006933148019015789
7694,17.0,605,0.7054307460784912,,,0.004370125941932201
7695,12.0,581,0.6802890300750732,,,0.004863182082772255
7696,28.0,1182,1.346954345703125,,,0.006627138704061508
7697,42.0,1707,1.9303643703460693,,,0.005943730007857084
7698,29.0,1077,1.2161576747894287,,,0.008914178237318993
7699,15.0,911,1.0398924350738525,,,0.005075844936072826
7700,30.0,1266,1.4187262058258057,,,0.006096898578107357
7701,22.0,1334,1.5443360805511475,,,0.0127761485055089
7702,15.0,882,1.0310583114624023,,,0.0036036395467817783
7703,28.0,1027,1.184340000152588,,,0.005632520653307438
7704,19.0,1193,1.3952279090881348,,,0.007313095964491367
7705,29.0,1035,1.184204339981079,,,0.005705484189093113
7706,28.0,1200,1.3699960708618164,,,0.006266824901103973
7707,30.0,1211,1.3518061637878418,,,0.009250828996300697
7708,29.0,1178,1.3193895816802979,,,0.004479557275772095
7709,32.0,1325,1.4885451793670654,,,0.007234771735966206
7710,28.0,1308,1.4647374153137207,,,0.0035051682498306036
7711,31.0,1017,1.1404783725738525,,,0.06518915295600891
7712,21.0,733,0.8315563201904297,,,0.01327415369451046
7713,20.0,709,0.8049614429473877,,,0.0027049523778259754
7714,27.0,1197,1.3556828498840332,,,0.006928316317498684
7715,23.0,1033,1.1723110675811768,,,0.005960686597973108
7716,29.0,1064,1.2087924480438232,,,0.07168850302696228
7717,26.0,1122,1.295410394668579,,,0.004361920524388552
7718,26.0,1339,1.5402398109436035,,,0.005978482775390148
7719,19.0,993,1.1643891334533691,,,0.00413083890452981
7720,24.0,802,0.9320724010467529,,,0.006286608055233955
7721,28.0,1029,1.1881632804870605,,,0.003557892981916666
7722,15.0,539,0.6292126178741455,,,0.00733061321079731
7723,19.0,767,0.8715903759002686,,,0.00792933814227581
7724,27.0,1149,1.283092975616455,,,0.004514685831964016
7725,28.0,1211,1.3575351238250732,,,0.007015428505837917
7726,28.0,1209,1.3824436664581299,,,0.004951331298798323
7727,33.0,1291,1.4750497341156006,,,0.004351556766778231
7728,25.0,1011,1.170712947845459,,,0.006147046107798815
7729,29.0,1071,1.2317404747009277,,,0.0037189507856965065
7730,25.0,1120,1.2944231033325195,,,0.01306262705475092
7731,21.0,1027,1.1825623512268066,,,0.0066591170616447926
7732,20.0,851,0.9899792671203613,,,0.004861817695200443
7733,15.0,673,0.7884712219238281,,,0.006099094171077013
7734,6.0,372,0.4397127628326416,,,0.013915103860199451
7735,28.0,1015,1.1729412078857422,,,0.003059299662709236
7736,30.0,1187,1.3597285747528076,,,0.1505565047264099
7737,13.0,682,0.7941253185272217,,,0.006131332367658615
7738,24.0,853,0.9926137924194336,,,0.014486899599432945
7739,23.0,1056,1.2300784587860107,,,0.003732577431946993
7740,19.0,894,1.0365724563598633,,,0.004562739282846451
7741,20.0,657,0.7527952194213867,,,0.006272273138165474
7742,29.0,1069,1.2082571983337402,,,0.004320506472140551
7743,28.0,1281,1.4387421607971191,,,0.005110584199428558
7744,32.0,1263,1.4171605110168457,,,0.005229508504271507
7745,30.0,1151,1.2978930473327637,,,0.00640706205740571
7746,25.0,1054,1.189742088317871,,,0.003538015764206648
7747,19.0,718,0.8315849304199219,,,0.005154102575033903
7748,28.0,989,1.1257505416870117,,,0.0660475343465805
7749,30.0,1093,1.2361257076263428,,,0.00571460509672761
7750,25.0,747,0.8473658561706543,,,0.00671122781932354
7751,32.0,1127,1.2646608352661133,,,0.004600656218826771
7752,30.0,1215,1.3847377300262451,,,0.009632419794797897
7753,27.0,1079,1.2380030155181885,,,0.08794514834880829
7754,30.0,1031,1.1817259788513184,,,0.0050578429363667965
7755,26.0,1134,1.3061378002166748,,,0.0070488168857991695
7756,24.0,805,0.9354968070983887,,,0.00358046917244792
7757,28.0,1252,1.4407322406768799,,,0.006055857054889202
7758,24.0,1007,1.1704983711242676,,,0.009909032844007015
7759,14.0,737,0.8587441444396973,,,0.003813554998487234
7760,25.0,1095,1.2729222774505615,,,0.005727562587708235
7761,30.0,1025,1.1843671798706055,,,0.004546359647065401
7762,29.0,1149,1.3303205966949463,,,0.019996287301182747
7763,11.0,651,0.7653672695159912,,,0.07573398947715759
7764,28.0,1085,1.253868818283081,,,0.005260109901428223
7765,30.0,1360,1.5331854820251465,,,0.004327361937612295
7766,22.0,909,1.0372357368469238,,,0.00451674684882164
7767,28.0,1278,1.4372673034667969,,,0.004089567810297012
7768,28.0,1201,1.3505549430847168,,,0.006487023085355759
7769,22.0,1037,1.1782565116882324,,,0.06718435883522034
7770,24.0,909,1.0571191310882568,,,0.005691272206604481
7771,19.0,911,1.06302809715271,,,0.004606649279594421
7772,20.0,852,0.9916338920593262,,,0.00679625291377306
7773,32.0,1031,1.187464714050293,,,0.008956224657595158
7774,33.0,1177,1.3438215255737305,,,0.006525260861963034
7775,23.0,918,1.0446727275848389,,,0.005772815085947514
7776,28.0,1154,1.3349552154541016,,,0.008248338475823402
7777,31.0,1135,1.306821584701538,,,0.009677773341536522
7778,23.0,913,1.06292724609375,,,0.007064212113618851
7779,33.0,1308,1.489830732345581,,,0.01128036342561245
7780,30.0,1020,1.1729998588562012,,,0.008825807832181454
7781,16.0,594,0.6895530223846436,,,0.06543421000242233
7782,28.0,994,1.1234714984893799,,,0.004784171003848314
7783,23.0,1057,1.212188482284546,,,0.003681097412481904
7784,28.0,1053,1.2195978164672852,,,0.004977830220013857
7785,24.0,757,0.8782496452331543,,,0.004870216827839613
7786,29.0,1053,1.217050552368164,,,0.012436721473932266
7787,17.0,653,0.7601721286773682,,,0.06702358275651932
7788,28.0,1099,1.2671856880187988,,,0.005791861563920975
7789,24.0,798,0.9232590198516846,,,0.011052971705794334
7790,28.0,1161,1.3386194705963135,,,0.0040500229224562645
7791,25.0,983,1.124955415725708,,,0.004789888858795166
7792,21.0,1111,1.2884962558746338,,,0.0022804527543485165
7793,33.0,1089,1.2584083080291748,,,0.003800285281613469
7794,16.0,765,0.8948628902435303,,,0.006321198772639036
7795,33.0,1137,1.298062801361084,,,0.013505300506949425
7796,33.0,1147,1.2876605987548828,,,0.006858242210000753
7797,31.0,1195,1.33695387840271,,,0.00617650942876935
7798,25.0,972,1.1028597354888916,,,0.007743503898382187
7799,23.0,732,0.841193437576294,,,0.006389270536601543
7800,29.0,1195,1.3721764087677002,,,0.06580426543951035
7801,31.0,966,1.1133122444152832,,,0.006903169211000204
7802,25.0,827,0.9564359188079834,,,0.005865795537829399
7803,30.0,1155,1.3028826713562012,,,0.04753421992063522
7804,21.0,818,0.9252223968505859,,,0.00804311316460371
7805,29.0,1092,1.231994867324829,,,0.002785566495731473
7806,28.0,1289,1.4732532501220703,,,0.1576925814151764
7807,28.0,1033,1.1947050094604492,,,0.004900582134723663
7808,24.0,1041,1.188826560974121,,,0.004722643177956343
7809,31.0,1480,1.6411433219909668,,,0.009318056516349316
7810,24.0,925,1.0456962585449219,,,0.008345677517354488
7811,22.0,1215,1.3882253170013428,,,0.006277107633650303
7812,24.0,991,1.1148788928985596,,,0.005373238120228052
7813,14.0,616,0.7090740203857422,,,0.004210774786770344
7814,23.0,1215,1.407623529434204,,,0.008043904788792133
7815,22.0,1008,1.171055793762207,,,0.0052061788737773895
7816,22.0,950,1.1112420558929443,,,0.004173423163592815
7817,27.0,1241,1.4377076625823975,,,0.00881223939359188
7818,14.0,759,0.8834793567657471,,,0.06920953094959259
7819,31.0,1035,1.185405969619751,,,0.003638719441369176
7820,25.0,1027,1.155132532119751,,,0.005265439860522747
7821,31.0,1171,1.311389446258545,,,0.006428416818380356
7822,31.0,1167,1.3129372596740723,,,0.0053049540147185326
7823,28.0,918,1.035250186920166,,,0.008508161641657352
7824,37.0,1683,1.9029815196990967,,,0.005012534558773041
7825,26.0,1250,1.4218647480010986,,,0.008164206519722939
7826,18.0,978,1.1147000789642334,,,0.011938352137804031
7827,27.0,1176,1.3335790634155273,,,0.005802985280752182
7828,45.0,1772,1.9975907802581787,,,0.006453795824199915
7829,26.0,1087,1.2433559894561768,,,0.006948195397853851
7830,17.0,745,0.8685586452484131,,,0.04639582708477974
7831,21.0,840,0.972402811050415,,,0.005741586908698082
7832,28.0,1254,1.4676873683929443,,,0.008668936789035797
7833,28.0,1075,1.238642692565918,,,0.011608368717133999
7834,31.0,1071,1.214728593826294,,,0.004535219632089138
7835,28.0,1142,1.2793972492218018,,,0.007864308543503284
7836,23.0,1040,1.182753086090088,,,0.008211331441998482
7837,18.0,812,0.923762321472168,,,0.009708607569336891
7838,24.0,905,1.0380444526672363,,,0.07858770340681076
7839,31.0,1009,1.1582701206207275,,,0.07372188568115234
7840,20.0,599,0.6942815780639648,,,0.011199128814041615
7841,29.0,1051,1.2160732746124268,,,0.004053105134516954
7842,26.0,1018,1.1690263748168945,,,0.017225757241249084
7843,32.0,1083,1.2098500728607178,,,0.0065363673493266106
7844,26.0,899,1.0201704502105713,,,0.004166040103882551
7845,29.0,1467,1.6846692562103271,,,0.007081933319568634
7846,33.0,1178,1.3474888801574707,,,0.006740095093846321
7847,24.0,837,0.9696488380432129,,,0.043364930897951126
7848,23.0,835,0.9673295021057129,,,0.002871426288038492
7849,21.0,749,0.8698267936706543,,,0.004611811600625515
7850,29.0,1225,1.4087443351745605,,,0.006174374837428331
7851,25.0,1017,1.1729090213775635,,,0.005967939272522926
7852,30.0,1223,1.38797926902771,,,0.011229932308197021
7853,29.0,1178,1.3235828876495361,,,0.005494767799973488
7854,30.0,1274,1.4356942176818848,,,0.008285101503133774
7855,32.0,1253,1.4087026119232178,,,0.006984518375247717
7856,26.0,1111,1.27022385597229,,,0.03064100444316864
7857,31.0,1345,1.5072715282440186,,,0.06203524395823479
7858,18.0,757,0.8614990711212158,,,0.0064599462784826756
7859,22.0,947,1.0884218215942383,,,0.00664089061319828
7860,23.0,1000,1.1686315536499023,,,0.005440155044198036
7861,27.0,890,1.0362052917480469,,,0.0038347868248820305
7862,27.0,1133,1.3127338886260986,,,0.010279526934027672
7863,18.0,966,1.1003987789154053,,,0.005696916952729225
7864,23.0,863,0.9776365756988525,,,0.0042966203764081
7865,25.0,1241,1.4072420597076416,,,0.006690242327749729
7866,28.0,1239,1.4108939170837402,,,0.00572618842124939
7867,33.0,1304,1.4892520904541016,,,0.007032608613371849
7868,31.0,1364,1.5597879886627197,,,0.0043900818563997746
7869,31.0,1215,1.3924238681793213,,,0.05905578285455704
7870,32.0,1192,1.3656001091003418,,,0.006787419319152832
7871,26.0,1011,1.1711812019348145,,,0.005446738097816706
7872,22.0,817,0.949960470199585,,,0.007009249180555344
7873,12.0,649,0.7607593536376953,,,0.006826168857514858
7874,20.0,934,1.0958950519561768,,,0.012472802773118019
7875,27.0,947,1.0983402729034424,,,0.004877015948295593
7876,30.0,933,1.083498239517212,,,0.009751622565090656
7877,15.0,719,0.8407714366912842,,,0.007735172286629677
7878,21.0,782,0.9112427234649658,,,0.006527486257255077
7879,31.0,1138,1.3081772327423096,,,0.005828351713716984
7880,25.0,955,1.0962684154510498,,,0.13227134943008423
7881,31.0,1305,1.4560935497283936,,,0.009691702201962471
7882,30.0,1350,1.5014512538909912,,,0.008089320734143257
7883,27.0,1226,1.3731460571289062,,,0.004315224476158619
7884,30.0,1077,1.2047550678253174,,,0.004908089525997639
7885,22.0,709,0.7983725070953369,,,0.0058393897488713264
7886,28.0,1141,1.267244577407837,,,0.005339561961591244
7887,11.0,631,0.7242145538330078,,,0.008762584999203682
7888,31.0,1329,1.4916188716888428,,,0.005645465105772018
7889,18.0,646,0.7440686225891113,,,0.006167624611407518
7890,19.0,869,0.9865317344665527,,,0.006741754710674286
7891,32.0,1360,1.521576166152954,,,0.018332405015826225
7892,21.0,853,0.9908239841461182,,,0.0711045190691948
7893,32.0,1317,1.4879052639007568,,,0.013237525708973408
7894,29.0,1143,1.2775695323944092,,,0.0687505453824997
7895,25.0,1211,1.3552894592285156,,,0.04877375811338425
7896,16.0,1130,1.2806880474090576,,,0.007131671998649836
7897,33.0,977,1.0969932079315186,,,0.041825830936431885
7898,5.0,556,0.6355845928192139,,,0.010165001265704632
7899,30.0,1395,1.5979161262512207,,,0.008975660428404808
7900,26.0,1194,1.3622753620147705,,,0.005691043101251125
7901,27.0,1194,1.3411974906921387,,,0.006396810989826918
7902,23.0,945,1.092296838760376,,,0.010092297568917274
7903,28.0,1096,1.2653167247772217,,,0.024085434153676033
7904,28.0,1313,1.4966678619384766,,,0.012254877015948296
7905,31.0,1107,1.2735862731933594,,,0.005210858304053545
7906,23.0,957,1.111163854598999,,,0.004637056030333042
7907,27.0,1020,1.1739616394042969,,,0.0049049342051148415
7908,30.0,1162,1.3370065689086914,,,0.004672563634812832
7909,30.0,1179,1.3543767929077148,,,0.006640541832894087
7910,26.0,1340,1.5467753410339355,,,0.0028123613446950912
7911,27.0,1009,1.167579174041748,,,0.0040024807676672935
7912,24.0,1024,1.1923117637634277,,,0.006510966457426548
7913,27.0,1098,1.2633352279663086,,,0.07360626757144928
7914,32.0,1172,1.3435194492340088,,,0.005855553783476353
7915,30.0,1163,1.338836669921875,,,0.007147124037146568
7916,27.0,1002,1.1340954303741455,,,0.006079365499317646
7917,26.0,795,0.9153733253479004,,,0.007165669463574886
7918,10.0,491,0.5798335075378418,,,0.0060119302943348885
7919,32.0,1162,1.335993766784668,,,0.08073223382234573
7920,12.0,649,0.757697582244873,,,0.005381643772125244
7921,28.0,1426,1.600269079208374,,,0.0033356272615492344
7922,26.0,1017,1.149306058883667,,,0.0825439989566803
7923,30.0,1098,1.2278532981872559,,,0.0031073347199708223
7924,8.0,465,0.5407717227935791,,,0.011501145549118519
7925,30.0,1385,1.5789687633514404,,,0.07717382907867432
7926,27.0,1289,1.4449889659881592,,,0.005351285450160503
7927,18.0,713,0.8086786270141602,,,0.013261345215141773
7928,32.0,1257,1.411524772644043,,,0.005992323160171509
7929,32.0,1089,1.2204861640930176,,,0.010703027248382568
7930,32.0,1296,1.4459044933319092,,,0.0037874795962125063
7931,19.0,827,0.9496979713439941,,,0.004395165480673313
7932,29.0,1017,1.1752727031707764,,,0.002325167413800955
7933,12.0,751,0.8860354423522949,,,0.0068961274810135365
7934,15.0,719,0.8370697498321533,,,0.004557334817945957
7935,35.0,1181,1.3603191375732422,,,0.003788226516917348
7936,31.0,1119,1.278423547744751,,,0.003676602616906166
7937,24.0,1091,1.2662665843963623,,,0.00846918299794197
7938,20.0,882,1.0262408256530762,,,0.00934046134352684
7939,30.0,969,1.1308825016021729,,,0.004832519683986902
7940,30.0,987,1.1338014602661133,,,0.00788864679634571
7941,24.0,820,0.9362268447875977,,,0.002929223934188485
7942,30.0,1393,1.6041817665100098,,,0.008303031325340271
7943,29.0,1243,1.4314024448394775,,,0.006927604787051678
7944,27.0,998,1.1338915824890137,,,0.005077828653156757
7945,31.0,1087,1.2578001022338867,,,0.07787882536649704
7946,30.0,1147,1.3191461563110352,,,0.010314423590898514
7947,29.0,1057,1.219803810119629,,,0.07007766515016556
7948,28.0,1378,1.5854079723358154,,,0.0036395268980413675
7949,30.0,1149,1.3198025226593018,,,0.003202575957402587
7950,24.0,984,1.1502385139465332,,,0.005212779622524977
7951,27.0,964,1.0955555438995361,,,0.00512053444981575
7952,28.0,1183,1.3597617149353027,,,0.1621907651424408
7953,11.0,646,0.7580323219299316,,,0.0037753423675894737
7954,26.0,928,1.088639259338379,,,0.004940479528158903
7955,19.0,719,0.8405375480651855,,,0.006967909634113312
7956,28.0,1138,1.3206214904785156,,,0.004889666568487883
7957,30.0,1311,1.4992244243621826,,,0.003692885860800743
7958,25.0,1089,1.232733964920044,,,0.008053882047533989
7959,15.0,841,0.9613561630249023,,,0.003939538262784481
7960,15.0,600,0.6892514228820801,,,0.009411903098225594
7961,29.0,1043,1.1839756965637207,,,0.007187850773334503
7962,19.0,848,0.9984176158905029,,,0.005723847076296806
7963,21.0,895,1.045393466949463,,,0.008542235940694809
7964,31.0,1253,1.4536254405975342,,,0.02717975527048111
7965,33.0,1241,1.4355101585388184,,,0.006045202724635601
7966,28.0,941,1.0871529579162598,,,0.020371103659272194
7967,25.0,999,1.169050931930542,,,0.002391594462096691
7968,19.0,921,1.075516939163208,,,0.01229272224009037
7969,30.0,1232,1.4137344360351562,,,0.005060805939137936
7970,33.0,1183,1.3566563129425049,,,0.005092347040772438
7971,26.0,921,1.0628745555877686,,,0.00867124181240797
7972,29.0,1124,1.2967603206634521,,,0.011293216608464718
7973,30.0,1243,1.4318695068359375,,,0.07614745944738388
7974,28.0,981,1.1352684497833252,,,0.013424422591924667
7975,23.0,1029,1.189800500869751,,,0.010028639808297157
7976,26.0,960,1.0893778800964355,,,0.07890702039003372
7977,25.0,798,0.9065060615539551,,,0.002866205293685198
7978,10.0,695,0.8000695705413818,,,0.00986146368086338
7979,33.0,1273,1.4300920963287354,,,0.058694988489151
7980,33.0,1133,1.2918288707733154,,,0.007009160704910755
7981,31.0,1195,1.3559746742248535,,,0.008429627865552902
7982,37.0,1627,1.8279480934143066,,,0.01176341250538826
7983,30.0,1372,1.5422084331512451,,,0.004599657841026783
7984,27.0,1030,1.197833776473999,,,0.004369862377643585
7985,28.0,1222,1.406348466873169,,,0.003257602918893099
7986,26.0,1089,1.257347822189331,,,0.007010267581790686
7987,32.0,1440,1.6365268230438232,,,0.007089404854923487
7988,28.0,1412,1.601325273513794,,,0.00811881572008133
7989,32.0,1393,1.6068720817565918,,,0.00600476423278451
7990,33.0,994,1.1449275016784668,,,0.011560056358575821
7991,27.0,1079,1.2406513690948486,,,0.008482493460178375
7992,31.0,1114,1.2722880840301514,,,0.009517010301351547
7993,30.0,1119,1.28727126121521,,,0.04015934839844704
7994,23.0,1071,1.236706018447876,,,0.005242661572992802
7995,32.0,1233,1.4239442348480225,,,0.004625076428055763
7996,33.0,1361,1.5429396629333496,,,0.0691680759191513
7997,30.0,1140,1.277608871459961,,,0.005528826266527176
7998,25.0,894,1.004209280014038,,,0.004321148619055748
7999,32.0,1365,1.5174875259399414,,,0.004199097864329815
8000,29.0,1064,1.1929731369018555,,,0.0701049268245697
8001,16.0,637,0.7270481586456299,,,0.005564733408391476
8002,28.0,1035,1.1591269969940186,,,0.006323649547994137
8003,8.0,672,0.7653653621673584,,,0.006504892371594906
8004,31.0,1256,1.4122631549835205,,,0.005547540262341499
8005,29.0,1086,1.217444896697998,,,0.006621853448450565
8006,32.0,1247,1.3916866779327393,,,0.012030960991978645
8007,13.0,637,0.7240793704986572,,,0.012249110266566277
8008,32.0,1271,1.4123849868774414,,,0.008458961732685566
8009,30.0,1287,1.4317350387573242,,,0.08406851440668106
8010,34.0,1151,1.2802183628082275,,,0.004906796850264072
8011,21.0,669,0.7530257701873779,,,0.004691651090979576
8012,31.0,1121,1.2489087581634521,,,0.005759728141129017
8013,31.0,994,1.111452341079712,,,0.006359888240695
8014,30.0,1273,1.4234745502471924,,,0.005774001590907574
8015,31.0,1513,1.6867587566375732,,,0.020897306501865387
8016,33.0,1623,1.801743984222412,,,0.005090889520943165
8017,47.0,1663,1.8626651763916016,,,0.005758392158895731
8018,28.0,1111,1.2363197803497314,,,0.0035150013864040375
8019,26.0,1033,1.1580419540405273,,,0.005036873742938042
8020,25.0,1055,1.1897332668304443,,,0.010012432001531124
8021,32.0,1603,1.7771353721618652,,,0.07017932832241058
8022,31.0,1098,1.2251980304718018,,,0.00584131944924593
8023,16.0,717,0.8116757869720459,,,0.005652341991662979
8024,25.0,1053,1.1791143417358398,,,0.0035731662064790726
8025,16.0,799,0.9050421714782715,,,0.005551083944737911
8026,32.0,1317,1.4689507484436035,,,0.007084564305841923
8027,28.0,1079,1.203176736831665,,,0.07116484642028809
8028,18.0,829,0.9422447681427002,,,0.008475380018353462
8029,28.0,1093,1.2218952178955078,,,0.005151170305907726
8030,18.0,939,1.0614700317382812,,,0.006345761939883232
8031,26.0,1046,1.1684918403625488,,,0.005876630079001188
8032,28.0,1206,1.3518872261047363,,,0.004493074491620064
8033,28.0,1079,1.2034187316894531,,,0.06965361535549164
8034,31.0,1402,1.557312250137329,,,0.03819919005036354
8035,28.0,1047,1.1704566478729248,,,0.004228165838867426
8036,24.0,1071,1.2054834365844727,,,0.007617213763296604
8037,26.0,926,1.041011095046997,,,0.0555233471095562
8038,31.0,1341,1.488631010055542,,,0.006155878305435181
8039,27.0,888,0.9944021701812744,,,0.005054558627307415
8040,26.0,862,0.9736788272857666,,,0.00857451930642128
8041,29.0,1018,1.140200138092041,,,0.010514440014958382
8042,25.0,911,1.0271472930908203,,,0.008540512062609196
8043,26.0,1106,1.2512965202331543,,,0.0801023617386818
8044,25.0,1065,1.2051687240600586,,,0.012778019532561302
8045,23.0,1142,1.2869181632995605,,,0.00506548909470439
8046,12.0,665,0.756206750869751,,,0.1428774893283844
8047,25.0,1171,1.3205995559692383,,,0.004577636253088713
8048,16.0,566,0.6429650783538818,,,0.005308317486196756
8049,28.0,1273,1.4295897483825684,,,0.007849978283047676
8050,13.0,521,0.5951263904571533,,,0.004973543342202902
8051,26.0,1020,1.1431224346160889,,,0.005867463536560535
8052,29.0,1141,1.273833990097046,,,0.011606670916080475
8053,25.0,910,1.0241374969482422,,,0.0070389071479439735
8054,23.0,903,1.0125417709350586,,,0.005970977246761322
8055,30.0,1191,1.3275575637817383,,,0.006787569262087345
8056,29.0,1163,1.3091862201690674,,,0.007495048455893993
8057,29.0,1180,1.3600883483886719,,,0.007609501946717501
8058,25.0,797,0.9257495403289795,,,0.004453863482922316
8059,18.0,735,0.8577761650085449,,,0.010635869577527046
8060,29.0,1297,1.5203657150268555,,,0.004983733408153057
8061,17.0,903,1.0590996742248535,,,0.01352628692984581
8062,21.0,747,0.8699240684509277,,,0.004324496258050203
8063,26.0,940,1.072509527206421,,,0.006883353926241398
8064,27.0,913,1.0569095611572266,,,0.005327871534973383
8065,20.0,1052,1.2146480083465576,,,0.06362532079219818
8066,14.0,596,0.6942858695983887,,,0.010616864077746868
8067,29.0,1156,1.3299214839935303,,,0.00844624638557434
8068,29.0,1115,1.293734073638916,,,0.003998279571533203
8069,27.0,994,1.1612532138824463,,,0.008603761903941631
8070,33.0,1284,1.4825587272644043,,,0.006975159980356693
8071,24.0,913,1.0659968852996826,,,0.0035960900131613016
8072,23.0,933,1.082629919052124,,,0.007014921400696039
8073,31.0,1198,1.379683017730713,,,0.0839552953839302
8074,17.0,909,1.061547040939331,,,0.052021998912096024
8075,31.0,1136,1.315077304840088,,,0.005261448677629232
8076,22.0,733,0.8468902111053467,,,0.007191691547632217
8077,31.0,1144,1.297332525253296,,,0.0123352175578475
8078,24.0,827,0.934711217880249,,,0.013171752914786339
8079,27.0,987,1.1126117706298828,,,0.05658617615699768
8080,17.0,710,0.8213980197906494,,,0.012612158432602882
8081,38.0,1428,1.6415092945098877,,,0.006621125619858503
8082,25.0,947,1.0994410514831543,,,0.0043847812339663506
8083,29.0,1259,1.4553050994873047,,,0.006719709374010563
8084,31.0,1256,1.4390361309051514,,,0.0037390808574855328
8085,30.0,1351,1.556873083114624,,,0.006486923899501562
8086,22.0,1121,1.311673641204834,,,0.011827982030808926
8087,20.0,739,0.8659157752990723,,,0.008821489289402962
8088,36.0,1413,1.6127963066101074,,,0.06323777884244919
8089,27.0,961,1.1120796203613281,,,0.006185037083923817
8090,20.0,836,0.9591274261474609,,,0.003375937696546316
8091,19.0,732,0.8367917537689209,,,0.0060708187520504
8092,32.0,1344,1.5194261074066162,,,0.011066446080803871
8093,26.0,943,1.091541051864624,,,0.0046167862601578236
8094,19.0,729,0.848301887512207,,,0.004228983540087938
8095,23.0,1314,1.5037682056427002,,,0.0048128957860171795
8096,25.0,849,0.9685280323028564,,,0.011165445670485497
8097,32.0,1139,1.285280704498291,,,0.03176838904619217
8098,25.0,1020,1.154996633529663,,,0.009698818437755108
8099,32.0,1131,1.2681093215942383,,,0.0056338184513151646
8100,27.0,1589,1.8033661842346191,,,0.004376801662147045
8101,30.0,1116,1.2885780334472656,,,0.005130544304847717
8102,27.0,1265,1.4664874076843262,,,0.007308221887797117
8103,28.0,1023,1.1874358654022217,,,0.00996827520430088
8104,34.0,1237,1.4213507175445557,,,0.0086294524371624
8105,30.0,1074,1.2182698249816895,,,0.0024500659201294184
8106,22.0,1185,1.3421342372894287,,,0.03489076346158981
8107,32.0,1443,1.6268713474273682,,,0.005762672051787376
8108,30.0,1188,1.3462281227111816,,,0.03168787062168121
8109,31.0,1143,1.3176848888397217,,,0.007225234992802143
8110,26.0,1090,1.2585253715515137,,,0.00483382772654295
8111,27.0,1288,1.4694819450378418,,,0.009676729328930378
8112,24.0,1016,1.1507349014282227,,,0.005812129005789757
8113,22.0,749,0.8720052242279053,,,0.0031773410737514496
8114,31.0,1423,1.6426451206207275,,,0.009171119891107082
8115,17.0,779,0.8925278186798096,,,0.012942232191562653
8116,28.0,1331,1.4998128414154053,,,0.009053624235093594
8117,27.0,1092,1.2406485080718994,,,0.004982667043805122
8118,29.0,1253,1.414656162261963,,,0.006862028501927853
8119,25.0,967,1.0976285934448242,,,0.00996420718729496
8120,28.0,1062,1.202620506286621,,,0.006880087777972221
8121,41.0,1545,1.7832341194152832,,,0.007274976000189781
8122,30.0,1174,1.3504209518432617,,,0.005294165574014187
8123,31.0,1312,1.5132319927215576,,,0.005334199406206608
8124,31.0,1337,1.5225152969360352,,,0.004199568182229996
8125,30.0,1200,1.3613884449005127,,,0.0041306959465146065
8126,27.0,1304,1.5071280002593994,,,0.0038968937005847692
8127,28.0,1091,1.2580666542053223,,,0.006605813279747963
8128,24.0,910,1.0416948795318604,,,0.005400218069553375
8129,31.0,1377,1.5790793895721436,,,0.00455526914447546
8130,15.0,788,0.9235563278198242,,,0.0616157129406929
8131,22.0,687,0.8016047477722168,,,0.00422368198633194
8132,15.0,819,0.9611213207244873,,,0.0060762930661439896
8133,29.0,1029,1.2133400440216064,,,0.004401252605021
8134,30.0,1155,1.340116262435913,,,0.005624603945761919
8135,23.0,789,0.9144876003265381,,,0.014451287686824799
8136,30.0,1577,1.8062262535095215,,,0.005133890546858311
8137,23.0,663,0.7603280544281006,,,0.006341693922877312
8138,8.0,517,0.5951695442199707,,,0.006529297214001417
8139,26.0,1050,1.2134828567504883,,,0.005408836528658867
8140,26.0,1101,1.2812633514404297,,,0.010342461988329887
8141,28.0,1123,1.2994956970214844,,,0.007684601470828056
8142,31.0,1353,1.5604033470153809,,,0.00786610972136259
8143,27.0,1195,1.360159158706665,,,0.00710961502045393
8144,26.0,1156,1.3142199516296387,,,0.006175727117806673
8145,16.0,641,0.7321937084197998,,,0.0034101526252925396
8146,19.0,801,0.9152915477752686,,,0.06278824806213379
8147,32.0,1188,1.3405649662017822,,,0.054829396307468414
8148,24.0,767,0.8722994327545166,,,0.003973963670432568
8149,21.0,897,1.021798849105835,,,0.008366270922124386
8150,23.0,849,0.9650661945343018,,,0.014465630985796452
8151,30.0,1217,1.3717401027679443,,,0.009081634692847729
8152,30.0,1282,1.437424659729004,,,0.009055688045918941
8153,27.0,959,1.080841064453125,,,0.005076327361166477
8154,28.0,1034,1.1651067733764648,,,0.008501598611474037
8155,29.0,1119,1.2591447830200195,,,0.0041748820804059505
8156,18.0,707,0.8055481910705566,,,0.005806585308164358
8157,31.0,1134,1.283843994140625,,,0.009643690660595894
8158,27.0,1124,1.300797700881958,,,0.003387739881873131
8159,31.0,1076,1.243945598602295,,,0.00400881189852953
8160,23.0,814,0.9495546817779541,,,0.003964400850236416
8161,23.0,962,1.1253695487976074,,,0.06492562592029572
8162,27.0,906,1.0532467365264893,,,0.011740412563085556
8163,29.0,1102,1.2783029079437256,,,0.0055759684182703495
8164,22.0,983,1.1481869220733643,,,0.012417513877153397
8165,33.0,1206,1.385310411453247,,,0.0064065465703606606
8166,30.0,1197,1.371863842010498,,,0.003988979384303093
8167,9.0,685,0.8018748760223389,,,0.006245381664484739
8168,29.0,1159,1.3349924087524414,,,0.003909779712557793
8169,31.0,1175,1.3306314945220947,,,0.01194304320961237
8170,12.0,725,0.8277938365936279,,,0.06405933201313019
8171,25.0,913,1.0577874183654785,,,0.052784956991672516
8172,32.0,1102,1.2709159851074219,,,0.005978097673505545
8173,38.0,1456,1.6711812019348145,,,0.005666798911988735
8174,31.0,1307,1.505326747894287,,,0.004020344465970993
8175,29.0,997,1.1499361991882324,,,0.0038467017002403736
8176,15.0,695,0.8134453296661377,,,0.011288396082818508
8177,29.0,1173,1.354644536972046,,,0.00511590950191021
8178,28.0,1001,1.1552538871765137,,,0.010102931410074234
8179,29.0,1165,1.3491888046264648,,,0.0030840388499200344
8180,20.0,1107,1.287520408630371,,,0.07256245613098145
8181,26.0,1267,1.4661495685577393,,,0.006637020036578178
8182,28.0,1077,1.2165858745574951,,,0.01045295037329197
8183,31.0,1029,1.1591885089874268,,,0.0046660276129841805
8184,28.0,1157,1.3301048278808594,,,0.0075867739506065845
8185,27.0,1147,1.3169121742248535,,,0.0070618558675050735
8186,27.0,1227,1.3891236782073975,,,0.006396184675395489
8187,25.0,964,1.092008113861084,,,0.008841141127049923
8188,29.0,1181,1.331059455871582,,,0.008950330317020416
8189,29.0,1196,1.3623573780059814,,,0.004134933464229107
8190,11.0,524,0.6063666343688965,,,0.007993649691343307
8191,29.0,959,1.087850570678711,,,0.00889487937092781
8192,30.0,1178,1.322253704071045,,,0.003203254658728838
8193,23.0,920,1.0441546440124512,,,0.0053565423004329205
8194,29.0,1393,1.5973494052886963,,,0.003972707781940699
8195,32.0,1271,1.4577279090881348,,,0.006631048396229744
8196,30.0,1243,1.4203109741210938,,,0.00692585576325655
8197,31.0,1065,1.2019672393798828,,,0.007702421396970749
8198,30.0,1194,1.35506010055542,,,0.005646431818604469
8199,28.0,1059,1.2240831851959229,,,0.005500569473952055
8200,25.0,891,1.0290205478668213,,,0.011898070573806763
8201,31.0,1011,1.1422977447509766,,,0.004820722620934248
8202,30.0,1015,1.1438558101654053,,,0.010040276683866978
8203,6.0,375,0.43145298957824707,,,0.03957323357462883
8204,20.0,909,1.0316698551177979,,,0.007408961653709412
8205,26.0,1129,1.2810101509094238,,,0.008065947331488132
8206,31.0,1118,1.2582170963287354,,,0.007777670864015818
8207,24.0,1036,1.1780319213867188,,,0.007042603101581335
8208,27.0,1117,1.259559154510498,,,0.006397644057869911
8209,27.0,1008,1.1410491466522217,,,0.007747300900518894
8210,34.0,1141,1.2833425998687744,,,0.013826686888933182
8211,22.0,853,0.9683499336242676,,,0.04688308760523796
8212,25.0,1178,1.3288905620574951,,,0.007874575443565845
8213,32.0,1231,1.3898987770080566,,,0.005508495029062033
8214,25.0,979,1.1324496269226074,,,0.005211811512708664
8215,29.0,1214,1.4030027389526367,,,0.005223947111517191
8216,26.0,1123,1.3053803443908691,,,0.057505007833242416
8217,31.0,1228,1.410607099533081,,,0.004920318257063627
8218,32.0,1169,1.3349823951721191,,,0.004442176781594753
8219,31.0,1371,1.5776665210723877,,,0.0065381769090890884
8220,28.0,1165,1.340771198272705,,,0.004876995459198952
8221,25.0,983,1.1383662223815918,,,0.00382592692039907
8222,22.0,921,1.0682260990142822,,,0.006382778286933899
8223,16.0,630,0.7364165782928467,,,0.07013336569070816
8224,32.0,1341,1.5339713096618652,,,0.016595764085650444
8225,23.0,893,1.0241832733154297,,,0.07077661156654358
8226,31.0,1137,1.3116638660430908,,,0.014015240594744682
8227,29.0,1121,1.2909607887268066,,,0.009713737294077873
8228,30.0,1205,1.387589931488037,,,0.006219323258846998
8229,29.0,1033,1.1949896812438965,,,0.009270713664591312
8230,31.0,1223,1.413822889328003,,,0.0049069784581661224
8231,34.0,1337,1.5158023834228516,,,0.004579515196382999
8232,33.0,1456,1.6726720333099365,,,0.002850811230018735
8233,32.0,1165,1.3386614322662354,,,0.006188496015965939
8234,32.0,1247,1.42897367477417,,,0.04422751069068909
8235,25.0,1095,1.270132064819336,,,0.008773278445005417
8236,26.0,1269,1.4612700939178467,,,0.005572184454649687
8237,29.0,1074,1.2438228130340576,,,0.07138217240571976
8238,27.0,1118,1.2864222526550293,,,0.00710098072886467
8239,13.0,808,0.9260203838348389,,,0.01067468523979187
8240,22.0,834,0.9613707065582275,,,0.00567557942122221
8241,24.0,944,1.0715324878692627,,,0.021018216386437416
8242,28.0,1218,1.3888208866119385,,,0.006628650240600109
8243,20.0,795,0.923748254776001,,,0.011289170943200588
8244,29.0,1366,1.5839343070983887,,,0.05690649524331093
8245,13.0,674,0.784559965133667,,,0.005445780232548714
8246,26.0,1067,1.2299535274505615,,,0.007516977842897177
8247,20.0,850,0.9852406978607178,,,0.007661931216716766
8248,30.0,1406,1.6194849014282227,,,0.010150691494345665
8249,31.0,1637,1.9052960872650146,,,0.00565280020236969
8250,28.0,1114,1.2826855182647705,,,0.010417412966489792
8251,23.0,867,1.0117449760437012,,,0.03665977716445923
8252,32.0,1134,1.2952711582183838,,,0.007326940074563026
8253,29.0,1256,1.4422001838684082,,,0.006305121351033449
8254,27.0,942,1.081087589263916,,,0.0033663720823824406
8255,28.0,1086,1.227226972579956,,,0.01087490189820528
8256,28.0,1211,1.363400936126709,,,0.005843931809067726
8257,28.0,1048,1.1860904693603516,,,0.004027991089969873
8258,28.0,1173,1.329085350036621,,,0.009534712880849838
8259,24.0,837,0.9575960636138916,,,0.0253337100148201
8260,37.0,1459,1.642076015472412,,,0.004632275551557541
8261,31.0,1135,1.27504563331604,,,0.0068913409486413
8262,31.0,1282,1.4396560192108154,,,0.005864446051418781
8263,28.0,943,1.070910930633545,,,0.02539628930389881
8264,32.0,1419,1.6050093173980713,,,0.007035405840724707
8265,17.0,805,0.9193224906921387,,,0.004192742519080639
8266,26.0,1167,1.3476157188415527,,,0.011410441249608994
8267,25.0,933,1.0823991298675537,,,0.004825738724321127
8268,30.0,1102,1.269341230392456,,,0.004220981150865555
8269,33.0,1136,1.3009891510009766,,,0.0058097681030631065
8270,30.0,1038,1.1964623928070068,,,0.007043830119073391
8271,26.0,1227,1.4222288131713867,,,0.004709647968411446
8272,6.0,615,0.7212388515472412,,,0.006872751750051975
8273,22.0,1104,1.2894535064697266,,,0.006264206953346729
8274,31.0,1295,1.4707577228546143,,,0.008100147359073162
8275,24.0,1097,1.2478361129760742,,,0.0076081836596131325
8276,21.0,917,1.073136806488037,,,0.005712566431611776
8277,30.0,1123,1.2871358394622803,,,0.007719691842794418
8278,32.0,1366,1.5685663223266602,,,0.011258457787334919
8279,31.0,1097,1.255098819732666,,,0.0052969492971897125
8280,29.0,1127,1.2865304946899414,,,0.005477481987327337
8281,11.0,626,0.7133605480194092,,,0.004823734983801842
8282,31.0,1202,1.34914231300354,,,0.006664663087576628
8283,29.0,1136,1.2783241271972656,,,0.008257340639829636
8284,30.0,1035,1.161910057067871,,,0.0034604771062731743
8285,30.0,1285,1.433870553970337,,,0.009163759648799896
8286,28.0,1128,1.2703320980072021,,,0.004239858128130436
8287,30.0,1121,1.2813894748687744,,,0.008084028959274292
8288,32.0,1120,1.2632062435150146,,,0.005382135510444641
8289,31.0,1303,1.459758996963501,,,0.0074540008790791035
8290,27.0,999,1.120344638824463,,,0.004885239526629448
8291,28.0,1074,1.2197229862213135,,,0.004524892196059227
8292,31.0,1394,1.625082015991211,,,0.010008091107010841
8293,15.0,725,0.8499209880828857,,,0.0054526920430362225
8294,30.0,1137,1.311776876449585,,,0.008914289996027946
8295,27.0,956,1.0934696197509766,,,0.005632731132209301
8296,26.0,1211,1.3612878322601318,,,0.004698392003774643
8297,25.0,997,1.1520302295684814,,,0.005771223455667496
8298,32.0,1265,1.4439308643341064,,,0.067705437541008
8299,28.0,1383,1.5893490314483643,,,0.00959782674908638
8300,29.0,1155,1.3374767303466797,,,0.005116603337228298
8301,34.0,1476,1.700422763824463,,,0.012537185102701187
8302,27.0,1061,1.224114179611206,,,0.005037070717662573
8303,22.0,937,1.0619838237762451,,,0.11583559960126877
8304,26.0,1230,1.3921911716461182,,,0.012850258499383926
8305,30.0,1255,1.4453909397125244,,,0.005288079380989075
8306,30.0,1102,1.2678115367889404,,,0.01015728060156107
8307,28.0,987,1.1291778087615967,,,0.005496007390320301
8308,29.0,1059,1.1929194927215576,,,0.01012472715228796
8309,29.0,1149,1.3208980560302734,,,0.008865696378052235
8310,11.0,701,0.818979024887085,,,0.007228902541100979
8311,32.0,1210,1.3616077899932861,,,0.08064945787191391
8312,20.0,923,1.0729610919952393,,,0.005993022583425045
8313,32.0,1381,1.5700743198394775,,,0.008374655619263649
8314,31.0,1162,1.3021206855773926,,,0.007826319895684719
8315,28.0,1089,1.223578929901123,,,0.007737734355032444
8316,29.0,934,1.0577523708343506,,,0.005780433304607868
8317,31.0,1203,1.3698029518127441,,,0.011505130678415298
8318,27.0,1202,1.3819048404693604,,,0.07321076095104218
8319,24.0,859,0.9902210235595703,,,0.07024580985307693
8320,25.0,813,0.9318461418151855,,,0.004663703963160515
8321,40.0,1252,1.4181954860687256,,,0.004779488779604435
8322,29.0,1269,1.425335168838501,,,0.005228819325566292
8323,29.0,1315,1.4752192497253418,,,0.07143450528383255
8324,25.0,1044,1.1734914779663086,,,0.005919084884226322
8325,30.0,1068,1.1949782371520996,,,0.0032876268960535526
8326,28.0,1067,1.217439889907837,,,0.006785484962165356
8327,29.0,1108,1.2756803035736084,,,0.004663093015551567
8328,21.0,881,1.0257248878479004,,,0.004662638064473867
8329,24.0,921,1.0678868293762207,,,0.00749390060082078
8330,20.0,1071,1.246347188949585,,,0.005950767081230879
8331,26.0,1057,1.216430425643921,,,0.07156505435705185
8332,28.0,1107,1.2750427722930908,,,0.005750075913965702
8333,30.0,1212,1.4020276069641113,,,0.0054010553285479546
8334,33.0,1047,1.2092597484588623,,,0.0030019034165889025
8335,24.0,958,1.097998857498169,,,0.01274268887937069
8336,24.0,822,0.9586663246154785,,,0.003600682131946087
8337,24.0,851,0.9881703853607178,,,0.00725280586630106
8338,28.0,1145,1.3227965831756592,,,0.00536420289427042
8339,29.0,1106,1.270329236984253,,,0.004539960995316505
8340,31.0,1159,1.3125760555267334,,,0.005541511811316013
8341,32.0,1051,1.207362413406372,,,0.006087808404117823
8342,22.0,688,0.7990546226501465,,,0.00656020175665617
8343,30.0,1073,1.2302799224853516,,,0.0036135008558630943
8344,28.0,1105,1.2759029865264893,,,0.0038025209214538336
8345,22.0,904,1.05745530128479,,,0.00511298980563879
8346,23.0,1022,1.1887493133544922,,,0.008782238699495792
8347,28.0,1044,1.213602066040039,,,0.008388767018914223
8348,32.0,1159,1.3397982120513916,,,0.007311103865504265
8349,44.0,1824,2.063575029373169,,,0.005817458499222994
8350,27.0,912,1.0577824115753174,,,0.005883289035409689
8351,31.0,924,1.0665855407714844,,,0.006701226811856031
8352,26.0,979,1.139540672302246,,,0.005950083956122398
8353,22.0,823,0.9332852363586426,,,0.007338034920394421
8354,26.0,1144,1.2812244892120361,,,0.008150054141879082
8355,29.0,1015,1.1567935943603516,,,0.004842907190322876
8356,27.0,807,0.9335544109344482,,,0.005107886157929897
8357,32.0,1452,1.6718835830688477,,,0.005334037821739912
8358,28.0,879,1.019636631011963,,,0.07314383238554001
8359,28.0,1249,1.4464986324310303,,,0.07464674860239029
8360,22.0,838,0.9787209033966064,,,0.0061932336539030075
8361,30.0,1109,1.271327018737793,,,0.0036308164708316326
8362,31.0,1265,1.4287502765655518,,,0.004146175924688578
8363,29.0,950,1.064591646194458,,,0.06563560664653778
8364,16.0,588,0.6762754917144775,,,0.0058794450014829636
8365,16.0,727,0.8537008762359619,,,0.008857661858201027
8366,17.0,708,0.825519323348999,,,0.004846230149269104
8367,32.0,1136,1.3140130043029785,,,0.006842208560556173
8368,32.0,1209,1.3921709060668945,,,0.006457851268351078
8369,31.0,1327,1.5434131622314453,,,0.0029298458248376846
8370,28.0,1127,1.314661979675293,,,0.00382650806568563
8371,29.0,1175,1.3381011486053467,,,0.0029364260844886303
8372,21.0,1303,1.4975709915161133,,,0.00797249935567379
8373,19.0,692,0.814622163772583,,,0.005881521850824356
8374,24.0,977,1.1424016952514648,,,0.004566548857837915
8375,28.0,1141,1.3233799934387207,,,0.012557671405375004
8376,29.0,1148,1.3256504535675049,,,0.00512812752276659
8377,31.0,1221,1.397599220275879,,,0.015939069911837578
8378,13.0,655,0.766563892364502,,,0.008527716621756554
8379,22.0,714,0.8252556324005127,,,0.003672844497486949
8380,39.0,1697,1.9506607055664062,,,0.0046519935131073
8381,29.0,1103,1.2659993171691895,,,0.005483027547597885
8382,27.0,1185,1.3601140975952148,,,0.005189538933336735
8383,30.0,1079,1.2468676567077637,,,0.0032805935479700565
8384,23.0,915,1.0566761493682861,,,0.004361042752861977
8385,21.0,752,0.8732147216796875,,,0.0021887575276196003
8386,30.0,1386,1.5852890014648438,,,0.021803151816129684
8387,41.0,1548,1.7857897281646729,,,0.00591184850782156
8388,30.0,1126,1.297745943069458,,,0.008553138934075832
8389,43.0,1472,1.6691856384277344,,,0.004314957186579704
8390,31.0,1069,1.1941843032836914,,,0.00426845159381628
8391,33.0,1241,1.404160499572754,,,0.017855701968073845
8392,27.0,1215,1.3708646297454834,,,0.06688623875379562
8393,32.0,1443,1.6310760974884033,,,0.004513261839747429
8394,25.0,973,1.1301627159118652,,,0.02786959707736969
8395,29.0,1077,1.2266700267791748,,,0.011121410876512527
8396,31.0,929,1.0712792873382568,,,0.009595570154488087
8397,22.0,715,0.826401948928833,,,0.006711522117257118
8398,31.0,1150,1.2951223850250244,,,0.0036135809496045113
8399,19.0,958,1.0985136032104492,,,0.015366426669061184
8400,31.0,1297,1.4877231121063232,,,0.031492285430431366
8401,31.0,1149,1.3340399265289307,,,0.005904411897063255
8402,16.0,773,0.905348539352417,,,0.0072197094559669495
8403,31.0,1121,1.2982077598571777,,,0.007246287539601326
8404,29.0,1221,1.413656234741211,,,0.007573000155389309
8405,13.0,500,0.5882546901702881,,,0.008852554485201836
8406,30.0,978,1.1152503490447998,,,0.06759487092494965
8407,28.0,1270,1.4566893577575684,,,0.008619935251772404
8408,31.0,1063,1.2283668518066406,,,0.005679113324731588
8409,32.0,1064,1.2181575298309326,,,0.005770523101091385
8410,30.0,1150,1.3018450736999512,,,0.00519502954557538
8411,25.0,962,1.0943818092346191,,,0.006646716967225075
8412,18.0,615,0.7151572704315186,,,0.005918753333389759
8413,27.0,1007,1.1706180572509766,,,0.055459924042224884
8414,31.0,1151,1.3381803035736084,,,0.006337055936455727
8415,20.0,721,0.8444836139678955,,,0.0068106744438409805
8416,23.0,1047,1.2199151515960693,,,0.0095438864082098
8417,22.0,1037,1.2044000625610352,,,0.06680652499198914
8418,30.0,1310,1.5117177963256836,,,0.006366519257426262
8419,31.0,1345,1.5558459758758545,,,0.07725436985492706
8420,26.0,961,1.1153416633605957,,,0.003531733760610223
8421,30.0,1284,1.477595329284668,,,0.005271881818771362
8422,20.0,991,1.151811122894287,,,0.009139977395534515
8423,28.0,960,1.1096584796905518,,,0.007216006517410278
8424,28.0,1085,1.2452945709228516,,,0.00442900788038969
8425,25.0,1249,1.4381380081176758,,,0.0027560729067772627
8426,18.0,784,0.9147346019744873,,,0.012440484948456287
8427,32.0,1395,1.6048548221588135,,,0.007545774802565575
8428,25.0,1173,1.3371412754058838,,,0.012381654232740402
8429,29.0,1029,1.1668317317962646,,,0.0070634991861879826
8430,29.0,1007,1.158287763595581,,,0.010637334547936916
8431,29.0,1051,1.1828291416168213,,,0.003928700461983681
8432,27.0,1266,1.425501823425293,,,0.0026937825605273247
8433,30.0,1224,1.4070327281951904,,,0.011062443256378174
8434,28.0,1126,1.285463809967041,,,0.005942373536527157
8435,26.0,931,1.0704357624053955,,,0.00751173309981823
8436,32.0,1220,1.4123384952545166,,,0.006121530197560787
8437,28.0,1017,1.1594328880310059,,,0.005664415191859007
8438,23.0,915,1.0334484577178955,,,0.005469324998557568
8439,12.0,665,0.7610461711883545,,,0.004986005835235119
8440,23.0,1019,1.1659181118011475,,,0.005224939435720444
8441,23.0,945,1.0990815162658691,,,0.07021275907754898
8442,28.0,1162,1.3374302387237549,,,0.008105207234621048
8443,28.0,1185,1.364255428314209,,,0.0060438839718699455
8444,30.0,1224,1.3769149780273438,,,0.0051145609468221664
8445,29.0,967,1.1220097541809082,,,0.008684426546096802
8446,29.0,1207,1.3828632831573486,,,0.004277627449482679
8447,31.0,1404,1.5755631923675537,,,0.006848320364952087
8448,29.0,1183,1.3339965343475342,,,0.040905874222517014
8449,29.0,1057,1.1869285106658936,,,0.005130784120410681
8450,19.0,830,0.9625215530395508,,,0.0057160938158631325
8451,32.0,1170,1.3524072170257568,,,0.006302806548774242
8452,32.0,1410,1.6071290969848633,,,0.008386796340346336
8453,28.0,1007,1.165909767150879,,,0.006953837350010872
8454,30.0,1061,1.2268784046173096,,,0.00397862633690238
8455,32.0,1354,1.5602855682373047,,,0.006448611617088318
8456,26.0,1265,1.4637386798858643,,,0.005379699170589447
8457,29.0,1245,1.4343149662017822,,,0.0032970798201858997
8458,22.0,854,0.9977765083312988,,,0.006699809804558754
8459,25.0,937,1.092374563217163,,,0.009303018450737
8460,32.0,1219,1.4046390056610107,,,0.005799827165901661
8461,26.0,1223,1.415827751159668,,,0.004154452122747898
8462,28.0,1132,1.3021316528320312,,,0.005908606573939323
8463,28.0,1029,1.1857900619506836,,,0.0035878242924809456
8464,33.0,890,1.0353448390960693,,,0.007821428589522839
8465,28.0,1140,1.3190295696258545,,,0.07125845551490784
8466,31.0,1074,1.248286485671997,,,0.004113716073334217
8467,33.0,966,1.115358829498291,,,0.0074640982784330845
8468,26.0,1199,1.3784680366516113,,,0.0068064285442233086
8469,30.0,1336,1.5043909549713135,,,0.004087815992534161
8470,28.0,1285,1.4728574752807617,,,0.005033018533140421
8471,13.0,710,0.8174467086791992,,,0.00977387186139822
8472,26.0,819,0.9372591972351074,,,0.005308055784553289
8473,28.0,1069,1.2316222190856934,,,0.005754187703132629
8474,26.0,961,1.1162109375,,,0.006403850391507149
8475,26.0,839,0.974794864654541,,,0.005688938312232494
8476,29.0,1049,1.2092928886413574,,,0.005884378217160702
8477,28.0,1191,1.348604679107666,,,0.06751363724470139
8478,24.0,1192,1.373938798904419,,,0.009307557716965675
8479,25.0,1379,1.6086626052856445,,,0.004185948520898819
8480,26.0,950,1.1109263896942139,,,0.0035528677981346846
8481,31.0,1391,1.614891529083252,,,0.0038246936164796352
8482,28.0,1181,1.3658592700958252,,,0.004082896281033754
8483,22.0,793,0.9123625755310059,,,0.005093777552247047
8484,30.0,1027,1.1616902351379395,,,0.0071181077510118484
8485,6.0,544,0.6261253356933594,,,0.06986125558614731
8486,32.0,1333,1.4910080432891846,,,0.005210838280618191
8487,23.0,995,1.123955249786377,,,0.006092765834182501
8488,22.0,807,0.918022632598877,,,0.005076778586953878
8489,29.0,1167,1.3176360130310059,,,0.0031052264384925365
8490,24.0,1109,1.274404764175415,,,0.003128495067358017
8491,27.0,965,1.121943712234497,,,0.008011202327907085
8492,25.0,1185,1.3705544471740723,,,0.00459284707903862
8493,30.0,1089,1.2418270111083984,,,0.004656662233173847
8494,31.0,1315,1.4804737567901611,,,0.004853307269513607
8495,29.0,1097,1.2606072425842285,,,0.006325850263237953
8496,34.0,1339,1.5466041564941406,,,0.008956067264080048
8497,22.0,883,1.0147373676300049,,,0.06947890669107437
8498,30.0,1101,1.2510054111480713,,,0.004300928674638271
8499,47.0,1759,2.031209707260132,,,0.0373978316783905
8500,28.0,1091,1.255521297454834,,,0.006200028117746115
8501,25.0,894,1.0422704219818115,,,0.008429782465100288
8502,33.0,1500,1.6931898593902588,,,0.004225628450512886
8503,30.0,1405,1.6116554737091064,,,0.004021031782031059
8504,26.0,869,0.9871294498443604,,,0.004211034160107374
8505,18.0,604,0.7056093215942383,,,0.014891850762069225
8506,29.0,1133,1.3092923164367676,,,0.008005494251847267
8507,32.0,1299,1.4879438877105713,,,0.005092793144285679
8508,50.0,1826,2.1003592014312744,,,0.005214050877839327
8509,31.0,1190,1.3440639972686768,,,0.005376656074076891
8510,31.0,1164,1.3128690719604492,,,0.008082550950348377
8511,31.0,1278,1.4594898223876953,,,0.006173794623464346
8512,28.0,969,1.1182210445404053,,,0.0031762714497745037
8513,24.0,793,0.9174470901489258,,,0.006839331705123186
8514,32.0,1259,1.4141793251037598,,,0.009690403938293457
8515,29.0,1016,1.1746704578399658,,,0.005707872100174427
8516,29.0,1119,1.2848773002624512,,,0.005505451001226902
8517,26.0,1297,1.4970967769622803,,,0.0033542008604854345
8518,20.0,763,0.890559196472168,,,0.011627350933849812
8519,30.0,1086,1.2551634311676025,,,0.00488622160628438
8520,37.0,1259,1.4622411727905273,,,0.0799122154712677
8521,27.0,1125,1.3029074668884277,,,0.013137511909008026
8522,32.0,1057,1.201270341873169,,,0.005508115515112877
8523,26.0,879,1.009509563446045,,,0.0047173043712973595
8524,24.0,847,0.9828243255615234,,,0.005316212307661772
8525,31.0,1295,1.4880669116973877,,,0.07191675156354904
8526,28.0,1074,1.240943431854248,,,0.006751474924385548
8527,20.0,1026,1.1990084648132324,,,0.007291569374501705
8528,25.0,863,1.0052313804626465,,,0.005959305912256241
8529,31.0,889,1.0208656787872314,,,0.0034974156878888607
8530,23.0,937,1.070685625076294,,,0.00994520727545023
8531,31.0,1073,1.2311713695526123,,,0.008509927429258823
8532,29.0,887,1.019028663635254,,,0.006453502923250198
8533,15.0,766,0.9125354290008545,,,0.008313767611980438
8534,27.0,918,1.0665087699890137,,,0.005530463065952063
8535,14.0,952,1.1263959407806396,,,0.006773357279598713
8536,29.0,1209,1.3903772830963135,,,0.00541295763105154
8537,31.0,1452,1.655038833618164,,,0.011664804071187973
8538,27.0,944,1.0993876457214355,,,0.0058972835540771484
8539,24.0,1007,1.1684319972991943,,,0.00544165913015604
8540,29.0,1228,1.391646146774292,,,0.00460002850741148
8541,28.0,1280,1.4756410121917725,,,0.0033352996688336134
8542,36.0,1434,1.6464314460754395,,,0.008521905168890953
8543,20.0,771,0.8987917900085449,,,0.006409809459000826
8544,23.0,746,0.873298168182373,,,0.013443896546959877
8545,30.0,1016,1.1787772178649902,,,0.004853945691138506
8546,29.0,1290,1.4851295948028564,,,0.007878173142671585
8547,30.0,1260,1.4510915279388428,,,0.012073473073542118
8548,22.0,1108,1.2918498516082764,,,0.004338765982538462
8549,31.0,1157,1.3423407077789307,,,0.003907329402863979
8550,20.0,841,0.9866230487823486,,,0.005185030400753021
8551,28.0,1177,1.3683083057403564,,,0.07697732746601105
8552,22.0,790,0.9244565963745117,,,0.0038210744969546795
8553,31.0,1309,1.4958534240722656,,,0.0022238269448280334
8554,29.0,1027,1.1508605480194092,,,0.00449123652651906
8555,32.0,944,1.0892910957336426,,,0.009979802183806896
8556,28.0,1140,1.3131797313690186,,,0.0047689578495919704
8557,21.0,917,1.0800130367279053,,,0.007852056995034218
8558,30.0,1359,1.5444693565368652,,,0.007299813441932201
8559,20.0,708,0.8144762516021729,,,0.004513930529356003
8560,24.0,889,1.0297772884368896,,,0.04444676637649536
8561,30.0,1227,1.4142167568206787,,,0.00478983111679554
8562,29.0,1285,1.4891583919525146,,,0.005886095575988293
8563,20.0,932,1.0892436504364014,,,0.004993322771042585
8564,25.0,913,1.0515682697296143,,,0.07256724685430527
8565,30.0,1035,1.1685550212860107,,,0.004585897084325552
8566,31.0,1043,1.181387186050415,,,0.0035038753412663937
8567,26.0,1320,1.5064764022827148,,,0.07623293250799179
8568,25.0,1219,1.4145801067352295,,,0.07638733834028244
8569,22.0,907,1.0590589046478271,,,0.0055137029848992825
8570,30.0,987,1.142171859741211,,,0.005473432131111622
8571,30.0,1075,1.2358825206756592,,,0.010833482258021832
8572,36.0,1515,1.746983528137207,,,0.006603907328099012
8573,29.0,1551,1.779749870300293,,,0.0032950853928923607
8574,26.0,1154,1.3066682815551758,,,0.006675870157778263
8575,30.0,1403,1.6229257583618164,,,0.00449869129806757
8576,6.0,563,0.6620991230010986,,,0.008435501717031002
8577,15.0,741,0.8666119575500488,,,0.003528229659423232
8578,32.0,1226,1.4085054397583008,,,0.007809601258486509
8579,31.0,1227,1.4117510318756104,,,0.008949232287704945
8580,31.0,1387,1.5854871273040771,,,0.0044497293420135975
8581,18.0,806,0.9324073791503906,,,0.005007871426641941
8582,27.0,1224,1.4059882164001465,,,0.0035449396818876266
8583,28.0,1036,1.181004285812378,,,0.0037504462525248528
8584,31.0,1191,1.3394606113433838,,,0.006653747521340847
8585,23.0,934,1.0895323753356934,,,0.004150507040321827
8586,29.0,1227,1.4076099395751953,,,0.004134058952331543
8587,27.0,955,1.106363296508789,,,0.005593839567154646
8588,13.0,491,0.5740153789520264,,,0.0029038090724498034
8589,22.0,1038,1.2050316333770752,,,0.005388763267546892
8590,26.0,881,1.0046024322509766,,,0.009106060490012169
8591,35.0,1393,1.5566761493682861,,,0.00625269440934062
8592,29.0,1246,1.3936002254486084,,,0.004269409459084272
8593,47.0,1661,1.9109852313995361,,,0.006515170447528362
8594,31.0,1044,1.2111091613769531,,,0.004207235760986805
8595,26.0,957,1.11326265335083,,,0.00693755317479372
8596,28.0,1231,1.4327151775360107,,,0.009031601250171661
8597,28.0,1259,1.4568355083465576,,,0.0035202824510633945
8598,27.0,1260,1.4533021450042725,,,0.006405287887901068
8599,31.0,1623,1.8589658737182617,,,0.007995346561074257
8600,26.0,1145,1.3273248672485352,,,0.004741682205349207
8601,22.0,990,1.1554129123687744,,,0.004538438282907009
8602,17.0,787,0.9254770278930664,,,0.007116657216101885
8603,19.0,751,0.8836092948913574,,,0.005685059353709221
8604,24.0,1050,1.2152693271636963,,,0.0036521463189274073
8605,30.0,1261,1.4512836933135986,,,0.006311960984021425
8606,27.0,1093,1.2986419200897217,,,0.005174796096980572
8607,29.0,1405,1.6126689910888672,,,0.07419373840093613
8608,31.0,1183,1.361262321472168,,,0.0028120209462940693
8609,35.0,1471,1.6600425243377686,,,0.005610098596662283
8610,33.0,1191,1.3595547676086426,,,0.00578475184738636
8611,28.0,999,1.1717774868011475,,,0.007820026949048042
8612,31.0,1349,1.5452823638916016,,,0.006345001980662346
8613,29.0,1109,1.2785286903381348,,,0.0063781230710446835
8614,22.0,829,0.9549036026000977,,,0.007788408547639847
8615,24.0,1087,1.2247116565704346,,,0.004652583971619606
8616,31.0,1213,1.3901467323303223,,,0.006708440836519003
8617,25.0,895,1.0265312194824219,,,0.0556836761534214
8618,27.0,931,1.0619988441467285,,,0.03328803926706314
8619,30.0,1149,1.2944326400756836,,,0.005100392270833254
8620,31.0,972,1.0992000102996826,,,0.004271645098924637
8621,35.0,1329,1.5027554035186768,,,0.007367739919573069
8622,32.0,1264,1.424652338027954,,,0.004363839514553547
8623,25.0,758,0.8614838123321533,,,0.00621484499424696
8624,3.0,384,0.4435153007507324,,,0.007064539939165115
8625,26.0,1098,1.2813143730163574,,,0.011384952813386917
8626,32.0,930,1.0659186840057373,,,0.00855898205190897
8627,20.0,939,1.0741417407989502,,,0.012983172200620174
8628,28.0,1166,1.3212428092956543,,,0.002730781678110361
8629,24.0,1000,1.1617982387542725,,,0.007244055159389973
8630,31.0,1365,1.5715081691741943,,,0.006731607485562563
8631,25.0,909,1.052680253982544,,,0.040105342864990234
8632,30.0,1061,1.2313461303710938,,,0.01178879477083683
8633,33.0,1218,1.4046943187713623,,,0.005824228748679161
8634,27.0,1021,1.185319185256958,,,0.007612427696585655
8635,26.0,1129,1.3091602325439453,,,0.00892789475619793
8636,30.0,1135,1.3172237873077393,,,0.040931880474090576
8637,33.0,1066,1.223325490951538,,,0.003467538394033909
8638,21.0,853,0.9756186008453369,,,0.013546871952712536
8639,32.0,1055,1.214721441268921,,,0.007271375972777605
8640,27.0,1325,1.5254464149475098,,,0.0073869843035936356
8641,26.0,1029,1.1872358322143555,,,0.007621162571012974
8642,30.0,1048,1.2046277523040771,,,0.00402326975017786
8643,24.0,993,1.1691486835479736,,,0.004563101101666689
8644,26.0,1027,1.189483880996704,,,0.002893719356507063
8645,22.0,1019,1.1853387355804443,,,0.004239079542458057
8646,29.0,1087,1.2593660354614258,,,0.003614552319049835
8647,27.0,937,1.08925461769104,,,0.003357540350407362
8648,10.0,373,0.43959546089172363,,,0.005142621695995331
8649,31.0,1301,1.4825258255004883,,,0.006439431570470333
8650,27.0,937,1.0780742168426514,,,0.0070443106815218925
8651,28.0,1017,1.1764440536499023,,,0.006728436332195997
8652,25.0,889,1.0200846195220947,,,0.007303920574486256
8653,28.0,1053,1.2207262516021729,,,0.004129040986299515
8654,30.0,1211,1.3936796188354492,,,0.0046070646494627
8655,28.0,1261,1.446423053741455,,,0.009102688170969486
8656,23.0,823,0.9374871253967285,,,0.003358752466738224
8657,23.0,877,1.0076258182525635,,,0.0053079091012477875
8658,22.0,871,1.0093746185302734,,,0.005798498168587685
8659,32.0,1207,1.3689188957214355,,,0.01981412246823311
8660,30.0,1133,1.3081340789794922,,,0.005930937826633453
8661,29.0,1048,1.2117853164672852,,,0.002281423192471266
8662,17.0,1072,1.257244348526001,,,0.006173443980515003
8663,29.0,910,1.0324828624725342,,,0.006071075331419706
8664,28.0,1173,1.342271327972412,,,0.003168476279824972
8665,33.0,1347,1.5414948463439941,,,0.0052174050360918045
8666,32.0,1100,1.2647478580474854,,,0.005416896194219589
8667,30.0,1118,1.2790486812591553,,,0.009320366196334362
8668,28.0,1103,1.257981300354004,,,0.06758317351341248
8669,28.0,919,1.0433785915374756,,,0.006405455991625786
8670,28.0,1147,1.305654764175415,,,0.0033034554217010736
8671,25.0,908,1.050830364227295,,,0.003813637886196375
8672,34.0,1165,1.3371069431304932,,,0.06746630370616913
8673,32.0,1295,1.4852004051208496,,,0.003925700671970844
8674,27.0,1250,1.4609668254852295,,,0.011714013293385506
8675,32.0,891,1.0150439739227295,,,0.0037761882413178682
8676,29.0,1059,1.201223373413086,,,0.002635376527905464
8677,19.0,1058,1.2175147533416748,,,0.006559894420206547
8678,12.0,501,0.5985443592071533,,,0.005346149206161499
8679,57.0,2238,2.532609224319458,,,0.005684025585651398
8680,25.0,923,1.0512008666992188,,,0.0029740568716078997
8681,26.0,1079,1.2243564128875732,,,0.004738856106996536
8682,31.0,1216,1.3824803829193115,,,0.0033517612610012293
8683,31.0,1054,1.2218108177185059,,,0.08049295097589493
8684,27.0,977,1.13020920753479,,,0.0064839511178433895
8685,33.0,1043,1.2041301727294922,,,0.00998053140938282
8686,27.0,1025,1.185730218887329,,,0.008999297395348549
8687,22.0,801,0.9333782196044922,,,0.0073132929392158985
8688,27.0,908,1.054358959197998,,,0.06560524553060532
8689,26.0,1000,1.1756582260131836,,,0.004176051821559668
8690,29.0,1093,1.2544763088226318,,,0.006396065931767225
8691,20.0,875,1.024066686630249,,,0.010528191924095154
8692,41.0,1475,1.7103652954101562,,,0.0030625273939222097
8693,21.0,905,1.042860746383667,,,0.006971079856157303
8694,24.0,1011,1.178344964981079,,,0.007369448430836201
8695,30.0,1070,1.2536334991455078,,,0.010097731836140156
8696,29.0,1357,1.545384168624878,,,0.005112016573548317
8697,22.0,835,0.9583737850189209,,,0.003870866959914565
8698,22.0,741,0.8596529960632324,,,0.01193786971271038
8699,30.0,1212,1.3880443572998047,,,0.011726178228855133
8700,27.0,1001,1.1606855392456055,,,0.013757871463894844
8701,27.0,981,1.1366772651672363,,,0.06485994905233383
8702,25.0,969,1.1220757961273193,,,0.00479108514264226
8703,19.0,785,0.9244356155395508,,,0.0057661402970552444
8704,29.0,969,1.1276531219482422,,,0.06725527346134186
8705,30.0,1267,1.4417247772216797,,,0.005940357688814402
8706,24.0,889,1.015928030014038,,,0.006309089250862598
8707,32.0,1169,1.3164198398590088,,,0.00730335246771574
8708,32.0,1329,1.5384972095489502,,,0.0046422844752669334
8709,26.0,1285,1.4865918159484863,,,0.004635335877537727
8710,31.0,1083,1.2529621124267578,,,0.005060015246272087
8711,32.0,1071,1.2467787265777588,,,0.00507302675396204
8712,26.0,939,1.0917952060699463,,,0.002691286848857999
8713,16.0,685,0.804389238357544,,,0.006841880269348621
8714,18.0,787,0.921170711517334,,,0.002799541223794222
8715,21.0,824,0.9692420959472656,,,0.011869784444570541
8716,27.0,1242,1.4432992935180664,,,0.005106113385409117
8717,13.0,643,0.7584147453308105,,,0.005173948593437672
8718,31.0,1214,1.3864030838012695,,,0.008000674657523632
8719,29.0,1347,1.5365540981292725,,,0.014431506395339966
8720,29.0,957,1.0787568092346191,,,0.0050057717598974705
8721,30.0,1584,1.8242981433868408,,,0.004730041138827801
8722,23.0,731,0.8555078506469727,,,0.007413109764456749
8723,26.0,935,1.0801868438720703,,,0.004447887651622295
8724,29.0,1231,1.4259412288665771,,,0.0035349559038877487
8725,28.0,1162,1.3545303344726562,,,0.006334618199616671
8726,20.0,885,1.0464177131652832,,,0.005096768960356712
8727,30.0,1305,1.5009534358978271,,,0.004159101285040379
8728,27.0,884,1.0175774097442627,,,0.0039038578979671
8729,33.0,1269,1.461320161819458,,,0.00804930366575718
8730,30.0,1155,1.326005458831787,,,0.006947021000087261
8731,32.0,1039,1.1946516036987305,,,0.006863021291792393
8732,31.0,1388,1.5694410800933838,,,0.008680123835802078
8733,30.0,1191,1.3575575351715088,,,0.06612056493759155
8734,31.0,1472,1.6653435230255127,,,0.006467267405241728
8735,31.0,1349,1.5197324752807617,,,0.0055051990784704685
8736,29.0,989,1.1306402683258057,,,0.00910539273172617
8737,31.0,1217,1.3689794540405273,,,0.0036077387630939484
8738,31.0,1402,1.5804469585418701,,,0.010656752623617649
8739,28.0,1225,1.3840968608856201,,,0.011496356688439846
8740,26.0,987,1.1365478038787842,,,0.004462618846446276
8741,19.0,773,0.9064075946807861,,,0.007429404184222221
8742,25.0,1091,1.2622182369232178,,,0.007765111513435841
8743,29.0,945,1.0861849784851074,,,0.010936809703707695
8744,27.0,1001,1.1558842658996582,,,0.004102365113794804
8745,28.0,1124,1.2929885387420654,,,0.008978977799415588
8746,29.0,1157,1.3138880729675293,,,0.003994437865912914
8747,30.0,1315,1.482370376586914,,,0.008515127003192902
8748,26.0,1041,1.1832640171051025,,,0.0050027864053845406
8749,18.0,841,0.960111141204834,,,0.008544137701392174
8750,30.0,1202,1.3564331531524658,,,0.00316895404830575
8751,30.0,1313,1.5018479824066162,,,0.004908327478915453
8752,28.0,1303,1.5110042095184326,,,0.004770217463374138
8753,28.0,1105,1.2887861728668213,,,0.0041189417243003845
8754,25.0,863,1.003061294555664,,,0.005268694832921028
8755,22.0,895,1.0375878810882568,,,0.0053355274721980095
8756,22.0,846,0.9926879405975342,,,0.007105671335011721
8757,18.0,725,0.853630542755127,,,0.006419645622372627
8758,28.0,1486,1.7190017700195312,,,0.007941491901874542
8759,30.0,1315,1.522981882095337,,,0.003975207917392254
8760,21.0,855,1.003650188446045,,,0.07074712216854095
8761,24.0,865,1.020975112915039,,,0.012407450005412102
8762,35.0,1399,1.6055152416229248,,,0.002347008790820837
8763,29.0,1150,1.2916066646575928,,,0.003811736823990941
8764,32.0,1010,1.1367592811584473,,,0.006998603232204914
8765,24.0,905,1.0328071117401123,,,0.044814333319664
8766,13.0,687,0.8034253120422363,,,0.011067679151892662
8767,28.0,1074,1.2412679195404053,,,0.012080300599336624
8768,27.0,1217,1.3975152969360352,,,0.005812516435980797
8769,30.0,1085,1.2517988681793213,,,0.004764210432767868
8770,30.0,1203,1.3648900985717773,,,0.07006117701530457
8771,27.0,1223,1.3754091262817383,,,0.004914103075861931
8772,25.0,951,1.0887010097503662,,,0.00806478038430214
8773,43.0,1599,1.851203203201294,,,0.0034143300727009773
8774,31.0,1348,1.5692486763000488,,,0.005574407987296581
8775,29.0,1101,1.2885143756866455,,,0.005107481963932514
8776,27.0,922,1.0390880107879639,,,0.004105181433260441
8777,28.0,976,1.1020753383636475,,,0.005918649025261402
8778,25.0,843,0.9826998710632324,,,0.004453327506780624
8779,22.0,914,1.059509515762329,,,0.006097767502069473
8780,26.0,1221,1.413374900817871,,,0.005127244628965855
8781,31.0,1385,1.5991311073303223,,,0.00791439600288868
8782,28.0,1203,1.3849709033966064,,,0.0030681034550070763
8783,31.0,1248,1.433039903640747,,,0.013759233057498932
8784,20.0,773,0.8914566040039062,,,0.0994052141904831
8785,32.0,1529,1.7001941204071045,,,0.007181163877248764
8786,32.0,1340,1.4893057346343994,,,0.005063182674348354
8787,29.0,1100,1.2309701442718506,,,0.006964489817619324
8788,30.0,1299,1.4557890892028809,,,0.007278744131326675
8789,19.0,629,0.7343518733978271,,,0.0049158381298184395
8790,22.0,921,1.0574932098388672,,,0.039373110979795456
8791,27.0,1120,1.2737207412719727,,,0.006613666191697121
8792,32.0,1147,1.284865140914917,,,0.002704277168959379
8793,29.0,1220,1.3758447170257568,,,0.006058394443243742
8794,29.0,1051,1.1819791793823242,,,0.07349515706300735
8795,32.0,1297,1.4695706367492676,,,0.006050090305507183
8796,16.0,576,0.6758525371551514,,,0.060845836997032166
8797,23.0,969,1.1321792602539062,,,0.005781220272183418
8798,30.0,1333,1.5393574237823486,,,0.007586982101202011
8799,25.0,1134,1.321239948272705,,,0.010007508099079132
8800,22.0,1093,1.2767231464385986,,,0.004782801494002342
8801,23.0,993,1.161388874053955,,,0.047330066561698914
8802,32.0,1197,1.3815500736236572,,,0.004625754430890083
8803,8.0,371,0.43847155570983887,,,0.007747401483356953
8804,31.0,1150,1.3228065967559814,,,0.004398914519697428
8805,24.0,778,0.9064891338348389,,,0.0050373077392578125
8806,18.0,902,1.0515730381011963,,,0.007093515247106552
8807,32.0,1154,1.3314008712768555,,,0.006257215980440378
8808,24.0,1190,1.378096342086792,,,0.004289459902793169
8809,29.0,1391,1.5966949462890625,,,0.03400331735610962
8810,31.0,1067,1.2249419689178467,,,0.004589549731463194
8811,16.0,742,0.8646700382232666,,,0.00448457058519125
8812,22.0,1045,1.2158443927764893,,,0.019422486424446106
8813,24.0,969,1.1281018257141113,,,0.009016256779432297
8814,32.0,1381,1.5982551574707031,,,0.00544570479542017
8815,22.0,859,1.006469488143921,,,0.0075296200811862946
8816,32.0,1019,1.1798138618469238,,,0.004276826977729797
8817,27.0,1135,1.3233494758605957,,,0.009206478483974934
8818,31.0,1315,1.5114471912384033,,,0.004167214501649141
8819,29.0,1337,1.5387845039367676,,,0.01740485429763794
8820,22.0,927,1.082137107849121,,,0.005170256365090609
8821,32.0,1133,1.3172903060913086,,,0.006802309304475784
8822,20.0,762,0.8908100128173828,,,0.0051161907613277435
8823,19.0,629,0.736530065536499,,,0.0069728693924844265
8824,19.0,748,0.8720543384552002,,,0.023981895297765732
8825,30.0,1223,1.4123127460479736,,,0.005242886953055859
8826,13.0,715,0.8435022830963135,,,0.007012104615569115
8827,29.0,1049,1.2156445980072021,,,0.010760902427136898
8828,27.0,1253,1.4439005851745605,,,0.004715411923825741
8829,31.0,1271,1.464529037475586,,,0.009335285983979702
8830,32.0,1097,1.2552967071533203,,,0.00428498350083828
8831,31.0,963,1.112013816833496,,,0.004741091746836901
8832,31.0,1151,1.3249521255493164,,,0.007095354609191418
8833,30.0,1512,1.731555700302124,,,0.004554330371320248
8834,31.0,1309,1.498504400253296,,,0.008534659631550312
8835,28.0,1257,1.4451310634613037,,,0.0051759276539087296
8836,23.0,847,0.9783716201782227,,,0.006345371715724468
8837,31.0,1573,1.8015079498291016,,,0.0069853998720645905
8838,22.0,776,0.9022629261016846,,,0.005151659715920687
8839,27.0,1285,1.4726464748382568,,,0.02467566728591919
8840,11.0,495,0.5648736953735352,,,0.0044570486061275005
8841,13.0,681,0.7790088653564453,,,0.007080110255628824
8842,24.0,1226,1.424487829208374,,,0.008304169401526451
8843,26.0,1007,1.1757400035858154,,,0.008802024647593498
8844,27.0,1109,1.2836289405822754,,,0.06602514535188675
8845,26.0,1071,1.2373762130737305,,,0.00640834029763937
8846,30.0,1223,1.4044651985168457,,,0.004135514609515667
8847,29.0,887,1.0215215682983398,,,0.003595643676817417
8848,30.0,1086,1.2519891262054443,,,0.007094998843967915
8849,12.0,489,0.5788784027099609,,,0.005869959015399218
8850,29.0,1381,1.5901293754577637,,,0.005532165989279747
8851,24.0,1095,1.2626936435699463,,,0.005532216280698776
8852,25.0,896,1.045872688293457,,,0.004641388542950153
8853,30.0,1395,1.604743242263794,,,0.07220957428216934
8854,29.0,1336,1.5302679538726807,,,0.007283347658813
8855,31.0,1224,1.411102294921875,,,0.07006388157606125
8856,25.0,963,1.122110366821289,,,0.005268337205052376
8857,27.0,1163,1.3416473865509033,,,0.007980579510331154
8858,30.0,1196,1.3781895637512207,,,0.005422690883278847
8859,25.0,973,1.1286072731018066,,,0.01281646452844143
8860,24.0,978,1.1328885555267334,,,0.006658373866230249
8861,30.0,1351,1.5193657875061035,,,0.00599122466519475
8862,30.0,1088,1.2478234767913818,,,0.00527355819940567
8863,10.0,629,0.7393264770507812,,,0.003867611289024353
8864,3.0,529,0.612351655960083,,,0.00550434086471796
8865,17.0,709,0.8310470581054688,,,0.006571785546839237
8866,19.0,634,0.7252542972564697,,,0.07385710626840591
8867,28.0,979,1.099700927734375,,,0.006389496847987175
8868,52.0,1717,1.9359519481658936,,,0.006329599767923355
8869,26.0,790,0.9195568561553955,,,0.005511915311217308
8870,14.0,745,0.8734259605407715,,,0.00638088583946228
8871,30.0,1464,1.6736159324645996,,,0.0054498701356351376
8872,26.0,1016,1.1718544960021973,,,0.004923962522298098
8873,30.0,1153,1.3229684829711914,,,0.006921648047864437
8874,30.0,1023,1.1831979751586914,,,0.003606184618547559
8875,28.0,1229,1.422576665878296,,,0.012110997922718525
8876,18.0,901,1.050905466079712,,,0.007067559286952019
8877,24.0,1023,1.186690092086792,,,0.069272480905056
8878,30.0,1104,1.2708768844604492,,,0.0039982725866138935
8879,31.0,1165,1.3329944610595703,,,0.01146808173507452
8880,19.0,967,1.124178409576416,,,0.006549561396241188
8881,20.0,796,0.9339187145233154,,,0.0038752404507249594
8882,26.0,1086,1.2582948207855225,,,0.0060126869939267635
8883,29.0,1166,1.3395895957946777,,,0.009052637033164501
8884,28.0,1227,1.4129085540771484,,,0.005861308425664902
8885,17.0,749,0.8848075866699219,,,0.006954263895750046
8886,28.0,1161,1.3393006324768066,,,0.006228872109204531
8887,28.0,1019,1.1804423332214355,,,0.004934145137667656
8888,24.0,1027,1.1970798969268799,,,0.047264404594898224
8889,29.0,1349,1.5451018810272217,,,0.006506521254777908
8890,34.0,927,1.063727617263794,,,0.005768953822553158
8891,29.0,1204,1.3940508365631104,,,0.0768992006778717
8892,30.0,1248,1.437852382659912,,,0.011745341122150421
8893,30.0,1175,1.3487248420715332,,,0.005842659622430801
8894,23.0,912,1.0626871585845947,,,0.009450780227780342
8895,31.0,1073,1.237649917602539,,,0.0037736138328909874
8896,28.0,1114,1.277968406677246,,,0.005027118604630232
8897,29.0,1378,1.5797381401062012,,,0.008785075508058071
8898,36.0,1315,1.5142464637756348,,,0.023784330114722252
8899,28.0,1153,1.301447868347168,,,0.00395979406312108
8900,23.0,853,0.9614455699920654,,,0.0070815542712807655
8901,29.0,1240,1.419809341430664,,,0.005236417055130005
8902,30.0,1299,1.495718240737915,,,0.00623824167996645
8903,43.0,1755,2.036939859390259,,,0.006561577785760164
8904,17.0,877,1.0307652950286865,,,0.004407984204590321
8905,28.0,1049,1.2215564250946045,,,0.0033163181506097317
8906,29.0,1138,1.3154881000518799,,,0.005273397080600262
8907,15.0,749,0.8819375038146973,,,0.010934120044112206
8908,21.0,895,1.0526258945465088,,,0.00418729055672884
8909,32.0,1174,1.348769187927246,,,0.004948671907186508
8910,27.0,1104,1.2791740894317627,,,0.003918821923434734
8911,32.0,1151,1.3003628253936768,,,0.007565809413790703
8912,25.0,987,1.1300313472747803,,,0.0086660822853446
8913,32.0,1224,1.3948063850402832,,,0.005452489480376244
8914,33.0,1329,1.5121862888336182,,,0.0039191897958517075
8915,46.0,1771,2.0345964431762695,,,0.004498578142374754
8916,22.0,844,0.981072187423706,,,0.00657667126506567
8917,28.0,1085,1.2440576553344727,,,0.011340629309415817
8918,28.0,1143,1.3193604946136475,,,0.0064614382572472095
8919,28.0,1181,1.321946382522583,,,0.006080842111259699
8920,22.0,895,1.0075161457061768,,,0.005637651309370995
8921,21.0,801,0.9094109535217285,,,0.006444190628826618
8922,29.0,1462,1.6496176719665527,,,0.005221128463745117
8923,29.0,1057,1.2201652526855469,,,0.006218606606125832
8924,32.0,1453,1.6663639545440674,,,0.005394897423684597
8925,19.0,1021,1.1937596797943115,,,0.004885116126388311
8926,42.0,1589,1.8222906589508057,,,0.003783960361033678
8927,30.0,1182,1.3660271167755127,,,0.012339061126112938
8928,27.0,1287,1.4902877807617188,,,0.01405568327754736
8929,24.0,848,0.9828746318817139,,,0.011828793212771416
8930,20.0,765,0.8952639102935791,,,0.002966399770230055
8931,25.0,903,1.0456478595733643,,,0.004433412104845047
8932,32.0,1361,1.5618784427642822,,,0.004791160114109516
8933,26.0,985,1.1412782669067383,,,0.003185198176652193
8934,31.0,1029,1.1653249263763428,,,0.00880418810993433
8935,13.0,668,0.7662725448608398,,,0.004480596631765366
8936,31.0,1193,1.340852975845337,,,0.009614435955882072
8937,30.0,1116,1.252044916152954,,,0.004579472355544567
8938,22.0,1021,1.1735517978668213,,,0.010408430360257626
8939,25.0,1069,1.2429132461547852,,,0.0058671459555625916
8940,31.0,1170,1.3297350406646729,,,0.0680549144744873
8941,22.0,701,0.797590970993042,,,0.00851268321275711
8942,34.0,1386,1.570704460144043,,,0.00405869772657752
8943,31.0,1447,1.6552371978759766,,,0.004866242408752441
8944,24.0,1034,1.1696410179138184,,,0.007841574028134346
8945,24.0,914,1.0565564632415771,,,0.004012478981167078
8946,31.0,1107,1.2705345153808594,,,0.005420394241809845
8947,25.0,1126,1.3099370002746582,,,0.005941425915807486
8948,16.0,772,0.9017128944396973,,,0.07153042405843735
8949,24.0,811,0.9414312839508057,,,0.008174552582204342
8950,29.0,1050,1.2192950248718262,,,0.012499663047492504
8951,31.0,1204,1.3915390968322754,,,0.002541340421885252
8952,32.0,1255,1.4472408294677734,,,0.008237861096858978
8953,30.0,1083,1.2465784549713135,,,0.0035998562816530466
8954,26.0,906,1.0426909923553467,,,0.005939172115176916
8955,33.0,1295,1.4930415153503418,,,0.006354557350277901
8956,29.0,1156,1.3369505405426025,,,0.04761046916246414
8957,24.0,1127,1.3021314144134521,,,0.00595947215333581
8958,31.0,1231,1.4052157402038574,,,0.008044593036174774
8959,30.0,1055,1.2188811302185059,,,0.00577582698315382
8960,35.0,1508,1.7464251518249512,,,0.07128738611936569
8961,29.0,1153,1.3303930759429932,,,0.005525215994566679
8962,20.0,908,1.0604889392852783,,,0.0036789472214877605
8963,28.0,1025,1.1819725036621094,,,0.006501695141196251
8964,28.0,1230,1.3774847984313965,,,0.043842613697052
8965,22.0,740,0.8604512214660645,,,0.0039145452901721
8966,22.0,791,0.9127676486968994,,,0.003324686549603939
8967,27.0,846,0.9831228256225586,,,0.007221885956823826
8968,33.0,1402,1.5999822616577148,,,0.00900357961654663
8969,27.0,1389,1.5563039779663086,,,0.010749413631856441
8970,27.0,1147,1.321610927581787,,,0.006689571775496006
8971,33.0,1395,1.5822954177856445,,,0.01242496632039547
8972,17.0,821,0.9333055019378662,,,0.004321877378970385
8973,24.0,935,1.050365924835205,,,0.00480608269572258
8974,31.0,1141,1.2996761798858643,,,0.06110014021396637
8975,31.0,1444,1.652231216430664,,,0.052108846604824066
8976,33.0,1219,1.3956100940704346,,,0.06222346052527428
8977,29.0,1167,1.3414809703826904,,,0.004539962857961655
8978,31.0,1386,1.5882787704467773,,,0.08429286628961563
8979,32.0,1410,1.5900936126708984,,,0.003195428755134344
8980,23.0,867,0.9837229251861572,,,0.06421686708927155
8981,26.0,921,1.045288324356079,,,0.0064950138330459595
8982,33.0,1101,1.238837718963623,,,0.0035525131970643997
8983,30.0,1053,1.18861722946167,,,0.007470268290489912
8984,28.0,1107,1.2659318447113037,,,0.006832048296928406
8985,21.0,670,0.7757434844970703,,,0.005869468208402395
8986,32.0,1256,1.425391435623169,,,0.00751262903213501
8987,52.0,2018,2.274709939956665,,,0.02286829613149166
8988,29.0,887,1.0020227432250977,,,0.009892754256725311
8989,19.0,872,0.9960718154907227,,,0.015017895959317684
8990,31.0,1241,1.4126720428466797,,,0.011824388056993484
8991,19.0,689,0.8083233833312988,,,0.004109115805476904
8992,22.0,843,0.9899163246154785,,,0.009476536884903908
8993,23.0,1028,1.2007205486297607,,,0.011196136474609375
8994,30.0,1109,1.2766375541687012,,,0.006276109255850315
8995,26.0,917,1.0673456192016602,,,0.00472940132021904
8996,29.0,1118,1.2964658737182617,,,0.005242075305432081
8997,25.0,1003,1.166616678237915,,,0.0695488303899765
8998,30.0,791,0.9236040115356445,,,0.10523740947246552
8999,26.0,1120,1.3010663986206055,,,0.010138176381587982
9000,33.0,1261,1.4502785205841064,,,0.003678528591990471
9001,24.0,844,0.978290319442749,,,0.006590496748685837
9002,32.0,1046,1.21085786819458,,,0.005725884810090065
9003,19.0,557,0.6515636444091797,,,0.004915658384561539
9004,29.0,1187,1.3528470993041992,,,0.003116689622402191
9005,30.0,1219,1.4026782512664795,,,0.01076373178511858
9006,27.0,1157,1.300530195236206,,,0.010381818749010563
9007,30.0,1309,1.459207534790039,,,0.003942945506423712
9008,30.0,1095,1.2354724407196045,,,0.03433293104171753
9009,32.0,1137,1.2939488887786865,,,0.007703807204961777
9010,21.0,719,0.8334546089172363,,,0.005649491213262081
9011,30.0,1354,1.5306658744812012,,,0.06631597131490707
9012,31.0,1311,1.4614713191986084,,,0.005121851339936256
9013,31.0,1244,1.421064853668213,,,0.0041974131017923355
9014,37.0,1349,1.5494861602783203,,,0.00791030190885067
9015,32.0,1643,1.895789384841919,,,0.002684796927496791
9016,32.0,1252,1.4294743537902832,,,0.005443855654448271
9017,30.0,1378,1.572237491607666,,,0.010445939376950264
9018,22.0,801,0.929335355758667,,,0.06642955541610718
9019,25.0,941,1.0841772556304932,,,0.005018055438995361
9020,31.0,1029,1.1946585178375244,,,0.006344870664179325
9021,31.0,998,1.1576011180877686,,,0.00495400233194232
9022,52.0,1898,2.1884450912475586,,,0.005657072179019451
9023,23.0,1156,1.34360933303833,,,0.07056207954883575
9024,25.0,1009,1.1705753803253174,,,0.0062071760185062885
9025,22.0,821,0.9568362236022949,,,0.00860796682536602
9026,28.0,1073,1.2386088371276855,,,0.008635813370347023
9027,33.0,1185,1.3646676540374756,,,0.01030005794018507
9028,21.0,1061,1.232386827468872,,,0.004173779394477606
9029,25.0,1231,1.4257314205169678,,,0.006756315939128399
9030,31.0,1098,1.26849365234375,,,0.06613057851791382
9031,28.0,1095,1.2566595077514648,,,0.005856506992131472
9032,24.0,843,0.9633438587188721,,,0.006771359592676163
9033,29.0,1236,1.4249064922332764,,,0.01580396667122841
9034,29.0,1013,1.167558193206787,,,0.0041392189450562
9035,31.0,1471,1.686260461807251,,,0.004668373614549637
9036,28.0,1207,1.3880646228790283,,,0.007855188101530075
9037,29.0,1065,1.2313497066497803,,,0.007305228151381016
9038,31.0,1127,1.2892794609069824,,,0.00799466110765934
9039,25.0,897,1.0363519191741943,,,0.005141084082424641
9040,32.0,1305,1.4927952289581299,,,0.0050062574446201324
9041,39.0,1386,1.5955398082733154,,,0.0075417086482048035
9042,32.0,1168,1.3457741737365723,,,0.06077971309423447
9043,13.0,655,0.7544012069702148,,,0.01044150535017252
9044,22.0,964,1.1109189987182617,,,0.006772185210138559
9045,30.0,1521,1.7566986083984375,,,0.005655602086335421
9046,53.0,1783,2.031548500061035,,,0.006717470474541187
9047,22.0,806,0.9240548610687256,,,0.0032137988600879908
9048,43.0,1393,1.611393928527832,,,0.0603385865688324
9049,14.0,663,0.7737267017364502,,,0.004000344313681126
9050,26.0,1071,1.2355396747589111,,,0.04423198848962784
9051,33.0,1297,1.4974334239959717,,,0.0036096253897994757
9052,30.0,1283,1.4804880619049072,,,0.06942975521087646
9053,31.0,1449,1.6524615287780762,,,0.07341720163822174
9054,19.0,850,0.9706451892852783,,,0.0076902564615011215
9055,32.0,1124,1.3051972389221191,,,0.0449468195438385
9056,21.0,690,0.8136398792266846,,,0.004575927741825581
9057,39.0,1749,2.016643524169922,,,0.00405556196346879
9058,23.0,973,1.1255691051483154,,,0.010310349054634571
9059,39.0,1445,1.6220734119415283,,,0.005754904355853796
9060,26.0,933,1.0571768283843994,,,0.01026085764169693
9061,28.0,871,0.9892306327819824,,,0.010025495663285255
9062,31.0,1306,1.466325283050537,,,0.006454243790358305
9063,33.0,1251,1.3976848125457764,,,0.007259108126163483
9064,27.0,932,1.055929183959961,,,0.0559343583881855
9065,23.0,900,1.022350788116455,,,0.006421398371458054
9066,29.0,1149,1.2963409423828125,,,0.003381529822945595
9067,23.0,841,0.9562954902648926,,,0.007083278615027666
9068,26.0,875,0.9945874214172363,,,0.006177416071295738
9069,28.0,1184,1.3492379188537598,,,0.006172810681164265
9070,27.0,1226,1.4134635925292969,,,0.007050689309835434
9071,28.0,943,1.0954468250274658,,,0.05791628733277321
9072,26.0,1075,1.2453932762145996,,,0.007489400450140238
9073,25.0,889,1.0227618217468262,,,0.00701478635892272
9074,25.0,1023,1.1562042236328125,,,0.008140090852975845
9075,31.0,1246,1.3952233791351318,,,0.003587124403566122
9076,31.0,1007,1.1281464099884033,,,0.00399236474186182
9077,32.0,1058,1.2144150733947754,,,0.006941264029592276
9078,29.0,1161,1.3280303478240967,,,0.006408845540136099
9079,17.0,811,0.9414613246917725,,,0.008814522996544838
9080,30.0,1214,1.3671302795410156,,,0.005978516303002834
9081,42.0,1885,2.157721519470215,,,0.005667230114340782
9082,32.0,951,1.1000149250030518,,,0.004876414779573679
9083,29.0,1263,1.4548184871673584,,,0.004786008037626743
9084,15.0,765,0.9046978950500488,,,0.004669981077313423
9085,26.0,926,1.082998514175415,,,0.004632235504686832
9086,19.0,801,0.945265531539917,,,0.010427240282297134
9087,29.0,1155,1.3210721015930176,,,0.009388180449604988
9088,30.0,1149,1.32741117477417,,,0.00436492171138525
9089,31.0,1077,1.2284276485443115,,,0.00703947339206934
9090,41.0,1582,1.8217337131500244,,,0.01600148342549801
9091,32.0,1357,1.5345642566680908,,,0.0037807077169418335
9092,30.0,1081,1.2380995750427246,,,0.00525677390396595
9093,29.0,1177,1.3598096370697021,,,0.005820845253765583
9094,41.0,1885,2.166875123977661,,,0.004414970520883799
9095,23.0,853,0.9926254749298096,,,0.011559941805899143
9096,31.0,1165,1.3234806060791016,,,0.004325299523770809
9097,32.0,1034,1.190418004989624,,,0.0051823328249156475
9098,26.0,1125,1.3037846088409424,,,0.0035172845236957073
9099,29.0,1193,1.3723435401916504,,,0.00803633313626051
9100,31.0,1206,1.3550169467926025,,,0.0049582296051084995
9101,25.0,868,1.0028595924377441,,,0.006059878971427679
9102,25.0,890,1.0129380226135254,,,0.05736051872372627
9103,32.0,1117,1.2591042518615723,,,0.02395194210112095
9104,23.0,847,0.9684226512908936,,,0.005440874025225639
9105,21.0,751,0.8588154315948486,,,0.004302459303289652
9106,30.0,962,1.0918233394622803,,,0.007036940660327673
9107,26.0,1133,1.303575038909912,,,0.007276963442564011
9108,33.0,1351,1.5112028121948242,,,0.005468098912388086
9109,16.0,743,0.848846435546875,,,0.006723493337631226
9110,8.0,428,0.49248242378234863,,,0.005470335949212313
9111,27.0,1201,1.3574047088623047,,,0.0038499487563967705
9112,30.0,1290,1.4673311710357666,,,0.017074277624487877
9113,29.0,1133,1.2729218006134033,,,0.007893518544733524
9114,21.0,916,1.046370267868042,,,0.010074913501739502
9115,21.0,949,1.1001765727996826,,,0.007822087965905666
9116,32.0,1151,1.3116974830627441,,,0.005275330971926451
9117,30.0,1159,1.3174824714660645,,,0.0584656298160553
9118,22.0,922,1.0481081008911133,,,0.005342122633010149
9119,29.0,1203,1.3483383655548096,,,0.003836264368146658
9120,25.0,1123,1.2787044048309326,,,0.0046737040393054485
9121,31.0,1399,1.5783133506774902,,,0.05678793415427208
9122,19.0,1071,1.221278429031372,,,0.004759972915053368
9123,34.0,1511,1.709547758102417,,,0.056372545659542084
9124,29.0,1228,1.3773822784423828,,,0.012991376221179962
9125,26.0,1022,1.1602754592895508,,,0.006037385202944279
9126,32.0,1143,1.299691915512085,,,0.006100837606936693
9127,45.0,1817,2.060584783554077,,,0.005475127138197422
9128,33.0,1194,1.3404736518859863,,,0.0035964827984571457
9129,46.0,1630,1.8465256690979004,,,0.005105341784656048
9130,29.0,1162,1.3217039108276367,,,0.004812024533748627
9131,33.0,1082,1.2460963726043701,,,0.01742803305387497
9132,32.0,1183,1.3605797290802002,,,0.003991883713752031
9133,29.0,1079,1.2181315422058105,,,0.00528954342007637
9134,38.0,1505,1.7007994651794434,,,0.0025295065715909004
9135,30.0,1113,1.2503039836883545,,,0.00757324043661356
9136,15.0,817,0.9371285438537598,,,0.013555451296269894
9137,6.0,568,0.6551587581634521,,,0.012170707806944847
9138,28.0,1083,1.2360975742340088,,,0.0334947369992733
9139,29.0,1289,1.483414649963379,,,0.010037713684141636
9140,30.0,1099,1.2659811973571777,,,0.004766042344272137
9141,26.0,912,1.052502155303955,,,0.007243176456540823
9142,22.0,791,0.926621675491333,,,0.006564454175531864
9143,27.0,1137,1.3121299743652344,,,0.007668918929994106
9144,32.0,1171,1.3412373065948486,,,0.0064226011745631695
9145,31.0,1281,1.446655511856079,,,0.0075530181638896465
9146,31.0,1460,1.6270697116851807,,,0.004734144080430269
9147,31.0,1395,1.5536470413208008,,,0.0075207240879535675
9148,22.0,705,0.801154375076294,,,0.0389876626431942
9149,25.0,855,0.9647121429443359,,,0.006996490992605686
9150,23.0,1211,1.3911302089691162,,,0.008615555241703987
9151,23.0,1041,1.2071242332458496,,,0.006672292947769165
9152,32.0,1230,1.4137189388275146,,,0.005530507769435644
9153,32.0,1075,1.2388663291931152,,,0.0046991873532533646
9154,30.0,1103,1.2751905918121338,,,0.011684006080031395
9155,32.0,1007,1.1652350425720215,,,0.0041823373176157475
9156,22.0,801,0.9337410926818848,,,0.006399293430149555
9157,31.0,1182,1.3330862522125244,,,0.005072693340480328
9158,51.0,1862,2.125554323196411,,,0.009445274248719215
9159,30.0,1029,1.172947645187378,,,0.006497930735349655
9160,13.0,665,0.768150806427002,,,0.0066347080282866955
9161,32.0,1405,1.595489501953125,,,0.009192859753966331
9162,26.0,1105,1.2620723247528076,,,0.00829876959323883
9163,21.0,930,1.0911030769348145,,,0.005107780918478966
9164,41.0,1496,1.7276430130004883,,,0.005559973884373903
9165,20.0,931,1.0857038497924805,,,0.006933529861271381
9166,24.0,786,0.9166359901428223,,,0.0050993189215660095
9167,32.0,1239,1.406437873840332,,,0.003082198090851307
9168,25.0,941,1.064182996749878,,,0.0704561397433281
9169,31.0,1118,1.2596628665924072,,,0.0041329581290483475
9170,46.0,1797,2.0755045413970947,,,0.008168823085725307
9171,21.0,920,1.0754008293151855,,,0.004306310322135687
9172,21.0,1162,1.3611810207366943,,,0.005816752091050148
9173,24.0,1116,1.2955517768859863,,,0.03571714460849762
9174,32.0,1232,1.3979508876800537,,,0.005169528070837259
9175,31.0,1052,1.187133550643921,,,0.014608088880777359
9176,31.0,1265,1.4246923923492432,,,0.002967729000374675
9177,30.0,1227,1.3838295936584473,,,0.005104247480630875
9178,23.0,1273,1.4767775535583496,,,0.015733929350972176
9179,28.0,1091,1.2561779022216797,,,0.006255833897739649
9180,31.0,1106,1.2740814685821533,,,0.012225175276398659
9181,31.0,1154,1.3289384841918945,,,0.004820766393095255
9182,28.0,1224,1.4138004779815674,,,0.0036056404933333397
9183,27.0,1192,1.3781023025512695,,,0.0055454145185649395
9184,28.0,841,0.9814019203186035,,,0.0028953226283192635
9185,30.0,1069,1.2340660095214844,,,0.047496821731328964
9186,6.0,657,0.7745957374572754,,,0.005375051870942116
9187,32.0,1149,1.3261454105377197,,,0.005498902872204781
9188,28.0,949,1.0981805324554443,,,0.00480634905397892
9189,24.0,935,1.0874097347259521,,,0.0029634921811521053
9190,32.0,1560,1.786482810974121,,,0.009676381945610046
9191,25.0,907,1.032620906829834,,,0.006665484979748726
9192,32.0,1284,1.4357998371124268,,,0.10125012695789337
9193,33.0,1165,1.3337993621826172,,,0.006984598934650421
9194,29.0,1257,1.4434449672698975,,,0.011369997635483742
9195,31.0,1141,1.3084850311279297,,,0.003534977324306965
9196,29.0,1479,1.6885805130004883,,,0.004897939041256905
9197,41.0,1446,1.6761841773986816,,,0.005764848552644253
9198,30.0,1208,1.36344313621521,,,0.005010996013879776
9199,31.0,1102,1.243649959564209,,,0.005560972727835178
9200,21.0,726,0.8376455307006836,,,0.003873256267979741
9201,29.0,1161,1.328364610671997,,,0.004938795231282711
9202,30.0,1023,1.1504566669464111,,,0.006178084760904312
9203,27.0,1085,1.2176873683929443,,,0.0066237240098416805
9204,19.0,876,1.0126590728759766,,,0.006649323273450136
9205,27.0,961,1.0823099613189697,,,0.0043104966171085835
9206,29.0,1041,1.1708602905273438,,,0.06851191818714142
9207,24.0,997,1.1292974948883057,,,0.004154208581894636
9208,28.0,1055,1.2508916854858398,,,0.04284331575036049
9209,28.0,1031,1.1830809116363525,,,0.007806265726685524
9210,23.0,832,0.9725058078765869,,,0.0023167121689766645
9211,19.0,735,0.8581447601318359,,,0.006048531271517277
9212,27.0,1279,1.4788293838500977,,,0.008822641335427761
9213,28.0,1142,1.3127105236053467,,,0.006316689774394035
9214,21.0,735,0.8572242259979248,,,0.005114353261888027
9215,26.0,1249,1.4546723365783691,,,0.009871376678347588
9216,27.0,923,1.0540039539337158,,,0.005363533739000559
9217,27.0,1063,1.2246124744415283,,,0.005586427636444569
9218,14.0,919,1.0565800666809082,,,0.06601016223430634
9219,31.0,1196,1.350050687789917,,,0.03891749680042267
9220,33.0,1128,1.2858190536499023,,,0.006041054613888264
9221,44.0,1813,2.0933549404144287,,,0.006237015128135681
9222,20.0,766,0.8914775848388672,,,0.004720843862742186
9223,30.0,1087,1.2406060695648193,,,0.005228894762694836
9224,32.0,1183,1.3292412757873535,,,0.015535528771579266
9225,28.0,1095,1.2324926853179932,,,0.004539834801107645
9226,12.0,658,0.7539472579956055,,,0.008227393962442875
9227,29.0,1435,1.6218845844268799,,,0.00545923039317131
9228,29.0,1062,1.218975305557251,,,0.011410565115511417
9229,31.0,1256,1.4352519512176514,,,0.007006058469414711
9230,31.0,1117,1.2879908084869385,,,0.0073181213811039925
9231,29.0,1273,1.4695348739624023,,,0.006165806204080582
9232,30.0,1375,1.5527985095977783,,,0.004989658482372761
9233,24.0,1033,1.1810719966888428,,,0.0058085438795387745
9234,26.0,939,1.0612683296203613,,,0.010707356035709381
9235,36.0,1215,1.3683061599731445,,,0.005102657247334719
9236,30.0,1387,1.56644606590271,,,0.009186509065330029
9237,24.0,781,0.8818023204803467,,,0.037147827446460724
9238,30.0,993,1.116833209991455,,,0.002819565823301673
9239,20.0,719,0.8186507225036621,,,0.004058361053466797
9240,30.0,1665,1.9124071598052979,,,0.005074233748018742
9241,38.0,1417,1.6417882442474365,,,0.005444584414362907
9242,32.0,1230,1.4193661212921143,,,0.00820919405668974
9243,31.0,1107,1.2971513271331787,,,0.008241603150963783
9244,31.0,1103,1.246302604675293,,,0.004273585043847561
9245,29.0,1079,1.2486836910247803,,,0.006362827029079199
9246,30.0,1123,1.2846109867095947,,,0.06401923298835754
9247,41.0,1617,1.8158469200134277,,,0.006390158087015152
9248,29.0,1070,1.2060754299163818,,,0.002471150830388069
9249,32.0,1239,1.4166784286499023,,,0.006030067801475525
9250,30.0,1380,1.5717287063598633,,,0.08351412415504456
9251,31.0,1249,1.434708595275879,,,0.06541208922863007
9252,16.0,758,0.9010591506958008,,,0.00521893473342061
9253,23.0,883,1.0066261291503906,,,0.0885864719748497
9254,26.0,1045,1.2099175453186035,,,0.00877619069069624
9255,31.0,1361,1.5558772087097168,,,0.006106547079980373
9256,28.0,1197,1.356938362121582,,,0.010365736670792103
9257,30.0,1387,1.5596117973327637,,,0.004627049434930086
9258,30.0,1129,1.2832884788513184,,,0.0112644974142313
9259,23.0,771,0.8968045711517334,,,0.005703901872038841
9260,26.0,1023,1.1894371509552002,,,0.006216785404831171
9261,26.0,972,1.1268246173858643,,,0.008049874566495419
9262,37.0,1375,1.5787544250488281,,,0.06700355559587479
9263,29.0,1035,1.1871280670166016,,,0.005196908954530954
9264,30.0,1201,1.3750128746032715,,,0.0036899475380778313
9265,25.0,1062,1.224893569946289,,,0.008775504305958748
9266,19.0,817,0.9487147331237793,,,0.004381696693599224
9267,13.0,585,0.6785964965820312,,,0.004764681216329336
9268,21.0,645,0.7574894428253174,,,0.008768605068325996
9269,31.0,1160,1.3428699970245361,,,0.012151015922427177
9270,29.0,1139,1.3153045177459717,,,0.006664610467851162
9271,32.0,1416,1.6131911277770996,,,0.010089769959449768
9272,28.0,1221,1.3889367580413818,,,0.007798236794769764
9273,31.0,1212,1.354339361190796,,,0.00618998147547245
9274,34.0,1110,1.2392659187316895,,,0.015350794419646263
9275,31.0,1564,1.7457871437072754,,,0.005074326414614916
9276,32.0,1424,1.6253929138183594,,,0.004475289024412632
9277,32.0,1328,1.5278213024139404,,,0.007461150176823139
9278,32.0,1074,1.232954978942871,,,0.009897937066853046
9279,30.0,1323,1.5101697444915771,,,0.030345695093274117
9280,24.0,899,1.0129449367523193,,,0.003677588189020753
9281,24.0,907,1.0208699703216553,,,0.006041071843355894
9282,14.0,657,0.7534275054931641,,,0.01737433858215809
9283,17.0,737,0.8419723510742188,,,0.004982869140803814
9284,24.0,853,0.9635839462280273,,,0.00627288781106472
9285,29.0,1161,1.3023955821990967,,,0.0065092649310827255
9286,31.0,1270,1.4542596340179443,,,0.00426864018663764
9287,31.0,1188,1.363330364227295,,,0.06776589155197144
9288,31.0,1199,1.3600795269012451,,,0.015494398772716522
9289,30.0,1292,1.466613531112671,,,0.00810776837170124
9290,31.0,1132,1.3003103733062744,,,0.007404217962175608
9291,31.0,864,0.9974162578582764,,,0.02562514692544937
9292,19.0,858,1.0006170272827148,,,0.005891943350434303
9293,29.0,1145,1.3179912567138672,,,0.013585377484560013
9294,30.0,1268,1.4567456245422363,,,0.004531166981905699
9295,24.0,939,1.0884318351745605,,,0.07464899867773056
9296,32.0,1202,1.3575551509857178,,,0.01255190558731556
9297,28.0,1132,1.285285472869873,,,0.004903651308268309
9298,31.0,984,1.1379311084747314,,,0.06822531670331955
9299,33.0,1078,1.242056131362915,,,0.009747626259922981
9300,31.0,1273,1.4644567966461182,,,0.007585855200886726
9301,26.0,846,0.9779469966888428,,,0.00873476080596447
9302,26.0,1061,1.2353699207305908,,,0.07295586168766022
9303,23.0,929,1.0904450416564941,,,0.004325736314058304
9304,32.0,1354,1.5640308856964111,,,0.007077645510435104
9305,29.0,1121,1.2951903343200684,,,0.0048372214660048485
9306,34.0,1309,1.5094256401062012,,,0.00839417427778244
9307,17.0,744,0.8720719814300537,,,0.008216233924031258
9308,28.0,1125,1.3033175468444824,,,0.00524802366271615
9309,25.0,869,0.9909000396728516,,,0.010953002609312534
9310,19.0,793,0.9139537811279297,,,0.00700745265930891
9311,22.0,741,0.8637495040893555,,,0.004863230045884848
9312,23.0,884,1.0325684547424316,,,0.007167086470872164
9313,27.0,1243,1.427196979522705,,,0.003932888153940439
9314,20.0,836,0.9684755802154541,,,0.0649247094988823
9315,31.0,1165,1.3393614292144775,,,0.003304271027445793
9316,33.0,1157,1.3336992263793945,,,0.007934818044304848
9317,23.0,860,0.9996097087860107,,,0.02778777666389942
9318,15.0,620,0.7259829044342041,,,0.004833846818655729
9319,34.0,1143,1.3132541179656982,,,0.0052142636850476265
9320,26.0,994,1.1437819004058838,,,0.004455909598618746
9321,31.0,1101,1.2762985229492188,,,0.009808079339563847
9322,23.0,1098,1.2778632640838623,,,0.008630853146314621
9323,18.0,1098,1.2929372787475586,,,0.004984661005437374
9324,28.0,1324,1.5258429050445557,,,0.007324941456317902
9325,26.0,1159,1.346825361251831,,,0.005865724757313728
9326,31.0,1311,1.5018157958984375,,,0.015670178458094597
9327,22.0,1143,1.3257291316986084,,,0.009801959618926048
9328,30.0,1084,1.2475340366363525,,,0.014002088457345963
9329,7.0,472,0.5526406764984131,,,0.005536523647606373
9330,43.0,1688,1.940748691558838,,,0.0036879677791148424
9331,27.0,1286,1.466763973236084,,,0.0629623755812645
9332,29.0,1461,1.6621921062469482,,,0.008435896597802639
9333,35.0,1459,1.6704230308532715,,,0.009790532290935516
9334,30.0,1253,1.443690538406372,,,0.004798818379640579
9335,27.0,862,0.9977436065673828,,,0.009163293987512589
9336,32.0,1211,1.3623816967010498,,,0.004510384518653154
9337,30.0,1437,1.617565393447876,,,0.005665594711899757
9338,15.0,565,0.659550666809082,,,0.008431227877736092
9339,35.0,1533,1.7690777778625488,,,0.005533427000045776
9340,29.0,1201,1.391385555267334,,,0.016695832833647728
9341,17.0,730,0.8580873012542725,,,0.005196945741772652
9342,31.0,1098,1.2711260318756104,,,0.007806313224136829
9343,33.0,1365,1.557847499847412,,,0.009752980433404446
9344,32.0,1013,1.1633696556091309,,,0.0030268242117017508
9345,33.0,930,1.0436959266662598,,,0.004810880403965712
9346,30.0,1231,1.3751368522644043,,,0.0038657598197460175
9347,35.0,1338,1.4999279975891113,,,0.05349540710449219
9348,32.0,1185,1.315978765487671,,,0.005998208187520504
9349,31.0,1063,1.1855309009552002,,,0.07325759530067444
9350,20.0,800,0.9097621440887451,,,0.01672966033220291
9351,23.0,985,1.1485929489135742,,,0.00442671962082386
9352,18.0,825,0.9702558517456055,,,0.006007456220686436
9353,18.0,759,0.889808177947998,,,0.0063653262332081795
9354,31.0,1398,1.592993974685669,,,0.03592071309685707
9355,26.0,996,1.129265308380127,,,0.034365471452474594
9356,17.0,924,1.0726916790008545,,,0.008985782042145729
9357,24.0,887,1.0056405067443848,,,0.004714274778962135
9358,21.0,686,0.7909786701202393,,,0.006190795451402664
9359,31.0,1188,1.3695917129516602,,,0.008287566713988781
9360,25.0,1065,1.2310051918029785,,,0.005192761309444904
9361,17.0,791,0.9179689884185791,,,0.0034941802732646465
9362,28.0,1073,1.2136261463165283,,,0.00597629277035594
9363,31.0,1189,1.350304126739502,,,0.007227095775306225
9364,32.0,1243,1.4120383262634277,,,0.010908126831054688
9365,26.0,971,1.0992424488067627,,,0.005125196184962988
9366,30.0,1361,1.5370821952819824,,,0.017003115266561508
9367,29.0,1055,1.192274570465088,,,0.07177138328552246
9368,31.0,1108,1.261969804763794,,,0.008305463939905167
9369,32.0,1435,1.640367031097412,,,0.034448977559804916
9370,30.0,1247,1.4489092826843262,,,0.006159336771816015
9371,26.0,905,1.033371925354004,,,0.004561195150017738
9372,27.0,1021,1.1538257598876953,,,0.009866136126220226
9373,31.0,1186,1.3685708045959473,,,0.006275867111980915
9374,31.0,1531,1.7535712718963623,,,0.00846787914633751
9375,14.0,697,0.8208882808685303,,,0.009227034635841846
9376,21.0,877,1.018721342086792,,,0.003410504199564457
9377,19.0,740,0.8697288036346436,,,0.01619759202003479
9378,31.0,1471,1.6927082538604736,,,0.01139870285987854
9379,46.0,1732,2.0018727779388428,,,0.0054239546880126
9380,28.0,1395,1.5905656814575195,,,0.007726110052317381
9381,27.0,994,1.1221649646759033,,,0.012194424867630005
9382,24.0,973,1.104689598083496,,,0.012180419638752937
9383,31.0,1261,1.423145055770874,,,0.009009070694446564
9384,26.0,903,1.0467150211334229,,,0.023430634289979935
9385,34.0,1138,1.3073432445526123,,,0.00463348813354969
9386,29.0,1255,1.455533504486084,,,0.01015614252537489
9387,27.0,982,1.1203961372375488,,,0.0727955773472786
9388,29.0,1329,1.503422498703003,,,0.009649972431361675
9389,26.0,963,1.095212459564209,,,0.006856055930256844
9390,22.0,691,0.7918300628662109,,,0.010465904138982296
9391,32.0,1240,1.4241504669189453,,,0.005351189989596605
9392,30.0,1188,1.3700969219207764,,,0.005165758542716503
9393,26.0,1207,1.3917136192321777,,,0.0028856457211077213
9394,26.0,829,0.9683449268341064,,,0.11555472016334534
9395,30.0,1189,1.3714537620544434,,,0.011877221055328846
9396,28.0,1131,1.3144521713256836,,,0.006567942909896374
9397,20.0,885,1.0330772399902344,,,0.07584522664546967
9398,11.0,777,0.9141011238098145,,,0.007842540740966797
9399,31.0,1073,1.2116646766662598,,,0.009524181485176086
9400,32.0,1379,1.563408613204956,,,0.0724032074213028
9401,33.0,1280,1.4720807075500488,,,0.006233097054064274
9402,32.0,1507,1.71063232421875,,,0.006592952646315098
9403,32.0,1105,1.258610725402832,,,0.0049142916686832905
9404,22.0,707,0.8290824890136719,,,0.011673254892230034
9405,28.0,1189,1.3801631927490234,,,0.0053325677290558815
9406,28.0,1071,1.215341567993164,,,0.005815594457089901
9407,40.0,1361,1.5501396656036377,,,0.010667206719517708
9408,19.0,708,0.8269021511077881,,,0.009378930553793907
9409,15.0,631,0.7457971572875977,,,0.006660104729235172
9410,31.0,1065,1.2239956855773926,,,0.0055903843604028225
9411,31.0,1189,1.353147268295288,,,0.007885127328336239
9412,27.0,975,1.1280274391174316,,,0.013207102194428444
9413,20.0,799,0.9162471294403076,,,0.004524367395788431
9414,50.0,1677,1.9014546871185303,,,0.0046318331733345985
9415,33.0,1175,1.3407447338104248,,,0.004795826971530914
9416,29.0,1169,1.3172156810760498,,,0.009156851097941399
9417,23.0,809,0.9124059677124023,,,0.0063192397356033325
9418,32.0,1463,1.6403000354766846,,,0.006593113765120506
9419,28.0,1107,1.253361701965332,,,0.006053096614778042
9420,28.0,1224,1.409665822982788,,,0.008298711851239204
9421,43.0,1370,1.5870296955108643,,,0.002615302335470915
9422,31.0,1143,1.308687686920166,,,0.006786322686821222
9423,31.0,1487,1.665869951248169,,,0.007297294680029154
9424,26.0,919,1.0515682697296143,,,0.06405654549598694
9425,30.0,1303,1.491042137145996,,,0.006983541883528233
9426,28.0,1132,1.3023669719696045,,,0.005966722499579191
9427,32.0,1481,1.6868023872375488,,,0.062322378158569336
9428,30.0,1287,1.4594323635101318,,,0.007540426217019558
9429,28.0,1083,1.2368497848510742,,,0.003835763083770871
9430,33.0,1618,1.8417677879333496,,,0.0051137423142790794
9431,28.0,999,1.1414299011230469,,,0.004643268883228302
9432,32.0,1229,1.3623435497283936,,,0.00678706681355834
9433,26.0,1027,1.154768943786621,,,0.004786314908415079
9434,29.0,1138,1.2781243324279785,,,0.009965663775801659
9435,10.0,741,0.842064619064331,,,0.006387170869857073
9436,15.0,785,0.8926365375518799,,,0.005490617360919714
9437,28.0,1147,1.2936105728149414,,,0.007087629288434982
9438,29.0,1126,1.2604081630706787,,,0.005099940579384565
9439,32.0,1247,1.3888213634490967,,,0.0047906553372740746
9440,26.0,911,1.0225977897644043,,,0.0036536722909659147
9441,34.0,1181,1.3152899742126465,,,0.005537816323339939
9442,31.0,1398,1.5515217781066895,,,0.007251162081956863
9443,31.0,1157,1.2912731170654297,,,0.006770743988454342
9444,33.0,1177,1.3112106323242188,,,0.009710974991321564
9445,26.0,1201,1.3445930480957031,,,0.008401493541896343
9446,32.0,1217,1.354543685913086,,,0.012016739696264267
9447,24.0,811,0.9197418689727783,,,0.06694746017456055
9448,13.0,639,0.7262327671051025,,,0.009314324706792831
9449,17.0,804,0.9176607131958008,,,0.006598352920264006
9450,25.0,1243,1.4028706550598145,,,0.002810695208609104
9451,27.0,1095,1.2549448013305664,,,0.06404164433479309
9452,29.0,1145,1.3109285831451416,,,0.007269672583788633
9453,22.0,1021,1.1721572875976562,,,0.006246513687074184
9454,30.0,1113,1.2720916271209717,,,0.011168228462338448
9455,25.0,939,1.0848655700683594,,,0.0030453247018158436
9456,27.0,1049,1.2143375873565674,,,0.007896671071648598
9457,31.0,1274,1.4468839168548584,,,0.004524442367255688
9458,27.0,967,1.0906388759613037,,,0.010407911613583565
9459,15.0,601,0.7093026638031006,,,0.009504690766334534
9460,33.0,909,1.0487265586853027,,,0.010062485933303833
9461,29.0,1003,1.166175127029419,,,0.00521104596555233
9462,23.0,1175,1.3639209270477295,,,0.06513481587171555
9463,31.0,1235,1.4358856678009033,,,0.007719832472503185
9464,30.0,1465,1.6743483543395996,,,0.00817372277379036
9465,31.0,1244,1.399123191833496,,,0.004574188031256199
9466,34.0,1282,1.460155725479126,,,0.005992409773170948
9467,29.0,1167,1.3395934104919434,,,0.004112889990210533
9468,26.0,921,1.0620567798614502,,,0.00975015014410019
9469,30.0,1136,1.3061113357543945,,,0.08693992346525192
9470,32.0,1175,1.352898120880127,,,0.004187075421214104
9471,27.0,1061,1.2302556037902832,,,0.007181414403021336
9472,31.0,1281,1.459015130996704,,,0.004899667110294104
9473,34.0,1065,1.2023727893829346,,,0.004849706310778856
9474,22.0,697,0.79215407371521,,,0.006685268133878708
9475,33.0,1198,1.3574345111846924,,,0.004477051552385092
9476,27.0,809,0.9374258518218994,,,0.00493242684751749
9477,28.0,1127,1.2711491584777832,,,0.008802531287074089
9478,29.0,1007,1.1360783576965332,,,0.004003355745226145
9479,31.0,1433,1.6163060665130615,,,0.05098386108875275
9480,59.0,2209,2.553255558013916,,,0.0049130297265946865
9481,14.0,773,0.9124503135681152,,,0.013192564249038696
9482,32.0,1106,1.260972499847412,,,0.008131650276482105
9483,23.0,884,1.0021507740020752,,,0.1369958519935608
9484,26.0,973,1.0981285572052002,,,0.014455252327024937
9485,27.0,1029,1.16886305809021,,,0.005659429356455803
9486,27.0,1222,1.417600393295288,,,0.008678881451487541
9487,23.0,1025,1.1945877075195312,,,0.008374111726880074
9488,30.0,1200,1.3895840644836426,,,0.0038596317172050476
9489,32.0,1042,1.2017779350280762,,,0.008010481484234333
9490,28.0,995,1.1511046886444092,,,0.004298520274460316
9491,7.0,683,0.8024985790252686,,,0.0047963447868824005
9492,27.0,1116,1.2945098876953125,,,0.009801269508898258
9493,25.0,884,1.0230228900909424,,,0.004299645312130451
9494,30.0,1204,1.3831303119659424,,,0.002439789939671755
9495,31.0,1201,1.378931999206543,,,0.008729047141969204
9496,30.0,1293,1.483280897140503,,,0.003218294121325016
9497,15.0,603,0.704963207244873,,,0.011212188750505447
9498,28.0,1057,1.2050321102142334,,,0.00549807446077466
9499,31.0,1161,1.3176486492156982,,,0.004803846124559641
9500,32.0,1091,1.2541899681091309,,,0.0055180760100483894
9501,18.0,881,1.0319790840148926,,,0.003584943013265729
9502,28.0,1008,1.1644320487976074,,,0.005882555153220892
9503,21.0,937,1.0891668796539307,,,0.004463077522814274
9504,16.0,745,0.8679084777832031,,,0.00442960299551487
9505,20.0,883,1.0319819450378418,,,0.002565408358350396
9506,30.0,1056,1.2198340892791748,,,0.01090129092335701
9507,31.0,1084,1.2498822212219238,,,0.005736938212066889
9508,31.0,1167,1.3448896408081055,,,0.007528088986873627
9509,27.0,1053,1.2160756587982178,,,0.004264208022505045
9510,28.0,1027,1.1863446235656738,,,0.06713861227035522
9511,32.0,1255,1.4280967712402344,,,0.007016623392701149
9512,25.0,1029,1.1552414894104004,,,0.009001078084111214
9513,32.0,1459,1.6194713115692139,,,0.003405124880373478
9514,31.0,1217,1.358353614807129,,,0.004076876677572727
9515,23.0,825,0.9297065734863281,,,0.012758305296301842
9516,30.0,1083,1.2097084522247314,,,0.06695283949375153
9517,31.0,1099,1.2562270164489746,,,0.005684868432581425
9518,31.0,1195,1.383129596710205,,,0.0627642273902893
9519,28.0,1035,1.1983368396759033,,,0.006960238330066204
9520,28.0,967,1.1067700386047363,,,0.03518058732151985
9521,29.0,1535,1.7063663005828857,,,0.05084148049354553
9522,17.0,628,0.7138805389404297,,,0.007250125985592604
9523,31.0,1125,1.2628917694091797,,,0.06222684681415558
9524,37.0,1458,1.6314396858215332,,,0.010886501520872116
9525,27.0,1019,1.1459300518035889,,,0.007739821448922157
9526,25.0,995,1.12203049659729,,,0.009232426062226295
9527,23.0,899,1.0125205516815186,,,0.0028110535349696875
9528,23.0,1015,1.145031452178955,,,0.007603952661156654
9529,28.0,1373,1.5459575653076172,,,0.006735137198120356
9530,30.0,1074,1.2062346935272217,,,0.005848072003573179
9531,5.0,347,0.3971264362335205,,,0.00560219120234251
9532,29.0,1163,1.304119348526001,,,0.005191446281969547
9533,25.0,1229,1.3919894695281982,,,0.00376814603805542
9534,32.0,1379,1.5372767448425293,,,0.004412735812366009
9535,31.0,1330,1.4809198379516602,,,0.007372189313173294
9536,27.0,1261,1.432969570159912,,,0.0026382911019027233
9537,18.0,719,0.8466014862060547,,,0.0663813129067421
9538,27.0,905,1.0475671291351318,,,0.004873346537351608
9539,21.0,666,0.7763118743896484,,,0.003852503141388297
9540,29.0,1050,1.2010796070098877,,,0.006300474051386118
9541,20.0,735,0.8546819686889648,,,0.006356806494295597
9542,38.0,1403,1.597015619277954,,,0.01695883274078369
9543,23.0,953,1.1017229557037354,,,0.011310189962387085
9544,23.0,894,1.0388176441192627,,,0.005757509730756283
9545,32.0,1207,1.394632339477539,,,0.011929256841540337
9546,20.0,1149,1.3449246883392334,,,0.002576325787231326
9547,30.0,1225,1.419348955154419,,,0.005226300563663244
9548,17.0,641,0.7522094249725342,,,0.004478117451071739
9549,27.0,1048,1.2020041942596436,,,0.008121086284518242
9550,29.0,1434,1.6514339447021484,,,0.005586113780736923
9551,30.0,1114,1.2793850898742676,,,0.00319096352905035
9552,25.0,1205,1.389190435409546,,,0.0032867169938981533
9553,32.0,1285,1.4796006679534912,,,0.06127206236124039
9554,29.0,1060,1.2215118408203125,,,0.003203493310138583
9555,26.0,1380,1.5963292121887207,,,0.010898426175117493
9556,31.0,1020,1.1779327392578125,,,0.005245807580649853
9557,32.0,1442,1.6326079368591309,,,0.00584788341075182
9558,25.0,801,0.9256563186645508,,,0.06802227348089218
9559,29.0,1023,1.179011583328247,,,0.006083047483116388
9560,27.0,979,1.139484167098999,,,0.008698314428329468
9561,31.0,1227,1.418271541595459,,,0.006801981944590807
9562,7.0,525,0.6271562576293945,,,0.011551105417311192
9563,30.0,1023,1.1748297214508057,,,0.009198930114507675
9564,16.0,710,0.8312475681304932,,,0.0044737509451806545
9565,34.0,1380,1.610907793045044,,,0.004304656758904457
9566,30.0,1403,1.6131763458251953,,,0.006614151410758495
9567,29.0,955,1.0932300090789795,,,0.008008548989892006
9568,33.0,1396,1.598780632019043,,,0.006313468795269728
9569,31.0,1298,1.4867255687713623,,,0.008782448247075081
9570,33.0,1240,1.4145894050598145,,,0.0038267155177891254
9571,26.0,1063,1.2356171607971191,,,0.00573376938700676
9572,24.0,1057,1.2277193069458008,,,0.0030272314324975014
9573,17.0,685,0.8061032295227051,,,0.005784990731626749
9574,32.0,1284,1.4839098453521729,,,0.003546534338966012
9575,29.0,1050,1.2104485034942627,,,0.060388125479221344
9576,30.0,1343,1.5562000274658203,,,0.007937956601381302
9577,33.0,1125,1.290541410446167,,,0.004578447435051203
9578,27.0,1010,1.1587493419647217,,,0.00574722234159708
9579,32.0,1466,1.652214527130127,,,0.008641593158245087
9580,21.0,997,1.1282424926757812,,,0.004607734736055136
9581,36.0,1341,1.5026130676269531,,,0.003966077230870724
9582,31.0,1246,1.4060413837432861,,,0.0073637403547763824
9583,29.0,1287,1.4756979942321777,,,0.005570932291448116
9584,32.0,1238,1.4138636589050293,,,0.003578261937946081
9585,18.0,945,1.1063416004180908,,,0.011173696257174015
9586,22.0,1027,1.2037599086761475,,,0.004952709190547466
9587,32.0,1376,1.5841140747070312,,,0.006681455299258232
9588,20.0,938,1.0937814712524414,,,0.004517809022217989
9589,23.0,1121,1.3063325881958008,,,0.0043859537690877914
9590,26.0,1098,1.2752587795257568,,,0.00569333229213953
9591,29.0,1254,1.4572222232818604,,,0.006421748548746109
9592,24.0,965,1.126328945159912,,,0.0032369454856961966
9593,31.0,1120,1.299041748046875,,,0.013069789856672287
9594,11.0,671,0.7921411991119385,,,0.0035769380629062653
9595,30.0,1099,1.2674198150634766,,,0.005568593740463257
9596,31.0,1094,1.2611157894134521,,,0.004923148080706596
9597,13.0,643,0.754812479019165,,,0.0029587498866021633
9598,27.0,1233,1.4248545169830322,,,0.00539402337744832
9599,14.0,503,0.5889272689819336,,,0.004145165905356407
9600,31.0,1350,1.5475194454193115,,,0.009156299754977226
9601,32.0,1242,1.4222311973571777,,,0.007384994067251682
9602,28.0,1484,1.723947525024414,,,0.005755513906478882
9603,26.0,1241,1.4449608325958252,,,0.005281118676066399
9604,27.0,1150,1.3332538604736328,,,0.009977055713534355
9605,29.0,1265,1.444493293762207,,,0.06648100167512894
9606,20.0,689,0.8013527393341064,,,0.06656907498836517
9607,19.0,847,0.9789090156555176,,,0.0045126453042030334
9608,23.0,877,1.020782709121704,,,0.005119960755109787
9609,27.0,907,1.0566306114196777,,,0.02190660499036312
9610,30.0,1326,1.504248857498169,,,0.002830695826560259
9611,31.0,1407,1.5766017436981201,,,0.007580233737826347
9612,28.0,1122,1.2619798183441162,,,0.009054366499185562
9613,30.0,1410,1.6080031394958496,,,0.004642277956008911
9614,18.0,899,1.051023244857788,,,0.011607471853494644
9615,24.0,1173,1.3683321475982666,,,0.011804142966866493
9616,31.0,1399,1.5820565223693848,,,0.008846325799822807
9617,26.0,1255,1.416900873184204,,,0.00519927591085434
9618,25.0,1117,1.2658696174621582,,,0.006391778122633696
9619,28.0,1151,1.3024122714996338,,,0.005107529927045107
9620,52.0,2115,2.3881139755249023,,,0.00525747612118721
9621,43.0,1765,1.9915051460266113,,,0.007860762998461723
9622,26.0,1003,1.1315996646881104,,,0.0036217060405761003
9623,28.0,903,1.0423505306243896,,,0.004507167264819145
9624,27.0,1345,1.5504369735717773,,,0.005200535524636507
9625,28.0,1033,1.1934335231781006,,,0.00847442913800478
9626,22.0,921,1.0633935928344727,,,0.06171433627605438
9627,31.0,1113,1.2469208240509033,,,0.007870578207075596
9628,28.0,1239,1.3935317993164062,,,0.007305819541215897
9629,28.0,903,1.0095226764678955,,,0.005234971642494202
9630,18.0,757,0.8645627498626709,,,0.010654116049408913
9631,30.0,1290,1.4354889392852783,,,0.004096010234206915
9632,29.0,1210,1.3501355648040771,,,0.004687476437538862
9633,20.0,835,0.9429922103881836,,,0.0040648868307471275
9634,29.0,1191,1.3482093811035156,,,0.0041887820698320866
9635,32.0,1493,1.721498727798462,,,0.00908264797180891
9636,30.0,1245,1.4360976219177246,,,0.00715968944132328
9637,29.0,1248,1.4503605365753174,,,0.04421533644199371
9638,31.0,1194,1.3739655017852783,,,0.06512614339590073
9639,27.0,929,1.0684075355529785,,,0.0075176069512963295
9640,32.0,1217,1.3787591457366943,,,0.003485315013676882
9641,25.0,1167,1.345095157623291,,,0.006644869688898325
9642,31.0,1135,1.2996091842651367,,,0.005714178550988436
9643,18.0,845,0.9720938205718994,,,0.021437283605337143
9644,30.0,1175,1.3284428119659424,,,0.009467360563576221
9645,16.0,1132,1.2960357666015625,,,0.03477264568209648
9646,30.0,1237,1.3935611248016357,,,0.03130427375435829
9647,24.0,1357,1.555314540863037,,,0.005572367459535599
9648,27.0,1191,1.3500745296478271,,,0.005337099079042673
9649,31.0,1037,1.1794538497924805,,,0.009822998195886612
9650,33.0,1274,1.4589285850524902,,,0.07381030917167664
9651,28.0,1079,1.2379319667816162,,,0.0033618765883147717
9652,21.0,937,1.0954999923706055,,,0.00825895182788372
9653,7.0,703,0.830488920211792,,,0.006472114473581314
9654,25.0,1161,1.3394012451171875,,,0.003989003598690033
9655,33.0,1134,1.3021471500396729,,,0.0052117519080638885
9656,31.0,1005,1.1565277576446533,,,0.0069078500382602215
9657,26.0,1072,1.243729829788208,,,0.004868911579251289
9658,24.0,847,0.9820969104766846,,,0.0067406874150037766
9659,32.0,1104,1.2676072120666504,,,0.004639081656932831
9660,33.0,1145,1.3013451099395752,,,0.008111270144581795
9661,29.0,1143,1.2819163799285889,,,0.007787346374243498
9662,17.0,1095,1.2390062808990479,,,0.005098256282508373
9663,33.0,1185,1.3572149276733398,,,0.07919874042272568
9664,10.0,895,1.0491552352905273,,,0.006534188520163298
9665,32.0,1417,1.6429717540740967,,,0.006078812293708324
9666,30.0,1398,1.5990309715270996,,,0.009927211329340935
9667,30.0,1089,1.2562949657440186,,,0.0046812379732728004
9668,28.0,1223,1.4191884994506836,,,0.008206522092223167
9669,32.0,1224,1.39821457862854,,,0.010030425153672695
9670,11.0,635,0.7432270050048828,,,0.005873057991266251
9671,21.0,761,0.8841500282287598,,,0.00865009892731905
9672,26.0,1173,1.3682217597961426,,,0.009706572629511356
9673,24.0,1028,1.1985366344451904,,,0.02272113412618637
9674,27.0,1084,1.248974084854126,,,0.08135172724723816
9675,26.0,976,1.1372239589691162,,,0.011180187575519085
9676,15.0,879,1.0330207347869873,,,0.010280167683959007
9677,32.0,1237,1.3960990905761719,,,0.004821476526558399
9678,17.0,670,0.766183614730835,,,0.004941920749843121
9679,26.0,1092,1.2368404865264893,,,0.006113084033131599
9680,12.0,481,0.5683472156524658,,,0.011040935292840004
9681,28.0,1446,1.6724255084991455,,,0.004106204491108656
9682,21.0,737,0.8561267852783203,,,0.005167989991605282
9683,33.0,1082,1.2344419956207275,,,0.01233966276049614
9684,31.0,977,1.1232433319091797,,,0.007282698061317205
9685,33.0,1065,1.2257046699523926,,,0.014795348048210144
9686,30.0,1233,1.388000249862671,,,0.004555394873023033
9687,31.0,1377,1.5394163131713867,,,0.011679522693157196
9688,30.0,1388,1.5432159900665283,,,0.010682936757802963
9689,30.0,1229,1.3803682327270508,,,0.006024177651852369
9690,26.0,965,1.1005215644836426,,,0.005120767280459404
9691,15.0,732,0.854686975479126,,,0.005290159489959478
9692,19.0,747,0.8573570251464844,,,0.02187196910381317
9693,26.0,1295,1.4698278903961182,,,0.00952454935759306
9694,13.0,943,1.0701582431793213,,,0.013541082851588726
9695,33.0,1033,1.1557090282440186,,,0.004767031408846378
9696,31.0,1244,1.4228458404541016,,,0.0047765085473656654
9697,20.0,925,1.0756571292877197,,,0.004290963523089886
9698,17.0,884,1.0395228862762451,,,0.007489391136914492
9699,16.0,924,1.0834503173828125,,,0.006808777339756489
9700,32.0,1421,1.623140573501587,,,0.013560283929109573
9701,19.0,1073,1.235515832901001,,,0.005081163253635168
9702,33.0,1143,1.309297800064087,,,0.00783789623528719
9703,25.0,817,0.9435629844665527,,,0.003912747371941805
9704,23.0,970,1.1120750904083252,,,0.0051400018855929375
9705,18.0,814,0.9359734058380127,,,0.005226445384323597
9706,28.0,1109,1.2572228908538818,,,0.0061030760407447815
9707,29.0,1170,1.3202593326568604,,,0.006755287293344736
9708,28.0,1071,1.2051453590393066,,,0.008385788649320602
9709,34.0,1185,1.3332300186157227,,,0.048662178218364716
9710,25.0,1132,1.287299633026123,,,0.006978553254157305
9711,28.0,1039,1.180617332458496,,,0.06486672163009644
9712,28.0,1555,1.7510275840759277,,,0.006471976172178984
9713,31.0,1581,1.7798373699188232,,,0.009560461156070232
9714,31.0,1279,1.4314608573913574,,,0.026877954602241516
9715,32.0,1087,1.2264487743377686,,,0.004103268496692181
9716,19.0,826,0.94289231300354,,,0.013805347494781017
9717,32.0,1311,1.4749677181243896,,,0.009596717543900013
9718,33.0,1274,1.4298062324523926,,,0.006019508000463247
9719,28.0,1229,1.3807661533355713,,,0.003674193751066923
9720,22.0,893,1.0183603763580322,,,0.012411907315254211
9721,27.0,997,1.1540272235870361,,,0.007193089462816715
9722,21.0,1020,1.1763768196105957,,,0.00552326999604702
9723,31.0,1236,1.3969995975494385,,,0.005772504024207592
9724,31.0,1136,1.2819249629974365,,,0.005097408778965473
9725,27.0,1025,1.152991533279419,,,0.0059401895850896835
9726,29.0,1343,1.510105848312378,,,0.009927782230079174
9727,27.0,1077,1.2182362079620361,,,0.00842677429318428
9728,30.0,987,1.1120719909667969,,,0.005420207977294922
9729,29.0,1179,1.3199148178100586,,,0.0061209192499518394
9730,29.0,1424,1.5916166305541992,,,0.008723920211195946
9731,32.0,1170,1.3090488910675049,,,0.05971750617027283
9732,31.0,1404,1.5714013576507568,,,0.06609386950731277
9733,30.0,1194,1.3496472835540771,,,0.005919846706092358
9734,29.0,1136,1.303757905960083,,,0.005999058485031128
9735,10.0,689,0.8139503002166748,,,0.004400047939270735
9736,24.0,1100,1.2838385105133057,,,0.04895595833659172
9737,26.0,1024,1.187720537185669,,,0.09305045008659363
9738,30.0,1133,1.3109588623046875,,,0.006873704958707094
9739,26.0,939,1.0890717506408691,,,0.007159939035773277
9740,23.0,863,1.004321575164795,,,0.004779397509992123
9741,28.0,1315,1.525618076324463,,,0.005248656030744314
9742,17.0,921,1.0786736011505127,,,0.06882207840681076
9743,29.0,1234,1.4241325855255127,,,0.005239810794591904
9744,15.0,797,0.9338295459747314,,,0.013081672601401806
9745,31.0,1063,1.223280668258667,,,0.006939282640814781
9746,35.0,1145,1.3172552585601807,,,0.007538794539868832
9747,22.0,776,0.9013631343841553,,,0.005489361472427845
9748,12.0,664,0.7787537574768066,,,0.006394606549292803
9749,17.0,641,0.7521743774414062,,,0.009732792153954506
9750,28.0,881,1.0298340320587158,,,0.0057182833552360535
9751,25.0,989,1.1447265148162842,,,0.006157193332910538
9752,31.0,1316,1.4971048831939697,,,0.00928405299782753
9753,27.0,970,1.0976228713989258,,,0.0035213883966207504
9754,23.0,722,0.8248498439788818,,,0.007469353266060352
9755,13.0,959,1.1237821578979492,,,0.007117363624274731
9756,16.0,1065,1.2543981075286865,,,0.00413870345801115
9757,20.0,730,0.8559248447418213,,,0.05873400345444679
9758,32.0,1259,1.4580352306365967,,,0.005835226736962795
9759,30.0,993,1.1459486484527588,,,0.0057238563895225525
9760,29.0,1201,1.3804705142974854,,,0.004562141373753548
9761,28.0,889,1.0321621894836426,,,0.0036460438277572393
9762,6.0,366,0.43244218826293945,,,0.0042340680956840515
9763,32.0,1280,1.4796481132507324,,,0.007069896440953016
9764,22.0,739,0.8557536602020264,,,0.004978074226528406
9765,11.0,680,0.7894985675811768,,,0.058002687990665436
9766,29.0,1141,1.2871372699737549,,,0.004432276356965303
9767,20.0,907,1.0620207786560059,,,0.009105213917791843
9768,26.0,1039,1.2065839767456055,,,0.05889838561415672
9769,23.0,810,0.9425933361053467,,,0.004277711734175682
9770,26.0,1055,1.2186648845672607,,,0.005745493806898594
9771,27.0,927,1.075772762298584,,,0.05974892899394035
9772,32.0,1267,1.453493595123291,,,0.0063489023596048355
9773,32.0,1222,1.385162353515625,,,0.00733943423256278
9774,25.0,1489,1.6786506175994873,,,0.005493420176208019
9775,29.0,976,1.1063990592956543,,,0.01172436773777008
9776,33.0,1040,1.1601109504699707,,,0.004679149016737938
9777,28.0,1315,1.4802775382995605,,,0.08319927006959915
9778,28.0,1289,1.4708378314971924,,,0.017865244299173355
9779,24.0,1098,1.2750065326690674,,,0.005013603717088699
9780,30.0,1383,1.6049232482910156,,,0.05884762480854988
9781,34.0,1503,1.7347941398620605,,,0.06110629439353943
9782,26.0,981,1.1355154514312744,,,0.04547536000609398
9783,22.0,1069,1.2410588264465332,,,0.0045383162796497345
9784,31.0,1283,1.4751131534576416,,,0.005263057537376881
9785,17.0,775,0.9095473289489746,,,0.005582769867032766
9786,20.0,1105,1.29356050491333,,,0.005427057389169931
9787,35.0,1319,1.5103394985198975,,,0.05456775799393654
9788,31.0,1365,1.5683698654174805,,,0.008995844051241875
9789,31.0,990,1.1345014572143555,,,0.011516768485307693
9790,28.0,1009,1.146263599395752,,,0.009281426668167114
9791,28.0,1192,1.3690433502197266,,,0.007670070976018906
9792,28.0,1004,1.159642219543457,,,0.042463261634111404
9793,26.0,994,1.1227192878723145,,,0.007534142583608627
9794,34.0,998,1.1190910339355469,,,0.00517235929146409
9795,29.0,1077,1.2167677879333496,,,0.00649716192856431
9796,30.0,1002,1.1353557109832764,,,0.005079756490886211
9797,28.0,892,1.0276849269866943,,,0.004854497499763966
9798,26.0,1005,1.1643202304840088,,,0.007857425138354301
9799,27.0,1011,1.175081729888916,,,0.0067746276035904884
9800,33.0,1198,1.3880236148834229,,,0.011012440547347069
9801,25.0,918,1.0730736255645752,,,0.007176208309829235
9802,32.0,1157,1.3330910205841064,,,0.0027129072695970535
9803,29.0,1161,1.3320162296295166,,,0.004004486370831728
9804,28.0,945,1.0628702640533447,,,0.018965283408761024
9805,25.0,788,0.8965935707092285,,,0.01399138942360878
9806,31.0,1171,1.3553764820098877,,,0.00565952155739069
9807,32.0,1317,1.4864799976348877,,,0.0046283770352602005
9808,29.0,1381,1.5622878074645996,,,0.0036077871918678284
9809,25.0,907,1.0560548305511475,,,0.007798399310559034
9810,27.0,1055,1.226086139678955,,,0.0038376501761376858
9811,27.0,897,1.0257282257080078,,,0.0034879962913691998
9812,20.0,1027,1.1991620063781738,,,0.05971184000372887
9813,33.0,1276,1.4528090953826904,,,0.007551529444754124
9814,27.0,1441,1.6515750885009766,,,0.0045216940343379974
9815,30.0,1222,1.4102098941802979,,,0.0037223449908196926
9816,32.0,1135,1.3170256614685059,,,0.004441261291503906
9817,26.0,1307,1.5112998485565186,,,0.00650523928925395
9818,17.0,1091,1.2828776836395264,,,0.005023247096687555
9819,29.0,1460,1.6678802967071533,,,0.003972163423895836
9820,14.0,726,0.8371169567108154,,,0.010615456849336624
9821,23.0,909,1.0385432243347168,,,0.006198461167514324
9822,15.0,635,0.747600793838501,,,0.008158240467309952
9823,30.0,1382,1.5999155044555664,,,0.003807846689596772
9824,31.0,1307,1.4963467121124268,,,0.00474240817129612
9825,24.0,787,0.909221887588501,,,0.004439943470060825
9826,41.0,1489,1.7205917835235596,,,0.06621953845024109
9827,33.0,1172,1.3553056716918945,,,0.00461509358137846
9828,22.0,730,0.8531348705291748,,,0.009124036878347397
9829,21.0,804,0.9409728050231934,,,0.0900668203830719
9830,9.0,632,0.7473220825195312,,,0.006990417838096619
9831,25.0,801,0.9352788925170898,,,0.01123007945716381
9832,30.0,1361,1.5616588592529297,,,0.00766122667118907
9833,40.0,1370,1.5805280208587646,,,0.009150075726211071
9834,26.0,927,1.0568897724151611,,,0.008831937797367573
9835,18.0,952,1.0887718200683594,,,0.012274224311113358
9836,25.0,917,1.0582704544067383,,,0.005440384615212679
9837,29.0,1111,1.2804896831512451,,,0.006405402906239033
9838,25.0,826,0.9603114128112793,,,0.004792917054146528
9839,24.0,827,0.9539191722869873,,,0.0021044458262622356
9840,40.0,1383,1.5873897075653076,,,0.005314304493367672
9841,27.0,1051,1.216545581817627,,,0.0060187107883393764
9842,28.0,1131,1.30265212059021,,,0.00441098352894187
9843,26.0,902,1.0378155708312988,,,0.013622733764350414
9844,22.0,836,0.9586217403411865,,,0.012207787483930588
9845,32.0,983,1.1186728477478027,,,0.004667181987315416
9846,26.0,914,1.0535516738891602,,,0.010369464755058289
9847,29.0,1114,1.2479219436645508,,,0.049255888909101486
9848,28.0,1135,1.272657871246338,,,0.009432835504412651
9849,19.0,760,0.8680527210235596,,,0.013016832992434502
9850,28.0,1145,1.2930352687835693,,,0.00684233708307147
9851,26.0,1095,1.2537665367126465,,,0.007955826818943024
9852,30.0,1145,1.3283181190490723,,,0.007354510948061943
9853,30.0,1165,1.334838628768921,,,0.009753392077982426
9854,17.0,983,1.1286900043487549,,,0.005381232593208551
9855,24.0,906,1.0446672439575195,,,0.008488170802593231
9856,27.0,961,1.1171798706054688,,,0.0077298590913414955
9857,27.0,914,1.0460469722747803,,,0.006958610378205776
9858,25.0,949,1.0715715885162354,,,0.005508063826709986
9859,17.0,722,0.8221123218536377,,,0.009884689003229141
9860,50.0,1995,2.268415927886963,,,0.004564567934721708
9861,31.0,1306,1.4976327419281006,,,0.006734185852110386
9862,50.0,2001,2.28704571723938,,,0.009276347234845161
9863,27.0,1090,1.2266385555267334,,,0.0052877794951200485
9864,27.0,1428,1.6111211776733398,,,0.004471187945455313
9865,25.0,901,1.023385763168335,,,0.007946377620100975
9866,21.0,918,1.0487604141235352,,,0.0069658635184168816
9867,11.0,484,0.5684077739715576,,,0.007090121973305941
9868,26.0,1029,1.1931266784667969,,,0.008281998336315155
9869,32.0,1124,1.2981765270233154,,,0.008888249285519123
9870,36.0,1434,1.6587512493133545,,,0.008583460003137589
9871,30.0,1181,1.3542373180389404,,,0.0054665058851242065
9872,39.0,1191,1.3782684803009033,,,0.0455731637775898
9873,28.0,988,1.1410882472991943,,,0.006808781996369362
9874,27.0,1074,1.239058017730713,,,0.004330244846642017
9875,26.0,1133,1.3168768882751465,,,0.003923728130757809
9876,30.0,1047,1.2143161296844482,,,0.00535034853965044
9877,29.0,1087,1.25095534324646,,,0.0076976679265499115
9878,29.0,1045,1.208739995956421,,,0.004556183237582445
9879,27.0,1339,1.5372529029846191,,,0.010606973432004452
9880,18.0,774,0.9097473621368408,,,0.007917115464806557
9881,24.0,933,1.0881309509277344,,,0.007331083528697491
9882,32.0,1241,1.4015846252441406,,,0.004348916467279196
9883,31.0,1037,1.1729652881622314,,,0.08334112167358398
9884,29.0,1124,1.266162395477295,,,0.016151152551174164
9885,27.0,1089,1.2275488376617432,,,0.004368314519524574
9886,28.0,929,1.0559196472167969,,,0.004835520870983601
9887,36.0,1523,1.751798152923584,,,0.005837772041559219
9888,33.0,1142,1.3131721019744873,,,0.057898420840501785
9889,26.0,1231,1.3808627128601074,,,0.015906505286693573
9890,29.0,1281,1.4291353225708008,,,0.004694569855928421
9891,22.0,925,1.0494041442871094,,,0.005377148278057575
9892,25.0,988,1.1465280055999756,,,0.04898430407047272
9893,48.0,1546,1.7829372882843018,,,0.047456201165914536
9894,34.0,1025,1.1777701377868652,,,0.010505840182304382
9895,29.0,1098,1.2688257694244385,,,0.0064651500433683395
9896,49.0,2020,2.3392062187194824,,,0.005442092195153236
9897,29.0,965,1.1150736808776855,,,0.00614303769543767
9898,33.0,1218,1.401832103729248,,,0.005431773141026497
9899,33.0,1101,1.2698516845703125,,,0.005856238305568695
9900,28.0,1009,1.1657862663269043,,,0.014414584264159203
9901,27.0,1093,1.2610790729522705,,,0.04845187067985535
9902,32.0,1207,1.3851330280303955,,,0.006001414731144905
9903,28.0,1357,1.5543878078460693,,,0.02101951092481613
9904,32.0,1236,1.419706106185913,,,0.006450260523706675
9905,31.0,1181,1.338472843170166,,,0.0046547045931220055
9906,33.0,1079,1.2366278171539307,,,0.0037741106934845448
9907,22.0,861,1.0062758922576904,,,0.005338452756404877
9908,28.0,1172,1.355229377746582,,,0.011260496452450752
9909,30.0,1588,1.8040771484375,,,0.006782229524105787
9910,47.0,1742,1.9713387489318848,,,0.015190057456493378
9911,25.0,951,1.1016685962677002,,,0.008816968649625778
9912,29.0,1158,1.334151268005371,,,0.009822584688663483
9913,26.0,1091,1.2623393535614014,,,0.005813647992908955
9914,25.0,868,1.0063014030456543,,,0.028261281549930573
9915,26.0,1139,1.3264319896697998,,,0.004058963153511286
9916,16.0,868,1.007127285003662,,,0.00424540787935257
9917,25.0,865,0.9975218772888184,,,0.011379566974937916
9918,28.0,987,1.1420402526855469,,,0.005354061722755432
9919,22.0,901,1.0486509799957275,,,0.007737313397228718
9920,27.0,1095,1.2576675415039062,,,0.010988911613821983
9921,31.0,1101,1.2733399868011475,,,0.006336009129881859
9922,24.0,955,1.1129460334777832,,,0.00825186725705862
9923,31.0,1286,1.482119083404541,,,0.009075120091438293
9924,28.0,1007,1.1622672080993652,,,0.004392265807837248
9925,21.0,705,0.8181610107421875,,,0.00494017917662859
9926,38.0,1433,1.647996425628662,,,0.01038038544356823
9927,30.0,1305,1.4930274486541748,,,0.0073308683931827545
9928,28.0,1254,1.451092004776001,,,0.008119238540530205
9929,18.0,852,0.9929771423339844,,,0.005583825521171093
9930,25.0,911,1.0500893592834473,,,0.005790409632027149
9931,20.0,873,1.0159912109375,,,0.0051753101870417595
9932,26.0,1005,1.1610231399536133,,,0.011726836673915386
9933,30.0,1173,1.3557260036468506,,,0.0042886328883469105
9934,32.0,1095,1.2361576557159424,,,0.006018473766744137
9935,30.0,1129,1.2721467018127441,,,0.006076515652239323
9936,23.0,985,1.1138134002685547,,,0.006270375102758408
9937,24.0,770,0.890941858291626,,,0.0036126584745943546
9938,58.0,2265,2.6059906482696533,,,0.006037678103893995
9939,26.0,1123,1.2912623882293701,,,0.0881587564945221
9940,27.0,1164,1.339414358139038,,,0.00578553369268775
9941,29.0,1295,1.4921252727508545,,,0.007474806625396013
9942,28.0,1337,1.541388988494873,,,0.004289304371923208
9943,26.0,917,1.0658679008483887,,,0.005541239865124226
9944,34.0,1411,1.6142950057983398,,,0.005054805427789688
9945,20.0,751,0.8938496112823486,,,0.006101262290030718
9946,24.0,693,0.8043727874755859,,,0.014936253428459167
9947,15.0,673,0.7922766208648682,,,0.005453579127788544
9948,30.0,1165,1.3415837287902832,,,0.008948770351707935
9949,31.0,1195,1.3770062923431396,,,0.05922093987464905
9950,31.0,1095,1.2493515014648438,,,0.005249527748674154
9951,31.0,1098,1.262782335281372,,,0.028617072850465775
9952,24.0,939,1.0973262786865234,,,0.008389903232455254
9953,33.0,998,1.1503839492797852,,,0.007519446779042482
9954,28.0,1115,1.288248062133789,,,0.005218332167714834
9955,28.0,1121,1.2842931747436523,,,0.004804166965186596
9956,30.0,1035,1.1678080558776855,,,0.04399684816598892
9957,24.0,1329,1.5065603256225586,,,0.011146368458867073
9958,18.0,1157,1.3175666332244873,,,0.015422249212861061
9959,27.0,1236,1.3967995643615723,,,0.005804377142339945
9960,24.0,895,1.0176985263824463,,,0.0041900984942913055
9961,30.0,1139,1.287147045135498,,,0.010595525614917278
9962,20.0,936,1.0637621879577637,,,0.006237767171114683
9963,30.0,1265,1.4349443912506104,,,0.011184606701135635
9964,29.0,1081,1.2452590465545654,,,0.09096304327249527
9965,32.0,1301,1.4574329853057861,,,0.003786546178162098
9966,30.0,1307,1.4652113914489746,,,0.009878814220428467
9967,30.0,1243,1.4235966205596924,,,0.010365905240178108
9968,27.0,1291,1.4889841079711914,,,0.00425302516669035
9969,25.0,865,0.9984719753265381,,,0.00498419813811779
9970,25.0,1105,1.2869045734405518,,,0.004559292457997799
9971,29.0,1241,1.4317235946655273,,,0.004857335239648819
9972,19.0,630,0.7333626747131348,,,0.057005468755960464
9973,27.0,1313,1.5283615589141846,,,0.006688369903713465
9974,30.0,1144,1.3357272148132324,,,0.0021800969261676073
9975,32.0,1365,1.5761151313781738,,,0.007845379412174225
9976,27.0,854,0.9848413467407227,,,0.009396860376000404
9977,28.0,1124,1.2647993564605713,,,0.009402141906321049
9978,26.0,811,0.9205338954925537,,,0.005728451535105705
9979,26.0,1040,1.1790399551391602,,,0.007053337525576353
9980,39.0,1546,1.742180347442627,,,0.004201733972877264
9981,29.0,1060,1.2259705066680908,,,0.01380089670419693
9982,31.0,1121,1.2710683345794678,,,0.007143850438296795
9983,43.0,1727,1.9610235691070557,,,0.006743091158568859
9984,25.0,815,0.9368717670440674,,,0.007179983891546726
9985,21.0,862,1.0078184604644775,,,0.0061381165869534016
9986,43.0,1717,1.9526302814483643,,,0.008002741262316704
9987,32.0,1073,1.1982500553131104,,,0.006207713857293129
9988,22.0,965,1.0897984504699707,,,0.0034310962073504925
9989,31.0,1229,1.3719758987426758,,,0.00562638696283102
9990,18.0,856,0.9759910106658936,,,0.005399916786700487
9991,20.0,834,0.9685304164886475,,,0.009652710519731045
9992,25.0,709,0.8150722980499268,,,0.0029166045133024454
9993,30.0,1017,1.143364429473877,,,0.00903802178800106
9994,29.0,1409,1.571256160736084,,,0.00664557795971632
9995,28.0,1148,1.3010916709899902,,,0.004932205192744732
9996,28.0,1089,1.2628185749053955,,,0.006592405028641224
9997,26.0,1145,1.3149542808532715,,,0.013944463804364204
9998,25.0,1229,1.414773941040039,,,0.006978126242756844
9999,19.0,856,0.998056173324585,,,0.007549131289124489
10000,33.0,1094,1.2650198936462402,,,0.04771202430129051
10001,40.0,1329,1.4949514865875244,,,0.005849574692547321
10002,27.0,1078,1.211301565170288,,,0.008242612704634666
10003,32.0,1067,1.1923091411590576,,,0.005101561546325684
10004,27.0,996,1.146918773651123,,,0.0032060216180980206
10005,32.0,1273,1.467118263244629,,,0.004111357964575291
10006,28.0,1315,1.520402431488037,,,0.004412524867802858
10007,25.0,1181,1.3605444431304932,,,0.004248239099979401
10008,23.0,930,1.0533623695373535,,,0.012432951480150223
10009,25.0,911,1.0349032878875732,,,0.004114692099392414
10010,31.0,1138,1.316885232925415,,,0.005555413197726011
10011,31.0,1376,1.6008720397949219,,,0.006867291405797005
10012,21.0,703,0.8201446533203125,,,0.0044487239792943
10013,31.0,1198,1.3842575550079346,,,0.010841337963938713
10014,30.0,1203,1.387012004852295,,,0.005732709541916847
10015,31.0,1142,1.3163022994995117,,,0.005487439222633839
10016,37.0,1412,1.6153535842895508,,,0.004178040660917759
10017,29.0,1115,1.288069486618042,,,0.059322748333215714
10018,21.0,903,1.043799877166748,,,0.034752294421195984
10019,27.0,1301,1.4942622184753418,,,0.013200491666793823
10020,32.0,1165,1.3437044620513916,,,0.013797075487673283
10021,28.0,1131,1.3018643856048584,,,0.005531403236091137
10022,16.0,752,0.8824074268341064,,,0.008775139227509499
10023,33.0,1289,1.4741382598876953,,,0.003162036184221506
10024,27.0,1147,1.326746940612793,,,0.005666518583893776
10025,21.0,863,1.0115861892700195,,,0.061519805341959
10026,22.0,792,0.9250786304473877,,,0.007811426185071468
10027,23.0,1031,1.2046432495117188,,,0.00555677292868495
10028,15.0,677,0.7985002994537354,,,0.020677585154771805
10029,44.0,2155,2.5143990516662598,,,0.008208026178181171
10030,8.0,625,0.7445464134216309,,,0.009652824141085148
10031,14.0,835,0.9878795146942139,,,0.005290714092552662
10032,30.0,1077,1.2533648014068604,,,0.0069032288156449795
10033,32.0,1037,1.1985480785369873,,,0.0037498606834560633
10034,42.0,1911,2.2037320137023926,,,0.0042817723006010056
10035,28.0,1099,1.264599084854126,,,0.0034686406143009663
10036,22.0,812,0.946953296661377,,,0.006359033286571503
10037,21.0,1006,1.1482055187225342,,,0.005658993497490883
10038,27.0,1306,1.4682636260986328,,,0.008826777338981628
10039,21.0,855,0.9647209644317627,,,0.06138826534152031
10040,23.0,800,0.9312474727630615,,,0.00856073573231697
10041,43.0,1555,1.8109886646270752,,,0.00406245794147253
10042,28.0,1228,1.39668869972229,,,0.008083615452051163
10043,32.0,1242,1.3825688362121582,,,0.004930463619530201
10044,19.0,895,1.042959213256836,,,0.004805269651114941
10045,19.0,909,1.0374464988708496,,,0.003271730849519372
10046,32.0,1234,1.4087939262390137,,,0.0031998802442103624
10047,28.0,911,1.054917573928833,,,0.005942784249782562
10048,30.0,1375,1.5861892700195312,,,0.007048093713819981
10049,27.0,1159,1.3372161388397217,,,0.004304317757487297
10050,29.0,1158,1.307041883468628,,,0.004758818075060844
10051,27.0,1476,1.7000174522399902,,,0.0055157397873699665
10052,32.0,1030,1.191840648651123,,,0.006108114030212164
10053,33.0,997,1.1497445106506348,,,0.004742786288261414
10054,28.0,1220,1.4194297790527344,,,0.009249433875083923
10055,29.0,1141,1.3244802951812744,,,0.009571759030222893
10056,35.0,1209,1.3850014209747314,,,0.062362246215343475
10057,30.0,1204,1.3752140998840332,,,0.006466495804488659
10058,29.0,1229,1.3960986137390137,,,0.004846997559070587
10059,29.0,1243,1.4826505184173584,,,0.0066768997348845005
10060,32.0,1259,1.4618310928344727,,,0.01388605497777462
10061,25.0,1095,1.293623447418213,,,0.005261244252324104
10062,31.0,1090,1.2867884635925293,,,0.007801842875778675
10063,29.0,1143,1.3306856155395508,,,0.006952567026019096
10064,22.0,751,0.8918535709381104,,,0.007710360921919346
10065,30.0,1383,1.6300711631774902,,,0.00902774278074503
10066,24.0,830,0.9659914970397949,,,0.07319580018520355
10067,22.0,700,0.8047668933868408,,,0.05049273371696472
10068,28.0,1189,1.3938846588134766,,,0.00886782631278038
10069,28.0,1119,1.3052401542663574,,,0.005449637304991484
10070,29.0,1463,1.6662547588348389,,,0.013918647542595863
10071,26.0,797,0.9155497550964355,,,0.004519069567322731
10072,26.0,883,1.027712106704712,,,0.009764297865331173
10073,28.0,1188,1.3374278545379639,,,0.053191863000392914
10074,24.0,1257,1.4176836013793945,,,0.00535799004137516
10075,21.0,721,0.8221755027770996,,,0.007745775394141674
10076,26.0,1059,1.2698612213134766,,,0.028727293014526367
10077,29.0,1081,1.2375028133392334,,,0.0031960688065737486
10078,32.0,1159,1.3488407135009766,,,0.007063793018460274
10079,17.0,947,1.1077373027801514,,,0.05475524812936783
10080,32.0,1058,1.2289111614227295,,,0.05422409251332283
10081,27.0,1065,1.259467363357544,,,0.05590587481856346
10082,23.0,843,0.9708113670349121,,,0.007508027367293835
10083,27.0,931,1.0912461280822754,,,0.0036773658357560635
10084,26.0,1097,1.2664175033569336,,,0.005683251190930605
10085,28.0,1083,1.2543046474456787,,,0.005969746969640255
10086,30.0,1037,1.1766819953918457,,,0.05284366011619568
10087,32.0,1200,1.3455286026000977,,,0.006904807407408953
10088,25.0,893,1.005014181137085,,,0.010112276300787926
10089,31.0,1082,1.2286045551300049,,,0.04772951453924179
10090,21.0,834,0.9628994464874268,,,0.00916492659598589
10091,7.0,521,0.6437289714813232,,,0.004727505147457123
10092,28.0,1182,1.3779704570770264,,,0.007172520272433758
10093,20.0,771,0.9409856796264648,,,0.05713843181729317
10094,30.0,1473,1.7064194679260254,,,0.014591896906495094
10095,31.0,1227,1.4544951915740967,,,0.012774663977324963
10096,32.0,1293,1.5179131031036377,,,0.006082272622734308
10097,27.0,1132,1.3246145248413086,,,0.006358260288834572
10098,28.0,1082,1.2714147567749023,,,0.004727959632873535
10099,27.0,1007,1.1859221458435059,,,0.017905525863170624
10100,26.0,1065,1.249875545501709,,,0.024697469547390938
10101,9.0,479,0.574578046798706,,,0.006150944624096155
10102,29.0,1193,1.4125633239746094,,,0.0071281674318015575
10103,20.0,917,1.079829216003418,,,0.007728624623268843
10104,22.0,1056,1.2263884544372559,,,0.005289354827255011
10105,27.0,1057,1.21687650680542,,,0.006120120640844107
10106,30.0,1180,1.4168119430541992,,,0.006906429305672646
10107,31.0,1155,1.3403689861297607,,,0.004602502100169659
10108,30.0,1095,1.2838737964630127,,,0.004153418820351362
10109,20.0,854,1.0184757709503174,,,0.0022916547022759914
10110,29.0,1135,1.3082797527313232,,,0.008106505498290062
10111,20.0,607,0.7449343204498291,,,0.012111014686524868
10112,27.0,952,1.1561849117279053,,,0.0030797943472862244
10113,30.0,1160,1.3657760620117188,,,0.0036949783097952604
10114,27.0,994,1.152463436126709,,,0.008668583817780018
10115,29.0,1314,1.5634942054748535,,,0.008681791834533215
10116,32.0,1188,1.4203951358795166,,,0.013153920881450176
10117,33.0,957,1.1761820316314697,,,0.005019041709601879
10118,26.0,1024,1.2323851585388184,,,0.007228189613670111
10119,29.0,1152,1.3624849319458008,,,0.009775470942258835
10120,31.0,1246,1.451735019683838,,,0.004062110558152199
10121,23.0,897,1.0504069328308105,,,0.008816714398562908
10122,29.0,1035,1.2113783359527588,,,0.0031541413627564907
10123,31.0,1073,1.2581243515014648,,,0.0053469398990273476
10124,22.0,881,1.0356745719909668,,,0.06803081184625626
10125,24.0,1143,1.3431134223937988,,,0.0036643086932599545
10126,30.0,891,1.0145580768585205,,,0.00594507809728384
10127,31.0,1201,1.3449115753173828,,,0.005520567297935486
10128,22.0,1129,1.279184341430664,,,0.005088132340461016
10129,22.0,968,1.103804111480713,,,0.007805833593010902
10130,26.0,887,1.010462760925293,,,0.003859665710479021
10131,30.0,1094,1.262258529663086,,,0.006775909569114447
10132,31.0,1287,1.4777500629425049,,,0.0060773082077503204
10133,31.0,1252,1.442620038986206,,,0.04104834794998169
10134,31.0,1138,1.311880111694336,,,0.007068835198879242
10135,23.0,975,1.14100980758667,,,0.031462229788303375
10136,20.0,667,0.7837193012237549,,,0.007522464729845524
10137,27.0,1093,1.2909202575683594,,,0.06191691756248474
10138,30.0,1209,1.3973114490509033,,,0.011539461091160774
10139,19.0,907,1.0534248352050781,,,0.007819626480340958
10140,33.0,1191,1.361924171447754,,,0.04704640805721283
10141,33.0,1161,1.3398330211639404,,,0.007360917050391436
10142,27.0,1129,1.3104932308197021,,,0.004615710116922855
10143,27.0,1046,1.2109668254852295,,,0.009743311442434788
10144,10.0,491,0.5758640766143799,,,0.011875510215759277
10145,27.0,936,1.0790050029754639,,,0.005908587481826544
10146,30.0,1281,1.467353105545044,,,0.008917083963751793
10147,31.0,1191,1.3705241680145264,,,0.00631170766428113
10148,30.0,1058,1.2210454940795898,,,0.0071815187111496925
10149,26.0,800,0.928825855255127,,,0.018770258873701096
10150,29.0,1107,1.2789266109466553,,,0.007320140488445759
10151,30.0,1210,1.4058599472045898,,,0.003768009366467595
10152,26.0,987,1.1385984420776367,,,0.060940567404031754
10153,28.0,1234,1.4222009181976318,,,0.003310719970613718
10154,29.0,1105,1.27717924118042,,,0.003008850384503603
10155,22.0,852,0.9934501647949219,,,0.0047046123072505
10156,30.0,960,1.103247880935669,,,0.012799796648323536
10157,22.0,787,0.917262077331543,,,0.005495577119290829
10158,19.0,790,0.9235363006591797,,,0.008901357650756836
10159,31.0,1021,1.1888737678527832,,,0.007734065875411034
10160,28.0,1234,1.4291472434997559,,,0.004627746995538473
10161,28.0,1118,1.2708826065063477,,,0.007735486142337322
10162,32.0,1039,1.1925361156463623,,,0.0044875917956233025
10163,31.0,1244,1.4329209327697754,,,0.005913642700761557
10164,40.0,1341,1.5506386756896973,,,0.0058572725392878056
10165,29.0,1438,1.6558659076690674,,,0.004900283645838499
10166,34.0,1329,1.5260193347930908,,,0.003689564997330308
10167,29.0,1285,1.4472682476043701,,,0.0646832138299942
10168,31.0,1255,1.4300498962402344,,,0.00593645591288805
10169,25.0,815,0.9269859790802002,,,0.006493497174233198
10170,28.0,1163,1.3080980777740479,,,0.0074517372995615005
10171,22.0,1115,1.3027355670928955,,,0.0038055675104260445
10172,30.0,1271,1.4687447547912598,,,0.008027976378798485
10173,21.0,751,0.8733696937561035,,,0.0051843225955963135
10174,26.0,1098,1.2388715744018555,,,0.0028673303313553333
10175,13.0,640,0.7380077838897705,,,0.005251836962997913
10176,30.0,961,1.108112096786499,,,0.007832045666873455
10177,31.0,1155,1.3223028182983398,,,0.0034469906240701675
10178,19.0,936,1.091423749923706,,,0.006440258584916592
10179,25.0,872,1.016535758972168,,,0.0054990146309137344
10180,22.0,783,0.9169385433197021,,,0.010574499145150185
10181,31.0,1071,1.223501443862915,,,0.00608651340007782
10182,15.0,625,0.7161214351654053,,,0.05959397181868553
10183,26.0,1123,1.2614047527313232,,,0.006744829937815666
10184,27.0,891,1.0024311542510986,,,0.00605270778760314
10185,25.0,946,1.0693838596343994,,,0.008908513933420181
10186,16.0,807,0.9242010116577148,,,0.0064735859632492065
10187,18.0,847,0.9673295021057129,,,0.00379119161516428
10188,30.0,1087,1.2363035678863525,,,0.06325279921293259
10189,30.0,1218,1.3891539573669434,,,0.0073826988227665424
10190,26.0,1172,1.3325817584991455,,,0.0057979123666882515
10191,27.0,1338,1.5069289207458496,,,0.06852613389492035
10192,20.0,827,0.9396989345550537,,,0.003673648228868842
10193,24.0,976,1.1054842472076416,,,0.006520519498735666
10194,17.0,914,1.055717945098877,,,0.007751054130494595
10195,27.0,967,1.1171822547912598,,,0.00877365842461586
10196,25.0,991,1.12837815284729,,,0.004588519688695669
10197,25.0,899,1.0189108848571777,,,0.07348804920911789
10198,32.0,1435,1.6054213047027588,,,0.00636608200147748
10199,18.0,673,0.7681145668029785,,,0.0031143296509981155
10200,30.0,1230,1.416750192642212,,,0.00729634054005146
10201,25.0,1271,1.4775118827819824,,,0.007981632836163044
10202,23.0,939,1.09403395652771,,,0.0025789919309318066
10203,31.0,1241,1.441532850265503,,,0.004683154635131359
10204,17.0,793,0.9347724914550781,,,0.00574607215821743
10205,32.0,1216,1.3895111083984375,,,0.06558544933795929
10206,8.0,447,0.5294952392578125,,,0.003220097627490759
10207,25.0,848,0.98785400390625,,,0.011412324383854866
10208,25.0,1161,1.3284838199615479,,,0.006752500776201487
10209,21.0,1058,1.2101995944976807,,,0.014903450384736061
10210,29.0,1124,1.2722208499908447,,,0.0036878837272524834
10211,32.0,1141,1.2848639488220215,,,0.06515419483184814
10212,30.0,1319,1.495790719985962,,,0.008195899426937103
10213,25.0,1007,1.1710684299468994,,,0.005599642638117075
10214,25.0,927,1.0749843120574951,,,0.03835655748844147
10215,21.0,933,1.0863354206085205,,,0.003748484654352069
10216,22.0,1023,1.1979618072509766,,,0.0066030812449753284
10217,34.0,1185,1.3613293170928955,,,0.008407145738601685
10218,43.0,1805,2.0479140281677246,,,0.018152231350541115
10219,25.0,1041,1.1689817905426025,,,0.006802286021411419
10220,22.0,759,0.8658151626586914,,,0.006049960386008024
10221,26.0,1065,1.2257053852081299,,,0.007262083701789379
10222,32.0,1194,1.3711116313934326,,,0.007628078572452068
10223,31.0,1155,1.3279962539672852,,,0.002920602448284626
10224,29.0,1142,1.312373161315918,,,0.009391756728291512
10225,31.0,1282,1.4633238315582275,,,0.07603789865970612
10226,25.0,967,1.1177918910980225,,,0.00410526804625988
10227,32.0,1157,1.2996881008148193,,,0.07653902471065521
10228,17.0,541,0.6194534301757812,,,0.006004578433930874
10229,23.0,1054,1.218029260635376,,,0.006159846670925617
10230,29.0,1209,1.386965274810791,,,0.006919973064213991
10231,32.0,963,1.1091816425323486,,,0.004827609285712242
10232,30.0,1137,1.2972500324249268,,,0.0064564477652311325
10233,26.0,875,1.0075502395629883,,,0.010060716420412064
10234,22.0,671,0.7758448123931885,,,0.008917449042201042
10235,12.0,469,0.5496101379394531,,,0.011773666366934776
10236,30.0,1001,1.1537714004516602,,,0.009847481735050678
10237,30.0,977,1.1343319416046143,,,0.005767417140305042
10238,20.0,764,0.8948132991790771,,,0.0042932163923978806
10239,30.0,1243,1.4318523406982422,,,0.0066490331664681435
10240,29.0,1323,1.5198297500610352,,,0.009210579097270966
10241,26.0,917,1.0613555908203125,,,0.011983909644186497
10242,32.0,1169,1.3524329662322998,,,0.006151506677269936
10243,29.0,1123,1.2903509140014648,,,0.0077533600851893425
10244,16.0,882,1.0286612510681152,,,0.006428147666156292
10245,31.0,957,1.1067674160003662,,,0.015706324949860573
10246,23.0,719,0.8467152118682861,,,0.004683390259742737
10247,33.0,1105,1.2738490104675293,,,0.046728286892175674
10248,31.0,1289,1.4786527156829834,,,0.031041301786899567
10249,21.0,939,1.09238600730896,,,0.007024797610938549
10250,28.0,991,1.146160364151001,,,0.0078085544519126415
10251,30.0,1062,1.2210888862609863,,,0.005259387195110321
10252,30.0,1035,1.1990420818328857,,,0.004372289404273033
10253,18.0,669,0.7810966968536377,,,0.0051956698298454285
10254,17.0,596,0.6979465484619141,,,0.062295690178871155
10255,27.0,1183,1.3499908447265625,,,0.0035677675623446703
10256,10.0,665,0.7595198154449463,,,0.013903290033340454
10257,23.0,839,0.9675173759460449,,,0.0054388102144002914
10258,25.0,978,1.1348605155944824,,,0.00484585203230381
10259,6.0,440,0.5181183815002441,,,0.006858226843178272
10260,33.0,1282,1.4865789413452148,,,0.008734161965548992
10261,32.0,1284,1.480816125869751,,,0.007296762894839048
10262,29.0,1409,1.6274173259735107,,,0.006317445542663336
10263,31.0,1217,1.3595151901245117,,,0.011472742073237896
10264,29.0,1110,1.2423605918884277,,,0.007620852440595627
10265,30.0,1143,1.3196933269500732,,,0.00900418683886528
10266,30.0,1324,1.5271062850952148,,,0.005619164556264877
10267,27.0,1076,1.2442173957824707,,,0.0029531114269047976
10268,21.0,857,1.0014312267303467,,,0.005307881627231836
10269,28.0,1105,1.2781157493591309,,,0.004424026235938072
10270,30.0,1207,1.3897356986999512,,,0.005104294046759605
10271,31.0,1245,1.4299132823944092,,,0.005511083174496889
10272,32.0,953,1.1018445491790771,,,0.0031805604230612516
10273,29.0,1230,1.4162051677703857,,,0.009242232888936996
10274,32.0,1066,1.2122931480407715,,,0.005230567418038845
10275,33.0,1265,1.4610936641693115,,,0.005272546783089638
10276,19.0,739,0.8651034832000732,,,0.007971182465553284
10277,32.0,1161,1.3469526767730713,,,0.00495931738987565
10278,32.0,1069,1.2317638397216797,,,0.010016921907663345
10279,28.0,933,1.0782849788665771,,,0.004998261574655771
10280,28.0,1225,1.4007909297943115,,,0.011245444416999817
10281,31.0,1049,1.2076284885406494,,,0.02287730760872364
10282,27.0,1117,1.2882075309753418,,,0.05690402537584305
10283,31.0,1147,1.3244850635528564,,,0.05675619840621948
10284,30.0,1079,1.2453477382659912,,,0.005093035288155079
10285,26.0,1043,1.2110509872436523,,,0.0029922970570623875
10286,32.0,1382,1.5905063152313232,,,0.0037649869918823242
10287,29.0,1399,1.609457015991211,,,0.07699763029813766
10288,24.0,1052,1.2273528575897217,,,0.008799050003290176
10289,27.0,1221,1.4035580158233643,,,0.007005841936916113
10290,24.0,865,1.0044775009155273,,,0.00822700560092926
10291,34.0,1275,1.4614343643188477,,,0.09175018221139908
10292,22.0,801,0.9328153133392334,,,0.006061840802431107
10293,24.0,966,1.1221437454223633,,,0.003929144702851772
10294,26.0,768,0.8890945911407471,,,0.006634545512497425
10295,26.0,953,1.1016180515289307,,,0.006358791142702103
10296,23.0,831,0.9445443153381348,,,0.005488635040819645
10297,32.0,1071,1.2158968448638916,,,0.046773675829172134
10298,28.0,1197,1.3757073879241943,,,0.06589297950267792
10299,23.0,866,1.010533094406128,,,0.010579563677310944
10300,29.0,1152,1.3156287670135498,,,0.015444163233041763
10301,32.0,1264,1.4358625411987305,,,0.014788204804062843
10302,33.0,1232,1.4105679988861084,,,0.005161920562386513
10303,14.0,704,0.8245177268981934,,,0.005957212299108505
10304,25.0,1011,1.1634490489959717,,,0.0034868179354816675
10305,31.0,1026,1.1763513088226318,,,0.007075535599142313
10306,32.0,1139,1.3121280670166016,,,0.00435566296800971
10307,33.0,1264,1.4494504928588867,,,0.004213388077914715
10308,30.0,1128,1.2954237461090088,,,0.008792484179139137
10309,14.0,793,0.9275844097137451,,,0.00497790053486824
10310,33.0,1023,1.1806633472442627,,,0.05744684487581253
10311,27.0,1095,1.267791509628296,,,0.0084858862683177
10312,21.0,1002,1.161134958267212,,,0.004720986355096102
10313,27.0,1088,1.2563717365264893,,,0.008141791447997093
10314,18.0,671,0.7786715030670166,,,0.005306872073560953
10315,31.0,1331,1.539031982421875,,,0.051550913602113724
10316,26.0,1123,1.300813913345337,,,0.07167022675275803
10317,22.0,787,0.9202003479003906,,,0.009177708998322487
10318,29.0,1235,1.422886610031128,,,0.004458286799490452
10319,31.0,1135,1.3003644943237305,,,0.07406141608953476
10320,13.0,631,0.7388641834259033,,,0.011920232325792313
10321,32.0,1049,1.205723524093628,,,0.00506551843136549
10322,29.0,1071,1.2274444103240967,,,0.006038358435034752
10323,21.0,780,0.9035642147064209,,,0.005781793966889381
10324,23.0,815,0.944481611251831,,,0.00422247126698494
10325,23.0,799,0.9249234199523926,,,0.007257793098688126
10326,33.0,1091,1.2545158863067627,,,0.033647291362285614
10327,25.0,1171,1.341308355331421,,,0.005621061660349369
10328,32.0,1405,1.616652250289917,,,0.005647012032568455
10329,27.0,812,0.9415643215179443,,,0.004293131176382303
10330,22.0,910,1.0576441287994385,,,0.004046743270009756
10331,30.0,1384,1.5763068199157715,,,0.008449514396488667
10332,31.0,1235,1.4148187637329102,,,0.004484362900257111
10333,15.0,744,0.8734257221221924,,,0.006544167175889015
10334,23.0,1043,1.2152800559997559,,,0.008192552253603935
10335,28.0,1224,1.4186575412750244,,,0.007730144076049328
10336,30.0,1202,1.3748078346252441,,,0.005264359060674906
10337,14.0,686,0.8076620101928711,,,0.005353985354304314
10338,31.0,1086,1.2520923614501953,,,0.04282604902982712
10339,26.0,1012,1.1727721691131592,,,0.020402250811457634
10340,25.0,1333,1.5403971672058105,,,0.017825866118073463
10341,30.0,1299,1.4963531494140625,,,0.0068094381131231785
10342,32.0,1253,1.4399833679199219,,,0.004782729782164097
10343,19.0,657,0.7687473297119141,,,0.008371207863092422
10344,27.0,1056,1.2199060916900635,,,0.010494931600987911
10345,28.0,1188,1.3710718154907227,,,0.004096533637493849
10346,28.0,1283,1.476409912109375,,,0.07145910710096359
10347,31.0,1361,1.5626463890075684,,,0.0031287330202758312
10348,27.0,1047,1.2057762145996094,,,0.002707241103053093
10349,25.0,990,1.1305902004241943,,,0.004060040228068829
10350,25.0,991,1.1151161193847656,,,0.0033408026210963726
10351,19.0,1025,1.1832084655761719,,,0.008055675774812698
10352,17.0,797,0.9331822395324707,,,0.005435734987258911
10353,33.0,1363,1.572139024734497,,,0.0069327340461313725
10354,29.0,945,1.0924403667449951,,,0.006138249300420284
10355,25.0,907,1.0487935543060303,,,0.006274090148508549
10356,16.0,861,1.00832200050354,,,0.005274064838886261
10357,10.0,427,0.505821943283081,,,0.006504048127681017
10358,28.0,1079,1.2290880680084229,,,0.006355473771691322
10359,24.0,1096,1.2443406581878662,,,0.00849425420165062
10360,24.0,1120,1.2599737644195557,,,0.006310378201305866
10361,21.0,883,1.004692792892456,,,0.005680393893271685
10362,28.0,1018,1.1641576290130615,,,0.007077930495142937
10363,28.0,1058,1.2210369110107422,,,0.007320784498006105
10364,29.0,1332,1.534409523010254,,,0.011341985315084457
10365,32.0,1221,1.4012644290924072,,,0.004088043700903654
10366,30.0,1251,1.4419116973876953,,,0.003926425240933895
10367,30.0,1135,1.310713291168213,,,0.004089845344424248
10368,27.0,985,1.1448357105255127,,,0.005542454309761524
10369,28.0,1190,1.375582218170166,,,0.0034437887370586395
10370,27.0,976,1.1317434310913086,,,0.008647579699754715
10371,9.0,523,0.6121830940246582,,,0.0037191263400018215
10372,24.0,1020,1.1794884204864502,,,0.004816154018044472
10373,33.0,1437,1.660372018814087,,,0.004108842927962542
10374,31.0,1177,1.3554754257202148,,,0.006105422042310238
10375,27.0,1146,1.3240909576416016,,,0.005637620575726032
10376,25.0,789,0.9106044769287109,,,0.12540623545646667
10377,32.0,1042,1.1825482845306396,,,0.0035287486389279366
10378,22.0,933,1.0760645866394043,,,0.006582536268979311
10379,25.0,1097,1.2757434844970703,,,0.004125891253352165
10380,16.0,688,0.8062975406646729,,,0.004906757734715939
10381,34.0,1159,1.306809425354004,,,0.009339621290564537
10382,29.0,1173,1.3445208072662354,,,0.0711955726146698
10383,30.0,1100,1.2672152519226074,,,0.005212870892137289
10384,20.0,867,1.007389783859253,,,0.008394152857363224
10385,28.0,1087,1.2492542266845703,,,0.0029838313348591328
10386,33.0,1009,1.1329846382141113,,,0.003518772078678012
10387,13.0,747,0.8473429679870605,,,0.008330373093485832
10388,24.0,905,1.0363032817840576,,,0.004977734759449959
10389,28.0,977,1.1281931400299072,,,0.012490764260292053
10390,31.0,1259,1.452246904373169,,,0.006877743173390627
10391,46.0,1765,2.0355899333953857,,,0.005688739940524101
10392,30.0,1247,1.4322459697723389,,,0.014981109648942947
10393,24.0,1298,1.4948608875274658,,,0.006801724433898926
10394,28.0,1053,1.2197473049163818,,,0.004678595811128616
10395,21.0,851,0.9869844913482666,,,0.006437227129936218
10396,30.0,1300,1.4965581893920898,,,0.004304285626858473
10397,31.0,1152,1.3203563690185547,,,0.008005240000784397
10398,30.0,1235,1.4140193462371826,,,0.004700986668467522
10399,28.0,1285,1.4815940856933594,,,0.0032019391655921936
10400,34.0,1258,1.447244644165039,,,0.004852560348808765
10401,30.0,1217,1.3990447521209717,,,0.0047165644355118275
10402,28.0,1167,1.3488059043884277,,,0.007903572171926498
10403,27.0,1238,1.4273507595062256,,,0.006223985925316811
10404,22.0,833,0.9734737873077393,,,0.04457257315516472
10405,33.0,1291,1.5050437450408936,,,0.04634089767932892
10406,25.0,1005,1.166867971420288,,,0.005280914716422558
10407,17.0,883,1.036384105682373,,,0.009827741421759129
10408,29.0,1079,1.255523443222046,,,0.00590628944337368
10409,25.0,971,1.1282689571380615,,,0.007423521485179663
10410,30.0,1121,1.286344289779663,,,0.006273230537772179
10411,27.0,1189,1.3655290603637695,,,0.010669350624084473
10412,29.0,1114,1.2760930061340332,,,0.0047926269471645355
10413,27.0,1233,1.4206314086914062,,,0.006180378142744303
10414,36.0,1143,1.3107104301452637,,,0.006472539156675339
10415,27.0,1247,1.4193994998931885,,,0.006126168183982372
10416,26.0,1009,1.167994737625122,,,0.007459025830030441
10417,18.0,1086,1.2690677642822266,,,0.005062270909547806
10418,29.0,1127,1.302746295928955,,,0.0064015500247478485
10419,22.0,1010,1.1800537109375,,,0.005791416857391596
10420,21.0,991,1.1632740497589111,,,0.007773946039378643
10421,31.0,1057,1.2164089679718018,,,0.004760987125337124
10422,28.0,1221,1.4131405353546143,,,0.0071040913462638855
10423,23.0,1008,1.1778979301452637,,,0.00595666142180562
10424,21.0,855,0.9995520114898682,,,0.006594276987016201
10425,29.0,1480,1.7012443542480469,,,0.003230727044865489
10426,32.0,1267,1.450354814529419,,,0.035705823451280594
10427,30.0,1448,1.6586410999298096,,,0.008644135668873787
10428,24.0,980,1.1365728378295898,,,0.010962757281959057
10429,30.0,1157,1.3275249004364014,,,0.005086724180728197
10430,26.0,1225,1.4237112998962402,,,0.06744305044412613
10431,23.0,1037,1.2053115367889404,,,0.004886522889137268
10432,29.0,1145,1.3172945976257324,,,0.005439881235361099
10433,24.0,954,1.1065549850463867,,,0.007321042940020561
10434,31.0,1295,1.493647575378418,,,0.005485572852194309
10435,26.0,1047,1.2157363891601562,,,0.005372968036681414
10436,24.0,841,0.9579620361328125,,,0.003039865754544735
10437,16.0,801,0.9400010108947754,,,0.003852985566481948
10438,32.0,1304,1.4635465145111084,,,0.009442524053156376
10439,18.0,916,1.043471336364746,,,0.00488039618358016
10440,22.0,1075,1.2327766418457031,,,0.0037813843227922916
10441,26.0,945,1.0828907489776611,,,0.002718129428103566
10442,32.0,1099,1.2377235889434814,,,0.007626405917108059
