episode_number,episode_reward,episode_length,episode_time_seconds,policy_loss,value_loss,total_loss
1,0.0,394,0.14598608016967773,,,
2,9.0,878,0.31781458854675293,,,
3,4.0,510,0.18619251251220703,,,
4,6.0,763,0.278287410736084,,,
5,6.0,557,0.20382428169250488,,,
6,9.0,822,0.30025219917297363,,,
7,1.0,410,0.1512153148651123,,,
8,12.0,899,0.3259704113006592,,,
9,4.0,742,0.2707245349884033,,,
10,2.0,395,0.1448678970336914,,,
11,15.0,1175,0.4220724105834961,,,
12,3.0,635,0.23310399055480957,,,
13,9.0,619,0.22568321228027344,,,
14,3.0,398,0.14741826057434082,,,
15,7.0,528,0.19206809997558594,,,
16,6.0,753,0.2883644104003906,,,
17,4.0,578,0.21132326126098633,,,
18,5.0,562,0.20537042617797852,,,
19,2.0,385,0.14095807075500488,,,
20,7.0,505,0.183640718460083,,,
21,8.0,707,0.25612521171569824,,,
22,5.0,669,0.24258971214294434,,,
23,5.0,534,0.19292974472045898,,,
24,8.0,697,0.25115513801574707,,,
25,10.0,951,0.34185266494750977,,,
26,4.0,805,0.29129767417907715,,,
27,2.0,491,0.17850399017333984,,,
28,2.0,395,0.14367437362670898,,,
29,8.0,705,0.25463318824768066,,,
30,10.0,765,0.2761421203613281,,,
31,4.0,648,0.23539233207702637,,,
32,0.0,378,0.13826560974121094,,,
33,9.0,781,0.2822456359863281,,,
34,2.0,391,0.14218759536743164,,,
35,13.0,975,0.3504295349121094,,,
36,2.0,451,0.16527724266052246,,,
37,9.0,802,0.29134106636047363,,,
38,9.0,801,0.29126954078674316,,,
39,0.0,388,0.1420280933380127,,,
40,6.0,801,0.2906196117401123,,,
41,2.0,389,0.1433868408203125,,,
42,0.0,543,0.19894003868103027,,,
43,3.0,549,0.2004401683807373,,,
44,2.0,661,0.2389061450958252,,,
45,3.0,489,0.17776751518249512,,,
46,4.0,545,0.19733762741088867,,,
47,4.0,443,0.16164541244506836,,,
48,3.0,587,0.21298575401306152,,,
49,13.0,757,0.2758975028991699,,,
50,4.0,511,0.1871957778930664,,,
51,6.0,771,0.2807810306549072,,,
52,8.0,925,0.3334770202636719,,,
53,3.0,511,0.18670296669006348,,,
54,1.0,441,0.1615145206451416,,,
55,15.0,884,0.31981873512268066,,,
56,11.0,920,0.3329017162322998,,,
57,9.0,899,0.32381439208984375,,,
58,4.0,525,0.19099164009094238,,,
59,16.0,882,0.31518077850341797,,,
60,6.0,575,0.20926833152770996,,,
61,5.0,768,0.2790093421936035,,,
62,7.0,691,0.2498011589050293,,,
63,6.0,554,0.20202183723449707,,,
64,1.0,595,0.2173004150390625,,,
65,1.0,601,0.21911931037902832,,,
66,0.0,393,0.1437525749206543,,,
67,2.0,413,0.15068435668945312,,,
68,9.0,843,0.30213308334350586,,,
69,-1.0,495,0.18111586570739746,,,
70,5.0,627,0.22852706909179688,,,
71,5.0,725,0.2631974220275879,,,
72,8.0,703,0.25406908988952637,,,
73,4.0,687,0.24971294403076172,,,
74,14.0,818,0.29651665687561035,,,
75,9.0,826,0.2988464832305908,,,
76,9.0,1004,0.3614158630371094,,,
77,4.0,525,0.19105195999145508,,,
78,3.0,388,0.14249563217163086,,,
79,6.0,599,0.2167975902557373,,,
80,3.0,507,0.18438959121704102,,,
81,5.0,706,0.2547180652618408,,,
82,13.0,1045,0.37598395347595215,,,
83,3.0,590,0.21421122550964355,,,
84,6.0,842,0.3061208724975586,,,
85,7.0,666,0.24071240425109863,,,
86,4.0,657,0.23926329612731934,,,
87,4.0,397,0.14485812187194824,,,
88,-1.0,579,0.21146416664123535,,,
89,3.0,647,0.2383875846862793,,,
90,9.0,723,0.26222729682922363,,,
91,2.0,659,0.24216699600219727,,,
92,2.0,366,0.13429975509643555,,,
93,7.0,721,0.26474952697753906,,,
94,7.0,997,0.3609905242919922,,,
95,3.0,535,0.19456267356872559,,,
96,3.0,369,0.13589262962341309,,,
97,2.0,519,0.19048833847045898,,,
98,7.0,777,0.2806673049926758,,,
99,4.0,668,0.2427685260772705,,,
100,5.0,381,0.1402754783630371,,,
101,8.0,649,0.23587560653686523,,,
102,7.0,650,0.23662376403808594,,,
103,4.0,701,0.25603199005126953,,,
104,2.0,585,0.2145535945892334,,,
105,7.0,700,0.2538166046142578,,,
106,4.0,657,0.2405557632446289,,,
107,6.0,793,0.28882360458374023,,,
108,3.0,600,0.2200145721435547,,,
109,1.0,481,0.17590022087097168,,,
110,32.0,1618,0.5558524131774902,,,
111,7.0,911,0.3265838623046875,,,
112,6.0,675,0.24489068984985352,,,
113,2.0,460,0.16909241676330566,,,
114,12.0,1488,0.5245113372802734,,,
115,8.0,753,0.27263855934143066,,,
116,0.0,359,0.1325240135192871,,,
117,1.0,527,0.19331860542297363,,,
118,7.0,707,0.25761938095092773,,,
119,11.0,741,0.27027177810668945,,,
120,7.0,653,0.23644757270812988,,,
121,2.0,548,0.20051074028015137,,,
122,4.0,381,0.14117026329040527,,,
123,4.0,647,0.23758220672607422,,,
124,6.0,547,0.1999218463897705,,,
125,0.0,532,0.1942768096923828,,,
126,2.0,387,0.14246702194213867,,,
127,4.0,393,0.14438080787658691,,,
128,6.0,741,0.26903581619262695,,,
129,7.0,661,0.24184846878051758,,,
130,3.0,519,0.18889307975769043,,,
131,-1.0,403,0.14787554740905762,,,
132,3.0,595,0.21663212776184082,,,
133,8.0,638,0.2321608066558838,,,
134,6.0,630,0.22904753684997559,,,
135,8.0,656,0.23789334297180176,,,
136,11.0,771,0.279829740524292,,,
137,7.0,707,0.25820469856262207,,,
138,4.0,509,0.1865828037261963,,,
139,13.0,965,0.34836816787719727,,,
140,18.0,1027,0.3694005012512207,,,
141,8.0,562,0.20407652854919434,,,
142,8.0,705,0.25603795051574707,,,
143,15.0,1083,0.3864436149597168,,,
144,4.0,537,0.19662928581237793,,,
145,18.0,1076,0.384645938873291,,,
146,10.0,753,0.272066593170166,,,
147,4.0,624,0.22681450843811035,,,
148,16.0,1160,0.4141418933868408,,,
149,-1.0,421,0.15379023551940918,,,
150,3.0,511,0.18700361251831055,,,
151,4.0,379,0.1391005516052246,,,
152,1.0,405,0.14771318435668945,,,
153,3.0,597,0.21878314018249512,,,
154,4.0,709,0.8467850685119629,,,0.01144220307469368
155,6.0,837,0.8069005012512207,,,0.0074408031068742275
156,9.0,647,0.6256527900695801,,,0.011307615786790848
157,11.0,961,0.9323530197143555,,,0.003732856595888734
158,10.0,925,0.924269437789917,,,0.015546181239187717
159,0.0,437,0.44124889373779297,,,0.011203644797205925
160,6.0,772,0.7777924537658691,,,0.011290334165096283
161,5.0,425,0.4313075542449951,,,0.011399817653000355
162,4.0,394,0.4031686782836914,,,0.01102866604924202
163,8.0,707,0.6945452690124512,,,0.01496976613998413
164,9.0,854,0.8288366794586182,,,0.011369207873940468
165,3.0,393,0.3873882293701172,,,0.0036860015243291855
166,4.0,711,0.710578441619873,,,0.01859794743359089
167,9.0,809,0.8148915767669678,,,0.0036048421170562506
168,12.0,859,0.8514964580535889,,,0.011532550677657127
169,6.0,710,0.692638635635376,,,0.007766472641378641
170,1.0,406,0.39968037605285645,,,0.003787278663367033
171,3.0,650,0.6428043842315674,,,0.014806952327489853
172,8.0,734,0.7244954109191895,,,0.007384988013654947
173,11.0,918,0.9221320152282715,,,0.0037053029518574476
174,18.0,1192,1.2032279968261719,,,0.00751273799687624
175,5.0,401,0.40929388999938965,,,6.0299695178400725e-05
176,12.0,865,0.8812005519866943,,,0.007457367610186338
177,16.0,886,0.8942089080810547,,,0.007333163637667894
178,4.0,567,0.5802078247070312,,,0.021642345935106277
179,0.0,412,0.4145042896270752,,,0.0075223688036203384
180,7.0,765,0.7707028388977051,,,0.011207672767341137
181,8.0,769,0.7765970230102539,,,0.022576939314603806
182,4.0,652,0.659156322479248,,,0.011583540588617325
183,-1.0,529,0.5415966510772705,,,0.007617517374455929
184,6.0,808,0.8227393627166748,,,0.014828985556960106
185,3.0,707,0.7020642757415771,,,0.0037368079647421837
186,13.0,1017,1.0160326957702637,,,0.007378086447715759
187,4.0,617,0.6273963451385498,,,9.006970503833145e-05
188,6.0,623,0.6363131999969482,,,0.01113007590174675
189,8.0,772,0.7803847789764404,,,0.014927534386515617
190,9.0,954,0.9601790904998779,,,6.48772984277457e-05
191,9.0,645,0.6593132019042969,,,0.01136758178472519
192,7.0,667,0.6723079681396484,,,0.01473699789494276
193,1.0,517,0.5326855182647705,,,0.007989623583853245
194,6.0,596,0.6070785522460938,,,0.014888475649058819
195,13.0,901,0.8931667804718018,,,9.721572860144079e-05
196,9.0,1384,1.34462571144104,,,0.0037566341925412416
197,5.0,671,0.6565735340118408,,,0.0038396441377699375
198,13.0,947,0.9256775379180908,,,0.015017221681773663
199,7.0,635,0.6252789497375488,,,0.007591519504785538
200,4.0,643,0.6261069774627686,,,0.014549237675964832
201,6.0,665,0.6544034481048584,,,0.0038800023030489683
202,4.0,584,0.5871791839599609,,,0.015887800604104996
203,7.0,665,0.6752595901489258,,,0.01488770917057991
204,4.0,591,0.6032657623291016,,,0.022798972204327583
205,5.0,485,0.4943528175354004,,,0.003710788208991289
206,6.0,667,0.6814351081848145,,,0.003724167589098215
207,6.0,674,0.6911675930023193,,,0.007592208683490753
208,11.0,858,0.8694233894348145,,,0.014879143796861172
209,5.0,575,0.5887460708618164,,,0.003970826044678688
210,11.0,817,0.8292982578277588,,,0.0076161776669323444
211,6.0,600,0.6118130683898926,,,0.011690713465213776
212,2.0,565,0.5806097984313965,,,0.008498011156916618
213,7.0,622,0.6264100074768066,,,0.015121144242584705
214,8.0,638,0.6237444877624512,,,0.020171910524368286
215,2.0,436,0.4396481513977051,,,0.01632131263613701
216,6.0,729,0.7469723224639893,,,0.019205929711461067
217,6.0,602,0.6145360469818115,,,0.003877926617860794
218,10.0,865,0.8809282779693604,,,0.007178933825343847
219,7.0,770,0.7901723384857178,,,0.0038456046022474766
220,13.0,989,1.0132217407226562,,,0.007936489768326283
221,6.0,561,0.5683836936950684,,,0.0037916461005806923
222,10.0,879,0.8958425521850586,,,0.007504339329898357
223,6.0,509,0.5136783123016357,,,0.011232402175664902
224,-1.0,392,0.39461660385131836,,,0.007358152884989977
225,3.0,545,0.5414595603942871,,,0.014773819595575333
226,6.0,749,0.7557663917541504,,,0.012331205420196056
227,10.0,973,0.9972212314605713,,,0.011737531051039696
228,13.0,1028,1.0534238815307617,,,0.0036833619233220816
229,12.0,958,0.9846351146697998,,,0.01120242103934288
230,9.0,825,0.8371236324310303,,,0.0038580286782234907
231,5.0,749,0.7587847709655762,,,0.008785930462181568
232,6.0,796,0.8093395233154297,,,0.02154863439500332
233,8.0,627,0.6384243965148926,,,0.010932307690382004
234,-1.0,350,0.3589639663696289,,,0.021799879148602486
235,0.0,395,0.3928396701812744,,,0.014592079445719719
236,4.0,567,0.5642135143280029,,,0.007410696242004633
237,8.0,813,0.8139278888702393,,,0.0037915802095085382
238,11.0,810,0.8046689033508301,,,0.011037535965442657
239,15.0,1194,1.1802425384521484,,,0.0036513740196824074
240,5.0,603,0.6151623725891113,,,0.011545434594154358
241,5.0,683,0.7006864547729492,,,9.754177153808996e-05
242,3.0,615,0.6365711688995361,,,0.01607394590973854
243,9.0,864,0.8945837020874023,,,0.0036094370298087597
244,6.0,690,0.7031855583190918,,,0.0265165064483881
245,10.0,1595,1.6237239837646484,,,0.01436715479940176
246,16.0,1050,1.0724835395812988,,,0.007708321325480938
247,2.0,591,0.6063852310180664,,,0.0036850147880613804
248,2.0,393,0.39931368827819824,,,0.012172370217740536
249,10.0,924,0.9358022212982178,,,0.00011418472422519699
250,9.0,805,0.7927360534667969,,,0.004470661282539368
251,16.0,1071,1.0544252395629883,,,0.011378135532140732
252,8.0,709,0.7055575847625732,,,0.011427071876823902
253,3.0,781,0.7992010116577148,,,0.010932440869510174
254,4.0,619,0.6104028224945068,,,0.015348879620432854
255,13.0,896,0.8751344680786133,,,0.021846650168299675
256,10.0,691,0.7024147510528564,,,0.010701090097427368
257,9.0,767,0.7729392051696777,,,0.007430014666169882
258,3.0,625,0.6333990097045898,,,0.013691484928131104
259,6.0,637,0.6436638832092285,,,0.007605411112308502
260,4.0,406,0.4191138744354248,,,0.008075816556811333
261,6.0,698,0.7141761779785156,,,0.007119201589375734
262,7.0,595,0.6091897487640381,,,0.0108711589127779
263,10.0,769,0.7867114543914795,,,0.008274361491203308
264,7.0,767,0.7778646945953369,,,0.01137420441955328
265,3.0,596,0.612236499786377,,,0.0038343642372637987
266,3.0,746,0.7425358295440674,,,0.01482790894806385
267,2.0,383,0.3797590732574463,,,0.02237933874130249
268,2.0,379,0.3762340545654297,,,0.007420141715556383
269,-1.0,497,0.4934666156768799,,,0.018883582204580307
270,3.0,620,0.6143715381622314,,,0.00016798291471786797
271,5.0,687,0.679250955581665,,,0.011299854144454002
272,12.0,1505,1.467038869857788,,,0.01139258686453104
273,12.0,959,0.9698514938354492,,,0.015109152533113956
274,2.0,481,0.49131274223327637,,,0.00011443379480624571
275,7.0,723,0.7446439266204834,,,0.007217679172754288
276,1.0,389,0.4009997844696045,,,0.0037686277646571398
277,26.0,1285,1.307769536972046,,,0.00755659444257617
278,4.0,685,0.6943175792694092,,,0.022396963089704514
279,8.0,741,0.735135555267334,,,0.003532085567712784
280,5.0,629,0.6233780384063721,,,0.010963067412376404
281,6.0,773,0.7740316390991211,,,0.003707551397383213
282,3.0,401,0.39766764640808105,,,0.010640065185725689
283,16.0,1139,1.1125836372375488,,,0.010930224321782589
284,1.0,487,0.47841620445251465,,,0.01107587106525898
285,20.0,1505,1.4726908206939697,,,0.013125940226018429
286,1.0,627,0.6334545612335205,,,0.009050554595887661
287,6.0,743,0.7684040069580078,,,0.007218765560537577
288,8.0,925,0.9422290325164795,,,0.0040598344057798386
289,1.0,380,0.3864710330963135,,,0.00013255316298455
290,5.0,711,0.7300398349761963,,,0.00020691455574706197
291,12.0,706,0.7215235233306885,,,0.010735913179814816
292,12.0,1472,1.4936325550079346,,,0.0037370508071035147
293,7.0,636,0.6513066291809082,,,0.01113967876881361
294,9.0,823,0.8466989994049072,,,0.018518516793847084
295,5.0,485,0.4991323947906494,,,0.007864394225180149
296,1.0,385,0.39921116828918457,,,0.018409136682748795
297,11.0,845,0.8731014728546143,,,0.003775679273530841
298,4.0,387,0.3974301815032959,,,0.014582309871912003
299,4.0,591,0.6076476573944092,,,0.007748827803879976
300,12.0,920,0.948307991027832,,,0.003795396303758025
301,24.0,1286,1.3041772842407227,,,0.010980400256812572
302,2.0,503,0.515117883682251,,,0.007578540127724409
303,9.0,795,0.8113176822662354,,,0.013455281965434551
304,2.0,601,0.6190602779388428,,,0.003815707052126527
305,16.0,1231,1.2548742294311523,,,0.014991525560617447
306,5.0,475,0.4857633113861084,,,0.007221216801553965
307,6.0,659,0.6556336879730225,,,0.005706112831830978
308,-2.0,577,0.5770695209503174,,,0.007595603354275227
309,11.0,1001,1.0072124004364014,,,0.007831406779587269
310,3.0,645,0.6676831245422363,,,0.015040457248687744
311,7.0,587,0.6073720455169678,,,0.007795380894094706
312,9.0,679,0.6941440105438232,,,0.018380729481577873
313,5.0,393,0.4097282886505127,,,0.007447767537087202
314,6.0,689,0.7036733627319336,,,0.024626361206173897
315,3.0,620,0.635155200958252,,,0.0054799700155854225
316,3.0,550,0.5607047080993652,,,0.01936710625886917
317,6.0,645,0.6670558452606201,,,0.010835573077201843
318,8.0,928,0.9506077766418457,,,0.01466356310993433
319,9.0,928,0.9532833099365234,,,0.0001934534520842135
320,5.0,639,0.6344077587127686,,,0.004258418921381235
321,8.0,850,0.8352534770965576,,,0.010981202125549316
322,10.0,692,0.7087926864624023,,,0.019200541079044342
323,5.0,694,0.7097892761230469,,,0.004000456538051367
324,18.0,1121,1.1530706882476807,,,0.01469394937157631
325,7.0,829,0.8548800945281982,,,0.014901969581842422
326,4.0,551,0.5610804557800293,,,0.0038095423951745033
327,10.0,807,0.811276912689209,,,0.0036938085686415434
328,4.0,511,0.5248639583587646,,,0.00795205682516098
329,5.0,649,0.6747524738311768,,,0.014882882125675678
330,15.0,883,0.9092235565185547,,,0.0092576639726758
331,6.0,576,0.5901122093200684,,,0.00020056414359714836
332,13.0,985,1.0096487998962402,,,0.007216846104711294
333,6.0,696,0.7223973274230957,,,0.014644324779510498
334,3.0,515,0.5285980701446533,,,0.01822119578719139
335,8.0,684,0.6997082233428955,,,0.01920931600034237
336,6.0,743,0.7659814357757568,,,0.003610566258430481
337,2.0,390,0.3905172348022461,,,0.015015779063105583
338,0.0,386,0.38428616523742676,,,0.007292191497981548
339,5.0,723,0.7151246070861816,,,0.011398778297007084
340,9.0,866,0.8512923717498779,,,0.012092086486518383
341,8.0,794,0.7896273136138916,,,0.007660657167434692
342,14.0,991,1.0061230659484863,,,0.00018657039618119597
343,10.0,931,0.9568040370941162,,,0.00728850020095706
344,4.0,397,0.4002227783203125,,,0.0039440942928195
345,2.0,422,0.42978692054748535,,,0.011140920221805573
346,5.0,771,0.7984113693237305,,,0.011056959629058838
347,5.0,507,0.5158259868621826,,,0.0034409239888191223
348,8.0,762,0.7852783203125,,,0.007221922744065523
349,0.0,385,0.38459324836730957,,,0.003927372861653566
350,8.0,716,0.7307460308074951,,,0.003794890595600009
351,9.0,797,0.8177576065063477,,,0.008337908424437046
352,0.0,500,0.517158031463623,,,0.010693881660699844
353,4.0,694,0.7154884338378906,,,0.025285810232162476
354,4.0,609,0.6331076622009277,,,0.0073731429874897
355,2.0,408,0.4188098907470703,,,0.007627129089087248
356,7.0,709,0.7237370014190674,,,0.008037224411964417
357,10.0,627,0.6287569999694824,,,0.011681794188916683
358,5.0,501,0.5146558284759521,,,0.009774947538971901
359,16.0,1376,1.3776118755340576,,,0.007338015828281641
360,11.0,964,0.9621443748474121,,,0.007288578897714615
361,12.0,861,0.8627104759216309,,,0.020380573347210884
362,7.0,714,0.7140870094299316,,,0.008425673469901085
363,2.0,398,0.4015636444091797,,,0.013707643374800682
364,3.0,632,0.6393189430236816,,,0.0037078475579619408
365,1.0,399,0.40597987174987793,,,0.007467752322554588
366,8.0,517,0.5293152332305908,,,0.013470562174916267
367,1.0,416,0.43207406997680664,,,0.0039753783494234085
368,18.0,913,0.9396297931671143,,,0.0070722890086472034
369,15.0,1005,1.0167045593261719,,,0.0075544132851064205
370,10.0,1289,1.2766637802124023,,,0.0035982015542685986
371,11.0,824,0.8230986595153809,,,0.00739459041506052
372,1.0,376,0.37676334381103516,,,0.0061516351997852325
373,2.0,528,0.5336506366729736,,,0.006825307384133339
374,2.0,648,0.649972677230835,,,0.007781755179166794
375,10.0,697,0.6960890293121338,,,0.0027389968745410442
376,4.0,562,0.5638267993927002,,,0.010534405708312988
377,4.0,611,0.6254539489746094,,,0.009543469175696373
378,5.0,373,0.37685728073120117,,,0.006747295148670673
379,8.0,693,0.6932954788208008,,,0.011945435777306557
380,14.0,968,0.964482307434082,,,0.004420556128025055
381,9.0,661,0.6659493446350098,,,0.013708770275115967
382,7.0,752,0.7547426223754883,,,0.007190878968685865
383,9.0,1169,1.1654937267303467,,,0.01931273564696312
384,7.0,749,0.7567379474639893,,,0.007651370018720627
385,15.0,1052,1.0446171760559082,,,0.0002761674695648253
386,5.0,695,0.6984457969665527,,,0.011129464954137802
387,9.0,655,0.6639606952667236,,,0.004220123402774334
388,7.0,695,0.6903421878814697,,,0.004000585991889238
389,7.0,713,0.7117514610290527,,,0.0002454899367876351
390,4.0,621,0.620704174041748,,,0.011734400875866413
391,5.0,508,0.5186374187469482,,,0.01937762275338173
392,4.0,559,0.5613093376159668,,,0.011687826365232468
393,13.0,1499,1.4930191040039062,,,0.013341344892978668
394,3.0,526,0.5277926921844482,,,0.0003647556295618415
395,12.0,949,0.9507830142974854,,,0.01580013707280159
396,19.0,1130,1.159416675567627,,,0.007442968897521496
397,13.0,1514,1.5512444972991943,,,0.010080584324896336
398,5.0,726,0.7480692863464355,,,0.0038542698603123426
399,6.0,602,0.6233508586883545,,,0.016251148656010628
400,2.0,407,0.423586368560791,,,0.0038350089453160763
401,10.0,949,0.9748384952545166,,,0.0041066245175898075
402,2.0,725,0.7423765659332275,,,0.003933018073439598
403,3.0,409,0.41209912300109863,,,0.0044438219629228115
404,3.0,645,0.6453742980957031,,,0.0036373052280396223
405,17.0,1133,1.130173683166504,,,0.0041163829155266285
406,4.0,627,0.6322729587554932,,,0.0044541428796947
407,2.0,628,0.6304712295532227,,,0.006859311833977699
408,7.0,709,0.7110817432403564,,,0.0076462384313344955
409,5.0,660,0.6679401397705078,,,0.0100216343998909
410,6.0,831,0.8327677249908447,,,0.006862785667181015
411,11.0,709,0.7279274463653564,,,0.011696962639689445
412,2.0,365,0.3813469409942627,,,0.017958274111151695
413,2.0,501,0.5240490436553955,,,0.004272904712706804
414,6.0,633,0.6565573215484619,,,0.010724596679210663
415,10.0,903,0.9363346099853516,,,0.011637832969427109
416,0.0,403,0.42020106315612793,,,0.02158169075846672
417,6.0,503,0.5229215621948242,,,0.0002603905741125345
418,7.0,717,0.7408254146575928,,,0.0002577921550255269
419,7.0,808,0.8362858295440674,,,0.00726660480722785
420,5.0,609,0.6408631801605225,,,0.0032644392922520638
421,6.0,713,0.7401630878448486,,,0.007314938586205244
422,6.0,474,0.48879098892211914,,,0.008202694356441498
423,3.0,629,0.6587364673614502,,,0.004000070039182901
424,0.0,659,0.6749982833862305,,,0.012013287283480167
425,4.0,630,0.6601104736328125,,,0.011584768071770668
426,4.0,529,0.5474019050598145,,,0.00434544961899519
427,9.0,819,0.8457021713256836,,,0.017718641087412834
428,9.0,859,0.8743500709533691,,,0.010112817399203777
429,3.0,433,0.456329345703125,,,0.011592190712690353
430,3.0,586,0.604248046875,,,0.012310477904975414
431,11.0,849,0.8598432540893555,,,0.010673433542251587
432,15.0,1062,1.0678977966308594,,,0.00820037629455328
433,6.0,701,0.7069406509399414,,,0.017662419006228447
434,9.0,778,0.7900326251983643,,,0.006962055340409279
435,1.0,389,0.39612698554992676,,,0.0008395364275202155
436,9.0,1098,1.1333749294281006,,,0.0177499670535326
437,9.0,785,0.8168654441833496,,,0.0006872029625810683
438,6.0,642,0.6623251438140869,,,0.003640648676082492
439,3.0,641,0.6633095741271973,,,0.008083014748990536
440,10.0,792,0.8222568035125732,,,0.011461449787020683
441,7.0,671,0.6954805850982666,,,0.004518125671893358
442,2.0,568,0.5982396602630615,,,0.01836329698562622
443,2.0,578,0.6004602909088135,,,0.007471160497516394
444,4.0,686,0.7181270122528076,,,0.012526297941803932
445,9.0,825,0.8628473281860352,,,0.010847637429833412
446,0.0,402,0.4140503406524658,,,0.00753471115604043
447,5.0,617,0.6404743194580078,,,0.009405459277331829
448,4.0,691,0.7219095230102539,,,0.003949102945625782
449,5.0,714,0.7373359203338623,,,0.010126194916665554
450,11.0,900,0.9122574329376221,,,0.01961452327668667
451,7.0,710,0.7330365180969238,,,0.02321443147957325
452,0.0,473,0.48463892936706543,,,0.003520855912938714
453,2.0,601,0.6267213821411133,,,0.011227144859731197
454,9.0,928,0.9552497863769531,,,0.012503287754952908
455,4.0,453,0.45881199836730957,,,0.010174224153161049
456,9.0,655,0.6667098999023438,,,0.004282139707356691
457,7.0,762,0.7706084251403809,,,0.007052479777485132
458,4.0,645,0.6544277667999268,,,0.004171957261860371
459,9.0,809,0.8310866355895996,,,0.012942655943334103
460,1.0,591,0.6017246246337891,,,0.015765627846121788
461,4.0,499,0.5069246292114258,,,0.007558273617178202
462,16.0,1020,1.0418314933776855,,,0.010588818229734898
463,5.0,573,0.5806152820587158,,,0.011068268679082394
464,1.0,373,0.3833930492401123,,,0.0006252058083191514
465,3.0,379,0.3826284408569336,,,0.0036171546671539545
466,9.0,783,0.788470983505249,,,0.007622185163199902
467,4.0,558,0.5660953521728516,,,0.010287810117006302
468,10.0,672,0.6788947582244873,,,0.003887351369485259
469,4.0,629,0.6370642185211182,,,0.0014499532990157604
470,9.0,682,0.6828303337097168,,,0.004983170423656702
471,17.0,1007,1.0297257900238037,,,0.004468666855245829
472,4.0,981,1.013887643814087,,,0.00280793197453022
473,15.0,1280,1.314833402633667,,,0.012880699709057808
474,4.0,575,0.6005220413208008,,,0.011526700109243393
475,-1.0,426,0.4413132667541504,,,0.0073873745277523994
476,13.0,1007,1.0381426811218262,,,0.012162946164608002
477,3.0,506,0.5252664089202881,,,0.000770469952840358
478,7.0,759,0.7910506725311279,,,0.013344503939151764
479,6.0,599,0.6246688365936279,,,0.023967618122696877
480,6.0,654,0.6788768768310547,,,0.01126853097230196
481,2.0,517,0.5349602699279785,,,0.015112257562577724
482,6.0,625,0.6499245166778564,,,0.01548672839999199
483,7.0,650,0.6824636459350586,,,0.0070001655258238316
484,5.0,546,0.5628786087036133,,,0.008336984552443027
485,3.0,520,0.5446031093597412,,,0.009685124270617962
486,16.0,737,0.7666704654693604,,,0.008345594629645348
487,5.0,620,0.643286943435669,,,0.01115953829139471
488,4.0,543,0.5495593547821045,,,0.006092608906328678
489,21.0,1213,1.2238290309906006,,,0.009756570681929588
490,4.0,519,0.5285136699676514,,,0.005056978669017553
491,13.0,735,0.7488641738891602,,,0.01391853578388691
492,5.0,662,0.67417311668396,,,0.00413508852943778
493,3.0,461,0.473557710647583,,,0.009550501592457294
494,5.0,642,0.6587119102478027,,,0.004486788064241409
495,2.0,507,0.5154678821563721,,,0.006023026071488857
496,7.0,792,0.8182668685913086,,,0.008140846155583858
497,5.0,663,0.694495439529419,,,0.00038292413228191435
498,22.0,1010,1.040569543838501,,,0.007730692159384489
499,3.0,527,0.5509295463562012,,,0.004077659919857979
500,3.0,599,0.6213104724884033,,,0.01841970719397068
501,2.0,385,0.4003593921661377,,,0.014369594864547253
502,5.0,700,0.7340638637542725,,,0.004510428756475449
503,8.0,781,0.8134970664978027,,,0.008552187122404575
504,3.0,572,0.5912513732910156,,,0.016833962872624397
505,9.0,1080,1.1057627201080322,,,0.013334205374121666
506,3.0,521,0.539222002029419,,,0.011217455379664898
507,4.0,510,0.5263915061950684,,,0.02046501636505127
508,0.0,400,0.4157443046569824,,,0.003567654872313142
509,0.0,597,0.6139185428619385,,,0.015117131173610687
510,18.0,1197,1.2214233875274658,,,0.015822844579815865
511,9.0,1133,1.1726887226104736,,,0.011738019064068794
512,20.0,1047,1.0890305042266846,,,0.007516089826822281
513,22.0,1061,1.0830941200256348,,,0.006878361105918884
514,16.0,1291,1.3104918003082275,,,0.0011028469307348132
515,4.0,505,0.5323746204376221,,,0.014078103937208652
516,12.0,733,0.7624728679656982,,,0.009505868889391422
517,10.0,915,0.9313797950744629,,,0.00817098654806614
518,5.0,663,0.6793267726898193,,,0.008511408232152462
519,4.0,394,0.4015798568725586,,,0.004892365541309118
520,12.0,945,0.9850931167602539,,,0.006711781490594149
521,7.0,703,0.7319471836090088,,,0.01551973819732666
522,4.0,584,0.6095654964447021,,,0.022633451968431473
523,1.0,441,0.45789432525634766,,,0.0010410251561552286
524,14.0,1023,1.0769152641296387,,,0.012349803000688553
525,9.0,685,0.7140121459960938,,,0.004599270410835743
526,6.0,775,0.8135571479797363,,,0.011577030643820763
527,5.0,741,0.7742865085601807,,,0.004528120160102844
528,17.0,1050,1.0984880924224854,,,0.007379062008112669
529,2.0,526,0.5450568199157715,,,0.0010352684184908867
530,8.0,749,0.7798879146575928,,,0.0006264647236093879
531,14.0,925,0.9589724540710449,,,0.0007045672391541302
532,4.0,679,0.7190089225769043,,,0.02646823786199093
533,3.0,526,0.5571496486663818,,,0.0007705691969022155
534,2.0,592,0.6196861267089844,,,0.011255313642323017
535,3.0,633,0.6669747829437256,,,0.01565421186387539
536,10.0,1352,1.412186622619629,,,0.004794101230800152
537,1.0,330,0.3503718376159668,,,0.010311883874237537
538,6.0,527,0.5577936172485352,,,0.01229547243565321
539,11.0,766,0.7957696914672852,,,0.001223223633132875
540,6.0,759,0.8046309947967529,,,0.010592817328870296
541,2.0,394,0.4128916263580322,,,0.000559697684366256
542,6.0,773,0.8115150928497314,,,0.003903605742380023
543,7.0,810,0.8432390689849854,,,0.017854176461696625
544,0.0,472,0.4794130325317383,,,0.0036959657445549965
545,1.0,541,0.569373607635498,,,0.007626623846590519
546,7.0,757,0.7758407592773438,,,0.01042565330862999
547,2.0,544,0.5542593002319336,,,0.008969330228865147
548,8.0,655,0.6721212863922119,,,0.004847562871873379
549,3.0,499,0.5101616382598877,,,0.006883168127387762
550,4.0,466,0.48149943351745605,,,0.014742517843842506
551,1.0,606,0.6388401985168457,,,0.007426419295370579
552,1.0,567,0.5974528789520264,,,0.011732244864106178
553,3.0,403,0.42505979537963867,,,0.010770670138299465
554,4.0,764,0.7857229709625244,,,0.008891385979950428
555,3.0,430,0.4465022087097168,,,0.008110299706459045
556,11.0,718,0.7437515258789062,,,0.0216271560639143
557,8.0,591,0.614478349685669,,,0.015747195109725
558,5.0,400,0.42187929153442383,,,0.014039826579391956
559,8.0,681,0.721904993057251,,,0.01574176549911499
560,10.0,901,0.941828727722168,,,0.0037996028549969196
561,18.0,1116,1.1754021644592285,,,0.00785741675645113
562,5.0,485,0.5080897808074951,,,0.003245806787163019
563,8.0,828,0.8641190528869629,,,0.00392099330201745
564,3.0,564,0.5968167781829834,,,0.025818226858973503
565,0.0,376,0.3980984687805176,,,0.008204950019717216
566,5.0,505,0.534559965133667,,,0.010990270413458347
567,3.0,654,0.6896147727966309,,,0.016140250489115715
568,8.0,645,0.685645580291748,,,0.010522601194679737
569,4.0,663,0.6984834671020508,,,0.007754230406135321
570,8.0,665,0.695758581161499,,,0.009635095484554768
571,4.0,665,0.6886110305786133,,,0.027652349323034286
572,8.0,815,0.850611686706543,,,0.021800009533762932
573,5.0,662,0.7030787467956543,,,0.011900659650564194
574,6.0,647,0.6785171031951904,,,0.005528875160962343
575,5.0,695,0.7290563583374023,,,0.008535152301192284
576,13.0,851,0.8942365646362305,,,0.03227279335260391
577,6.0,617,0.6368613243103027,,,0.012563873082399368
578,5.0,679,0.6953938007354736,,,0.01516946591436863
579,7.0,790,0.8117773532867432,,,0.007897211238741875
580,10.0,869,0.8886909484863281,,,0.012058225460350513
581,3.0,371,0.38270092010498047,,,0.018943071365356445
582,2.0,613,0.6301014423370361,,,0.0125156594440341
583,8.0,762,0.7941892147064209,,,0.015560130588710308
584,6.0,605,0.6246519088745117,,,0.007964057847857475
585,5.0,538,0.557438850402832,,,0.0009934306144714355
586,5.0,642,0.6566166877746582,,,0.0008657407597638667
587,12.0,1121,1.1584141254425049,,,0.011377065442502499
588,1.0,547,0.5666472911834717,,,0.003617053385823965
589,7.0,769,0.8085277080535889,,,0.008675359189510345
590,12.0,965,0.9873964786529541,,,0.022316697984933853
591,7.0,535,0.551842212677002,,,0.010084682144224644
592,18.0,1059,1.0848369598388672,,,0.009077049791812897
593,21.0,1119,1.1383662223815918,,,0.007192651741206646
594,6.0,683,0.7108063697814941,,,0.0007762216264382005
595,1.0,433,0.45703887939453125,,,0.006511148996651173
596,3.0,449,0.4673349857330322,,,0.015763457864522934
597,6.0,645,0.681164026260376,,,0.007090404164046049
598,3.0,649,0.6868991851806641,,,0.004405322019010782
599,13.0,949,0.9821767807006836,,,0.0041970559395849705
600,2.0,505,0.5292866230010986,,,0.022107543423771858
601,8.0,993,1.043389081954956,,,0.0087590916082263
602,10.0,645,0.6767885684967041,,,0.0161760114133358
603,4.0,602,0.6225895881652832,,,0.009950059466063976
604,6.0,617,0.6383886337280273,,,0.0011857917997986078
605,2.0,599,0.6313724517822266,,,0.007859699428081512
606,4.0,406,0.4264261722564697,,,0.012045326642692089
607,6.0,631,0.6690185070037842,,,0.005093651823699474
608,8.0,505,0.5371387004852295,,,0.01283021830022335
609,9.0,785,0.8227071762084961,,,0.007049858570098877
610,3.0,607,0.6226279735565186,,,0.014060419984161854
611,11.0,934,0.9541010856628418,,,0.015176049433648586
612,2.0,507,0.5173661708831787,,,0.003541712649166584
613,5.0,782,0.8283596038818359,,,0.011136608198285103
614,5.0,447,0.46974658966064453,,,0.021004250273108482
615,15.0,1003,1.0547139644622803,,,0.017554260790348053
616,6.0,711,0.7507762908935547,,,0.008210143074393272
617,3.0,635,0.6717073917388916,,,0.003968413919210434
618,12.0,851,0.9202780723571777,,,0.008566546253859997
619,2.0,450,0.4791758060455322,,,0.0012232286389917135
620,8.0,823,0.8728513717651367,,,0.00754579110071063
621,3.0,531,0.5561079978942871,,,0.0052480390295386314
622,6.0,717,0.7437093257904053,,,0.007801479659974575
623,1.0,498,0.5152792930603027,,,0.010741840116679668
624,6.0,524,0.5516197681427002,,,0.004881878383457661
625,2.0,609,0.6483442783355713,,,0.005128363613039255
626,2.0,382,0.4078340530395508,,,0.004160454496741295
627,14.0,971,1.0189480781555176,,,0.0007699302514083683
628,0.0,503,0.535452127456665,,,0.007960406132042408
629,7.0,439,0.46235227584838867,,,0.012070008553564548
630,6.0,711,0.746258020401001,,,0.001016311813145876
631,10.0,1071,1.1332502365112305,,,0.012884125113487244
632,8.0,874,0.9186668395996094,,,0.013128501363098621
633,12.0,925,0.9715085029602051,,,0.01353657990694046
634,5.0,635,0.6792523860931396,,,0.001682859263382852
635,14.0,1007,1.0566177368164062,,,0.008282653987407684
636,2.0,391,0.41420912742614746,,,0.008795936591923237
637,3.0,397,0.4207801818847656,,,0.0011884919367730618
638,8.0,664,0.7023129463195801,,,0.015160433016717434
639,1.0,389,0.41298770904541016,,,0.013284815475344658
640,4.0,553,0.5856518745422363,,,0.01017427071928978
641,4.0,400,0.42282867431640625,,,0.007713431026786566
642,3.0,645,0.6861476898193359,,,0.004841058049350977
643,25.0,1519,1.5786521434783936,,,0.026607338339090347
644,3.0,692,0.7293837070465088,,,0.006662250962108374
645,3.0,443,0.4754807949066162,,,0.01150030829012394
646,9.0,797,0.8511743545532227,,,0.0021641941275447607
647,7.0,661,0.7041988372802734,,,0.014320638962090015
648,11.0,717,0.7527987957000732,,,0.0011118164984509349
649,9.0,969,1.0168006420135498,,,0.008607699535787106
650,7.0,658,0.6794815063476562,,,0.006373930256813765
651,8.0,858,0.8848004341125488,,,0.005980025976896286
652,6.0,777,0.8115382194519043,,,0.006071037612855434
653,0.0,383,0.3998880386352539,,,0.021404093131422997
654,9.0,773,0.8185222148895264,,,0.017903881147503853
655,3.0,583,0.6238143444061279,,,0.008384361863136292
656,4.0,509,0.5423429012298584,,,0.007825085893273354
657,7.0,516,0.5425324440002441,,,0.012238177470862865
658,0.0,392,0.41321587562561035,,,0.013453714549541473
659,2.0,413,0.44190168380737305,,,0.015816792845726013
660,1.0,481,0.5045335292816162,,,0.00566792581230402
661,4.0,377,0.401561975479126,,,0.01779879629611969
662,5.0,518,0.5427236557006836,,,0.011450757272541523
663,9.0,835,0.8712856769561768,,,0.0073377825319767
664,7.0,757,0.7840373516082764,,,0.009660114534199238
665,15.0,909,0.9355347156524658,,,0.0017224999610334635
666,4.0,629,0.6720175743103027,,,0.007335504982620478
667,6.0,592,0.6290600299835205,,,0.005973934195935726
668,11.0,851,0.8895924091339111,,,0.011709177866578102
669,11.0,833,0.8873593807220459,,,0.004850167315453291
670,20.0,1110,1.1521286964416504,,,0.02258242666721344
671,4.0,681,0.7041363716125488,,,0.011359740048646927
672,5.0,460,0.4685342311859131,,,0.002319111954420805
673,3.0,384,0.40000295639038086,,,0.012697751633822918
674,4.0,568,0.5848703384399414,,,0.011127203702926636
675,5.0,652,0.6745827198028564,,,0.01627669297158718
676,6.0,783,0.8053865432739258,,,0.01274529006332159
677,2.0,396,0.4100489616394043,,,0.014014914631843567
678,4.0,653,0.6765046119689941,,,0.003973335027694702
679,11.0,816,0.8429489135742188,,,0.004644022788852453
680,-1.0,491,0.5050463676452637,,,0.021640462800860405
681,4.0,560,0.5855743885040283,,,0.019736958667635918
682,3.0,635,0.6717259883880615,,,0.009106578305363655
683,9.0,735,0.7749366760253906,,,0.007310898043215275
684,8.0,594,0.6223559379577637,,,0.005293338093906641
685,9.0,814,0.8532495498657227,,,0.009976082481443882
686,4.0,447,0.46415162086486816,,,0.004235975909978151
687,5.0,430,0.44167208671569824,,,0.004162807948887348
688,1.0,493,0.513359546661377,,,0.0056169345043599606
689,10.0,669,0.69917893409729,,,0.012731359340250492
690,4.0,569,0.6226816177368164,,,0.009008207358419895
691,9.0,921,0.9556488990783691,,,0.0014235461130738258
692,3.0,447,0.4616689682006836,,,0.007085882592946291
693,2.0,405,0.42360424995422363,,,0.007588982582092285
694,6.0,503,0.5218091011047363,,,0.008856805972754955
695,3.0,403,0.43065667152404785,,,0.01382374670356512
696,2.0,589,0.626579999923706,,,0.014599419198930264
697,6.0,621,0.6777043342590332,,,0.0016529776621609926
698,14.0,781,0.8329429626464844,,,0.007191148120909929
699,5.0,658,0.6916658878326416,,,0.018821218982338905
700,9.0,804,0.8509950637817383,,,0.008189521729946136
701,4.0,597,0.6478762626647949,,,0.006568144075572491
702,20.0,1144,1.2195663452148438,,,0.011186313815414906
703,12.0,891,0.940967321395874,,,0.003023026278242469
704,4.0,511,0.5515692234039307,,,0.007356300950050354
705,9.0,826,0.8772976398468018,,,0.005464119371026754
706,7.0,792,0.818213939666748,,,0.008014419116079807
707,5.0,642,0.670119047164917,,,0.02120177447795868
708,11.0,790,0.8101301193237305,,,0.007518575061112642
709,11.0,717,0.7474360466003418,,,0.0015557011356577277
710,3.0,633,0.6697471141815186,,,0.0028941005002707243
711,18.0,922,0.9774293899536133,,,0.0014340650523081422
712,5.0,611,0.6486403942108154,,,0.019512565806508064
713,18.0,1062,1.1165006160736084,,,0.008026803843677044
714,6.0,631,0.6525025367736816,,,0.007524862885475159
715,8.0,667,0.6972291469573975,,,0.00861960556358099
716,9.0,859,0.9015781879425049,,,0.01605129987001419
717,2.0,514,0.554297685623169,,,0.014226711355149746
718,8.0,701,0.7477221488952637,,,0.00368896615691483
719,18.0,1147,1.2063450813293457,,,0.007139761932194233
720,9.0,722,0.7628879547119141,,,0.009049886837601662
721,11.0,877,0.9207718372344971,,,0.01302097737789154
722,4.0,465,0.49597978591918945,,,0.008582482114434242
723,9.0,713,0.7612411975860596,,,0.016853131353855133
724,4.0,378,0.4053046703338623,,,0.016507260501384735
725,7.0,632,0.6779847145080566,,,0.005014520604163408
726,16.0,843,0.9070634841918945,,,0.009560421109199524
727,3.0,648,0.6990921497344971,,,0.007661378011107445
728,19.0,964,1.0240871906280518,,,0.0072891791351139545
729,8.0,783,0.8303022384643555,,,0.004546864423900843
730,23.0,1323,1.395570993423462,,,0.004344245418906212
731,8.0,552,0.5785746574401855,,,0.0047780489549040794
732,2.0,497,0.516289234161377,,,0.008506440557539463
733,7.0,767,0.7973270416259766,,,0.009778202511370182
734,6.0,503,0.529944658279419,,,0.008448434993624687
735,5.0,593,0.6333751678466797,,,0.010125919245183468
736,11.0,991,1.0548067092895508,,,0.007061524782329798
737,7.0,827,0.8649961948394775,,,0.00486518582329154
738,8.0,701,0.7331743240356445,,,0.015065527521073818
739,6.0,715,0.7509996891021729,,,0.011664725840091705
740,11.0,1079,1.144988775253296,,,0.0028105962555855513
741,5.0,426,0.4390687942504883,,,0.013099076226353645
742,4.0,684,0.7263786792755127,,,0.011390624567866325
743,13.0,701,0.7536725997924805,,,0.009286862798035145
744,12.0,920,0.9893741607666016,,,0.024082375690340996
745,5.0,385,0.41309022903442383,,,0.005703482776880264
746,6.0,511,0.5455701351165771,,,0.007953056134283543
747,7.0,631,0.6571853160858154,,,0.008092034608125687
748,20.0,989,1.0259079933166504,,,0.010984797030687332
749,13.0,964,0.9941322803497314,,,0.0036183635238558054
750,4.0,397,0.41611766815185547,,,0.004899977706372738
751,21.0,993,1.016000509262085,,,0.011805524118244648
752,4.0,582,0.6055295467376709,,,0.010212022811174393
753,6.0,644,0.6777966022491455,,,0.009517010301351547
754,12.0,833,0.8572690486907959,,,0.022223448380827904
755,8.0,971,1.0156457424163818,,,0.015905044972896576
756,9.0,844,0.8732948303222656,,,0.01317280437797308
757,8.0,688,0.7185502052307129,,,0.015174674801528454
758,4.0,665,0.7110788822174072,,,0.012536834925413132
759,22.0,1449,1.545947790145874,,,0.03490722179412842
760,3.0,474,0.5064127445220947,,,0.005299638956785202
761,2.0,520,0.5524208545684814,,,0.02142392471432686
762,4.0,643,0.6860365867614746,,,0.003903371514752507
763,5.0,563,0.5967118740081787,,,0.005589284934103489
764,3.0,429,0.45819878578186035,,,0.00747938547283411
765,7.0,513,0.5392999649047852,,,0.01214540470391512
766,2.0,398,0.42314577102661133,,,0.013998915441334248
767,8.0,633,0.6644494533538818,,,0.01022530347108841
768,12.0,1068,1.1149845123291016,,,0.012929683551192284
769,14.0,1158,1.22501540184021,,,0.027373190969228745
770,4.0,387,0.4083561897277832,,,0.006210831925272942
771,1.0,391,0.4160280227661133,,,0.004527623765170574
772,16.0,1047,1.0940234661102295,,,0.020247116684913635
773,25.0,1074,1.1482493877410889,,,0.007114761509001255
774,31.0,1812,1.8974928855895996,,,0.01335146650671959
775,7.0,910,0.9800465106964111,,,0.012721952982246876
776,4.0,475,0.5091001987457275,,,0.004494296852499247
777,19.0,1085,1.1444590091705322,,,0.012014895677566528
778,18.0,1237,1.3187463283538818,,,0.0015084478072822094
779,5.0,531,0.5703985691070557,,,0.017945939674973488
780,16.0,937,0.9950950145721436,,,0.013076700270175934
781,6.0,534,0.5767388343811035,,,0.010777932591736317
782,16.0,908,0.9478802680969238,,,0.0033928605262190104
783,4.0,537,0.5645568370819092,,,0.01935778558254242
784,5.0,403,0.42374157905578613,,,0.0056481012143194675
785,18.0,1117,1.1531956195831299,,,0.0037006435450166464
786,9.0,825,0.8722426891326904,,,0.0050618755631148815
787,3.0,658,0.6865673065185547,,,0.009282543323934078
788,1.0,371,0.3881208896636963,,,0.00996101088821888
789,6.0,707,0.7515394687652588,,,0.019766490906476974
790,7.0,507,0.5439455509185791,,,0.007285050116479397
791,8.0,701,0.7481107711791992,,,0.002678107237443328
792,4.0,384,0.40866804122924805,,,0.024707039818167686
793,5.0,661,0.681959867477417,,,0.00894403550773859
794,9.0,779,0.803814172744751,,,0.005737706087529659
795,10.0,787,0.8360018730163574,,,0.006559107452630997
796,2.0,373,0.40163660049438477,,,0.010593290440738201
797,1.0,458,0.49671292304992676,,,0.005743442568928003
798,10.0,908,0.9528868198394775,,,0.009358998388051987
799,9.0,694,0.7222294807434082,,,0.020946985110640526
800,7.0,617,0.6421997547149658,,,0.013072158209979534
801,17.0,998,1.0429327487945557,,,0.0033918567933142185
802,7.0,729,0.7642014026641846,,,0.013390585780143738
803,14.0,1049,1.0925285816192627,,,0.004578892607241869
804,12.0,818,0.8484616279602051,,,0.005930800456553698
805,7.0,891,0.9343252182006836,,,0.004558916669338942
806,10.0,730,0.771075963973999,,,0.019597072154283524
807,12.0,866,0.9098553657531738,,,0.005773566197603941
808,8.0,711,0.7387557029724121,,,0.01584405079483986
809,2.0,516,0.5510416030883789,,,0.005757560487836599
810,18.0,1168,1.242680311203003,,,0.004147766157984734
811,6.0,753,0.8063845634460449,,,0.0014702500775456429
812,19.0,1202,1.2763431072235107,,,0.0016995007172226906
813,1.0,382,0.4183642864227295,,,0.006867839023470879
814,4.0,470,0.505631685256958,,,0.004536467604339123
815,8.0,561,0.6017725467681885,,,0.008260062895715237
816,4.0,521,0.5650711059570312,,,0.005423384252935648
817,4.0,551,0.5906503200531006,,,0.007439080160111189
818,0.0,493,0.5342092514038086,,,0.003574303351342678
819,1.0,448,0.4808175563812256,,,0.0034227666910737753
820,10.0,666,0.7140226364135742,,,0.006238715257495642
821,2.0,543,0.5883417129516602,,,0.005135903600603342
822,5.0,556,0.6034655570983887,,,0.0023210865911096334
823,8.0,643,0.6933436393737793,,,0.009130106307566166
824,3.0,503,0.5235130786895752,,,0.0020677775610238314
825,18.0,1094,1.1425673961639404,,,0.012592984363436699
826,5.0,560,0.5936024188995361,,,0.016401082277297974
827,8.0,609,0.642559289932251,,,0.007045283913612366
828,7.0,678,0.7057549953460693,,,0.0022761551663279533
829,14.0,1081,1.1150233745574951,,,0.02601240575313568
830,3.0,437,0.4602067470550537,,,0.011915229260921478
831,7.0,599,0.6252336502075195,,,0.002494813408702612
832,3.0,377,0.39504504203796387,,,0.003552850103005767
833,5.0,657,0.6921396255493164,,,0.010782753117382526
834,8.0,651,0.6753735542297363,,,0.005379351321607828
835,2.0,691,0.7255375385284424,,,0.010373467579483986
836,10.0,789,0.8234302997589111,,,0.022952336817979813
837,16.0,884,0.9220860004425049,,,0.011986739933490753
838,17.0,1105,1.1754932403564453,,,0.0020996900275349617
839,16.0,959,1.0287275314331055,,,0.010658280923962593
840,5.0,507,0.5374479293823242,,,0.009320937097072601
841,7.0,504,0.5415523052215576,,,0.010409295558929443
842,6.0,563,0.5994129180908203,,,0.013282415457069874
843,6.0,650,0.6937541961669922,,,0.01660762168467045
844,2.0,370,0.39296722412109375,,,0.01082900632172823
845,7.0,689,0.7461812496185303,,,0.012398658320307732
846,6.0,750,0.8080344200134277,,,0.010518857277929783
847,2.0,384,0.42766571044921875,,,0.016209576278924942
848,2.0,529,0.5638959407806396,,,0.02812981605529785
849,7.0,671,0.7141902446746826,,,0.015380899421870708
850,10.0,844,0.9065189361572266,,,0.014647560194134712
851,7.0,692,0.7466380596160889,,,0.01357973925769329
852,3.0,367,0.40158963203430176,,,0.021144630387425423
853,5.0,441,0.47666358947753906,,,0.012122967280447483
854,11.0,719,0.7551403045654297,,,0.01199154183268547
855,9.0,655,0.6898095607757568,,,0.02822740748524666
856,9.0,561,0.6077806949615479,,,0.0015258615603670478
857,17.0,1060,1.1446566581726074,,,0.007036524824798107
858,16.0,954,1.021669626235962,,,0.007018852513283491
859,5.0,625,0.6873481273651123,,,0.0052972943522036076
860,1.0,415,0.4541635513305664,,,0.0061601740308105946
861,18.0,921,0.9855618476867676,,,0.0023799322079867125
862,8.0,691,0.7371258735656738,,,0.009334232658147812
863,9.0,717,0.7496795654296875,,,0.013374259695410728
864,2.0,402,0.4238724708557129,,,0.010027152486145496
865,12.0,813,0.8654656410217285,,,0.013100799173116684
866,0.0,497,0.5273768901824951,,,0.014788083732128143
867,5.0,464,0.49274778366088867,,,0.003472714452072978
868,8.0,583,0.6107010841369629,,,0.006652227137237787
869,6.0,533,0.5650913715362549,,,0.004549065139144659
870,13.0,1048,1.0853478908538818,,,0.006861391942948103
871,23.0,1007,1.0808830261230469,,,0.014220018871128559
872,9.0,669,0.7268261909484863,,,0.003693401115015149
873,1.0,501,0.5372927188873291,,,0.00480032991617918
874,6.0,516,0.553292989730835,,,0.01011983584612608
875,5.0,392,0.4189341068267822,,,0.013279414735734463
876,12.0,679,0.7373604774475098,,,0.010412647388875484
877,14.0,931,1.0043199062347412,,,0.01463407464325428
878,8.0,695,0.7481462955474854,,,0.005224969238042831
879,5.0,505,0.5536580085754395,,,0.0036092484369874
880,4.0,519,0.5621767044067383,,,0.0019142122473567724
881,5.0,507,0.544905424118042,,,0.011380458250641823
882,16.0,848,0.9155459403991699,,,0.008495455607771873
883,12.0,1099,1.184814214706421,,,0.0021641210187226534
884,2.0,401,0.4318540096282959,,,0.01231149397790432
885,11.0,791,0.8627886772155762,,,0.00788702629506588
886,3.0,625,0.6710169315338135,,,0.010279202833771706
887,17.0,1034,1.1078698635101318,,,0.0061314585618674755
888,14.0,749,0.8057570457458496,,,0.011312255635857582
889,3.0,489,0.5282599925994873,,,0.003733684541657567
890,8.0,662,0.7213613986968994,,,0.009527288377285004
891,9.0,773,0.8394055366516113,,,0.021668188273906708
892,13.0,916,0.9850034713745117,,,0.009126204997301102
893,3.0,511,0.5563774108886719,,,0.02790115587413311
894,0.0,387,0.4195883274078369,,,0.01393703743815422
895,6.0,516,0.5590510368347168,,,0.006789905484765768
896,1.0,397,0.43872809410095215,,,0.010483991354703903
897,1.0,501,0.5428094863891602,,,0.005353701300919056
898,8.0,666,0.7059714794158936,,,0.0063215093687176704
899,12.0,878,0.9293653964996338,,,0.017059603706002235
900,0.0,376,0.3994719982147217,,,0.008194923400878906
901,10.0,1187,1.272352933883667,,,0.01028070691972971
902,5.0,522,0.565666675567627,,,0.009503867477178574
903,3.0,539,0.5791923999786377,,,0.007793745491653681
904,8.0,533,0.5682010650634766,,,0.007484970148652792
905,14.0,935,1.0026938915252686,,,0.01271329540759325
906,2.0,443,0.47022247314453125,,,0.005658154375851154
907,11.0,743,0.7930107116699219,,,0.0146260941401124
908,19.0,823,0.860018253326416,,,0.00463242270052433
909,4.0,383,0.4124763011932373,,,0.01689954288303852
910,1.0,564,0.5956106185913086,,,0.004943919368088245
911,10.0,717,0.7744965553283691,,,0.016525138169527054
912,4.0,565,0.6209728717803955,,,0.006461852230131626
913,11.0,788,0.8430495262145996,,,0.007684990763664246
914,8.0,689,0.746544361114502,,,0.008287261240184307
915,9.0,569,0.6165878772735596,,,0.005212289746850729
916,20.0,865,0.9228930473327637,,,0.004873009864240885
917,7.0,674,0.716956615447998,,,0.02553054876625538
918,6.0,629,0.6531217098236084,,,0.01688794232904911
919,7.0,653,0.6968057155609131,,,0.004272319842129946
920,11.0,803,0.8346810340881348,,,0.009901191107928753
921,1.0,393,0.4167189598083496,,,0.006553498096764088
922,1.0,561,0.5893726348876953,,,0.00522190798074007
923,3.0,482,0.5104711055755615,,,0.013178471475839615
924,5.0,547,0.5794212818145752,,,0.014099589549005032
925,9.0,684,0.7460935115814209,,,0.014011991210281849
926,25.0,894,0.9635252952575684,,,0.022922806441783905
927,11.0,807,0.8678393363952637,,,0.008908635005354881
928,5.0,520,0.5681648254394531,,,0.0033098356798291206
929,2.0,522,0.572826623916626,,,0.01597696542739868
930,12.0,783,0.8507728576660156,,,0.007473766338080168
931,19.0,1013,1.0982201099395752,,,0.019176127389073372
932,6.0,503,0.5449271202087402,,,0.014295104891061783
933,8.0,633,0.6816787719726562,,,0.0022232334595173597
934,9.0,526,0.5698368549346924,,,0.004784236196428537
935,10.0,797,0.8631174564361572,,,0.017423074692487717
936,14.0,1175,1.2691447734832764,,,0.011331861838698387
937,9.0,692,0.7427105903625488,,,0.011371706612408161
938,4.0,371,0.408217191696167,,,0.013022354803979397
939,14.0,947,1.0110461711883545,,,0.0037553596775978804
940,4.0,424,0.4598705768585205,,,0.013522475026547909
941,5.0,534,0.583519458770752,,,0.016391480341553688
942,6.0,528,0.5623693466186523,,,0.009767466224730015
943,7.0,507,0.5552222728729248,,,0.01199253648519516
944,5.0,482,0.5175738334655762,,,0.005131078418344259
945,7.0,590,0.6298661231994629,,,0.011904298327863216
946,5.0,623,0.6772511005401611,,,0.0057103331200778484
947,6.0,481,0.5247290134429932,,,0.007033431436866522
948,17.0,1085,1.1759836673736572,,,0.011816232465207577
949,4.0,499,0.5483331680297852,,,0.011467192322015762
950,7.0,703,0.7609724998474121,,,0.006744373124092817
951,3.0,523,0.563748836517334,,,0.00784898642450571
952,7.0,598,0.6455435752868652,,,0.020629264414310455
953,6.0,654,0.7084801197052002,,,0.013635917566716671
954,7.0,489,0.5375592708587646,,,0.005255248863250017
955,5.0,531,0.5776429176330566,,,0.004851600620895624
956,12.0,907,0.978499174118042,,,0.008341113105416298
957,9.0,703,0.7544748783111572,,,0.018709305673837662
958,5.0,533,0.5823409557342529,,,0.006156960967928171
959,7.0,635,0.6936867237091064,,,0.006046043708920479
960,3.0,394,0.4289836883544922,,,0.018757803365588188
961,8.0,717,0.7779138088226318,,,0.012668726965785027
962,9.0,731,0.7834043502807617,,,0.008396008983254433
963,5.0,402,0.4266543388366699,,,0.0096646873280406
964,16.0,967,1.0357749462127686,,,0.025702545419335365
965,5.0,375,0.4123115539550781,,,0.015199325978755951
966,2.0,381,0.4113926887512207,,,0.01366934459656477
967,4.0,562,0.6004786491394043,,,0.002636714605614543
968,3.0,489,0.5179004669189453,,,0.013027598150074482
969,6.0,495,0.530181884765625,,,0.007484953384846449
970,3.0,356,0.37325167655944824,,,0.00327864196151495
971,8.0,640,0.6896152496337891,,,0.012461705133318901
972,4.0,636,0.6900954246520996,,,0.004892440978437662
973,14.0,1075,1.1329741477966309,,,0.00304639944806695
974,3.0,383,0.41728782653808594,,,0.009671894833445549
975,2.0,369,0.40946125984191895,,,0.022407397627830505
976,10.0,717,0.7776222229003906,,,0.010086968541145325
977,10.0,785,0.8569936752319336,,,0.009958840906620026
978,8.0,861,0.9378838539123535,,,0.009206537157297134
979,4.0,377,0.40531039237976074,,,0.026881501078605652
980,2.0,526,0.5538265705108643,,,0.009936938993632793
981,9.0,640,0.6907234191894531,,,0.011290292255580425
982,9.0,675,0.7353651523590088,,,0.0072808475233614445
983,15.0,1027,1.1173036098480225,,,0.007531280163675547
984,5.0,388,0.42348599433898926,,,0.011483242735266685
985,5.0,623,0.6737008094787598,,,0.004336257930845022
986,9.0,735,0.8010377883911133,,,0.004263866227120161
987,15.0,911,0.9865522384643555,,,0.005500137805938721
988,11.0,737,0.7899420261383057,,,0.014194843359291553
989,6.0,603,0.6520912647247314,,,0.01138099655508995
990,1.0,357,0.38934946060180664,,,0.009430995211005211
991,6.0,519,0.5620620250701904,,,0.010364910587668419
992,6.0,628,0.6821167469024658,,,0.013412145897746086
993,4.0,442,0.48248815536499023,,,0.00311109097674489
994,1.0,357,0.4008457660675049,,,0.011384372599422932
995,25.0,1485,1.5665977001190186,,,0.0037881359457969666
996,7.0,587,0.6261062622070312,,,0.007961532101035118
997,12.0,853,0.9101884365081787,,,0.009950677864253521
998,8.0,627,0.663785457611084,,,0.012797469273209572
999,5.0,367,0.39076995849609375,,,0.02016172744333744
1000,12.0,857,0.9238011837005615,,,0.01546627189964056
1001,10.0,871,0.9354679584503174,,,0.010347939096391201
1002,6.0,613,0.6519370079040527,,,0.011787091381847858
1003,4.0,420,0.4548625946044922,,,0.007010361645370722
1004,7.0,625,0.6791865825653076,,,0.0019003871129825711
1005,9.0,694,0.7520105838775635,,,0.016646023839712143
1006,6.0,507,0.547593355178833,,,0.02212061546742916
1007,9.0,728,0.7850852012634277,,,0.012720263563096523
1008,8.0,694,0.7581484317779541,,,0.0071833450347185135
1009,10.0,747,0.8185200691223145,,,0.008273922838270664
1010,4.0,493,0.5463142395019531,,,0.015357701107859612
1011,13.0,831,0.8985917568206787,,,0.028492512181401253
1012,2.0,414,0.45272040367126465,,,0.008941581472754478
1013,9.0,697,0.7672164440155029,,,0.00972351897507906
1014,5.0,377,0.41498732566833496,,,0.011125321500003338
1015,13.0,1125,1.2250797748565674,,,0.0200642142444849
1016,14.0,948,1.0327835083007812,,,0.012559794820845127
1017,2.0,392,0.4296689033508301,,,0.004158822353929281
1018,3.0,492,0.5371513366699219,,,0.005831039045006037
1019,8.0,708,0.7750837802886963,,,0.031729888170957565
1020,7.0,601,0.6452474594116211,,,0.014808101579546928
1021,10.0,649,0.6878724098205566,,,0.02294081449508667
1022,14.0,761,0.8062872886657715,,,0.019576584920287132
1023,7.0,717,0.7627658843994141,,,0.01541894394904375
1024,7.0,547,0.5781068801879883,,,0.013035660609602928
1025,7.0,513,0.5535492897033691,,,0.008741242811083794
1026,11.0,1132,1.1992065906524658,,,0.007273965049535036
1027,13.0,888,0.9438176155090332,,,0.0256382804363966
1028,4.0,492,0.5243289470672607,,,0.007243982050567865
1029,22.0,957,1.0203373432159424,,,0.0036715997848659754
1030,5.0,567,0.5987703800201416,,,0.001892466563731432
1031,3.0,543,0.575007438659668,,,0.018492063507437706
1032,2.0,383,0.41338396072387695,,,0.009389218874275684
1033,15.0,983,1.0465152263641357,,,0.014798462390899658
1034,6.0,535,0.5684888362884521,,,0.007744026370346546
1035,5.0,616,0.6547126770019531,,,0.006418271921575069
1036,13.0,712,0.7489428520202637,,,0.006863623857498169
1037,12.0,854,0.9130620956420898,,,0.013494988903403282
1038,2.0,357,0.3787057399749756,,,0.014974787831306458
1039,13.0,835,0.8913547992706299,,,0.01087710540741682
1040,9.0,700,0.7426323890686035,,,0.006919789593666792
1041,5.0,617,0.6486566066741943,,,0.006469822023063898
1042,9.0,738,0.7926437854766846,,,0.0266705509275198
1043,9.0,619,0.6560862064361572,,,0.027924496680498123
1044,19.0,995,1.0530202388763428,,,0.004592081997543573
1045,8.0,593,0.636486291885376,,,0.012318519875407219
1046,3.0,529,0.5585408210754395,,,0.01644752360880375
1047,3.0,530,0.568958044052124,,,0.010561921633780003
1048,21.0,1131,1.2031490802764893,,,0.016207288950681686
1049,7.0,909,0.9650261402130127,,,0.0071556768380105495
1050,9.0,562,0.5952320098876953,,,0.007118393201380968
1051,12.0,823,0.8718550205230713,,,0.015266843140125275
1052,7.0,625,0.6697261333465576,,,0.0093734385445714
1053,11.0,885,0.9376647472381592,,,0.006994906812906265
1054,8.0,739,0.8092429637908936,,,0.010123005136847496
1055,18.0,1068,1.1465280055999756,,,0.021957693621516228
1056,6.0,511,0.5458104610443115,,,0.009369906038045883
1057,15.0,831,0.8870689868927002,,,0.016579529270529747
1058,4.0,516,0.5458023548126221,,,0.003913037944585085
1059,18.0,799,0.8561844825744629,,,0.011874621734023094
1060,5.0,627,0.6705944538116455,,,0.006517236120998859
1061,-1.0,392,0.42013025283813477,,,0.012436876073479652
1062,11.0,824,0.8755385875701904,,,0.009990016929805279
1063,2.0,517,0.5501923561096191,,,0.003865790320560336
1064,8.0,707,0.7507627010345459,,,0.009179613552987576
1065,7.0,633,0.675687313079834,,,0.004324360750615597
1066,7.0,573,0.6193664073944092,,,0.0033939944114536047
1067,13.0,797,0.8537759780883789,,,0.02115621045231819
1068,2.0,371,0.39203906059265137,,,0.005857447162270546
1069,6.0,465,0.49843525886535645,,,0.010350276716053486
1070,6.0,707,0.7558233737945557,,,0.011005856096744537
1071,5.0,665,0.7097702026367188,,,0.022748757153749466
1072,6.0,405,0.4333479404449463,,,0.005084377713501453
1073,6.0,687,0.7322564125061035,,,0.013308826833963394
1074,4.0,520,0.5581419467926025,,,0.018928593024611473
1075,16.0,902,0.9671280384063721,,,0.009818591177463531
1076,5.0,500,0.528764009475708,,,0.006807038560509682
1077,9.0,695,0.7408359050750732,,,0.0060378992930054665
1078,0.0,587,0.6258647441864014,,,0.011756917461752892
1079,19.0,992,1.0525531768798828,,,0.008626468479633331
1080,-1.0,412,0.4479691982269287,,,0.015897195786237717
1081,23.0,1276,1.3725733757019043,,,0.021704474464058876
1082,8.0,608,0.6515581607818604,,,0.018905699253082275
1083,14.0,826,0.8805980682373047,,,0.010271752253174782
1084,5.0,521,0.5700054168701172,,,0.007636012509465218
1085,8.0,710,0.7857410907745361,,,0.03013509325683117
1086,18.0,1052,1.1468803882598877,,,0.014416727237403393
1087,3.0,533,0.5781800746917725,,,0.006701984442770481
1088,4.0,520,0.5676751136779785,,,0.007475958205759525
1089,14.0,835,0.9191083908081055,,,0.01313026063144207
1090,5.0,632,0.6822981834411621,,,0.004203056916594505
1091,9.0,707,0.7617342472076416,,,0.0038850100245326757
1092,4.0,385,0.4240567684173584,,,0.008727699518203735
1093,14.0,935,1.0282621383666992,,,0.007138241082429886
1094,6.0,519,0.5689108371734619,,,0.010135526768863201
1095,10.0,749,0.8299577236175537,,,0.014499851502478123
1096,5.0,753,0.8098690509796143,,,0.023280519992113113
1097,8.0,695,0.7676746845245361,,,0.004430524073541164
1098,6.0,495,0.5472028255462646,,,0.008262312971055508
1099,7.0,619,0.6738624572753906,,,0.004710650071501732
1100,10.0,816,0.8862025737762451,,,0.023975351825356483
1101,3.0,589,0.6540915966033936,,,0.00913984701037407
1102,10.0,791,0.865675687789917,,,0.010558833368122578
1103,4.0,567,0.6209285259246826,,,0.005636643152683973
1104,9.0,780,0.8570656776428223,,,0.007123395334929228
1105,9.0,691,0.7534480094909668,,,0.004344407469034195
1106,6.0,618,0.6750295162200928,,,0.018813710659742355
1107,3.0,555,0.6086559295654297,,,0.005294236354529858
1108,6.0,607,0.6723272800445557,,,0.018160538747906685
1109,7.0,521,0.5699336528778076,,,0.0030930377542972565
1110,13.0,801,0.8774557113647461,,,0.012878804467618465
1111,6.0,613,0.6702008247375488,,,0.019184619188308716
1112,6.0,553,0.6079576015472412,,,0.007571388501673937
1113,22.0,996,1.094287395477295,,,0.008746275678277016
1114,14.0,797,0.8646900653839111,,,0.0077812024392187595
1115,3.0,496,0.529015064239502,,,0.007753227837383747
1116,6.0,512,0.5576579570770264,,,0.004233974032104015
1117,4.0,515,0.5582046508789062,,,0.0057571642100811005
1118,10.0,687,0.7247896194458008,,,0.01330853346735239
1119,6.0,577,0.6273036003112793,,,0.0172188151627779
1120,5.0,509,0.5447628498077393,,,0.005865914281457663
1121,31.0,1515,1.61631178855896,,,0.0024586424697190523
1122,12.0,829,0.883615255355835,,,0.008629519492387772
1123,5.0,514,0.5543591976165771,,,0.013302422128617764
1124,9.0,672,0.7381370067596436,,,0.013359490782022476
1125,8.0,784,0.8587043285369873,,,0.010136200115084648
1126,13.0,793,0.8608503341674805,,,0.007960814982652664
1127,8.0,823,0.8863205909729004,,,0.017519323155283928
1128,5.0,628,0.6855850219726562,,,0.011245280504226685
1129,5.0,563,0.6130316257476807,,,0.01069696620106697
1130,10.0,823,0.8879446983337402,,,0.007306350395083427
1131,9.0,673,0.7264068126678467,,,0.007013656198978424
1132,7.0,575,0.6214344501495361,,,0.0029641115106642246
1133,3.0,353,0.3760678768157959,,,0.009833112359046936
1134,4.0,610,0.6618123054504395,,,0.005033307243138552
1135,12.0,801,0.8722176551818848,,,0.0109384311363101
1136,9.0,745,0.8115596771240234,,,0.013247734867036343
1137,5.0,622,0.6779441833496094,,,0.016186732798814774
1138,8.0,659,0.7069642543792725,,,0.014520963653922081
1139,12.0,690,0.7480225563049316,,,0.0071687581948935986
1140,7.0,518,0.5593409538269043,,,0.005648248828947544
1141,9.0,724,0.7988295555114746,,,0.01679384522140026
1142,6.0,676,0.7443740367889404,,,0.009516938589513302
1143,14.0,901,0.9933815002441406,,,0.010389350354671478
1144,4.0,433,0.4747796058654785,,,0.003161083906888962
1145,8.0,504,0.5495169162750244,,,0.0085426801815629
1146,9.0,654,0.7116219997406006,,,0.01675477623939514
1147,21.0,1264,1.3681037425994873,,,0.004471686668694019
1148,10.0,710,0.7845697402954102,,,0.01078680157661438
1149,5.0,491,0.5377027988433838,,,0.006183157209306955
1150,9.0,761,0.8548057079315186,,,0.009201782755553722
1151,11.0,705,0.757188081741333,,,0.023705387488007545
1152,12.0,668,0.7233726978302002,,,0.005534662865102291
1153,16.0,919,1.0063982009887695,,,0.01160855870693922
1154,4.0,529,0.5911848545074463,,,0.02113965153694153
1155,19.0,984,1.072864294052124,,,0.02332385443150997
1156,5.0,531,0.5761065483093262,,,0.03436985984444618
1157,6.0,717,0.7737560272216797,,,0.022247212007641792
1158,13.0,678,0.7517564296722412,,,0.015798451378941536
1159,4.0,514,0.5589888095855713,,,0.018088821321725845
1160,5.0,652,0.7093684673309326,,,0.014100680127739906
1161,6.0,552,0.6126067638397217,,,0.014434432610869408
1162,14.0,829,0.9090909957885742,,,0.006574851460754871
1163,8.0,666,0.7363896369934082,,,0.011890575289726257
1164,4.0,539,0.5886354446411133,,,0.014048946090042591
1165,14.0,855,0.9259157180786133,,,0.01389912236481905
1166,11.0,753,0.8338618278503418,,,0.02138274721801281
1167,5.0,607,0.6660761833190918,,,0.005622780416160822
1168,12.0,857,0.9527015686035156,,,0.020124273374676704
1169,22.0,1232,1.352872610092163,,,0.011018240824341774
1170,20.0,1304,1.4261438846588135,,,0.01012874860316515
1171,12.0,820,0.8984005451202393,,,0.005735793150961399
1172,3.0,395,0.4335634708404541,,,0.007200002670288086
1173,18.0,1074,1.1710245609283447,,,0.011268840171396732
1174,2.0,490,0.531857967376709,,,0.010024035349488258
1175,8.0,751,0.8239338397979736,,,0.01396426185965538
1176,6.0,486,0.5492279529571533,,,0.010632835328578949
1177,3.0,605,0.6780085563659668,,,0.00528041273355484
1178,4.0,508,0.5682954788208008,,,0.010972319170832634
1179,3.0,533,0.5902087688446045,,,0.009082079865038395
1180,17.0,930,1.0255050659179688,,,0.02886233665049076
1181,6.0,505,0.5554885864257812,,,0.012571153230965137
1182,7.0,526,0.5914306640625,,,0.012456253170967102
1183,4.0,533,0.5930824279785156,,,0.005343141499906778
1184,6.0,505,0.5562472343444824,,,0.005133884493261576
1185,16.0,852,0.9446122646331787,,,0.009886123239994049
1186,12.0,830,0.9058852195739746,,,0.007785705383867025
1187,12.0,837,0.9208545684814453,,,0.0101490942761302
1188,8.0,662,0.7300887107849121,,,0.0037961467169225216
1189,2.0,433,0.46909451484680176,,,0.01113516092300415
1190,8.0,704,0.7550873756408691,,,0.014769181609153748
1191,13.0,877,0.9394576549530029,,,0.013355840928852558
1192,5.0,522,0.5665957927703857,,,0.004024682566523552
1193,18.0,1172,1.2551043033599854,,,0.004614878445863724
1194,14.0,998,1.0645065307617188,,,0.008708616718649864
1195,6.0,643,0.6869151592254639,,,0.019579514861106873
1196,7.0,714,0.7749292850494385,,,0.009369608014822006
1197,17.0,999,1.0839333534240723,,,0.01010645367205143
1198,5.0,627,0.6748175621032715,,,0.007537327706813812
1199,8.0,587,0.6431982517242432,,,0.012872163206338882
1200,14.0,745,0.8204398155212402,,,0.017302513122558594
1201,8.0,790,0.8737597465515137,,,0.006417087744921446
1202,4.0,439,0.48615598678588867,,,0.006160905119031668
1203,13.0,842,0.9301755428314209,,,0.00917804054915905
1204,11.0,821,0.9075174331665039,,,0.011965194717049599
1205,14.0,805,0.8837487697601318,,,0.011325792409479618
1206,12.0,825,0.9089212417602539,,,0.009909085929393768
1207,5.0,429,0.4613792896270752,,,0.009632261469960213
1208,3.0,386,0.42405056953430176,,,0.009737608022987843
1209,11.0,733,0.7943840026855469,,,0.006893187295645475
1210,9.0,717,0.7752299308776855,,,0.017375726252794266
1211,1.0,389,0.42428064346313477,,,0.002999122953042388
1212,9.0,652,0.7161293029785156,,,0.014164118096232414
1213,8.0,627,0.7020859718322754,,,0.010661303997039795
1214,18.0,977,1.051163673400879,,,0.004065931774675846
1215,3.0,516,0.561863899230957,,,0.0044052391313016415
1216,7.0,766,0.8179481029510498,,,0.009385618381202221
1217,6.0,495,0.5314769744873047,,,0.009149851277470589
1218,10.0,791,0.8637323379516602,,,0.012010198086500168
1219,8.0,709,0.7891228199005127,,,0.00779280811548233
1220,9.0,677,0.757622241973877,,,0.005696946755051613
1221,9.0,687,0.751239538192749,,,0.0036675741430372
1222,8.0,665,0.7255973815917969,,,0.007429882884025574
1223,5.0,623,0.6829941272735596,,,0.013343779370188713
1224,8.0,881,0.964331865310669,,,0.013166996650397778
1225,4.0,577,0.6471364498138428,,,0.007031802088022232
1226,18.0,985,1.0824999809265137,,,0.011986658908426762
1227,10.0,1043,1.1401128768920898,,,0.016773274168372154
1228,13.0,699,0.7637302875518799,,,0.013566882349550724
1229,7.0,634,0.7018828392028809,,,0.003565112128853798
1230,12.0,943,1.0599689483642578,,,0.010210130363702774
1231,2.0,347,0.3886420726776123,,,0.008928019553422928
1232,9.0,657,0.7275269031524658,,,0.006921576801687479
1233,15.0,943,1.0373988151550293,,,0.02791578881442547
1234,7.0,647,0.7160542011260986,,,0.010725322179496288
1235,11.0,859,0.9376449584960938,,,0.012125526554882526
1236,6.0,665,0.7399656772613525,,,0.011532113887369633
1237,14.0,903,1.0108318328857422,,,0.010918854735791683
1238,13.0,1018,1.1283752918243408,,,0.02228832244873047
1239,5.0,713,0.7686676979064941,,,0.017296141013503075
1240,4.0,525,0.5864498615264893,,,0.019687265157699585
1241,20.0,995,1.1184778213500977,,,0.005336166359484196
1242,2.0,472,0.5285899639129639,,,0.0038766860961914062
1243,8.0,667,0.7372860908508301,,,0.015063073486089706
1244,5.0,579,0.6433613300323486,,,0.0074022323824465275
1245,8.0,595,0.6568584442138672,,,0.011999333277344704
1246,9.0,714,0.7988669872283936,,,0.008600188419222832
1247,4.0,385,0.42313194274902344,,,0.0076561663299798965
1248,5.0,548,0.6116597652435303,,,0.0036634961143136024
1249,5.0,492,0.5356686115264893,,,0.03143367916345596
1250,11.0,866,0.9594929218292236,,,0.0028856024146080017
1251,16.0,930,1.0220468044281006,,,0.014883724972605705
1252,5.0,557,0.6197049617767334,,,0.014922522008419037
1253,21.0,1095,1.2050673961639404,,,0.014497498981654644
1254,19.0,1118,1.228959560394287,,,0.020519321784377098
1255,9.0,777,0.865403413772583,,,0.009500643238425255
1256,19.0,867,0.9681620597839355,,,0.0117835383862257
1257,11.0,879,0.9891793727874756,,,0.010256989859044552
1258,13.0,891,1.0053935050964355,,,0.010887933894991875
1259,8.0,746,0.8267621994018555,,,0.01574818417429924
1260,16.0,908,1.0208923816680908,,,0.012535675428807735
1261,12.0,637,0.7112550735473633,,,0.003208860056474805
1262,7.0,664,0.7317783832550049,,,0.006353672128170729
1263,12.0,752,0.8370249271392822,,,0.008367683738470078
1264,5.0,694,0.7561132907867432,,,0.014051128178834915
1265,9.0,797,0.8659944534301758,,,0.00836870726197958
1266,11.0,772,0.8591268062591553,,,0.005713175516575575
1267,9.0,667,0.7469022274017334,,,0.00696175079792738
1268,6.0,597,0.6769917011260986,,,0.007202768232673407
1269,7.0,715,0.7841925621032715,,,0.008596783503890038
1270,7.0,692,0.7723863124847412,,,0.007527630776166916
1271,11.0,672,0.7379469871520996,,,0.010270564816892147
1272,6.0,517,0.5652334690093994,,,0.008339408785104752
1273,9.0,723,0.7981958389282227,,,0.02247340977191925
1274,11.0,824,0.9168906211853027,,,0.006673790514469147
1275,9.0,765,0.8598573207855225,,,0.020618176087737083
1276,9.0,681,0.7646830081939697,,,0.006687987130135298
1277,4.0,565,0.6266913414001465,,,0.006341336760669947
1278,11.0,829,0.9136943817138672,,,0.0077127860859036446
1279,12.0,952,1.0532503128051758,,,0.011823427863419056
1280,21.0,1147,1.231086015701294,,,0.018136288970708847
1281,27.0,1182,1.2750239372253418,,,0.0047662765718996525
1282,18.0,1105,1.221198320388794,,,0.013288246467709541
1283,9.0,726,0.8145301342010498,,,0.011072836816310883
1284,19.0,1105,1.238987922668457,,,0.00490911491215229
1285,4.0,440,0.5037600994110107,,,0.005669502541422844
1286,10.0,817,0.9023587703704834,,,0.008975478820502758
1287,4.0,549,0.6073102951049805,,,0.007202935870736837
1288,11.0,905,1.000084638595581,,,0.006681465078145266
1289,11.0,739,0.8040235042572021,,,0.006711150985211134
1290,8.0,702,0.7765882015228271,,,0.012527907267212868
1291,10.0,722,0.8030126094818115,,,0.01639384590089321
1292,7.0,581,0.6396200656890869,,,0.0042122602462768555
1293,10.0,763,0.8562569618225098,,,0.004610967822372913
1294,19.0,991,1.0928730964660645,,,0.015861887484788895
1295,4.0,555,0.6215672492980957,,,0.00629875622689724
1296,3.0,519,0.5818226337432861,,,0.00482138991355896
1297,7.0,717,0.7923424243927002,,,0.011816106736660004
1298,15.0,849,0.9350695610046387,,,0.007225890178233385
1299,7.0,657,0.7363541126251221,,,0.010518141090869904
1300,6.0,507,0.5652525424957275,,,0.007193597964942455
1301,12.0,859,0.9466040134429932,,,0.008707758970558643
1302,9.0,523,0.5807251930236816,,,0.005524021107703447
1303,10.0,737,0.8083853721618652,,,0.009605685248970985
1304,17.0,863,0.936898946762085,,,0.006311620119959116
1305,9.0,707,0.7700138092041016,,,0.00689293909817934
1306,12.0,859,0.9358487129211426,,,0.0069479988887906075
1307,8.0,616,0.664658784866333,,,0.014706849120557308
1308,20.0,960,1.0268902778625488,,,0.021854111924767494
1309,10.0,771,0.8568007946014404,,,0.005954309366643429
1310,5.0,646,0.6994450092315674,,,0.009240096434950829
1311,10.0,677,0.7496511936187744,,,0.008425910025835037
1312,5.0,733,0.7966711521148682,,,0.013341241516172886
1313,19.0,1019,1.1107523441314697,,,0.002969396999105811
1314,8.0,803,0.9083497524261475,,,0.023206345736980438
1315,4.0,618,0.6893198490142822,,,0.01337500475347042
1316,8.0,645,0.7219319343566895,,,0.011117198504507542
1317,18.0,906,0.9951331615447998,,,0.00609988858923316
1318,16.0,941,1.0161564350128174,,,0.004165987949818373
1319,11.0,845,0.9565742015838623,,,0.014980822801589966
1320,8.0,677,0.7551252841949463,,,0.005952966865152121
1321,8.0,593,0.6584339141845703,,,0.011555816978216171
1322,7.0,690,0.7630867958068848,,,0.0069883703254163265
1323,9.0,869,0.9515800476074219,,,0.010868069715797901
1324,16.0,1139,1.2577037811279297,,,0.009295315481722355
1325,8.0,684,0.758070707321167,,,0.013265734538435936
1326,6.0,623,0.6949729919433594,,,0.009612035006284714
1327,10.0,664,0.7495269775390625,,,0.00930990744382143
1328,9.0,642,0.7281298637390137,,,0.007435736246407032
1329,13.0,737,0.8148572444915771,,,0.011967825703322887
1330,12.0,835,0.9202690124511719,,,0.00842970423400402
1331,9.0,683,0.7716469764709473,,,0.0084915142506361
1332,9.0,721,0.8039000034332275,,,0.008247597143054008
1333,13.0,811,0.9020781517028809,,,0.00939967017620802
1334,8.0,667,0.7463009357452393,,,0.0054788426496088505
1335,16.0,969,1.0803372859954834,,,0.01315169408917427
1336,13.0,1333,1.4708385467529297,,,0.007164772134274244
1337,4.0,648,0.7223334312438965,,,0.005386152304708958
1338,8.0,757,0.8379466533660889,,,0.008697445504367352
1339,8.0,675,0.7453527450561523,,,0.00801979098469019
1340,4.0,507,0.5557150840759277,,,0.004491609986871481
1341,15.0,959,1.0495593547821045,,,0.006497773341834545
1342,21.0,1077,1.1622350215911865,,,0.007295865099877119
1343,11.0,723,0.7944550514221191,,,0.011216666549444199
1344,8.0,617,0.6833863258361816,,,0.008930457755923271
1345,16.0,942,1.0447924137115479,,,0.008366514928638935
1346,3.0,600,0.6526360511779785,,,0.004656004253774881
1347,20.0,1127,1.2265470027923584,,,0.005623410921543837
1348,9.0,709,0.774345874786377,,,0.00856142770498991
1349,7.0,699,0.7698929309844971,,,0.013710754923522472
1350,10.0,751,0.8240787982940674,,,0.0077817696146667
1351,10.0,791,0.8707447052001953,,,0.01904456503689289
1352,7.0,691,0.7650902271270752,,,0.013736316934227943
1353,9.0,713,0.7993359565734863,,,0.014840769581496716
1354,1.0,357,0.41626691818237305,,,0.006745511200278997
1355,24.0,951,1.0623867511749268,,,0.00445648143067956
1356,7.0,620,0.7037680149078369,,,0.006424179766327143
1357,6.0,741,0.8090229034423828,,,0.005097315181046724
1358,6.0,578,0.642951250076294,,,0.0202042143791914
1359,3.0,558,0.6350803375244141,,,0.012113410979509354
1360,10.0,876,0.983919620513916,,,0.01522075105458498
1361,11.0,789,0.8837575912475586,,,0.026420511305332184
1362,6.0,576,0.6476845741271973,,,0.011511659249663353
1363,7.0,621,0.7021389007568359,,,0.00468439469113946
1364,10.0,829,0.9276776313781738,,,0.012064436450600624
1365,9.0,667,0.7558469772338867,,,0.004075170494616032
1366,12.0,861,0.9598178863525391,,,0.01934625953435898
1367,8.0,711,0.7894773483276367,,,0.017887702211737633
1368,9.0,784,0.8792784214019775,,,0.016351822763681412
1369,11.0,783,0.8742842674255371,,,0.007992728613317013
1370,16.0,871,0.9778761863708496,,,0.009303705766797066
1371,11.0,759,0.8411448001861572,,,0.009089394472539425
1372,7.0,527,0.5774831771850586,,,0.01107724942266941
1373,12.0,805,0.9058208465576172,,,0.01123998872935772
1374,8.0,567,0.6396024227142334,,,0.009198102168738842
1375,8.0,749,0.8507242202758789,,,0.01258225180208683
1376,16.0,848,0.9582533836364746,,,0.005045962519943714
1377,24.0,1501,1.7133843898773193,,,0.013652498833835125
1378,15.0,771,0.8540453910827637,,,0.008061248809099197
1379,7.0,459,0.5194025039672852,,,0.0041683753952383995
1380,11.0,758,0.8398745059967041,,,0.010296890512108803
1381,3.0,524,0.5869555473327637,,,0.02097649872303009
1382,6.0,616,0.6908090114593506,,,0.006065622437745333
1383,9.0,721,0.8045375347137451,,,0.015695199370384216
1384,4.0,495,0.5535304546356201,,,0.009007959626615047
1385,5.0,553,0.6161344051361084,,,0.02039584144949913
1386,12.0,671,0.740093469619751,,,0.012589012272655964
1387,6.0,682,0.7562527656555176,,,0.01151465903967619
1388,11.0,834,0.9192724227905273,,,0.008968653157353401
1389,6.0,635,0.701653242111206,,,0.02402861975133419
1390,11.0,837,0.9160981178283691,,,0.004708919674158096
1391,4.0,365,0.4000978469848633,,,0.01029458548873663
1392,11.0,645,0.7133321762084961,,,0.014149943366646767
1393,3.0,501,0.5507526397705078,,,0.020604640245437622
1394,7.0,568,0.6317222118377686,,,0.006983878090977669
1395,7.0,659,0.7212352752685547,,,0.012883620336651802
1396,20.0,1261,1.3990247249603271,,,0.007274807896465063
1397,15.0,904,1.0189337730407715,,,0.0043702637776732445
1398,7.0,591,0.6636590957641602,,,0.01695585623383522
1399,7.0,663,0.7344746589660645,,,0.008055184036493301
1400,9.0,699,0.773221492767334,,,0.006041649729013443
1401,6.0,487,0.5369095802307129,,,0.008285360410809517
1402,12.0,799,0.8768389225006104,,,0.0042753987945616245
1403,8.0,674,0.77268385887146,,,0.006321960594505072
1404,3.0,521,0.589240550994873,,,0.011356261558830738
1405,9.0,767,0.8773512840270996,,,0.007033284287899733
1406,12.0,915,1.0161499977111816,,,0.008061193861067295
1407,9.0,683,0.7535121440887451,,,0.013621150515973568
1408,3.0,479,0.5306832790374756,,,0.03759152069687843
1409,8.0,800,0.9007692337036133,,,0.02162526175379753
1410,28.0,1483,1.6082947254180908,,,0.023265181109309196
1411,8.0,669,0.736910343170166,,,0.008392345160245895
1412,1.0,331,0.3665010929107666,,,0.011536532081663609
1413,14.0,931,1.0227627754211426,,,0.018747592344880104
1414,3.0,512,0.5698843002319336,,,0.01284580398350954
1415,8.0,734,0.8079266548156738,,,0.006031299941241741
1416,3.0,615,0.677379846572876,,,0.009516016580164433
1417,26.0,1041,1.1298108100891113,,,0.021837079897522926
1418,12.0,813,0.8827002048492432,,,0.007773114368319511
1419,16.0,876,0.9593465328216553,,,0.011646788567304611
1420,8.0,723,0.8253204822540283,,,0.019393593072891235
1421,4.0,481,0.5478487014770508,,,0.0069986204616725445
1422,5.0,651,0.7261793613433838,,,0.018205810338258743
1423,22.0,1359,1.5226783752441406,,,0.004151054657995701
1424,17.0,1028,1.1602745056152344,,,0.010929721407592297
1425,27.0,1248,1.3897619247436523,,,0.006062731612473726
1426,8.0,792,0.9033589363098145,,,0.015050811693072319
1427,15.0,1033,1.1536002159118652,,,0.005984543357044458
1428,14.0,979,1.101654052734375,,,0.010141761042177677
1429,6.0,593,0.6616573333740234,,,0.01786349155008793
1430,5.0,667,0.7447197437286377,,,0.018619321286678314
1431,12.0,667,0.7354617118835449,,,0.010651953518390656
1432,5.0,559,0.6051514148712158,,,0.003069913014769554
1433,8.0,596,0.6554784774780273,,,0.02639087475836277
1434,5.0,617,0.6733901500701904,,,0.01286877878010273
1435,10.0,697,0.7718527317047119,,,0.007028317544609308
1436,12.0,839,0.9496777057647705,,,0.008001849055290222
1437,14.0,955,1.087357759475708,,,0.007298956625163555
1438,17.0,951,1.0548832416534424,,,0.01287093572318554
1439,14.0,866,0.9526724815368652,,,0.01838281750679016
1440,5.0,483,0.5429835319519043,,,0.008081109263002872
1441,3.0,371,0.4219963550567627,,,0.0063566043972969055
1442,11.0,885,1.0368783473968506,,,0.010881735943257809
1443,4.0,398,0.4490776062011719,,,0.012138307094573975
1444,9.0,701,0.8005108833312988,,,0.00980988796800375
1445,3.0,533,0.6063895225524902,,,0.00639254180714488
1446,7.0,673,0.7672693729400635,,,0.0066191707737743855
1447,13.0,879,0.9605605602264404,,,0.010823750868439674
1448,28.0,1435,1.6293132305145264,,,0.006780373398214579
1449,20.0,1135,1.286146879196167,,,0.008425273932516575
1450,10.0,642,0.7373769283294678,,,0.011322855949401855
1451,4.0,497,0.5558505058288574,,,0.011649939231574535
1452,3.0,393,0.4332244396209717,,,0.0064787184819579124
1453,8.0,705,0.786693811416626,,,0.01132302824407816
1454,19.0,1149,1.249338150024414,,,0.008932963944971561
1455,7.0,516,0.5811777114868164,,,0.006512391846626997
1456,4.0,611,0.679466962814331,,,0.006690977141261101
1457,16.0,871,0.98575758934021,,,0.011206530965864658
1458,19.0,1179,1.3242275714874268,,,0.01078332681208849
1459,10.0,793,0.8900730609893799,,,0.014477021992206573
1460,6.0,679,0.7704727649688721,,,0.011884150095283985
1461,6.0,661,0.7381405830383301,,,0.0115352226421237
1462,30.0,1415,1.5575482845306396,,,0.010997997596859932
1463,8.0,640,0.7327146530151367,,,0.0035376199521124363
1464,5.0,529,0.6020255088806152,,,0.008677005767822266
1465,33.0,1543,1.7091076374053955,,,0.024487733840942383
1466,17.0,1103,1.2476105690002441,,,0.007082231808453798
1467,14.0,766,0.8465642929077148,,,0.011648260056972504
1468,11.0,852,0.933546781539917,,,0.012699720449745655
1469,18.0,1081,1.210205316543579,,,0.008835394866764545
1470,8.0,791,0.8991084098815918,,,0.01051380392163992
1471,18.0,1225,1.3745322227478027,,,0.010380999185144901
1472,6.0,661,0.750629186630249,,,0.009120916947722435
1473,9.0,684,0.7744455337524414,,,0.005334948189556599
1474,7.0,604,0.6790735721588135,,,0.012749025598168373
1475,16.0,787,0.886235237121582,,,0.010099387727677822
1476,6.0,629,0.7141268253326416,,,0.008143893443048
1477,6.0,637,0.7213788032531738,,,0.004998006857931614
1478,10.0,710,0.8081696033477783,,,0.008501801639795303
1479,6.0,637,0.729076623916626,,,0.006917908322066069
1480,17.0,1023,1.1495132446289062,,,0.003360797418281436
1481,11.0,666,0.7660472393035889,,,0.007698548957705498
1482,21.0,1265,1.4384241104125977,,,0.0182968582957983
1483,3.0,353,0.39460229873657227,,,0.015104426071047783
1484,11.0,660,0.7458183765411377,,,0.007343151606619358
1485,9.0,827,0.9428801536560059,,,0.008170293644070625
1486,15.0,714,0.8103594779968262,,,0.014197245240211487
1487,11.0,874,0.9814083576202393,,,0.0023120036348700523
1488,19.0,1143,1.274578332901001,,,0.012746712192893028
1489,5.0,598,0.6895463466644287,,,0.009508812800049782
1490,9.0,852,0.9723443984985352,,,0.019715089350938797
1491,10.0,785,0.885413646697998,,,0.008467708714306355
1492,15.0,785,0.9018657207489014,,,0.015182502567768097
1493,14.0,865,0.9866697788238525,,,0.009023400954902172
1494,18.0,970,1.0989432334899902,,,0.0054268366657197475
1495,8.0,699,0.7902171611785889,,,0.00655628927052021
1496,11.0,835,0.9604482650756836,,,0.00875842198729515
1497,13.0,773,0.8881433010101318,,,0.013561870902776718
1498,9.0,761,0.8697729110717773,,,0.014890773221850395
1499,27.0,1578,1.7641527652740479,,,0.006262833718210459
1500,6.0,385,0.4412221908569336,,,0.005621796473860741
1501,18.0,1043,1.1423964500427246,,,0.005961515009403229
1502,5.0,641,0.7151825428009033,,,0.013850191608071327
1503,5.0,541,0.6036643981933594,,,0.0029280579183250666
1504,6.0,634,0.7074007987976074,,,0.011352969333529472
1505,18.0,1099,1.2588768005371094,,,0.005916505120694637
1506,14.0,847,0.9595136642456055,,,0.012194256298244
1507,10.0,685,0.7640583515167236,,,0.014524911530315876
1508,7.0,624,0.6937704086303711,,,0.008773491717875004
1509,6.0,586,0.661628246307373,,,0.009750534780323505
1510,7.0,671,0.7727265357971191,,,0.03153497353196144
1511,10.0,635,0.7077689170837402,,,0.02183360606431961
1512,18.0,1105,1.246628761291504,,,0.004560273140668869
1513,14.0,1102,1.2522566318511963,,,0.013295694254338741
1514,15.0,1022,1.1558563709259033,,,0.009934892877936363
1515,6.0,607,0.6931474208831787,,,0.0037879885639995337
1516,13.0,851,0.9553506374359131,,,0.016570869833230972
1517,12.0,823,0.9370067119598389,,,0.011858703568577766
1518,4.0,523,0.5916562080383301,,,0.017552416771650314
1519,10.0,691,0.7875838279724121,,,0.006623607128858566
1520,19.0,958,1.0737099647521973,,,0.010944675654172897
1521,7.0,669,0.7627444267272949,,,0.029435381293296814
1522,4.0,575,0.6495556831359863,,,0.010325287468731403
1523,7.0,645,0.7265851497650146,,,0.020671676844358444
1524,18.0,1060,1.1889307498931885,,,0.017512857913970947
1525,4.0,435,0.5074920654296875,,,0.009183871559798717
1526,9.0,793,0.9057118892669678,,,0.010531996376812458
1527,5.0,497,0.5648760795593262,,,0.010236701928079128
1528,7.0,529,0.5954420566558838,,,0.03304729238152504
1529,16.0,917,1.0096681118011475,,,0.013661801815032959
1530,6.0,488,0.5426943302154541,,,0.013633934780955315
1531,15.0,856,0.9489905834197998,,,0.008569411933422089
1532,5.0,612,0.6833949089050293,,,0.010723154991865158
1533,4.0,503,0.5706989765167236,,,0.010250180959701538
1534,8.0,656,0.73744797706604,,,0.02811073698103428
1535,11.0,815,0.9266929626464844,,,0.016697591170668602
1536,8.0,681,0.7697076797485352,,,0.003949349746108055
1537,11.0,804,0.9084920883178711,,,0.007683694362640381
1538,18.0,1001,1.134810447692871,,,0.01196895632892847
1539,16.0,791,0.875201940536499,,,0.004902327433228493
1540,5.0,682,0.7605342864990234,,,0.005551748909056187
1541,5.0,601,0.6799142360687256,,,0.0076194931752979755
1542,11.0,635,0.7102079391479492,,,0.01550643052905798
1543,11.0,819,0.9252347946166992,,,0.005146922543644905
1544,8.0,684,0.7706944942474365,,,0.008314418606460094
1545,9.0,711,0.7937159538269043,,,0.008301105350255966
1546,7.0,721,0.8109598159790039,,,0.006172402296215296
1547,-1.0,453,0.5158114433288574,,,0.008483015932142735
1548,6.0,456,0.5182230472564697,,,0.020124919712543488
1549,4.0,681,0.7916617393493652,,,0.00515333004295826
1550,9.0,840,0.9554684162139893,,,0.014567354694008827
1551,9.0,818,0.9318654537200928,,,0.004524619784206152
1552,12.0,862,0.982215166091919,,,0.008692802861332893
1553,5.0,642,0.7309987545013428,,,0.0077803535386919975
1554,12.0,620,0.6898577213287354,,,0.02138051576912403
1555,20.0,1155,1.2796175479888916,,,0.0064420211128890514
1556,16.0,832,0.9352161884307861,,,0.011481048539280891
1557,9.0,591,0.6709258556365967,,,0.006515518296509981
1558,19.0,1013,1.1501259803771973,,,0.011827248148620129
1559,5.0,598,0.6772449016571045,,,0.007151723373681307
1560,18.0,845,0.9647283554077148,,,0.00882557313889265
1561,12.0,822,0.9209752082824707,,,0.008309008553624153
1562,12.0,848,0.9618592262268066,,,0.010713323019444942
1563,17.0,1005,1.1337652206420898,,,0.012716293334960938
1564,6.0,609,0.6841263771057129,,,0.0065517970360815525
1565,13.0,802,0.8921365737915039,,,0.0048606786876916885
1566,13.0,1239,1.3841650485992432,,,0.010411420837044716
1567,11.0,940,1.068288803100586,,,0.005097559187561274
1568,23.0,947,1.0715570449829102,,,0.011926000937819481
1569,10.0,695,0.7911319732666016,,,0.020204540342092514
1570,18.0,1054,1.191981315612793,,,0.006826268974691629
1571,15.0,910,1.0080773830413818,,,0.005377098452299833
1572,15.0,929,1.0435872077941895,,,0.0075152660720050335
1573,6.0,619,0.6983511447906494,,,0.006124400068074465
1574,5.0,604,0.6789851188659668,,,0.010205570608377457
1575,8.0,669,0.7395524978637695,,,0.01138974167406559
1576,20.0,1104,1.2316088676452637,,,0.01270014513283968
1577,21.0,1298,1.4522063732147217,,,0.007973743602633476
1578,18.0,1063,1.209923267364502,,,0.027516253292560577
1579,8.0,644,0.7364199161529541,,,0.009038716554641724
1580,12.0,706,0.8060224056243896,,,0.004451998509466648
1581,7.0,517,0.5978639125823975,,,0.004663464147597551
1582,11.0,784,0.8945145606994629,,,0.014302241615951061
1583,11.0,859,0.9767606258392334,,,0.022857941687107086
1584,6.0,657,0.7391860485076904,,,0.010498693212866783
1585,5.0,577,0.6448407173156738,,,0.009114285930991173
1586,4.0,561,0.6244733333587646,,,0.014207370579242706
1587,18.0,787,0.8801271915435791,,,0.007404687814414501
1588,7.0,795,0.8966469764709473,,,0.009357523173093796
1589,8.0,615,0.7035050392150879,,,0.005338246468454599
1590,6.0,655,0.7535812854766846,,,0.005723867565393448
1591,6.0,665,0.7629170417785645,,,0.00755537673830986
1592,8.0,746,0.8560035228729248,,,0.055893514305353165
1593,11.0,710,0.7987501621246338,,,0.014333059079945087
1594,6.0,552,0.6124444007873535,,,0.010086639784276485
1595,9.0,784,0.8761074542999268,,,0.01162264496088028
1596,7.0,645,0.726912260055542,,,0.020947981625795364
1597,7.0,522,0.6033740043640137,,,0.015822596848011017
1598,5.0,549,0.6222121715545654,,,0.010329483076930046
1599,9.0,685,0.7730319499969482,,,0.00689621502533555
1600,13.0,965,1.0933425426483154,,,0.013308770023286343
1601,16.0,755,0.8632144927978516,,,0.012920954264700413
1602,11.0,818,0.9312353134155273,,,0.019930992275476456
1603,4.0,406,0.464092493057251,,,0.027214474976062775
1604,13.0,959,1.087350606918335,,,0.014037569984793663
1605,7.0,651,0.7365367412567139,,,0.010315818712115288
1606,11.0,737,0.8480911254882812,,,0.005783352069556713
1607,7.0,629,0.7185087203979492,,,0.009794074110686779
1608,19.0,1176,1.3352940082550049,,,0.0032128922175616026
1609,14.0,965,1.0845050811767578,,,0.008118541911244392
1610,3.0,621,0.6945664882659912,,,0.029892727732658386
1611,7.0,640,0.7371068000793457,,,0.007168869487941265
1612,8.0,634,0.7169017791748047,,,0.012103898450732231
1613,5.0,521,0.5994880199432373,,,0.022918548434972763
1614,12.0,841,0.9696166515350342,,,0.03234057128429413
1615,13.0,905,1.0349304676055908,,,0.0214203093200922
1616,4.0,396,0.4597749710083008,,,0.008706290274858475
1617,8.0,525,0.5937371253967285,,,0.006660079583525658
1618,4.0,630,0.7126941680908203,,,0.005564792547374964
1619,7.0,633,0.7233090400695801,,,0.010110465809702873
1620,2.0,361,0.41008973121643066,,,0.00694176135584712
1621,10.0,815,0.9158906936645508,,,0.013629668392241001
1622,7.0,673,0.7572095394134521,,,0.00783778540790081
1623,8.0,671,0.7495038509368896,,,0.010708923451602459
1624,10.0,789,0.8982851505279541,,,0.017746666446328163
1625,9.0,812,0.9191217422485352,,,0.010823932476341724
1626,17.0,975,1.1141438484191895,,,0.009004324674606323
1627,14.0,930,1.0611844062805176,,,0.01064391527324915
1628,5.0,532,0.6021111011505127,,,0.013195682317018509
1629,8.0,661,0.7480659484863281,,,0.018379811197519302
1630,8.0,649,0.7512409687042236,,,0.01312450971454382
1631,16.0,923,1.0583806037902832,,,0.02322225645184517
1632,16.0,843,0.9602046012878418,,,0.021192075684666634
1633,11.0,833,0.9547278881072998,,,0.011907081119716167
1634,6.0,507,0.5657064914703369,,,0.007913300767540932
1635,18.0,946,1.0708906650543213,,,0.015766477212309837
1636,9.0,740,0.8368563652038574,,,0.012815860100090504
1637,12.0,667,0.7530090808868408,,,0.0065779960714280605
1638,19.0,926,1.064089059829712,,,0.005929019767791033
1639,2.0,507,0.5831005573272705,,,0.02366507425904274
1640,10.0,779,0.8853163719177246,,,0.011160892434418201
1641,9.0,690,0.7873077392578125,,,0.005214223638176918
1642,16.0,790,0.9026041030883789,,,0.02352406643331051
1643,4.0,669,0.7676746845245361,,,0.0071252272464334965
1644,13.0,895,1.0170087814331055,,,0.010874849744141102
1645,10.0,813,0.9307165145874023,,,0.006639754865318537
1646,19.0,1017,1.1232502460479736,,,0.021937692537903786
1647,7.0,643,0.7224769592285156,,,0.010446446016430855
1648,9.0,702,0.7842743396759033,,,0.01680813543498516
1649,7.0,651,0.7325031757354736,,,0.007651589345186949
1650,7.0,635,0.7144513130187988,,,0.006221118848770857
1651,11.0,723,0.8062465190887451,,,0.010390439070761204
1652,9.0,663,0.7415592670440674,,,0.005615583620965481
1653,14.0,951,1.0711805820465088,,,0.007920815609395504
1654,15.0,757,0.8440990447998047,,,0.005013035610318184
1655,9.0,804,0.8947405815124512,,,0.004035237245261669
1656,13.0,913,1.0411381721496582,,,0.014242006465792656
1657,8.0,661,0.7379517555236816,,,0.011894585564732552
1658,5.0,494,0.5645647048950195,,,0.006300181150436401
1659,20.0,990,1.100316047668457,,,0.02207070030272007
1660,15.0,907,1.0095667839050293,,,0.004849633201956749
1661,26.0,1411,1.5697963237762451,,,0.003450132440775633
1662,18.0,837,0.9308364391326904,,,0.011098748072981834
1663,13.0,820,0.9268825054168701,,,0.03203015401959419
1664,6.0,615,0.6958470344543457,,,0.01238073967397213
1665,18.0,973,1.0995986461639404,,,0.005332453642040491
1666,16.0,1091,1.219963550567627,,,0.009718627668917179
1667,10.0,809,0.8942444324493408,,,0.004977732431143522
1668,14.0,775,0.8645117282867432,,,0.0216896440833807
1669,11.0,649,0.7298145294189453,,,0.01321363914757967
1670,5.0,472,0.5340213775634766,,,0.008009035140275955
1671,12.0,758,0.8545405864715576,,,0.01442712265998125
1672,9.0,663,0.7486612796783447,,,0.009081588126718998
1673,8.0,399,0.4514484405517578,,,0.007730226032435894
1674,14.0,919,1.041804313659668,,,0.012178154662251472
1675,12.0,835,0.945188045501709,,,0.03936246410012245
1676,9.0,538,0.5998044013977051,,,0.009705659002065659
1677,21.0,1175,1.3089756965637207,,,0.007130656391382217
1678,10.0,876,0.9853863716125488,,,0.010177800431847572
1679,11.0,678,0.7631800174713135,,,0.004453297704458237
1680,11.0,867,0.9713504314422607,,,0.004409224726259708
1681,12.0,793,0.8933303356170654,,,0.008470680564641953
1682,12.0,800,0.9117748737335205,,,0.01522120088338852
1683,10.0,656,0.732213020324707,,,0.008659940212965012
1684,28.0,1376,1.5437586307525635,,,0.022704103961586952
1685,0.0,371,0.42080068588256836,,,0.008160114288330078
1686,9.0,755,0.8515543937683105,,,0.0035103410482406616
1687,6.0,634,0.7121434211730957,,,0.005383891519159079
1688,12.0,812,0.9234864711761475,,,0.011514331214129925
1689,15.0,905,1.0215890407562256,,,0.00990614015609026
1690,15.0,845,0.9495961666107178,,,0.009622694924473763
1691,5.0,458,0.5155997276306152,,,0.009190008044242859
1692,8.0,796,0.8885648250579834,,,0.014087872579693794
1693,8.0,798,0.8946211338043213,,,0.008291119709610939
1694,9.0,731,0.8254873752593994,,,0.01046736165881157
1695,7.0,395,0.44622063636779785,,,0.0060766045935451984
1696,7.0,596,0.662367582321167,,,0.007219130638986826
1697,14.0,831,0.9377994537353516,,,0.018664080649614334
1698,9.0,685,0.7729530334472656,,,0.019313745200634003
1699,20.0,1075,1.2277007102966309,,,0.010852230712771416
1700,22.0,1200,1.38165283203125,,,0.009298421442508698
1701,16.0,801,0.9231369495391846,,,0.014801222831010818
1702,9.0,813,0.9360134601593018,,,0.012214933522045612
1703,15.0,862,0.9966921806335449,,,0.01011203695088625
1704,10.0,669,0.7735037803649902,,,0.026954323053359985
1705,6.0,527,0.6209359169006348,,,0.014324766583740711
1706,15.0,836,0.9613478183746338,,,0.010368823073804379
1707,5.0,374,0.4380831718444824,,,0.008033761754631996
1708,18.0,942,1.071338415145874,,,0.009722876362502575
1709,7.0,516,0.592775821685791,,,0.013502422720193863
1710,11.0,618,0.7182986736297607,,,0.016828913241624832
1711,25.0,1203,1.3779914379119873,,,0.025905391201376915
1712,12.0,819,0.9410545825958252,,,0.0072600808925926685
1713,17.0,847,0.9698677062988281,,,0.008103498257696629
1714,14.0,893,1.0291657447814941,,,0.009281675331294537
1715,19.0,1082,1.2482953071594238,,,0.010895080864429474
1716,11.0,683,0.7965404987335205,,,0.026388797909021378
1717,11.0,717,0.8335537910461426,,,0.011771109886467457
1718,24.0,893,1.018479347229004,,,0.010095684789121151
1719,0.0,500,0.5773310661315918,,,0.008020661771297455
1720,13.0,943,1.0930695533752441,,,0.006979935336858034
1721,3.0,467,0.5466806888580322,,,0.019634023308753967
1722,8.0,669,0.7711620330810547,,,0.01145816408097744
1723,8.0,644,0.7516109943389893,,,0.0049269357696175575
1724,11.0,663,0.7653465270996094,,,0.005223809741437435
1725,10.0,683,0.7907171249389648,,,0.006298924796283245
1726,3.0,376,0.4393751621246338,,,0.006681946571916342
1727,8.0,637,0.7407710552215576,,,0.006688788533210754
1728,17.0,966,1.1054248809814453,,,0.010782008059322834
1729,4.0,362,0.4162101745605469,,,0.01640930026769638
1730,7.0,511,0.5947706699371338,,,0.00909239612519741
1731,7.0,509,0.5897009372711182,,,0.010965373367071152
1732,12.0,765,0.8765335083007812,,,0.015932178124785423
1733,18.0,973,1.1274254322052002,,,0.01425792183727026
1734,13.0,963,1.1118431091308594,,,0.019185392186045647
1735,20.0,876,1.0068366527557373,,,0.010652543976902962
1736,20.0,1075,1.2374260425567627,,,0.006001329980790615
1737,7.0,536,0.6220457553863525,,,0.016305973753333092
1738,6.0,539,0.6141512393951416,,,0.010875079780817032
1739,7.0,648,0.7434148788452148,,,0.006414039991796017
1740,17.0,859,0.9929566383361816,,,0.009622851386666298
1741,2.0,406,0.4720439910888672,,,0.006249910220503807
1742,11.0,724,0.8255558013916016,,,0.006878129206597805
1743,22.0,1039,1.1965289115905762,,,0.0047263577580451965
1744,6.0,527,0.6132149696350098,,,0.0067482138983905315
1745,12.0,847,0.9858274459838867,,,0.012054161168634892
1746,18.0,1030,1.1828250885009766,,,0.011865376494824886
1747,16.0,756,0.8732259273529053,,,0.0060369400307536125
1748,9.0,619,0.7208197116851807,,,0.025536831468343735
1749,4.0,445,0.5218284130096436,,,0.014868558384478092
1750,14.0,747,0.861335039138794,,,0.010282675735652447
1751,10.0,664,0.7672972679138184,,,0.006457999348640442
1752,13.0,937,1.0958306789398193,,,0.008340946398675442
1753,6.0,465,0.5372650623321533,,,0.0060999467968940735
1754,14.0,861,0.9899821281433105,,,0.018258819356560707
1755,1.0,495,0.5688769817352295,,,0.03302710875868797
1756,9.0,691,0.7915129661560059,,,0.0041478960774838924
1757,8.0,556,0.6511728763580322,,,0.017945224419236183
1758,3.0,513,0.6000792980194092,,,0.010971440002322197
1759,18.0,1071,1.2376155853271484,,,0.013425578363239765
1760,8.0,521,0.6098587512969971,,,0.01323478389531374
1761,22.0,858,0.9856092929840088,,,0.009905300103127956
1762,27.0,1881,2.1539576053619385,,,0.018259529024362564
1763,4.0,415,0.4828665256500244,,,0.016154833137989044
1764,8.0,699,0.8105432987213135,,,0.029672689735889435
1765,10.0,727,0.837615966796875,,,0.005961146671324968
1766,12.0,702,0.8227729797363281,,,0.01568427123129368
1767,2.0,497,0.5701634883880615,,,0.036836836487054825
1768,6.0,641,0.7435286045074463,,,0.01866462454199791
1769,10.0,703,0.8200197219848633,,,0.006459924392402172
1770,12.0,875,1.0126802921295166,,,0.006336355581879616
1771,15.0,955,1.111285924911499,,,0.010277550667524338
1772,7.0,485,0.5575850009918213,,,0.013406489044427872
1773,16.0,1035,1.1827399730682373,,,0.017719781026244164
1774,14.0,829,0.9435403347015381,,,0.015245800837874413
1775,17.0,927,1.0692918300628662,,,0.009760452434420586
1776,13.0,889,1.0210685729980469,,,0.015397191047668457
1777,17.0,851,0.9887266159057617,,,0.007862533442676067
1778,13.0,660,0.7631740570068359,,,0.0034479971509426832
1779,6.0,393,0.454761266708374,,,0.009493266232311726
1780,29.0,1337,1.5342004299163818,,,0.012076934799551964
1781,6.0,469,0.5461165904998779,,,0.010274269618093967
1782,14.0,1030,1.1886425018310547,,,0.013015086762607098
1783,19.0,920,1.0475449562072754,,,0.0071676066145300865
1784,19.0,1312,1.5124011039733887,,,0.01551723387092352
1785,9.0,723,0.8411107063293457,,,0.005393399856984615
1786,15.0,802,0.9242682456970215,,,0.03350438177585602
1787,7.0,642,0.758033037185669,,,0.009136228822171688
1788,12.0,833,0.9692442417144775,,,0.02046314813196659
1789,18.0,998,1.155691385269165,,,0.015670591965317726
1790,10.0,695,0.807931661605835,,,0.0129570746794343
1791,17.0,937,1.0764970779418945,,,0.01207259763032198
1792,9.0,669,0.7777416706085205,,,0.006079952232539654
1793,13.0,674,0.7837560176849365,,,0.016517827287316322
1794,12.0,830,0.9636080265045166,,,0.006454865448176861
1795,11.0,696,0.7947590351104736,,,0.0068447100929915905
1796,14.0,789,0.9103565216064453,,,0.01745252124965191
1797,4.0,465,0.5376927852630615,,,0.013238035142421722
1798,3.0,479,0.555781364440918,,,0.007495872210711241
1799,4.0,605,0.7043089866638184,,,0.01594884879887104
1800,8.0,635,0.7373862266540527,,,0.005867264699190855
1801,9.0,711,0.8088328838348389,,,0.013344272039830685
1802,5.0,451,0.5132577419281006,,,0.01207400020211935
1803,8.0,695,0.7882688045501709,,,0.013058698736131191
1804,10.0,746,0.8539505004882812,,,0.012272799387574196
1805,13.0,843,0.9653568267822266,,,0.00977190863341093
1806,7.0,517,0.5956623554229736,,,0.00907199364155531
1807,9.0,638,0.7362344264984131,,,0.0053609819151461124
1808,11.0,705,0.8044676780700684,,,0.01306935865432024
1809,8.0,663,0.7628030776977539,,,0.003482058411464095
1810,16.0,998,1.1400561332702637,,,0.02426941879093647
1811,15.0,882,1.0160026550292969,,,0.008495684713125229
1812,6.0,555,0.6316964626312256,,,0.02403712272644043
1813,18.0,956,1.108457088470459,,,0.008000463247299194
1814,25.0,1318,1.511153221130371,,,0.0070793405175209045
1815,13.0,814,0.9498443603515625,,,0.02263759635388851
1816,9.0,644,0.7504608631134033,,,0.007370762061327696
1817,1.0,337,0.3878333568572998,,,0.011791354045271873
1818,16.0,691,0.8001039028167725,,,0.007222324144095182
1819,19.0,1029,1.2009913921356201,,,0.005333869718015194
1820,12.0,845,0.9838261604309082,,,0.03519201651215553
1821,10.0,645,0.7409117221832275,,,0.01875871978700161
1822,9.0,630,0.7155370712280273,,,0.016165416687726974
1823,15.0,965,1.1066100597381592,,,0.010714138858020306
1824,22.0,1115,1.2697827816009521,,,0.014576016925275326
1825,15.0,805,0.9274346828460693,,,0.016576582565903664
1826,19.0,831,0.9707658290863037,,,0.007471727207303047
1827,10.0,673,0.7868356704711914,,,0.010139073245227337
1828,18.0,1048,1.227156639099121,,,0.008109546266496181
1829,17.0,975,1.1294047832489014,,,0.007368965074419975
1830,9.0,621,0.7307147979736328,,,0.006593094673007727
1831,17.0,1009,1.1687791347503662,,,0.004797470755875111
1832,20.0,1136,1.3271889686584473,,,0.0076664346270263195
1833,12.0,658,0.7625448703765869,,,0.010395506396889687
1834,16.0,793,0.9221925735473633,,,0.0062805055640637875
1835,10.0,772,0.9011001586914062,,,0.007775923702865839
1836,12.0,807,0.9421567916870117,,,0.009467320516705513
1837,7.0,681,0.7960598468780518,,,0.0074130939319729805
1838,22.0,977,1.1309363842010498,,,0.012608015909790993
1839,12.0,849,0.9896185398101807,,,0.010855424217879772
1840,4.0,376,0.43810534477233887,,,0.013941731303930283
1841,9.0,750,0.8653044700622559,,,0.005693661514669657
1842,6.0,654,0.7425432205200195,,,0.012103999964892864
1843,10.0,782,0.8920605182647705,,,0.00500110350549221
1844,22.0,1294,1.4828429222106934,,,0.013051871210336685
1845,18.0,1107,1.2475643157958984,,,0.008847536519169807
1846,16.0,893,1.0181212425231934,,,0.00903734564781189
1847,12.0,717,0.8181238174438477,,,0.012164371088147163
1848,10.0,659,0.771430253982544,,,0.011190522462129593
1849,20.0,946,1.106355905532837,,,0.008332463912665844
1850,13.0,845,1.0032455921173096,,,0.006069529335945845
1851,12.0,843,0.983417272567749,,,0.008362578228116035
1852,27.0,1086,1.2501940727233887,,,0.009771700017154217
1853,19.0,1051,1.2249078750610352,,,0.006248447112739086
1854,27.0,1229,1.4359338283538818,,,0.007662370800971985
1855,11.0,847,0.9661273956298828,,,0.009439152665436268
1856,20.0,1102,1.2494151592254639,,,0.005842485930770636
1857,7.0,679,0.7745251655578613,,,0.007585706189274788
1858,17.0,968,1.1123111248016357,,,0.00733423326164484
1859,20.0,1025,1.1710395812988281,,,0.006141360383480787
1860,13.0,1071,1.230264663696289,,,0.007365758065134287
1861,10.0,666,0.7783081531524658,,,0.0134945809841156
1862,7.0,494,0.5798592567443848,,,0.010458397679030895
1863,8.0,709,0.8253216743469238,,,0.010945882648229599
1864,11.0,685,0.7787737846374512,,,0.015552218072116375
1865,13.0,764,0.869797945022583,,,0.005091808270663023
1866,9.0,531,0.613976001739502,,,0.020604990422725677
1867,24.0,1255,1.4739110469818115,,,0.008141282945871353
1868,8.0,550,0.6515424251556396,,,0.005718068685382605
1869,12.0,815,0.9591808319091797,,,0.012279603630304337
1870,18.0,988,1.1546790599822998,,,0.008638025261461735
1871,13.0,954,1.1323175430297852,,,0.01152118295431137
1872,18.0,942,1.0920884609222412,,,0.01251946296542883
1873,15.0,883,1.0418603420257568,,,0.008398537524044514
1874,6.0,481,0.5710587501525879,,,0.00980561412870884
1875,14.0,1090,1.275775671005249,,,0.01346697099506855
1876,6.0,605,0.7039153575897217,,,0.015043796971440315
1877,16.0,919,1.0619797706604004,,,0.02066805586218834
1878,10.0,660,0.7638120651245117,,,0.006826533004641533
1879,8.0,639,0.736407995223999,,,0.016304008662700653
1880,12.0,843,0.9898185729980469,,,0.008309029042720795
1881,25.0,1333,1.5416111946105957,,,0.006842002738267183
1882,10.0,673,0.7860007286071777,,,0.01123222429305315
1883,10.0,695,0.8083503246307373,,,0.01104066800326109
1884,20.0,915,1.0502338409423828,,,0.015170900151133537
1885,12.0,870,1.0034451484680176,,,0.011505226604640484
1886,13.0,762,0.8979542255401611,,,0.012098181061446667
1887,10.0,616,0.7290692329406738,,,0.009588622488081455
1888,25.0,981,1.1125218868255615,,,0.013007082976400852
1889,8.0,502,0.5811691284179688,,,0.009960395283997059
1890,19.0,1005,1.1456363201141357,,,0.010818985290825367
1891,11.0,602,0.6976354122161865,,,0.01625167578458786
1892,16.0,911,1.035719633102417,,,0.0033197009470313787
1893,6.0,760,0.873497724533081,,,0.02202414721250534
1894,10.0,695,0.7950153350830078,,,0.010642933659255505
1895,8.0,707,0.810774564743042,,,0.022644029930233955
1896,6.0,502,0.5794363021850586,,,0.015897879377007484
1897,23.0,1107,1.271308422088623,,,0.00568908266723156
1898,12.0,722,0.8336374759674072,,,0.02258083038032055
1899,5.0,482,0.5604584217071533,,,0.014154716394841671
1900,6.0,488,0.5538873672485352,,,0.03245830163359642
1901,18.0,970,1.1200294494628906,,,0.013629448600113392
1902,20.0,1125,1.2757019996643066,,,0.009747191332280636
1903,6.0,389,0.44602227210998535,,,0.0074128517881035805
1904,7.0,658,0.7543256282806396,,,0.013689632527530193
1905,15.0,1000,1.1513478755950928,,,0.012450767681002617
1906,13.0,658,0.7418763637542725,,,0.013738381676375866
1907,15.0,769,0.8877933025360107,,,0.005003607831895351
1908,13.0,824,0.9474844932556152,,,0.014987032860517502
1909,14.0,950,1.0959978103637695,,,0.0094067994505167
1910,8.0,573,0.6633248329162598,,,0.014180310070514679
1911,11.0,854,0.9862306118011475,,,0.009018847718834877
1912,20.0,955,1.0882847309112549,,,0.014022758230566978
1913,8.0,622,0.7198543548583984,,,0.013556744903326035
1914,17.0,859,0.9876277446746826,,,0.021452870219945908
1915,17.0,895,1.0213360786437988,,,0.005209256429225206
1916,6.0,512,0.6032822132110596,,,0.0042674909345805645
1917,8.0,685,0.7933104038238525,,,0.017606783658266068
1918,14.0,968,1.1098849773406982,,,0.013783268630504608
1919,9.0,811,0.9413342475891113,,,0.0224694162607193
1920,29.0,1361,1.5338120460510254,,,0.006736641749739647
1921,8.0,671,0.7739920616149902,,,0.02835165522992611
1922,7.0,530,0.6106319427490234,,,0.0190903227776289
1923,13.0,783,0.8934695720672607,,,0.006305480841547251
1924,14.0,854,0.9725842475891113,,,0.007877686060965061
1925,8.0,639,0.730736494064331,,,0.013937811367213726
1926,8.0,604,0.7062277793884277,,,0.006031574681401253
1927,4.0,402,0.4706590175628662,,,0.010016851127147675
1928,15.0,905,1.0332067012786865,,,0.01758490689098835
1929,17.0,941,1.075683355331421,,,0.015390535816550255
1930,6.0,662,0.7631525993347168,,,0.0076859937980771065
1931,5.0,474,0.5505270957946777,,,0.004272622987627983
1932,16.0,776,0.8953332901000977,,,0.005785457324236631
1933,18.0,783,0.8995916843414307,,,0.030862953513860703
1934,12.0,830,0.9518165588378906,,,0.0074411677196621895
1935,5.0,474,0.5465919971466064,,,0.012059436179697514
1936,18.0,941,1.0733575820922852,,,0.01569664292037487
1937,9.0,517,0.6010115146636963,,,0.00782522652298212
1938,22.0,847,0.9552905559539795,,,0.008591163903474808
1939,17.0,793,0.9140563011169434,,,0.011996403336524963
1940,16.0,861,0.9785676002502441,,,0.007025690749287605
1941,8.0,614,0.7068653106689453,,,0.00875041726976633
1942,16.0,779,0.8974034786224365,,,0.014686685986816883
1943,15.0,648,0.7450971603393555,,,0.010259397327899933
1944,11.0,797,0.940157413482666,,,0.01746503636240959
1945,9.0,625,0.7327947616577148,,,0.017354056239128113
1946,10.0,706,0.8185360431671143,,,0.03435050696134567
1947,15.0,760,0.8995239734649658,,,0.015086744911968708
1948,18.0,886,1.0403692722320557,,,0.015864446759223938
1949,14.0,692,0.8141841888427734,,,0.010887909680604935
1950,5.0,567,0.6717808246612549,,,0.005833643022924662
1951,18.0,1016,1.196350336074829,,,0.007279128301888704
1952,16.0,955,1.1227457523345947,,,0.008790413849055767
1953,7.0,509,0.5955629348754883,,,0.012250418774783611
1954,18.0,941,1.1016383171081543,,,0.005402162205427885
1955,14.0,1079,1.261033058166504,,,0.01184795517474413
1956,17.0,887,1.0466806888580322,,,0.005430769175291061
1957,20.0,1026,1.2010178565979004,,,0.006025274749845266
1958,9.0,529,0.6229617595672607,,,0.014072145335376263
1959,14.0,918,1.0725164413452148,,,0.006571771577000618
1960,16.0,817,0.9619636535644531,,,0.004905627574771643
1961,13.0,819,0.9697718620300293,,,0.03354097157716751
1962,10.0,805,0.9583399295806885,,,0.00897395983338356
1963,21.0,1059,1.2509291172027588,,,0.020505893975496292
1964,21.0,1061,1.240323543548584,,,0.010495210066437721
1965,16.0,732,0.860602617263794,,,0.00677602319046855
1966,8.0,591,0.6983945369720459,,,0.010291233658790588
1967,10.0,621,0.7383356094360352,,,0.007414118852466345
1968,14.0,839,0.9806663990020752,,,0.004750870168209076
1969,9.0,643,0.7615072727203369,,,0.007424861658364534
1970,14.0,1071,1.254861831665039,,,0.016763456165790558
1971,6.0,604,0.7169976234436035,,,0.009423759765923023
1972,19.0,919,1.09035325050354,,,0.007425771560519934
1973,17.0,857,1.0096161365509033,,,0.004752812907099724
1974,13.0,737,0.8703732490539551,,,0.01120174303650856
1975,25.0,1324,1.5560040473937988,,,0.026393471285700798
1976,11.0,646,0.7571017742156982,,,0.006037101615220308
1977,9.0,691,0.8125059604644775,,,0.013115803711116314
1978,19.0,912,1.0998306274414062,,,0.008492200635373592
1979,12.0,671,0.7988593578338623,,,0.008671888150274754
1980,19.0,937,1.108715295791626,,,0.004434913396835327
1981,9.0,605,0.7039411067962646,,,0.016206853091716766
1982,9.0,728,0.8378262519836426,,,0.012219508178532124
1983,7.0,565,0.6697816848754883,,,0.01747000217437744
1984,12.0,637,0.7398931980133057,,,0.01332165114581585
1985,8.0,631,0.7455432415008545,,,0.020364757627248764
1986,7.0,627,0.7483541965484619,,,0.012521505355834961
1987,9.0,671,0.7961263656616211,,,0.01125524565577507
1988,12.0,801,0.9217877388000488,,,0.013133123517036438
1989,3.0,406,0.47479724884033203,,,0.017345530912280083
1990,11.0,691,0.812258243560791,,,0.011195676401257515
1991,29.0,1186,1.3919353485107422,,,0.009824739769101143
1992,10.0,623,0.7255513668060303,,,0.027157075703144073
1993,18.0,930,1.0946056842803955,,,0.010411803610622883
1994,7.0,607,0.7204558849334717,,,0.01758289895951748
1995,21.0,847,1.0128803253173828,,,0.010480206459760666
1996,9.0,635,0.7411775588989258,,,0.019061660394072533
1997,16.0,949,1.1038639545440674,,,0.009650640189647675
1998,12.0,1179,1.3764898777008057,,,0.010010636411607265
1999,5.0,593,0.6783478260040283,,,0.013697481714189053
2000,10.0,623,0.7322893142700195,,,0.019107060506939888
2001,6.0,507,0.5850684642791748,,,0.012420976534485817
2002,14.0,926,1.0905210971832275,,,0.02042520046234131
2003,15.0,823,0.9786901473999023,,,0.016027085483074188
2004,7.0,632,0.7408404350280762,,,0.013589821755886078
2005,9.0,847,0.993797779083252,,,0.016735928133130074
2006,11.0,770,0.9096267223358154,,,0.020499343052506447
2007,17.0,909,1.039844274520874,,,0.006988826673477888
2008,10.0,681,0.7906744480133057,,,0.006632677745074034
2009,7.0,589,0.6888272762298584,,,0.006903564557433128
2010,20.0,934,1.0920758247375488,,,0.007073001470416784
2011,24.0,1146,1.3506758213043213,,,0.010389883071184158
2012,9.0,645,0.7648317813873291,,,0.005759113468229771
2013,18.0,821,0.9736757278442383,,,0.005907249171286821
2014,5.0,462,0.5344963073730469,,,0.019757812842726707
2015,18.0,1034,1.2074811458587646,,,0.031521186232566833
2016,6.0,623,0.731799840927124,,,0.012546008452773094
2017,26.0,1272,1.4792499542236328,,,0.007961362600326538
2018,7.0,669,0.7846930027008057,,,0.01898832991719246
2019,12.0,941,1.0957145690917969,,,0.015201685018837452
2020,11.0,825,0.9729011058807373,,,0.017680533230304718
2021,16.0,915,1.0821285247802734,,,0.014319080859422684
2022,18.0,996,1.1704356670379639,,,0.010701882652938366
2023,7.0,567,0.6780271530151367,,,0.014616464264690876
2024,9.0,638,0.7595160007476807,,,0.018803585320711136
2025,8.0,586,0.7022910118103027,,,0.01120048388838768
2026,7.0,571,0.6764721870422363,,,0.00935313943773508
2027,7.0,647,0.7735741138458252,,,0.012089891359210014
2028,18.0,867,0.9996504783630371,,,0.011450167745351791
2029,19.0,1133,1.3184726238250732,,,0.015635816380381584
2030,18.0,923,1.0822474956512451,,,0.0057913376949727535
2031,17.0,889,1.037710189819336,,,0.013465289026498795
2032,9.0,654,0.7699322700500488,,,0.01847601868212223
2033,8.0,647,0.7559623718261719,,,0.013431871309876442
2034,18.0,1050,1.242504596710205,,,0.011448104865849018
2035,13.0,930,1.1023766994476318,,,0.019012566655874252
2036,9.0,649,0.759610652923584,,,0.011178576387465
2037,14.0,818,0.945225715637207,,,0.004939368460327387
2038,16.0,874,1.015317678451538,,,0.01784939132630825
2039,3.0,369,0.43093013763427734,,,0.01475826371461153
2040,18.0,1011,1.178868055343628,,,0.010287809185683727
2041,11.0,705,0.8197410106658936,,,0.024274975061416626
2042,6.0,623,0.7455127239227295,,,0.012254931032657623
2043,14.0,1041,1.2358520030975342,,,0.014677813276648521
2044,2.0,469,0.5544538497924805,,,0.01944231055676937
2045,14.0,1165,1.3924918174743652,,,0.015393228270113468
2046,20.0,928,1.099691390991211,,,0.008270076476037502
2047,14.0,821,0.9710814952850342,,,0.008753315545618534
2048,13.0,919,1.0878498554229736,,,0.004284481517970562
2049,19.0,863,1.0188496112823486,,,0.006339328363537788
2050,9.0,660,0.7830758094787598,,,0.008389701135456562
2051,21.0,991,1.1541941165924072,,,0.010761015117168427
2052,2.0,542,0.6497011184692383,,,0.01246938668191433
2053,17.0,987,1.1633555889129639,,,0.012306121177971363
2054,21.0,911,1.0767149925231934,,,0.007681006100028753
2055,15.0,909,1.0707781314849854,,,0.03718225285410881
2056,23.0,1080,1.2819676399230957,,,0.013058675453066826
2057,10.0,879,1.0482373237609863,,,0.013103759847581387
2058,6.0,671,0.7784812450408936,,,0.008790227584540844
2059,17.0,898,1.0432357788085938,,,0.009308879263699055
2060,4.0,624,0.7227063179016113,,,0.03787551820278168
2061,15.0,875,1.031670331954956,,,0.007687488570809364
2062,15.0,923,1.0749621391296387,,,0.017431316897273064
2063,17.0,977,1.1342575550079346,,,0.013866658322513103
2064,8.0,503,0.5839591026306152,,,0.012382050976157188
2065,13.0,811,0.9440450668334961,,,0.009513454511761665
2066,14.0,825,0.9505722522735596,,,0.01735004037618637
2067,14.0,830,0.9585084915161133,,,0.009248455055058002
2068,6.0,553,0.6441175937652588,,,0.005938843823969364
2069,0.0,475,0.5446336269378662,,,0.009560095146298409
2070,3.0,405,0.4689006805419922,,,0.007928664796054363
2071,27.0,1736,1.9982237815856934,,,0.009244704619050026
2072,14.0,977,1.155111312866211,,,0.006029846146702766
2073,17.0,907,1.0710046291351318,,,0.010734171606600285
2074,13.0,715,0.8465139865875244,,,0.011424021795392036
2075,12.0,833,0.9910373687744141,,,0.004478480201214552
2076,9.0,588,0.702242374420166,,,0.007922130636870861
2077,16.0,988,1.1825840473175049,,,0.017312683165073395
2078,21.0,1111,1.3096528053283691,,,0.0068982369266450405
2079,16.0,1099,1.2928755283355713,,,0.021044431254267693
2080,11.0,851,1.0060749053955078,,,0.007329930085688829
2081,15.0,825,0.9672236442565918,,,0.006610877811908722
2082,10.0,703,0.8290266990661621,,,0.013789578340947628
2083,6.0,509,0.6092031002044678,,,0.015697747468948364
2084,16.0,903,1.0830941200256348,,,0.017749259248375893
2085,16.0,774,0.9254803657531738,,,0.008314951322972775
2086,7.0,549,0.6506645679473877,,,0.005836438853293657
2087,29.0,1354,1.5944249629974365,,,0.022538842633366585
2088,17.0,823,0.9766619205474854,,,0.006878761108964682
2089,20.0,1152,1.3466212749481201,,,0.010147121734917164
2090,18.0,1013,1.1796290874481201,,,0.00977378897368908
2091,4.0,550,0.642688512802124,,,0.010427622124552727
2092,11.0,629,0.7447781562805176,,,0.008857257664203644
2093,22.0,1025,1.204493761062622,,,0.010333837941288948
2094,10.0,820,0.9676718711853027,,,0.008730548433959484
2095,15.0,741,0.8725528717041016,,,0.005743679124861956
2096,6.0,555,0.6565406322479248,,,0.00859754253178835
2097,17.0,867,1.0198338031768799,,,0.011213967576622963
2098,9.0,756,0.888958215713501,,,0.011085057631134987
2099,26.0,1510,1.7472858428955078,,,0.01915525645017624
2100,22.0,921,1.0802507400512695,,,0.012769069522619247
2101,1.0,380,0.4548981189727783,,,0.015847181901335716
2102,14.0,724,0.8555424213409424,,,0.011056734248995781
2103,5.0,629,0.7385492324829102,,,0.008543195202946663
2104,15.0,763,0.9011039733886719,,,0.006259506568312645
2105,21.0,1011,1.1696579456329346,,,0.01428576186299324
2106,20.0,883,1.038848876953125,,,0.009196317754685879
2107,11.0,844,0.9857950210571289,,,0.022389352321624756
2108,21.0,997,1.1819932460784912,,,0.006466046907007694
2109,9.0,662,0.7822301387786865,,,0.014247347600758076
2110,5.0,615,0.7259538173675537,,,0.003794052405282855
2111,11.0,648,0.7570164203643799,,,0.015225226990878582
2112,6.0,497,0.5794575214385986,,,0.01043886598199606
2113,9.0,675,0.7945008277893066,,,0.015521026216447353
2114,12.0,690,0.7993369102478027,,,0.015345335006713867
2115,11.0,701,0.8112115859985352,,,0.015540741384029388
2116,18.0,917,1.0845229625701904,,,0.012457560747861862
2117,18.0,1137,1.3277504444122314,,,0.005170483607798815
2118,21.0,863,0.99825119972229,,,0.013697298243641853
2119,15.0,863,1.009258508682251,,,0.01983305625617504
2120,15.0,811,0.9455287456512451,,,0.01781580038368702
2121,25.0,1246,1.4424293041229248,,,0.010210363194346428
2122,13.0,685,0.7972948551177979,,,0.006902813445776701
2123,18.0,1030,1.1898441314697266,,,0.009728701785206795
2124,5.0,478,0.5625970363616943,,,0.006641918793320656
2125,5.0,491,0.5837745666503906,,,0.011183013208210468
2126,16.0,846,0.9924516677856445,,,0.008021309971809387
2127,1.0,417,0.4777393341064453,,,0.01259636040776968
2128,19.0,864,1.0111327171325684,,,0.005064595025032759
2129,15.0,862,1.0102574825286865,,,0.014222194440662861
2130,20.0,1132,1.3258001804351807,,,0.02509969286620617
2131,20.0,949,1.1231117248535156,,,0.008974682539701462
2132,10.0,649,0.7748961448669434,,,0.012106912210583687
2133,22.0,1099,1.2847344875335693,,,0.031233202666044235
2134,6.0,531,0.6143248081207275,,,0.01698296330869198
2135,9.0,647,0.757540225982666,,,0.009554949589073658
2136,11.0,725,0.8367114067077637,,,0.012885521166026592
2137,31.0,1487,1.722463607788086,,,0.03231212869286537
2138,13.0,691,0.805659294128418,,,0.015043079853057861
2139,11.0,867,1.018463134765625,,,0.01605815254151821
2140,19.0,1049,1.2346796989440918,,,0.02545151300728321
2141,8.0,509,0.6029534339904785,,,0.010863900184631348
2142,18.0,920,1.0962119102478027,,,0.005043326877057552
2143,16.0,734,0.8761382102966309,,,0.009981110692024231
2144,3.0,452,0.5494468212127686,,,0.012820068746805191
2145,7.0,597,0.709064245223999,,,0.031392790377140045
2146,28.0,1261,1.4983038902282715,,,0.03488350287079811
2147,6.0,397,0.48079633712768555,,,0.012511287815868855
2148,17.0,802,0.9656863212585449,,,0.01352256815880537
2149,7.0,570,0.6848180294036865,,,0.006190413609147072
2150,6.0,567,0.6864945888519287,,,0.0039059959817677736
2151,18.0,827,0.9923677444458008,,,0.007921984419226646
2152,14.0,741,0.9059305191040039,,,0.008652037009596825
2153,27.0,1129,1.3363087177276611,,,0.011074988171458244
2154,17.0,1007,1.2117578983306885,,,0.016865253448486328
2155,6.0,529,0.6378617286682129,,,0.011291719041764736
2156,15.0,857,1.0272321701049805,,,0.021596770733594894
2157,21.0,1167,1.3829047679901123,,,0.015284775756299496
2158,10.0,591,0.7031452655792236,,,0.030236659571528435
2159,17.0,1027,1.2143099308013916,,,0.010905352421104908
2160,19.0,947,1.1244769096374512,,,0.006657303310930729
2161,10.0,719,0.8523521423339844,,,0.011523136869072914
2162,23.0,1033,1.2161314487457275,,,0.013222573325037956
2163,9.0,720,0.8410210609436035,,,0.013075757771730423
2164,2.0,390,0.46340060234069824,,,0.008535250090062618
2165,7.0,524,0.6302080154418945,,,0.0075637041591107845
2166,12.0,665,0.7969331741333008,,,0.010231669060885906
2167,18.0,1037,1.2388577461242676,,,0.007256238255649805
2168,21.0,790,0.9521994590759277,,,0.01094236969947815
2169,21.0,993,1.178741693496704,,,0.0068784067407250404
2170,11.0,793,0.9445338249206543,,,0.00908392108976841
2171,19.0,763,0.9002537727355957,,,0.0341731496155262
2172,6.0,517,0.6211318969726562,,,0.009740338660776615
2173,27.0,1077,1.2858390808105469,,,0.016496412456035614
2174,16.0,763,0.9057691097259521,,,0.01593667082488537
2175,16.0,989,1.1775004863739014,,,0.010952687822282314
2176,20.0,983,1.157609224319458,,,0.007585032843053341
2177,8.0,577,0.6862924098968506,,,0.015132573433220387
2178,15.0,779,0.9370739459991455,,,0.011061856523156166
2179,12.0,846,1.0168116092681885,,,0.010663595981895924
2180,11.0,821,0.9769368171691895,,,0.014062331058084965
2181,22.0,888,1.043954610824585,,,0.013200661167502403
2182,12.0,853,1.0071346759796143,,,0.029579611495137215
2183,22.0,962,1.1281952857971191,,,0.012651843018829823
2184,25.0,1193,1.4177539348602295,,,0.02281779982149601
2185,7.0,603,0.7263448238372803,,,0.01423677708953619
2186,19.0,929,1.1051206588745117,,,0.013546545058488846
2187,11.0,633,0.7460184097290039,,,0.020810594782233238
2188,5.0,583,0.6953270435333252,,,0.013106247410178185
2189,20.0,947,1.1094882488250732,,,0.00667054858058691
2190,19.0,917,1.0670018196105957,,,0.012536021880805492
2191,7.0,661,0.7695717811584473,,,0.013531907461583614
2192,8.0,535,0.6290891170501709,,,0.014043223112821579
2193,8.0,593,0.6976816654205322,,,0.009821412153542042
2194,11.0,729,0.860358715057373,,,0.014009424485266209
2195,18.0,833,0.9740142822265625,,,0.00966607965528965
2196,10.0,737,0.855243444442749,,,0.010266264900565147
2197,25.0,1000,1.1765458583831787,,,0.036133818328380585
2198,16.0,761,0.8969695568084717,,,0.016105830669403076
2199,29.0,1301,1.5114870071411133,,,0.015741746872663498
2200,14.0,721,0.8446083068847656,,,0.011955486610531807
2201,8.0,689,0.8094418048858643,,,0.022236725315451622
2202,15.0,731,0.8659021854400635,,,0.010061909444630146
2203,21.0,1016,1.1908679008483887,,,0.004389181733131409
2204,12.0,844,0.989410400390625,,,0.02095777727663517
2205,20.0,923,1.092012882232666,,,0.026934456080198288
2206,15.0,704,0.8330326080322266,,,0.010603121481835842
2207,19.0,991,1.1782748699188232,,,0.01404249481856823
2208,19.0,912,1.0967254638671875,,,0.015323538333177567
2209,28.0,1374,1.6373941898345947,,,0.021686799824237823
2210,18.0,953,1.1464574337005615,,,0.011017079465091228
2211,12.0,679,0.8185238838195801,,,0.01622794009745121
2212,19.0,939,1.1243135929107666,,,0.012786966748535633
2213,14.0,743,0.8941164016723633,,,0.008436941541731358
2214,11.0,755,0.9146394729614258,,,0.012930459342896938
2215,19.0,896,1.0905790328979492,,,0.03894229233264923
2216,26.0,1260,1.4928967952728271,,,0.009634770452976227
2217,24.0,1192,1.4381868839263916,,,0.010033898055553436
2218,25.0,1150,1.3774785995483398,,,0.02276202291250229
2219,18.0,783,0.9248676300048828,,,0.012678626924753189
2220,18.0,963,1.1429288387298584,,,0.01195211336016655
2221,20.0,985,1.1614854335784912,,,0.005040954332798719
2222,19.0,925,1.0856914520263672,,,0.007093958556652069
2223,13.0,780,0.9370033740997314,,,0.018025455996394157
2224,18.0,909,1.0855817794799805,,,0.006183559074997902
2225,20.0,1048,1.2334611415863037,,,0.026401666924357414
2226,24.0,989,1.1573939323425293,,,0.011022593826055527
2227,7.0,592,0.7041075229644775,,,0.018554268404841423
2228,6.0,509,0.6023118495941162,,,0.009427541866898537
2229,10.0,621,0.7383987903594971,,,0.011113118380308151
2230,6.0,535,0.6334969997406006,,,0.011241918429732323
2231,8.0,735,0.8620953559875488,,,0.019216088578104973
2232,9.0,553,0.6470613479614258,,,0.00979604385793209
2233,16.0,762,0.8989365100860596,,,0.009719671681523323
2234,24.0,1115,1.2983131408691406,,,0.013119161128997803
2235,24.0,1054,1.2455837726593018,,,0.010128390043973923
2236,7.0,490,0.5844931602478027,,,0.010289613157510757
2237,13.0,839,0.9886093139648438,,,0.00672601442784071
2238,16.0,874,1.0358216762542725,,,0.008315356448292732
2239,5.0,495,0.5816974639892578,,,0.007363725453615189
2240,19.0,967,1.126157522201538,,,0.008040184155106544
2241,21.0,1072,1.257671594619751,,,0.01206519827246666
2242,7.0,688,0.8099143505096436,,,0.02132381498813629
2243,19.0,903,1.0600714683532715,,,0.017034079879522324
2244,13.0,652,0.7704226970672607,,,0.022420085966587067
2245,20.0,878,1.0379362106323242,,,0.009969806298613548
2246,16.0,819,0.9706459045410156,,,0.015140200033783913
2247,14.0,682,0.8047585487365723,,,0.016563275828957558
2248,9.0,645,0.7777678966522217,,,0.012814605608582497
2249,14.0,703,0.8445138931274414,,,0.014065318740904331
2250,11.0,647,0.7641174793243408,,,0.037022072821855545
2251,19.0,805,0.9523508548736572,,,0.008465911261737347
2252,19.0,911,1.0928092002868652,,,0.01701185666024685
2253,14.0,681,0.8194065093994141,,,0.011977001093327999
2254,13.0,733,0.8843033313751221,,,0.031615450978279114
2255,15.0,921,1.1180453300476074,,,0.007910383865237236
2256,19.0,858,1.0364298820495605,,,0.005409393459558487
2257,20.0,931,1.115779161453247,,,0.017559144645929337
2258,19.0,894,1.0776605606079102,,,0.005016305483877659
2259,12.0,891,1.0683739185333252,,,0.03296947851777077
2260,10.0,673,0.8168730735778809,,,0.012209093198180199
2261,4.0,417,0.5078332424163818,,,0.008510768413543701
2262,18.0,985,1.1808021068572998,,,0.013174100778996944
2263,4.0,555,0.6777212619781494,,,0.025952870026230812
2264,4.0,389,0.4759528636932373,,,0.008902021683752537
2265,22.0,971,1.1687824726104736,,,0.009692305698990822
2266,13.0,641,0.7629110813140869,,,0.009632103145122528
2267,21.0,850,1.028649091720581,,,0.010592513717710972
2268,4.0,513,0.6166853904724121,,,0.010177184827625751
2269,17.0,987,1.1890501976013184,,,0.01599861867725849
2270,13.0,799,0.9683477878570557,,,0.011430575512349606
2271,26.0,1292,1.552553415298462,,,0.010064155794680119
2272,13.0,859,1.0304274559020996,,,0.014728422276675701
2273,12.0,833,1.0152161121368408,,,0.020743373781442642
2274,14.0,753,0.9119546413421631,,,0.010159372352063656
2275,16.0,867,1.0436246395111084,,,0.007800161372870207
2276,20.0,921,1.0981090068817139,,,0.008020658977329731
2277,21.0,1007,1.2179806232452393,,,0.012970935553312302
2278,11.0,666,0.7880408763885498,,,0.022685518488287926
2279,11.0,945,1.1143450736999512,,,0.015118679031729698
2280,17.0,993,1.1871247291564941,,,0.027040164917707443
2281,11.0,744,0.9010791778564453,,,0.013471932150423527
2282,21.0,967,1.172476053237915,,,0.03574041277170181
2283,19.0,936,1.1104130744934082,,,0.020071810111403465
2284,10.0,806,0.9592232704162598,,,0.010760598815977573
2285,15.0,740,0.892643928527832,,,0.004622955806553364
2286,31.0,1420,1.6925482749938965,,,0.024923764169216156
2287,21.0,1026,1.2216942310333252,,,0.008539203554391861
2288,11.0,817,1.003960371017456,,,0.00602211756631732
2289,16.0,854,1.0288875102996826,,,0.017476966604590416
2290,17.0,805,0.9684064388275146,,,0.009625501930713654
2291,16.0,811,0.9799304008483887,,,0.0143933966755867
2292,8.0,723,0.8740763664245605,,,0.009284254163503647
2293,14.0,995,1.1979119777679443,,,0.0077994512394070625
2294,16.0,879,1.0615808963775635,,,0.013111812062561512
2295,14.0,597,0.7284493446350098,,,0.008389436639845371
2296,12.0,569,0.6931760311126709,,,0.022853724658489227
2297,14.0,719,0.8843643665313721,,,0.012535915710031986
2298,20.0,909,1.0847489833831787,,,0.010457447730004787
2299,15.0,793,0.9546332359313965,,,0.012691988609731197
2300,14.0,851,1.0340476036071777,,,0.009861540980637074
2301,10.0,663,0.8108525276184082,,,0.017256705090403557
2302,6.0,615,0.7333784103393555,,,0.013428328558802605
2303,20.0,987,1.201777458190918,,,0.010097145102918148
2304,20.0,1051,1.2652297019958496,,,0.008497231639921665
2305,15.0,682,0.8279452323913574,,,0.011631712317466736
2306,16.0,859,1.0355279445648193,,,0.005371921230107546
2307,18.0,1151,1.3612632751464844,,,0.005344512406736612
2308,22.0,865,1.0363051891326904,,,0.013774662278592587
2309,5.0,366,0.44739484786987305,,,0.007220474537461996
2310,14.0,775,0.9385111331939697,,,0.013600537553429604
2311,23.0,1035,1.2497398853302002,,,0.009919640608131886
2312,26.0,1035,1.2291347980499268,,,0.020664462819695473
2313,3.0,401,0.47213244438171387,,,0.007895526476204395
2314,13.0,765,0.9295012950897217,,,0.018178224563598633
2315,10.0,722,0.8796522617340088,,,0.013472027145326138
2316,12.0,706,0.8508880138397217,,,0.011028213426470757
2317,19.0,919,1.1106829643249512,,,0.020409774035215378
2318,18.0,925,1.1023244857788086,,,0.004732928238809109
2319,15.0,712,0.8587794303894043,,,0.014118525199592113
2320,7.0,493,0.6081032752990723,,,0.010644587688148022
2321,9.0,590,0.7277345657348633,,,0.01895424909889698
2322,16.0,743,0.9006543159484863,,,0.018686853349208832
2323,13.0,823,1.0093603134155273,,,0.018566953018307686
2324,16.0,1006,1.2230026721954346,,,0.012411638163030148
2325,15.0,769,0.9316678047180176,,,0.008309938944876194
2326,21.0,1195,1.445955514907837,,,0.012629952281713486
2327,14.0,766,0.9317872524261475,,,0.014417747966945171
2328,21.0,882,1.0707118511199951,,,0.012378212995827198
2329,18.0,806,0.9868857860565186,,,0.007708607707172632
2330,5.0,607,0.7377750873565674,,,0.020591000095009804
2331,6.0,533,0.6424899101257324,,,0.009460561908781528
2332,15.0,1039,1.2533926963806152,,,0.014730725437402725
2333,14.0,756,0.915961503982544,,,0.02003088966012001
2334,15.0,845,1.0117530822753906,,,0.00820004940032959
2335,5.0,411,0.49506449699401855,,,0.01905716210603714
2336,15.0,966,1.1611061096191406,,,0.015385613776743412
2337,17.0,809,0.960806131362915,,,0.008271647617220879
2338,8.0,665,0.7992897033691406,,,0.013935376890003681
2339,15.0,691,0.8320190906524658,,,0.02598441019654274
2340,15.0,876,1.0459628105163574,,,0.03739923611283302
2341,15.0,733,0.8901453018188477,,,0.024364488199353218
2342,21.0,892,1.0529725551605225,,,0.006559619214385748
2343,21.0,1123,1.331428050994873,,,0.009385189972817898
2344,17.0,773,0.9152567386627197,,,0.007642997428774834
2345,7.0,616,0.750251293182373,,,0.010280665010213852
2346,8.0,549,0.6659445762634277,,,0.021222863346338272
2347,15.0,845,1.029066801071167,,,0.017724353820085526
2348,11.0,975,1.1865732669830322,,,0.018466321751475334
2349,22.0,1066,1.282611608505249,,,0.05094705894589424
2350,22.0,866,1.0451982021331787,,,0.00902303121984005
2351,28.0,1153,1.3930168151855469,,,0.02217029593884945
2352,16.0,1025,1.2654101848602295,,,0.011234773322939873
2353,5.0,583,0.7501237392425537,,,0.014497067779302597
2354,17.0,900,1.0978386402130127,,,0.010005504824221134
2355,6.0,509,0.6199905872344971,,,0.00968658272176981
2356,18.0,859,1.0383610725402832,,,0.021435534581542015
2357,10.0,630,0.757713794708252,,,0.010617431253194809
2358,25.0,1212,1.4654529094696045,,,0.003038797527551651
2359,9.0,676,0.817521333694458,,,0.004109608940780163
2360,16.0,811,0.9711399078369141,,,0.012913786806166172
2361,8.0,648,0.7706911563873291,,,0.014289649203419685
2362,10.0,857,1.0218515396118164,,,0.025466395542025566
2363,9.0,517,0.6121468544006348,,,0.021570952609181404
2364,20.0,939,1.1187663078308105,,,0.017336741089820862
2365,8.0,793,0.9624836444854736,,,0.026467664167284966
2366,17.0,895,1.0915403366088867,,,0.009401857852935791
2367,8.0,527,0.6415276527404785,,,0.017410438507795334
2368,6.0,793,0.9674472808837891,,,0.012346320785582066
2369,19.0,922,1.1098723411560059,,,0.02036779746413231
2370,28.0,1351,1.619990587234497,,,0.01467515155673027
2371,19.0,906,1.0845487117767334,,,0.005438101943582296
2372,11.0,659,0.7989404201507568,,,0.0193437822163105
2373,18.0,913,1.0925769805908203,,,0.016819359734654427
2374,17.0,946,1.1549510955810547,,,0.01102649886161089
2375,12.0,947,1.1635432243347168,,,0.016215266659855843
2376,32.0,1363,1.612166404724121,,,0.037981245666742325
2377,20.0,953,1.1534674167633057,,,0.013828071765601635
2378,15.0,944,1.1468865871429443,,,0.010358449071645737
2379,8.0,563,0.6794261932373047,,,0.017940090969204903
2380,19.0,949,1.1585981845855713,,,0.01661931350827217
2381,8.0,499,0.6116766929626465,,,0.009077748283743858
2382,22.0,1124,1.3708603382110596,,,0.008592558093369007
2383,24.0,1251,1.5071942806243896,,,0.020769242197275162
2384,3.0,361,0.4366123676300049,,,0.013290071859955788
2385,17.0,983,1.1781158447265625,,,0.01411522924900055
2386,12.0,1068,1.2684941291809082,,,0.016066931188106537
2387,19.0,988,1.192786693572998,,,0.0061136954464018345
2388,13.0,655,0.8013677597045898,,,0.0063819545321166515
2389,10.0,705,0.8630704879760742,,,0.00936248991638422
2390,18.0,797,0.9682767391204834,,,0.008249438367784023
2391,1.0,337,0.39942121505737305,,,0.008067726157605648
2392,14.0,710,0.8506159782409668,,,0.005867457017302513
2393,17.0,921,1.103635311126709,,,0.023265831172466278
2394,17.0,842,1.0118279457092285,,,0.021323824301362038
2395,26.0,1252,1.494328498840332,,,0.010112234391272068
2396,14.0,818,0.9730391502380371,,,0.010351373814046383
2397,14.0,735,0.8807418346405029,,,0.02947356551885605
2398,29.0,1061,1.2854087352752686,,,0.006001490633934736
2399,22.0,986,1.207679271697998,,,0.01688036136329174
2400,5.0,525,0.6368451118469238,,,0.006224119570106268
2401,19.0,947,1.151907205581665,,,0.015625108033418655
2402,14.0,604,0.7403435707092285,,,0.005441807676106691
2403,9.0,669,0.811021089553833,,,0.00813521258533001
2404,15.0,747,0.9147887229919434,,,0.021663637831807137
2405,13.0,665,0.8132362365722656,,,0.01921435073018074
2406,22.0,1053,1.2822465896606445,,,0.017136402428150177
2407,27.0,1277,1.5437030792236328,,,0.008226976729929447
2408,8.0,661,0.806929349899292,,,0.012177066877484322
2409,15.0,737,0.8954472541809082,,,0.020579000934958458
2410,18.0,881,1.05710768699646,,,0.019967082887887955
2411,20.0,1028,1.2241487503051758,,,0.016038816422224045
2412,19.0,857,1.0222222805023193,,,0.023789947852492332
2413,14.0,713,0.8810780048370361,,,0.011285831220448017
2414,9.0,679,0.8333098888397217,,,0.015637261793017387
2415,24.0,1266,1.5368931293487549,,,0.013448592275381088
2416,20.0,991,1.2034409046173096,,,0.028874792158603668
2417,16.0,749,0.8951020240783691,,,0.01323818601667881
2418,7.0,551,0.6677834987640381,,,0.039537858217954636
2419,17.0,966,1.1490395069122314,,,0.02076231688261032
2420,15.0,910,1.0905272960662842,,,0.012507078237831593
2421,15.0,621,0.7629601955413818,,,0.014770807698369026
2422,17.0,822,1.000762701034546,,,0.016596641391515732
2423,22.0,831,0.998079776763916,,,0.0068750386126339436
2424,11.0,797,0.9608418941497803,,,0.01528309378772974
2425,25.0,1065,1.2912232875823975,,,0.02794981375336647
2426,7.0,639,0.7858502864837646,,,0.019974304363131523
2427,22.0,979,1.1865370273590088,,,0.013555334880948067
2428,19.0,958,1.1515233516693115,,,0.00958341732621193
2429,14.0,759,0.9137897491455078,,,0.006128303706645966
2430,18.0,1259,1.5102417469024658,,,0.02443942241370678
2431,12.0,834,1.0139758586883545,,,0.011661479249596596
2432,27.0,1251,1.4964573383331299,,,0.035686194896698
2433,8.0,671,0.819537878036499,,,0.027495387941598892
2434,13.0,743,0.909700870513916,,,0.012802086770534515
2435,12.0,690,0.8451168537139893,,,0.006355661433190107
2436,16.0,906,1.1117396354675293,,,0.008734297007322311
2437,20.0,1076,1.3192048072814941,,,0.008832552470266819
2438,23.0,1361,1.6354658603668213,,,0.010768409818410873
2439,11.0,743,0.9141268730163574,,,0.009953921660780907
2440,19.0,912,1.1056938171386719,,,0.013294371776282787
2441,18.0,1007,1.2223846912384033,,,0.0314628928899765
2442,27.0,1029,1.251596450805664,,,0.011954163201153278
2443,16.0,847,1.0378828048706055,,,0.009889207780361176
2444,16.0,799,0.9807884693145752,,,0.017427705228328705
2445,10.0,511,0.6231040954589844,,,0.026675965636968613
2446,22.0,947,1.1555638313293457,,,0.01515066996216774
2447,12.0,743,0.9062323570251465,,,0.01601969450712204
2448,3.0,361,0.4338042736053467,,,0.008851470425724983
2449,11.0,767,0.9265542030334473,,,0.006801003124564886
2450,19.0,912,1.1116716861724854,,,0.017285708338022232
2451,18.0,783,0.9593684673309326,,,0.041628263890743256
2452,7.0,586,0.7210545539855957,,,0.017791690304875374
2453,26.0,1245,1.5151128768920898,,,0.013296944089233875
2454,15.0,737,0.9046769142150879,,,0.026896018534898758
2455,19.0,1162,1.3934919834136963,,,0.012006430886685848
2456,21.0,907,1.0837140083312988,,,0.013116974383592606
2457,19.0,1063,1.2913124561309814,,,0.012150591239333153
2458,21.0,1080,1.317077875137329,,,0.024120047688484192
2459,18.0,943,1.1494312286376953,,,0.010794517584145069
2460,14.0,801,0.9827911853790283,,,0.00823851116001606
2461,14.0,765,0.9436161518096924,,,0.011421223171055317
2462,16.0,839,1.0155086517333984,,,0.021517634391784668
2463,16.0,964,1.176154375076294,,,0.024300817400217056
2464,17.0,877,1.0595142841339111,,,0.009479430504143238
2465,8.0,566,0.6988551616668701,,,0.008907469920814037
2466,16.0,796,0.9658362865447998,,,0.003873910056427121
2467,12.0,699,0.8517584800720215,,,0.014083493500947952
2468,20.0,1000,1.2236337661743164,,,0.010664708912372589
2469,17.0,929,1.1442852020263672,,,0.008235187269747257
2470,14.0,959,1.1545758247375488,,,0.013435523957014084
2471,13.0,750,0.9135191440582275,,,0.033843860030174255
2472,12.0,759,0.9171748161315918,,,0.019491998478770256
2473,22.0,999,1.2067551612854004,,,0.011523464694619179
2474,11.0,718,0.8673357963562012,,,0.011433710344135761
2475,10.0,810,0.9857935905456543,,,0.011265786364674568
2476,10.0,727,0.8732340335845947,,,0.015636075288057327
2477,19.0,853,1.0329961776733398,,,0.0074984305538237095
2478,8.0,634,0.7748904228210449,,,0.012808936648070812
2479,21.0,882,1.0753333568572998,,,0.014381304383277893
2480,24.0,915,1.1102044582366943,,,0.006885104347020388
2481,15.0,953,1.1532039642333984,,,0.0136423883959651
2482,17.0,772,0.9332797527313232,,,0.015828032046556473
2483,20.0,921,1.1063551902770996,,,0.013535305857658386
2484,8.0,664,0.8115689754486084,,,0.010238401591777802
2485,16.0,954,1.1607825756072998,,,0.013349475339055061
2486,13.0,776,0.9516355991363525,,,0.008214253932237625
2487,17.0,891,1.0867936611175537,,,0.019413232803344727
2488,13.0,821,1.0106737613677979,,,0.012777591124176979
2489,9.0,478,0.5812082290649414,,,0.014001547358930111
2490,11.0,877,1.0775258541107178,,,0.010943998582661152
2491,30.0,1262,1.54410719871521,,,0.004474407993257046
2492,19.0,979,1.2027781009674072,,,0.01023129839450121
2493,12.0,717,0.8789536952972412,,,0.008790196850895882
2494,17.0,795,0.9766671657562256,,,0.008329830132424831
2495,19.0,1059,1.285642147064209,,,0.011933124624192715
2496,8.0,615,0.757500171661377,,,0.010414917953312397
2497,19.0,948,1.1717076301574707,,,0.019623098894953728
2498,18.0,1136,1.3928759098052979,,,0.012825492769479752
2499,10.0,523,0.6514456272125244,,,0.02760593593120575
2500,8.0,710,0.8728969097137451,,,0.027915850281715393
2501,13.0,838,1.0198767185211182,,,0.010920542292296886
2502,21.0,1091,1.298022747039795,,,0.008356633596122265
2503,9.0,637,0.7702295780181885,,,0.01984667219221592
2504,12.0,728,0.9003784656524658,,,0.011775434948503971
2505,20.0,976,1.1901485919952393,,,0.018214989453554153
2506,17.0,871,1.0582187175750732,,,0.012106508947908878
2507,29.0,1170,1.4141862392425537,,,0.011413861997425556
2508,21.0,877,1.0598485469818115,,,0.00879242829978466
2509,10.0,651,0.7924129962921143,,,0.014914697967469692
2510,17.0,850,1.038649559020996,,,0.004731838591396809
2511,23.0,1015,1.2305607795715332,,,0.012112166732549667
2512,16.0,1019,1.215822458267212,,,0.010619070380926132
2513,12.0,785,0.9584681987762451,,,0.012012402527034283
2514,8.0,529,0.6457030773162842,,,0.010920274071395397
2515,8.0,630,0.7654125690460205,,,0.011495382525026798
2516,12.0,770,0.939854621887207,,,0.0064644282683730125
2517,21.0,929,1.125586748123169,,,0.01052098535001278
2518,19.0,983,1.1875884532928467,,,0.010550320148468018
2519,21.0,957,1.1616168022155762,,,0.00888970959931612
2520,10.0,663,0.804497480392456,,,0.005305803380906582
2521,14.0,962,1.1999166011810303,,,0.010735778138041496
2522,13.0,944,1.1677367687225342,,,0.01103903353214264
2523,20.0,781,0.9562628269195557,,,0.012923963367938995
2524,8.0,608,0.7575187683105469,,,0.015490463934838772
2525,6.0,375,0.4700741767883301,,,0.009221130982041359
2526,12.0,618,0.7624461650848389,,,0.016811398789286613
2527,10.0,648,0.7842295169830322,,,0.017988426610827446
2528,7.0,618,0.746912956237793,,,0.014170188456773758
2529,20.0,1139,1.381021499633789,,,0.016898320987820625
2530,12.0,665,0.805366039276123,,,0.008764508180320263
2531,24.0,1187,1.4352757930755615,,,0.012225675396621227
2532,13.0,763,0.9422757625579834,,,0.005673765204846859
2533,9.0,617,0.7606844902038574,,,0.003741248743608594
2534,18.0,1025,1.2509350776672363,,,0.028787381947040558
2535,15.0,760,0.9094510078430176,,,0.010095400735735893
2536,19.0,1005,1.2375693321228027,,,0.013711513951420784
2537,23.0,1291,1.5836060047149658,,,0.012656657956540585
2538,23.0,932,1.1531898975372314,,,0.007042940240353346
2539,21.0,867,1.0709662437438965,,,0.008739023469388485
2540,18.0,923,1.1351871490478516,,,0.010221023112535477
2541,18.0,822,1.0023210048675537,,,0.015966368839144707
2542,6.0,435,0.5367832183837891,,,0.023370865732431412
2543,13.0,745,0.9244403839111328,,,0.009175271727144718
2544,11.0,707,0.8812034130096436,,,0.015992334112524986
2545,26.0,1066,1.293053150177002,,,0.007579341996461153
2546,25.0,1107,1.365833044052124,,,0.013618205673992634
2547,21.0,1067,1.316861867904663,,,0.021039988845586777
2548,13.0,628,0.7779200077056885,,,0.014931791462004185
2549,19.0,971,1.1987040042877197,,,0.004559717606753111
2550,18.0,905,1.1148710250854492,,,0.016731644049286842
2551,16.0,820,1.009418249130249,,,0.023797644302248955
2552,18.0,972,1.2115697860717773,,,0.02377268671989441
2553,13.0,901,1.1054577827453613,,,0.00881960615515709
2554,18.0,765,0.9418792724609375,,,0.00833174865692854
2555,14.0,868,1.0740609169006348,,,0.014569026418030262
2556,3.0,376,0.4628453254699707,,,0.012907701544463634
2557,14.0,715,0.8776869773864746,,,0.014132543466985226
2558,19.0,829,1.0014777183532715,,,0.011618101969361305
2559,16.0,759,0.9282708168029785,,,0.030405651777982712
2560,12.0,716,0.8738045692443848,,,0.006031079217791557
2561,22.0,1055,1.3040134906768799,,,0.021462785080075264
2562,24.0,958,1.1674792766571045,,,0.006058648694306612
2563,21.0,973,1.201542615890503,,,0.007104100659489632
2564,21.0,1141,1.4037377834320068,,,0.006749938242137432
2565,22.0,906,1.120908260345459,,,0.026339713484048843
2566,10.0,658,0.8129246234893799,,,0.021384332329034805
2567,21.0,873,1.0625619888305664,,,0.008522044867277145
2568,14.0,787,0.9574165344238281,,,0.031947921961545944
2569,5.0,417,0.5158672332763672,,,0.003652852261438966
2570,27.0,1285,1.557542324066162,,,0.009691600687801838
2571,18.0,909,1.1144592761993408,,,0.015352458693087101
2572,18.0,1059,1.2965068817138672,,,0.02654099650681019
2573,23.0,933,1.1494059562683105,,,0.01609274372458458
2574,18.0,829,1.0320498943328857,,,0.010371508076786995
2575,5.0,418,0.5210533142089844,,,0.015264670364558697
2576,9.0,671,0.8305480480194092,,,0.01798088103532791
2577,15.0,769,0.9528284072875977,,,0.0172863882035017
2578,29.0,1121,1.378328800201416,,,0.0072381459176540375
2579,21.0,1137,1.4073152542114258,,,0.029042305424809456
2580,14.0,813,1.0063931941986084,,,0.017541291192173958
2581,20.0,1020,1.2639362812042236,,,0.040846772491931915
2582,23.0,855,1.057692050933838,,,0.0038814558647572994
2583,23.0,977,1.2002010345458984,,,0.02054373174905777
2584,23.0,983,1.204594373703003,,,0.027085864916443825
2585,22.0,950,1.1714003086090088,,,0.017960108816623688
2586,13.0,688,0.837684154510498,,,0.0314355194568634
2587,10.0,648,0.8029084205627441,,,0.01173522137105465
2588,16.0,952,1.1867296695709229,,,0.012628461234271526
2589,20.0,1054,1.2927658557891846,,,0.00827637780457735
2590,19.0,911,1.1126070022583008,,,0.009798126295208931
2591,17.0,901,1.113652229309082,,,0.02010958641767502
2592,10.0,725,0.9101467132568359,,,0.03587517514824867
2593,3.0,382,0.47263312339782715,,,0.006965733133256435
2594,21.0,1137,1.4173274040222168,,,0.009638938121497631
2595,14.0,899,1.1062066555023193,,,0.01681872457265854
2596,7.0,634,0.7742085456848145,,,0.014080881141126156
2597,20.0,956,1.1598358154296875,,,0.015650197863578796
2598,14.0,809,0.9874203205108643,,,0.012362712062895298
2599,11.0,715,0.880728006362915,,,0.010056695900857449
2600,17.0,836,1.0406789779663086,,,0.012779852375388145
2601,7.0,491,0.6099920272827148,,,0.012281539849936962
2602,27.0,1341,1.6521022319793701,,,0.012335387989878654
2603,21.0,941,1.1626002788543701,,,0.0071958862245082855
2604,8.0,640,0.7933001518249512,,,0.006947691086679697
2605,17.0,888,1.088787317276001,,,0.021170025691390038
2606,19.0,998,1.2281737327575684,,,0.030885260552167892
2607,26.0,1284,1.5839483737945557,,,0.010657547041773796
2608,13.0,784,0.9651768207550049,,,0.007063593715429306
2609,11.0,629,0.7850189208984375,,,0.018319234251976013
2610,21.0,957,1.1842081546783447,,,0.01066789124161005
2611,16.0,720,0.8820295333862305,,,0.003325686790049076
2612,29.0,1263,1.543285846710205,,,0.008460176177322865
2613,5.0,521,0.6499238014221191,,,0.006684015970677137
2614,21.0,794,0.9732544422149658,,,0.009340915828943253
2615,7.0,607,0.7485706806182861,,,0.014618732035160065
2616,21.0,903,1.103919267654419,,,0.02486472949385643
2617,18.0,855,1.0514652729034424,,,0.006238724570721388
2618,18.0,865,1.0613930225372314,,,0.014362779445946217
2619,16.0,675,0.8274316787719727,,,0.009167161770164967
2620,10.0,491,0.6058285236358643,,,0.0323452465236187
2621,23.0,1163,1.4103498458862305,,,0.008416129276156425
2622,5.0,524,0.6550416946411133,,,0.024417493492364883
2623,30.0,1423,1.7351164817810059,,,0.009579306468367577
2624,7.0,519,0.63246750831604,,,0.023996418341994286
2625,16.0,934,1.1470212936401367,,,0.022035783156752586
2626,17.0,775,0.9520480632781982,,,0.008778771385550499
2627,10.0,663,0.8086063861846924,,,0.009384620934724808
2628,21.0,925,1.1423451900482178,,,0.006882958579808474
2629,24.0,1002,1.2193467617034912,,,0.021629255264997482
2630,16.0,791,0.9658937454223633,,,0.010371748358011246
2631,9.0,631,0.7656552791595459,,,0.012782834470272064
2632,18.0,811,0.9915306568145752,,,0.017302116379141808
2633,22.0,970,1.1913032531738281,,,0.008507078513503075
2634,15.0,737,0.9051082134246826,,,0.017852257937192917
2635,19.0,895,1.1083614826202393,,,0.007687834557145834
2636,26.0,1011,1.2303040027618408,,,0.012053733691573143
2637,13.0,765,0.9381139278411865,,,0.028775788843631744
2638,13.0,922,1.1404759883880615,,,0.02003137767314911
2639,18.0,920,1.136408805847168,,,0.012826886959373951
2640,22.0,971,1.18684983253479,,,0.005977740045636892
2641,17.0,1035,1.2688822746276855,,,0.02020406350493431
2642,26.0,1165,1.4314606189727783,,,0.028926892206072807
2643,9.0,567,0.7072591781616211,,,0.014902502298355103
2644,10.0,673,0.8406426906585693,,,0.01164440531283617
2645,13.0,687,0.8589978218078613,,,0.008294529281556606
2646,18.0,795,0.9874129295349121,,,0.011078809387981892
2647,18.0,819,1.0285587310791016,,,0.010655957274138927
2648,16.0,750,0.9348633289337158,,,0.023745590820908546
2649,19.0,1039,1.2894842624664307,,,0.028218602761626244
2650,20.0,1042,1.2917420864105225,,,0.01173757016658783
2651,17.0,743,0.9195060729980469,,,0.023495303466916084
2652,27.0,1390,1.7187654972076416,,,0.006830686237663031
2653,18.0,869,1.0827534198760986,,,0.012490306049585342
2654,19.0,952,1.1810894012451172,,,0.007709129713475704
2655,17.0,879,1.0887742042541504,,,0.010514147579669952
2656,5.0,375,0.4708683490753174,,,0.008410369046032429
2657,20.0,857,1.0477628707885742,,,0.015320561826229095
2658,9.0,533,0.6572527885437012,,,0.02853694185614586
2659,19.0,1027,1.2816760540008545,,,0.045046426355838776
2660,18.0,871,1.0711281299591064,,,0.007427336648106575
2661,8.0,525,0.6386723518371582,,,0.00491363275796175
2662,21.0,919,1.144909143447876,,,0.01325140055269003
2663,11.0,673,0.8212399482727051,,,0.011510883457958698
2664,9.0,515,0.6324925422668457,,,0.017136115580797195
2665,12.0,698,0.8616611957550049,,,0.007326914928853512
2666,8.0,591,0.7331445217132568,,,0.00780507130548358
2667,23.0,1003,1.233710527420044,,,0.02661260962486267
2668,25.0,1029,1.2817168235778809,,,0.011204586364328861
2669,21.0,882,1.1000919342041016,,,0.02532535418868065
2670,28.0,1149,1.4277644157409668,,,0.012066819705069065
2671,21.0,959,1.1959567070007324,,,0.009421106427907944
2672,17.0,911,1.1410236358642578,,,0.007787052541971207
2673,21.0,823,1.0202338695526123,,,0.010809176601469517
2674,28.0,1084,1.3431644439697266,,,0.00943985115736723
2675,17.0,859,1.0574979782104492,,,0.006916866172105074
2676,13.0,685,0.847447395324707,,,0.029673147946596146
2677,21.0,862,1.075711727142334,,,0.01448166836053133
2678,27.0,1313,1.6165506839752197,,,0.003876924980431795
2679,27.0,1151,1.4085581302642822,,,0.013130629435181618
2680,14.0,792,0.9882848262786865,,,0.01290530152618885
2681,7.0,535,0.661956787109375,,,0.010673711076378822
2682,12.0,653,0.8015384674072266,,,0.017149517312645912
2683,19.0,925,1.1365025043487549,,,0.014893690124154091
2684,16.0,996,1.2216074466705322,,,0.02514975517988205
2685,13.0,637,0.7935256958007812,,,0.007857920601963997
2686,24.0,1032,1.2744536399841309,,,0.013104701414704323
2687,25.0,956,1.1849536895751953,,,0.03410066291689873
2688,11.0,687,0.8431217670440674,,,0.008997214958071709
2689,15.0,806,1.0014393329620361,,,0.008300711400806904
2690,7.0,575,0.7292478084564209,,,0.009641529060900211
2691,18.0,1018,1.259711742401123,,,0.011324277147650719
2692,13.0,769,0.9513366222381592,,,0.03188547492027283
2693,21.0,809,1.0023691654205322,,,0.025359341874718666
2694,12.0,841,1.0431694984436035,,,0.02102646790444851
2695,22.0,921,1.1337890625,,,0.00786797609180212
2696,16.0,855,1.064953088760376,,,0.021822918206453323
2697,27.0,1073,1.3197147846221924,,,0.007766906172037125
2698,14.0,828,1.015834093093872,,,0.014805828221142292
2699,10.0,633,0.7837920188903809,,,0.005715952720493078
2700,17.0,729,0.9046440124511719,,,0.018418071791529655
2701,22.0,901,1.1121211051940918,,,0.012622960843145847
2702,17.0,848,1.0478107929229736,,,0.023805947974324226
2703,25.0,861,1.0481126308441162,,,0.01470150612294674
2704,7.0,504,0.6145615577697754,,,0.017346490174531937
2705,15.0,859,1.059485673904419,,,0.006896683946251869
2706,21.0,815,1.003068208694458,,,0.014244862832129002
2707,23.0,1023,1.2536489963531494,,,0.010042245499789715
2708,19.0,813,1.0070347785949707,,,0.007576663512736559
2709,13.0,543,0.674304723739624,,,0.010923722758889198
2710,13.0,745,0.923004150390625,,,0.010570719838142395
2711,28.0,1202,1.4771697521209717,,,0.02283068560063839
2712,21.0,787,0.9628841876983643,,,0.007710170932114124
2713,20.0,943,1.1628727912902832,,,0.014080550521612167
2714,19.0,900,1.124619483947754,,,0.012540402822196484
2715,23.0,916,1.1512360572814941,,,0.016423121094703674
2716,18.0,946,1.1637687683105469,,,0.019494207575917244
2717,28.0,1152,1.4047889709472656,,,0.014887199737131596
2718,21.0,950,1.1561644077301025,,,0.01881461776793003
2719,17.0,885,1.0922353267669678,,,0.03537420928478241
2720,5.0,350,0.4362494945526123,,,0.009366004727780819
2721,23.0,1122,1.3967115879058838,,,0.014923117123544216
2722,12.0,666,0.8342740535736084,,,0.008067864924669266
2723,18.0,1065,1.3512558937072754,,,0.008763873018324375
2724,20.0,927,1.1549842357635498,,,0.008515643887221813
2725,22.0,1013,1.2657115459442139,,,0.014608927071094513
2726,15.0,723,0.9101996421813965,,,0.012182468548417091
2727,17.0,707,0.8687582015991211,,,0.028898833319544792
2728,13.0,729,0.908367395401001,,,0.010912394151091576
2729,14.0,967,1.2082781791687012,,,0.01432009320706129
2730,24.0,848,1.0451788902282715,,,0.00994204729795456
2731,22.0,971,1.1941516399383545,,,0.012295517139136791
2732,18.0,928,1.1503334045410156,,,0.0097613874822855
2733,26.0,1143,1.4109907150268555,,,0.007688003126531839
2734,21.0,1033,1.2721848487854004,,,0.008406315930187702
2735,6.0,548,0.6858975887298584,,,0.016007255762815475
2736,22.0,980,1.2076733112335205,,,0.007931394502520561
2737,24.0,944,1.1659648418426514,,,0.009840596467256546
2738,8.0,495,0.620919942855835,,,0.009451312012970448
2739,24.0,1056,1.3320400714874268,,,0.012490804307162762
2740,14.0,887,1.1197216510772705,,,0.03469209372997284
2741,16.0,945,1.1763644218444824,,,0.016919942572712898
2742,5.0,437,0.5497851371765137,,,0.01193519402295351
2743,27.0,1071,1.3256804943084717,,,0.023486372083425522
2744,20.0,866,1.0757205486297607,,,0.009806421585381031
2745,10.0,646,0.8053317070007324,,,0.009481200948357582
2746,21.0,924,1.1432139873504639,,,0.017970725893974304
2747,7.0,463,0.572317361831665,,,0.009481845423579216
2748,15.0,825,1.028745174407959,,,0.007084823213517666
2749,21.0,950,1.1726038455963135,,,0.012414206750690937
2750,21.0,833,1.0400333404541016,,,0.005110968369990587
2751,12.0,695,0.8762879371643066,,,0.02439599484205246
2752,15.0,789,0.9909300804138184,,,0.009138419292867184
2753,9.0,469,0.5916135311126709,,,0.013449594378471375
2754,21.0,901,1.1305274963378906,,,0.015191708691418171
2755,18.0,859,1.0748705863952637,,,0.018963126465678215
2756,15.0,953,1.1996228694915771,,,0.01480537187308073
2757,25.0,1080,1.3517441749572754,,,0.025928029790520668
2758,23.0,1023,1.2792773246765137,,,0.012673658318817616
2759,18.0,847,1.059110164642334,,,0.02267727069556713
2760,16.0,813,1.0181190967559814,,,0.009673675522208214
2761,22.0,935,1.1783437728881836,,,0.012852536514401436
2762,17.0,825,1.0353903770446777,,,0.012521919794380665
2763,20.0,933,1.1658532619476318,,,0.022739971056580544
2764,17.0,763,0.9595367908477783,,,0.012268413789570332
2765,17.0,879,1.0826895236968994,,,0.015835396945476532
2766,6.0,556,0.7050342559814453,,,0.010127018205821514
2767,12.0,711,0.8857231140136719,,,0.007717242930084467
2768,13.0,668,0.8350956439971924,,,0.005774146411567926
2769,13.0,673,0.8252928256988525,,,0.02045261859893799
2770,23.0,1153,1.4307518005371094,,,0.010953249409794807
2771,16.0,801,0.9940462112426758,,,0.018902704119682312
2772,14.0,755,0.9460029602050781,,,0.010944231413304806
2773,9.0,485,0.6181471347808838,,,0.006503226701170206
2774,13.0,876,1.1026854515075684,,,0.02950931526720524
2775,15.0,850,1.0685248374938965,,,0.008588933385908604
2776,21.0,1018,1.276500940322876,,,0.014013972133398056
2777,11.0,855,1.056121587753296,,,0.011249005794525146
2778,21.0,807,0.9934701919555664,,,0.021206537261605263
2779,11.0,661,0.8201699256896973,,,0.033067189157009125
2780,18.0,875,1.1086199283599854,,,0.01111965999007225
2781,14.0,743,0.9431965351104736,,,0.011387939564883709
2782,16.0,827,1.0304608345031738,,,0.011003191582858562
2783,18.0,805,1.008782148361206,,,0.008986074477434158
2784,15.0,807,0.9991989135742188,,,0.012094173580408096
2785,15.0,807,1.021681308746338,,,0.03293079510331154
2786,13.0,715,0.9024202823638916,,,0.007332363165915012
2787,20.0,918,1.1555602550506592,,,0.009279154241085052
2788,25.0,1094,1.3597640991210938,,,0.015243129804730415
2789,13.0,667,0.8368692398071289,,,0.009591134265065193
2790,16.0,688,0.8678948879241943,,,0.011474949307739735
2791,21.0,1055,1.3140058517456055,,,0.008762219920754433
2792,20.0,845,1.0699913501739502,,,0.027235068380832672
2793,18.0,847,1.067967414855957,,,0.013435181230306625
2794,25.0,950,1.1933302879333496,,,0.0075987596064805984
2795,21.0,1089,1.363684892654419,,,0.006908699404448271
2796,17.0,837,1.044318437576294,,,0.017030496150255203
2797,23.0,938,1.1550335884094238,,,0.036058805882930756
2798,18.0,977,1.206538200378418,,,0.00635114498436451
2799,9.0,536,0.6777944564819336,,,0.029602941125631332
2800,12.0,841,1.0530505180358887,,,0.012364162132143974
2801,19.0,918,1.1554417610168457,,,0.007633325178176165
2802,15.0,971,1.2237107753753662,,,0.00997074693441391
2803,26.0,895,1.1150474548339844,,,0.014004471711814404
2804,21.0,845,1.0784077644348145,,,0.0071334559470415115
2805,21.0,927,1.1544303894042969,,,0.011622346006333828
2806,14.0,847,1.0670969486236572,,,0.006311873905360699
2807,18.0,828,1.0337512493133545,,,0.010702313855290413
2808,15.0,763,0.9629404544830322,,,0.014925441704690456
2809,27.0,1043,1.3157925605773926,,,0.022591905668377876
2810,20.0,827,1.0396788120269775,,,0.014934840612113476
2811,24.0,1235,1.539867639541626,,,0.006068695802241564
2812,22.0,1072,1.3561692237854004,,,0.014661721885204315
2813,18.0,934,1.1835002899169922,,,0.008068861439824104
2814,11.0,664,0.8385930061340332,,,0.014973030425608158
2815,14.0,721,0.9050924777984619,,,0.00786304846405983
2816,11.0,735,0.9367144107818604,,,0.00606252858415246
2817,20.0,1046,1.3228774070739746,,,0.02827272191643715
2818,7.0,494,0.6285617351531982,,,0.014440630562603474
2819,11.0,641,0.8281934261322021,,,0.023848311975598335
2820,9.0,703,0.895226240158081,,,0.008515004068613052
2821,20.0,879,1.0908174514770508,,,0.0353102870285511
2822,21.0,1151,1.4181098937988281,,,0.010971257463097572
2823,13.0,834,1.0577373504638672,,,0.014138874597847462
2824,5.0,498,0.646592378616333,,,0.015872454270720482
2825,16.0,833,1.0374927520751953,,,0.014935965649783611
2826,20.0,864,1.079789400100708,,,0.01466316357254982
2827,19.0,984,1.2399413585662842,,,0.008333390578627586
2828,10.0,807,1.0217416286468506,,,0.01225633267313242
2829,5.0,575,0.7360556125640869,,,0.01285666972398758
2830,10.0,899,1.1315946578979492,,,0.009152065962553024
2831,16.0,967,1.18046236038208,,,0.017966443672776222
2832,21.0,1131,1.4061031341552734,,,0.011475351639091969
2833,12.0,775,0.9813494682312012,,,0.013975848443806171
2834,8.0,637,0.8046383857727051,,,0.009490489028394222
2835,18.0,821,1.0075485706329346,,,0.013315712101757526
2836,24.0,911,1.1285483837127686,,,0.011452729813754559
2837,15.0,830,1.0413315296173096,,,0.005184357985854149
2838,6.0,609,0.7554013729095459,,,0.023304533213377
2839,11.0,743,0.9255411624908447,,,0.024084040895104408
2840,22.0,1117,1.3828237056732178,,,0.009356540627777576
2841,19.0,850,1.0573220252990723,,,0.010860954411327839
2842,21.0,994,1.2622392177581787,,,0.014279011636972427
2843,19.0,922,1.1714940071105957,,,0.009203560650348663
2844,30.0,1526,1.9047043323516846,,,0.010810401290655136
2845,24.0,1081,1.3559646606445312,,,0.007988239638507366
2846,19.0,851,1.0813779830932617,,,0.008240370079874992
2847,9.0,516,0.6559638977050781,,,0.04914739727973938
2848,11.0,625,0.7991597652435303,,,0.007824482396245003
2849,16.0,901,1.1443681716918945,,,0.012630750425159931
2850,29.0,1137,1.4258756637573242,,,0.008261196315288544
2851,13.0,652,0.8235156536102295,,,0.014723890461027622
2852,21.0,944,1.1748275756835938,,,0.012924951501190662
2853,10.0,489,0.6105861663818359,,,0.009269000962376595
2854,19.0,919,1.1518511772155762,,,0.013324297033250332
2855,20.0,977,1.2321324348449707,,,0.008814221248030663
2856,23.0,901,1.137840986251831,,,0.012852156534790993
2857,22.0,815,1.0322990417480469,,,0.031319670379161835
2858,23.0,1007,1.280308485031128,,,0.009184782393276691
2859,20.0,919,1.170691728591919,,,0.006675724405795336
2860,19.0,880,1.1119918823242188,,,0.040483616292476654
2861,22.0,974,1.23720383644104,,,0.010755294933915138
2862,6.0,531,0.678870439529419,,,0.008785679005086422
2863,22.0,771,0.9744918346405029,,,0.009285069070756435
2864,20.0,918,1.1599929332733154,,,0.01056001428514719
2865,19.0,881,1.1086323261260986,,,0.007845679298043251
2866,17.0,879,1.1151211261749268,,,0.004764840472489595
2867,14.0,713,0.9036967754364014,,,0.010895337909460068
2868,18.0,971,1.2220993041992188,,,0.014032252132892609
2869,17.0,867,1.1052911281585693,,,0.008120542392134666
2870,20.0,855,1.0741214752197266,,,0.014799727126955986
2871,21.0,899,1.1439626216888428,,,0.025493117049336433
2872,28.0,1280,1.6060140132904053,,,0.01595144346356392
2873,5.0,523,0.6662626266479492,,,0.008716976270079613
2874,16.0,1052,1.3099701404571533,,,0.016741042956709862
2875,12.0,677,0.8495540618896484,,,0.01578192599117756
2876,20.0,1067,1.3473012447357178,,,0.01137541700154543
2877,21.0,805,1.0132019519805908,,,0.016118602827191353
2878,14.0,899,1.1467390060424805,,,0.007849199697375298
2879,22.0,925,1.1769955158233643,,,0.005185483023524284
2880,17.0,782,0.9857704639434814,,,0.01833711937069893
2881,16.0,890,1.1232094764709473,,,0.02583739347755909
2882,21.0,904,1.1457836627960205,,,0.009879189543426037
2883,22.0,1084,1.3628120422363281,,,0.012698178179562092
2884,16.0,875,1.087022304534912,,,0.0053464993834495544
2885,17.0,791,0.995011568069458,,,0.009370710700750351
2886,14.0,765,0.960930347442627,,,0.007525347173213959
2887,16.0,807,1.0088403224945068,,,0.014523717574775219
2888,23.0,855,1.0622620582580566,,,0.008081210777163506
2889,18.0,835,1.0387248992919922,,,0.009110805578529835
2890,3.0,488,0.6129150390625,,,0.012947726994752884
2891,25.0,1017,1.2678837776184082,,,0.015128419734537601
2892,21.0,1188,1.474670648574829,,,0.02465146780014038
2893,18.0,867,1.0856294631958008,,,0.025564070791006088
2894,13.0,608,0.7638955116271973,,,0.02161259949207306
2895,11.0,872,1.09096360206604,,,0.009684131480753422
2896,21.0,895,1.1097443103790283,,,0.015624984167516232
2897,17.0,811,1.0176711082458496,,,0.006754758767783642
2898,18.0,1106,1.3976340293884277,,,0.009133647195994854
2899,14.0,633,0.8105673789978027,,,0.009450279176235199
2900,17.0,925,1.1785571575164795,,,0.014901501126587391
2901,19.0,925,1.164884090423584,,,0.013809027150273323
2902,12.0,660,0.8451194763183594,,,0.030200883746147156
2903,23.0,889,1.1248178482055664,,,0.014924286864697933
2904,17.0,873,1.1108787059783936,,,0.025662194937467575
2905,18.0,938,1.1693048477172852,,,0.015756508335471153
2906,31.0,1319,1.6435670852661133,,,0.008677820675075054
2907,17.0,829,1.0370962619781494,,,0.011391958221793175
2908,23.0,1045,1.2971127033233643,,,0.016398748382925987
2909,19.0,915,1.158825397491455,,,0.01639479212462902
2910,7.0,514,0.6543669700622559,,,0.007619725074619055
2911,28.0,1263,1.5956766605377197,,,0.007871266454458237
2912,20.0,952,1.2085771560668945,,,0.006172472611069679
2913,19.0,809,1.037733554840088,,,0.013582080602645874
2914,2.0,346,0.44526147842407227,,,0.011066445149481297
2915,9.0,657,0.8336315155029297,,,0.005949195008724928
2916,16.0,637,0.8091940879821777,,,0.020076559856534004
2917,7.0,532,0.6799190044403076,,,0.010664652101695538
2918,25.0,1133,1.4332797527313232,,,0.03556659072637558
2919,6.0,496,0.6310298442840576,,,0.011552196927368641
2920,24.0,1182,1.480696678161621,,,0.011310101486742496
2921,18.0,857,1.0873758792877197,,,0.020719170570373535
2922,24.0,1105,1.3733303546905518,,,0.006766953505575657
2923,14.0,721,0.9267444610595703,,,0.006350002251565456
2924,14.0,955,1.2096991539001465,,,0.017158303409814835
2925,20.0,917,1.1679131984710693,,,0.005663207266479731
2926,9.0,665,0.8480546474456787,,,0.012446662411093712
2927,20.0,861,1.0844683647155762,,,0.00552088487893343
2928,11.0,769,0.9862637519836426,,,0.01347892265766859
2929,18.0,857,1.0900182723999023,,,0.006423746235668659
2930,24.0,1104,1.387181043624878,,,0.03144606575369835
2931,22.0,1063,1.3337221145629883,,,0.014296326786279678
2932,18.0,919,1.1554944515228271,,,0.008239191956818104
2933,23.0,1060,1.3443779945373535,,,0.012222438119351864
2934,19.0,790,0.9935183525085449,,,0.005729371681809425
2935,13.0,913,1.1633648872375488,,,0.02262740209698677
2936,15.0,704,0.8954310417175293,,,0.011968759819865227
2937,20.0,830,1.0553112030029297,,,0.011019468307495117
2938,23.0,1032,1.2959165573120117,,,0.00506595429033041
2939,19.0,1046,1.3318214416503906,,,0.01178628671914339
2940,7.0,527,0.6809298992156982,,,0.020003052428364754
2941,17.0,907,1.166053295135498,,,0.008711210452020168
2942,13.0,695,0.8836057186126709,,,0.015029286965727806
2943,11.0,627,0.801323652267456,,,0.012847297824919224
2944,24.0,1051,1.3161940574645996,,,0.027743550017476082
2945,7.0,627,0.802058219909668,,,0.012571536004543304
2946,17.0,837,1.0738906860351562,,,0.008458822965621948
2947,20.0,871,1.112135648727417,,,0.01744181290268898
2948,16.0,849,1.086796760559082,,,0.03505639359354973
2949,13.0,718,0.9123990535736084,,,0.008956730365753174
2950,14.0,641,0.8145749568939209,,,0.01585690677165985
2951,16.0,858,1.0874416828155518,,,0.016976436600089073
2952,21.0,873,1.1086134910583496,,,0.003980679903179407
2953,22.0,1112,1.396019697189331,,,0.011118000373244286
2954,21.0,943,1.199629545211792,,,0.007659883238375187
2955,17.0,726,0.9208316802978516,,,0.014538174495100975
2956,24.0,857,1.0936298370361328,,,0.007532142568379641
2957,14.0,912,1.1412782669067383,,,0.01887810043990612
2958,26.0,1174,1.467268705368042,,,0.04514823108911514
2959,20.0,842,1.069474458694458,,,0.023608500137925148
2960,30.0,1190,1.4978508949279785,,,0.016841307282447815
2961,20.0,910,1.1576833724975586,,,0.016698116436600685
2962,28.0,1428,1.782393217086792,,,0.012216106057167053
2963,22.0,1028,1.2879645824432373,,,0.030452657490968704
2964,23.0,868,1.092932939529419,,,0.013828044757246971
2965,23.0,848,1.0701804161071777,,,0.01252986490726471
2966,14.0,803,1.0154805183410645,,,0.009158613160252571
2967,9.0,599,0.755789041519165,,,0.021801302209496498
2968,16.0,1000,1.26716947555542,,,0.009986814111471176
2969,25.0,804,1.0226893424987793,,,0.008812051266431808
2970,7.0,677,0.8646368980407715,,,0.023553628474473953
2971,24.0,1145,1.425607681274414,,,0.015473024919629097
2972,21.0,871,1.1180036067962646,,,0.013777695596218109
2973,16.0,1066,1.34006929397583,,,0.009587105363607407
2974,18.0,907,1.1617112159729004,,,0.007044908124953508
2975,18.0,823,1.0424549579620361,,,0.017275143414735794
2976,16.0,753,0.9523830413818359,,,0.004352457821369171
2977,17.0,956,1.214115858078003,,,0.007973159663379192
2978,24.0,919,1.1749076843261719,,,0.022085370495915413
2979,19.0,876,1.108525276184082,,,0.007428833283483982
2980,13.0,769,0.9630274772644043,,,0.00905824638903141
2981,22.0,819,1.038543701171875,,,0.006191133055835962
2982,19.0,792,0.9964406490325928,,,0.008885324001312256
2983,16.0,699,0.8884451389312744,,,0.009023679420351982
2984,28.0,1094,1.378753900527954,,,0.010323835536837578
2985,15.0,797,1.0243253707885742,,,0.017683790996670723
2986,14.0,734,0.9406931400299072,,,0.010146452113986015
2987,21.0,923,1.1708054542541504,,,0.01589970476925373
2988,25.0,1005,1.2594680786132812,,,0.025718946009874344
2989,20.0,922,1.1688241958618164,,,0.025606030598282814
2990,16.0,893,1.1156747341156006,,,0.011682136915624142
2991,24.0,803,1.0215058326721191,,,0.04132682830095291
2992,16.0,809,1.0364816188812256,,,0.014294722117483616
2993,20.0,924,1.1853106021881104,,,0.010884375311434269
2994,19.0,829,1.053708791732788,,,0.025995414704084396
2995,20.0,941,1.1954421997070312,,,0.014375654980540276
2996,3.0,417,0.537848949432373,,,0.019224070012569427
2997,9.0,497,0.6412825584411621,,,0.012189147993922234
2998,28.0,1194,1.4975693225860596,,,0.010798860341310501
2999,25.0,1071,1.3448991775512695,,,0.023924365639686584
3000,10.0,795,1.0163884162902832,,,0.03222242742776871
3001,5.0,536,0.6877832412719727,,,0.024448497220873833
3002,13.0,973,1.2546799182891846,,,0.00782935880124569
3003,14.0,761,0.9894335269927979,,,0.011180330999195576
3004,9.0,656,0.8346817493438721,,,0.019765345379710197
3005,26.0,1185,1.4945127964019775,,,0.009268635883927345
3006,22.0,782,1.0001327991485596,,,0.021760370582342148
3007,17.0,822,1.0525774955749512,,,0.00481001241132617
3008,18.0,1028,1.3099772930145264,,,0.010685449466109276
3009,12.0,695,0.8846828937530518,,,0.011398158967494965
3010,8.0,650,0.8191196918487549,,,0.019123749807476997
3011,17.0,876,1.1014575958251953,,,0.031950272619724274
3012,18.0,867,1.1019947528839111,,,0.02617424540221691
3013,15.0,707,0.9102394580841064,,,0.01570846512913704
3014,8.0,550,0.7058422565460205,,,0.010115053504705429
3015,21.0,932,1.1820425987243652,,,0.022323157638311386
3016,19.0,911,1.1616625785827637,,,0.018271060660481453
3017,18.0,939,1.1936800479888916,,,0.010581535287201405
3018,18.0,884,1.1232047080993652,,,0.014729922637343407
3019,15.0,1013,1.2790920734405518,,,0.009470004588365555
3020,17.0,832,1.0451104640960693,,,0.0072126430459320545
3021,20.0,877,1.1053085327148438,,,0.0098330182954669
3022,18.0,977,1.2367737293243408,,,0.014743204228579998
3023,30.0,1151,1.4394950866699219,,,0.011240078136324883
3024,15.0,723,0.9113955497741699,,,0.024342060089111328
3025,21.0,932,1.1832966804504395,,,0.012489965185523033
3026,16.0,707,0.9166936874389648,,,0.02283698506653309
3027,12.0,770,1.0001070499420166,,,0.01385117881000042
3028,21.0,986,1.2651128768920898,,,0.008774843998253345
3029,19.0,924,1.191650152206421,,,0.030564891174435616
3030,11.0,669,0.855938196182251,,,0.01085547637194395
3031,18.0,1005,1.2761995792388916,,,0.007384912110865116
3032,14.0,733,0.9342997074127197,,,0.0114909578114748
3033,19.0,984,1.2601642608642578,,,0.0120850820094347
3034,20.0,901,1.1606850624084473,,,0.006289695855230093
3035,9.0,553,0.7171108722686768,,,0.012355262413620949
3036,20.0,957,1.22078537940979,,,0.01091452594846487
3037,9.0,715,0.9268784523010254,,,0.01403505727648735
3038,25.0,1302,1.6731805801391602,,,0.016926301643252373
3039,13.0,730,0.9328575134277344,,,0.013611280359327793
3040,20.0,876,1.1153907775878906,,,0.015295932069420815
3041,17.0,885,1.126225233078003,,,0.01009227056056261
3042,16.0,795,1.0248570442199707,,,0.009159399196505547
3043,12.0,773,0.9936704635620117,,,0.014328608289361
3044,14.0,671,0.8676891326904297,,,0.00960739515721798
3045,23.0,915,1.1784319877624512,,,0.024480165913701057
3046,15.0,684,0.8689064979553223,,,0.0053986720740795135
3047,8.0,641,0.8112726211547852,,,0.01747468113899231
3048,19.0,965,1.2260470390319824,,,0.013024488463997841
3049,9.0,532,0.6928253173828125,,,0.008574637584388256
3050,9.0,653,0.8463790416717529,,,0.01686907559633255
3051,15.0,832,1.0694193840026855,,,0.008387207984924316
3052,21.0,928,1.1848886013031006,,,0.016003893688321114
3053,28.0,1265,1.6201257705688477,,,0.023159833624958992
3054,32.0,1289,1.600212812423706,,,0.012470073997974396
3055,17.0,979,1.2399613857269287,,,0.01276435423642397
3056,13.0,729,0.9242923259735107,,,0.011232145130634308
3057,6.0,575,0.739171028137207,,,0.03775526583194733
3058,17.0,1024,1.3098351955413818,,,0.014779125340282917
3059,22.0,961,1.2318129539489746,,,0.025258639827370644
3060,14.0,667,0.8519976139068604,,,0.008676249533891678
3061,30.0,1185,1.5131709575653076,,,0.01847301796078682
3062,5.0,412,0.5404603481292725,,,0.011876209639012814
3063,11.0,505,0.6464643478393555,,,0.011206023395061493
3064,11.0,661,0.8401062488555908,,,0.026816587895154953
3065,19.0,879,1.1092405319213867,,,0.01047211978584528
3066,2.0,367,0.47351622581481934,,,0.011526109650731087
3067,21.0,866,1.1120326519012451,,,0.007796861231327057
3068,17.0,721,0.9102334976196289,,,0.010348264127969742
3069,15.0,785,1.0109748840332031,,,0.015569734387099743
3070,20.0,1012,1.2898569107055664,,,0.004261242691427469
3071,4.0,557,0.7228538990020752,,,0.01217273622751236
3072,30.0,1207,1.5276215076446533,,,0.019409142434597015
3073,13.0,840,1.0900917053222656,,,0.018463684245944023
3074,18.0,1131,1.4513201713562012,,,0.008234008215367794
3075,25.0,947,1.2064974308013916,,,0.007491838186979294
3076,17.0,813,1.0339655876159668,,,0.015267371200025082
3077,10.0,625,0.7938864231109619,,,0.006832135375589132
3078,21.0,1041,1.3290369510650635,,,0.009731419384479523
3079,9.0,565,0.7326388359069824,,,0.017506955191493034
3080,20.0,878,1.1255831718444824,,,0.022308984771370888
3081,17.0,930,1.1971328258514404,,,0.0316602885723114
3082,12.0,683,0.868992805480957,,,0.006080736871808767
3083,8.0,567,0.724876880645752,,,0.010453240014612675
3084,19.0,863,1.111602783203125,,,0.020113397389650345
3085,14.0,730,0.9226207733154297,,,0.011455336585640907
3086,5.0,649,0.8373348712921143,,,0.007370400708168745
3087,24.0,1119,1.4061768054962158,,,0.019920483231544495
3088,16.0,661,0.8428957462310791,,,0.01950385421514511
3089,13.0,652,0.8420829772949219,,,0.013814652338624
3090,19.0,908,1.1747450828552246,,,0.00962905678898096
3091,15.0,851,1.0887112617492676,,,0.023242823779582977
3092,28.0,1220,1.5495851039886475,,,0.013725205324590206
3093,17.0,857,1.090660572052002,,,0.028545526787638664
3094,28.0,1003,1.2717816829681396,,,0.01388602051883936
3095,25.0,1154,1.4763617515563965,,,0.017142031341791153
3096,19.0,906,1.1577403545379639,,,0.022096259519457817
3097,28.0,1111,1.4068610668182373,,,0.011378791183233261
3098,15.0,715,0.9111812114715576,,,0.01258996780961752
3099,17.0,894,1.149005651473999,,,0.01642671413719654
3100,12.0,661,0.8604803085327148,,,0.017150333151221275
3101,20.0,950,1.2125611305236816,,,0.013152874074876308
3102,25.0,896,1.1469058990478516,,,0.01372083742171526
3103,6.0,525,0.6797928810119629,,,0.04573224484920502
3104,20.0,989,1.2785358428955078,,,0.014452401548624039
3105,11.0,909,1.1714942455291748,,,0.025692829862236977
3106,27.0,1199,1.5289802551269531,,,0.04672696813941002
3107,12.0,793,1.0224413871765137,,,0.01450224407017231
3108,16.0,902,1.1473321914672852,,,0.010236702859401703
3109,6.0,473,0.6052095890045166,,,0.01778401806950569
3110,10.0,475,0.6140737533569336,,,0.013517825864255428
3111,14.0,883,1.137674331665039,,,0.0038135771173983812
3112,26.0,1160,1.4821407794952393,,,0.040070001035928726
3113,12.0,1167,1.5063769817352295,,,0.010826258920133114
3114,16.0,629,0.8122320175170898,,,0.007294412236660719
3115,25.0,1196,1.5300843715667725,,,0.013367298990488052
3116,12.0,707,0.9031989574432373,,,0.011385767720639706
3117,16.0,973,1.240234136581421,,,0.015959670767188072
3118,9.0,609,0.7916901111602783,,,0.05267571285367012
3119,18.0,807,1.0502254962921143,,,0.014367799274623394
3120,17.0,966,1.2549843788146973,,,0.009399598464369774
3121,20.0,946,1.2202186584472656,,,0.010648312047123909
3122,13.0,891,1.1490013599395752,,,0.00987696647644043
3123,21.0,853,1.0952425003051758,,,0.008426055312156677
3124,31.0,1300,1.6678361892700195,,,0.026474593207240105
3125,7.0,838,1.0896620750427246,,,0.003634284483268857
3126,18.0,829,1.072721242904663,,,0.009649064391851425
3127,13.0,695,0.9004740715026855,,,0.0185563862323761
3128,14.0,959,1.2315950393676758,,,0.014841780066490173
3129,9.0,551,0.7214586734771729,,,0.014544754289090633
3130,21.0,947,1.2050552368164062,,,0.012729455716907978
3131,19.0,963,1.2296414375305176,,,0.019902443513274193
3132,17.0,973,1.2621543407440186,,,0.007584563922137022
3133,22.0,952,1.2184853553771973,,,0.017302000895142555
3134,12.0,695,0.8931090831756592,,,0.029580464586615562
3135,18.0,840,1.076002836227417,,,0.04230327159166336
3136,17.0,1001,1.283600091934204,,,0.015005339868366718
3137,21.0,931,1.2044780254364014,,,0.014382599852979183
3138,8.0,648,0.8429176807403564,,,0.012933825142681599
3139,7.0,504,0.6463901996612549,,,0.011988842859864235
3140,13.0,625,0.8103311061859131,,,0.01355836633592844
3141,7.0,628,0.8205649852752686,,,0.012697259895503521
3142,24.0,1054,1.3540401458740234,,,0.011454148218035698
3143,9.0,607,0.785883903503418,,,0.0075556025840342045
3144,22.0,864,1.1025400161743164,,,0.011701091192662716
3145,27.0,1079,1.3678803443908691,,,0.013644981198012829
3146,19.0,853,1.090358018875122,,,0.012014642357826233
3147,10.0,609,0.785555362701416,,,0.00953176710754633
3148,27.0,1159,1.474731683731079,,,0.015535990707576275
3149,21.0,984,1.2662901878356934,,,0.008071381598711014
3150,18.0,743,0.9535646438598633,,,0.010496368631720543
3151,22.0,1012,1.299116611480713,,,0.009832112118601799
3152,18.0,764,0.9810400009155273,,,0.016872944310307503
3153,13.0,744,0.9622211456298828,,,0.013851861469447613
3154,18.0,864,1.1047229766845703,,,0.019002098590135574
3155,29.0,1101,1.396454095840454,,,0.01583019644021988
3156,22.0,873,1.107064962387085,,,0.0224981177598238
3157,28.0,1255,1.595118522644043,,,0.01123911701142788
3158,14.0,816,1.0536003112792969,,,0.010043367743492126
3159,15.0,715,0.9216206073760986,,,0.012579181231558323
3160,7.0,489,0.628730058670044,,,0.0075464025139808655
3161,23.0,958,1.2286622524261475,,,0.037587057799100876
3162,11.0,697,0.8987584114074707,,,0.026608146727085114
3163,12.0,792,1.0261826515197754,,,0.02741783671081066
3164,14.0,833,1.0714137554168701,,,0.00946387555450201
3165,6.0,481,0.6295421123504639,,,0.01709173060953617
3166,13.0,777,0.9993348121643066,,,0.005767902359366417
3167,13.0,758,0.9690091609954834,,,0.005108729470521212
3168,19.0,858,1.1019463539123535,,,0.010267671197652817
3169,12.0,717,0.9270710945129395,,,0.017753299325704575
3170,22.0,858,1.0925214290618896,,,0.0267715472728014
3171,21.0,1017,1.2900879383087158,,,0.042240217328071594
3172,20.0,786,1.0058834552764893,,,0.02705266699194908
3173,9.0,671,0.8707609176635742,,,0.009718528017401695
3174,10.0,609,0.7847685813903809,,,0.007908263243734837
3175,19.0,841,1.0777711868286133,,,0.010360402055084705
3176,11.0,630,0.8188333511352539,,,0.025448007509112358
3177,31.0,1250,1.5937438011169434,,,0.010197965428233147
3178,21.0,1004,1.294379711151123,,,0.021001622080802917
3179,13.0,638,0.8269631862640381,,,0.007478940766304731
3180,14.0,726,0.9511978626251221,,,0.014765828847885132
3181,19.0,830,1.0826668739318848,,,0.013672529719769955
3182,10.0,477,0.6182777881622314,,,0.014641431160271168
3183,12.0,665,0.8712315559387207,,,0.013717793859541416
3184,17.0,681,0.8878970146179199,,,0.039542753249406815
3185,28.0,1347,1.7296521663665771,,,0.01260871347039938
3186,31.0,1213,1.541489839553833,,,0.013044783845543861
3187,16.0,883,1.1296589374542236,,,0.010017046704888344
3188,14.0,740,0.9651381969451904,,,0.03349359333515167
3189,20.0,916,1.1902050971984863,,,0.011569404974579811
3190,18.0,775,1.0057013034820557,,,0.012206202372908592
3191,22.0,975,1.2604060173034668,,,0.007847060449421406
3192,20.0,982,1.2669939994812012,,,0.010463353246450424
3193,24.0,873,1.12904953956604,,,0.016728490591049194
3194,23.0,1154,1.481083631515503,,,0.026277123019099236
3195,13.0,634,0.8272392749786377,,,0.013378091156482697
3196,14.0,807,1.0393338203430176,,,0.0052565354853868484
3197,17.0,853,1.1187453269958496,,,0.010068234987556934
3198,19.0,895,1.166548252105713,,,0.02299591712653637
3199,13.0,713,0.9387943744659424,,,0.0053162467665970325
3200,17.0,736,0.9638361930847168,,,0.013089541345834732
3201,3.0,542,0.703782320022583,,,0.014057851396501064
3202,21.0,920,1.1978175640106201,,,0.027996540069580078
3203,33.0,1575,1.9777483940124512,,,0.007206996437162161
3204,2.0,362,0.46115660667419434,,,0.01633618026971817
3205,4.0,517,0.6631612777709961,,,0.021875740960240364
3206,26.0,1072,1.3723101615905762,,,0.010986783541738987
3207,12.0,793,1.0185227394104004,,,0.026735592633485794
3208,27.0,1035,1.3220930099487305,,,0.028825951740145683
3209,21.0,910,1.1655337810516357,,,0.0112110311165452
3210,22.0,884,1.1144447326660156,,,0.021897057071328163
3211,19.0,897,1.1567718982696533,,,0.013807401992380619
3212,32.0,1193,1.5475819110870361,,,0.012753303162753582
3213,18.0,937,1.219614028930664,,,0.013996348716318607
3214,19.0,820,1.0640645027160645,,,0.00958394818007946
3215,31.0,1485,1.8889679908752441,,,0.02155434712767601
3216,32.0,1391,1.7848775386810303,,,0.009501912631094456
3217,15.0,789,1.0285074710845947,,,0.009044480510056019
3218,21.0,975,1.2633628845214844,,,0.005281256977468729
3219,18.0,806,1.0482115745544434,,,0.01202694047242403
3220,24.0,1172,1.5079095363616943,,,0.010325527749955654
3221,27.0,996,1.2808024883270264,,,0.028032459318637848
3222,13.0,663,0.8445158004760742,,,0.015514013357460499
3223,22.0,873,1.133880853652954,,,0.016946012154221535
3224,24.0,932,1.2153346538543701,,,0.010026467964053154
3225,20.0,1046,1.3475120067596436,,,0.013788659125566483
3226,20.0,927,1.1955690383911133,,,0.009967544116079807
3227,30.0,1293,1.6630065441131592,,,0.029364846646785736
3228,20.0,891,1.1564593315124512,,,0.01238814927637577
3229,20.0,1023,1.3049397468566895,,,0.010739906691014767
3230,23.0,1009,1.2976524829864502,,,0.020668141543865204
3231,12.0,659,0.8563733100891113,,,0.01619042456150055
3232,21.0,1075,1.3907010555267334,,,0.033210769295692444
3233,21.0,883,1.1451234817504883,,,0.011222277767956257
3234,23.0,820,1.0682094097137451,,,0.010128280147910118
3235,17.0,720,0.9382667541503906,,,0.014465145766735077
3236,22.0,911,1.1838679313659668,,,0.023093562573194504
3237,21.0,893,1.1610734462738037,,,0.018000755459070206
3238,21.0,921,1.196732759475708,,,0.0061867255717515945
3239,17.0,779,0.9906713962554932,,,0.022008195519447327
3240,28.0,1457,1.845466136932373,,,0.009655419737100601
3241,16.0,846,1.0957050323486328,,,0.009530088864266872
3242,18.0,736,0.939598798751831,,,0.00858826283365488
3243,28.0,1201,1.5278127193450928,,,0.009763145819306374
3244,18.0,705,0.915440559387207,,,0.02403419464826584
3245,30.0,1185,1.5252225399017334,,,0.012602676637470722
3246,20.0,785,1.0073513984680176,,,0.015845423564314842
3247,27.0,1277,1.6251356601715088,,,0.008002187125384808
3248,20.0,895,1.1448354721069336,,,0.01133221760392189
3249,28.0,935,1.1959009170532227,,,0.01124540250748396
3250,22.0,783,1.0086288452148438,,,0.015505025163292885
3251,19.0,922,1.1868083477020264,,,0.013012395240366459
3252,29.0,1212,1.5313513278961182,,,0.008703239262104034
3253,21.0,955,1.2285573482513428,,,0.00599167263135314
3254,25.0,1081,1.3850691318511963,,,0.026604793965816498
3255,30.0,1176,1.4939773082733154,,,0.005848841276019812
3256,16.0,696,0.9133038520812988,,,0.01269386988133192
3257,30.0,1407,1.7787296772003174,,,0.03458152338862419
3258,17.0,972,1.2442138195037842,,,0.014072556979954243
3259,22.0,828,1.0617649555206299,,,0.05127996206283569
3260,25.0,1337,1.7281486988067627,,,0.015678629279136658
3261,21.0,945,1.2287907600402832,,,0.01089492253959179
3262,23.0,879,1.145289659500122,,,0.007001279387623072
3263,21.0,948,1.2341902256011963,,,0.014584355987608433
3264,21.0,911,1.1801643371582031,,,0.0062952227890491486
3265,5.0,389,0.5132019519805908,,,0.010399848222732544
3266,16.0,853,1.116255521774292,,,0.012764844112098217
3267,15.0,856,1.117772102355957,,,0.01285646017640829
3268,23.0,783,1.0190019607543945,,,0.016455592587590218
3269,22.0,899,1.1709990501403809,,,0.012182116508483887
3270,19.0,840,1.1009299755096436,,,0.01220585685223341
3271,23.0,892,1.1640114784240723,,,0.0070406715385615826
3272,19.0,845,1.1116714477539062,,,0.013474791310727596
3273,25.0,1039,1.360931158065796,,,0.01106739416718483
3274,13.0,731,0.9696154594421387,,,0.009581675752997398
3275,18.0,962,1.261404275894165,,,0.011061594821512699
3276,17.0,823,1.0731229782104492,,,0.008882643654942513
3277,23.0,873,1.1396691799163818,,,0.008157854899764061
3278,24.0,1005,1.3085150718688965,,,0.035764481872320175
3279,21.0,882,1.147519588470459,,,0.02442106232047081
3280,24.0,1148,1.4948523044586182,,,0.012362180277705193
3281,23.0,874,1.1206653118133545,,,0.0169494841247797
3282,28.0,1137,1.448108196258545,,,0.005686636548489332
3283,6.0,453,0.580620527267456,,,0.011587312445044518
3284,21.0,1136,1.4613368511199951,,,0.025574656203389168
3285,25.0,952,1.2393779754638672,,,0.010279359295964241
3286,25.0,929,1.2107949256896973,,,0.010198894888162613
3287,26.0,1075,1.394857406616211,,,0.031258609145879745
3288,27.0,1373,1.7670326232910156,,,0.01118187140673399
3289,20.0,781,1.0092792510986328,,,0.009905858896672726
3290,19.0,861,1.1121633052825928,,,0.02201019413769245
3291,19.0,917,1.1981725692749023,,,0.00550809083506465
3292,21.0,939,1.2282328605651855,,,0.017863092944025993
3293,26.0,948,1.2254314422607422,,,0.018064962700009346
3294,18.0,764,0.989086389541626,,,0.009725541807711124
3295,25.0,1092,1.4133152961730957,,,0.007762766443192959
3296,15.0,630,0.828826904296875,,,0.013046332634985447
3297,22.0,849,1.1140050888061523,,,0.011791076511144638
3298,16.0,695,0.9126584529876709,,,0.01172051765024662
3299,25.0,957,1.2510294914245605,,,0.007957056164741516
3300,25.0,912,1.184999704360962,,,0.01101793721318245
3301,10.0,794,1.0435678958892822,,,0.010096603073179722
3302,14.0,702,0.9285459518432617,,,0.014566723257303238
3303,13.0,839,1.1088948249816895,,,0.01562037318944931
3304,29.0,1273,1.6547739505767822,,,0.01494672242552042
3305,30.0,1223,1.5884180068969727,,,0.008926266804337502
3306,24.0,1148,1.4914534091949463,,,0.010941016487777233
3307,20.0,737,0.9650270938873291,,,0.017023200169205666
3308,23.0,861,1.1169729232788086,,,0.007619789335876703
3309,27.0,1097,1.4142894744873047,,,0.016473881900310516
3310,18.0,807,1.0397727489471436,,,0.011854934506118298
3311,19.0,686,0.8970444202423096,,,0.01687447354197502
3312,10.0,711,0.9296014308929443,,,0.02751104161143303
3313,23.0,923,1.2027740478515625,,,0.011981882154941559
3314,29.0,960,1.2308998107910156,,,0.029026832431554794
3315,11.0,653,0.8462364673614502,,,0.017578981816768646
3316,18.0,792,1.028418779373169,,,0.014950712211430073
3317,27.0,1028,1.323310375213623,,,0.017681805416941643
3318,18.0,826,1.0888948440551758,,,0.03874896839261055
3319,15.0,566,0.7405939102172852,,,0.031099552288651466
3320,21.0,891,1.1607739925384521,,,0.007685623597353697
3321,9.0,613,0.8124499320983887,,,0.009400724433362484
3322,16.0,629,0.8361284732818604,,,0.015293557196855545
3323,17.0,832,1.0898785591125488,,,0.013914690352976322
3324,19.0,858,1.108600378036499,,,0.02598549984395504
3325,25.0,1067,1.380296230316162,,,0.012266968376934528
3326,14.0,734,0.9559023380279541,,,0.01700161024928093
3327,21.0,947,1.2198903560638428,,,0.005219528451561928
3328,20.0,809,1.037653923034668,,,0.009537304751574993
3329,27.0,1079,1.3788354396820068,,,0.022548794746398926
3330,20.0,927,1.1984453201293945,,,0.01245683804154396
3331,22.0,833,1.0739538669586182,,,0.011421877890825272
3332,18.0,807,1.0358011722564697,,,0.015451549552381039
3333,14.0,899,1.162367582321167,,,0.016338573768734932
3334,16.0,683,0.8781557083129883,,,0.010861272923648357
3335,26.0,1358,1.7380309104919434,,,0.009992087259888649
3336,19.0,713,0.9205124378204346,,,0.013519217260181904
3337,6.0,695,0.9123427867889404,,,0.018100472167134285
3338,18.0,853,1.122643232345581,,,0.011805431917309761
3339,28.0,1077,1.3986091613769531,,,0.009708565659821033
3340,11.0,599,0.7888433933258057,,,0.012338187545537949
3341,14.0,732,0.961820125579834,,,0.008129268884658813
3342,20.0,863,1.131669521331787,,,0.013953924179077148
3343,19.0,821,1.0776417255401611,,,0.009809478186070919
3344,23.0,867,1.1302464008331299,,,0.016787046566605568
3345,13.0,925,1.2183914184570312,,,0.016102712601423264
3346,19.0,796,1.0439586639404297,,,0.006962202489376068
3347,25.0,1011,1.327035903930664,,,0.011888083070516586
3348,27.0,1104,1.4283409118652344,,,0.009337061084806919
3349,15.0,717,0.9368782043457031,,,0.011610095389187336
3350,9.0,611,0.8103902339935303,,,0.018524760380387306
3351,23.0,776,0.9993855953216553,,,0.006339895073324442
3352,27.0,1114,1.4412727355957031,,,0.012643644586205482
3353,11.0,697,0.9230287075042725,,,0.008314020000398159
3354,19.0,820,1.0759856700897217,,,0.014888579025864601
3355,24.0,1142,1.4917657375335693,,,0.008898128755390644
3356,26.0,1088,1.4131879806518555,,,0.007527173962444067
3357,12.0,646,0.8569133281707764,,,0.006579818204045296
3358,13.0,620,0.8126275539398193,,,0.011340692639350891
3359,9.0,590,0.7834343910217285,,,0.008535115979611874
3360,21.0,857,1.125241756439209,,,0.012471797876060009
3361,17.0,714,0.9415931701660156,,,0.009636161848902702
3362,27.0,1043,1.3517320156097412,,,0.009272148832678795
3363,17.0,733,0.9558093547821045,,,0.028182201087474823
3364,21.0,872,1.13869047164917,,,0.018686940893530846
3365,14.0,645,0.8477261066436768,,,0.02878567762672901
3366,9.0,529,0.6937272548675537,,,0.01331311371177435
3367,25.0,904,1.177278757095337,,,0.010300018824636936
3368,19.0,869,1.1346163749694824,,,0.01078729797154665
3369,20.0,1039,1.3580491542816162,,,0.007116407621651888
3370,33.0,1416,1.8299474716186523,,,0.011145280674099922
3371,26.0,1119,1.4519360065460205,,,0.012088330462574959
3372,30.0,1009,1.3141059875488281,,,0.019897010177373886
3373,19.0,867,1.1260945796966553,,,0.011904498562216759
3374,23.0,899,1.1523635387420654,,,0.01332228071987629
3375,21.0,829,1.071626901626587,,,0.009916533716022968
3376,14.0,751,0.9745628833770752,,,0.006095325108617544
3377,22.0,995,1.305246114730835,,,0.013690082356333733
3378,22.0,923,1.204413652420044,,,0.014804728329181671
3379,26.0,1083,1.4146358966827393,,,0.007477895822376013
3380,19.0,774,1.0261523723602295,,,0.014140336774289608
3381,25.0,801,1.0378055572509766,,,0.010474398732185364
3382,27.0,1124,1.4491958618164062,,,0.013933124020695686
3383,24.0,889,1.1510910987854004,,,0.004527395591139793
3384,16.0,712,0.9363577365875244,,,0.016086019575595856
3385,15.0,725,0.9592123031616211,,,0.006415176670998335
3386,13.0,724,0.955493688583374,,,0.01556587964296341
3387,19.0,1161,1.5172932147979736,,,0.03139553219079971
3388,18.0,764,1.0060820579528809,,,0.013143541291356087
3389,20.0,858,1.1264615058898926,,,0.012550732120871544
3390,19.0,809,1.0600144863128662,,,0.011648844927549362
3391,16.0,678,0.8984072208404541,,,0.012126527726650238
3392,21.0,787,1.0287811756134033,,,0.01040435116738081
3393,20.0,784,1.0251202583312988,,,0.005469918251037598
3394,28.0,1036,1.3504490852355957,,,0.01587587594985962
3395,31.0,1261,1.6367273330688477,,,0.012825020588934422
3396,20.0,1012,1.3277580738067627,,,0.019078223034739494
3397,34.0,1592,2.0752203464508057,,,0.014836190268397331
3398,16.0,649,0.8530311584472656,,,0.02273053675889969
3399,31.0,1131,1.4573862552642822,,,0.032592080533504486
3400,21.0,779,1.014216423034668,,,0.0249882061034441
3401,17.0,733,0.9572868347167969,,,0.027782101184129715
3402,19.0,731,0.9502358436584473,,,0.009466555900871754
3403,23.0,1060,1.3708763122558594,,,0.00545792980119586
3404,20.0,825,1.0755560398101807,,,0.004645044449716806
3405,25.0,980,1.2659680843353271,,,0.0395171232521534
3406,16.0,797,1.0369062423706055,,,0.014041706919670105
3407,17.0,757,0.9867432117462158,,,0.005531707778573036
3408,21.0,905,1.1735358238220215,,,0.006193610839545727
3409,21.0,763,0.9896080493927002,,,0.009452763944864273
3410,24.0,1053,1.3581335544586182,,,0.008170388638973236
3411,16.0,606,0.7937271595001221,,,0.030478887259960175
3412,15.0,699,0.9071509838104248,,,0.008137021213769913
3413,26.0,1038,1.3421645164489746,,,0.010132698342204094
3414,28.0,1318,1.7228024005889893,,,0.009425000287592411
3415,24.0,1266,1.6494636535644531,,,0.007880143821239471
3416,21.0,950,1.2501943111419678,,,0.016693757846951485
3417,30.0,1330,1.7248423099517822,,,0.013223952613770962
3418,15.0,939,1.2413744926452637,,,0.015765391290187836
3419,12.0,744,0.9803543090820312,,,0.014519457705318928
3420,19.0,1054,1.391857385635376,,,0.011089067906141281
3421,19.0,885,1.160539150238037,,,0.007899117656052113
3422,17.0,843,1.1200923919677734,,,0.021742284297943115
3423,15.0,810,1.0656898021697998,,,0.008306633681058884
3424,23.0,862,1.1435444355010986,,,0.017172515392303467
3425,9.0,572,0.7603042125701904,,,0.005997124128043652
3426,26.0,1104,1.4438610076904297,,,0.006562403868883848
3427,20.0,795,1.0308012962341309,,,0.008635904639959335
3428,25.0,903,1.1749155521392822,,,0.005584735423326492
3429,16.0,853,1.131136178970337,,,0.012346615083515644
3430,16.0,721,0.9580614566802979,,,0.006106364540755749
3431,29.0,1130,1.4620308876037598,,,0.012678359635174274
3432,25.0,1037,1.3486931324005127,,,0.02145807072520256
3433,23.0,1009,1.3213772773742676,,,0.008757472969591618
3434,30.0,1229,1.5882794857025146,,,0.010673100128769875
3435,26.0,1153,1.5005974769592285,,,0.010969488881528378
3436,23.0,1106,1.452045202255249,,,0.017768729478120804
3437,13.0,655,0.865828275680542,,,0.01733819581568241
3438,19.0,787,1.039754867553711,,,0.012717563658952713
3439,22.0,921,1.2179765701293945,,,0.018342433497309685
3440,19.0,804,1.0568578243255615,,,0.01059645600616932
3441,22.0,949,1.2414686679840088,,,0.010593818500638008
3442,20.0,997,1.2907829284667969,,,0.005274415481835604
3443,18.0,919,1.193765640258789,,,0.02387497015297413
3444,13.0,665,0.8661952018737793,,,0.007916094735264778
3445,17.0,659,0.874121904373169,,,0.017622288316488266
3446,22.0,995,1.290116548538208,,,0.029624519869685173
3447,28.0,1406,1.8357164859771729,,,0.027666984125971794
3448,26.0,1072,1.401731252670288,,,0.008209360763430595
3449,31.0,1192,1.5665950775146484,,,0.02150310017168522
3450,32.0,1387,1.8140816688537598,,,0.012595399282872677
3451,25.0,850,1.127455711364746,,,0.006279908586293459
3452,25.0,1394,1.829965353012085,,,0.00715414434671402
3453,26.0,1075,1.4046204090118408,,,0.03986175358295441
3454,17.0,727,0.9561262130737305,,,0.023507725447416306
3455,14.0,602,0.784965991973877,,,0.015268649905920029
3456,25.0,945,1.233731985092163,,,0.020592354238033295
3457,31.0,1192,1.5435538291931152,,,0.01976453885436058
3458,27.0,1333,1.7414884567260742,,,0.02571481093764305
3459,26.0,1191,1.567551612854004,,,0.016192834824323654
3460,24.0,808,1.0665504932403564,,,0.01182771846652031
3461,29.0,1338,1.7294797897338867,,,0.010543282143771648
3462,21.0,860,1.1268916130065918,,,0.011105777695775032
3463,32.0,1232,1.5755045413970947,,,0.01623706892132759
3464,18.0,727,0.946558952331543,,,0.030271386727690697
3465,29.0,1239,1.6133513450622559,,,0.014975644648075104
3466,31.0,1361,1.7715749740600586,,,0.005761113949120045
3467,22.0,853,1.1255919933319092,,,0.020539984107017517
3468,25.0,1317,1.7408115863800049,,,0.01743721030652523
3469,14.0,582,0.7768423557281494,,,0.009561623446643353
3470,25.0,1162,1.5341815948486328,,,0.017419645562767982
3471,32.0,1205,1.5760080814361572,,,0.03060458041727543
3472,12.0,645,0.8622009754180908,,,0.02094075456261635
3473,29.0,1225,1.606785774230957,,,0.009206361137330532
3474,25.0,1222,1.6217236518859863,,,0.016868846490979195
3475,18.0,687,0.9187984466552734,,,0.011207722127437592
3476,26.0,1062,1.4037208557128906,,,0.013285772874951363
3477,27.0,1116,1.4565544128417969,,,0.019291112199425697
3478,30.0,1188,1.5432307720184326,,,0.0064884633757174015
3479,21.0,810,1.076185941696167,,,0.010705524124205112
3480,16.0,746,0.9922411441802979,,,0.00913851149380207
3481,4.0,373,0.4941864013671875,,,0.010997097939252853
3482,18.0,890,1.1778414249420166,,,0.007593671791255474
3483,22.0,897,1.1912262439727783,,,0.012914417311549187
3484,32.0,1409,1.8285307884216309,,,0.024519290775060654
3485,19.0,723,0.9545531272888184,,,0.00804914440959692
3486,21.0,873,1.1502420902252197,,,0.01326825376600027
3487,20.0,760,1.0077323913574219,,,0.012766464613378048
3488,27.0,1209,1.5968787670135498,,,0.008245735429227352
3489,25.0,1126,1.492516279220581,,,0.007426753640174866
3490,15.0,762,1.0076844692230225,,,0.013436254113912582
3491,16.0,762,1.0125792026519775,,,0.016655493527650833
3492,22.0,881,1.1645889282226562,,,0.016246898099780083
3493,27.0,1187,1.567410945892334,,,0.04147481545805931
3494,17.0,881,1.1690256595611572,,,0.01408390048891306
3495,29.0,1188,1.5585293769836426,,,0.009914259426295757
3496,27.0,1199,1.581005334854126,,,0.016598958522081375
3497,14.0,752,0.9992728233337402,,,0.016163993626832962
3498,21.0,797,1.0573503971099854,,,0.008946148678660393
3499,22.0,1013,1.3474628925323486,,,0.02710231952369213
3500,18.0,758,1.0067341327667236,,,0.010511508211493492
3501,31.0,1289,1.6867787837982178,,,0.013375705108046532
3502,21.0,804,1.0618419647216797,,,0.022600436583161354
3503,23.0,897,1.184976577758789,,,0.014549830928444862
3504,25.0,1014,1.335536241531372,,,0.013298704288899899
3505,20.0,942,1.2439253330230713,,,0.017353704199194908
3506,17.0,812,1.0738000869750977,,,0.007025494240224361
3507,12.0,667,0.8902668952941895,,,0.014477219432592392
3508,19.0,940,1.2434039115905762,,,0.021134868264198303
3509,22.0,974,1.293044090270996,,,0.027384866029024124
3510,37.0,1429,1.8850452899932861,,,0.00792595837265253
3511,5.0,397,0.5262043476104736,,,0.010438105091452599
3512,28.0,1153,1.4889800548553467,,,0.008103872649371624
3513,13.0,568,0.7462069988250732,,,0.029690559953451157
3514,25.0,1001,1.3020493984222412,,,0.015070708468556404
3515,25.0,1070,1.4155163764953613,,,0.01201886311173439
3516,25.0,889,1.178816318511963,,,0.0130928885191679
3517,14.0,623,0.8222780227661133,,,0.009204870089888573
3518,14.0,914,1.205385446548462,,,0.03435955569148064
3519,23.0,1137,1.4914169311523438,,,0.012059290893375874
3520,19.0,811,1.0722663402557373,,,0.012736204080283642
3521,33.0,1523,1.971492052078247,,,0.012824558652937412
3522,28.0,1055,1.3913474082946777,,,0.009577929973602295
3523,20.0,835,1.1118428707122803,,,0.015166026540100574
3524,26.0,1175,1.5554158687591553,,,0.009433827362954617
3525,26.0,1177,1.555272102355957,,,0.011175205931067467
3526,30.0,1153,1.5143005847930908,,,0.016960544511675835
3527,27.0,1128,1.4957737922668457,,,0.02290377765893936
3528,20.0,859,1.1487736701965332,,,0.02436858043074608
3529,23.0,1124,1.4856700897216797,,,0.017287755385041237
3530,29.0,1254,1.6414597034454346,,,0.011916515417397022
3531,20.0,929,1.2118251323699951,,,0.010031133890151978
3532,13.0,608,0.7984359264373779,,,0.011992942541837692
3533,15.0,687,0.9096567630767822,,,0.016061024740338326
3534,24.0,910,1.19838285446167,,,0.010245171375572681
3535,19.0,884,1.1704552173614502,,,0.016423622146248817
3536,23.0,912,1.2071466445922852,,,0.008412374183535576
3537,26.0,978,1.3090975284576416,,,0.003783052321523428
3538,21.0,869,1.1561732292175293,,,0.031540896743535995
3539,30.0,1165,1.540781021118164,,,0.016620511189103127
3540,18.0,873,1.1555910110473633,,,0.013912959955632687
3541,11.0,611,0.8203251361846924,,,0.009865758940577507
3542,16.0,771,1.037217140197754,,,0.011367680504918098
3543,9.0,513,0.6837985515594482,,,0.006884561385959387
3544,18.0,881,1.1743555068969727,,,0.011234225705265999
3545,12.0,627,0.8337478637695312,,,0.017060430720448494
3546,14.0,617,0.8174910545349121,,,0.009257051162421703
3547,20.0,862,1.1322309970855713,,,0.015355484560132027
3548,24.0,946,1.2384552955627441,,,0.0057680848985910416
3549,19.0,1139,1.5109481811523438,,,0.00766031863167882
3550,27.0,1183,1.5710041522979736,,,0.015840401872992516
3551,29.0,1105,1.451537847518921,,,0.01219983771443367
3552,23.0,800,1.0530753135681152,,,0.011231441050767899
3553,14.0,623,0.8233537673950195,,,0.016194723546504974
3554,16.0,870,1.1488287448883057,,,0.022360971197485924
3555,8.0,617,0.8090527057647705,,,0.013116846792399883
3556,16.0,913,1.2031819820404053,,,0.009673093445599079
3557,28.0,1361,1.790715217590332,,,0.01089357491582632
3558,6.0,709,0.9499917030334473,,,0.010385233908891678
3559,23.0,1027,1.3713343143463135,,,0.009632747620344162
3560,13.0,823,1.1065223217010498,,,0.006920128595083952
3561,23.0,944,1.255795955657959,,,0.008896826766431332
3562,26.0,981,1.309072732925415,,,0.013385675847530365
3563,19.0,778,1.0465762615203857,,,0.013599364086985588
3564,22.0,794,1.0526642799377441,,,0.01600762829184532
3565,20.0,955,1.2635788917541504,,,0.0077219158411026
3566,15.0,727,0.9747061729431152,,,0.019574608653783798
3567,19.0,871,1.1571745872497559,,,0.015420759096741676
3568,15.0,794,1.0597844123840332,,,0.02154594101011753
3569,21.0,938,1.2541439533233643,,,0.011980746872723103
3570,29.0,1149,1.5167837142944336,,,0.009800721891224384
3571,19.0,864,1.152618169784546,,,0.014533928595483303
3572,24.0,1085,1.4436094760894775,,,0.011641361750662327
3573,28.0,1316,1.7311680316925049,,,0.011538316495716572
3574,22.0,958,1.2738330364227295,,,0.012233911082148552
3575,5.0,379,0.5092940330505371,,,0.025092653930187225
3576,32.0,1226,1.605896234512329,,,0.022725097835063934
3577,29.0,1008,1.3262455463409424,,,0.02276877500116825
3578,12.0,533,0.7103395462036133,,,0.028925517573952675
3579,17.0,812,1.0738732814788818,,,0.014462968334555626
3580,26.0,911,1.1952025890350342,,,0.013705197721719742
3581,24.0,945,1.2383406162261963,,,0.009162260219454765
3582,13.0,760,0.9992432594299316,,,0.008471734821796417
3583,25.0,893,1.1704776287078857,,,0.008958227001130581
3584,14.0,891,1.1776633262634277,,,0.01643156260251999
3585,17.0,839,1.1222574710845947,,,0.010176028124988079
3586,19.0,771,1.0241191387176514,,,0.017585627734661102
3587,23.0,921,1.2117223739624023,,,0.015960048884153366
3588,30.0,1244,1.6328716278076172,,,0.009842847473919392
3589,26.0,1165,1.5196020603179932,,,0.012399319559335709
3590,19.0,721,0.9564707279205322,,,0.03732946887612343
3591,20.0,871,1.1397466659545898,,,0.01583917811512947
3592,12.0,613,0.8075625896453857,,,0.01751546934247017
3593,18.0,1073,1.4183933734893799,,,0.010709592141211033
3594,10.0,611,0.8105688095092773,,,0.014263785444200039
3595,25.0,948,1.238464593887329,,,0.019486507400870323
3596,13.0,738,0.9772684574127197,,,0.010598843917250633
3597,17.0,729,0.9662156105041504,,,0.007926030084490776
3598,25.0,1087,1.4316389560699463,,,0.017410708591341972
3599,17.0,741,0.9784400463104248,,,0.02579432539641857
3600,21.0,852,1.1232094764709473,,,0.010434622876346111
3601,21.0,848,1.1250674724578857,,,0.014566291123628616
3602,22.0,978,1.2881181240081787,,,0.02159498818218708
3603,28.0,1230,1.6038792133331299,,,0.01871250942349434
3604,21.0,894,1.1766471862792969,,,0.008989229798316956
3605,20.0,775,1.0349388122558594,,,0.016561904922127724
3606,13.0,650,0.8705778121948242,,,0.014720034785568714
3607,13.0,616,0.812814474105835,,,0.014629285782575607
3608,26.0,995,1.3069658279418945,,,0.0069577875547111034
3609,21.0,909,1.2022068500518799,,,0.02026405930519104
3610,24.0,809,1.0688142776489258,,,0.008313434198498726
3611,30.0,1347,1.7734184265136719,,,0.02407674491405487
3612,26.0,936,1.227816104888916,,,0.01656441017985344
3613,21.0,981,1.2892651557922363,,,0.026252789422869682
3614,22.0,1093,1.447969675064087,,,0.009000602178275585
3615,9.0,729,0.981673002243042,,,0.021601108834147453
3616,22.0,1044,1.3936467170715332,,,0.010919144377112389
3617,17.0,836,1.1290080547332764,,,0.010070187970995903
3618,23.0,1208,1.6145756244659424,,,0.006304176989942789
3619,16.0,687,0.933788537979126,,,0.00467667356133461
3620,20.0,721,0.9627707004547119,,,0.009953072294592857
3621,23.0,981,1.3141131401062012,,,0.005117219407111406
3622,22.0,919,1.2280893325805664,,,0.0071707479655742645
3623,19.0,899,1.2086384296417236,,,0.018887212499976158
3624,19.0,905,1.2115366458892822,,,0.00877668522298336
3625,9.0,597,0.8081092834472656,,,0.03430559113621712
3626,13.0,624,0.836317777633667,,,0.023382410407066345
3627,16.0,773,1.0260944366455078,,,0.01146511547267437
3628,20.0,907,1.2080295085906982,,,0.014003891497850418
3629,28.0,1107,1.4636454582214355,,,0.01697140373289585
3630,17.0,681,0.9104902744293213,,,0.014111049473285675
3631,25.0,1148,1.528928279876709,,,0.006366040091961622
3632,27.0,1233,1.6412639617919922,,,0.015857115387916565
3633,17.0,910,1.2120451927185059,,,0.021678104996681213
3634,30.0,1064,1.3910627365112305,,,0.012409624643623829
3635,12.0,583,0.7701871395111084,,,0.009066187776625156
3636,17.0,877,1.1598336696624756,,,0.005408329423516989
3637,27.0,1145,1.5023670196533203,,,0.005948000121861696
3638,17.0,732,0.9626030921936035,,,0.022843558341264725
3639,21.0,773,1.0213322639465332,,,0.005502813961356878
3640,30.0,1355,1.7873280048370361,,,0.00967494584619999
3641,23.0,866,1.1453239917755127,,,0.004055690951645374
3642,20.0,975,1.2892146110534668,,,0.006905944552272558
3643,23.0,885,1.1742572784423828,,,0.009283606894314289
3644,23.0,894,1.1822893619537354,,,0.023398686200380325
3645,15.0,727,0.9609639644622803,,,0.014630243182182312
3646,18.0,849,1.1284143924713135,,,0.010168126784265041
3647,21.0,1106,1.4567484855651855,,,0.012769988738000393
3648,17.0,818,1.0866773128509521,,,0.017038414254784584
3649,26.0,1044,1.3871958255767822,,,0.011957168579101562
3650,22.0,1076,1.4346551895141602,,,0.020490415394306183
3651,28.0,1140,1.4947929382324219,,,0.006949835456907749
3652,23.0,925,1.229600429534912,,,0.012457435950636864
3653,24.0,1063,1.4046196937561035,,,0.009025709703564644
3654,20.0,801,1.0688669681549072,,,0.023542188107967377
3655,15.0,731,0.9843025207519531,,,0.010726343840360641
3656,30.0,1195,1.5807700157165527,,,0.009093050844967365
3657,28.0,1194,1.5749642848968506,,,0.012170689180493355
3658,8.0,597,0.7904832363128662,,,0.0060316817834973335
3659,22.0,877,1.1639974117279053,,,0.010589751414954662
3660,16.0,803,1.0698952674865723,,,0.007044209633022547
3661,15.0,762,1.017686367034912,,,0.006964477710425854
3662,20.0,764,1.0078973770141602,,,0.007529168855398893
3663,21.0,924,1.2258479595184326,,,0.011237746104598045
3664,26.0,918,1.2045044898986816,,,0.014843586832284927
3665,23.0,874,1.1680824756622314,,,0.02173730917274952
3666,24.0,1038,1.3697896003723145,,,0.009335036389529705
3667,32.0,1475,1.9288523197174072,,,0.006079558748751879
3668,30.0,1171,1.5384399890899658,,,0.008413897827267647
3669,26.0,933,1.2502729892730713,,,0.009192039258778095
3670,28.0,894,1.1951274871826172,,,0.028702881187200546
3671,28.0,1291,1.7100186347961426,,,0.013788564130663872
3672,21.0,762,1.0059285163879395,,,0.024018991738557816
3673,18.0,755,0.9992177486419678,,,0.016856251284480095
3674,20.0,977,1.3125836849212646,,,0.01731092482805252
3675,21.0,877,1.1819968223571777,,,0.008879308588802814
3676,16.0,716,0.968242883682251,,,0.015888387337327003
3677,23.0,925,1.2481377124786377,,,0.016085151582956314
3678,17.0,872,1.1709928512573242,,,0.00998617708683014
3679,17.0,955,1.2929112911224365,,,0.007846406660974026
3680,8.0,549,0.7391147613525391,,,0.008073419332504272
3681,28.0,1395,1.859908103942871,,,0.010559150949120522
3682,29.0,1170,1.5604658126831055,,,0.011647401377558708
3683,18.0,861,1.175347089767456,,,0.006086277309805155
3684,29.0,1154,1.5292303562164307,,,0.012470312416553497
3685,29.0,1217,1.6045279502868652,,,0.006941031664609909
3686,22.0,1022,1.3515779972076416,,,0.013642873615026474
3687,21.0,869,1.1566717624664307,,,0.0076186079531908035
3688,13.0,564,0.7632095813751221,,,0.018828002735972404
3689,20.0,798,1.0801622867584229,,,0.012940154410898685
3690,8.0,469,0.6306779384613037,,,0.009604689665138721
3691,21.0,725,0.9787352085113525,,,0.01255590096116066
3692,18.0,1007,1.3516020774841309,,,0.009118087589740753
3693,19.0,718,0.9717237949371338,,,0.012291498482227325
3694,21.0,721,0.9760653972625732,,,0.021423092111945152
3695,17.0,842,1.1309700012207031,,,0.010190223343670368
3696,25.0,885,1.1926162242889404,,,0.01833953708410263
3697,29.0,1331,1.7693660259246826,,,0.011164302937686443
3698,10.0,578,0.7801098823547363,,,0.008850048296153545
3699,27.0,1019,1.3607795238494873,,,0.021671133115887642
3700,25.0,917,1.2444536685943604,,,0.013465496711432934
3701,19.0,787,1.0541355609893799,,,0.007955164648592472
3702,19.0,887,1.1806786060333252,,,0.007753294892609119
3703,23.0,961,1.2838966846466064,,,0.02917083539068699
3704,24.0,939,1.2527885437011719,,,0.018707679584622383
3705,20.0,733,0.9929156303405762,,,0.008099452592432499
3706,30.0,1328,1.7676634788513184,,,0.022820839658379555
3707,13.0,683,0.9203286170959473,,,0.011137542314827442
3708,3.0,445,0.6035706996917725,,,0.008464190177619457
3709,22.0,1103,1.4851737022399902,,,0.013937968760728836
3710,15.0,699,0.9417712688446045,,,0.009872893802821636
3711,21.0,945,1.2545409202575684,,,0.026466425508260727
3712,25.0,861,1.1410844326019287,,,0.005236090626567602
3713,19.0,835,1.1264572143554688,,,0.012570216320455074
3714,24.0,1153,1.5538475513458252,,,0.008227811194956303
3715,22.0,797,1.0768051147460938,,,0.007782053202390671
3716,25.0,995,1.3508591651916504,,,0.013819795101881027
3717,6.0,665,0.9079468250274658,,,0.019197620451450348
3718,20.0,887,1.1989398002624512,,,0.010233715176582336
3719,7.0,621,0.8268821239471436,,,0.019645897671580315
3720,16.0,797,1.0701406002044678,,,0.01068403385579586
3721,18.0,727,0.9708504676818848,,,0.015633901581168175
3722,32.0,1117,1.479353666305542,,,0.010679678991436958
3723,29.0,1458,1.9219789505004883,,,0.011752210557460785
3724,22.0,899,1.2009913921356201,,,0.016043437644839287
3725,24.0,1033,1.3771955966949463,,,0.012470345012843609
3726,29.0,1009,1.3318541049957275,,,0.008049910888075829
3727,3.0,352,0.4740426540374756,,,0.011002150364220142
3728,14.0,586,0.7849512100219727,,,0.01455075666308403
3729,15.0,658,0.88108229637146,,,0.01725921407341957
3730,20.0,1117,1.4831626415252686,,,0.00960170105099678
3731,26.0,1288,1.6995368003845215,,,0.024535393342375755
3732,7.0,560,0.7541482448577881,,,0.0367407463490963
3733,20.0,819,1.1001121997833252,,,0.00921606458723545
3734,19.0,860,1.1469037532806396,,,0.017206832766532898
3735,26.0,1112,1.4681801795959473,,,0.014593883417546749
3736,27.0,785,1.042449951171875,,,0.00766422925516963
3737,30.0,1348,1.7751367092132568,,,0.008155051618814468
3738,20.0,771,1.0391607284545898,,,0.014253216795623302
3739,21.0,844,1.145493745803833,,,0.008988576009869576
3740,22.0,1051,1.4098854064941406,,,0.008015282452106476
3741,20.0,723,0.9816195964813232,,,0.0042084879241883755
3742,18.0,673,0.9067416191101074,,,0.02441408671438694
3743,21.0,840,1.1341910362243652,,,0.01122954860329628
3744,24.0,1064,1.4444103240966797,,,0.01050291396677494
3745,21.0,965,1.3068008422851562,,,0.011492431163787842
3746,19.0,811,1.0962944030761719,,,0.007321656681597233
3747,19.0,827,1.1223759651184082,,,0.006662373896688223
3748,24.0,906,1.2197449207305908,,,0.00777051504701376
3749,19.0,1060,1.4450666904449463,,,0.01670907810330391
3750,26.0,1069,1.4462127685546875,,,0.04008099436759949
3751,30.0,903,1.2178757190704346,,,0.008148529566824436
3752,7.0,573,0.7764878273010254,,,0.024767620489001274
3753,16.0,705,0.9553158283233643,,,0.011929129250347614
3754,25.0,1147,1.5425355434417725,,,0.017704248428344727
3755,28.0,1170,1.5736920833587646,,,0.028629466891288757
3756,15.0,761,1.0407042503356934,,,0.014551547355949879
3757,21.0,1073,1.4569931030273438,,,0.019536787644028664
3758,25.0,1113,1.504204511642456,,,0.009242357686161995
3759,33.0,1198,1.605426549911499,,,0.02461634762585163
3760,29.0,1255,1.6904253959655762,,,0.012155218049883842
3761,22.0,841,1.146406888961792,,,0.01359199546277523
3762,20.0,875,1.1702477931976318,,,0.018080173060297966
3763,19.0,859,1.1554324626922607,,,0.013478313572704792
3764,25.0,891,1.1886448860168457,,,0.009487864561378956
3765,12.0,510,0.695697546005249,,,0.007354282774031162
3766,29.0,1105,1.4813728332519531,,,0.009889043867588043
3767,13.0,707,0.9627425670623779,,,0.010187431238591671
3768,22.0,907,1.2296640872955322,,,0.01052525732666254
3769,9.0,623,0.8549864292144775,,,0.012770499102771282
3770,14.0,830,1.1277830600738525,,,0.018636854365468025
3771,22.0,897,1.2156963348388672,,,0.01473680417984724
3772,25.0,1119,1.5076251029968262,,,0.025748681277036667
3773,28.0,963,1.2942290306091309,,,0.01594124548137188
3774,18.0,721,0.9789609909057617,,,0.012266038917005062
3775,28.0,1389,1.8612706661224365,,,0.018892062827944756
3776,31.0,1463,1.9647135734558105,,,0.00719106663018465
3777,33.0,1135,1.528244972229004,,,0.008781407959759235
3778,18.0,855,1.1615326404571533,,,0.008185316808521748
3779,26.0,1270,1.7080492973327637,,,0.0163770392537117
3780,15.0,926,1.2559232711791992,,,0.01222991943359375
3781,25.0,1007,1.3458852767944336,,,0.009758491069078445
3782,29.0,1077,1.4309349060058594,,,0.01493541058152914
3783,21.0,949,1.2787117958068848,,,0.009781698696315289
3784,17.0,709,0.9574277400970459,,,0.013337062671780586
3785,20.0,763,1.0330486297607422,,,0.01757071353495121
3786,32.0,1404,1.8671929836273193,,,0.012673316523432732
3787,24.0,1294,1.7325859069824219,,,0.012028465047478676
3788,27.0,922,1.2372748851776123,,,0.009382002986967564
3789,23.0,980,1.3222973346710205,,,0.010992346331477165
3790,26.0,1055,1.4358036518096924,,,0.015541409142315388
3791,16.0,647,0.8838460445404053,,,0.021429896354675293
3792,22.0,921,1.2515058517456055,,,0.0102354371920228
3793,9.0,535,0.7354161739349365,,,0.012095614336431026
3794,24.0,865,1.1780328750610352,,,0.023459482938051224
3795,28.0,1389,1.8696513175964355,,,0.014940855093300343
3796,22.0,809,1.094437599182129,,,0.027193153277039528
3797,25.0,1148,1.5576767921447754,,,0.005740747321397066
3798,20.0,855,1.1624782085418701,,,0.01469965185970068
3799,12.0,630,0.8609881401062012,,,0.014231033623218536
3800,17.0,823,1.1215975284576416,,,0.014997228048741817
3801,22.0,953,1.3096609115600586,,,0.015413676388561726
3802,21.0,865,1.184511423110962,,,0.00815869402140379
3803,18.0,741,1.0214219093322754,,,0.010960564948618412
3804,18.0,843,1.1519207954406738,,,0.01278790645301342
3805,15.0,735,1.0063846111297607,,,0.024542342871427536
3806,16.0,748,1.0245914459228516,,,0.00889000203460455
3807,7.0,592,0.8139357566833496,,,0.007592495996505022
3808,28.0,1220,1.6526615619659424,,,0.02457415498793125
3809,23.0,1085,1.4741299152374268,,,0.011655587702989578
3810,25.0,995,1.3502717018127441,,,0.010506106540560722
3811,15.0,717,0.9712669849395752,,,0.006256032269448042
3812,21.0,877,1.1824228763580322,,,0.031995855271816254
3813,20.0,756,1.0282137393951416,,,0.036764610558748245
3814,22.0,814,1.1066186428070068,,,0.011549854651093483
3815,9.0,589,0.8041110038757324,,,0.01371089182794094
3816,10.0,606,0.8247733116149902,,,0.008207702077925205
3817,24.0,1221,1.658076286315918,,,0.0213596411049366
3818,29.0,1204,1.6159908771514893,,,0.018925689160823822
3819,17.0,1001,1.370478868484497,,,0.016210058704018593
3820,21.0,834,1.1302299499511719,,,0.006943928077816963
3821,14.0,807,1.1033618450164795,,,0.009053513407707214
3822,21.0,843,1.147317886352539,,,0.013854371383786201
3823,20.0,743,1.0211973190307617,,,0.011106588877737522
3824,21.0,812,1.0974187850952148,,,0.016637271270155907
3825,15.0,911,1.2301616668701172,,,0.023663166910409927
3826,28.0,1233,1.6489448547363281,,,0.019729748368263245
3827,4.0,489,0.6637272834777832,,,0.009977203793823719
3828,28.0,1078,1.4349980354309082,,,0.01195477694272995
3829,28.0,1459,1.9534766674041748,,,0.013619707897305489
3830,21.0,803,1.071821689605713,,,0.02119458094239235
3831,26.0,1059,1.4178657531738281,,,0.010187046602368355
3832,18.0,742,1.0058565139770508,,,0.013040785677731037
3833,27.0,1075,1.4568300247192383,,,0.024241743609309196
3834,22.0,1103,1.4905574321746826,,,0.01172493677586317
3835,27.0,1169,1.575014591217041,,,0.016755761578679085
3836,9.0,679,0.9325911998748779,,,0.00939223077148199
3837,27.0,1243,1.6767573356628418,,,0.024645021185278893
3838,24.0,1176,1.5992350578308105,,,0.009973356500267982
3839,20.0,797,1.0862610340118408,,,0.02854917012155056
3840,8.0,767,1.0376107692718506,,,0.010891655460000038
3841,24.0,888,1.2052204608917236,,,0.007172810845077038
3842,18.0,863,1.1684198379516602,,,0.030816730111837387
3843,20.0,817,1.1095802783966064,,,0.014030152931809425
3844,29.0,1286,1.7226672172546387,,,0.014570089057087898
3845,29.0,1214,1.6247749328613281,,,0.014021946117281914
3846,18.0,810,1.0947613716125488,,,0.016245028004050255
3847,28.0,1157,1.5597946643829346,,,0.02159816399216652
3848,25.0,1340,1.7952790260314941,,,0.017174307256937027
3849,25.0,1045,1.4109046459197998,,,0.01998174749314785
3850,17.0,807,1.0851500034332275,,,0.00490934494882822
3851,27.0,839,1.1260769367218018,,,0.020421665161848068
3852,25.0,977,1.3096346855163574,,,0.039821237325668335
3853,21.0,879,1.201979637145996,,,0.007506323512643576
3854,19.0,740,1.0104615688323975,,,0.007982693612575531
3855,17.0,1012,1.375215768814087,,,0.054686591029167175
3856,7.0,636,0.8746874332427979,,,0.028219394385814667
3857,28.0,1146,1.5510249137878418,,,0.017287539318203926
3858,20.0,827,1.1277928352355957,,,0.0055824462324380875
3859,19.0,889,1.208742618560791,,,0.024273240938782692
3860,13.0,753,1.0393805503845215,,,0.013264946639537811
3861,11.0,721,0.9961540699005127,,,0.01830674335360527
3862,20.0,766,1.051072120666504,,,0.0073954397812485695
3863,21.0,901,1.223876953125,,,0.017975401133298874
3864,26.0,1313,1.7717630863189697,,,0.022452520206570625
3865,9.0,804,1.1033759117126465,,,0.014445357955992222
3866,30.0,1291,1.7450447082519531,,,0.014775579795241356
3867,9.0,824,1.1186237335205078,,,0.00822554249316454
3868,9.0,543,0.7291865348815918,,,0.008779638446867466
3869,24.0,837,1.1442086696624756,,,0.012012763880193233
3870,27.0,1141,1.5399386882781982,,,0.011500929482281208
3871,22.0,1069,1.4499502182006836,,,0.005236716940999031
3872,29.0,1065,1.4408140182495117,,,0.011811511591076851
3873,22.0,863,1.1772212982177734,,,0.03476323187351227
3874,25.0,885,1.2006406784057617,,,0.011155186221003532
3875,27.0,1117,1.5075037479400635,,,0.008653180673718452
3876,24.0,1070,1.4445650577545166,,,0.03674354404211044
3877,32.0,1711,2.2992777824401855,,,0.01586873084306717
3878,32.0,1116,1.502917766571045,,,0.023424679413437843
3879,3.0,513,0.6997134685516357,,,0.0074028088711202145
3880,27.0,1079,1.458704948425293,,,0.01482434943318367
3881,28.0,987,1.332566738128662,,,0.020350148901343346
3882,24.0,929,1.263561725616455,,,0.015569007955491543
3883,32.0,1110,1.4925761222839355,,,0.01479036919772625
3884,16.0,630,0.8539245128631592,,,0.013570686802268028
3885,33.0,1274,1.6958646774291992,,,0.011358355171978474
3886,23.0,1057,1.4200994968414307,,,0.010940071195363998
3887,27.0,1405,1.869288444519043,,,0.012052097357809544
3888,28.0,971,1.2986674308776855,,,0.01101627666503191
3889,20.0,806,1.0819649696350098,,,0.017225190997123718
3890,23.0,894,1.1939246654510498,,,0.00781269371509552
3891,2.0,397,0.5400571823120117,,,0.013227427378296852
3892,7.0,897,1.2128422260284424,,,0.0086011728271842
3893,20.0,961,1.2882132530212402,,,0.026580926030874252
3894,31.0,1247,1.6490869522094727,,,0.010184835642576218
3895,12.0,635,0.8654866218566895,,,0.01915939897298813
3896,25.0,839,1.1282036304473877,,,0.006863395217806101
3897,30.0,1213,1.6123929023742676,,,0.009048961102962494
3898,28.0,1105,1.4689140319824219,,,0.010067155584692955
3899,15.0,652,0.8933930397033691,,,0.010985963977873325
3900,30.0,1173,1.5788350105285645,,,0.008884618990123272
3901,23.0,851,1.1591529846191406,,,0.01212758757174015
3902,17.0,947,1.2855851650238037,,,0.020177321508526802
3903,26.0,1097,1.468606948852539,,,0.01991659216582775
3904,29.0,1383,1.8632032871246338,,,0.027253229171037674
3905,31.0,1093,1.461853265762329,,,0.015480258502066135
3906,10.0,719,0.9772763252258301,,,0.013488286174833775
3907,22.0,877,1.1876347064971924,,,0.011906815692782402
3908,25.0,1071,1.439246654510498,,,0.012454967014491558
3909,29.0,1193,1.6129591464996338,,,0.027619250118732452
3910,11.0,689,0.9447872638702393,,,0.014826805330812931
3911,11.0,570,0.7807707786560059,,,0.013599466532468796
3912,23.0,932,1.2583110332489014,,,0.008887316100299358
3913,21.0,731,0.9945321083068848,,,0.017000872641801834
3914,31.0,1091,1.45298171043396,,,0.014941921457648277
3915,20.0,773,1.0418403148651123,,,0.016993552446365356
3916,26.0,928,1.243807315826416,,,0.019758448004722595
3917,28.0,1062,1.4224591255187988,,,0.008942369371652603
3918,25.0,1098,1.473869800567627,,,0.028551511466503143
3919,17.0,758,1.0262303352355957,,,0.011917165480554104
3920,12.0,673,0.9174835681915283,,,0.010442258790135384
3921,19.0,917,1.2564198970794678,,,0.010812952183187008
3922,28.0,1047,1.4054079055786133,,,0.013135290704667568
3923,16.0,736,1.000478982925415,,,0.026633378118276596
3924,24.0,1135,1.5373344421386719,,,0.006292668636888266
3925,19.0,851,1.1478869915008545,,,0.0115289818495512
3926,26.0,971,1.3065190315246582,,,0.012928939424455166
3927,12.0,811,1.101271152496338,,,0.018296657130122185
3928,25.0,1121,1.5061495304107666,,,0.01276418287307024
3929,27.0,1284,1.7333605289459229,,,0.01390948984771967
3930,9.0,687,0.9265291690826416,,,0.00974725279957056
3931,21.0,1027,1.3721306324005127,,,0.014001219533383846
3932,22.0,863,1.1714305877685547,,,0.01272569503635168
3933,20.0,1007,1.370182991027832,,,0.009618103504180908
3934,24.0,945,1.2750420570373535,,,0.014708836562931538
3935,10.0,677,0.9230115413665771,,,0.008611757308244705
3936,23.0,1072,1.4544568061828613,,,0.01199948601424694
3937,16.0,851,1.1585197448730469,,,0.010545741766691208
3938,14.0,670,0.9110643863677979,,,0.010995130054652691
3939,21.0,745,1.0093441009521484,,,0.012110215611755848
3940,13.0,761,1.0414097309112549,,,0.00921169575303793
3941,6.0,406,0.5550308227539062,,,0.013751530088484287
3942,13.0,587,0.8055739402770996,,,0.013539434410631657
3943,19.0,749,1.0228044986724854,,,0.014331300742924213
3944,11.0,804,1.0868916511535645,,,0.0100026186555624
3945,27.0,1535,2.0502097606658936,,,0.018043316900730133
3946,14.0,575,0.7756350040435791,,,0.00582566112279892
3947,16.0,729,0.9974086284637451,,,0.016694899648427963
3948,23.0,840,1.137425422668457,,,0.007392748259007931
3949,15.0,713,0.9693970680236816,,,0.012455119751393795
3950,28.0,1203,1.6023175716400146,,,0.015909109264612198
3951,18.0,797,1.0792734622955322,,,0.01731623150408268
3952,23.0,927,1.245509386062622,,,0.016134919598698616
3953,24.0,912,1.2292945384979248,,,0.012710141018033028
3954,28.0,1054,1.4067931175231934,,,0.012623388320207596
3955,29.0,1349,1.8076817989349365,,,0.006348453927785158
3956,24.0,939,1.254612684249878,,,0.006923857145011425
3957,28.0,963,1.2793290615081787,,,0.009458561427891254
3958,14.0,696,0.9422657489776611,,,0.010241671465337276
3959,24.0,1025,1.3789706230163574,,,0.012958341278135777
3960,21.0,835,1.121591329574585,,,0.01733209751546383
3961,15.0,615,0.8299827575683594,,,0.01932957023382187
3962,21.0,827,1.1075384616851807,,,0.007861060090363026
3963,22.0,833,1.120054006576538,,,0.00892208144068718
3964,27.0,1126,1.5040504932403564,,,0.01173228770494461
3965,14.0,809,1.0872981548309326,,,0.016882289201021194
3966,24.0,799,1.0730512142181396,,,0.015230988152325153
3967,29.0,1200,1.5936353206634521,,,0.010043088346719742
3968,24.0,898,1.2003250122070312,,,0.009654760360717773
3969,17.0,735,0.9913148880004883,,,0.02983895316720009
3970,26.0,1255,1.6766643524169922,,,0.022194352000951767
3971,25.0,1137,1.5122950077056885,,,0.009198048152029514
3972,24.0,975,1.3191189765930176,,,0.02096940204501152
3973,29.0,1339,1.8024613857269287,,,0.008152570575475693
3974,28.0,1025,1.380101203918457,,,0.023604076355695724
3975,30.0,1270,1.693389892578125,,,0.01305731013417244
3976,18.0,772,1.0369114875793457,,,0.00683297123759985
3977,31.0,1099,1.4750747680664062,,,0.005897053517401218
3978,27.0,879,1.1930537223815918,,,0.012434298172593117
3979,6.0,487,0.6624624729156494,,,0.013774873688817024
3980,23.0,848,1.146714210510254,,,0.019752835854887962
3981,24.0,1081,1.4654676914215088,,,0.007297854870557785
3982,28.0,1259,1.6895101070404053,,,0.00967967975884676
3983,26.0,873,1.1622958183288574,,,0.010215970687568188
3984,15.0,689,0.9243335723876953,,,0.006487585604190826
3985,29.0,1180,1.600856065750122,,,0.013524718582630157
3986,23.0,887,1.2056703567504883,,,0.026381786912679672
3987,25.0,1147,1.5606966018676758,,,0.015394181944429874
3988,19.0,747,1.0044341087341309,,,0.020058801397681236
3989,18.0,833,1.1301584243774414,,,0.010896245948970318
3990,24.0,927,1.244312047958374,,,0.019139865413308144
3991,27.0,1156,1.559037685394287,,,0.009391242638230324
3992,23.0,968,1.3179428577423096,,,0.015450259670615196
3993,29.0,1231,1.663633108139038,,,0.01329638622701168
3994,32.0,1131,1.5281250476837158,,,0.01710556633770466
3995,31.0,1467,1.9728844165802002,,,0.010880224406719208
3996,25.0,1009,1.3653674125671387,,,0.009127072989940643
3997,23.0,919,1.245912790298462,,,0.01859908178448677
3998,27.0,1067,1.439138412475586,,,0.01604936085641384
3999,25.0,1015,1.3705089092254639,,,0.012797726318240166
4000,24.0,787,1.0765905380249023,,,0.012305108830332756
4001,27.0,1141,1.5255117416381836,,,0.017263108864426613
4002,28.0,1092,1.4586622714996338,,,0.021153708919882774
4003,10.0,615,0.8312077522277832,,,0.015847662463784218
4004,24.0,1073,1.436608076095581,,,0.008397489786148071
4005,9.0,525,0.715888500213623,,,0.01496890839189291
4006,25.0,1052,1.4270899295806885,,,0.015785517171025276
4007,27.0,1016,1.3721449375152588,,,0.019636819139122963
4008,29.0,1427,1.9215028285980225,,,0.015629829838871956
4009,33.0,1435,1.9177777767181396,,,0.015370535664260387
4010,21.0,942,1.2787723541259766,,,0.00579408835619688
4011,32.0,1387,1.857450246810913,,,0.013219582848250866
4012,28.0,1105,1.48956298828125,,,0.007701496593654156
4013,23.0,1063,1.4306654930114746,,,0.03322597220540047
4014,21.0,907,1.2325589656829834,,,0.010210536420345306
4015,21.0,751,1.024055004119873,,,0.013836321420967579
4016,24.0,995,1.336266040802002,,,0.018444780260324478
4017,19.0,795,1.0725116729736328,,,0.01516555342823267
4018,31.0,1413,1.8993682861328125,,,0.01038210466504097
4019,26.0,1027,1.3874716758728027,,,0.013416655361652374
4020,21.0,781,1.0592200756072998,,,0.008902252651751041
4021,19.0,808,1.0987515449523926,,,0.008448692969977856
4022,28.0,1228,1.6480975151062012,,,0.006424911320209503
4023,16.0,873,1.1838128566741943,,,0.010096212849020958
4024,20.0,877,1.1956253051757812,,,0.008935905061662197
4025,23.0,1054,1.4332823753356934,,,0.011100403033196926
4026,20.0,864,1.1770055294036865,,,0.020222797989845276
4027,29.0,1127,1.5264465808868408,,,0.011314221657812595
4028,25.0,933,1.2717158794403076,,,0.013632324524223804
4029,33.0,1340,1.7963840961456299,,,0.009702754206955433
4030,19.0,833,1.1218280792236328,,,0.010492772795259953
4031,31.0,1199,1.6057679653167725,,,0.02057052031159401
4032,21.0,841,1.1301772594451904,,,0.017094964161515236
4033,20.0,961,1.3078351020812988,,,0.008095907978713512
4034,30.0,1128,1.5131032466888428,,,0.009014513343572617
4035,24.0,919,1.2525553703308105,,,0.018570853397250175
4036,21.0,773,1.0577709674835205,,,0.012241809628903866
4037,22.0,933,1.2675015926361084,,,0.008618216961622238
4038,7.0,569,0.7794637680053711,,,0.028551461175084114
4039,23.0,985,1.32877779006958,,,0.012892893515527248
4040,27.0,840,1.1430871486663818,,,0.0072814589366316795
4041,29.0,1352,1.8190629482269287,,,0.008896620012819767
4042,33.0,1175,1.5734572410583496,,,0.018059492111206055
4043,29.0,1153,1.538511037826538,,,0.012272173538804054
4044,15.0,773,1.046320915222168,,,0.011957761831581593
4045,23.0,1004,1.3605048656463623,,,0.01767914555966854
4046,27.0,933,1.2493774890899658,,,0.016199037432670593
4047,25.0,955,1.2985022068023682,,,0.008306452073156834
4048,23.0,836,1.1378519535064697,,,0.029495004564523697
4049,20.0,989,1.336568832397461,,,0.016421405598521233
4050,31.0,1224,1.6213626861572266,,,0.011598517186939716
4051,19.0,790,1.0764288902282715,,,0.02523762919008732
4052,17.0,702,0.9650108814239502,,,0.00681509030982852
4053,12.0,580,0.8012087345123291,,,0.013113109394907951
4054,25.0,1070,1.4417645931243896,,,0.008058277890086174
4055,19.0,873,1.1882328987121582,,,0.006694640498608351
4056,23.0,885,1.1897683143615723,,,0.006607932038605213
4057,28.0,1038,1.4106650352478027,,,0.028989771381020546
4058,28.0,1087,1.461369514465332,,,0.011052238754928112
4059,24.0,886,1.183750867843628,,,0.02548195794224739
4060,29.0,1153,1.545769214630127,,,0.019631685689091682
4061,27.0,1300,1.7374210357666016,,,0.004590481054037809
4062,29.0,1249,1.6690595149993896,,,0.01519529614597559
4063,30.0,1227,1.6558775901794434,,,0.011752963066101074
4064,28.0,1110,1.4993104934692383,,,0.015548843890428543
4065,20.0,875,1.19465970993042,,,0.01427293848246336
4066,31.0,1151,1.5514843463897705,,,0.0034657332580536604
4067,28.0,1031,1.3965480327606201,,,0.01087898388504982
4068,25.0,868,1.175187349319458,,,0.013688904233276844
4069,24.0,839,1.1362993717193604,,,0.009052867069840431
4070,25.0,968,1.3077585697174072,,,0.025402778759598732
4071,22.0,952,1.2903807163238525,,,0.029062416404485703
4072,31.0,1121,1.5140266418457031,,,0.011215396225452423
4073,22.0,890,1.2001070976257324,,,0.0129969147965312
4074,18.0,867,1.181262731552124,,,0.01752040535211563
4075,24.0,1014,1.3715465068817139,,,0.020523177459836006
4076,24.0,983,1.337282419204712,,,0.015858689323067665
4077,28.0,967,1.310964584350586,,,0.009040262550115585
4078,12.0,589,0.8092381954193115,,,0.006685732398182154
4079,23.0,978,1.333832025527954,,,0.01299080066382885
4080,31.0,1376,1.8557960987091064,,,0.013419942930340767
4081,30.0,1347,1.8093175888061523,,,0.02362786792218685
4082,32.0,1282,1.7212786674499512,,,0.008118454366922379
4083,27.0,1026,1.3862969875335693,,,0.015233037061989307
4084,6.0,502,0.6852755546569824,,,0.019084865227341652
4085,19.0,780,1.0640273094177246,,,0.0105295330286026
4086,32.0,1301,1.7510755062103271,,,0.016889283433556557
4087,31.0,1214,1.632781744003296,,,0.02806021459400654
4088,32.0,1311,1.7656919956207275,,,0.016076967120170593
4089,22.0,857,1.1669328212738037,,,0.019915325567126274
4090,24.0,1038,1.410520315170288,,,0.010691209696233273
4091,22.0,811,1.1016778945922852,,,0.014888416975736618
4092,16.0,753,1.0254640579223633,,,0.018015911802649498
4093,18.0,792,1.0736403465270996,,,0.013836309313774109
4094,22.0,851,1.161557912826538,,,0.008758059702813625
4095,14.0,634,0.8624691963195801,,,0.007767795119434595
4096,20.0,867,1.1800997257232666,,,0.0057424865663051605
4097,25.0,1117,1.501178503036499,,,0.012584404088556767
4098,30.0,1302,1.7446260452270508,,,0.015160619281232357
4099,31.0,1266,1.6971795558929443,,,0.0062456028535962105
4100,21.0,915,1.227856159210205,,,0.0128047876060009
4101,17.0,1017,1.3753044605255127,,,0.012264810502529144
4102,25.0,955,1.2811565399169922,,,0.016543541103601456
4103,19.0,741,0.9982748031616211,,,0.019557422026991844
4104,11.0,670,0.9141488075256348,,,0.03185097128152847
4105,27.0,1039,1.396517038345337,,,0.012131194584071636
4106,26.0,1091,1.4693272113800049,,,0.012017152272164822
4107,30.0,980,1.316420316696167,,,0.0056370762176811695
4108,24.0,919,1.2428650856018066,,,0.01409507729113102
4109,32.0,1303,1.7571496963500977,,,0.014402407221496105
4110,27.0,1116,1.5029449462890625,,,0.02248051017522812
4111,23.0,796,1.081326961517334,,,0.03126029670238495
4112,19.0,825,1.1210041046142578,,,0.010917305946350098
4113,21.0,904,1.2258632183074951,,,0.01068465318530798
4114,11.0,543,0.747786283493042,,,0.006578819826245308
4115,21.0,817,1.1102886199951172,,,0.013223668560385704
4116,16.0,695,0.946235179901123,,,0.007218256127089262
4117,19.0,663,0.90903639793396,,,0.027524683624505997
4118,16.0,995,1.3582913875579834,,,0.010418751277029514
4119,15.0,861,1.1774163246154785,,,0.03178546577692032
4120,26.0,982,1.334686517715454,,,0.010103078559041023
4121,15.0,722,0.9856715202331543,,,0.009823575615882874
4122,2.0,462,0.6292879581451416,,,0.019364874809980392
4123,24.0,873,1.1755363941192627,,,0.008803149685263634
4124,22.0,882,1.2031915187835693,,,0.022928910329937935
4125,24.0,998,1.349780559539795,,,0.008418308570981026
4126,29.0,1216,1.6491115093231201,,,0.009357592090964317
4127,27.0,1083,1.4695639610290527,,,0.009135712869465351
4128,27.0,1267,1.7059025764465332,,,0.0073856874369084835
4129,23.0,1037,1.4107482433319092,,,0.010362346656620502
4130,24.0,1004,1.3512070178985596,,,0.0077051990665495396
4131,17.0,738,1.005427360534668,,,0.012752920389175415
4132,27.0,841,1.1412889957427979,,,0.013284853659570217
4133,16.0,762,1.041931390762329,,,0.004688751883804798
4134,19.0,813,1.104957103729248,,,0.0160856693983078
4135,23.0,793,1.0684642791748047,,,0.02109641022980213
4136,14.0,839,1.1359868049621582,,,0.010770381428301334
4137,7.0,546,0.7423059940338135,,,0.012391353957355022
4138,23.0,769,1.041473627090454,,,0.01969122141599655
4139,26.0,1107,1.4873566627502441,,,0.010670670308172703
4140,25.0,874,1.1801698207855225,,,0.009731791913509369
4141,25.0,989,1.3261075019836426,,,0.01378557924181223
4142,26.0,1166,1.5686511993408203,,,0.006650958210229874
4143,17.0,761,1.034904956817627,,,0.02444566786289215
4144,29.0,1174,1.5865123271942139,,,0.014009205624461174
4145,30.0,1270,1.719641923904419,,,0.008489229716360569
4146,25.0,996,1.3590352535247803,,,0.022055339068174362
4147,24.0,1011,1.3719937801361084,,,0.011075828224420547
4148,28.0,999,1.3508317470550537,,,0.010627535171806812
4149,16.0,981,1.3301723003387451,,,0.016962936148047447
4150,27.0,1223,1.6381316184997559,,,0.015224415808916092
4151,23.0,798,1.0745837688446045,,,0.0123885003849864
4152,13.0,676,0.9132812023162842,,,0.024808011949062347
4153,25.0,977,1.315692663192749,,,0.01297771092504263
4154,30.0,917,1.2446048259735107,,,0.018282106146216393
4155,28.0,846,1.1428813934326172,,,0.018078956753015518
4156,22.0,741,1.004171371459961,,,0.009779426269233227
4157,30.0,1195,1.6236212253570557,,,0.04065781459212303
4158,28.0,1241,1.680901288986206,,,0.011493668891489506
4159,29.0,1035,1.4072084426879883,,,0.017293421551585197
4160,30.0,1286,1.736020565032959,,,0.01896369829773903
4161,25.0,978,1.3373842239379883,,,0.019390858709812164
4162,24.0,1089,1.4807236194610596,,,0.01458319928497076
4163,9.0,540,0.7395048141479492,,,0.01336574275046587
4164,12.0,688,0.9469113349914551,,,0.012440092861652374
4165,24.0,961,1.3136370182037354,,,0.030171504244208336
4166,29.0,1190,1.6192493438720703,,,0.012777482159435749
4167,24.0,773,1.050473690032959,,,0.017752015963196754
4168,7.0,656,0.893305778503418,,,0.016206663101911545
4169,11.0,747,1.0275757312774658,,,0.008445320650935173
4170,25.0,889,1.2101149559020996,,,0.01106589287519455
4171,29.0,1166,1.5811152458190918,,,0.011911899782717228
4172,23.0,793,1.0805110931396484,,,0.026639526709914207
4173,21.0,894,1.2193050384521484,,,0.01028075534850359
4174,20.0,1082,1.4540865421295166,,,0.025743355974555016
4175,21.0,859,1.155630350112915,,,0.008175850845873356
4176,20.0,959,1.2929725646972656,,,0.010725950822234154
4177,26.0,1318,1.7732863426208496,,,0.019204746931791306
4178,26.0,947,1.2845091819763184,,,0.007274416740983725
4179,20.0,915,1.249025583267212,,,0.01070462353527546
4180,17.0,769,1.0533740520477295,,,0.011340494267642498
4181,19.0,943,1.2906043529510498,,,0.02309104986488819
4182,31.0,1343,1.8111867904663086,,,0.0386354923248291
4183,24.0,1028,1.3839225769042969,,,0.003218148136511445
4184,17.0,875,1.1984708309173584,,,0.015350054949522018
4185,25.0,805,1.0997779369354248,,,0.008072156459093094
4186,30.0,1333,1.7879722118377686,,,0.006715940777212381
4187,27.0,1023,1.3713183403015137,,,0.01257183589041233
4188,20.0,970,1.3024656772613525,,,0.007516428828239441
4189,24.0,1016,1.3768813610076904,,,0.028604434803128242
4190,24.0,1117,1.4946174621582031,,,0.008654681034386158
4191,29.0,1325,1.7640621662139893,,,0.014478513039648533
4192,19.0,707,0.9531848430633545,,,0.02125738374888897
4193,24.0,918,1.2318406105041504,,,0.014703406020998955
4194,26.0,1044,1.418525218963623,,,0.014648099429905415
4195,18.0,728,0.991905927658081,,,0.009710480459034443
4196,25.0,983,1.335477352142334,,,0.024730095639824867
4197,6.0,622,0.854992151260376,,,0.006927080452442169
4198,23.0,1019,1.3768908977508545,,,0.029668714851140976
4199,30.0,1229,1.640784502029419,,,0.012580018490552902
4200,28.0,1352,1.8089978694915771,,,0.014396815560758114
4201,25.0,1077,1.4727401733398438,,,0.008690866641700268
4202,27.0,1280,1.7298319339752197,,,0.01348800864070654
4203,11.0,685,0.9385218620300293,,,0.012492229230701923
4204,21.0,889,1.2161576747894287,,,0.005822736769914627
4205,25.0,1006,1.3651561737060547,,,0.031206753104925156
4206,13.0,622,0.8531396389007568,,,0.025443384423851967
4207,20.0,901,1.2282795906066895,,,0.00859107542783022
4208,21.0,813,1.1017053127288818,,,0.007612880785018206
4209,21.0,871,1.1764533519744873,,,0.031110413372516632
4210,21.0,803,1.0913119316101074,,,0.03154339641332626
4211,28.0,1172,1.590306043624878,,,0.009217607788741589
4212,29.0,1035,1.3993804454803467,,,0.00758069334551692
4213,28.0,1094,1.4893183708190918,,,0.024897562339901924
4214,19.0,736,1.001352071762085,,,0.0069401562213897705
4215,32.0,1417,1.9016120433807373,,,0.016602138057351112
4216,22.0,975,1.3048732280731201,,,0.01973683200776577
4217,31.0,1171,1.5826866626739502,,,0.0071174767799675465
4218,5.0,509,0.6934287548065186,,,0.016295837238430977
4219,31.0,1294,1.7288329601287842,,,0.034893445670604706
4220,16.0,696,0.9406492710113525,,,0.0191658828407526
4221,22.0,1001,1.3498313426971436,,,0.012207744643092155
4222,20.0,897,1.2162704467773438,,,0.01522307563573122
4223,23.0,1003,1.3529748916625977,,,0.012063578702509403
4224,28.0,1001,1.3530025482177734,,,0.008398895151913166
4225,29.0,1145,1.5326721668243408,,,0.012921477667987347
4226,23.0,1037,1.3970682621002197,,,0.006868889555335045
4227,24.0,855,1.1629915237426758,,,0.0192022193223238
4228,16.0,681,0.9295408725738525,,,0.00878728087991476
4229,23.0,1198,1.6139109134674072,,,0.019215881824493408
4230,27.0,1034,1.3899824619293213,,,0.009230176918208599
4231,28.0,1427,1.9186584949493408,,,0.01585198938846588
4232,31.0,1361,1.817924976348877,,,0.011971431784331799
4233,9.0,595,0.8093147277832031,,,0.033954519778490067
4234,26.0,997,1.345693826675415,,,0.007902022451162338
4235,18.0,637,0.8607401847839355,,,0.006641905754804611
4236,27.0,1059,1.4305388927459717,,,0.010016254149377346
4237,21.0,816,1.0955278873443604,,,0.01188648771494627
4238,26.0,859,1.16526460647583,,,0.015165264718234539
4239,27.0,861,1.1670989990234375,,,0.0071754069067537785
4240,24.0,1268,1.7129082679748535,,,0.023495396599173546
4241,25.0,1020,1.3845422267913818,,,0.013599471189081669
4242,25.0,898,1.2134106159210205,,,0.01767387054860592
4243,32.0,1181,1.5952739715576172,,,0.012295813299715519
4244,26.0,1027,1.3853330612182617,,,0.011595840565860271
4245,22.0,945,1.2850260734558105,,,0.010913667269051075
4246,31.0,1153,1.5581245422363281,,,0.01576756313443184
4247,19.0,787,1.0774481296539307,,,0.01218025479465723
4248,25.0,1074,1.4415199756622314,,,0.013202562928199768
4249,29.0,1213,1.6364679336547852,,,0.006439591757953167
4250,29.0,1222,1.6524195671081543,,,0.012927458621561527
4251,27.0,1215,1.647141695022583,,,0.0312103983014822
4252,25.0,1045,1.4261479377746582,,,0.020895250141620636
4253,21.0,757,1.0385897159576416,,,0.007541298400610685
4254,28.0,1157,1.5597147941589355,,,0.00401915330439806
4255,18.0,763,1.028822898864746,,,0.007914731279015541
4256,26.0,1008,1.3541479110717773,,,0.00674050860106945
4257,27.0,1197,1.5989162921905518,,,0.026628004387021065
4258,22.0,833,1.1297543048858643,,,0.010629269294440746
4259,28.0,983,1.318253517150879,,,0.018172524869441986
4260,25.0,1065,1.4307544231414795,,,0.010202061384916306
4261,33.0,1257,1.6710553169250488,,,0.010770889930427074
4262,24.0,949,1.2790422439575195,,,0.012684714049100876
4263,23.0,827,1.1119956970214844,,,0.008011783473193645
4264,14.0,669,0.9044020175933838,,,0.009361072443425655
4265,24.0,766,1.0321919918060303,,,0.007170078810304403
4266,23.0,859,1.1573688983917236,,,0.013838410377502441
4267,30.0,1057,1.417109727859497,,,0.007384117227047682
4268,26.0,817,1.0955314636230469,,,0.008734597824513912
4269,14.0,901,1.2204878330230713,,,0.009668535552918911
4270,19.0,730,1.004528522491455,,,0.021246900781989098
4271,31.0,1171,1.589296579360962,,,0.012676569633185863
4272,31.0,1395,1.8812406063079834,,,0.015181958675384521
4273,22.0,1011,1.371696949005127,,,0.006799938622862101
4274,30.0,1181,1.594383716583252,,,0.004495999310165644
4275,31.0,1024,1.3975496292114258,,,0.007955488748848438
4276,22.0,876,1.1891357898712158,,,0.01311749778687954
4277,28.0,1067,1.4510860443115234,,,0.013184726238250732
4278,19.0,709,0.9687588214874268,,,0.021705232560634613
4279,29.0,1327,1.794783353805542,,,0.009242866188287735
4280,24.0,1008,1.3726000785827637,,,0.016842402517795563
4281,28.0,1216,1.646285057067871,,,0.012672345153987408
4282,31.0,1429,1.918769359588623,,,0.017110448330640793
4283,21.0,802,1.0966830253601074,,,0.010798105970025063
4284,22.0,789,1.0763471126556396,,,0.018300078809261322
4285,17.0,817,1.116896629333496,,,0.008493717759847641
4286,31.0,1298,1.7658286094665527,,,0.014223463833332062
4287,27.0,1044,1.4115328788757324,,,0.006239426322281361
4288,29.0,1214,1.640303373336792,,,0.009247164241969585
4289,23.0,1031,1.4113833904266357,,,0.012116104364395142
4290,14.0,686,0.9379744529724121,,,0.008367915637791157
4291,25.0,1003,1.3744418621063232,,,0.0038535045459866524
4292,24.0,870,1.1838281154632568,,,0.00903572142124176
4293,17.0,745,1.0201354026794434,,,0.005814133211970329
4294,22.0,941,1.2735843658447266,,,0.01180326659232378
4295,20.0,875,1.199601411819458,,,0.007782279048115015
4296,24.0,987,1.3482615947723389,,,0.006031705532222986
4297,10.0,714,0.986931324005127,,,0.03619983419775963
4298,21.0,818,1.1232450008392334,,,0.00888923741877079
4299,28.0,1382,1.8634676933288574,,,0.006023493129760027
4300,26.0,997,1.3370814323425293,,,0.008549178950488567
4301,27.0,922,1.23807954788208,,,0.006113793700933456
4302,23.0,787,1.0698573589324951,,,0.019488025456666946
4303,28.0,1075,1.4590709209442139,,,0.007929100655019283
4304,26.0,1008,1.3638932704925537,,,0.01430531870573759
4305,20.0,865,1.1798663139343262,,,0.009658155962824821
4306,32.0,1641,2.1987695693969727,,,0.008704344742000103
4307,30.0,1219,1.6473703384399414,,,0.011066784150898457
4308,22.0,756,1.034585952758789,,,0.01992533914744854
4309,22.0,843,1.1438889503479004,,,0.029945330694317818
4310,22.0,764,1.0369081497192383,,,0.009025131352245808
4311,30.0,1137,1.525047779083252,,,0.018098527565598488
4312,17.0,810,1.1066944599151611,,,0.02418985217809677
4313,31.0,1214,1.6366384029388428,,,0.02211150713264942
4314,27.0,1007,1.3474009037017822,,,0.009169647470116615
4315,23.0,929,1.2572505474090576,,,0.012292799539864063
4316,33.0,1335,1.8032705783843994,,,0.02369554154574871
4317,30.0,1003,1.3590571880340576,,,0.010964841581881046
4318,17.0,855,1.1610426902770996,,,0.014163420535624027
4319,31.0,1339,1.7917811870574951,,,0.01104261539876461
4320,31.0,1236,1.661421298980713,,,0.026621943339705467
4321,30.0,1181,1.600024700164795,,,0.014994022436439991
4322,27.0,949,1.2887823581695557,,,0.007204938214272261
4323,19.0,678,0.9289510250091553,,,0.01235476229339838
4324,20.0,776,1.058342695236206,,,0.009807376191020012
4325,23.0,835,1.1383771896362305,,,0.023533809930086136
4326,13.0,592,0.8071227073669434,,,0.00816389825195074
4327,28.0,1039,1.4083847999572754,,,0.006325508933514357
4328,21.0,799,1.0946223735809326,,,0.01566607877612114
4329,31.0,1034,1.4036650657653809,,,0.0096901198849082
4330,26.0,901,1.2275233268737793,,,0.01159589271992445
4331,18.0,685,0.9315485954284668,,,0.008476979099214077
4332,20.0,993,1.3542394638061523,,,0.017611220479011536
4333,29.0,1222,1.6535873413085938,,,0.022206570953130722
4334,25.0,962,1.307734727859497,,,0.029700178653001785
4335,17.0,813,1.0984346866607666,,,0.010839545167982578
4336,16.0,632,0.8608705997467041,,,0.012774801813066006
4337,33.0,1266,1.7093687057495117,,,0.010416095145046711
4338,15.0,623,0.8552231788635254,,,0.013431833125650883
4339,29.0,1058,1.4420251846313477,,,0.009485692717134953
4340,24.0,1063,1.447617769241333,,,0.007178326137363911
4341,21.0,730,1.0015873908996582,,,0.013262275606393814
4342,23.0,837,1.1326560974121094,,,0.014478830620646477
4343,33.0,1213,1.6118583679199219,,,0.008978062309324741
4344,28.0,1317,1.7746355533599854,,,0.01015038974583149
4345,30.0,1436,1.9335875511169434,,,0.009881294332444668
4346,28.0,949,1.2825078964233398,,,0.010600795038044453
4347,7.0,735,1.0092244148254395,,,0.014126911759376526
4348,22.0,809,1.1130619049072266,,,0.011121988296508789
4349,35.0,1033,1.3881096839904785,,,0.011247503571212292
4350,20.0,863,1.1607494354248047,,,0.011410929262638092
4351,10.0,613,0.833411693572998,,,0.016212087124586105
4352,29.0,1216,1.6183443069458008,,,0.0131321856752038
4353,22.0,797,1.076693058013916,,,0.01406307052820921
4354,17.0,755,1.0263941287994385,,,0.015533236786723137
4355,30.0,1206,1.6105265617370605,,,0.029574649408459663
4356,18.0,720,0.9884405136108398,,,0.011228099465370178
4357,22.0,879,1.2016377449035645,,,0.007648114114999771
4358,11.0,587,0.7990024089813232,,,0.01107324194163084
4359,27.0,991,1.3425018787384033,,,0.005775634199380875
4360,22.0,792,1.0746967792510986,,,0.010303878225386143
4361,30.0,1081,1.4600939750671387,,,0.016028815880417824
4362,8.0,557,0.761890172958374,,,0.012820341624319553
4363,26.0,1145,1.5396153926849365,,,0.018963932991027832
4364,26.0,899,1.2273335456848145,,,0.01247311756014824
4365,25.0,877,1.1945514678955078,,,0.017561916261911392
4366,15.0,697,0.9646565914154053,,,0.010279189795255661
4367,27.0,1018,1.3806931972503662,,,0.012151532806456089
4368,30.0,1218,1.627479076385498,,,0.013106937520205975
4369,25.0,867,1.19291090965271,,,0.009364970959722996
4370,27.0,906,1.2332417964935303,,,0.017876485362648964
4371,30.0,1380,1.869255781173706,,,0.013452572748064995
4372,28.0,1587,2.137441873550415,,,0.026105128228664398
4373,24.0,858,1.1723809242248535,,,0.010923301801085472
4374,32.0,1337,1.806955337524414,,,0.015005636028945446
4375,25.0,987,1.3437840938568115,,,0.01550255436450243
4376,12.0,597,0.8186590671539307,,,0.01712620258331299
4377,25.0,1082,1.4716622829437256,,,0.03211922571063042
4378,20.0,906,1.2292118072509766,,,0.00845619011670351
4379,23.0,843,1.137566089630127,,,0.010505122132599354
4380,28.0,1139,1.5197525024414062,,,0.01088472455739975
4381,16.0,829,1.14080810546875,,,0.010047278366982937
4382,33.0,1203,1.6097030639648438,,,0.01805257238447666
4383,12.0,561,0.7611351013183594,,,0.014011339284479618
4384,12.0,533,0.7294363975524902,,,0.0117138447239995
4385,31.0,1156,1.565760850906372,,,0.009723667055368423
4386,20.0,834,1.1309409141540527,,,0.01249340083450079
4387,24.0,909,1.221860408782959,,,0.0172966867685318
4388,32.0,1569,2.0964701175689697,,,0.009069367311894894
4389,21.0,833,1.1351220607757568,,,0.008817821741104126
4390,20.0,895,1.224592685699463,,,0.009757016785442829
4391,22.0,867,1.1834349632263184,,,0.012158360332250595
4392,29.0,1365,1.846038818359375,,,0.008482461795210838
4393,32.0,1220,1.6485888957977295,,,0.015205073170363903
4394,19.0,811,1.0967438220977783,,,0.011348085477948189
4395,30.0,1413,1.9062068462371826,,,0.01419147290289402
4396,22.0,794,1.0722460746765137,,,0.011846741661429405
4397,31.0,1465,1.9721167087554932,,,0.007955789566040039
4398,9.0,505,0.6924219131469727,,,0.008502723649144173
4399,26.0,900,1.2261865139007568,,,0.014504486694931984
4400,10.0,845,1.1497764587402344,,,0.01318440679460764
4401,17.0,939,1.2893812656402588,,,0.012190965004265308
4402,28.0,995,1.3384125232696533,,,0.008469952270388603
4403,23.0,1011,1.3728032112121582,,,0.01122736930847168
4404,25.0,1041,1.405102014541626,,,0.0137508325278759
4405,11.0,694,0.9451427459716797,,,0.007873209193348885
4406,6.0,477,0.6558456420898438,,,0.01705692522227764
4407,19.0,802,1.088533639907837,,,0.011683451943099499
4408,26.0,809,1.096555233001709,,,0.006779089104384184
4409,36.0,1582,2.130500078201294,,,0.00720620434731245
4410,30.0,1433,1.9263122081756592,,,0.038147345185279846
4411,26.0,946,1.289508581161499,,,0.011068947613239288
4412,32.0,1393,1.870474100112915,,,0.009802047163248062
4413,17.0,737,1.0019521713256836,,,0.015498015098273754
4414,33.0,1465,1.96718168258667,,,0.010601334273815155
4415,26.0,1121,1.5183086395263672,,,0.03094809129834175
4416,24.0,1006,1.3515324592590332,,,0.008445044048130512
4417,28.0,1066,1.4478883743286133,,,0.01876083016395569
4418,31.0,1437,1.9375221729278564,,,0.009726208634674549
4419,24.0,783,1.057706594467163,,,0.008360513485968113
4420,19.0,705,0.958247184753418,,,0.008511983789503574
4421,26.0,1054,1.418747901916504,,,0.007003639824688435
4422,26.0,1005,1.3645610809326172,,,0.011644776910543442
4423,31.0,1107,1.4774653911590576,,,0.02401835285127163
4424,19.0,786,1.0607943534851074,,,0.005862864200025797
4425,27.0,995,1.3506197929382324,,,0.013162897899746895
4426,9.0,650,0.8890340328216553,,,0.01677911914885044
4427,32.0,1312,1.7726390361785889,,,0.013915007933974266
4428,21.0,825,1.1224322319030762,,,0.006267085205763578
4429,19.0,774,1.0597782135009766,,,0.007861072197556496
4430,31.0,1199,1.620605230331421,,,0.01914387196302414
4431,30.0,1259,1.7060129642486572,,,0.008492992259562016
4432,23.0,907,1.228804111480713,,,0.014807086437940598
4433,28.0,1150,1.5575785636901855,,,0.023206863552331924
4434,21.0,1183,1.6157031059265137,,,0.01918291673064232
4435,17.0,799,1.0884006023406982,,,0.010563126765191555
4436,28.0,1166,1.5745484828948975,,,0.0115892942994833
4437,31.0,1239,1.6768620014190674,,,0.013078601099550724
4438,31.0,1317,1.7836523056030273,,,0.01231098361313343
4439,20.0,857,1.1648437976837158,,,0.010126142762601376
4440,30.0,1340,1.7985968589782715,,,0.009636729024350643
4441,36.0,1359,1.8388259410858154,,,0.042480044066905975
4442,28.0,919,1.2314603328704834,,,0.006116092205047607
4443,32.0,1461,1.9648852348327637,,,0.019127706065773964
4444,30.0,1058,1.4316165447235107,,,0.005503734573721886
4445,31.0,1322,1.7739431858062744,,,0.015628056600689888
4446,15.0,809,1.1067619323730469,,,0.0055685448460280895
4447,15.0,644,0.8884201049804688,,,0.016019023954868317
4448,30.0,1176,1.5876193046569824,,,0.010396063327789307
4449,55.0,1821,2.4647157192230225,,,0.008584055118262768
4450,26.0,1028,1.3828108310699463,,,0.03465135022997856
4451,28.0,994,1.335510015487671,,,0.01075707282871008
4452,26.0,1243,1.6772680282592773,,,0.010729677975177765
4453,20.0,923,1.25765061378479,,,0.009597445838153362
4454,25.0,1037,1.4100027084350586,,,0.009718438610434532
4455,16.0,747,1.0195496082305908,,,0.018958821892738342
4456,30.0,1015,1.3728444576263428,,,0.009274096228182316
4457,16.0,713,0.9786319732666016,,,0.007944704033434391
4458,20.0,689,0.939469575881958,,,0.014900735579431057
4459,13.0,657,0.8980507850646973,,,0.009479929693043232
4460,28.0,1169,1.5776398181915283,,,0.007039694115519524
4461,26.0,969,1.3214941024780273,,,0.007488481234759092
4462,24.0,919,1.2515959739685059,,,0.01026915293186903
4463,25.0,909,1.2333292961120605,,,0.018255002796649933
4464,20.0,766,1.043567180633545,,,0.012687040492892265
4465,38.0,1484,2.008317708969116,,,0.014730019494891167
4466,39.0,1365,1.841897964477539,,,0.018307888880372047
4467,29.0,1247,1.6880910396575928,,,0.009249335154891014
4468,29.0,1017,1.3698689937591553,,,0.015116672031581402
4469,31.0,1157,1.5545847415924072,,,0.0400175116956234
4470,15.0,653,0.8859696388244629,,,0.017432788386940956
4471,10.0,424,0.5764610767364502,,,0.012509745545685291
4472,28.0,993,1.3414700031280518,,,0.010878530330955982
4473,30.0,1311,1.7689781188964844,,,0.006663118489086628
4474,25.0,919,1.2441611289978027,,,0.009492531418800354
4475,29.0,997,1.3547611236572266,,,0.011573795229196548
4476,24.0,1077,1.4685184955596924,,,0.00851175282150507
4477,10.0,564,0.7843401432037354,,,0.010056670755147934
4478,20.0,778,1.0634727478027344,,,0.00852249190211296
4479,29.0,975,1.311384677886963,,,0.010594494640827179
4480,27.0,955,1.3012058734893799,,,0.011405338533222675
4481,29.0,1138,1.5457122325897217,,,0.008936811238527298
4482,30.0,1189,1.607544183731079,,,0.013048461638391018
4483,28.0,1105,1.5025582313537598,,,0.013101610355079174
4484,22.0,891,1.2082393169403076,,,0.010482379235327244
4485,30.0,1202,1.62184476852417,,,0.015351519919931889
4486,27.0,1003,1.3673508167266846,,,0.008652642369270325
4487,20.0,878,1.1958415508270264,,,0.007316831964999437
4488,35.0,1507,2.039593458175659,,,0.016726097092032433
4489,27.0,1012,1.3717362880706787,,,0.015998907387256622
4490,22.0,823,1.1300156116485596,,,0.005393694620579481
4491,26.0,946,1.2811555862426758,,,0.01371932215988636
4492,21.0,1273,1.746161937713623,,,0.009485503658652306
4493,29.0,1149,1.5593037605285645,,,0.013430223800241947
4494,28.0,1173,1.5882298946380615,,,0.010407284833490849
4495,17.0,655,0.8948700428009033,,,0.008873609825968742
4496,29.0,1153,1.5492932796478271,,,0.008871803060173988
4497,26.0,902,1.2161455154418945,,,0.008863991126418114
4498,16.0,644,0.8834257125854492,,,0.008659823797643185
4499,32.0,1131,1.5281689167022705,,,0.017545726150274277
4500,22.0,1017,1.390106201171875,,,0.006186650134623051
4501,25.0,1123,1.5366699695587158,,,0.005413515958935022
4502,27.0,1107,1.5054748058319092,,,0.018037153407931328
4503,18.0,678,0.9355649948120117,,,0.009248794987797737
4504,29.0,995,1.35357666015625,,,0.004633900709450245
4505,28.0,1417,1.9309155941009521,,,0.014412672258913517
4506,33.0,1332,1.7961242198944092,,,0.012665476649999619
4507,25.0,943,1.2756271362304688,,,0.010429269634187222
4508,26.0,914,1.2420265674591064,,,0.0329434797167778
4509,22.0,843,1.1563677787780762,,,0.020785383880138397
4510,20.0,917,1.2554957866668701,,,0.01853335276246071
4511,15.0,839,1.1504895687103271,,,0.015011435374617577
4512,32.0,973,1.3251330852508545,,,0.010077318176627159
4513,29.0,995,1.338139295578003,,,0.006812721025198698
4514,31.0,1405,1.8938469886779785,,,0.006797471083700657
4515,28.0,1109,1.5002946853637695,,,0.011832521297037601
4516,22.0,925,1.2574899196624756,,,0.005905065685510635
4517,23.0,887,1.2076506614685059,,,0.01311715692281723
4518,27.0,901,1.230682134628296,,,0.012821988202631474
4519,6.0,646,0.8829519748687744,,,0.013955716043710709
4520,18.0,1067,1.4410932064056396,,,0.014439968392252922
4521,31.0,1325,1.784127950668335,,,0.013345885090529919
4522,25.0,1067,1.455838680267334,,,0.01533755287528038
4523,23.0,933,1.2729947566986084,,,0.01814812608063221
4524,22.0,1034,1.4038312435150146,,,0.018245955929160118
4525,16.0,705,0.9618306159973145,,,0.014202042482793331
4526,25.0,1081,1.464446783065796,,,0.017457561567425728
4527,22.0,834,1.133098840713501,,,0.020362360402941704
4528,18.0,719,0.9823794364929199,,,0.011456270702183247
4529,8.0,534,0.7218751907348633,,,0.015087494626641273
4530,19.0,739,1.0037815570831299,,,0.012511386536061764
4531,22.0,936,1.2658820152282715,,,0.015970109030604362
4532,5.0,347,0.4746406078338623,,,0.006300603970885277
4533,27.0,924,1.2513699531555176,,,0.006999889388680458
4534,31.0,1149,1.5429389476776123,,,0.010654633864760399
4535,26.0,845,1.1421713829040527,,,0.012559795752167702
4536,16.0,998,1.360863208770752,,,0.017561594024300575
4537,12.0,755,1.0256941318511963,,,0.0057318564504384995
4538,9.0,563,0.7631654739379883,,,0.012140832841396332
4539,26.0,1150,1.549665927886963,,,0.009842625819146633
4540,12.0,637,0.8696494102478027,,,0.008551160804927349
4541,24.0,876,1.1857702732086182,,,0.009485077112913132
4542,28.0,1165,1.587895154953003,,,0.00821767095476389
4543,20.0,771,1.0532302856445312,,,0.007931740023195744
4544,15.0,729,0.9927191734313965,,,0.016926122829318047
4545,8.0,417,0.5753943920135498,,,0.006397786550223827
4546,29.0,1102,1.4887504577636719,,,0.011108186095952988
4547,6.0,691,0.9430880546569824,,,0.010890322737395763
4548,7.0,537,0.7307891845703125,,,0.006849346216768026
4549,19.0,637,0.862299919128418,,,0.005380659829825163
4550,29.0,1089,1.4675345420837402,,,0.0307371336966753
4551,8.0,911,1.2345960140228271,,,0.022302715107798576
4552,7.0,559,0.7673122882843018,,,0.008015673607587814
4553,17.0,636,0.8635101318359375,,,0.01059688813984394
4554,26.0,1370,1.8375506401062012,,,0.025139469653367996
4555,20.0,755,1.0304577350616455,,,0.014410111121833324
4556,4.0,375,0.5158176422119141,,,0.0042920466512441635
4557,19.0,941,1.2851412296295166,,,0.0088590607047081
4558,31.0,1203,1.6177349090576172,,,0.008390720002353191
4559,27.0,919,1.2366650104522705,,,0.0063721369951963425
4560,20.0,1180,1.600160837173462,,,0.009570300579071045
4561,32.0,1241,1.6588470935821533,,,0.006315768696367741
4562,31.0,1410,1.8851213455200195,,,0.006897921673953533
4563,18.0,997,1.3453748226165771,,,0.020390009507536888
4564,29.0,1355,1.825542688369751,,,0.017842726781964302
4565,11.0,675,0.9433634281158447,,,0.009718828834593296
4566,23.0,1008,1.3663525581359863,,,0.01375027745962143
4567,21.0,803,1.0861361026763916,,,0.01239481195807457
4568,26.0,881,1.2001125812530518,,,0.012879088521003723
4569,26.0,1049,1.427964448928833,,,0.006653220392763615
4570,29.0,843,1.141005277633667,,,0.01096269115805626
4571,29.0,1319,1.792466402053833,,,0.009350510314106941
4572,17.0,901,1.227405071258545,,,0.012474637478590012
4573,19.0,884,1.214888572692871,,,0.006506732199341059
4574,32.0,1221,1.6548407077789307,,,0.006441490724682808
4575,56.0,2041,2.777967929840088,,,0.008622306399047375
4576,20.0,931,1.2714414596557617,,,0.00726546673104167
4577,30.0,1188,1.6078624725341797,,,0.009016752243041992
4578,17.0,787,1.069082260131836,,,0.006647864822298288
4579,17.0,931,1.2771737575531006,,,0.013044940307736397
4580,24.0,1036,1.407637596130371,,,0.011978480033576488
4581,27.0,936,1.2730064392089844,,,0.012914573773741722
4582,22.0,845,1.1550850868225098,,,0.03751952201128006
4583,14.0,1168,1.6029994487762451,,,0.02080659382045269
4584,29.0,1230,1.6628260612487793,,,0.011736119166016579
4585,31.0,1190,1.6100471019744873,,,0.007598660420626402
4586,32.0,1371,1.8572916984558105,,,0.011656071990728378
4587,10.0,627,0.8600265979766846,,,0.008293538354337215
4588,22.0,753,1.0192539691925049,,,0.008300703950226307
4589,26.0,975,1.327216386795044,,,0.012162159197032452
4590,27.0,963,1.3048574924468994,,,0.03289053589105606
4591,12.0,656,0.8968949317932129,,,0.014696372672915459
4592,28.0,1313,1.7847390174865723,,,0.006455620750784874
4593,6.0,477,0.6609628200531006,,,0.01265075895935297
4594,31.0,1227,1.6622645854949951,,,0.01856732740998268
4595,29.0,885,1.1989433765411377,,,0.016176491975784302
4596,24.0,849,1.147536039352417,,,0.010143997147679329
4597,29.0,859,1.1698951721191406,,,0.015994681045413017
4598,29.0,1211,1.641298770904541,,,0.0076848468743264675
4599,3.0,507,0.6953704357147217,,,0.010260103270411491
4600,30.0,1129,1.5191330909729004,,,0.014233572408556938
4601,24.0,1223,1.660356044769287,,,0.007716087158769369
4602,29.0,1228,1.6737890243530273,,,0.015112561173737049
4603,27.0,1089,1.4839210510253906,,,0.0068437810987234116
4604,23.0,812,1.1084213256835938,,,0.013418737798929214
4605,8.0,402,0.5543756484985352,,,0.011317329481244087
4606,14.0,607,0.8376212120056152,,,0.01051322091370821
4607,23.0,901,1.2312469482421875,,,0.012919751927256584
4608,27.0,1035,1.407362461090088,,,0.010309389792382717
4609,30.0,1141,1.5389187335968018,,,0.017918309196829796
4610,27.0,863,1.1775381565093994,,,0.007661938667297363
4611,30.0,1182,1.5749287605285645,,,0.016556112095713615
4612,31.0,1240,1.664102554321289,,,0.007931814529001713
4613,31.0,1290,1.7365362644195557,,,0.012458689510822296
4614,7.0,555,0.7616605758666992,,,0.00996202602982521
4615,25.0,831,1.1219778060913086,,,0.010897607542574406
4616,10.0,605,0.82869553565979,,,0.012703957036137581
4617,18.0,693,0.951343297958374,,,0.008751408196985722
4618,28.0,976,1.3117504119873047,,,0.006623617839068174
4619,24.0,653,0.8893685340881348,,,0.00921581219881773
4620,33.0,1193,1.6083998680114746,,,0.019262976944446564
4621,15.0,615,0.8351020812988281,,,0.009557623416185379
4622,32.0,1269,1.6955046653747559,,,0.012021574191749096
4623,31.0,1192,1.6017520427703857,,,0.00912128109484911
4624,10.0,729,0.9925432205200195,,,0.007753058336675167
4625,29.0,1090,1.4671053886413574,,,0.014668432995676994
4626,14.0,609,0.8267242908477783,,,0.0060585360042750835
4627,31.0,1259,1.6853058338165283,,,0.005679980386048555
4628,31.0,1309,1.7661924362182617,,,0.014664141461253166
4629,26.0,1105,1.491936445236206,,,0.004997733980417252
4630,25.0,1105,1.485785961151123,,,0.010923190973699093
4631,26.0,1071,1.447460412979126,,,0.008907491341233253
4632,27.0,1200,1.6340868473052979,,,0.008274720050394535
4633,24.0,831,1.1377646923065186,,,0.015685023739933968
4634,25.0,881,1.1966633796691895,,,0.008932462893426418
4635,28.0,1133,1.5423221588134766,,,0.010941567830741405
4636,20.0,909,1.2487852573394775,,,0.015992818400263786
4637,11.0,671,0.9210736751556396,,,0.01168491505086422
4638,27.0,974,1.3259708881378174,,,0.018549468368291855
4639,23.0,850,1.1441466808319092,,,0.008172676898539066
4640,22.0,703,0.9593334197998047,,,0.010576661676168442
4641,23.0,733,0.9968819618225098,,,0.015394031070172787
4642,17.0,637,0.8734085559844971,,,0.009707286953926086
4643,27.0,905,1.2319557666778564,,,0.02223086729645729
4644,13.0,728,0.9943740367889404,,,0.008923552930355072
4645,27.0,1194,1.5967509746551514,,,0.006912629120051861
4646,14.0,919,1.2471721172332764,,,0.005585184320807457
4647,27.0,1327,1.7650575637817383,,,0.0114721255376935
4648,31.0,1375,1.8398168087005615,,,0.02536933869123459
4649,14.0,611,0.84029221534729,,,0.010632909834384918
4650,17.0,763,1.044569730758667,,,0.009451489895582199
4651,13.0,663,0.9088120460510254,,,0.016289252787828445
4652,21.0,795,1.077317714691162,,,0.013846516609191895
4653,23.0,673,0.9239082336425781,,,0.005993497557938099
4654,20.0,933,1.2726044654846191,,,0.011264761909842491
4655,24.0,865,1.1742618083953857,,,0.026650357991456985
4656,20.0,923,1.259413719177246,,,0.016630494967103004
4657,29.0,948,1.2789278030395508,,,0.028617868199944496
4658,23.0,787,1.0672919750213623,,,0.011721272021532059
4659,25.0,1179,1.6010308265686035,,,0.00929208192974329
4660,28.0,1117,1.5126979351043701,,,0.014241277240216732
4661,15.0,682,0.9300220012664795,,,0.013940216973423958
4662,27.0,1111,1.5071361064910889,,,0.008656671270728111
4663,22.0,813,1.098496675491333,,,0.00956651009619236
4664,33.0,997,1.3466742038726807,,,0.008371671661734581
4665,31.0,1147,1.5404143333435059,,,0.01305604912340641
4666,31.0,1190,1.604257583618164,,,0.01686536893248558
4667,30.0,1383,1.8416564464569092,,,0.0097481869161129
4668,28.0,853,1.1418828964233398,,,0.01237491425126791
4669,14.0,717,0.9718475341796875,,,0.02181355655193329
4670,7.0,569,0.7770977020263672,,,0.0076601943001151085
4671,12.0,638,0.8753600120544434,,,0.012182235717773438
4672,25.0,985,1.3470003604888916,,,0.010861069895327091
4673,29.0,1011,1.3675949573516846,,,0.009029321372509003
4674,24.0,834,1.1342666149139404,,,0.01169760711491108
4675,24.0,969,1.3206639289855957,,,0.019276155158877373
4676,12.0,574,0.7909224033355713,,,0.01418321579694748
4677,26.0,803,1.093806505203247,,,0.006821328308433294
4678,31.0,1182,1.5974810123443604,,,0.01651010476052761
4679,26.0,1043,1.4091567993164062,,,0.02021578699350357
4680,19.0,803,1.0977044105529785,,,0.007245091255754232
4681,25.0,889,1.2043919563293457,,,0.008105686865746975
4682,24.0,835,1.1277453899383545,,,0.012597736902534962
4683,32.0,1235,1.6562094688415527,,,0.010314816609025002
4684,25.0,975,1.3202664852142334,,,0.0081922123208642
4685,18.0,717,0.9799432754516602,,,0.007744922302663326
4686,15.0,693,0.9403495788574219,,,0.009649096056818962
4687,28.0,1284,1.7356445789337158,,,0.012568755075335503
4688,31.0,1347,1.8003520965576172,,,0.009377230890095234
4689,27.0,1167,1.5774455070495605,,,0.007147223223000765
4690,23.0,805,1.0899710655212402,,,0.009248681366443634
4691,18.0,821,1.1235814094543457,,,0.009656992740929127
4692,26.0,878,1.1908338069915771,,,0.010418637655675411
4693,17.0,750,1.021127700805664,,,0.006721738260239363
4694,29.0,1243,1.6755104064941406,,,0.008385727182030678
4695,6.0,382,0.5258011817932129,,,0.019830122590065002
4696,25.0,927,1.2531201839447021,,,0.008790693245828152
4697,20.0,699,0.9495258331298828,,,0.013542499393224716
4698,24.0,923,1.2467901706695557,,,0.011683419346809387
4699,26.0,1009,1.3729474544525146,,,0.026133902370929718
4700,29.0,1195,1.604034423828125,,,0.045237697660923004
4701,23.0,906,1.2238893508911133,,,0.015657484531402588
4702,25.0,1005,1.3572630882263184,,,0.005312351044267416
4703,28.0,942,1.2719790935516357,,,0.009614326991140842
4704,18.0,945,1.2864785194396973,,,0.01732431724667549
4705,29.0,1197,1.606081247329712,,,0.01091446541249752
4706,21.0,889,1.205547571182251,,,0.015757212415337563
4707,25.0,993,1.341160535812378,,,0.004285154864192009
4708,23.0,1033,1.40419340133667,,,0.024103043600916862
4709,19.0,739,0.9946401119232178,,,0.013736998662352562
4710,30.0,1250,1.6717705726623535,,,0.008718650788068771
4711,26.0,1089,1.459662914276123,,,0.012753164395689964
4712,25.0,1007,1.3501288890838623,,,0.009497949853539467
4713,4.0,409,0.5547947883605957,,,0.011610221117734909
4714,33.0,1189,1.5946900844573975,,,0.009156019426882267
4715,25.0,841,1.1441631317138672,,,0.012982827611267567
4716,29.0,1027,1.387315273284912,,,0.005560050252825022
4717,32.0,1315,1.7673656940460205,,,0.017067041248083115
4718,30.0,1167,1.5603888034820557,,,0.004696901421993971
4719,17.0,687,0.9260077476501465,,,0.008226200938224792
4720,30.0,1138,1.5151379108428955,,,0.019714754074811935
4721,24.0,799,1.0780866146087646,,,0.012552578002214432
4722,14.0,603,0.8189487457275391,,,0.007537239231169224
4723,26.0,829,1.119387149810791,,,0.007082880474627018
4724,20.0,771,1.0368735790252686,,,0.014748076908290386
4725,19.0,937,1.2655465602874756,,,0.011522894725203514
4726,27.0,1199,1.6052300930023193,,,0.01120531465858221
4727,27.0,1073,1.432631254196167,,,0.026063619181513786
4728,24.0,1014,1.3600828647613525,,,0.027127882465720177
4729,29.0,1154,1.5547890663146973,,,0.010274786502122879
4730,20.0,704,0.9573953151702881,,,0.009747089818120003
4731,28.0,961,1.2887353897094727,,,0.012431559152901173
4732,22.0,762,1.0288136005401611,,,0.00978539977222681
4733,25.0,935,1.2529106140136719,,,0.013676825910806656
4734,20.0,675,0.9107539653778076,,,0.016690243035554886
4735,30.0,1288,1.7196681499481201,,,0.011326420120894909
4736,17.0,703,0.952763557434082,,,0.01423652470111847
4737,20.0,820,1.1169123649597168,,,0.008866352029144764
4738,29.0,1163,1.5604524612426758,,,0.011749692261219025
4739,19.0,869,1.1723394393920898,,,0.014432879164814949
4740,24.0,823,1.1109509468078613,,,0.007577580399811268
4741,33.0,1303,1.7425975799560547,,,0.011719278059899807
4742,27.0,1019,1.3684892654418945,,,0.013245242647826672
4743,27.0,919,1.233980655670166,,,0.011541987769305706
4744,19.0,665,0.9005837440490723,,,0.008504178375005722
4745,20.0,791,1.068382978439331,,,0.018210122361779213
4746,25.0,899,1.210893154144287,,,0.016113072633743286
4747,17.0,732,0.9890224933624268,,,0.008697503246366978
4748,16.0,716,0.9600086212158203,,,0.015510568395256996
4749,29.0,1297,1.7242653369903564,,,0.01222163811326027
4750,18.0,691,0.9419400691986084,,,0.007557298522442579
4751,20.0,841,1.1449532508850098,,,0.007425498217344284
4752,24.0,819,1.121021032333374,,,0.00961351115256548
4753,29.0,1019,1.376507043838501,,,0.011876307427883148
4754,21.0,745,1.007002353668213,,,0.027626613155007362
4755,30.0,1212,1.6153559684753418,,,0.01093724463135004
4756,21.0,809,1.0956199169158936,,,0.023996572941541672
4757,28.0,1077,1.4538805484771729,,,0.014132101088762283
4758,24.0,785,1.0715014934539795,,,0.0061051915399730206
4759,30.0,1084,1.4645516872406006,,,0.016405435279011726
4760,20.0,879,1.1968848705291748,,,0.022536780685186386
4761,24.0,841,1.1435329914093018,,,0.009798133745789528
4762,31.0,943,1.2666370868682861,,,0.014305888675153255
4763,27.0,895,1.208965539932251,,,0.015059160999953747
4764,30.0,1195,1.6174006462097168,,,0.01689610257744789
4765,31.0,1170,1.575622320175171,,,0.010933957062661648
4766,28.0,1010,1.3680808544158936,,,0.010809521190822124
4767,22.0,717,0.9730005264282227,,,0.007546859793365002
4768,21.0,771,1.0456185340881348,,,0.009876042604446411
4769,16.0,603,0.8173778057098389,,,0.015387347899377346
4770,33.0,1143,1.5267138481140137,,,0.027659699320793152
4771,30.0,1051,1.395432710647583,,,0.01462594699114561
4772,26.0,967,1.3120825290679932,,,0.012205653823912144
4773,30.0,961,1.2920935153961182,,,0.012501290068030357
4774,25.0,1084,1.4559779167175293,,,0.010601723566651344
4775,26.0,803,1.0770294666290283,,,0.015646150335669518
4776,20.0,898,1.203239917755127,,,0.006056434940546751
4777,35.0,1485,2.0067334175109863,,,0.012333454564213753
4778,27.0,1321,1.7781732082366943,,,0.010199818760156631
4779,30.0,1203,1.6175308227539062,,,0.011759261600673199
4780,28.0,1168,1.5701022148132324,,,0.01289190910756588
4781,29.0,1121,1.5215587615966797,,,0.01773546077311039
4782,22.0,767,1.0451500415802002,,,0.015592257492244244
4783,32.0,1240,1.6664459705352783,,,0.007088390178978443
4784,30.0,1173,1.5697808265686035,,,0.01226154062896967
4785,27.0,1087,1.453885793685913,,,0.012605909258127213
4786,24.0,990,1.3300964832305908,,,0.03641636669635773
4787,22.0,931,1.2513971328735352,,,0.007415675092488527
4788,29.0,999,1.3405253887176514,,,0.010273906402289867
4789,30.0,1107,1.490809679031372,,,0.01918965019285679
4790,20.0,770,1.0363712310791016,,,0.007710462436079979
4791,15.0,641,0.8640048503875732,,,0.00782375130802393
4792,21.0,737,0.999786376953125,,,0.009105932898819447
4793,21.0,821,1.1121914386749268,,,0.01044234074652195
4794,27.0,975,1.3053030967712402,,,0.009226620197296143
4795,29.0,998,1.3480587005615234,,,0.039288781583309174
4796,30.0,1067,1.4408252239227295,,,0.013322512619197369
4797,19.0,703,0.9628334045410156,,,0.009523484855890274
4798,22.0,855,1.1603772640228271,,,0.014499908313155174
4799,20.0,771,1.0519816875457764,,,0.0381881408393383
4800,26.0,1105,1.4952213764190674,,,0.011600122787058353
4801,21.0,815,1.111311674118042,,,0.01989896036684513
4802,28.0,968,1.3044178485870361,,,0.008334318175911903
4803,22.0,773,1.0524687767028809,,,0.01459676492959261
4804,17.0,665,0.9138071537017822,,,0.013962640427052975
4805,29.0,1215,1.6382343769073486,,,0.008826174773275852
4806,25.0,963,1.302992582321167,,,0.012685909867286682
4807,29.0,1129,1.5178906917572021,,,0.02279273048043251
4808,25.0,951,1.2866168022155762,,,0.01872842386364937
4809,21.0,707,0.9666929244995117,,,0.0069124638102948666
4810,29.0,990,1.3425133228302002,,,0.009325711987912655
4811,11.0,647,0.8857386112213135,,,0.01034590695053339
4812,32.0,1151,1.5493085384368896,,,0.013293104246258736
4813,30.0,1125,1.521503210067749,,,0.01529080979526043
4814,18.0,934,1.2744140625,,,0.016221053898334503
4815,28.0,1078,1.4607431888580322,,,0.018434111028909683
4816,18.0,797,1.0788342952728271,,,0.011856784112751484
4817,20.0,741,1.0051348209381104,,,0.013315008953213692
4818,29.0,1222,1.6566011905670166,,,0.013571604155004025
4819,32.0,1347,1.802598237991333,,,0.02427525632083416
4820,17.0,731,0.9908943176269531,,,0.01633523404598236
4821,32.0,1219,1.6566615104675293,,,0.009426114149391651
4822,29.0,1143,1.5415210723876953,,,0.016773106530308723
4823,27.0,1019,1.374941110610962,,,0.008585137315094471
4824,24.0,973,1.3160617351531982,,,0.013424932956695557
4825,28.0,1315,1.777862548828125,,,0.02049887180328369
4826,20.0,784,1.0632743835449219,,,0.01265384815633297
4827,25.0,822,1.1167778968811035,,,0.016495129093527794
4828,18.0,679,0.9276340007781982,,,0.01059118565171957
4829,26.0,883,1.1957354545593262,,,0.011332634836435318
4830,14.0,585,0.8050251007080078,,,0.009163903072476387
4831,24.0,785,1.0618927478790283,,,0.016803041100502014
4832,18.0,786,1.0677828788757324,,,0.014281797222793102
4833,29.0,1089,1.4713263511657715,,,0.011283960193395615
4834,30.0,1289,1.73655366897583,,,0.0285017229616642
4835,24.0,737,1.003129243850708,,,0.007423450239002705
4836,17.0,773,1.0547080039978027,,,0.00991019792854786
4837,33.0,1244,1.6550991535186768,,,0.005919543094933033
4838,24.0,964,1.3005976676940918,,,0.023267695680260658
4839,28.0,1123,1.5104014873504639,,,0.011990820989012718
4840,20.0,888,1.2020342350006104,,,0.010367645882070065
4841,33.0,1569,2.0795986652374268,,,0.010090873576700687
4842,27.0,852,1.1407992839813232,,,0.01464888732880354
4843,32.0,991,1.3188083171844482,,,0.013821212574839592
4844,15.0,744,0.9941611289978027,,,0.011386890895664692
4845,28.0,1108,1.497748613357544,,,0.01296062022447586
4846,27.0,1267,1.7063336372375488,,,0.017847422510385513
4847,27.0,968,1.311450719833374,,,0.015915822237730026
4848,20.0,801,1.092472791671753,,,0.011735556647181511
4849,25.0,909,1.215620517730713,,,0.012177128344774246
4850,20.0,822,1.103778600692749,,,0.008256034925580025
4851,18.0,667,0.8986151218414307,,,0.01928439736366272
4852,27.0,1139,1.5223302841186523,,,0.02349434606730938
4853,29.0,1150,1.5517666339874268,,,0.01289160456508398
4854,23.0,815,1.105269432067871,,,0.009847916662693024
4855,13.0,576,0.7827682495117188,,,0.01255827583372593
4856,32.0,1255,1.6823666095733643,,,0.009216506034135818
4857,30.0,1178,1.5906603336334229,,,0.00915452279150486
4858,29.0,1185,1.5859622955322266,,,0.015028447844088078
4859,24.0,775,1.04954195022583,,,0.010786379687488079
4860,25.0,938,1.2605259418487549,,,0.032407261431217194
4861,29.0,1262,1.6981287002563477,,,0.013065705075860023
4862,25.0,827,1.1204941272735596,,,0.010968398302793503
4863,19.0,853,1.1451749801635742,,,0.013037700206041336
4864,42.0,1881,2.535135269165039,,,0.012215489521622658
4865,21.0,1064,1.4282817840576172,,,0.00917311105877161
4866,29.0,1175,1.5846474170684814,,,0.01739986054599285
4867,31.0,1179,1.5930373668670654,,,0.006834065541625023
4868,30.0,1067,1.428774356842041,,,0.012968472205102444
4869,29.0,988,1.33213472366333,,,0.007571143098175526
4870,29.0,1087,1.460848093032837,,,0.008903986774384975
4871,22.0,1096,1.4929797649383545,,,0.014802634716033936
4872,27.0,1083,1.459404706954956,,,0.013644852675497532
4873,34.0,1055,1.4266600608825684,,,0.007317604497075081
4874,15.0,685,0.933326005935669,,,0.00817318819463253
4875,27.0,841,1.122117280960083,,,0.011988840065896511
4876,29.0,1349,1.7852964401245117,,,0.0099451569840312
4877,19.0,841,1.129929780960083,,,0.011446386575698853
4878,26.0,984,1.3155221939086914,,,0.01007850468158722
4879,21.0,720,0.9699997901916504,,,0.009601319208741188
4880,30.0,1192,1.5802843570709229,,,0.015344759449362755
4881,46.0,1979,2.6681933403015137,,,0.00992744229733944
4882,23.0,881,1.2025578022003174,,,0.01138567365705967
4883,24.0,909,1.234485387802124,,,0.03718923032283783
4884,28.0,1107,1.4919254779815674,,,0.011839249171316624
4885,28.0,1012,1.3654398918151855,,,0.009193601086735725
4886,25.0,839,1.1244077682495117,,,0.009162330999970436
4887,22.0,855,1.1370298862457275,,,0.007495258469134569
4888,20.0,794,1.0685691833496094,,,0.008716956712305546
4889,29.0,1133,1.5078184604644775,,,0.010451989248394966
4890,29.0,1370,1.82204270362854,,,0.013558321632444859
4891,14.0,519,0.7025163173675537,,,0.006771290209144354
4892,28.0,1131,1.5264668464660645,,,0.007369524333626032
4893,28.0,1116,1.5130093097686768,,,0.017345940694212914
4894,24.0,1157,1.5647218227386475,,,0.025194982066750526
4895,12.0,585,0.7980997562408447,,,0.01945350505411625
4896,32.0,1276,1.7139201164245605,,,0.011248786933720112
4897,27.0,1023,1.3871123790740967,,,0.008743911050260067
4898,29.0,880,1.1973419189453125,,,0.01173342950642109
4899,23.0,1233,1.67745041847229,,,0.010419567115604877
4900,24.0,763,1.0465881824493408,,,0.007472514640539885
4901,29.0,1349,1.8121483325958252,,,0.017256660386919975
4902,29.0,1145,1.5404796600341797,,,0.00979022029787302
4903,19.0,899,1.2254014015197754,,,0.009746743366122246
4904,23.0,923,1.2553637027740479,,,0.013154517859220505
4905,25.0,859,1.1650876998901367,,,0.010398785583674908
4906,29.0,1063,1.4198582172393799,,,0.018653104081749916
4907,32.0,913,1.2288274765014648,,,0.017629846930503845
4908,26.0,953,1.2861378192901611,,,0.02169671282172203
4909,25.0,964,1.3118314743041992,,,0.005363356322050095
4910,19.0,709,0.9649190902709961,,,0.010339057072997093
4911,26.0,1007,1.3660321235656738,,,0.01579868048429489
4912,27.0,980,1.3240406513214111,,,0.012753701768815517
4913,20.0,785,1.0651490688323975,,,0.008433697745203972
4914,22.0,847,1.1518983840942383,,,0.006185928359627724
4915,27.0,892,1.2051665782928467,,,0.014240357093513012
4916,27.0,810,1.0919950008392334,,,0.00723011139780283
4917,27.0,963,1.3093616962432861,,,0.010585281997919083
4918,24.0,850,1.1519067287445068,,,0.00633522542193532
4919,18.0,673,0.9107275009155273,,,0.00785097200423479
4920,30.0,1175,1.5862951278686523,,,0.01353592798113823
4921,28.0,1245,1.6703312397003174,,,0.011598444543778896
4922,31.0,1057,1.4148199558258057,,,0.009152093902230263
4923,20.0,700,0.9450011253356934,,,0.015643548220396042
4924,30.0,1151,1.5385570526123047,,,0.032081108540296555
4925,25.0,879,1.1905744075775146,,,0.02030382677912712
4926,27.0,943,1.2562074661254883,,,0.01271691545844078
4927,26.0,886,1.1904895305633545,,,0.012039979919791222
4928,27.0,1242,1.6546564102172852,,,0.009547584690153599
4929,30.0,1198,1.6006507873535156,,,0.022570068016648293
4930,24.0,919,1.2317407131195068,,,0.010489924810826778
4931,25.0,891,1.189382553100586,,,0.010701102204620838
4932,18.0,761,1.0268795490264893,,,0.01214656513184309
4933,29.0,995,1.338064193725586,,,0.012892808765172958
4934,16.0,717,0.9713029861450195,,,0.019566364586353302
4935,31.0,1184,1.581648826599121,,,0.028789492323994637
4936,31.0,1218,1.617807388305664,,,0.010578242130577564
4937,28.0,1067,1.4301257133483887,,,0.009922144934535027
4938,32.0,1239,1.6494648456573486,,,0.004151931498199701
4939,20.0,881,1.1860251426696777,,,0.008528728038072586
4940,31.0,979,1.3086631298065186,,,0.01157194934785366
4941,30.0,1240,1.6495225429534912,,,0.014562591910362244
4942,37.0,1277,1.710690975189209,,,0.01633472368121147
4943,28.0,995,1.3479645252227783,,,0.008361449465155602
4944,20.0,847,1.1639750003814697,,,0.010738691315054893
4945,24.0,856,1.1703591346740723,,,0.014401622116565704
4946,32.0,1242,1.6701622009277344,,,0.009997761808335781
4947,17.0,734,1.0059325695037842,,,0.005451670382171869
4948,26.0,885,1.1996870040893555,,,0.009762762114405632
4949,26.0,870,1.1811318397521973,,,0.012904711998999119
4950,30.0,1146,1.522963285446167,,,0.01022635493427515
4951,30.0,1147,1.5369606018066406,,,0.014536818489432335
4952,23.0,1118,1.4893038272857666,,,0.009890739805996418
4953,29.0,992,1.3375089168548584,,,0.01674998551607132
4954,29.0,1152,1.5323119163513184,,,0.005270004738122225
4955,27.0,896,1.2077083587646484,,,0.019043028354644775
4956,17.0,690,0.9450304508209229,,,0.010326320305466652
4957,29.0,1171,1.5728065967559814,,,0.01736150123178959
4958,27.0,1058,1.416780948638916,,,0.005345378536731005
4959,17.0,725,0.9695703983306885,,,0.014456606470048428
4960,28.0,1023,1.363670825958252,,,0.006620117928832769
4961,17.0,621,0.8394265174865723,,,0.01235321257263422
4962,23.0,873,1.1656982898712158,,,0.011702590622007847
4963,31.0,1232,1.6443696022033691,,,0.017208265140652657
4964,38.0,1517,2.040656566619873,,,0.012141527608036995
4965,32.0,1230,1.643493890762329,,,0.015485113486647606
4966,29.0,1132,1.5174031257629395,,,0.01062318030744791
4967,32.0,1259,1.6778552532196045,,,0.00913944747298956
4968,30.0,1212,1.6275362968444824,,,0.006175203248858452
4969,8.0,621,0.8475146293640137,,,0.013845034874975681
4970,25.0,1046,1.4028325080871582,,,0.01809288188815117
4971,25.0,1203,1.6231155395507812,,,0.009822838939726353
4972,19.0,792,1.0747888088226318,,,0.01343670953065157
4973,28.0,967,1.2999444007873535,,,0.012402897700667381
4974,28.0,966,1.3020827770233154,,,0.010392451658844948
4975,24.0,931,1.2591946125030518,,,0.009417141787707806
4976,32.0,1113,1.494676113128662,,,0.017907122150063515
4977,26.0,1066,1.4456853866577148,,,0.009590994566679
4978,27.0,955,1.2888860702514648,,,0.0249328650534153
4979,19.0,789,1.0680961608886719,,,0.016680005937814713
4980,25.0,886,1.201145887374878,,,0.013180802576243877
4981,19.0,668,0.9167008399963379,,,0.009327019564807415
4982,29.0,1113,1.4840879440307617,,,0.00995500385761261
4983,24.0,710,0.9668755531311035,,,0.012251832522451878
4984,25.0,1059,1.4352154731750488,,,0.004938486497849226
4985,32.0,1143,1.5404179096221924,,,0.00657720398157835
4986,21.0,884,1.2020761966705322,,,0.008180412463843822
4987,30.0,1131,1.5097277164459229,,,0.013171897269785404
4988,22.0,839,1.1227450370788574,,,0.011303087696433067
4989,22.0,798,1.0878660678863525,,,0.007372119463980198
4990,20.0,791,1.076308250427246,,,0.016155555844306946
4991,26.0,837,1.1268396377563477,,,0.0054589626379311085
4992,29.0,1101,1.4715473651885986,,,0.011054339818656445
4993,25.0,877,1.185572862625122,,,0.0117179648950696
4994,23.0,1032,1.4017727375030518,,,0.008234037086367607
4995,26.0,1037,1.4171652793884277,,,0.013532642275094986
4996,21.0,688,0.9378740787506104,,,0.007176836021244526
4997,13.0,629,0.8560667037963867,,,0.011502420529723167
4998,28.0,1008,1.3533830642700195,,,0.007237170822918415
4999,30.0,1481,1.986288070678711,,,0.011772128753364086
5000,25.0,1046,1.415656328201294,,,0.00903136283159256
5001,31.0,1181,1.5874090194702148,,,0.015281207859516144
5002,18.0,619,0.8403069972991943,,,0.012068615294992924
5003,30.0,1125,1.4992098808288574,,,0.011679746210575104
5004,20.0,770,1.0384056568145752,,,0.02130507118999958
5005,27.0,779,1.0447192192077637,,,0.010662556625902653
5006,30.0,1251,1.670912265777588,,,0.010499819181859493
5007,26.0,987,1.328899621963501,,,0.008784439414739609
5008,32.0,1125,1.496816873550415,,,0.013048246502876282
5009,31.0,1242,1.6695642471313477,,,0.010614058934152126
5010,29.0,1180,1.591547966003418,,,0.04853855445981026
5011,32.0,1039,1.4033386707305908,,,0.010253606364130974
5012,24.0,1055,1.432990550994873,,,0.0114095164462924
5013,27.0,1060,1.4301488399505615,,,0.011222733184695244
5014,24.0,892,1.209695816040039,,,0.013309941627085209
5015,15.0,684,0.9288911819458008,,,0.008715133182704449
5016,22.0,767,1.0470547676086426,,,0.008912964724004269
5017,16.0,766,1.0463192462921143,,,0.01412289496511221
5018,27.0,1073,1.4568521976470947,,,0.01375857088714838
5019,31.0,1135,1.5310344696044922,,,0.010007704608142376
5020,26.0,1043,1.4107651710510254,,,0.011880938895046711
5021,24.0,929,1.2578160762786865,,,0.014680644497275352
5022,34.0,1355,1.7990002632141113,,,0.00637616403400898
5023,30.0,1252,1.670119047164917,,,0.009677418507635593
5024,22.0,981,1.317979335784912,,,0.016771813854575157
5025,31.0,1202,1.6219899654388428,,,0.016611862927675247
5026,19.0,765,1.0349574089050293,,,0.009425103664398193
5027,18.0,792,1.078282356262207,,,0.006881491746753454
5028,29.0,1105,1.4946177005767822,,,0.017353447154164314
5029,24.0,1135,1.5351474285125732,,,0.011122651398181915
5030,5.0,357,0.49062681198120117,,,0.008661825209856033
5031,32.0,1216,1.6259360313415527,,,0.008962797932326794
5032,20.0,757,1.0330138206481934,,,0.010715472511947155
5033,30.0,1269,1.7086644172668457,,,0.025316637009382248
5034,31.0,1228,1.6494429111480713,,,0.009316157549619675
5035,30.0,1214,1.6053235530853271,,,0.0055113285779953
5036,28.0,992,1.3254964351654053,,,0.00948477815836668
5037,20.0,1011,1.3591868877410889,,,0.03213367611169815
5038,29.0,1186,1.5827195644378662,,,0.014332644641399384
5039,31.0,1179,1.58876633644104,,,0.007809954229742289
5040,30.0,1153,1.5443954467773438,,,0.011065401136875153
5041,33.0,1278,1.7216229438781738,,,0.0203737560659647
5042,29.0,1205,1.6272611618041992,,,0.006185382604598999
5043,40.0,1559,2.089015245437622,,,0.014795571565628052
5044,27.0,918,1.2239296436309814,,,0.012131283059716225
5045,30.0,1219,1.616257905960083,,,0.010317886248230934
5046,31.0,1493,1.9970448017120361,,,0.007153466809540987
5047,27.0,981,1.332261085510254,,,0.014295581728219986
5048,23.0,1009,1.3651108741760254,,,0.014253132976591587
5049,23.0,843,1.147552490234375,,,0.012928426265716553
5050,17.0,738,1.0046114921569824,,,0.010901179164648056
5051,17.0,690,0.9395835399627686,,,0.012555123306810856
5052,30.0,1109,1.4941306114196777,,,0.007604878395795822
5053,21.0,821,1.1158323287963867,,,0.008452161215245724
5054,9.0,686,0.9323968887329102,,,0.013213816098868847
5055,30.0,1119,1.5077295303344727,,,0.03273022547364235
5056,28.0,1379,1.8609676361083984,,,0.010241502895951271
5057,22.0,1026,1.3877873420715332,,,0.00859186239540577
5058,23.0,884,1.1990866661071777,,,0.008117188699543476
5059,17.0,783,1.0703716278076172,,,0.02081582136452198
5060,12.0,608,0.8292326927185059,,,0.021822543814778328
5061,27.0,1200,1.6131010055541992,,,0.005717398598790169
5062,28.0,1349,1.8179230690002441,,,0.024829190224409103
5063,25.0,1219,1.635878086090088,,,0.008760862983763218
5064,27.0,947,1.2817654609680176,,,0.015180141665041447
5065,32.0,1339,1.7855265140533447,,,0.012181439436972141
5066,31.0,1307,1.7603411674499512,,,0.017827555537223816
5067,27.0,959,1.2986726760864258,,,0.010395565070211887
5068,27.0,1231,1.67122220993042,,,0.008289828896522522
5069,26.0,1035,1.402235746383667,,,0.01526403147727251
5070,30.0,1179,1.599177360534668,,,0.01150696910917759
5071,30.0,1147,1.548802137374878,,,0.005336234346032143
5072,30.0,1136,1.5271658897399902,,,0.013777314685285091
5073,29.0,1103,1.4832589626312256,,,0.010316248051822186
5074,22.0,893,1.206061840057373,,,0.01564343459904194
5075,33.0,1125,1.522484302520752,,,0.011923113837838173
5076,28.0,1351,1.8093831539154053,,,0.011589632369577885
5077,19.0,709,0.969822883605957,,,0.010041269473731518
5078,20.0,810,1.094444990158081,,,0.009343547746539116
5079,23.0,1021,1.3740055561065674,,,0.02770972065627575
5080,23.0,1005,1.347156286239624,,,0.012931348755955696
5081,28.0,1015,1.3634660243988037,,,0.007569108624011278
5082,18.0,752,1.0168182849884033,,,0.01562567986547947
5083,30.0,1248,1.6648480892181396,,,0.011690082028508186
5084,30.0,1237,1.6463162899017334,,,0.011646338738501072
5085,28.0,1089,1.4543097019195557,,,0.006886419374495745
5086,17.0,645,0.8756022453308105,,,0.010669365525245667
5087,32.0,1219,1.6190941333770752,,,0.010727554559707642
5088,18.0,741,1.0018000602722168,,,0.009817992337048054
5089,27.0,984,1.3129136562347412,,,0.014955306425690651
5090,28.0,1309,1.7469298839569092,,,0.01034725084900856
5091,31.0,1126,1.522369146347046,,,0.01727251149713993
5092,21.0,766,1.038344383239746,,,0.010970213450491428
5093,30.0,1508,2.012441635131836,,,0.005061287898570299
5094,21.0,883,1.193634033203125,,,0.012133829295635223
5095,24.0,919,1.252610206604004,,,0.004925569053739309
5096,22.0,857,1.1554579734802246,,,0.005042887758463621
5097,23.0,781,1.0573534965515137,,,0.009388161823153496
5098,30.0,1035,1.402278184890747,,,0.013467899523675442
5099,27.0,973,1.3175077438354492,,,0.009433151222765446
5100,32.0,1008,1.363544225692749,,,0.01364665012806654
5101,29.0,1233,1.6669580936431885,,,0.004225867800414562
5102,32.0,1142,1.5298616886138916,,,0.006408018060028553
5103,29.0,1304,1.7513468265533447,,,0.011540192179381847
5104,23.0,940,1.281278371810913,,,0.01768329180777073
5105,29.0,1014,1.369865894317627,,,0.010551669634878635
5106,23.0,787,1.066896677017212,,,0.01362961158156395
5107,33.0,1089,1.4670906066894531,,,0.004503521136939526
5108,28.0,1154,1.553457260131836,,,0.014757555909454823
5109,33.0,1180,1.5865063667297363,,,0.013350827619433403
5110,16.0,657,0.8956067562103271,,,0.012133704498410225
5111,27.0,1053,1.4184269905090332,,,0.01461281068623066
5112,24.0,795,1.0797290802001953,,,0.005904347635805607
5113,23.0,930,1.2702951431274414,,,0.010609166696667671
5114,18.0,666,0.910775899887085,,,0.019707871600985527
5115,24.0,809,1.0954301357269287,,,0.011240420863032341
5116,29.0,1394,1.8636481761932373,,,0.006198389921337366
5117,24.0,948,1.284458875656128,,,0.014174430631101131
5118,25.0,989,1.3382830619812012,,,0.006970817688852549
5119,16.0,810,1.101653814315796,,,0.00786618608981371
5120,27.0,1024,1.3753395080566406,,,0.00697275111451745
5121,29.0,1125,1.4950318336486816,,,0.009598659351468086
5122,32.0,1316,1.7450432777404785,,,0.005236365832388401
5123,20.0,775,1.0452921390533447,,,0.007394909858703613
5124,23.0,780,1.0515000820159912,,,0.008534829132258892
5125,38.0,1557,2.0761804580688477,,,0.008176787756383419
5126,14.0,607,0.8206641674041748,,,0.009482920169830322
5127,26.0,881,1.172206163406372,,,0.0064404685981571674
5128,29.0,1111,1.4700284004211426,,,0.00938583817332983
5129,34.0,1173,1.5572330951690674,,,0.010155141353607178
5130,18.0,796,1.072812557220459,,,0.03727211430668831
5131,23.0,1009,1.3531339168548584,,,0.007898762822151184
5132,30.0,1124,1.4918749332427979,,,0.011156877502799034
5133,32.0,1217,1.6142520904541016,,,0.0145439887419343
5134,24.0,912,1.2305831909179688,,,0.004816911648958921
5135,26.0,1119,1.5100548267364502,,,0.010308907367289066
5136,25.0,997,1.34975004196167,,,0.008920219726860523
5137,27.0,1260,1.7004671096801758,,,0.014643996022641659
5138,28.0,904,1.2316937446594238,,,0.011381194926798344
5139,10.0,531,0.7226483821868896,,,0.013245141133666039
5140,32.0,1457,1.9487998485565186,,,0.01562450546771288
5141,33.0,1213,1.6355202198028564,,,0.008270435966551304
5142,26.0,843,1.1382555961608887,,,0.010364006273448467
5143,23.0,1019,1.375349760055542,,,0.013967427425086498
5144,31.0,1175,1.578843593597412,,,0.005078339483588934
5145,27.0,1107,1.4933741092681885,,,0.00905297789722681
5146,31.0,1407,1.8934035301208496,,,0.012422141619026661
5147,22.0,963,1.3004274368286133,,,0.028324538841843605
5148,30.0,1083,1.4631366729736328,,,0.006540293339639902
5149,30.0,1258,1.6900455951690674,,,0.005502420011907816
5150,47.0,1755,2.366529941558838,,,0.019499938935041428
5151,24.0,919,1.2492928504943848,,,0.013254399411380291
5152,12.0,685,0.9331142902374268,,,0.008878959342837334
5153,24.0,959,1.3104469776153564,,,0.007818327285349369
5154,29.0,1357,1.8288798332214355,,,0.0068679070100188255
5155,25.0,995,1.349747657775879,,,0.01115667074918747
5156,25.0,936,1.2691259384155273,,,0.013917210511863232
5157,26.0,1167,1.5746138095855713,,,0.004964342340826988
5158,28.0,1152,1.5495855808258057,,,0.018814781680703163
5159,29.0,1019,1.375000238418579,,,0.012214475311338902
5160,22.0,945,1.2741608619689941,,,0.01429962832480669
5161,30.0,1387,1.85880446434021,,,0.004621820989996195
5162,29.0,1157,1.5455646514892578,,,0.02261319011449814
5163,26.0,1073,1.428800106048584,,,0.007018342148512602
5164,23.0,910,1.2188973426818848,,,0.01506758015602827
5165,30.0,1263,1.6810691356658936,,,0.0114589286968112
5166,20.0,795,1.0699994564056396,,,0.010860367678105831
5167,15.0,611,0.8333346843719482,,,0.008920308202505112
5168,17.0,729,0.9929845333099365,,,0.021013397723436356
5169,30.0,1124,1.5145108699798584,,,0.011685686185956001
5170,31.0,964,1.297628402709961,,,0.0030562824103981256
5171,27.0,1035,1.399364948272705,,,0.0060738567262887955
5172,28.0,1178,1.5877282619476318,,,0.010743398219347
5173,25.0,879,1.2052092552185059,,,0.0165130402892828
5174,49.0,2158,2.911114454269409,,,0.008973457850515842
5175,29.0,1269,1.7099621295928955,,,0.009000236168503761
5176,25.0,1002,1.3594098091125488,,,0.0077161178924143314
5177,20.0,801,1.089690923690796,,,0.00806547049432993
5178,28.0,1092,1.4821827411651611,,,0.014366421848535538
5179,20.0,816,1.117814302444458,,,0.008919787593185902
5180,31.0,1467,1.966860294342041,,,0.015411939471960068
5181,31.0,1319,1.7682852745056152,,,0.011110304854810238
5182,26.0,927,1.2551651000976562,,,0.01641029305756092
5183,28.0,1237,1.6524784564971924,,,0.004790580365806818
5184,23.0,930,1.2617106437683105,,,0.009888190776109695
5185,27.0,1072,1.4483647346496582,,,0.015275135636329651
5186,25.0,955,1.2854995727539062,,,0.013357262127101421
5187,32.0,1201,1.61965012550354,,,0.012618704698979855
5188,28.0,1084,1.4674420356750488,,,0.018832622095942497
5189,27.0,1063,1.4359416961669922,,,0.017708774656057358
5190,16.0,797,1.0771315097808838,,,0.015397225506603718
5191,25.0,952,1.27211332321167,,,0.011059761978685856
5192,22.0,785,1.0620841979980469,,,0.008023325353860855
5193,22.0,785,1.0645620822906494,,,0.01832089014351368
5194,29.0,1191,1.5997517108917236,,,0.006914206314831972
5195,28.0,1205,1.6161279678344727,,,0.013034428469836712
5196,26.0,1100,1.479522943496704,,,0.012381686829030514
5197,26.0,981,1.3271043300628662,,,0.010834909044206142
5198,11.0,655,0.8888800144195557,,,0.007183987181633711
5199,26.0,1018,1.3703384399414062,,,0.008850227110087872
5200,27.0,1009,1.3541903495788574,,,0.008666569367051125
5201,30.0,938,1.2647202014923096,,,0.012173594906926155
5202,19.0,859,1.1628391742706299,,,0.008037968538701534
5203,31.0,1151,1.554499864578247,,,0.009911889210343361
5204,18.0,875,1.2008721828460693,,,0.01750789023935795
5205,19.0,957,1.2938430309295654,,,0.010163323022425175
5206,27.0,1125,1.500849723815918,,,0.007290621753782034
5207,18.0,605,0.8238675594329834,,,0.009981110692024231
5208,30.0,1009,1.3580880165100098,,,0.019030485302209854
5209,27.0,1068,1.438992977142334,,,0.017174439504742622
5210,26.0,1254,1.6838104724884033,,,0.018601860851049423
5211,31.0,1249,1.6688761711120605,,,0.008645796217024326
5212,29.0,1193,1.614969253540039,,,0.010604795999825
5213,28.0,1101,1.4994442462921143,,,0.008931849151849747
5214,20.0,835,1.1402473449707031,,,0.020341696217656136
5215,29.0,1323,1.77960205078125,,,0.011228498071432114
5216,17.0,779,1.06471848487854,,,0.009430300444364548
5217,29.0,1193,1.5979034900665283,,,0.025474606081843376
5218,28.0,1152,1.543792724609375,,,0.009550006128847599
5219,30.0,1145,1.5293540954589844,,,0.011462891474366188
5220,27.0,1093,1.4704251289367676,,,0.015040832571685314
5221,27.0,968,1.313762903213501,,,0.010777514427900314
5222,40.0,1641,2.1961915493011475,,,0.03732221573591232
5223,28.0,899,1.2024614810943604,,,0.009933636523783207
5224,27.0,1017,1.3683865070343018,,,0.015791719779372215
5225,26.0,1113,1.5060992240905762,,,0.010112466290593147
5226,28.0,1204,1.6134696006774902,,,0.026699431240558624
5227,37.0,1427,1.8976600170135498,,,0.016801007091999054
5228,31.0,1238,1.647887945175171,,,0.006807390600442886
5229,26.0,976,1.311225175857544,,,0.007713181897997856
5230,28.0,975,1.3090872764587402,,,0.011635182425379753
5231,20.0,755,1.0187811851501465,,,0.008297334425151348
5232,33.0,1130,1.5003163814544678,,,0.007806438487023115
5233,23.0,753,1.0139648914337158,,,0.006004994735121727
5234,43.0,1671,2.2631242275238037,,,0.005904523190110922
5235,30.0,1169,1.5742299556732178,,,0.014211578294634819
5236,26.0,1009,1.3652207851409912,,,0.005426720716059208
5237,13.0,581,0.7873656749725342,,,0.006350651383399963
5238,25.0,825,1.1141631603240967,,,0.021228108555078506
5239,9.0,560,0.761730432510376,,,0.008286735974252224
5240,19.0,911,1.2265102863311768,,,0.009198818355798721
5241,26.0,1007,1.3512330055236816,,,0.008267729543149471
5242,20.0,700,0.9472165107727051,,,0.012849971652030945
5243,26.0,1278,1.7227897644042969,,,0.009762675501406193
5244,32.0,1247,1.665417194366455,,,0.009113847278058529
5245,23.0,794,1.0788812637329102,,,0.014549964107573032
5246,18.0,851,1.1645987033843994,,,0.03147827461361885
5247,46.0,1945,2.6322078704833984,,,0.014642922207713127
5248,27.0,1082,1.4652154445648193,,,0.005345495883375406
5249,19.0,827,1.1280291080474854,,,0.014313423074781895
5250,31.0,1247,1.6740944385528564,,,0.015996713191270828
5251,32.0,1241,1.6650876998901367,,,0.0071863834746181965
5252,25.0,911,1.2389802932739258,,,0.011264591477811337
5253,30.0,1373,1.8497450351715088,,,0.011068849824368954
5254,22.0,899,1.2112994194030762,,,0.006991520058363676
5255,21.0,759,1.0322394371032715,,,0.009546012617647648
5256,28.0,1081,1.4578521251678467,,,0.008307971060276031
5257,28.0,1339,1.8060972690582275,,,0.02016238495707512
5258,25.0,1055,1.423027753829956,,,0.009941698983311653
5259,23.0,841,1.1419353485107422,,,0.011012625880539417
5260,18.0,815,1.108067512512207,,,0.013157323002815247
5261,26.0,973,1.312124252319336,,,0.01652649976313114
5262,25.0,971,1.3120532035827637,,,0.008194572292268276
5263,15.0,735,0.9951324462890625,,,0.016309911385178566
5264,31.0,1183,1.5848615169525146,,,0.02372957393527031
5265,25.0,975,1.3321402072906494,,,0.008296393789350986
5266,24.0,1088,1.4703869819641113,,,0.008785330690443516
5267,21.0,886,1.2090702056884766,,,0.016681624576449394
5268,26.0,1189,1.6094183921813965,,,0.00908169336616993
5269,26.0,871,1.1803932189941406,,,0.011428999714553356
5270,28.0,1139,1.5369715690612793,,,0.014827519655227661
5271,21.0,989,1.3502488136291504,,,0.01305792760103941
5272,28.0,1107,1.4863390922546387,,,0.007162761874496937
5273,32.0,1056,1.4163413047790527,,,0.009251599200069904
5274,26.0,967,1.3086135387420654,,,0.015320731326937675
5275,29.0,1137,1.5170025825500488,,,0.005908160470426083
5276,29.0,1157,1.5296337604522705,,,0.009803663939237595
5277,31.0,1273,1.6968624591827393,,,0.023387758061289787
5278,29.0,1332,1.7667269706726074,,,0.012762769125401974
5279,20.0,875,1.1879334449768066,,,0.0067079984582960606
5280,29.0,1324,1.7748830318450928,,,0.019359756261110306
5281,32.0,1220,1.6401078701019287,,,0.010153128765523434
5282,29.0,1226,1.6561238765716553,,,0.010492166504263878
5283,27.0,987,1.3368401527404785,,,0.009866061620414257
5284,29.0,1160,1.5600266456604004,,,0.011590245179831982
5285,26.0,933,1.2691245079040527,,,0.017465047538280487
5286,24.0,883,1.18731689453125,,,0.01813950389623642
5287,22.0,823,1.1089186668395996,,,0.009833051823079586
5288,22.0,725,0.999133825302124,,,0.04203306883573532
5289,27.0,1365,1.8452839851379395,,,0.008699139580130577
5290,23.0,836,1.1346912384033203,,,0.01505082193762064
5291,27.0,1278,1.7211873531341553,,,0.008198769763112068
5292,21.0,909,1.236628532409668,,,0.010903057642281055
5293,27.0,1046,1.4145088195800781,,,0.008993422612547874
5294,23.0,945,1.277331829071045,,,0.023317333310842514
5295,26.0,1073,1.4395883083343506,,,0.010053007863461971
5296,23.0,886,1.1974749565124512,,,0.015320483595132828
5297,23.0,1050,1.4161953926086426,,,0.011515295132994652
5298,25.0,889,1.1940977573394775,,,0.009026831947267056
5299,27.0,920,1.2279467582702637,,,0.020381677895784378
5300,28.0,1209,1.622206211090088,,,0.03311537951231003
5301,25.0,1109,1.5027246475219727,,,0.01378466747701168
5302,27.0,1074,1.449263095855713,,,0.006475821603089571
5303,10.0,642,0.876807689666748,,,0.0074768285267055035
5304,15.0,731,0.9983782768249512,,,0.009673034772276878
5305,16.0,877,1.1867640018463135,,,0.009339856915175915
5306,29.0,1205,1.622422218322754,,,0.006966441869735718
5307,30.0,1452,1.9452145099639893,,,0.010432139970362186
5308,27.0,1151,1.540067434310913,,,0.009051201865077019
5309,37.0,1341,1.7987055778503418,,,0.010295113548636436
5310,21.0,947,1.280139684677124,,,0.011040475219488144
5311,32.0,1532,2.0218288898468018,,,0.013188669458031654
5312,20.0,675,0.9128031730651855,,,0.019142530858516693
5313,26.0,1010,1.3452494144439697,,,0.02102571539580822
5314,28.0,1160,1.5492162704467773,,,0.015366213396191597
5315,25.0,1103,1.4772179126739502,,,0.01548705343157053
5316,13.0,624,0.8465147018432617,,,0.01566694676876068
5317,41.0,1732,2.3219213485717773,,,0.013738962821662426
5318,27.0,1091,1.4721901416778564,,,0.014651121571660042
5319,26.0,945,1.2809011936187744,,,0.011531621217727661
5320,21.0,786,1.0758161544799805,,,0.009828553535044193
5321,28.0,1248,1.6764163970947266,,,0.025190109387040138
5322,21.0,815,1.1054439544677734,,,0.01416125986725092
5323,29.0,1237,1.6789524555206299,,,0.006382359657436609
5324,26.0,1018,1.3846867084503174,,,0.006927058100700378
5325,20.0,771,1.0518765449523926,,,0.01455656997859478
5326,19.0,823,1.1184568405151367,,,0.011029328219592571
5327,24.0,1013,1.3728268146514893,,,0.005201175343245268
5328,30.0,1166,1.5736606121063232,,,0.006328376941382885
5329,32.0,1323,1.7805333137512207,,,0.024267354980111122
5330,29.0,1083,1.4682269096374512,,,0.00801004283130169
5331,29.0,949,1.2817966938018799,,,0.02647971734404564
5332,29.0,1277,1.7182257175445557,,,0.01375778391957283
5333,31.0,1186,1.604565143585205,,,0.009031764231622219
5334,30.0,1316,1.7791879177093506,,,0.008460639044642448
5335,32.0,1246,1.670579433441162,,,0.008375550620257854
5336,28.0,1113,1.5045454502105713,,,0.0045663765631616116
5337,24.0,968,1.3250999450683594,,,0.009429740719497204
5338,32.0,1373,1.8366189002990723,,,0.013175812549889088
5339,27.0,884,1.19830322265625,,,0.009696734137833118
5340,29.0,1057,1.436598539352417,,,0.006944958586245775
5341,24.0,918,1.2335333824157715,,,0.015703679993748665
5342,29.0,1087,1.441270112991333,,,0.0373791866004467
5343,31.0,1337,1.7995927333831787,,,0.012504469603300095
5344,29.0,1218,1.6184604167938232,,,0.010496944189071655
5345,25.0,820,1.1022226810455322,,,0.021219903603196144
5346,23.0,946,1.2805099487304688,,,0.020553654059767723
5347,15.0,714,0.9588072299957275,,,0.011745384894311428
5348,22.0,975,1.3028757572174072,,,0.008480806834995747
5349,25.0,858,1.1502692699432373,,,0.007391485385596752
5350,28.0,1036,1.3818554878234863,,,0.008445920422673225
5351,27.0,875,1.1651935577392578,,,0.011575012467801571
5352,25.0,985,1.3099868297576904,,,0.03443695604801178
5353,31.0,1077,1.4428279399871826,,,0.005142688751220703
5354,16.0,805,1.081944465637207,,,0.006052395328879356
5355,33.0,1379,1.827488660812378,,,0.012382534332573414
5356,32.0,1177,1.5611786842346191,,,0.010568828321993351
5357,25.0,1213,1.6189544200897217,,,0.00928472075611353
5358,28.0,1257,1.6691904067993164,,,0.007755605038255453
5359,21.0,889,1.192082405090332,,,0.011782489717006683
5360,24.0,881,1.179898977279663,,,0.01326531358063221
5361,29.0,1033,1.3851704597473145,,,0.013112852349877357
5362,23.0,928,1.2376205921173096,,,0.01510580163449049
5363,24.0,1005,1.3468313217163086,,,0.007660327944904566
5364,26.0,1038,1.401158094406128,,,0.008730747736990452
5365,33.0,1430,1.8929824829101562,,,0.008823983371257782
5366,32.0,1417,1.8813376426696777,,,0.012961181811988354
5367,31.0,1301,1.7219140529632568,,,0.013319622725248337
5368,30.0,1385,1.834975004196167,,,0.009836469776928425
5369,29.0,1188,1.5822784900665283,,,0.007258307188749313
5370,24.0,871,1.1608705520629883,,,0.011418430134654045
5371,21.0,786,1.0691006183624268,,,0.014316064305603504
5372,31.0,1399,1.8716166019439697,,,0.015970934182405472
5373,29.0,1154,1.5373735427856445,,,0.02150588296353817
5374,31.0,1216,1.6178629398345947,,,0.010300232097506523
5375,32.0,1088,1.438185214996338,,,0.024855006486177444
5376,20.0,885,1.1905035972595215,,,0.008596736006438732
5377,31.0,1096,1.4530045986175537,,,0.007150096818804741
5378,27.0,1153,1.528010368347168,,,0.0060234288685023785
5379,22.0,874,1.168215036392212,,,0.01332789659500122
5380,23.0,840,1.126739263534546,,,0.011268580332398415
5381,19.0,643,0.8656761646270752,,,0.013422131538391113
5382,26.0,963,1.2865731716156006,,,0.00775274308398366
5383,27.0,1228,1.6266286373138428,,,0.006330220960080624
5384,26.0,989,1.328134536743164,,,0.013247084803879261
5385,29.0,1257,1.7043380737304688,,,0.007409070618450642
5386,15.0,732,0.9983787536621094,,,0.0066293044947087765
5387,26.0,1226,1.6549732685089111,,,0.009658022783696651
5388,17.0,903,1.2293057441711426,,,0.02588893659412861
5389,26.0,985,1.332552194595337,,,0.009131669998168945
5390,32.0,1132,1.5049386024475098,,,0.010920626111328602
5391,23.0,1019,1.374506950378418,,,0.01676761917769909
5392,31.0,1200,1.5972230434417725,,,0.016555313020944595
5393,26.0,1015,1.3692758083343506,,,0.008723119273781776
5394,17.0,693,0.9371693134307861,,,0.00908737163990736
5395,25.0,901,1.2075061798095703,,,0.018077924847602844
5396,15.0,701,0.9492611885070801,,,0.008632641285657883
5397,17.0,731,0.9904134273529053,,,0.017417723312973976
5398,25.0,923,1.2416644096374512,,,0.008091705851256847
5399,28.0,1261,1.6832451820373535,,,0.009724942035973072
5400,18.0,754,1.0181794166564941,,,0.01235022023320198
5401,26.0,887,1.1973941326141357,,,0.016417965292930603
5402,24.0,891,1.215834140777588,,,0.020106012001633644
5403,14.0,643,0.8778083324432373,,,0.005925497505813837
5404,27.0,919,1.2440662384033203,,,0.00944692175835371
5405,23.0,889,1.2058441638946533,,,0.006023754831403494
5406,20.0,903,1.2240095138549805,,,0.01368944812566042
5407,20.0,820,1.1116783618927002,,,0.00575525825843215
5408,13.0,643,0.8754956722259521,,,0.007343642879277468
5409,21.0,883,1.2001142501831055,,,0.017998382449150085
5410,30.0,1105,1.489881992340088,,,0.011295417323708534
5411,26.0,943,1.2808692455291748,,,0.008968678303062916
5412,33.0,1617,2.1550381183624268,,,0.012165429070591927
5413,33.0,1179,1.568284511566162,,,0.014466210268437862
5414,31.0,1299,1.7335948944091797,,,0.016610192134976387
5415,25.0,905,1.2263622283935547,,,0.010803635232150555
5416,22.0,856,1.1630949974060059,,,0.01850266382098198
5417,28.0,1205,1.611057996749878,,,0.011397215537726879
5418,22.0,891,1.1968367099761963,,,0.012509445659816265
5419,16.0,796,1.0723521709442139,,,0.014958188869059086
5420,23.0,901,1.197450876235962,,,0.027220994234085083
5421,21.0,996,1.3495006561279297,,,0.009435305371880531
5422,21.0,759,1.0335590839385986,,,0.01120260264724493
5423,29.0,1009,1.3602237701416016,,,0.014708391390740871
5424,21.0,991,1.3518357276916504,,,0.01983579806983471
5425,22.0,869,1.1854963302612305,,,0.00949679221957922
5426,15.0,685,0.9381601810455322,,,0.01100161299109459
5427,26.0,1190,1.5949764251708984,,,0.01024093758314848
5428,30.0,1109,1.4947717189788818,,,0.01930643990635872
5429,31.0,1257,1.6965866088867188,,,0.01217616256326437
5430,24.0,939,1.2797939777374268,,,0.014197244308888912
5431,21.0,673,0.9135870933532715,,,0.00903973076492548
5432,26.0,875,1.1840691566467285,,,0.01072529423981905
5433,22.0,761,1.021294355392456,,,0.007187101058661938
5434,26.0,881,1.1913690567016602,,,0.007934476248919964
5435,20.0,882,1.205590009689331,,,0.006667296402156353
5436,18.0,758,1.0348701477050781,,,0.015449551865458488
5437,23.0,775,1.0581316947937012,,,0.005146276205778122
5438,30.0,1271,1.715850830078125,,,0.011579588055610657
5439,25.0,1169,1.5856359004974365,,,0.010763255879282951
5440,19.0,672,0.9211883544921875,,,0.008812940679490566
5441,22.0,886,1.1996710300445557,,,0.010583877563476562
5442,29.0,1458,1.9591259956359863,,,0.011989911086857319
5443,28.0,993,1.3443903923034668,,,0.020046398043632507
5444,31.0,1021,1.3741097450256348,,,0.006969980895519257
5445,30.0,1021,1.3825056552886963,,,0.008474137634038925
5446,23.0,825,1.1264688968658447,,,0.03717241808772087
5447,25.0,1061,1.4322972297668457,,,0.01510509941726923
5448,30.0,1151,1.5419301986694336,,,0.01204149704426527
5449,24.0,1000,1.3524904251098633,,,0.030686039477586746
5450,29.0,1178,1.5838589668273926,,,0.013477891683578491
5451,25.0,1001,1.348846197128296,,,0.009659494273364544
5452,24.0,829,1.1345458030700684,,,0.011206328868865967
5453,20.0,749,1.021134376525879,,,0.006199111696332693
5454,24.0,1067,1.4560356140136719,,,0.02494822070002556
5455,30.0,1133,1.5183658599853516,,,0.01517996285110712
5456,18.0,682,0.9264461994171143,,,0.00615851441398263
5457,31.0,1233,1.6615760326385498,,,0.010433412156999111
5458,16.0,795,1.078660249710083,,,0.011342162266373634
5459,32.0,1217,1.6410586833953857,,,0.016191301867365837
5460,26.0,1049,1.420335292816162,,,0.009116153232753277
5461,28.0,1092,1.474318265914917,,,0.006516234949231148
5462,27.0,1215,1.6390597820281982,,,0.013854693621397018
5463,31.0,1040,1.4025704860687256,,,0.011816263198852539
5464,28.0,1036,1.401118278503418,,,0.02040811814367771
5465,32.0,1090,1.4601013660430908,,,0.014442749321460724
5466,30.0,1275,1.7074477672576904,,,0.02208036743104458
5467,24.0,905,1.2095470428466797,,,0.013936496339738369
5468,30.0,1037,1.376706838607788,,,0.02058146335184574
5469,14.0,861,1.1755681037902832,,,0.008612793870270252
5470,30.0,1167,1.5682451725006104,,,0.012007269077003002
5471,29.0,1097,1.4880695343017578,,,0.014642038382589817
5472,28.0,1264,1.698549509048462,,,0.008232277818024158
5473,26.0,1174,1.5912055969238281,,,0.006485667545348406
5474,26.0,997,1.3523178100585938,,,0.012746114283800125
5475,29.0,1207,1.6265778541564941,,,0.006469099782407284
5476,23.0,1138,1.5400686264038086,,,0.008897793479263783
5477,27.0,929,1.255553960800171,,,0.011677389964461327
5478,32.0,1209,1.6163432598114014,,,0.012257332913577557
5479,25.0,962,1.3112256526947021,,,0.01826564595103264
5480,30.0,1267,1.7106115818023682,,,0.02867192216217518
5481,25.0,927,1.2609202861785889,,,0.014784719794988632
5482,24.0,988,1.3399055004119873,,,0.018584448844194412
5483,22.0,997,1.3402578830718994,,,0.012088586576282978
5484,20.0,667,0.9102127552032471,,,0.008758877404034138
5485,29.0,1145,1.5464839935302734,,,0.011481515131890774
5486,32.0,1251,1.6765155792236328,,,0.013745325617492199
5487,36.0,1517,2.04856276512146,,,0.019398832693696022
5488,31.0,1354,1.8209140300750732,,,0.014235882088541985
5489,25.0,1059,1.4332470893859863,,,0.010458609089255333
5490,27.0,874,1.183645248413086,,,0.004441469442099333
5491,28.0,1260,1.6874291896820068,,,0.012242916040122509
5492,31.0,1238,1.6641285419464111,,,0.006884724833071232
5493,17.0,687,0.9388041496276855,,,0.013901086524128914
5494,28.0,1188,1.5964224338531494,,,0.011751792393624783
5495,25.0,971,1.3062489032745361,,,0.007620449643582106
5496,23.0,881,1.1751627922058105,,,0.005941908806562424
5497,19.0,842,1.131009578704834,,,0.008065146394073963
5498,12.0,626,0.8435425758361816,,,0.006036540027707815
5499,31.0,1078,1.4340040683746338,,,0.03180135414004326
5500,25.0,797,1.0819635391235352,,,0.01598224975168705
5501,30.0,1275,1.7113237380981445,,,0.015840768814086914
5502,25.0,1007,1.370530605316162,,,0.011883450672030449
5503,28.0,1078,1.45751953125,,,0.010102944448590279
5504,29.0,1124,1.5127124786376953,,,0.01376377884298563
5505,24.0,1184,1.602912187576294,,,0.020827943459153175
5506,15.0,755,1.0327224731445312,,,0.010559462010860443
5507,29.0,1161,1.5681986808776855,,,0.006968645844608545
5508,24.0,923,1.252722978591919,,,0.010413248091936111
5509,21.0,748,1.0152533054351807,,,0.007480486761778593
5510,17.0,691,0.9460930824279785,,,0.022636335343122482
5511,26.0,997,1.3480126857757568,,,0.02235241048038006
5512,27.0,1013,1.3697030544281006,,,0.010078079998493195
5513,32.0,1083,1.469041109085083,,,0.013508915901184082
5514,24.0,762,1.0370793342590332,,,0.007653458975255489
5515,13.0,582,0.7983133792877197,,,0.0049445233307778835
5516,22.0,1025,1.388624668121338,,,0.009836744517087936
5517,40.0,1525,2.0483453273773193,,,0.010949268005788326
5518,18.0,717,0.9776978492736816,,,0.009607418440282345
5519,15.0,535,0.7315678596496582,,,0.011628935113549232
5520,26.0,1281,1.7260267734527588,,,0.011040997691452503
5521,50.0,1681,2.2533583641052246,,,0.010326778516173363
5522,26.0,1093,1.458446979522705,,,0.012529635801911354
5523,27.0,1073,1.4361369609832764,,,0.006679223384708166
5524,29.0,977,1.3060450553894043,,,0.009663576260209084
5525,25.0,873,1.184657335281372,,,0.008746650069952011
5526,23.0,910,1.2313621044158936,,,0.02571728639304638
5527,28.0,1053,1.417997121810913,,,0.015222329646348953
5528,27.0,1046,1.3979339599609375,,,0.007938784547150135
5529,24.0,968,1.304823637008667,,,0.007200597319751978
5530,30.0,1123,1.5069260597229004,,,0.011334147304296494
5531,32.0,1341,1.7973687648773193,,,0.011414464563131332
5532,24.0,858,1.1650035381317139,,,0.0225111935287714
5533,30.0,1091,1.469642162322998,,,0.010670430026948452
5534,22.0,807,1.0977139472961426,,,0.007050829008221626
5535,31.0,1189,1.5861032009124756,,,0.01643606275320053
5536,31.0,1317,1.7728514671325684,,,0.02203931286931038
5537,20.0,805,1.0944290161132812,,,0.01835155114531517
5538,28.0,1115,1.486881971359253,,,0.016676172614097595
5539,23.0,862,1.1632819175720215,,,0.010803316719830036
5540,25.0,1081,1.4619386196136475,,,0.01285620778799057
5541,20.0,813,1.1065082550048828,,,0.010983043350279331
5542,30.0,1265,1.6728601455688477,,,0.011343613266944885
5543,28.0,1254,1.6625032424926758,,,0.006112760864198208
5544,33.0,1583,2.0926239490509033,,,0.01339732576161623
5545,33.0,1366,1.811629056930542,,,0.010317525826394558
5546,13.0,716,0.9631059169769287,,,0.013987923040986061
5547,10.0,679,0.9283287525177002,,,0.011434429325163364
5548,27.0,875,1.1806855201721191,,,0.0068518780171871185
5549,23.0,1001,1.353022813796997,,,0.004815137945115566
5550,25.0,757,1.0192806720733643,,,0.012786840088665485
5551,23.0,965,1.2912907600402832,,,0.017061932012438774
5552,21.0,787,1.0625524520874023,,,0.012899198569357395
5553,20.0,858,1.1542131900787354,,,0.015010292641818523
5554,24.0,904,1.214618444442749,,,0.02621392160654068
5555,28.0,1029,1.3698437213897705,,,0.009984798729419708
5556,26.0,1167,1.581101417541504,,,0.011249253526329994
5557,29.0,1097,1.4737529754638672,,,0.019034914672374725
5558,25.0,795,1.0765655040740967,,,0.035628791898489
5559,28.0,1082,1.4631123542785645,,,0.03357354924082756
5560,31.0,1239,1.663295030593872,,,0.011003920808434486
5561,31.0,1145,1.5467407703399658,,,0.008694975636899471
5562,27.0,1187,1.6021623611450195,,,0.012537832371890545
5563,29.0,1067,1.4320576190948486,,,0.009690064005553722
5564,27.0,975,1.3186571598052979,,,0.006678236648440361
5565,23.0,770,1.0447604656219482,,,0.015308351255953312
5566,27.0,1041,1.397939920425415,,,0.017421578988432884
5567,28.0,1175,1.5781242847442627,,,0.014073390513658524
5568,28.0,1181,1.593031644821167,,,0.014268550090491772
5569,25.0,903,1.2111341953277588,,,0.007853120565414429
5570,21.0,957,1.2902467250823975,,,0.026786476373672485
5571,29.0,975,1.3074688911437988,,,0.018097711727023125
5572,10.0,465,0.633812427520752,,,0.01906595565378666
5573,38.0,1349,1.823387622833252,,,0.010903998278081417
5574,21.0,843,1.1528692245483398,,,0.013836330734193325
5575,29.0,1309,1.7682249546051025,,,0.010296005755662918
5576,32.0,1539,2.0594348907470703,,,0.007231384515762329
5577,25.0,1014,1.376751184463501,,,0.011672433465719223
5578,27.0,1241,1.6789186000823975,,,0.008115844801068306
5579,30.0,1149,1.545837640762329,,,0.012824268080294132
5580,30.0,1320,1.7774126529693604,,,0.031823866069316864
5581,29.0,1049,1.4042789936065674,,,0.013889285735785961
5582,26.0,1059,1.4215142726898193,,,0.019833538681268692
5583,29.0,1091,1.4523298740386963,,,0.007203349843621254
5584,15.0,629,0.8480336666107178,,,0.017894260585308075
5585,24.0,1177,1.587491512298584,,,0.008063135668635368
5586,29.0,1234,1.6728899478912354,,,0.011075345799326897
5587,11.0,691,0.9484372138977051,,,0.004449109081178904
5588,15.0,911,1.2462265491485596,,,0.019916880875825882
5589,28.0,1229,1.6539027690887451,,,0.01154441200196743
5590,19.0,722,0.9816915988922119,,,0.010732865892350674
5591,19.0,1070,1.4419214725494385,,,0.009114561602473259
5592,23.0,1151,1.5595941543579102,,,0.013839827850461006
5593,35.0,1495,2.020953893661499,,,0.013720538467168808
5594,22.0,1060,1.4439830780029297,,,0.015386086888611317
5595,29.0,1259,1.6937143802642822,,,0.012166089378297329
5596,28.0,1013,1.373417854309082,,,0.006218903232365847
5597,27.0,1265,1.7013416290283203,,,0.010060402564704418
5598,23.0,1047,1.407952070236206,,,0.01836858130991459
5599,29.0,1151,1.534653902053833,,,0.010779074393212795
5600,27.0,1141,1.518052577972412,,,0.006480450741946697
5601,29.0,1047,1.4073312282562256,,,0.019438475370407104
5602,17.0,785,1.0697362422943115,,,0.011633766815066338
5603,16.0,787,1.0737800598144531,,,0.007432443089783192
5604,17.0,764,1.0451359748840332,,,0.006209011655300856
5605,32.0,1170,1.5758280754089355,,,0.00814144592732191
5606,12.0,745,1.0194635391235352,,,0.006628650706261396
5607,20.0,876,1.1905758380889893,,,0.030949825420975685
5608,14.0,769,1.0490949153900146,,,0.012474149465560913
5609,38.0,1293,1.737961769104004,,,0.015331012196838856
5610,21.0,754,1.0140764713287354,,,0.020576611161231995
5611,12.0,677,0.9115481376647949,,,0.013685462065041065
5612,32.0,1162,1.5568394660949707,,,0.00911596231162548
5613,32.0,1531,2.0626487731933594,,,0.009461218491196632
5614,24.0,1008,1.3644003868103027,,,0.006257568020373583
5615,24.0,884,1.1923997402191162,,,0.006016447674483061
5616,18.0,739,1.0076274871826172,,,0.009508168324828148
5617,23.0,689,0.9420199394226074,,,0.004647932481020689
5618,32.0,1241,1.663012981414795,,,0.009895429946482182
5619,32.0,1493,2.006687879562378,,,0.013746344484388828
5620,21.0,802,1.094956874847412,,,0.014839851297438145
5621,29.0,1029,1.3772659301757812,,,0.014255372807383537
5622,38.0,1260,1.68156099319458,,,0.006228279322385788
5623,28.0,1260,1.666273593902588,,,0.010029925033450127
5624,27.0,933,1.242722988128662,,,0.012975472956895828
5625,18.0,749,1.0220987796783447,,,0.009769408032298088
5626,24.0,877,1.192244529724121,,,0.024407528340816498
5627,23.0,967,1.3130223751068115,,,0.010730501264333725
5628,27.0,950,1.2895934581756592,,,0.010013159364461899
5629,32.0,1130,1.5042414665222168,,,0.0035695151891559362
5630,22.0,896,1.206247091293335,,,0.012436464428901672
5631,30.0,1284,1.7029812335968018,,,0.013858634047210217
5632,16.0,734,0.9953498840332031,,,0.01128524448722601
5633,29.0,1425,1.898015022277832,,,0.03433987870812416
5634,28.0,1257,1.6706042289733887,,,0.009976190514862537
5635,23.0,1021,1.3817665576934814,,,0.014736131764948368
5636,29.0,1183,1.5799031257629395,,,0.02796328067779541
5637,54.0,2178,2.940937042236328,,,0.0145873436704278
5638,24.0,1049,1.4238710403442383,,,0.010874680243432522
5639,32.0,1393,1.8798069953918457,,,0.011429394595324993
5640,28.0,961,1.2952141761779785,,,0.016603540629148483
5641,26.0,866,1.169173002243042,,,0.014197411015629768
5642,21.0,920,1.2438678741455078,,,0.005843077786266804
5643,32.0,1119,1.5047435760498047,,,0.009864367544651031
5644,30.0,1254,1.689387559890747,,,0.007983109913766384
5645,32.0,1521,2.0540027618408203,,,0.008706771768629551
5646,20.0,631,0.8629207611083984,,,0.03943632170557976
5647,25.0,925,1.2559242248535156,,,0.014853057451546192
5648,27.0,1131,1.5258467197418213,,,0.010248014703392982
5649,32.0,1195,1.610567331314087,,,0.008532293140888214
5650,28.0,966,1.3063452243804932,,,0.01631173864006996
5651,39.0,1543,2.072765827178955,,,0.012957422062754631
5652,13.0,697,0.952594518661499,,,0.010504540987312794
5653,25.0,936,1.268101692199707,,,0.009625334292650223
5654,23.0,899,1.2210214138031006,,,0.006405700463801622
5655,29.0,1173,1.5800464153289795,,,0.020127685740590096
5656,21.0,819,1.1071803569793701,,,0.008911934681236744
5657,32.0,1260,1.676896333694458,,,0.009608314372599125
5658,20.0,908,1.2285656929016113,,,0.015532110817730427
5659,31.0,1309,1.7552473545074463,,,0.055581845343112946
5660,31.0,1191,1.5959436893463135,,,0.011154712177813053
5661,14.0,599,0.8117084503173828,,,0.01419065147638321
5662,27.0,1044,1.4087915420532227,,,0.01570276729762554
5663,27.0,1009,1.341386318206787,,,0.014511608518660069
5664,30.0,973,1.306900978088379,,,0.009776124730706215
5665,38.0,1335,1.7964887619018555,,,0.017016587778925896
5666,27.0,1042,1.4023292064666748,,,0.01506164949387312
5667,27.0,1031,1.3974907398223877,,,0.014608734287321568
5668,26.0,957,1.2964503765106201,,,0.01188713125884533
5669,30.0,1231,1.6546828746795654,,,0.015635307878255844
5670,32.0,1320,1.7747573852539062,,,0.0071625174023211
5671,30.0,1149,1.5424854755401611,,,0.011187178082764149
5672,27.0,1149,1.549867868423462,,,0.00471996795386076
5673,28.0,1197,1.599855899810791,,,0.012029489502310753
5674,26.0,988,1.3277232646942139,,,0.006889156997203827
5675,25.0,923,1.247725486755371,,,0.007123725023120642
5676,39.0,1309,1.7396433353424072,,,0.01599506288766861
5677,33.0,1213,1.6277048587799072,,,0.011145981959998608
5678,26.0,1093,1.4662094116210938,,,0.010995623655617237
5679,13.0,791,1.0720913410186768,,,0.02166498266160488
5680,20.0,787,1.0612759590148926,,,0.009262261912226677
5681,23.0,913,1.2331221103668213,,,0.031994063407182693
5682,32.0,1237,1.6440668106079102,,,0.005826814100146294
5683,29.0,1052,1.4173200130462646,,,0.01114069763571024
5684,32.0,1405,1.883441686630249,,,0.011761828325688839
5685,28.0,1236,1.6477670669555664,,,0.009850723668932915
5686,30.0,1069,1.4383907318115234,,,0.014353932812809944
5687,36.0,1678,2.2250094413757324,,,0.01768415980041027
5688,28.0,1257,1.672360897064209,,,0.011232445016503334
5689,31.0,1020,1.3685176372528076,,,0.013846883550286293
5690,28.0,1158,1.5746726989746094,,,0.008003078401088715
5691,25.0,1009,1.3616693019866943,,,0.008469787426292896
5692,21.0,876,1.1810662746429443,,,0.012683120556175709
5693,25.0,881,1.1940345764160156,,,0.01733701303601265
5694,20.0,713,0.9716098308563232,,,0.004840879235416651
5695,26.0,1066,1.4411675930023193,,,0.013246115297079086
5696,27.0,1077,1.4377191066741943,,,0.011176937259733677
5697,22.0,769,1.0498931407928467,,,0.01158554945141077
5698,31.0,1345,1.8018407821655273,,,0.012697557918727398
5699,23.0,1054,1.4294788837432861,,,0.00497309910133481
5700,21.0,799,1.0969030857086182,,,0.005041623022407293
5701,28.0,1211,1.6283299922943115,,,0.0068634748458862305
5702,30.0,1389,1.8681097030639648,,,0.010938563384115696
5703,30.0,1099,1.4859120845794678,,,0.011678577400743961
5704,26.0,875,1.1634271144866943,,,0.004303093068301678
5705,25.0,1063,1.4266366958618164,,,0.009776713326573372
5706,36.0,1559,2.069091558456421,,,0.008114710450172424
5707,28.0,1473,1.954897403717041,,,0.013291420415043831
5708,32.0,1407,1.899353265762329,,,0.01249002106487751
5709,25.0,871,1.1618931293487549,,,0.009916434064507484
5710,25.0,989,1.340261697769165,,,0.007030054926872253
5711,29.0,1069,1.4355123043060303,,,0.013986138626933098
5712,24.0,1009,1.3749542236328125,,,0.007018442265689373
5713,25.0,1139,1.5284676551818848,,,0.008604773320257664
5714,25.0,928,1.2444703578948975,,,0.01107852440327406
5715,30.0,1234,1.6650617122650146,,,0.008560461923480034
5716,32.0,1309,1.75716233253479,,,0.01016781572252512
5717,22.0,1135,1.5487961769104004,,,0.0083511583507061
5718,28.0,960,1.2904231548309326,,,0.006230149418115616
5719,28.0,1137,1.5299417972564697,,,0.020407414063811302
5720,29.0,1405,1.8818886280059814,,,0.01881638541817665
5721,23.0,963,1.309983253479004,,,0.009718790650367737
5722,29.0,1123,1.5151286125183105,,,0.03057602047920227
5723,31.0,1138,1.5298526287078857,,,0.010280638933181763
5724,24.0,862,1.1678459644317627,,,0.004512702580541372
5725,26.0,1143,1.5303781032562256,,,0.01716710440814495
5726,30.0,1278,1.7047948837280273,,,0.008124337531626225
5727,28.0,1142,1.5233573913574219,,,0.015811393037438393
5728,27.0,1128,1.5192577838897705,,,0.013380913995206356
5729,32.0,1295,1.740154504776001,,,0.012482129968702793
5730,29.0,1085,1.4781112670898438,,,0.014474835246801376
5731,21.0,923,1.2502079010009766,,,0.009318864904344082
5732,32.0,1307,1.7352278232574463,,,0.008733131922781467
5733,24.0,867,1.1775295734405518,,,0.007355987560003996
5734,26.0,1053,1.4257254600524902,,,0.007475717458873987
5735,29.0,1057,1.4328258037567139,,,0.0096571771427989
5736,29.0,1381,1.8312606811523438,,,0.008262179791927338
5737,30.0,1491,2.0001423358917236,,,0.0068857246078550816
5738,29.0,1218,1.6439855098724365,,,0.019359691068530083
5739,19.0,828,1.1324031352996826,,,0.009580843150615692
5740,23.0,973,1.3252055644989014,,,0.009678179398179054
5741,28.0,1110,1.5032615661621094,,,0.0088322963565588
5742,31.0,1200,1.6232187747955322,,,0.006011870689690113
5743,21.0,933,1.2698609828948975,,,0.019802283495664597
5744,38.0,1739,2.341341257095337,,,0.009358205832540989
5745,24.0,894,1.209890604019165,,,0.0077601042576134205
5746,26.0,1145,1.546091079711914,,,0.020712098106741905
5747,27.0,1257,1.6957745552062988,,,0.0055964551866054535
5748,27.0,1093,1.4805569648742676,,,0.009335271082818508
5749,28.0,1208,1.6258001327514648,,,0.007212051190435886
5750,20.0,908,1.2216882705688477,,,0.019734123721718788
5751,31.0,1296,1.7237412929534912,,,0.008226468227803707
5752,27.0,990,1.3143844604492188,,,0.012208527885377407
5753,24.0,836,1.1221649646759033,,,0.010425767861306667
5754,25.0,828,1.1039307117462158,,,0.008142861537635326
5755,26.0,1007,1.340827465057373,,,0.00868118554353714
5756,27.0,1301,1.7214086055755615,,,0.006546696648001671
5757,27.0,1121,1.4896752834320068,,,0.009135467000305653
5758,26.0,951,1.2770798206329346,,,0.01035956759005785
5759,36.0,1419,1.9071760177612305,,,0.012688287533819675
5760,30.0,1162,1.5616633892059326,,,0.003218739526346326
5761,15.0,673,0.9136180877685547,,,0.01014953013509512
5762,25.0,810,1.0906059741973877,,,0.009875810705125332
5763,22.0,843,1.1324598789215088,,,0.011222644709050655
5764,30.0,1205,1.6081080436706543,,,0.023788131773471832
5765,31.0,1137,1.513617753982544,,,0.007817192934453487
5766,21.0,855,1.1576192378997803,,,0.006607179995626211
5767,29.0,1150,1.5448873043060303,,,0.038933005183935165
5768,27.0,1111,1.4942622184753418,,,0.007366552948951721
5769,26.0,1053,1.430652141571045,,,0.02318674698472023
5770,22.0,937,1.2650361061096191,,,0.01717880740761757
5771,22.0,901,1.2297413349151611,,,0.026425233110785484
5772,19.0,827,1.126523733139038,,,0.00758326007053256
5773,43.0,1607,2.179957389831543,,,0.018857568502426147
5774,29.0,1287,1.7302830219268799,,,0.03479311987757683
5775,22.0,857,1.1581008434295654,,,0.010043272748589516
5776,29.0,1141,1.538686752319336,,,0.009258093312382698
5777,31.0,1151,1.5574219226837158,,,0.004842018708586693
5778,26.0,1041,1.4024698734283447,,,0.008221028372645378
5779,31.0,1210,1.6283748149871826,,,0.009284822270274162
5780,14.0,860,1.175281047821045,,,0.01367940567433834
5781,28.0,1029,1.3863162994384766,,,0.004343923646956682
5782,26.0,1317,1.7538669109344482,,,0.006717388983815908
5783,25.0,1084,1.4507975578308105,,,0.010335843078792095
5784,29.0,1206,1.6036534309387207,,,0.016848696395754814
5785,24.0,823,1.12282133102417,,,0.008890330791473389
5786,24.0,945,1.2769625186920166,,,0.008160262368619442
5787,18.0,674,0.908501386642456,,,0.007697217632085085
5788,31.0,1325,1.761239767074585,,,0.009477473795413971
5789,27.0,1071,1.4468779563903809,,,0.009031867608428001
5790,35.0,1459,1.9488849639892578,,,0.013830476440489292
5791,25.0,835,1.129580020904541,,,0.009044731967151165
5792,25.0,997,1.3304128646850586,,,0.012889061123132706
5793,24.0,897,1.2222108840942383,,,0.007929944433271885
5794,33.0,1307,1.7575149536132812,,,0.00854280311614275
5795,32.0,1191,1.5902111530303955,,,0.02580293081700802
5796,28.0,1240,1.6696279048919678,,,0.008870100602507591
5797,26.0,987,1.3395836353302002,,,0.005420236382633448
5798,26.0,1039,1.40498948097229,,,0.018007218837738037
5799,32.0,1158,1.5634760856628418,,,0.014880001544952393
5800,30.0,1245,1.6688942909240723,,,0.015855697914958
5801,27.0,990,1.3345718383789062,,,0.01388459000736475
5802,31.0,1068,1.4398167133331299,,,0.012026765383780003
5803,30.0,1520,2.034900426864624,,,0.0049462588503956795
5804,27.0,1132,1.5338878631591797,,,0.0093789491802454
5805,27.0,1009,1.3649661540985107,,,0.019405119121074677
5806,30.0,943,1.27512526512146,,,0.016454724594950676
5807,31.0,1184,1.5879392623901367,,,0.005129397846758366
5808,26.0,1053,1.4309353828430176,,,0.007892034947872162
5809,25.0,1063,1.4275295734405518,,,0.010904517956078053
5810,33.0,1440,1.9062941074371338,,,0.009447872638702393
5811,21.0,827,1.117642879486084,,,0.014151065610349178
5812,27.0,1137,1.5065298080444336,,,0.0134412981569767
5813,25.0,1073,1.433459758758545,,,0.01041641179472208
5814,26.0,787,1.0571186542510986,,,0.010398969054222107
5815,27.0,1330,1.7878284454345703,,,0.011355721391737461
5816,20.0,812,1.1052513122558594,,,0.005609569139778614
5817,24.0,882,1.1960322856903076,,,0.007324209902435541
5818,27.0,921,1.2450788021087646,,,0.019139135256409645
5819,28.0,1055,1.4287652969360352,,,0.010440066456794739
5820,14.0,853,1.1629528999328613,,,0.010677402839064598
5821,30.0,1155,1.5440008640289307,,,0.011604187078773975
5822,27.0,965,1.293395757675171,,,0.009234312921762466
5823,33.0,1415,1.891491174697876,,,0.011100639589130878
5824,27.0,1093,1.4641029834747314,,,0.011738061904907227
5825,28.0,1052,1.4213173389434814,,,0.009320526383817196
5826,30.0,1160,1.5546786785125732,,,0.008001824840903282
5827,29.0,1172,1.5812287330627441,,,0.009989587590098381
5828,24.0,869,1.180788278579712,,,0.0037095346488058567
5829,32.0,1335,1.7779121398925781,,,0.004557949956506491
5830,26.0,809,1.0945162773132324,,,0.01207389123737812
5831,29.0,1250,1.6854302883148193,,,0.00917559303343296
5832,32.0,1200,1.6062521934509277,,,0.012793131172657013
5833,26.0,1098,1.479377269744873,,,0.00469597801566124
5834,22.0,737,1.001950979232788,,,0.005648256279528141
5835,20.0,696,0.9425504207611084,,,0.015053482726216316
5836,31.0,1095,1.4801175594329834,,,0.01917041651904583
5837,31.0,1173,1.572455883026123,,,0.0075037358328700066
5838,34.0,1387,1.8554439544677734,,,0.008457956835627556
5839,30.0,1103,1.4754481315612793,,,0.02385246753692627
5840,22.0,932,1.254432201385498,,,0.009946082718670368
5841,31.0,1362,1.8319194316864014,,,0.007824894972145557
5842,23.0,883,1.1938755512237549,,,0.026375088840723038
5843,29.0,1157,1.5507254600524902,,,0.02413935959339142
5844,21.0,721,0.971235990524292,,,0.01049472764134407
5845,29.0,1066,1.445998191833496,,,0.009873691014945507
5846,23.0,901,1.208785057067871,,,0.014339606277644634
5847,27.0,1143,1.5308177471160889,,,0.01630736142396927
5848,24.0,735,0.9849441051483154,,,0.010343878529965878
5849,25.0,923,1.2453429698944092,,,0.02263615094125271
5850,18.0,765,1.0358397960662842,,,0.008476187475025654
5851,28.0,1071,1.4462730884552002,,,0.007135269697755575
5852,22.0,830,1.1132612228393555,,,0.021791838109493256
5853,26.0,933,1.2443828582763672,,,0.008239476010203362
5854,25.0,1027,1.3825044631958008,,,0.012447225861251354
5855,45.0,1694,2.2735815048217773,,,0.005145539995282888
5856,23.0,859,1.1557490825653076,,,0.01549464650452137
5857,24.0,930,1.2566726207733154,,,0.017927438020706177
5858,23.0,887,1.1948950290679932,,,0.009328863583505154
5859,27.0,1248,1.6712563037872314,,,0.008145230822265148
5860,31.0,1041,1.3883161544799805,,,0.012240213342010975
5861,30.0,1163,1.5584232807159424,,,0.010646683163940907
5862,14.0,624,0.8411900997161865,,,0.010881848633289337
5863,25.0,867,1.1758043766021729,,,0.034145962446928024
5864,28.0,1299,1.746525526046753,,,0.011811412870883942
5865,29.0,1023,1.3835275173187256,,,0.011871897615492344
5866,31.0,1084,1.4541001319885254,,,0.012229102663695812
5867,24.0,866,1.1820125579833984,,,0.02894194796681404
5868,30.0,1216,1.6186673641204834,,,0.009613210335373878
5869,29.0,1239,1.6706721782684326,,,0.007164516486227512
5870,24.0,1070,1.4367406368255615,,,0.004823740106076002
5871,30.0,1034,1.393427848815918,,,0.007721773814409971
5872,28.0,1211,1.6349883079528809,,,0.027466291561722755
5873,53.0,1968,2.6602962017059326,,,0.005787380039691925
5874,21.0,878,1.1931121349334717,,,0.01015121303498745
5875,26.0,1151,1.5541794300079346,,,0.0038622429128736258
5876,32.0,1006,1.3517894744873047,,,0.006743290927261114
5877,26.0,945,1.2818248271942139,,,0.04925823584198952
5878,22.0,803,1.0940334796905518,,,0.011818910948932171
5879,32.0,1081,1.4544780254364014,,,0.01251851674169302
5880,31.0,1302,1.7435197830200195,,,0.014027769677340984
5881,23.0,823,1.1126124858856201,,,0.007116430904716253
5882,25.0,865,1.1651604175567627,,,0.007581593468785286
5883,23.0,911,1.2313628196716309,,,0.008871891535818577
5884,25.0,879,1.1801106929779053,,,0.03287304565310478
5885,29.0,1151,1.5486371517181396,,,0.010811801068484783
5886,29.0,1033,1.3967344760894775,,,0.009569828398525715
5887,27.0,1125,1.5129742622375488,,,0.007900731638073921
5888,32.0,1279,1.713294267654419,,,0.010359439998865128
5889,20.0,947,1.2820065021514893,,,0.03575723618268967
5890,25.0,898,1.2298197746276855,,,0.023982740938663483
5891,28.0,1189,1.6113688945770264,,,0.008784811943769455
5892,29.0,1142,1.5542795658111572,,,0.005042242351919413
5893,20.0,797,1.0914983749389648,,,0.0053528062999248505
5894,21.0,858,1.1851286888122559,,,0.011942809447646141
5895,28.0,967,1.3184888362884521,,,0.014098353683948517
5896,29.0,1099,1.48710036277771,,,0.013605238869786263
5897,29.0,1242,1.6797497272491455,,,0.00798318162560463
5898,32.0,1071,1.452392578125,,,0.011168654076755047
5899,36.0,1352,1.8399012088775635,,,0.009772508405148983
5900,31.0,990,1.3439233303070068,,,0.01584196835756302
5901,29.0,1059,1.438035249710083,,,0.005910485051572323
5902,20.0,765,1.052053689956665,,,0.005937406327575445
5903,27.0,1141,1.558807134628296,,,0.011190524324774742
5904,17.0,688,0.9442999362945557,,,0.010100174695253372
5905,34.0,1271,1.7182929515838623,,,0.018373003229498863
5906,26.0,951,1.2924067974090576,,,0.011444752104580402
5907,27.0,895,1.2194981575012207,,,0.006079015787690878
5908,29.0,1125,1.5179634094238281,,,0.009069529362022877
5909,33.0,1403,1.8884015083312988,,,0.006198781076818705
5910,17.0,619,0.8373236656188965,,,0.01776999793946743
5911,30.0,1388,1.8750629425048828,,,0.01596645824611187
5912,30.0,1157,1.5647938251495361,,,0.008254135958850384
5913,29.0,1249,1.6984443664550781,,,0.00815809890627861
5914,27.0,961,1.3062129020690918,,,0.02706393599510193
5915,26.0,1202,1.635359764099121,,,0.014483451843261719
5916,26.0,1233,1.67326021194458,,,0.007460355293005705
5917,27.0,980,1.3220295906066895,,,0.005202071275562048
5918,28.0,1137,1.529083251953125,,,0.008258361369371414
5919,27.0,1070,1.432826280593872,,,0.008619505912065506
5920,35.0,1865,2.4805333614349365,,,0.004899708554148674
5921,29.0,1505,2.032457113265991,,,0.008040367625653744
5922,26.0,1011,1.3767955303192139,,,0.012404222972691059
5923,20.0,837,1.143808126449585,,,0.012560753151774406
5924,29.0,1070,1.4528207778930664,,,0.009737186133861542
5925,29.0,1019,1.3912973403930664,,,0.00834931991994381
5926,26.0,939,1.2879374027252197,,,0.012771216221153736
5927,23.0,854,1.1782593727111816,,,0.008104250766336918
5928,17.0,740,1.016965389251709,,,0.015154947526752949
5929,33.0,1101,1.5009472370147705,,,0.01675030030310154
5930,37.0,1249,1.7063231468200684,,,0.015431438572704792
5931,30.0,1232,1.6700801849365234,,,0.009899110533297062
5932,19.0,685,0.9305777549743652,,,0.009107442572712898
5933,24.0,1015,1.3821837902069092,,,0.013641072437167168
5934,12.0,627,0.8532841205596924,,,0.014143130742013454
5935,32.0,1072,1.4380104541778564,,,0.011173631995916367
5936,24.0,925,1.2687866687774658,,,0.013086186721920967
5937,26.0,962,1.3123128414154053,,,0.00484514981508255
5938,24.0,891,1.1992638111114502,,,0.0064877672120928764
5939,29.0,1090,1.4593303203582764,,,0.012035106308758259
5940,26.0,915,1.230015516281128,,,0.008818170055747032
5941,19.0,795,1.0738062858581543,,,0.015774765983223915
5942,27.0,1085,1.4515433311462402,,,0.030544694513082504
5943,29.0,1130,1.511693000793457,,,0.009829062037169933
5944,33.0,1055,1.4229822158813477,,,0.009760485030710697
5945,17.0,727,1.0030980110168457,,,0.011032857932150364
5946,32.0,1221,1.6483049392700195,,,0.028085026890039444
5947,15.0,718,0.9885733127593994,,,0.011586968787014484
5948,24.0,992,1.3638827800750732,,,0.015690499916672707
5949,32.0,1211,1.637345790863037,,,0.02483307756483555
5950,33.0,1443,1.9493978023529053,,,0.007977806031703949
5951,23.0,933,1.2660017013549805,,,0.01611015759408474
5952,27.0,1087,1.4768273830413818,,,0.014877509325742722
5953,31.0,1125,1.512714147567749,,,0.006007155869156122
5954,29.0,1066,1.4429140090942383,,,0.013980614952743053
5955,23.0,917,1.230656385421753,,,0.006111484952270985
5956,22.0,875,1.1845197677612305,,,0.011461911723017693
5957,23.0,1104,1.4841094017028809,,,0.006057568825781345
5958,26.0,982,1.3215129375457764,,,0.012659842148423195
5959,23.0,922,1.2414865493774414,,,0.02683847025036812
5960,22.0,940,1.2715847492218018,,,0.018802329897880554
5961,30.0,1445,1.9329559803009033,,,0.008214514702558517
5962,26.0,1197,1.6089723110198975,,,0.008737555705010891
5963,19.0,736,0.9948685169219971,,,0.004911885596811771
5964,30.0,1256,1.6866259574890137,,,0.004756288602948189
5965,26.0,1111,1.5044066905975342,,,0.014196577481925488
5966,24.0,952,1.2882444858551025,,,0.01206034142524004
5967,32.0,1246,1.6820030212402344,,,0.013747612945735455
5968,31.0,1233,1.6741588115692139,,,0.007239470258355141
5969,28.0,1087,1.4891836643218994,,,0.0071921581402421
5970,29.0,1286,1.7339606285095215,,,0.009106011129915714
5971,31.0,1129,1.5084214210510254,,,0.008115851320326328
5972,27.0,888,1.1959705352783203,,,0.00540346372872591
5973,30.0,1158,1.5670337677001953,,,0.009927446953952312
5974,29.0,1075,1.450911045074463,,,0.008329189382493496
5975,32.0,1451,1.9455065727233887,,,0.00863360334187746
5976,34.0,1078,1.4487152099609375,,,0.0090884855017066
5977,27.0,1333,1.8067240715026855,,,0.012065671384334564
5978,28.0,936,1.278792381286621,,,0.008594997227191925
5979,32.0,1336,1.8045017719268799,,,0.010063763707876205
5980,26.0,1133,1.540245532989502,,,0.015048094093799591
5981,21.0,911,1.238084077835083,,,0.011958854272961617
5982,27.0,1077,1.448751449584961,,,0.010908819735050201
5983,28.0,980,1.3243653774261475,,,0.005620610900223255
5984,21.0,783,1.0557539463043213,,,0.00647334149107337
5985,29.0,1317,1.7597987651824951,,,0.007424168288707733
5986,16.0,625,0.848046064376831,,,0.013324004597961903
5987,27.0,1035,1.387364149093628,,,0.007598503492772579
5988,26.0,979,1.3214435577392578,,,0.008495195768773556
5989,25.0,825,1.1282591819763184,,,0.009224307723343372
5990,28.0,1075,1.4410607814788818,,,0.011533699929714203
5991,23.0,988,1.3293561935424805,,,0.010122754611074924
5992,26.0,1013,1.3640789985656738,,,0.012347609736025333
5993,31.0,1180,1.576458215713501,,,0.012030618265271187
5994,27.0,1009,1.3601715564727783,,,0.008470594882965088
5995,31.0,1269,1.7001793384552002,,,0.008159322664141655
5996,28.0,1185,1.582540512084961,,,0.009147867560386658
5997,31.0,1199,1.606544017791748,,,0.012048010714352131
5998,31.0,1057,1.4238429069519043,,,0.014194992370903492
5999,23.0,775,1.0506670475006104,,,0.021328160539269447
6000,32.0,1036,1.3821091651916504,,,0.012045658193528652
6001,28.0,1169,1.5646138191223145,,,0.013427510857582092
6002,20.0,831,1.1187641620635986,,,0.010622724890708923
6003,29.0,979,1.3115248680114746,,,0.008636407554149628
6004,13.0,696,0.9444305896759033,,,0.00953770987689495
6005,29.0,1120,1.4990849494934082,,,0.006511117797344923
6006,35.0,1394,1.8915588855743408,,,0.007885711267590523
6007,29.0,977,1.3179221153259277,,,0.00968781765550375
6008,30.0,1087,1.459216594696045,,,0.0063855634070932865
6009,29.0,1199,1.6209440231323242,,,0.014886779710650444
6010,31.0,1149,1.5428199768066406,,,0.010294665582478046
6011,32.0,1120,1.5295932292938232,,,0.008909469470381737
6012,31.0,1375,1.854058027267456,,,0.012025322765111923
6013,27.0,980,1.3276541233062744,,,0.012826565653085709
6014,31.0,1133,1.5606229305267334,,,0.007625372149050236
6015,30.0,1113,1.4888718128204346,,,0.010322168469429016
6016,23.0,966,1.3017370700836182,,,0.012191904708743095
6017,30.0,1192,1.6184840202331543,,,0.01683037541806698
6018,38.0,1348,1.855710744857788,,,0.006568518001586199
6019,31.0,1178,1.6010727882385254,,,0.011360940523445606
6020,25.0,820,1.1044666767120361,,,0.00518866628408432
6021,22.0,873,1.190500259399414,,,0.012765404768288136
6022,30.0,1162,1.572376012802124,,,0.010636058636009693
6023,31.0,1247,1.682847499847412,,,0.015356369316577911
6024,30.0,1165,1.5671629905700684,,,0.012621421366930008
6025,25.0,1225,1.6583611965179443,,,0.01422873418778181
6026,32.0,1308,1.7574231624603271,,,0.015353024005889893
6027,14.0,687,0.9349155426025391,,,0.01736137829720974
6028,25.0,953,1.280867099761963,,,0.008814605884253979
6029,30.0,1277,1.7170190811157227,,,0.009818261489272118
6030,30.0,1217,1.632472038269043,,,0.012526579201221466
6031,26.0,1116,1.5173685550689697,,,0.01167844794690609
6032,30.0,1197,1.608860969543457,,,0.007144262548536062
6033,29.0,1273,1.7113099098205566,,,0.014516143128275871
6034,32.0,1013,1.3679447174072266,,,0.019615357741713524
6035,27.0,1159,1.5566246509552002,,,0.011239420622587204
6036,28.0,981,1.3315303325653076,,,0.007736152037978172
6037,16.0,657,0.8979744911193848,,,0.010430537164211273
6038,13.0,617,0.8390588760375977,,,0.017399976029992104
6039,29.0,953,1.2967863082885742,,,0.011916170828044415
6040,19.0,876,1.2029979228973389,,,0.007212388329207897
6041,31.0,1171,1.5826084613800049,,,0.008452493697404861
6042,33.0,1179,1.6011793613433838,,,0.016514698043465614
6043,22.0,921,1.259878158569336,,,0.013273323886096478
6044,33.0,1188,1.6081948280334473,,,0.007506221067160368
6045,27.0,941,1.2801473140716553,,,0.008677931502461433
6046,33.0,1229,1.6664175987243652,,,0.007428518030792475
6047,32.0,1125,1.515547752380371,,,0.010068179108202457
6048,30.0,953,1.2938899993896484,,,0.012669801712036133
6049,9.0,500,0.6908245086669922,,,0.007846093736588955
6050,27.0,1041,1.4209117889404297,,,0.007389717269688845
6051,31.0,1205,1.6297013759613037,,,0.00843038223683834
6052,32.0,1323,1.7919504642486572,,,0.009558995254337788
6053,31.0,1072,1.4520864486694336,,,0.011256519705057144
6054,30.0,1259,1.7043132781982422,,,0.007433352526277304
6055,29.0,1067,1.4456748962402344,,,0.011811168864369392
6056,28.0,996,1.3519737720489502,,,0.011047509498894215
6057,15.0,859,1.1736118793487549,,,0.010503153316676617
6058,37.0,1355,1.8188166618347168,,,0.021999720484018326
6059,28.0,1263,1.6994731426239014,,,0.010302694514393806
6060,9.0,568,0.7722561359405518,,,0.011841269209980965
6061,22.0,769,1.0465164184570312,,,0.013118943199515343
6062,15.0,769,1.0549437999725342,,,0.009944587014615536
6063,22.0,1000,1.365725040435791,,,0.02178332582116127
6064,19.0,863,1.1887915134429932,,,0.01554008387029171
6065,36.0,1519,2.060397148132324,,,0.011404894292354584
6066,27.0,1011,1.3792674541473389,,,0.009001748636364937
6067,35.0,1553,2.103170394897461,,,0.010656961239874363
6068,29.0,881,1.2040891647338867,,,0.013449972495436668
6069,32.0,1292,1.747894048690796,,,0.01167316548526287
6070,27.0,1218,1.6475908756256104,,,0.007382403593510389
6071,29.0,1087,1.4734809398651123,,,0.013081556186079979
6072,27.0,995,1.3513634204864502,,,0.012352683581411839
6073,17.0,801,1.0971734523773193,,,0.005613250192254782
6074,21.0,864,1.1873419284820557,,,0.010175300762057304
6075,30.0,1234,1.6824312210083008,,,0.010880270972847939
6076,30.0,1069,1.4539854526519775,,,0.016120240092277527
6077,28.0,951,1.3034369945526123,,,0.017216091975569725
6078,33.0,1479,1.997361421585083,,,0.00758624030277133
6079,31.0,1307,1.7720398902893066,,,0.01687893085181713
6080,19.0,837,1.13682222366333,,,0.01115550845861435
6081,30.0,1033,1.4052343368530273,,,0.012189500033855438
6082,30.0,1169,1.5805187225341797,,,0.009618558920919895
6083,29.0,1133,1.542795181274414,,,0.012082726694643497
6084,39.0,1566,2.124119281768799,,,0.00868187565356493
6085,20.0,761,1.0451514720916748,,,0.007674201391637325
6086,22.0,912,1.2476260662078857,,,0.019666621461510658
6087,32.0,1359,1.8289282321929932,,,0.008563220500946045
6088,27.0,1157,1.5479750633239746,,,0.012994260527193546
6089,25.0,869,1.179093360900879,,,0.013639455661177635
6090,30.0,1286,1.7217726707458496,,,0.010371764190495014
6091,38.0,1299,1.7516295909881592,,,0.011977684684097767
6092,28.0,872,1.1779460906982422,,,0.011707127094268799
6093,32.0,1212,1.635633945465088,,,0.006741596385836601
6094,32.0,1187,1.6058945655822754,,,0.008805952966213226
6095,23.0,797,1.0819456577301025,,,0.009820020757615566
6096,27.0,925,1.2550134658813477,,,0.008492444641888142
6097,30.0,1013,1.3607752323150635,,,0.015185813419520855
6098,41.0,1733,2.351201295852661,,,0.021037820726633072
6099,36.0,1803,2.451256036758423,,,0.013625235296785831
6100,31.0,980,1.3383960723876953,,,0.004561050329357386
6101,31.0,1335,1.8044993877410889,,,0.0168209969997406
6102,36.0,1243,1.67671537399292,,,0.004442028235644102
6103,17.0,759,1.0374650955200195,,,0.021605685353279114
6104,18.0,617,0.8459618091583252,,,0.009765535593032837
6105,22.0,915,1.254272699356079,,,0.008840720169246197
6106,24.0,875,1.1844987869262695,,,0.010809148661792278
6107,34.0,1432,1.923351526260376,,,0.00772771006450057
6108,20.0,753,1.0196571350097656,,,0.017740929499268532
6109,32.0,1335,1.7817506790161133,,,0.014617317356169224
6110,31.0,1197,1.6071867942810059,,,0.008833358064293861
6111,40.0,1431,1.9209673404693604,,,0.01673642359673977
6112,29.0,1023,1.3739850521087646,,,0.01078615989536047
6113,28.0,1031,1.4123377799987793,,,0.01116943545639515
6114,29.0,1080,1.47029709815979,,,0.011065944097936153
6115,32.0,1104,1.4984183311462402,,,0.010378759354352951
6116,32.0,1026,1.3906192779541016,,,0.01072081457823515
6117,29.0,999,1.3607404232025146,,,0.008651050738990307
6118,21.0,814,1.1140573024749756,,,0.037086885422468185
6119,30.0,1306,1.7551453113555908,,,0.009071074426174164
6120,29.0,1225,1.6684536933898926,,,0.010398916900157928
6121,32.0,1341,1.8220126628875732,,,0.01457961741834879
6122,31.0,1318,1.778409719467163,,,0.015347045846283436
6123,31.0,1236,1.66573166847229,,,0.01350958552211523
6124,24.0,849,1.1609828472137451,,,0.015038889832794666
6125,32.0,1104,1.4999985694885254,,,0.010613358579576015
6126,31.0,1012,1.3727161884307861,,,0.011094086803495884
6127,22.0,937,1.2715013027191162,,,0.00856971088796854
6128,26.0,1119,1.5118145942687988,,,0.01773056946694851
6129,26.0,992,1.3435990810394287,,,0.007581683807075024
6130,33.0,1252,1.679452657699585,,,0.012697439640760422
6131,31.0,1170,1.5718543529510498,,,0.01454875897616148
6132,28.0,878,1.1919631958007812,,,0.011642543599009514
6133,32.0,1234,1.6748099327087402,,,0.009207408875226974
6134,32.0,1069,1.445190668106079,,,0.017101045697927475
6135,27.0,1133,1.5417983531951904,,,0.01328602246940136
6136,30.0,1312,1.7815768718719482,,,0.013359526172280312
6137,53.0,1732,2.3524811267852783,,,0.008682746440172195
6138,28.0,1024,1.3920443058013916,,,0.012448892928659916
6139,28.0,1080,1.4541420936584473,,,0.00863504596054554
6140,32.0,1377,1.853654146194458,,,0.009494584985077381
6141,32.0,1381,1.841069221496582,,,0.0079624243080616
6142,31.0,1367,1.8224883079528809,,,0.013236235827207565
6143,31.0,1400,1.872206687927246,,,0.011780068278312683
6144,22.0,789,1.072920560836792,,,0.01391731295734644
6145,22.0,798,1.085193157196045,,,0.006765521131455898
6146,29.0,1179,1.5845608711242676,,,0.017365112900733948
6147,31.0,1206,1.621483325958252,,,0.009752163663506508
6148,26.0,1071,1.4458110332489014,,,0.00788654014468193
6149,31.0,1327,1.7863502502441406,,,0.010953889228403568
6150,28.0,841,1.138725757598877,,,0.006436543073505163
6151,23.0,811,1.1039626598358154,,,0.004918910562992096
6152,28.0,1041,1.402308702468872,,,0.0064741759561002254
6153,29.0,1033,1.39243483543396,,,0.014077078551054
6154,32.0,1143,1.5469391345977783,,,0.009870109148323536
6155,24.0,889,1.2143282890319824,,,0.007651136722415686
6156,31.0,1121,1.5101230144500732,,,0.010834114626049995
6157,29.0,1073,1.4487485885620117,,,0.008791246451437473
6158,20.0,851,1.1556861400604248,,,0.010282877832651138
6159,19.0,783,1.0661418437957764,,,0.01340785063803196
6160,26.0,1227,1.6598234176635742,,,0.00961873959749937
6161,26.0,1071,1.4510598182678223,,,0.01562627963721752
6162,32.0,1425,1.9105024337768555,,,0.008621477521955967
6163,27.0,1047,1.4267759323120117,,,0.014806054532527924
6164,19.0,771,1.05794358253479,,,0.006053496152162552
6165,30.0,1044,1.4149363040924072,,,0.03851928189396858
6166,26.0,937,1.269580364227295,,,0.007627773564308882
6167,12.0,748,1.0221168994903564,,,0.024949343875050545
6168,29.0,1207,1.622284173965454,,,0.009263434447348118
6169,38.0,1418,1.8997230529785156,,,0.010453682392835617
6170,19.0,815,1.106513261795044,,,0.010939311236143112
6171,17.0,722,0.9800500869750977,,,0.02201719395816326
6172,28.0,1049,1.4205236434936523,,,0.014154178090393543
6173,20.0,868,1.1752190589904785,,,0.009407890029251575
6174,30.0,1145,1.5437211990356445,,,0.0156979002058506
6175,22.0,876,1.2001433372497559,,,0.011597953736782074
6176,30.0,1019,1.380051612854004,,,0.012989325448870659
6177,28.0,1144,1.5502281188964844,,,0.008182697929441929
6178,27.0,977,1.3148527145385742,,,0.011503936722874641
6179,31.0,1366,1.8464546203613281,,,0.00934250745922327
6180,25.0,961,1.2988505363464355,,,0.012880828231573105
6181,30.0,992,1.3362736701965332,,,0.01002918928861618
6182,26.0,790,1.068697214126587,,,0.009555177763104439
6183,39.0,1516,2.0249321460723877,,,0.006790428888052702
6184,21.0,806,1.0878641605377197,,,0.010932904668152332
6185,25.0,871,1.1809067726135254,,,0.011131084524095058
6186,21.0,713,0.965627908706665,,,0.011876492761075497
6187,29.0,1133,1.5099611282348633,,,0.013596226461231709
6188,19.0,821,1.1109259128570557,,,0.009307246655225754
6189,23.0,1113,1.5144095420837402,,,0.011855212971568108
6190,30.0,1357,1.8281424045562744,,,0.008213129825890064
6191,22.0,987,1.3431415557861328,,,0.009632558561861515
6192,30.0,1075,1.4526052474975586,,,0.017183052375912666
6193,21.0,785,1.0727005004882812,,,0.006932898424565792
6194,30.0,1209,1.5993812084197998,,,0.009648787789046764
6195,26.0,1183,1.6080608367919922,,,0.010001610964536667
6196,23.0,854,1.1638188362121582,,,0.0066032265312969685
6197,21.0,929,1.2717175483703613,,,0.011639171279966831
6198,31.0,1521,2.0458810329437256,,,0.009344778954982758
6199,27.0,1006,1.3672676086425781,,,0.008877887390553951
6200,28.0,1104,1.4999175071716309,,,0.019622210413217545
6201,27.0,1137,1.535888671875,,,0.011056647635996342
6202,24.0,845,1.166034460067749,,,0.00868130475282669
6203,24.0,930,1.2703001499176025,,,0.010394466109573841
6204,29.0,1091,1.4704663753509521,,,0.012852012179791927
6205,30.0,1418,1.895512580871582,,,0.01671195961534977
6206,31.0,1157,1.5498673915863037,,,0.016157865524291992
6207,18.0,853,1.1699445247650146,,,0.01362612284719944
6208,27.0,1209,1.630782127380371,,,0.012221214361488819
6209,27.0,969,1.310821533203125,,,0.010859579779207706
6210,28.0,1217,1.638340950012207,,,0.0070166317746043205
6211,27.0,984,1.3330409526824951,,,0.007800526916980743
6212,33.0,1165,1.5511236190795898,,,0.009388705715537071
6213,24.0,1039,1.4083142280578613,,,0.00926861073821783
6214,29.0,1279,1.6984283924102783,,,0.013218439184129238
6215,27.0,931,1.2422833442687988,,,0.0050367750227451324
6216,29.0,1116,1.4919509887695312,,,0.004510075785219669
6217,31.0,1222,1.6281156539916992,,,0.005587192252278328
6218,25.0,794,1.0792651176452637,,,0.011267367750406265
6219,30.0,1259,1.7042522430419922,,,0.020415354520082474
6220,25.0,1041,1.3999481201171875,,,0.013807592913508415
6221,30.0,1059,1.4170653820037842,,,0.007524975575506687
6222,27.0,989,1.3258025646209717,,,0.006165488623082638
6223,29.0,1243,1.6698236465454102,,,0.008268589153885841
6224,29.0,978,1.3121581077575684,,,0.005969374440610409
6225,23.0,855,1.1585240364074707,,,0.007824684493243694
6226,28.0,1109,1.4934852123260498,,,0.004807701800018549
6227,31.0,1167,1.5866713523864746,,,0.014069716446101665
6228,27.0,1011,1.3687798976898193,,,0.007828070782124996
6229,33.0,1165,1.5630090236663818,,,0.006257262080907822
6230,27.0,1021,1.3757481575012207,,,0.009539877064526081
6231,27.0,1027,1.394019603729248,,,0.0074098799377679825
6232,25.0,981,1.3312129974365234,,,0.0078282430768013
6233,30.0,1073,1.4477062225341797,,,0.007349575404077768
6234,21.0,821,1.1146390438079834,,,0.011258844286203384
6235,23.0,786,1.0621800422668457,,,0.006796692498028278
6236,22.0,845,1.1498682498931885,,,0.005267951637506485
6237,24.0,925,1.2615127563476562,,,0.010968226939439774
6238,32.0,1069,1.4420883655548096,,,0.00946130882948637
6239,18.0,655,0.8985533714294434,,,0.007221674080938101
6240,17.0,759,1.0338613986968994,,,0.004639376420527697
6241,30.0,1189,1.6085131168365479,,,0.007622088771313429
6242,31.0,1175,1.5848760604858398,,,0.007717345841228962
6243,28.0,1205,1.6285390853881836,,,0.02188657969236374
6244,26.0,954,1.3009603023529053,,,0.008577513508498669
6245,30.0,1371,1.8544211387634277,,,0.01946614496409893
6246,61.0,1965,2.6733813285827637,,,0.013287344947457314
6247,37.0,1635,2.2127225399017334,,,0.014584767632186413
6248,52.0,1814,2.448631763458252,,,0.01613917574286461
6249,28.0,1368,1.8456132411956787,,,0.008642442524433136
6250,27.0,977,1.3066494464874268,,,0.012914350256323814
6251,31.0,1199,1.595627784729004,,,0.012557629495859146
6252,16.0,634,0.8538978099822998,,,0.007265851367264986
6253,29.0,1069,1.4323103427886963,,,0.01074939500540495
6254,31.0,1223,1.6291108131408691,,,0.017232073470950127
6255,23.0,950,1.2857520580291748,,,0.009272844530642033
6256,29.0,1110,1.495988368988037,,,0.014740669168531895
6257,21.0,768,1.0494916439056396,,,0.026297880336642265
6258,26.0,1098,1.489901065826416,,,0.013634661212563515
6259,23.0,789,1.0795371532440186,,,0.010143990628421307
6260,29.0,1037,1.4069321155548096,,,0.013274436816573143
6261,31.0,1213,1.6397383213043213,,,0.010309084318578243
6262,23.0,808,1.1020286083221436,,,0.011247175745666027
6263,33.0,1103,1.4835255146026611,,,0.008478356525301933
6264,55.0,1749,2.3609652519226074,,,0.012865154072642326
6265,25.0,877,1.1985728740692139,,,0.019501833245158195
6266,22.0,986,1.3466227054595947,,,0.009486311115324497
6267,19.0,858,1.1744418144226074,,,0.008525734767317772
6268,31.0,1139,1.5289771556854248,,,0.004758532624691725
6269,16.0,799,1.0984570980072021,,,0.015387780964374542
6270,31.0,1415,1.9158308506011963,,,0.008104083128273487
6271,19.0,853,1.1643943786621094,,,0.006078125908970833
6272,31.0,1248,1.6772058010101318,,,0.008693165145814419
6273,29.0,1173,1.5812475681304932,,,0.009021147154271603
6274,15.0,757,1.0451393127441406,,,0.006939479149878025
6275,28.0,1330,1.8005938529968262,,,0.009136608801782131
6276,22.0,742,1.0106194019317627,,,0.012184033170342445
6277,32.0,1172,1.582918405532837,,,0.01020208839327097
6278,21.0,823,1.125575304031372,,,0.014433060772716999
6279,26.0,1017,1.3917813301086426,,,0.009012156166136265
6280,29.0,1260,1.70078706741333,,,0.03223123028874397
6281,29.0,1058,1.4284167289733887,,,0.005739570129662752
6282,26.0,924,1.2530274391174316,,,0.012013640254735947
6283,18.0,857,1.1694800853729248,,,0.009531118907034397
6284,24.0,995,1.3593058586120605,,,0.005465399473905563
6285,33.0,1245,1.6666975021362305,,,0.02479386329650879
6286,24.0,971,1.3076114654541016,,,0.009945586323738098
6287,32.0,1309,1.7354421615600586,,,0.010849006474018097
6288,32.0,1220,1.620903491973877,,,0.00830085389316082
6289,15.0,621,0.851799726486206,,,0.007151775527745485
6290,28.0,1189,1.6076982021331787,,,0.011996746063232422
6291,29.0,998,1.3605809211730957,,,0.011254366487264633
6292,31.0,1093,1.4884490966796875,,,0.00955167505890131
6293,30.0,1350,1.8363463878631592,,,0.005712324287742376
6294,38.0,1456,1.9703173637390137,,,0.008550047874450684
6295,31.0,1379,1.846642017364502,,,0.012032955884933472
6296,27.0,974,1.31834077835083,,,0.017293572425842285
6297,31.0,1218,1.6414692401885986,,,0.007364572957158089
6298,32.0,1252,1.693518877029419,,,0.022886179387569427
6299,30.0,1315,1.768073320388794,,,0.008066517300903797
6300,26.0,1094,1.4756717681884766,,,0.0077833011746406555
6301,34.0,1261,1.6909847259521484,,,0.005113568156957626
6302,20.0,853,1.1643035411834717,,,0.00960593856871128
6303,23.0,919,1.2438840866088867,,,0.007085131946951151
6304,20.0,717,0.9844133853912354,,,0.012591809965670109
6305,17.0,848,1.1599524021148682,,,0.007332011125981808
6306,21.0,751,1.0189824104309082,,,0.019082117825746536
6307,26.0,1121,1.4952571392059326,,,0.00988722313195467
6308,29.0,921,1.2290966510772705,,,0.011918683536350727
6309,31.0,1189,1.5790586471557617,,,0.008363126777112484
6310,26.0,1088,1.4777562618255615,,,0.02118079550564289
6311,31.0,1277,1.7205862998962402,,,0.02770286053419113
6312,21.0,824,1.1131236553192139,,,0.027648111805319786
6313,24.0,939,1.2810068130493164,,,0.0099244499579072
6314,7.0,656,0.894737958908081,,,0.013540918938815594
6315,23.0,989,1.3278460502624512,,,0.010847989469766617
6316,16.0,679,0.9113504886627197,,,0.009059840813279152
6317,33.0,1136,1.5108866691589355,,,0.02191178873181343
6318,25.0,955,1.2798831462860107,,,0.007099516224116087
6319,27.0,852,1.1468420028686523,,,0.02361801452934742
6320,23.0,845,1.139601707458496,,,0.011936547234654427
6321,31.0,1120,1.5301268100738525,,,0.01176769845187664
6322,22.0,1107,1.4871528148651123,,,0.00917702354490757
6323,20.0,681,0.9182040691375732,,,0.012292481027543545
6324,21.0,973,1.3182590007781982,,,0.013040044344961643
6325,26.0,1033,1.389784574508667,,,0.0057541378773748875
6326,28.0,1057,1.4119174480438232,,,0.009086930193006992
6327,29.0,1015,1.3752005100250244,,,0.007350118365138769
6328,31.0,1068,1.437103509902954,,,0.008575860410928726
6329,27.0,989,1.3398842811584473,,,0.008705130778253078
6330,28.0,1097,1.4854683876037598,,,0.009865802712738514
6331,22.0,819,1.1221024990081787,,,0.018743375316262245
6332,28.0,1159,1.5782740116119385,,,0.010488918982446194
6333,27.0,1146,1.5503215789794922,,,0.014828312210738659
6334,31.0,1241,1.6663267612457275,,,0.014579582028090954
6335,29.0,1139,1.522782325744629,,,0.004148394800722599
6336,31.0,1303,1.7461533546447754,,,0.009049220941960812
6337,23.0,805,1.0818088054656982,,,0.009102867916226387
6338,27.0,864,1.1647067070007324,,,0.01636463962495327
6339,18.0,913,1.2358839511871338,,,0.0065645272843539715
6340,30.0,1167,1.5636770725250244,,,0.003948468714952469
6341,26.0,1010,1.3634412288665771,,,0.005431500729173422
6342,29.0,1415,1.892263412475586,,,0.009036482311785221
6343,26.0,1039,1.4004542827606201,,,0.005971614271402359
6344,33.0,1003,1.3596854209899902,,,0.008353956043720245
6345,16.0,814,1.1206512451171875,,,0.015857085585594177
6346,30.0,1315,1.7627620697021484,,,0.006315526552498341
6347,33.0,1107,1.4935991764068604,,,0.013153975829482079
6348,32.0,1319,1.764327049255371,,,0.010668355971574783
6349,28.0,1269,1.6999623775482178,,,0.007354259490966797
6350,24.0,991,1.3459200859069824,,,0.012702731415629387
6351,21.0,866,1.1805636882781982,,,0.022432168945670128
6352,21.0,811,1.104071855545044,,,0.014829568564891815
6353,28.0,1290,1.7307155132293701,,,0.009075990878045559
6354,29.0,989,1.3295283317565918,,,0.011307133361697197
6355,28.0,1156,1.5526087284088135,,,0.013311292976140976
6356,28.0,1225,1.6565825939178467,,,0.0059153190813958645
6357,28.0,1143,1.5432558059692383,,,0.029393035918474197
6358,20.0,743,1.0170185565948486,,,0.016751691699028015
6359,23.0,852,1.142313003540039,,,0.008006904274225235
6360,26.0,859,1.1573901176452637,,,0.005005007144063711
6361,29.0,1111,1.507676601409912,,,0.005677195265889168
6362,30.0,1333,1.8028297424316406,,,0.015127241611480713
6363,29.0,1188,1.6093308925628662,,,0.005998509470373392
6364,19.0,735,1.005969762802124,,,0.010205553844571114
6365,33.0,1278,1.7143425941467285,,,0.0042721666395664215
6366,32.0,1343,1.811955213546753,,,0.008941484615206718
6367,28.0,1050,1.419511318206787,,,0.008756064809858799
6368,27.0,1097,1.483396291732788,,,0.02558809146285057
6369,29.0,1268,1.7169945240020752,,,0.016909267753362656
6370,21.0,909,1.2410213947296143,,,0.009399143978953362
6371,31.0,1047,1.4075679779052734,,,0.016331778839230537
6372,29.0,1108,1.480724573135376,,,0.010072575882077217
6373,25.0,1019,1.383939266204834,,,0.012325203977525234
6374,26.0,1101,1.4694805145263672,,,0.016540322452783585
6375,24.0,1050,1.4337964057922363,,,0.009970980696380138
6376,26.0,939,1.286855936050415,,,0.005519524682313204
6377,27.0,1007,1.3715918064117432,,,0.010159228928387165
6378,27.0,829,1.1316273212432861,,,0.010784042999148369
6379,22.0,910,1.2276995182037354,,,0.006514281500130892
6380,28.0,991,1.319303274154663,,,0.022870710119605064
6381,30.0,1218,1.663048267364502,,,0.011482903733849525
6382,31.0,1189,1.5983097553253174,,,0.011537778191268444
6383,32.0,1395,1.8753902912139893,,,0.009320639073848724
6384,27.0,1212,1.6410598754882812,,,0.006223597563803196
6385,27.0,1057,1.4360003471374512,,,0.009396185167133808
6386,18.0,867,1.1976969242095947,,,0.007564182858914137
6387,21.0,881,1.2099246978759766,,,0.005129153840243816
6388,12.0,629,0.8612210750579834,,,0.01157982088625431
6389,26.0,1136,1.5418193340301514,,,0.00939018465578556
6390,31.0,1164,1.5679631233215332,,,0.014931214042007923
6391,27.0,1072,1.4562649726867676,,,0.009316395036876202
6392,33.0,1237,1.6629862785339355,,,0.010866151191294193
6393,32.0,1377,1.8550260066986084,,,0.012108208611607552
6394,32.0,1327,1.7826063632965088,,,0.011977466754615307
6395,30.0,1403,1.8932194709777832,,,0.007968076504766941
6396,25.0,929,1.2670214176177979,,,0.008451591245830059
6397,44.0,1786,2.411834239959717,,,0.010491445660591125
6398,26.0,831,1.1297965049743652,,,0.008410051465034485
6399,27.0,1033,1.4058351516723633,,,0.011000873520970345
6400,29.0,1187,1.6016807556152344,,,0.011267635971307755
6401,31.0,1208,1.620295763015747,,,0.01526049617677927
6402,33.0,1286,1.7392604351043701,,,0.03886177018284798
6403,26.0,867,1.1757490634918213,,,0.007929537445306778
6404,22.0,861,1.17010498046875,,,0.019619543105363846
6405,29.0,1231,1.6579258441925049,,,0.009816274046897888
6406,19.0,851,1.149165391921997,,,0.010306483134627342
6407,26.0,1121,1.499535322189331,,,0.012048272415995598
6408,32.0,1231,1.633483648300171,,,0.012874851003289223
6409,16.0,616,0.8356406688690186,,,0.012660376727581024
6410,23.0,1011,1.358222484588623,,,0.013394679874181747
6411,43.0,1456,1.9534847736358643,,,0.006350475829094648
6412,27.0,889,1.2002458572387695,,,0.010024674236774445
6413,27.0,1215,1.634751796722412,,,0.012024106457829475
6414,32.0,1080,1.4436256885528564,,,0.007526158820837736
6415,11.0,735,0.9958631992340088,,,0.007516827899962664
6416,31.0,1192,1.5832221508026123,,,0.007573262322694063
6417,15.0,713,0.9655609130859375,,,0.012399980798363686
6418,30.0,1255,1.6618082523345947,,,0.00844061654061079
6419,31.0,1118,1.5082261562347412,,,0.009084497578442097
6420,21.0,721,0.9915258884429932,,,0.012413935735821724
6421,19.0,783,1.0761964321136475,,,0.008911755867302418
6422,26.0,917,1.2394022941589355,,,0.00994413997977972
6423,28.0,1185,1.5836117267608643,,,0.007972090505063534
6424,31.0,1531,2.0752437114715576,,,0.008767298422753811
6425,24.0,924,1.2523155212402344,,,0.006914734374731779
6426,26.0,914,1.246579647064209,,,0.0053105768747627735
6427,29.0,1295,1.7468631267547607,,,0.00872613675892353
6428,24.0,951,1.29569673538208,,,0.011565477587282658
6429,31.0,1051,1.4110240936279297,,,0.006261175498366356
6430,32.0,1226,1.6654126644134521,,,0.013345789164304733
6431,28.0,1043,1.4072849750518799,,,0.01205997820943594
6432,30.0,1445,1.9353101253509521,,,0.009125536307692528
6433,26.0,976,1.3107600212097168,,,0.010749103501439095
6434,22.0,685,0.928947925567627,,,0.01642856001853943
6435,26.0,900,1.2197904586791992,,,0.008293697610497475
6436,27.0,1181,1.5937073230743408,,,0.016351861879229546
6437,31.0,1429,1.9063615798950195,,,0.01310741063207388
6438,14.0,844,1.139082431793213,,,0.01035844162106514
6439,28.0,1168,1.5578012466430664,,,0.0073996251448988914
6440,28.0,1228,1.6465344429016113,,,0.010232950560748577
6441,27.0,1010,1.347783088684082,,,0.016121605411171913
6442,31.0,1214,1.6188650131225586,,,0.005086896941065788
6443,29.0,1187,1.586073398590088,,,0.008938158862292767
6444,34.0,1384,1.8528366088867188,,,0.014799455180764198
6445,28.0,1247,1.6677193641662598,,,0.013213695958256721
6446,32.0,1273,1.7272424697875977,,,0.009274506010115147
6447,29.0,1149,1.5469212532043457,,,0.014054324477910995
6448,28.0,1049,1.4299640655517578,,,0.0085299676284194
6449,29.0,1203,1.6334729194641113,,,0.02913784794509411
6450,30.0,1090,1.4611022472381592,,,0.009572486393153667
6451,30.0,1205,1.6119213104248047,,,0.013216967694461346
6452,31.0,1477,1.9722070693969727,,,0.012673867866396904
6453,31.0,1079,1.4531357288360596,,,0.00665141548961401
6454,17.0,911,1.2389869689941406,,,0.009887119755148888
6455,31.0,1125,1.4995498657226562,,,0.011361825279891491
6456,20.0,729,0.9841368198394775,,,0.01578282192349434
6457,31.0,1321,1.759429931640625,,,0.03245793655514717
6458,29.0,1183,1.6052842140197754,,,0.008605035953223705
6459,27.0,851,1.1576108932495117,,,0.010145529173314571
6460,30.0,1075,1.4540326595306396,,,0.010682845488190651
6461,23.0,963,1.3157401084899902,,,0.007620073854923248
6462,20.0,740,1.0076513290405273,,,0.009367215447127819
6463,32.0,1257,1.6956572532653809,,,0.010444020852446556
6464,31.0,1225,1.6502134799957275,,,0.006820837035775185
6465,28.0,1043,1.421118974685669,,,0.01357359904795885
6466,32.0,1337,1.7995293140411377,,,0.005507135298103094
6467,20.0,817,1.107604742050171,,,0.010046383365988731
6468,26.0,1122,1.5086121559143066,,,0.016189826652407646
6469,32.0,1347,1.8004283905029297,,,0.008376971818506718
6470,20.0,742,1.0150878429412842,,,0.010963240638375282
6471,32.0,1393,1.8820204734802246,,,0.00722533417865634
6472,29.0,1059,1.435753583908081,,,0.013161061331629753
6473,25.0,812,1.1098153591156006,,,0.011854348704218864
6474,32.0,1281,1.7156484127044678,,,0.01757553592324257
6475,25.0,1114,1.4912021160125732,,,0.010441193357110023
6476,32.0,1167,1.5756587982177734,,,0.0105958366766572
6477,32.0,1179,1.597038745880127,,,0.008670647628605366
6478,29.0,1047,1.4228627681732178,,,0.006360942032188177
6479,24.0,1069,1.463667869567871,,,0.012633946724236012
6480,27.0,944,1.2717299461364746,,,0.0065595051273703575
6481,28.0,918,1.2512049674987793,,,0.012596252374351025
6482,31.0,1198,1.6067993640899658,,,0.010795872658491135
6483,29.0,1114,1.5028090476989746,,,0.018168753013014793
6484,24.0,987,1.3223466873168945,,,0.0058521791361272335
6485,27.0,1217,1.6273655891418457,,,0.022611383348703384
6486,24.0,875,1.1741726398468018,,,0.012980238534510136
6487,32.0,1373,1.8490307331085205,,,0.011458611115813255
6488,28.0,1034,1.4119150638580322,,,0.009114578366279602
6489,32.0,1094,1.4726250171661377,,,0.01641947217285633
6490,32.0,1264,1.6888692378997803,,,0.007644416764378548
6491,26.0,1169,1.572713851928711,,,0.00816205982118845
6492,21.0,1037,1.406240701675415,,,0.011091888882219791
6493,32.0,1209,1.6160244941711426,,,0.013870062306523323
6494,32.0,1228,1.641714334487915,,,0.006480762269347906
6495,29.0,1241,1.679616928100586,,,0.005410254932940006
6496,33.0,1322,1.771590232849121,,,0.009132585488259792
6497,30.0,1028,1.3816337585449219,,,0.008921128697693348
6498,30.0,1215,1.628331184387207,,,0.007849135436117649
6499,33.0,1090,1.453111171722412,,,0.011178256943821907
6500,10.0,617,0.8356931209564209,,,0.005232710391283035
6501,33.0,1010,1.3421399593353271,,,0.011839437298476696
6502,31.0,1311,1.7412190437316895,,,0.01874382235109806
6503,31.0,1214,1.611217737197876,,,0.0070878248661756516
6504,27.0,1003,1.3443939685821533,,,0.026957616209983826
6505,26.0,973,1.3040647506713867,,,0.0065073673613369465
6506,30.0,1292,1.7336959838867188,,,0.007284875493496656
6507,29.0,1012,1.3606798648834229,,,0.010770064778625965
6508,26.0,981,1.3242847919464111,,,0.017597662284970284
6509,30.0,1065,1.4452433586120605,,,0.010727886110544205
6510,25.0,1003,1.358900547027588,,,0.011998197995126247
6511,29.0,1303,1.7327735424041748,,,0.047771286219358444
6512,32.0,1174,1.5810539722442627,,,0.006240676157176495
6513,26.0,1049,1.4147720336914062,,,0.028911367058753967
6514,42.0,1472,1.980705738067627,,,0.010569383390247822
6515,25.0,1239,1.6869611740112305,,,0.012110867537558079
6516,31.0,1130,1.5229477882385254,,,0.0069761876948177814
6517,36.0,1338,1.8053209781646729,,,0.022674445062875748
6518,29.0,1087,1.462141752243042,,,0.00863670464605093
6519,29.0,1111,1.488825798034668,,,0.011246860027313232
6520,28.0,1273,1.704897165298462,,,0.006465862039476633
6521,29.0,1041,1.4143638610839844,,,0.008474419824779034
6522,30.0,1087,1.4625909328460693,,,0.010656354948878288
6523,33.0,1215,1.638761281967163,,,0.007298789452761412
6524,31.0,1317,1.7699165344238281,,,0.0172758586704731
6525,31.0,1218,1.642221212387085,,,0.006908762734383345
6526,31.0,1149,1.5534629821777344,,,0.016873499378561974
6527,29.0,1197,1.6177196502685547,,,0.011964679695665836
6528,21.0,891,1.214620590209961,,,0.005456536076962948
6529,30.0,969,1.3082301616668701,,,0.017646467313170433
6530,22.0,723,0.9646782875061035,,,0.005807060282677412
6531,29.0,1137,1.513364315032959,,,0.005305530037730932
6532,29.0,1223,1.6278765201568604,,,0.011353908106684685
6533,31.0,1146,1.5339117050170898,,,0.007090345490723848
6534,27.0,816,1.0982599258422852,,,0.014716167002916336
6535,32.0,1173,1.5659232139587402,,,0.027679353952407837
6536,33.0,1300,1.7449793815612793,,,0.009438972920179367
6537,28.0,1219,1.6212332248687744,,,0.014688204042613506
6538,31.0,981,1.3149445056915283,,,0.00978348683565855
6539,32.0,1390,1.848841905593872,,,0.008800516836345196
6540,30.0,1222,1.6286866664886475,,,0.009645619429647923
6541,30.0,1221,1.6315221786499023,,,0.010912044905126095
6542,32.0,1238,1.6443822383880615,,,0.008279181085526943
6543,31.0,1029,1.3798482418060303,,,0.0108632892370224
6544,29.0,1165,1.5494530200958252,,,0.007000667974352837
6545,25.0,949,1.2825069427490234,,,0.009542328305542469
6546,32.0,1042,1.3825089931488037,,,0.00731441518291831
6547,40.0,1343,1.8022003173828125,,,0.010175319388508797
6548,30.0,1247,1.6547491550445557,,,0.015140267089009285
6549,21.0,833,1.1166565418243408,,,0.011390982195734978
6550,31.0,1148,1.5488700866699219,,,0.009880085475742817
6551,18.0,734,1.0012564659118652,,,0.008222712203860283
6552,23.0,794,1.0804901123046875,,,0.006075047422200441
6553,25.0,997,1.3550925254821777,,,0.007458496373146772
6554,39.0,1678,2.2667438983917236,,,0.03468538075685501
6555,41.0,1347,1.8185374736785889,,,0.01720256172120571
6556,33.0,1290,1.7385995388031006,,,0.009875203482806683
6557,29.0,1099,1.4770848751068115,,,0.012545531615614891
6558,32.0,1225,1.6280694007873535,,,0.013950818218290806
6559,32.0,1240,1.6573164463043213,,,0.013816909864544868
6560,32.0,1433,1.9106500148773193,,,0.004802283365279436
6561,30.0,1266,1.7091176509857178,,,0.011975494213402271
6562,27.0,923,1.2332236766815186,,,0.0071808514185249805
6563,30.0,1069,1.430131196975708,,,0.020825793966650963
6564,31.0,1256,1.6848630905151367,,,0.011216303333640099
6565,32.0,1502,2.021848440170288,,,0.011359577998518944
6566,32.0,1288,1.7335734367370605,,,0.010033627972006798
6567,28.0,1219,1.6328802108764648,,,0.015598958358168602
6568,32.0,1326,1.7832679748535156,,,0.008229520171880722
6569,30.0,1119,1.5023043155670166,,,0.020792284980416298
6570,44.0,1862,2.5024971961975098,,,0.013863462954759598
6571,32.0,1159,1.5628774166107178,,,0.010591906495392323
6572,33.0,1213,1.624190330505371,,,0.008154298178851604
6573,31.0,1021,1.3787295818328857,,,0.008635761216282845
6574,28.0,920,1.254218578338623,,,0.009830055758357048
6575,13.0,545,0.740551233291626,,,0.015870792791247368
6576,35.0,1381,1.8648693561553955,,,0.011006280779838562
6577,28.0,1215,1.6273725032806396,,,0.006248133722692728
6578,31.0,1334,1.7932605743408203,,,0.008876785635948181
6579,31.0,1098,1.470794439315796,,,0.010663218796253204
6580,30.0,1118,1.4993484020233154,,,0.013551253825426102
6581,32.0,1281,1.698725700378418,,,0.003332677762955427
6582,27.0,980,1.314969539642334,,,0.017158344388008118
6583,30.0,1250,1.6766395568847656,,,0.005693653132766485
6584,20.0,1057,1.435474157333374,,,0.009134079329669476
6585,29.0,1019,1.3733649253845215,,,0.009781629778444767
6586,26.0,963,1.3109867572784424,,,0.010907149873673916
6587,28.0,1153,1.5628516674041748,,,0.007376241032034159
6588,16.0,661,0.9044556617736816,,,0.00803010817617178
6589,32.0,1237,1.67354416847229,,,0.008601720444858074
6590,24.0,935,1.2636921405792236,,,0.008385698311030865
6591,26.0,1063,1.4411373138427734,,,0.010944277048110962
6592,24.0,1012,1.3737504482269287,,,0.0050629195757210255
6593,31.0,977,1.326052188873291,,,0.014985635876655579
6594,23.0,851,1.1534850597381592,,,0.004469036124646664
6595,32.0,1110,1.4909398555755615,,,0.013808708637952805
6596,26.0,959,1.3039188385009766,,,0.010064222849905491
6597,30.0,1123,1.5119221210479736,,,0.010335439816117287
6598,29.0,1111,1.5056641101837158,,,0.010552517138421535
6599,24.0,906,1.230684518814087,,,0.006769830826669931
6600,27.0,1191,1.6024580001831055,,,0.011720379814505577
6601,29.0,1157,1.5574240684509277,,,0.0073996358551084995
6602,21.0,789,1.0582170486450195,,,0.007001957390457392
6603,32.0,1229,1.6333274841308594,,,0.00858446303755045
6604,32.0,1305,1.7296981811523438,,,0.00532747246325016
6605,53.0,1977,2.642580032348633,,,0.01117110624909401
6606,27.0,889,1.1995728015899658,,,0.010295761749148369
6607,21.0,789,1.0610272884368896,,,0.012049391865730286
6608,29.0,1153,1.5399940013885498,,,0.005947978235781193
6609,21.0,757,1.0207619667053223,,,0.014831284061074257
6610,22.0,737,0.9899840354919434,,,0.00520738773047924
6611,32.0,1251,1.6584956645965576,,,0.011475520208477974
6612,31.0,1330,1.7696857452392578,,,0.010045033879578114
6613,34.0,1057,1.4142887592315674,,,0.0053668576292693615
6614,37.0,1232,1.6543655395507812,,,0.0064976452849805355
6615,31.0,1164,1.5507588386535645,,,0.008357590064406395
6616,32.0,1495,1.9917056560516357,,,0.02330513671040535
6617,28.0,1003,1.3681917190551758,,,0.006618133280426264
6618,22.0,1009,1.3762612342834473,,,0.037070609629154205
6619,31.0,1456,1.9415717124938965,,,0.01731157675385475
6620,27.0,1161,1.5620951652526855,,,0.005562734790146351
6621,30.0,1355,1.819958209991455,,,0.034930869936943054
6622,21.0,799,1.081120491027832,,,0.007777805905789137
6623,32.0,1384,1.8560020923614502,,,0.0073747048154473305
6624,27.0,1189,1.5868849754333496,,,0.005793027114123106
6625,18.0,775,1.0616390705108643,,,0.009876012802124023
6626,23.0,878,1.1883959770202637,,,0.0041616833768785
6627,30.0,1214,1.6278045177459717,,,0.008784662932157516
6628,32.0,1241,1.6722235679626465,,,0.008854352869093418
6629,20.0,758,1.0311570167541504,,,0.01237784419208765
6630,29.0,1101,1.4790372848510742,,,0.0188532043248415
6631,25.0,843,1.1432642936706543,,,0.007879556156694889
6632,27.0,889,1.2060961723327637,,,0.00792672298848629
6633,27.0,970,1.3088665008544922,,,0.006575093138962984
6634,25.0,861,1.1767516136169434,,,0.009397783316671848
6635,30.0,1278,1.7157349586486816,,,0.005246803630143404
6636,20.0,999,1.3617396354675293,,,0.013886643573641777
6637,30.0,1364,1.835831642150879,,,0.009143485687673092
6638,38.0,1649,2.228170394897461,,,0.005193212069571018
6639,18.0,785,1.068824052810669,,,0.008546716533601284
6640,23.0,963,1.3098127841949463,,,0.011720639653503895
6641,28.0,1105,1.4948575496673584,,,0.018922893330454826
6642,25.0,914,1.241121530532837,,,0.004846259485930204
6643,32.0,1499,2.016322374343872,,,0.009877892211079597
6644,16.0,601,0.8250768184661865,,,0.013288821093738079
6645,24.0,815,1.1075584888458252,,,0.009207160212099552
6646,33.0,1375,1.8232824802398682,,,0.013402657583355904
6647,23.0,775,1.0368752479553223,,,0.008325382135808468
6648,29.0,1120,1.484950065612793,,,0.013973377645015717
6649,31.0,1030,1.379011631011963,,,0.004052167758345604
6650,29.0,849,1.1413235664367676,,,0.008790754713118076
6651,33.0,1102,1.4634625911712646,,,0.008674448356032372
6652,29.0,1208,1.6112468242645264,,,0.015416665934026241
6653,32.0,1382,1.859093427658081,,,0.0051126922480762005
6654,28.0,1189,1.5963857173919678,,,0.011755269952118397
6655,26.0,1194,1.608821153640747,,,0.010941581800580025
6656,27.0,853,1.1620852947235107,,,0.009249805472791195
6657,40.0,1663,2.2396085262298584,,,0.005949036683887243
6658,30.0,1285,1.731006383895874,,,0.011274471879005432
6659,31.0,1304,1.7583436965942383,,,0.010454359464347363
6660,30.0,1067,1.4266643524169922,,,0.004927093628793955
6661,26.0,811,1.0985629558563232,,,0.00996811967343092
6662,17.0,807,1.1037569046020508,,,0.030563633888959885
6663,22.0,826,1.1239750385284424,,,0.015843376517295837
6664,30.0,1254,1.6833016872406006,,,0.005513030104339123
6665,29.0,1155,1.557044267654419,,,0.010628490708768368
6666,31.0,1401,1.8857133388519287,,,0.019517678767442703
6667,29.0,1190,1.6009786128997803,,,0.005618423223495483
6668,30.0,1266,1.7006316184997559,,,0.010321900248527527
6669,19.0,975,1.3298661708831787,,,0.011564102955162525
6670,31.0,1195,1.6084051132202148,,,0.010441338643431664
6671,33.0,1289,1.7297248840332031,,,0.016682546585798264
6672,32.0,1297,1.7394897937774658,,,0.01807525008916855
6673,28.0,1108,1.4963455200195312,,,0.009670628234744072
6674,31.0,1149,1.553194284439087,,,0.0126904072239995
6675,31.0,1320,1.763580322265625,,,0.006642946507781744
6676,36.0,1558,2.1023788452148438,,,0.02069518342614174
6677,17.0,767,1.0538489818572998,,,0.007015379145741463
6678,18.0,651,0.8889572620391846,,,0.004187691491097212
6679,27.0,1186,1.6030957698822021,,,0.010711941868066788
6680,28.0,971,1.3142931461334229,,,0.015010889619588852
6681,20.0,817,1.1147704124450684,,,0.007294903974980116
6682,28.0,1161,1.5536701679229736,,,0.006095244083553553
6683,19.0,794,1.07163667678833,,,0.011632426641881466
6684,31.0,1016,1.359344482421875,,,0.010468656197190285
6685,32.0,1288,1.7194583415985107,,,0.017728889361023903
6686,29.0,1023,1.3801963329315186,,,0.0074306512251496315
6687,24.0,947,1.2939274311065674,,,0.009675492532551289
6688,25.0,867,1.1779398918151855,,,0.006146920844912529
6689,24.0,1019,1.3831615447998047,,,0.0066933222115039825
6690,32.0,1175,1.5784435272216797,,,0.009410152211785316
6691,32.0,1310,1.7453882694244385,,,0.011184767819941044
6692,26.0,877,1.183762788772583,,,0.00954377930611372
6693,23.0,993,1.3483996391296387,,,0.010031036101281643
6694,30.0,1266,1.6979131698608398,,,0.014102634973824024
6695,25.0,861,1.1689682006835938,,,0.005021959543228149
6696,32.0,1257,1.6858906745910645,,,0.015277815982699394
6697,31.0,1341,1.7931275367736816,,,0.009846441447734833
6698,30.0,951,1.273850679397583,,,0.007868358865380287
6699,32.0,1283,1.721200704574585,,,0.0051058693788945675
6700,27.0,1033,1.4000942707061768,,,0.009465517476201057
6701,28.0,1004,1.3592069149017334,,,0.007797147613018751
6702,28.0,886,1.2026939392089844,,,0.006997094489634037
6703,25.0,836,1.1396102905273438,,,0.009560131467878819
6704,29.0,1193,1.605790376663208,,,0.03007008135318756
6705,42.0,1559,2.1067464351654053,,,0.010518993251025677
6706,25.0,919,1.2501661777496338,,,0.011066412553191185
6707,24.0,817,1.1095726490020752,,,0.005914510227739811
6708,26.0,1274,1.7287673950195312,,,0.012698301114141941
6709,26.0,1110,1.506732702255249,,,0.0072263674810528755
6710,31.0,1150,1.5382652282714844,,,0.019066045060753822
6711,22.0,729,0.9897968769073486,,,0.012663389556109905
6712,31.0,1572,2.1129720211029053,,,0.008807945065200329
6713,28.0,937,1.2755711078643799,,,0.008936977945268154
6714,29.0,1200,1.6130483150482178,,,0.013345780782401562
6715,31.0,1257,1.6894805431365967,,,0.009934083558619022
6716,32.0,1211,1.624394178390503,,,0.0065818591974675655
6717,27.0,1059,1.4258732795715332,,,0.011839397251605988
6718,22.0,978,1.3267247676849365,,,0.005604395177215338
6719,17.0,748,1.0144033432006836,,,0.03224261477589607
6720,27.0,1070,1.4382505416870117,,,0.015783945098519325
6721,23.0,973,1.313688039779663,,,0.007102293893694878
6722,30.0,1110,1.4862101078033447,,,0.011367997154593468
6723,28.0,1021,1.3720037937164307,,,0.013426316902041435
6724,28.0,1027,1.3727357387542725,,,0.004338484723120928
6725,31.0,1156,1.561314582824707,,,0.003967959433794022
6726,45.0,1797,2.42584228515625,,,0.006958524696528912
6727,28.0,982,1.3244023323059082,,,0.01022319495677948
6728,39.0,1477,1.9929754734039307,,,0.011997752822935581
6729,32.0,1353,1.8145763874053955,,,0.009405799210071564
6730,29.0,1101,1.474475383758545,,,0.007805949077010155
6731,29.0,878,1.184110164642334,,,0.010012932121753693
6732,30.0,1325,1.769901990890503,,,0.009483346715569496
6733,33.0,1394,1.854532241821289,,,0.007131088990718126
6734,27.0,884,1.1919012069702148,,,0.010650728829205036
6735,25.0,971,1.3024234771728516,,,0.006362173240631819
6736,28.0,1203,1.6085994243621826,,,0.008884462527930737
6737,37.0,1263,1.6981830596923828,,,0.007580556906759739
6738,32.0,1289,1.7164716720581055,,,0.010029844008386135
6739,32.0,1296,1.7324655055999756,,,0.011396830901503563
6740,28.0,1132,1.5344488620758057,,,0.01992209628224373
6741,32.0,1522,2.0309014320373535,,,0.01253908034414053
6742,30.0,1096,1.4665749073028564,,,0.009200775995850563
6743,30.0,1415,1.8816299438476562,,,0.0204731784760952
6744,28.0,1096,1.4597787857055664,,,0.012425771914422512
6745,19.0,745,1.0035250186920166,,,0.00888682808727026
6746,28.0,1157,1.543456792831421,,,0.006290849298238754
6747,23.0,883,1.1965219974517822,,,0.02714979276061058
6748,32.0,1325,1.7586829662322998,,,0.0062775579281151295
6749,28.0,927,1.247546672821045,,,0.010948466137051582
6750,29.0,1045,1.3875319957733154,,,0.022129839286208153
6751,31.0,1225,1.628126621246338,,,0.008169046603143215
6752,27.0,1053,1.4011952877044678,,,0.015028147026896477
6753,31.0,1153,1.568913221359253,,,0.009970312938094139
6754,29.0,1189,1.613370656967163,,,0.00670204870402813
6755,24.0,945,1.2817339897155762,,,0.011756573803722858
6756,18.0,925,1.253307580947876,,,0.013612202368676662
6757,30.0,1337,1.7984342575073242,,,0.015184052288532257
6758,30.0,1236,1.6467578411102295,,,0.010572145693004131
6759,19.0,725,0.9888708591461182,,,0.013164975680410862
6760,45.0,1557,2.0984108448028564,,,0.01546555757522583
6761,31.0,1472,1.9759197235107422,,,0.009358207695186138
6762,33.0,1482,1.963491678237915,,,0.005673752631992102
6763,23.0,989,1.3269939422607422,,,0.01191522367298603
6764,24.0,835,1.1292846202850342,,,0.00803688820451498
6765,21.0,715,0.9670805931091309,,,0.008472686633467674
6766,23.0,923,1.2413837909698486,,,0.027466706931591034
6767,26.0,969,1.301367998123169,,,0.006248032208532095
6768,28.0,1009,1.359764814376831,,,0.007743788883090019
6769,25.0,1249,1.676647424697876,,,0.005251732189208269
6770,30.0,1258,1.7049665451049805,,,0.005004141479730606
6771,32.0,1175,1.588930606842041,,,0.008626874536275864
6772,27.0,1087,1.4673218727111816,,,0.007639938499778509
6773,31.0,1571,2.099757194519043,,,0.009028870612382889
6774,22.0,753,1.0196545124053955,,,0.007936899550259113
6775,26.0,1091,1.4568204879760742,,,0.018113957718014717
6776,28.0,1120,1.504120111465454,,,0.008099652826786041
6777,32.0,1305,1.7584686279296875,,,0.008622252382338047
6778,31.0,1075,1.4600114822387695,,,0.021386094391345978
6779,35.0,1482,1.9989428520202637,,,0.012327245436608791
6780,32.0,1315,1.7614855766296387,,,0.014754552394151688
6781,32.0,1234,1.650681495666504,,,0.008327022194862366
6782,26.0,947,1.285874843597412,,,0.01847292110323906
6783,31.0,1251,1.6873610019683838,,,0.0067454311065375805
6784,34.0,1269,1.7072067260742188,,,0.01153515838086605
6785,28.0,1130,1.5103976726531982,,,0.03084660694003105
6786,48.0,1844,2.489696741104126,,,0.007685636170208454
6787,28.0,1063,1.444197177886963,,,0.007306072860956192
6788,18.0,1172,1.5920946598052979,,,0.006419680546969175
6789,29.0,1108,1.4875473976135254,,,0.008105358108878136
6790,18.0,753,1.022207260131836,,,0.011608642525970936
6791,30.0,1357,1.8256936073303223,,,0.006094916258007288
6792,13.0,710,0.9717369079589844,,,0.007282483857125044
6793,33.0,1171,1.5794899463653564,,,0.007194792851805687
6794,28.0,1048,1.4200546741485596,,,0.007470720447599888
6795,28.0,1006,1.367039680480957,,,0.014880165457725525
6796,30.0,1087,1.4636855125427246,,,0.008101931773126125
6797,31.0,1108,1.5056018829345703,,,0.01422304566949606
6798,26.0,870,1.1739487648010254,,,0.006877404637634754
6799,32.0,1267,1.6964242458343506,,,0.012014636769890785
6800,32.0,1129,1.5243415832519531,,,0.009758466854691505
6801,25.0,993,1.3519601821899414,,,0.0074282013811171055
6802,19.0,795,1.0816457271575928,,,0.006389056798070669
6803,26.0,1058,1.4308412075042725,,,0.010875478386878967
6804,27.0,1053,1.4299921989440918,,,0.02689228020608425
6805,48.0,2188,2.9455912113189697,,,0.011772011406719685
6806,31.0,1162,1.5640933513641357,,,0.011361058801412582
6807,27.0,1090,1.4698612689971924,,,0.005370979197323322
6808,36.0,1411,1.8989861011505127,,,0.010488254018127918
6809,20.0,1111,1.519301414489746,,,0.006676246877759695
6810,32.0,1017,1.3689029216766357,,,0.010361578315496445
6811,5.0,629,0.862278938293457,,,0.00804696325212717
6812,22.0,795,1.0792813301086426,,,0.01547154225409031
6813,26.0,1155,1.5652945041656494,,,0.018168695271015167
6814,28.0,972,1.3248260021209717,,,0.015431111678481102
6815,28.0,925,1.2438883781433105,,,0.007145857438445091
6816,30.0,1133,1.5251235961914062,,,0.008195048198103905
6817,18.0,765,1.0564196109771729,,,0.011683834716677666
6818,31.0,1187,1.5927395820617676,,,0.008027280680835247
6819,11.0,893,1.2068850994110107,,,0.006370142567902803
6820,30.0,1219,1.6144556999206543,,,0.0070340922102332115
6821,31.0,1187,1.5810339450836182,,,0.010231446474790573
6822,28.0,1210,1.6015160083770752,,,0.010979820974171162
6823,27.0,1321,1.7538175582885742,,,0.015188545919954777
6824,28.0,1051,1.4075896739959717,,,0.010093373246490955
6825,31.0,1071,1.4256610870361328,,,0.010237636044621468
6826,32.0,1286,1.704291820526123,,,0.007267848122864962
6827,33.0,1334,1.777787208557129,,,0.01582912541925907
6828,31.0,1151,1.5354282855987549,,,0.011855246499180794
6829,20.0,771,1.031970739364624,,,0.007598183583468199
6830,29.0,1175,1.569685697555542,,,0.018071720376610756
6831,57.0,1883,2.500725269317627,,,0.012919099070131779
6832,30.0,1003,1.3419339656829834,,,0.012779626064002514
6833,26.0,1095,1.483983039855957,,,0.004163429606705904
6834,34.0,1441,1.9291303157806396,,,0.010368242859840393
6835,27.0,897,1.1972475051879883,,,0.010229171253740788
6836,25.0,755,1.012587070465088,,,0.009176244027912617
6837,32.0,1118,1.5027196407318115,,,0.0062655056826770306
6838,20.0,803,1.0939853191375732,,,0.01215378101915121
6839,18.0,764,1.041625738143921,,,0.014023514464497566
6840,31.0,1417,1.8911359310150146,,,0.007489449344575405
6841,32.0,1349,1.8143157958984375,,,0.02223818376660347
6842,26.0,1063,1.4347202777862549,,,0.01298934780061245
6843,31.0,1384,1.85530424118042,,,0.010853453539311886
6844,32.0,1247,1.6765761375427246,,,0.011851634830236435
6845,29.0,1067,1.437187671661377,,,0.015339645557105541
6846,30.0,1207,1.618361234664917,,,0.007434849627315998
6847,27.0,947,1.2817976474761963,,,0.009924684651196003
6848,21.0,1036,1.415128469467163,,,0.00803384929895401
6849,19.0,712,0.9657938480377197,,,0.011422066949307919
6850,31.0,1330,1.7827858924865723,,,0.011894965544342995
6851,27.0,1183,1.5960028171539307,,,0.006054691504687071
6852,27.0,1053,1.4135653972625732,,,0.011492195539176464
6853,29.0,987,1.3202612400054932,,,0.00997642707079649
6854,26.0,980,1.3102037906646729,,,0.009842018596827984
6855,20.0,725,0.9783957004547119,,,0.00924168061465025
6856,17.0,871,1.1827466487884521,,,0.005696433130651712
6857,33.0,1310,1.7564425468444824,,,0.012330545112490654
6858,31.0,1083,1.4606730937957764,,,0.012792044319212437
6859,19.0,914,1.2423455715179443,,,0.011401956900954247
6860,24.0,1004,1.3629634380340576,,,0.01177047099918127
6861,31.0,1393,1.8776025772094727,,,0.0132378451526165
6862,18.0,945,1.2901344299316406,,,0.013281647115945816
6863,29.0,987,1.3332712650299072,,,0.01057983748614788
6864,32.0,1297,1.7391133308410645,,,0.009705769829452038
6865,23.0,987,1.3366925716400146,,,0.007236894685775042
6866,31.0,1211,1.6162524223327637,,,0.0072134132497012615
6867,27.0,1268,1.7033841609954834,,,0.013096507638692856
6868,17.0,1241,1.6883862018585205,,,0.008345488458871841
6869,31.0,1107,1.4884512424468994,,,0.009686998091638088
6870,30.0,1088,1.4559736251831055,,,0.013503403402864933
6871,30.0,1060,1.4264321327209473,,,0.011746292933821678
6872,27.0,917,1.2422709465026855,,,0.00753365783020854
6873,33.0,1025,1.3751049041748047,,,0.008123062551021576
6874,27.0,1142,1.5216560363769531,,,0.008821114897727966
6875,30.0,1237,1.6708648204803467,,,0.021331708878278732
6876,26.0,977,1.3285491466522217,,,0.008056014776229858
6877,31.0,1115,1.5040700435638428,,,0.00813949853181839
6878,19.0,801,1.0866055488586426,,,0.006402817089110613
6879,40.0,1381,1.858858346939087,,,0.0075356983579695225
6880,31.0,957,1.2803008556365967,,,0.010125642642378807
6881,26.0,1029,1.395111083984375,,,0.020545775070786476
6882,31.0,1212,1.6351664066314697,,,0.008065910078585148
6883,21.0,787,1.0614750385284424,,,0.010408561676740646
6884,30.0,1353,1.8196983337402344,,,0.009775497950613499
6885,28.0,1098,1.4743561744689941,,,0.011005343869328499
6886,28.0,1024,1.3736755847930908,,,0.009873664006590843
6887,29.0,1155,1.5390117168426514,,,0.009496021084487438
6888,27.0,953,1.2707643508911133,,,0.009502141736447811
6889,29.0,1210,1.620054006576538,,,0.012393718585371971
6890,29.0,1199,1.587744951248169,,,0.018231794238090515
6891,28.0,1155,1.5350468158721924,,,0.007708755787461996
6892,27.0,1217,1.6311380863189697,,,0.011633839458227158
6893,32.0,1318,1.7691006660461426,,,0.028692584484815598
6894,27.0,1225,1.6398906707763672,,,0.006661063991487026
6895,29.0,1189,1.6020431518554688,,,0.008343272842466831
6896,27.0,1157,1.5629017353057861,,,0.010071993805468082
6897,27.0,1015,1.3804616928100586,,,0.010591828264296055
6898,24.0,1152,1.5699012279510498,,,0.009958921000361443
6899,19.0,721,0.9793131351470947,,,0.03240566328167915
6900,28.0,1331,1.7920567989349365,,,0.007685543037950993
6901,32.0,1479,1.9946446418762207,,,0.019336331635713577
6902,30.0,1440,1.940032958984375,,,0.014038436114788055
6903,33.0,1530,2.0693063735961914,,,0.010391254909336567
6904,29.0,1159,1.564770221710205,,,0.023620763793587685
6905,29.0,1236,1.662940502166748,,,0.011885339394211769
6906,32.0,1323,1.7775614261627197,,,0.005941623356193304
6907,32.0,1310,1.7633247375488281,,,0.007733843754976988
6908,26.0,1079,1.4650936126708984,,,0.005190758034586906
6909,25.0,925,1.2581822872161865,,,0.01095499750226736
6910,26.0,1109,1.4901630878448486,,,0.013624892570078373
6911,30.0,1212,1.6275818347930908,,,0.007084814365953207
6912,43.0,1927,2.5966684818267822,,,0.009708737954497337
6913,26.0,1181,1.6030316352844238,,,0.009382225573062897
6914,23.0,720,0.9884722232818604,,,0.00659107556566596
6915,32.0,1273,1.6869227886199951,,,0.014562655240297318
6916,31.0,1353,1.7983872890472412,,,0.009144749492406845
6917,31.0,1185,1.582853078842163,,,0.012508180923759937
6918,29.0,1084,1.461961030960083,,,0.009989525191485882
6919,16.0,837,1.1399507522583008,,,0.005282253958284855
6920,30.0,931,1.2623708248138428,,,0.004226365126669407
6921,31.0,1227,1.6509513854980469,,,0.009065091609954834
6922,32.0,1172,1.5752081871032715,,,0.007807017304003239
6923,32.0,1142,1.5418877601623535,,,0.007917488925158978
6924,15.0,826,1.119774580001831,,,0.008851958438754082
6925,28.0,930,1.2592730522155762,,,0.00968042854219675
6926,23.0,929,1.2639741897583008,,,0.007540261838585138
6927,31.0,1163,1.5714614391326904,,,0.012981412932276726
6928,30.0,1401,1.8851392269134521,,,0.019213268533349037
6929,24.0,838,1.142563819885254,,,0.005896780639886856
6930,16.0,737,1.0019164085388184,,,0.014080386608839035
6931,23.0,980,1.329789161682129,,,0.009671254083514214
6932,30.0,1289,1.7295546531677246,,,0.027464525774121284
6933,32.0,1292,1.73691987991333,,,0.007841442711651325
6934,22.0,811,1.1006550788879395,,,0.012094729579985142
6935,45.0,1547,2.0841777324676514,,,0.012399641796946526
6936,35.0,1131,1.521350622177124,,,0.007394075393676758
6937,32.0,1215,1.6304848194122314,,,0.009053656831383705
6938,32.0,1265,1.6974546909332275,,,0.006569461431354284
6939,26.0,924,1.2475566864013672,,,0.015831053256988525
6940,23.0,1027,1.3857197761535645,,,0.005827158223837614
6941,30.0,1109,1.4914839267730713,,,0.015646792948246002
6942,27.0,985,1.3248918056488037,,,0.012387259863317013
6943,21.0,889,1.2071611881256104,,,0.010150782763957977
6944,26.0,925,1.2455120086669922,,,0.02574583701789379
6945,32.0,1351,1.8207452297210693,,,0.004655919037759304
6946,23.0,851,1.1546521186828613,,,0.008402237668633461
6947,32.0,1180,1.5696396827697754,,,0.008597991429269314
6948,28.0,1033,1.3823013305664062,,,0.007214950863271952
6949,22.0,938,1.269700288772583,,,0.007272453047335148
6950,25.0,817,1.1057941913604736,,,0.005824676249176264
6951,31.0,1177,1.5797979831695557,,,0.015268506482243538
6952,27.0,1036,1.407782793045044,,,0.013060747645795345
6953,27.0,1159,1.567467212677002,,,0.006935915909707546
6954,28.0,1065,1.441558599472046,,,0.010996163822710514
6955,25.0,1354,1.8390023708343506,,,0.009387249127030373
6956,29.0,1263,1.7011058330535889,,,0.010333942249417305
6957,51.0,1835,2.4710474014282227,,,0.005970645230263472
6958,27.0,1168,1.5701377391815186,,,0.011987321078777313
6959,27.0,1315,1.7768142223358154,,,0.010968300513923168
6960,27.0,1313,1.7747893333435059,,,0.009953134693205357
6961,31.0,1072,1.4317355155944824,,,0.027010023593902588
6962,35.0,1215,1.6446032524108887,,,0.010569329373538494
6963,31.0,1205,1.6250338554382324,,,0.019607095047831535
6964,32.0,1214,1.643085241317749,,,0.015865551307797432
6965,31.0,1109,1.5013771057128906,,,0.008562040515244007
6966,26.0,905,1.2208361625671387,,,0.004763118922710419
6967,25.0,962,1.301527738571167,,,0.00946265272796154
6968,31.0,1291,1.7367801666259766,,,0.013071448542177677
6969,21.0,839,1.1380202770233154,,,0.011327815242111683
6970,25.0,923,1.2413811683654785,,,0.008915968239307404
6971,30.0,1185,1.6068222522735596,,,0.011707338504493237
6972,29.0,1191,1.5967035293579102,,,0.01290648803114891
6973,30.0,1185,1.5933332443237305,,,0.007256609387695789
6974,30.0,1123,1.510164737701416,,,0.00904455129057169
6975,32.0,1222,1.6544599533081055,,,0.004945921711623669
6976,29.0,1057,1.4372448921203613,,,0.00889949407428503
6977,30.0,1447,1.9397554397583008,,,0.010196924209594727
6978,25.0,999,1.3414559364318848,,,0.012170086614787579
6979,30.0,1337,1.7719342708587646,,,0.01275655347853899
6980,29.0,1095,1.4624643325805664,,,0.01308779139071703
6981,30.0,1205,1.5982279777526855,,,0.010768841952085495
6982,16.0,826,1.110802412033081,,,0.031445980072021484
6983,31.0,1000,1.3324229717254639,,,0.00464608334004879
6984,27.0,974,1.2987570762634277,,,0.004714684095233679
6985,32.0,1357,1.7983479499816895,,,0.007441911846399307
6986,31.0,1215,1.6274161338806152,,,0.00385059742256999
6987,30.0,1263,1.6997897624969482,,,0.007424122653901577
6988,20.0,868,1.1786324977874756,,,0.01306906808167696
6989,34.0,1565,2.0982632637023926,,,0.015850001946091652
6990,30.0,1214,1.6305224895477295,,,0.00776161253452301
6991,28.0,1056,1.4369707107543945,,,0.004568267147988081
6992,22.0,939,1.279585838317871,,,0.01245982013642788
6993,23.0,891,1.2255237102508545,,,0.003811436239629984
6994,30.0,1131,1.5256197452545166,,,0.008991752751171589
6995,30.0,1087,1.4716711044311523,,,0.01172783225774765
6996,32.0,1227,1.6552705764770508,,,0.004903357941657305
6997,30.0,1196,1.6162786483764648,,,0.009037438780069351
6998,22.0,1030,1.3974201679229736,,,0.00934281013906002
6999,31.0,1145,1.5419785976409912,,,0.010728919878602028
7000,27.0,848,1.1556546688079834,,,0.005748779512941837
7001,31.0,1217,1.6352708339691162,,,0.01030685193836689
7002,26.0,961,1.2942836284637451,,,0.0065683932043612
7003,35.0,1309,1.764122724533081,,,0.01310787070542574
7004,28.0,949,1.291914939880371,,,0.014699152670800686
7005,19.0,705,0.9624261856079102,,,0.0068216267973184586
7006,30.0,1131,1.5264320373535156,,,0.012549478560686111
7007,27.0,1189,1.5970513820648193,,,0.010547816753387451
7008,38.0,1667,2.2501087188720703,,,0.017813075333833694
7009,29.0,1082,1.4625244140625,,,0.013974531553685665
7010,27.0,925,1.2561309337615967,,,0.006205215584486723
7011,25.0,996,1.353132724761963,,,0.012240137904882431
7012,24.0,893,1.2106802463531494,,,0.008666465058922768
7013,15.0,880,1.2064788341522217,,,0.008837839588522911
7014,25.0,1004,1.3678648471832275,,,0.006156495306640863
7015,26.0,902,1.2252275943756104,,,0.017542239278554916
7016,26.0,1015,1.3746354579925537,,,0.013643691316246986
7017,29.0,1198,1.6195929050445557,,,0.008369212970137596
7018,36.0,1413,1.8947219848632812,,,0.010148555040359497
7019,30.0,1207,1.631723403930664,,,0.005139586981385946
7020,40.0,1521,2.049600601196289,,,0.007263075560331345
7021,32.0,1135,1.539686918258667,,,0.013103967532515526
7022,29.0,1144,1.5310115814208984,,,0.028554392978549004
7023,26.0,892,1.1949985027313232,,,0.012039847671985626
7024,26.0,972,1.3018076419830322,,,0.007319948170334101
7025,29.0,1121,1.523268461227417,,,0.01049985084682703
7026,26.0,826,1.1256847381591797,,,0.012804261408746243
7027,29.0,1144,1.5371382236480713,,,0.019152190536260605
7028,62.0,2142,2.8909494876861572,,,0.016616957262158394
7029,31.0,1086,1.4570515155792236,,,0.01191152073442936
7030,22.0,795,1.0765759944915771,,,0.010902044363319874
7031,31.0,1117,1.5074188709259033,,,0.0071106222458183765
7032,25.0,1023,1.388946533203125,,,0.009360640309751034
7033,29.0,1073,1.4482250213623047,,,0.0063143447041511536
7034,31.0,1054,1.4004359245300293,,,0.012866671197116375
7035,27.0,966,1.292795181274414,,,0.004809940699487925
7036,27.0,1087,1.4540717601776123,,,0.010964208282530308
7037,22.0,803,1.0910534858703613,,,0.013315817341208458
7038,26.0,1016,1.3804535865783691,,,0.006505719386041164
7039,31.0,1202,1.6250061988830566,,,0.016222532838582993
7040,23.0,871,1.1805469989776611,,,0.013752984814345837
7041,26.0,924,1.2571840286254883,,,0.016437295824289322
7042,24.0,774,1.0535008907318115,,,0.008105085231363773
7043,32.0,1186,1.5675311088562012,,,0.008970042690634727
7044,32.0,1086,1.453153371810913,,,0.01613532565534115
7045,23.0,902,1.2063641548156738,,,0.008556145243346691
7046,32.0,1211,1.6193795204162598,,,0.010894703678786755
7047,27.0,1233,1.6607592105865479,,,0.01088998094201088
7048,30.0,1057,1.427961826324463,,,0.01625501923263073
7049,29.0,1164,1.553969144821167,,,0.02094302512705326
7050,51.0,2062,2.7730560302734375,,,0.01704859547317028
7051,30.0,1451,1.9614794254302979,,,0.030644074082374573
7052,18.0,743,1.0124473571777344,,,0.006452576722949743
7053,27.0,1008,1.3741106986999512,,,0.022477608174085617
7054,16.0,827,1.1256484985351562,,,0.007727157324552536
7055,31.0,1375,1.843595266342163,,,0.008238823153078556
7056,31.0,1010,1.3593003749847412,,,0.0063667274080216885
7057,21.0,821,1.1267659664154053,,,0.007406801916658878
7058,19.0,720,0.9784975051879883,,,0.007083742413669825
7059,29.0,922,1.2446324825286865,,,0.012136212550103664
7060,31.0,1197,1.6094999313354492,,,0.016733694821596146
7061,31.0,1167,1.5688214302062988,,,0.004754174500703812
7062,30.0,1169,1.5811173915863037,,,0.009245066903531551
7063,29.0,992,1.3401813507080078,,,0.007032035384327173
7064,31.0,1091,1.470871925354004,,,0.00654142489656806
7065,28.0,981,1.3345298767089844,,,0.013156890869140625
7066,21.0,802,1.0909922122955322,,,0.012627439573407173
7067,27.0,1044,1.4133222103118896,,,0.009924626909196377
7068,28.0,1028,1.3934972286224365,,,0.02261277474462986
7069,19.0,721,0.9858670234680176,,,0.008037172257900238
7070,23.0,915,1.238889455795288,,,0.013547908514738083
7071,26.0,1030,1.397840976715088,,,0.015070018358528614
7072,28.0,1077,1.4505836963653564,,,0.010664578527212143
7073,32.0,988,1.3128080368041992,,,0.008154564537107944
7074,28.0,958,1.2822353839874268,,,0.013753439299762249
7075,27.0,1063,1.4289803504943848,,,0.006252973806113005
7076,33.0,1221,1.618964672088623,,,0.01026503648608923
7077,27.0,917,1.2303977012634277,,,0.012164607644081116
7078,24.0,970,1.308779239654541,,,0.008731629699468613
7079,29.0,1187,1.6014668941497803,,,0.011113856919109821
7080,30.0,1004,1.3556556701660156,,,0.012363878078758717
7081,30.0,1290,1.743250846862793,,,0.005945347715169191
7082,27.0,1002,1.3566641807556152,,,0.008004259318113327
7083,27.0,803,1.0829570293426514,,,0.011523446068167686
7084,30.0,1427,1.879990816116333,,,0.020749738439917564
7085,30.0,1081,1.4474031925201416,,,0.01748393289744854
7086,30.0,1338,1.7754900455474854,,,0.014806527644395828
7087,30.0,969,1.305943489074707,,,0.010825843550264835
7088,21.0,685,0.9410111904144287,,,0.013322560116648674
7089,34.0,1262,1.7025501728057861,,,0.014279153198003769
7090,24.0,705,0.9533729553222656,,,0.01613556034862995
7091,14.0,608,0.8312761783599854,,,0.012047694064676762
7092,18.0,864,1.173776388168335,,,0.006470650900155306
7093,33.0,1118,1.4957249164581299,,,0.007306491024792194
7094,29.0,1109,1.4777917861938477,,,0.014204399660229683
7095,33.0,1325,1.7713253498077393,,,0.010060932487249374
7096,31.0,1203,1.6148581504821777,,,0.013662252575159073
7097,5.0,639,0.8746612071990967,,,0.0206991545855999
7098,28.0,840,1.141451120376587,,,0.008802853524684906
7099,27.0,921,1.2454404830932617,,,0.014058482833206654
7100,25.0,885,1.1933231353759766,,,0.005595971830189228
7101,22.0,892,1.2109966278076172,,,0.028886329382658005
7102,32.0,1414,1.9035634994506836,,,0.014803520403802395
7103,24.0,959,1.2986562252044678,,,0.011562671512365341
7104,32.0,1085,1.4536693096160889,,,0.012438654899597168
7105,27.0,1061,1.4386212825775146,,,0.004431239794939756
7106,22.0,819,1.1152501106262207,,,0.008078756742179394
7107,30.0,1107,1.4898440837860107,,,0.00972718559205532
7108,28.0,1150,1.5494813919067383,,,0.010950674302875996
7109,39.0,1411,1.9088547229766846,,,0.013141654431819916
7110,30.0,1315,1.7656769752502441,,,0.010097185149788857
7111,40.0,1410,1.9039850234985352,,,0.007847829721868038
7112,27.0,992,1.3439993858337402,,,0.010179152712225914
7113,26.0,865,1.172205924987793,,,0.008698434568941593
7114,28.0,1230,1.6510076522827148,,,0.007884207181632519
7115,33.0,1320,1.7603232860565186,,,0.010987775400280952
7116,28.0,1141,1.5276339054107666,,,0.010433965362608433
7117,25.0,885,1.2017834186553955,,,0.00916924700140953
7118,25.0,999,1.3519160747528076,,,0.009076591581106186
7119,10.0,610,0.830834150314331,,,0.012140166014432907
7120,30.0,1259,1.6900560855865479,,,0.010225092060863972
7121,33.0,1100,1.493922472000122,,,0.009393015876412392
7122,44.0,1501,2.039764881134033,,,0.005630224011838436
7123,32.0,1119,1.503854751586914,,,0.008640719577670097
7124,15.0,775,1.0546255111694336,,,0.007624581456184387
7125,21.0,970,1.3202414512634277,,,0.009266257286071777
7126,29.0,1025,1.37965726852417,,,0.005929882172495127
7127,26.0,1073,1.4517621994018555,,,0.014757886528968811
7128,27.0,1021,1.3840641975402832,,,0.008279560133814812
7129,30.0,1110,1.4893414974212646,,,0.010620309971272945
7130,18.0,771,1.0424582958221436,,,0.022716356441378593
7131,32.0,1193,1.5962519645690918,,,0.01542369183152914
7132,26.0,985,1.325169563293457,,,0.014733404852449894
7133,28.0,1161,1.5774328708648682,,,0.006812847685068846
7134,18.0,673,0.9209377765655518,,,0.008128087036311626
7135,29.0,1279,1.7193052768707275,,,0.0132320960983634
7136,28.0,1060,1.4273741245269775,,,0.005841776728630066
7137,25.0,1101,1.4937245845794678,,,0.00819319300353527
7138,31.0,1149,1.544328212738037,,,0.011312541551887989
7139,30.0,1201,1.6335866451263428,,,0.00936903990805149
7140,30.0,1018,1.3730103969573975,,,0.014453067444264889
7141,32.0,1337,1.7968885898590088,,,0.008309722878038883
7142,31.0,1253,1.685614824295044,,,0.005933430511504412
7143,22.0,754,1.0280578136444092,,,0.011193945072591305
7144,12.0,847,1.154524326324463,,,0.013419771566987038
7145,26.0,1054,1.4394490718841553,,,0.006011606194078922
7146,26.0,1139,1.53773832321167,,,0.014891743659973145
7147,29.0,1079,1.4405617713928223,,,0.00829756073653698
7148,33.0,1303,1.739546298980713,,,0.010056491941213608
7149,23.0,1136,1.5284595489501953,,,0.018078399822115898
7150,30.0,939,1.2744090557098389,,,0.006593156605958939
7151,18.0,770,1.0499966144561768,,,0.015149559825658798
7152,30.0,1091,1.4762935638427734,,,0.007818508893251419
7153,29.0,1063,1.4232053756713867,,,0.011409660801291466
7154,27.0,983,1.3216495513916016,,,0.005997477564960718
7155,27.0,941,1.2604069709777832,,,0.007116412278264761
7156,30.0,1107,1.482637643814087,,,0.015072358772158623
7157,27.0,959,1.2793827056884766,,,0.009949509985744953
7158,24.0,863,1.1773805618286133,,,0.0188307948410511
7159,32.0,1283,1.7355732917785645,,,0.012296047993004322
7160,24.0,1025,1.3985295295715332,,,0.00808636099100113
7161,31.0,1095,1.4809746742248535,,,0.009262911044061184
7162,29.0,985,1.3260867595672607,,,0.008800818584859371
7163,30.0,1107,1.4901611804962158,,,0.01009021233767271
7164,32.0,1183,1.5774049758911133,,,0.01105330791324377
7165,28.0,1079,1.4601187705993652,,,0.01148238405585289
7166,30.0,1287,1.7351641654968262,,,0.014469080604612827
7167,28.0,1029,1.3887965679168701,,,0.008267546072602272
7168,32.0,1525,2.0380032062530518,,,0.006544260773807764
7169,28.0,979,1.3098320960998535,,,0.008273237384855747
7170,33.0,1402,1.8582675457000732,,,0.014553184621036053
7171,26.0,1073,1.4352104663848877,,,0.017911182716488838
7172,31.0,1125,1.4981913566589355,,,0.008349738083779812
7173,30.0,1229,1.6376230716705322,,,0.005237346515059471
7174,17.0,777,1.0503175258636475,,,0.010134263895452023
7175,32.0,1270,1.6848509311676025,,,0.005580326076596975
7176,25.0,858,1.1556119918823242,,,0.01144147478044033
7177,29.0,1138,1.5214462280273438,,,0.01662641577422619
7178,31.0,1090,1.4695398807525635,,,0.008337322622537613
7179,31.0,1083,1.4657511711120605,,,0.01941985823214054
7180,27.0,921,1.247663974761963,,,0.011652534827589989
7181,28.0,1337,1.7943389415740967,,,0.017389586195349693
7182,26.0,1088,1.4552454948425293,,,0.019848983734846115
7183,12.0,681,0.9281830787658691,,,0.015178345143795013
7184,27.0,1147,1.5460379123687744,,,0.005370606668293476
7185,33.0,1163,1.5677673816680908,,,0.007213148288428783
7186,30.0,1161,1.5676021575927734,,,0.011504189111292362
7187,30.0,1017,1.3809216022491455,,,0.004770923871546984
7188,15.0,702,0.963010311126709,,,0.009192297235131264
7189,31.0,1159,1.5646445751190186,,,0.004947330802679062
7190,28.0,1043,1.4038047790527344,,,0.006652673706412315
7191,32.0,1185,1.5996360778808594,,,0.008039002306759357
7192,31.0,1085,1.460660696029663,,,0.00912423711270094
7193,26.0,906,1.2173106670379639,,,0.008086973801255226
7194,22.0,847,1.1543843746185303,,,0.007936705835163593
7195,26.0,1225,1.6508002281188965,,,0.017613310366868973
7196,30.0,1317,1.7681915760040283,,,0.012109021656215191
7197,33.0,1121,1.5138297080993652,,,0.007134993094950914
7198,30.0,1156,1.556572675704956,,,0.02059890143573284
7199,22.0,814,1.1018338203430176,,,0.0327085517346859
7200,31.0,1231,1.6505825519561768,,,0.012671276926994324
7201,30.0,1187,1.5892939567565918,,,0.009847227483987808
7202,31.0,1009,1.3467020988464355,,,0.016993876546621323
7203,25.0,881,1.1761484146118164,,,0.008036867715418339
7204,32.0,1439,1.9193222522735596,,,0.00955444760620594
7205,29.0,1425,1.9265854358673096,,,0.010856091044843197
7206,32.0,1327,1.7824385166168213,,,0.0075084553100168705
7207,31.0,1232,1.656235694885254,,,0.010303618386387825
7208,29.0,1323,1.7811737060546875,,,0.01713654212653637
7209,24.0,943,1.280031681060791,,,0.011261087842285633
7210,28.0,1005,1.362318992614746,,,0.011126316152513027
7211,34.0,1449,1.9447839260101318,,,0.012113931588828564
7212,39.0,1599,2.154954671859741,,,0.00651923893019557
7213,28.0,1217,1.6331944465637207,,,0.007655068300664425
7214,31.0,1055,1.4268240928649902,,,0.006161312572658062
7215,32.0,1246,1.6928651332855225,,,0.008175704628229141
7216,21.0,923,1.2505075931549072,,,0.008534092456102371
7217,40.0,1507,2.0251967906951904,,,0.006493640132248402
7218,26.0,1268,1.7202086448669434,,,0.00745038129389286
7219,32.0,1347,1.8050854206085205,,,0.013916708528995514
7220,29.0,1040,1.4172637462615967,,,0.012123605236411095
7221,25.0,1117,1.5166089534759521,,,0.013553140684962273
7222,32.0,1283,1.727064847946167,,,0.013890659436583519
7223,19.0,666,0.9039132595062256,,,0.014947915449738503
7224,24.0,941,1.2806236743927002,,,0.007204247172921896
7225,21.0,813,1.107755422592163,,,0.010472807101905346
7226,26.0,988,1.3392441272735596,,,0.006205772515386343
7227,29.0,1065,1.4326729774475098,,,0.015727117657661438
7228,28.0,935,1.2678139209747314,,,0.008540693670511246
7229,25.0,948,1.2836024761199951,,,0.009639839641749859
7230,27.0,939,1.2610042095184326,,,0.007215126417577267
7231,29.0,1352,1.8004722595214844,,,0.009979248046875
7232,21.0,1061,1.430525302886963,,,0.012969781644642353
7233,33.0,1210,1.6241741180419922,,,0.004603391047567129
7234,26.0,961,1.3065650463104248,,,0.006214222405105829
7235,18.0,777,1.052117109298706,,,0.012220855802297592
7236,22.0,901,1.2076776027679443,,,0.00784748699516058
7237,28.0,1080,1.4517688751220703,,,0.008419815450906754
7238,31.0,1207,1.6335783004760742,,,0.008682074956595898
7239,30.0,1019,1.3763082027435303,,,0.01478138379752636
7240,33.0,1340,1.8071701526641846,,,0.015928193926811218
7241,29.0,1140,1.5437722206115723,,,0.014206486754119396
7242,30.0,1062,1.4336023330688477,,,0.00594136118888855
7243,29.0,1185,1.5839576721191406,,,0.011697215028107166
7244,30.0,1074,1.4308035373687744,,,0.007063944358378649
7245,21.0,826,1.1278963088989258,,,0.014099194668233395
7246,28.0,1070,1.4528326988220215,,,0.01148875243961811
7247,30.0,1361,1.842444658279419,,,0.009988078847527504
7248,32.0,1241,1.6738784313201904,,,0.01092997845262289
7249,26.0,1180,1.5981223583221436,,,0.010499069467186928
7250,24.0,979,1.3301506042480469,,,0.007426545023918152
7251,24.0,996,1.3414616584777832,,,0.005168241914361715
7252,31.0,1357,1.7987747192382812,,,0.006539890542626381
7253,28.0,921,1.2497942447662354,,,0.01615666039288044
7254,32.0,1279,1.707930326461792,,,0.0040578399784862995
7255,29.0,1085,1.4613816738128662,,,0.009078677743673325
7256,32.0,1339,1.8005149364471436,,,0.007004091516137123
7257,26.0,1066,1.4405322074890137,,,0.010697141289710999
7258,31.0,1155,1.5515084266662598,,,0.010912271216511726
7259,20.0,793,1.080989122390747,,,0.009400577284395695
7260,17.0,668,0.9150917530059814,,,0.03550908342003822
7261,31.0,1127,1.5434362888336182,,,0.03227638080716133
7262,26.0,816,1.1104710102081299,,,0.012805971316993237
7263,26.0,1018,1.3703908920288086,,,0.03396952152252197
7264,25.0,1153,1.5725371837615967,,,0.00968941766768694
7265,29.0,1121,1.5164778232574463,,,0.007338830269873142
7266,30.0,1228,1.6552815437316895,,,0.01484384573996067
7267,25.0,785,1.0704498291015625,,,0.008935890160501003
7268,32.0,1128,1.5179574489593506,,,0.006123874802142382
7269,46.0,1629,2.1949682235717773,,,0.008673607371747494
7270,32.0,1326,1.769099473953247,,,0.009222390130162239
7271,30.0,1114,1.4896552562713623,,,0.0144437775015831
7272,27.0,912,1.2361457347869873,,,0.010811328887939453
7273,25.0,1110,1.4998645782470703,,,0.02534879557788372
7274,58.0,1995,2.6729249954223633,,,0.008378923870623112
7275,30.0,1270,1.7115485668182373,,,0.025197893381118774
7276,30.0,931,1.257145881652832,,,0.008595535531640053
7277,42.0,1613,2.186725616455078,,,0.01283776480704546
7278,27.0,1117,1.5012409687042236,,,0.010844230651855469
7279,30.0,987,1.3162500858306885,,,0.005001448560506105
7280,34.0,1457,1.95668363571167,,,0.01730109378695488
7281,32.0,1253,1.6852538585662842,,,0.009543987922370434
7282,29.0,965,1.2937910556793213,,,0.014079350978136063
7283,20.0,1175,1.592874526977539,,,0.008548987098038197
7284,22.0,828,1.1221349239349365,,,0.021002527326345444
7285,16.0,637,0.8710827827453613,,,0.005182331427931786
7286,22.0,826,1.1159093379974365,,,0.010473978705704212
7287,32.0,1253,1.6742076873779297,,,0.005887238308787346
7288,29.0,1138,1.5228352546691895,,,0.006939587648957968
7289,27.0,1065,1.433318853378296,,,0.01066978182643652
7290,16.0,649,0.8798246383666992,,,0.0036167127545922995
7291,25.0,1138,1.5310728549957275,,,0.008754595182836056
7292,20.0,796,1.0857305526733398,,,0.010531463660299778
7293,19.0,879,1.2021665573120117,,,0.011840115301311016
7294,9.0,770,1.0515437126159668,,,0.010750669986009598
7295,30.0,1117,1.5104641914367676,,,0.007723803166300058
7296,18.0,817,1.1098864078521729,,,0.007750627119094133
7297,28.0,979,1.3248977661132812,,,0.0057226549834012985
7298,26.0,1109,1.4998352527618408,,,0.006679285317659378
7299,29.0,929,1.2650878429412842,,,0.008058438077569008
7300,30.0,1397,1.877917766571045,,,0.01068033091723919
7301,28.0,1112,1.5029029846191406,,,0.009649161249399185
7302,24.0,840,1.1397387981414795,,,0.006505545694380999
7303,16.0,632,0.8647477626800537,,,0.004202596843242645
7304,32.0,1307,1.766977071762085,,,0.005659979768097401
7305,31.0,1083,1.4596936702728271,,,0.01438809372484684
7306,32.0,1285,1.7253572940826416,,,0.01612592115998268
7307,30.0,1107,1.4922888278961182,,,0.008122626692056656
7308,30.0,1114,1.4978373050689697,,,0.014050423167645931
7309,26.0,955,1.297802209854126,,,0.005942562595009804
7310,26.0,1027,1.395902156829834,,,0.012096881866455078
7311,29.0,887,1.2022242546081543,,,0.013468344695866108
7312,31.0,1166,1.570446252822876,,,0.006351087242364883
7313,31.0,1134,1.5328731536865234,,,0.010861502029001713
7314,18.0,801,1.0944230556488037,,,0.011330369859933853
7315,28.0,1155,1.5672199726104736,,,0.010810010135173798
7316,28.0,1137,1.5337934494018555,,,0.041043225675821304
7317,19.0,759,1.044215202331543,,,0.007131893653422594
7318,32.0,1233,1.6417350769042969,,,0.013209952972829342
7319,26.0,1005,1.3484108448028564,,,0.007974978536367416
7320,27.0,1271,1.7079780101776123,,,0.004496041685342789
7321,32.0,1139,1.5325772762298584,,,0.005135953426361084
7322,29.0,926,1.2442240715026855,,,0.010531023144721985
7323,28.0,1113,1.4889748096466064,,,0.022193538025021553
7324,24.0,1049,1.42268705368042,,,0.0037390885408967733
7325,31.0,1116,1.4963462352752686,,,0.006360341794788837
7326,30.0,1087,1.454669713973999,,,0.008736041374504566
7327,29.0,1028,1.3703851699829102,,,0.01085754856467247
7328,29.0,1166,1.5561285018920898,,,0.009273209609091282
7329,24.0,814,1.1156961917877197,,,0.008362691849470139
7330,33.0,1127,1.5271282196044922,,,0.007987425662577152
7331,33.0,1025,1.3866910934448242,,,0.010055169463157654
7332,30.0,1145,1.5467948913574219,,,0.010109593160450459
7333,27.0,826,1.1198172569274902,,,0.004325111396610737
7334,38.0,1382,1.8475062847137451,,,0.008022699505090714
7335,31.0,1090,1.4684810638427734,,,0.005715361330658197
7336,24.0,987,1.3163340091705322,,,0.006890822667628527
7337,29.0,1206,1.6039597988128662,,,0.010008738376200199
7338,31.0,1031,1.3765358924865723,,,0.014003649353981018
7339,28.0,884,1.179656982421875,,,0.011561750434339046
7340,25.0,916,1.2263233661651611,,,0.010897116735577583
7341,29.0,1166,1.5532095432281494,,,0.01673722267150879
7342,31.0,1335,1.7836618423461914,,,0.011821486987173557
7343,27.0,1185,1.5838425159454346,,,0.0063604614697396755
7344,32.0,971,1.316866397857666,,,0.013327104039490223
7345,29.0,1152,1.5382063388824463,,,0.006034676916897297
7346,20.0,855,1.1476414203643799,,,0.012641198933124542
7347,30.0,1059,1.41398024559021,,,0.0050984094850718975
7348,20.0,939,1.2611279487609863,,,0.008108982816338539
7349,31.0,996,1.327657699584961,,,0.01257357094436884
7350,33.0,1286,1.7008655071258545,,,0.00656996900215745
7351,29.0,1253,1.654412031173706,,,0.01218328159302473
7352,25.0,991,1.3292505741119385,,,0.011301124468445778
7353,30.0,1236,1.6387841701507568,,,0.00873492006212473
7354,21.0,912,1.2225341796875,,,0.007838897407054901
7355,32.0,1322,1.746553659439087,,,0.007423873990774155
7356,21.0,849,1.1399328708648682,,,0.009372049942612648
7357,31.0,1079,1.4409449100494385,,,0.005972226150333881
7358,16.0,760,1.0243732929229736,,,0.011556596495211124
7359,28.0,1135,1.512603521347046,,,0.009287169203162193
7360,31.0,1319,1.7485501766204834,,,0.0068414774723351
7361,27.0,1099,1.468625545501709,,,0.01074673980474472
7362,33.0,973,1.3001437187194824,,,0.010115104727447033
7363,32.0,1209,1.6109638214111328,,,0.012626511044800282
7364,27.0,1383,1.8351354598999023,,,0.009844005107879639
7365,57.0,1859,2.480295419692993,,,0.0031521390192210674
7366,32.0,959,1.2793645858764648,,,0.010892946273088455
7367,32.0,932,1.2459046840667725,,,0.007142639718949795
7368,32.0,1333,1.7717666625976562,,,0.015182766132056713
7369,30.0,1170,1.562624454498291,,,0.010229448787868023
7370,26.0,979,1.3326375484466553,,,0.009928816929459572
7371,33.0,1236,1.668337106704712,,,0.010924587026238441
7372,28.0,957,1.2970523834228516,,,0.01455625705420971
7373,26.0,1075,1.4585318565368652,,,0.011855099350214005
7374,31.0,1123,1.5103588104248047,,,0.010370094329118729
7375,27.0,917,1.2471880912780762,,,0.013869878835976124
7376,29.0,1218,1.6425142288208008,,,0.012126496993005276
7377,10.0,514,0.705650806427002,,,0.010420184582471848
7378,15.0,681,0.9324100017547607,,,0.004252144135534763
7379,27.0,973,1.3066909313201904,,,0.011185924522578716
7380,21.0,684,0.9369807243347168,,,0.015633169561624527
7381,24.0,884,1.195478916168213,,,0.011649425141513348
7382,30.0,1166,1.5672378540039062,,,0.009746456518769264
7383,31.0,1168,1.5845324993133545,,,0.008488797582685947
7384,17.0,869,1.1793420314788818,,,0.011109969578683376
7385,31.0,1196,1.593381643295288,,,0.014348171651363373
7386,29.0,992,1.3370022773742676,,,0.009072376415133476
7387,21.0,980,1.322741985321045,,,0.019229767844080925
7388,17.0,648,0.8759310245513916,,,0.011219557374715805
7389,29.0,1151,1.5358312129974365,,,0.009260598570108414
7390,31.0,1126,1.507284164428711,,,0.009800123050808907
7391,22.0,784,1.0615534782409668,,,0.012047884985804558
7392,31.0,1009,1.3523063659667969,,,0.00764989061281085
7393,31.0,1126,1.516587734222412,,,0.01052926480770111
7394,25.0,1035,1.3967130184173584,,,0.006080763880163431
7395,25.0,973,1.3172931671142578,,,0.008048683404922485
7396,29.0,1190,1.5874745845794678,,,0.014414612203836441
7397,31.0,918,1.2345781326293945,,,0.008571935817599297
7398,27.0,932,1.261812448501587,,,0.005197898950427771
7399,29.0,1010,1.3457653522491455,,,0.01743030734360218
7400,33.0,1111,1.4743854999542236,,,0.00602185120806098
7401,26.0,895,1.2173638343811035,,,0.007364030461758375
7402,22.0,939,1.270704746246338,,,0.01058325357735157
7403,30.0,927,1.2400331497192383,,,0.03418099135160446
7404,29.0,1099,1.4734833240509033,,,0.00767569849267602
7405,24.0,819,1.1023766994476318,,,0.012364815920591354
7406,26.0,843,1.1394236087799072,,,0.009239191189408302
7407,27.0,1059,1.4405627250671387,,,0.007897116243839264
7408,17.0,825,1.1306085586547852,,,0.012154554948210716
7409,30.0,1082,1.458430528640747,,,0.006394649855792522
7410,30.0,1148,1.5402805805206299,,,0.011862234212458134
7411,33.0,1215,1.6183662414550781,,,0.03286509960889816
7412,30.0,1157,1.5515449047088623,,,0.008676521480083466
7413,26.0,943,1.2797446250915527,,,0.008844131603837013
7414,25.0,957,1.286086082458496,,,0.006708784028887749
7415,23.0,979,1.3150849342346191,,,0.010745999403297901
7416,23.0,1009,1.343066930770874,,,0.011508475057780743
7417,23.0,928,1.2622125148773193,,,0.014769787900149822
7418,23.0,853,1.145172357559204,,,0.008645049296319485
7419,21.0,745,1.0198991298675537,,,0.0052058096043765545
7420,28.0,900,1.2190818786621094,,,0.004422319587320089
7421,29.0,1204,1.6218600273132324,,,0.014478008262813091
7422,22.0,786,1.0566329956054688,,,0.008933672681450844
7423,32.0,1145,1.5248050689697266,,,0.007679311092942953
7424,28.0,814,1.097074031829834,,,0.009261461906135082
7425,31.0,1119,1.5078728199005127,,,0.016202354803681374
7426,12.0,672,0.9254159927368164,,,0.009577327407896519
7427,29.0,911,1.2165234088897705,,,0.028613770380616188
7428,28.0,1069,1.4306793212890625,,,0.009920117445290089
7429,30.0,1020,1.3662841320037842,,,0.005027463659644127
7430,24.0,862,1.1519749164581299,,,0.009320794604718685
7431,21.0,816,1.1080036163330078,,,0.007082385942339897
7432,28.0,1009,1.3465337753295898,,,0.012234292924404144
7433,31.0,1099,1.482541561126709,,,0.01545653585344553
7434,18.0,715,0.9703092575073242,,,0.01319983508437872
7435,31.0,1198,1.6061947345733643,,,0.005940369796007872
7436,26.0,866,1.1814937591552734,,,0.005947854369878769
7437,32.0,1031,1.388930082321167,,,0.011296894401311874
7438,32.0,1183,1.5893805027008057,,,0.0061479536816477776
7439,31.0,1034,1.401184320449829,,,0.009804577566683292
7440,33.0,1163,1.5555157661437988,,,0.014839704148471355
7441,13.0,603,0.8239388465881348,,,0.008803374134004116
7442,25.0,1105,1.4915149211883545,,,0.025400860235095024
7443,29.0,1097,1.4527769088745117,,,0.007698973175138235
7444,31.0,1359,1.7970478534698486,,,0.028152327984571457
7445,26.0,991,1.328636646270752,,,0.008830064907670021
7446,29.0,1250,1.6555216312408447,,,0.00853394903242588
7447,32.0,1306,1.733839750289917,,,0.012362435460090637
7448,28.0,1128,1.507981777191162,,,0.013188067823648453
7449,32.0,1032,1.3883781433105469,,,0.010554068721830845
7450,30.0,1117,1.488558292388916,,,0.012285229749977589
7451,33.0,994,1.3347666263580322,,,0.02158251777291298
7452,32.0,989,1.32450532913208,,,0.01039115246385336
7453,32.0,1391,1.8619866371154785,,,0.015246438793838024
7454,25.0,795,1.0844395160675049,,,0.013925363309681416
7455,27.0,1095,1.476952314376831,,,0.013297928497195244
7456,31.0,1311,1.7582411766052246,,,0.012077882885932922
7457,32.0,1225,1.6453781127929688,,,0.012773008085787296
7458,33.0,1598,2.1405446529388428,,,0.009590948931872845
7459,27.0,959,1.300060510635376,,,0.0056894700974226
7460,33.0,1160,1.5639009475708008,,,0.007170258555561304
7461,33.0,1043,1.4183564186096191,,,0.00878453440964222
7462,30.0,1249,1.676769733428955,,,0.009189232252538204
7463,25.0,799,1.0850427150726318,,,0.010745716281235218
7464,29.0,1245,1.6735305786132812,,,0.007421938236802816
7465,28.0,1007,1.3643426895141602,,,0.007891412824392319
7466,31.0,1279,1.7235348224639893,,,0.01394676323980093
7467,31.0,1261,1.6942753791809082,,,0.01369127444922924
7468,18.0,885,1.195688009262085,,,0.014446589164435863
7469,29.0,1141,1.5406458377838135,,,0.010264554060995579
7470,27.0,855,1.1558234691619873,,,0.011277398094534874
7471,30.0,1180,1.5720577239990234,,,0.008863130584359169
7472,31.0,1323,1.7664918899536133,,,0.007971668615937233
7473,28.0,863,1.167619228363037,,,0.00865145307034254
7474,26.0,1199,1.620424747467041,,,0.006706293672323227
7475,30.0,959,1.292346477508545,,,0.012520331889390945
7476,28.0,1072,1.436957597732544,,,0.012775395065546036
7477,20.0,805,1.091094970703125,,,0.01900016888976097
7478,24.0,912,1.2353219985961914,,,0.014735274016857147
7479,28.0,1104,1.4953396320343018,,,0.012381687760353088
7480,29.0,1007,1.3724839687347412,,,0.01119381096214056
7481,32.0,1228,1.6589789390563965,,,0.016152262687683105
7482,32.0,1204,1.621753454208374,,,0.01670745387673378
7483,33.0,1184,1.5902245044708252,,,0.01118902675807476
7484,12.0,661,0.9030876159667969,,,0.005412406288087368
7485,26.0,966,1.3140289783477783,,,0.005885231774300337
7486,22.0,863,1.1648550033569336,,,0.010900827124714851
7487,26.0,1011,1.3517193794250488,,,0.009828775189816952
7488,29.0,1204,1.6012303829193115,,,0.011059396900236607
7489,30.0,1139,1.53023099899292,,,0.012913993559777737
7490,29.0,935,1.2629601955413818,,,0.009246451780200005
7491,31.0,960,1.2829985618591309,,,0.011336572468280792
7492,31.0,1210,1.6287803649902344,,,0.009321493096649647
7493,32.0,1336,1.7780437469482422,,,0.01064009964466095
7494,26.0,829,1.1062638759613037,,,0.012436742894351482
7495,29.0,1056,1.4073255062103271,,,0.013500867411494255
7496,22.0,763,1.0291478633880615,,,0.00929503794759512
7497,27.0,1151,1.5280003547668457,,,0.01536746509373188
7498,30.0,1195,1.579962968826294,,,0.011715244501829147
7499,34.0,1070,1.4205679893493652,,,0.005630297586321831
7500,29.0,1042,1.3822636604309082,,,0.007992943748831749
7501,29.0,1250,1.658855676651001,,,0.0067804306745529175
7502,32.0,1209,1.5967206954956055,,,0.008161960169672966
7503,29.0,1012,1.3572611808776855,,,0.014404568821191788
7504,30.0,1004,1.3563294410705566,,,0.006427362095564604
7505,29.0,1204,1.6250231266021729,,,0.006395019590854645
7506,30.0,1196,1.5972251892089844,,,0.007469401229172945
7507,30.0,1285,1.7041125297546387,,,0.010713078081607819
7508,32.0,1221,1.6248793601989746,,,0.010035485960543156
7509,29.0,1110,1.5064489841461182,,,0.014706766232848167
7510,25.0,841,1.1452140808105469,,,0.028969941660761833
7511,30.0,1067,1.4428644180297852,,,0.01063544675707817
7512,29.0,933,1.2677881717681885,,,0.00831031147390604
7513,7.0,538,0.7344715595245361,,,0.007000305689871311
7514,28.0,949,1.2832460403442383,,,0.006273841485381126
7515,26.0,917,1.2384130954742432,,,0.017191702499985695
7516,29.0,987,1.3225383758544922,,,0.00656315591186285
7517,31.0,1121,1.5180943012237549,,,0.012325570918619633
7518,26.0,968,1.3078246116638184,,,0.00926174409687519
7519,33.0,997,1.3434715270996094,,,0.01663348823785782
7520,33.0,1367,1.835784912109375,,,0.007790540345013142
7521,20.0,709,0.9626920223236084,,,0.03734220936894417
7522,28.0,1333,1.7833282947540283,,,0.022003842517733574
7523,34.0,1121,1.4958155155181885,,,0.011876964941620827
7524,27.0,1012,1.350428581237793,,,0.008668789640069008
7525,34.0,1397,1.8960018157958984,,,0.006025962997227907
7526,25.0,1169,1.5821614265441895,,,0.006180936936289072
7527,25.0,842,1.1458330154418945,,,0.00693817762658
7528,18.0,797,1.0856730937957764,,,0.00690682465210557
7529,22.0,812,1.1035776138305664,,,0.009346275590360165
7530,25.0,1019,1.3719022274017334,,,0.014575631357729435
7531,29.0,1107,1.4870193004608154,,,0.006741677410900593
7532,28.0,1245,1.6707093715667725,,,0.007572100032120943
7533,31.0,929,1.2582018375396729,,,0.007686759810894728
7534,24.0,857,1.1658174991607666,,,0.009641837328672409
7535,28.0,1083,1.4727189540863037,,,0.013969659805297852
7536,31.0,1045,1.4149925708770752,,,0.009473161771893501
7537,27.0,972,1.3246939182281494,,,0.012139995582401752
7538,29.0,970,1.3039934635162354,,,0.009262407198548317
7539,27.0,1323,1.780898094177246,,,0.022349825128912926
7540,22.0,806,1.1045968532562256,,,0.00679445918649435
7541,31.0,1043,1.3974823951721191,,,0.010129952803254128
7542,12.0,800,1.079073429107666,,,0.008694545365869999
7543,22.0,941,1.2636442184448242,,,0.007170817349106073
7544,32.0,1100,1.4539990425109863,,,0.012878773733973503
7545,15.0,651,0.8739895820617676,,,0.010206515900790691
7546,30.0,1053,1.3979992866516113,,,0.009757500141859055
7547,33.0,1185,1.5737464427947998,,,0.027777666226029396
7548,32.0,1353,1.785806655883789,,,0.010182219557464123
7549,30.0,1103,1.480729341506958,,,0.010676290839910507
7550,16.0,620,0.8456542491912842,,,0.004859782289713621
7551,22.0,862,1.1667137145996094,,,0.010412964038550854
7552,26.0,1040,1.4077296257019043,,,0.010089094750583172
7553,26.0,919,1.2377939224243164,,,0.011078217066824436
7554,16.0,767,1.0355117321014404,,,0.013273755088448524
7555,25.0,823,1.1059095859527588,,,0.00921928882598877
7556,35.0,1110,1.489626407623291,,,0.007449713535606861
7557,33.0,993,1.3373372554779053,,,0.013119261711835861
7558,32.0,1089,1.4646797180175781,,,0.03140493854880333
7559,30.0,1065,1.4409542083740234,,,0.009492496959865093
7560,30.0,1143,1.5259325504302979,,,0.011287052184343338
7561,18.0,707,0.9538924694061279,,,0.0077146608382463455
7562,23.0,910,1.2245080471038818,,,0.01429328229278326
7563,30.0,1165,1.5536837577819824,,,0.019173599779605865
7564,28.0,1312,1.7597336769104004,,,0.013777093961834908
7565,19.0,729,0.9983327388763428,,,0.015601336024701595
7566,27.0,1019,1.3758676052093506,,,0.013123909011483192
7567,21.0,733,0.9923725128173828,,,0.008909096010029316
7568,32.0,1003,1.338714361190796,,,0.01863226853311062
7569,23.0,869,1.1781501770019531,,,0.010899224318563938
7570,23.0,876,1.1765766143798828,,,0.011900690384209156
7571,30.0,1379,1.8382771015167236,,,0.010806423611938953
7572,21.0,780,1.0611119270324707,,,0.013256465084850788
7573,34.0,1247,1.6776468753814697,,,0.007999985478818417
7574,27.0,1009,1.3462350368499756,,,0.02234303019940853
7575,29.0,1191,1.5858924388885498,,,0.009658414870500565
7576,30.0,1290,1.7216970920562744,,,0.008932733908295631
7577,28.0,1101,1.4786241054534912,,,0.00790763646364212
7578,31.0,1036,1.3873646259307861,,,0.010218036361038685
7579,33.0,1187,1.5931499004364014,,,0.009801289066672325
7580,24.0,887,1.2058570384979248,,,0.008720397017896175
7581,31.0,1151,1.5494537353515625,,,0.007674488238990307
7582,29.0,1110,1.4727766513824463,,,0.0074002705514431
7583,29.0,993,1.3265020847320557,,,0.006063386797904968
7584,30.0,1138,1.5072999000549316,,,0.005414384882897139
7585,29.0,927,1.238532304763794,,,0.015480016358196735
7586,21.0,831,1.1178545951843262,,,0.005920632276684046
7587,32.0,1099,1.4719929695129395,,,0.013769187964498997
7588,27.0,1069,1.4349324703216553,,,0.010444275103509426
7589,24.0,909,1.2282531261444092,,,0.006928074173629284
7590,29.0,1126,1.5110728740692139,,,0.011343328282237053
7591,31.0,1062,1.4260985851287842,,,0.016536030918359756
7592,29.0,1107,1.491748332977295,,,0.015291511081159115
7593,32.0,1165,1.563889980316162,,,0.015765205025672913
7594,31.0,1278,1.7007386684417725,,,0.028581272810697556
7595,27.0,1084,1.4434266090393066,,,0.022155409678816795
7596,29.0,1270,1.6881098747253418,,,0.00875505805015564
7597,21.0,825,1.101996898651123,,,0.01351738441735506
7598,25.0,1039,1.388427495956421,,,0.01055577676743269
7599,31.0,1121,1.4893033504486084,,,0.032782699912786484
7600,32.0,1212,1.6297128200531006,,,0.0068681444972753525
7601,9.0,533,0.7265617847442627,,,0.012215369381010532
7602,34.0,1304,1.751577615737915,,,0.013769532553851604
7603,18.0,735,0.9994184970855713,,,0.009271956980228424
7604,31.0,1218,1.6284997463226318,,,0.008580708876252174
7605,22.0,690,0.929983377456665,,,0.008328589610755444
7606,32.0,1219,1.6245484352111816,,,0.00610620342195034
7607,31.0,999,1.322211742401123,,,0.013093327172100544
7608,29.0,1010,1.3443489074707031,,,0.0068272314965724945
7609,30.0,1213,1.6083893775939941,,,0.008791690692305565
7610,30.0,1161,1.547485589981079,,,0.006822612602263689
7611,26.0,933,1.2567880153656006,,,0.008014537394046783
7612,30.0,1085,1.4611027240753174,,,0.012190823443233967
7613,30.0,1203,1.6216213703155518,,,0.009821373969316483
7614,28.0,1124,1.5113773345947266,,,0.00898237805813551
7615,31.0,1050,1.396927833557129,,,0.00979017186909914
7616,30.0,1030,1.3731689453125,,,0.015467710793018341
7617,30.0,1063,1.4333083629608154,,,0.013936903327703476
7618,28.0,1113,1.4891691207885742,,,0.005708414129912853
7619,22.0,851,1.151477336883545,,,0.004044705536216497
7620,33.0,1296,1.7387738227844238,,,0.009285490028560162
7621,25.0,836,1.1337084770202637,,,0.009228112176060677
7622,29.0,1261,1.6991982460021973,,,0.01573205180466175
7623,29.0,1167,1.57197904586792,,,0.01524004153907299
7624,31.0,1341,1.7983119487762451,,,0.007830643095076084
7625,19.0,825,1.127195119857788,,,0.023103855550289154
7626,32.0,1199,1.6120972633361816,,,0.009812794625759125
7627,36.0,1193,1.6213502883911133,,,0.00672887684777379
7628,29.0,1151,1.5485389232635498,,,0.0207853764295578
7629,31.0,1365,1.8052005767822266,,,0.009842229075729847
7630,26.0,859,1.160123348236084,,,0.00621821777895093
7631,26.0,1022,1.3667702674865723,,,0.010585381649434566
7632,29.0,986,1.3360443115234375,,,0.010153255425393581
7633,30.0,1122,1.509800910949707,,,0.010892979800701141
7634,31.0,1003,1.3558640480041504,,,0.006226181983947754
7635,31.0,1209,1.6258788108825684,,,0.01380306389182806
7636,19.0,696,0.9437062740325928,,,0.010384677909314632
7637,32.0,1329,1.7691175937652588,,,0.011310365051031113
7638,17.0,669,0.9100532531738281,,,0.008887308649718761
7639,27.0,899,1.2177324295043945,,,0.00910793524235487
7640,36.0,1343,1.8124001026153564,,,0.010330675169825554
7641,24.0,871,1.175203561782837,,,0.015060003846883774
7642,27.0,903,1.2155392169952393,,,0.008683363907039165
7643,29.0,1028,1.381249189376831,,,0.019156714901328087
7644,30.0,1266,1.708402156829834,,,0.0069717830047011375
7645,29.0,987,1.325089693069458,,,0.015336795710027218
7646,30.0,1059,1.426595687866211,,,0.003570965025573969
7647,23.0,797,1.0789282321929932,,,0.0173927191644907
7648,21.0,806,1.0835580825805664,,,0.012965267524123192
7649,31.0,1163,1.5401086807250977,,,0.004578923806548119
7650,19.0,667,0.898883581161499,,,0.009663540869951248
7651,25.0,734,0.9924745559692383,,,0.010869603604078293
7652,29.0,1205,1.6053390502929688,,,0.009456253610551357
7653,31.0,1181,1.5710406303405762,,,0.009883842431008816
7654,29.0,1028,1.3825156688690186,,,0.008873466402292252
7655,26.0,910,1.223107099533081,,,0.010432230308651924
7656,31.0,1055,1.4060850143432617,,,0.010836089961230755
7657,20.0,790,1.0638296604156494,,,0.02013157308101654
7658,38.0,1257,1.6943426132202148,,,0.008210205473005772
7659,41.0,1935,2.570842981338501,,,0.011889245361089706
7660,27.0,1075,1.4429123401641846,,,0.008992394432425499
7661,44.0,1568,2.1021664142608643,,,0.009324498474597931
7662,28.0,1159,1.5521025657653809,,,0.005054011940956116
7663,30.0,1061,1.4150230884552002,,,0.021823514252901077
7664,30.0,1116,1.4888110160827637,,,0.011844669468700886
7665,24.0,904,1.2209136486053467,,,0.0064957658760249615
7666,28.0,1027,1.3693609237670898,,,0.01241521630436182
7667,32.0,1255,1.6734352111816406,,,0.009003454819321632
7668,29.0,997,1.3376989364624023,,,0.013458573259413242
7669,24.0,816,1.104074239730835,,,0.01506195217370987
7670,32.0,1141,1.5328538417816162,,,0.013470306992530823
7671,23.0,830,1.115797519683838,,,0.021774878725409508
7672,28.0,994,1.3312318325042725,,,0.012049357406795025
7673,22.0,740,0.9980952739715576,,,0.013372267596423626
7674,31.0,1014,1.3547701835632324,,,0.00910116359591484
7675,31.0,1193,1.5850811004638672,,,0.008053514175117016
7676,22.0,947,1.2849271297454834,,,0.0059439088217914104
7677,28.0,1163,1.5540900230407715,,,0.0029436906334012747
7678,31.0,936,1.2480571269989014,,,0.01643737591803074
7679,30.0,1229,1.6434292793273926,,,0.010749083943665028
7680,35.0,1313,1.7468111515045166,,,0.006956355180591345
7681,32.0,1146,1.5281362533569336,,,0.008913218043744564
7682,32.0,1357,1.8126885890960693,,,0.019200105220079422
7683,27.0,1057,1.4200820922851562,,,0.013646368868649006
7684,29.0,1137,1.5135104656219482,,,0.008751332759857178
7685,32.0,1273,1.7068381309509277,,,0.01140589639544487
7686,27.0,999,1.349783182144165,,,0.012359632179141045
7687,31.0,1209,1.608433485031128,,,0.01496930792927742
7688,15.0,709,0.9558396339416504,,,0.010722138918936253
7689,30.0,1274,1.701204776763916,,,0.009949041530489922
7690,27.0,931,1.247483253479004,,,0.013557895086705685
7691,30.0,1072,1.427769422531128,,,0.005379289388656616
7692,31.0,1284,1.7070133686065674,,,0.0067710233852267265
7693,28.0,953,1.280372142791748,,,0.012407942675054073
7694,22.0,821,1.1083855628967285,,,0.008620175532996655
7695,29.0,1186,1.5813488960266113,,,0.017336219549179077
7696,31.0,1292,1.716318130493164,,,0.006387715693563223
7697,25.0,989,1.3286631107330322,,,0.028536304831504822
7698,27.0,1015,1.3551440238952637,,,0.03659410402178764
7699,31.0,1191,1.5796990394592285,,,0.009347015991806984
7700,26.0,935,1.254608392715454,,,0.008983663283288479
7701,14.0,583,0.7998597621917725,,,0.01395344641059637
7702,32.0,1263,1.6854417324066162,,,0.007915880531072617
7703,33.0,1491,1.9764764308929443,,,0.012354793027043343
7704,24.0,953,1.2789199352264404,,,0.010670161806046963
7705,22.0,792,1.0739326477050781,,,0.008989511989057064
7706,20.0,709,0.9663999080657959,,,0.008918339386582375
7707,31.0,1199,1.5987062454223633,,,0.01759340427815914
7708,22.0,835,1.1275312900543213,,,0.014914480969309807
7709,31.0,1171,1.5702898502349854,,,0.008911616168916225
7710,33.0,1176,1.5658841133117676,,,0.005729528144001961
7711,29.0,1218,1.6324236392974854,,,0.009774424135684967
7712,29.0,1211,1.6142206192016602,,,0.00961230043321848
7713,29.0,957,1.2997074127197266,,,0.009617341682314873
7714,16.0,565,0.7677414417266846,,,0.01574976183474064
7715,23.0,1003,1.355391502380371,,,0.008787287399172783
7716,32.0,1191,1.5945935249328613,,,0.01407422125339508
7717,13.0,652,0.8902239799499512,,,0.009783247485756874
7718,32.0,1391,1.8657832145690918,,,0.012288454920053482
7719,30.0,1183,1.594642162322998,,,0.01511346735060215
7720,30.0,1233,1.6586956977844238,,,0.015609445050358772
7721,31.0,1178,1.5882325172424316,,,0.008000325411558151
7722,31.0,1291,1.7284266948699951,,,0.007014506962150335
7723,31.0,1268,1.703892469406128,,,0.012004949152469635
7724,31.0,1403,1.8915965557098389,,,0.008595936931669712
7725,22.0,722,0.9843490123748779,,,0.011662119068205357
7726,32.0,1050,1.4129407405853271,,,0.024859797209501266
7727,24.0,825,1.1053884029388428,,,0.022106673568487167
7728,31.0,1174,1.5611498355865479,,,0.005831997841596603
7729,26.0,947,1.2720246315002441,,,0.01262635923922062
7730,20.0,852,1.1542181968688965,,,0.009328491985797882
7731,30.0,1110,1.4954941272735596,,,0.017526106908917427
7732,32.0,1319,1.7562854290008545,,,0.023870743811130524
7733,28.0,957,1.279845952987671,,,0.005202464293688536
7734,27.0,1064,1.4228308200836182,,,0.012175249867141247
7735,28.0,1228,1.6288056373596191,,,0.01388226542621851
7736,31.0,1057,1.4220576286315918,,,0.004764693323522806
7737,26.0,1073,1.4358253479003906,,,0.0097218481823802
7738,31.0,1038,1.3781204223632812,,,0.013016150332987309
7739,22.0,795,1.0689384937286377,,,0.014762948267161846
7740,29.0,1216,1.6311955451965332,,,0.004902298096567392
7741,30.0,1223,1.6394715309143066,,,0.00908856000751257
7742,30.0,1280,1.7241370677947998,,,0.007087701465934515
7743,28.0,1246,1.6741440296173096,,,0.007946860045194626
7744,32.0,1211,1.6430962085723877,,,0.005694195162504911
7745,27.0,1061,1.4290122985839844,,,0.029213283210992813
7746,28.0,1039,1.4025578498840332,,,0.01603914611041546
7747,29.0,978,1.3275351524353027,,,0.008758063428103924
7748,33.0,1291,1.7268352508544922,,,0.016363944858312607
7749,35.0,1425,1.9111509323120117,,,0.012605004943907261
7750,31.0,1061,1.4299190044403076,,,0.007550187408924103
7751,24.0,1024,1.3789966106414795,,,0.00888760481029749
7752,28.0,1039,1.396104335784912,,,0.007864251732826233
7753,25.0,1044,1.4024267196655273,,,0.005573255475610495
7754,31.0,1433,1.9134411811828613,,,0.007977070286870003
7755,27.0,1090,1.465818166732788,,,0.010028844699263573
7756,30.0,1121,1.500976800918579,,,0.010370426811277866
7757,27.0,1224,1.6529173851013184,,,0.006238321773707867
7758,24.0,910,1.2311639785766602,,,0.007400444243103266
7759,31.0,1008,1.3618416786193848,,,0.005809263791888952
7760,26.0,901,1.215259313583374,,,0.011051656678318977
7761,30.0,1159,1.5527420043945312,,,0.012369734235107899
7762,32.0,1254,1.6851062774658203,,,0.008395269513130188
7763,23.0,931,1.2616794109344482,,,0.011539417318999767
7764,25.0,851,1.155930757522583,,,0.009330810979008675
7765,38.0,1606,2.1734368801116943,,,0.00854535959661007
7766,31.0,1247,1.6813938617706299,,,0.009257400408387184
7767,19.0,877,1.1968293190002441,,,0.01639353670179844
7768,31.0,1196,1.5959382057189941,,,0.009021438658237457
7769,28.0,1033,1.3782360553741455,,,0.0047396160662174225
7770,33.0,1331,1.7641804218292236,,,0.023743491619825363
7771,31.0,1175,1.560671091079712,,,0.007600239012390375
7772,29.0,1137,1.519608974456787,,,0.005184418521821499
7773,32.0,1213,1.6077041625976562,,,0.012464969418942928
7774,26.0,931,1.245640516281128,,,0.008519122377038002
7775,23.0,833,1.1183345317840576,,,0.005456170998513699
7776,33.0,1227,1.6596839427947998,,,0.012489104643464088
7777,22.0,996,1.3321826457977295,,,0.01309372391551733
7778,49.0,2105,2.8138303756713867,,,0.013403632678091526
7779,30.0,1088,1.4459824562072754,,,0.016493873670697212
7780,31.0,1045,1.3949682712554932,,,0.011227283626794815
7781,29.0,1485,1.9663910865783691,,,0.00912900734692812
7782,31.0,925,1.224750280380249,,,0.014977321960031986
7783,31.0,1537,2.0332207679748535,,,0.022594140842556953
7784,25.0,996,1.3254327774047852,,,0.00936929788440466
7785,25.0,876,1.1771469116210938,,,0.008291820995509624
7786,29.0,987,1.3225786685943604,,,0.005863246973603964
7787,49.0,2072,2.769740104675293,,,0.0083225192502141
7788,32.0,1137,1.5399746894836426,,,0.012497268617153168
7789,18.0,787,1.0752925872802734,,,0.009836302138864994
7790,31.0,1053,1.4190208911895752,,,0.009004775434732437
7791,28.0,1218,1.6385736465454102,,,0.004959094803780317
7792,14.0,779,1.057361125946045,,,0.008997388184070587
7793,29.0,1129,1.5231726169586182,,,0.0072397105395793915
7794,29.0,1196,1.6064376831054688,,,0.011548466049134731
7795,32.0,1375,1.8261830806732178,,,0.008212558925151825
7796,43.0,1713,2.3082268238067627,,,0.006077961530536413
7797,27.0,1032,1.3969204425811768,,,0.011437144130468369
7798,31.0,1205,1.6035053730010986,,,0.01305901724845171
7799,28.0,1015,1.3498420715332031,,,0.010458001866936684
7800,33.0,1227,1.6296696662902832,,,0.008490760810673237
7801,19.0,764,1.0347933769226074,,,0.009205148555338383
7802,32.0,1216,1.632091999053955,,,0.01622503623366356
7803,26.0,1025,1.3832025527954102,,,0.011913977563381195
7804,43.0,1701,2.2905685901641846,,,0.011447420343756676
7805,31.0,1219,1.6398634910583496,,,0.008235810324549675
7806,30.0,1104,1.4876794815063477,,,0.006135720759630203
7807,29.0,1032,1.3887417316436768,,,0.009809997864067554
7808,30.0,1271,1.719184160232544,,,0.012351186014711857
7809,32.0,1130,1.5142114162445068,,,0.005384876858443022
7810,31.0,1165,1.5602788925170898,,,0.009501020424067974
7811,27.0,1185,1.5881516933441162,,,0.006896038539707661
7812,20.0,843,1.1420059204101562,,,0.012168983928859234
7813,32.0,1223,1.6417264938354492,,,0.009927378036081791
7814,45.0,1619,2.1728897094726562,,,0.006393682211637497
7815,31.0,1217,1.6409118175506592,,,0.010316334664821625
7816,29.0,1035,1.3941597938537598,,,0.01035996526479721
7817,29.0,1064,1.4348962306976318,,,0.014109105803072453
7818,30.0,1200,1.6184642314910889,,,0.006882600020617247
7819,27.0,1085,1.4590089321136475,,,0.009608512744307518
7820,40.0,1350,1.8224406242370605,,,0.008259428665041924
7821,32.0,1149,1.5405151844024658,,,0.008134108036756516
7822,29.0,1100,1.479795217514038,,,0.00886682141572237
7823,32.0,1155,1.5578358173370361,,,0.013719510287046432
7824,33.0,1017,1.3589272499084473,,,0.010761472396552563
7825,31.0,1079,1.4631400108337402,,,0.012996075674891472
7826,30.0,1417,1.9013209342956543,,,0.006288457196205854
7827,19.0,749,1.0158255100250244,,,0.006630303338170052
7828,24.0,780,1.0532662868499756,,,0.0066153425723314285
7829,27.0,1153,1.5696825981140137,,,0.01051370333880186
7830,27.0,946,1.2826049327850342,,,0.011942188255488873
7831,33.0,1103,1.487189531326294,,,0.03254152461886406
7832,38.0,1237,1.664363145828247,,,0.0036092367954552174
7833,30.0,1107,1.4960005283355713,,,0.010319910943508148
7834,42.0,1631,2.192293167114258,,,0.0081656938418746
7835,31.0,1073,1.4589776992797852,,,0.015671009197831154
7836,33.0,1367,1.8343524932861328,,,0.010263398289680481
7837,27.0,1029,1.390352725982666,,,0.012782719917595387
7838,24.0,865,1.1823036670684814,,,0.004961742553859949
7839,31.0,1095,1.4748210906982422,,,0.009937346912920475
7840,31.0,1264,1.6967875957489014,,,0.011089424602687359
7841,29.0,1089,1.4551353454589844,,,0.011987405829131603
7842,28.0,1005,1.3383839130401611,,,0.014624782837927341
7843,27.0,1047,1.405602216720581,,,0.007553650066256523
7844,31.0,1161,1.5323007106781006,,,0.00803288072347641
7845,25.0,1211,1.6147935390472412,,,0.009686282835900784
7846,23.0,828,1.1094088554382324,,,0.009120337665081024
7847,28.0,1246,1.6465799808502197,,,0.011122678406536579
7848,27.0,935,1.2473821640014648,,,0.006886931601911783
7849,28.0,1096,1.4614887237548828,,,0.010564223863184452
7850,23.0,902,1.2150771617889404,,,0.005907350219786167
7851,32.0,1337,1.7736272811889648,,,0.007239252794533968
7852,30.0,1407,1.860870361328125,,,0.006321493070572615
7853,31.0,1045,1.3857171535491943,,,0.010483456775546074
7854,30.0,1030,1.3655281066894531,,,0.01140955463051796
7855,32.0,1064,1.4064538478851318,,,0.00605410011485219
7856,32.0,1181,1.5747342109680176,,,0.010065803304314613
7857,25.0,1163,1.54518723487854,,,0.013275249861180782
7858,31.0,1108,1.4652295112609863,,,0.011684886179864407
7859,26.0,945,1.25994873046875,,,0.00474764546379447
7860,31.0,1099,1.456406593322754,,,0.014532809145748615
7861,29.0,1129,1.503465175628662,,,0.01770949736237526
7862,25.0,1096,1.4612984657287598,,,0.015905078500509262
7863,30.0,1141,1.5181958675384521,,,0.014418672770261765
7864,39.0,1545,2.055464029312134,,,0.010645966045558453
7865,32.0,1303,1.7286803722381592,,,0.0066919331438839436
7866,18.0,775,1.0433664321899414,,,0.013073788955807686
7867,26.0,1085,1.4444408416748047,,,0.007048541214317083
7868,30.0,1360,1.8000743389129639,,,0.0078099993988871574
7869,33.0,1385,1.8246593475341797,,,0.013941017910838127
7870,27.0,1299,1.7277700901031494,,,0.0068449112586677074
7871,31.0,999,1.3297183513641357,,,0.024490060284733772
7872,32.0,1281,1.686321496963501,,,0.012238920666277409
7873,33.0,1154,1.5617895126342773,,,0.011386086232960224
7874,31.0,1342,1.8088736534118652,,,0.004810232203453779
7875,20.0,919,1.2399892807006836,,,0.00824163481593132
7876,29.0,1031,1.391845464706421,,,0.004684963263571262
7877,25.0,983,1.3357577323913574,,,0.011206616647541523
7878,32.0,1214,1.6384551525115967,,,0.012345490045845509
7879,45.0,1511,2.039015054702759,,,0.01235723216086626
7880,25.0,1001,1.351299524307251,,,0.007738030515611172
7881,30.0,1123,1.5262792110443115,,,0.007624242454767227
7882,29.0,1090,1.4723098278045654,,,0.01067209243774414
7883,32.0,1409,1.8837873935699463,,,0.007424874696880579
7884,31.0,1399,1.870283842086792,,,0.013548665679991245
7885,32.0,1219,1.6199655532836914,,,0.013465321622788906
7886,26.0,1321,1.7739906311035156,,,0.012053396552801132
7887,32.0,1110,1.5041072368621826,,,0.02940949983894825
7888,32.0,1084,1.4653902053833008,,,0.016412457451224327
7889,49.0,1780,2.402345657348633,,,0.006958331912755966
7890,28.0,965,1.3150904178619385,,,0.0077477116137743
7891,21.0,781,1.065582036972046,,,0.010875025764107704
7892,28.0,1103,1.478522777557373,,,0.005999521818011999
7893,31.0,1330,1.78464937210083,,,0.010156037285923958
7894,32.0,1176,1.5847196578979492,,,0.007567815948277712
7895,33.0,1073,1.4413292407989502,,,0.008091110736131668
7896,31.0,1121,1.5066232681274414,,,0.00882788747549057
7897,32.0,1245,1.6698615550994873,,,0.009993177838623524
7898,29.0,1033,1.3919873237609863,,,0.01428624615073204
7899,25.0,1001,1.3579061031341553,,,0.011485237628221512
7900,32.0,1222,1.643359899520874,,,0.006019923835992813
7901,32.0,1341,1.7996935844421387,,,0.010573065839707851
7902,30.0,1114,1.5068635940551758,,,0.009022165089845657
7903,22.0,745,1.0149526596069336,,,0.007649138569831848
7904,28.0,1109,1.5033233165740967,,,0.013797296211123466
7905,30.0,1235,1.6651091575622559,,,0.01500895619392395
7906,28.0,1178,1.5823745727539062,,,0.009301424026489258
7907,31.0,1343,1.7779884338378906,,,0.007831073366105556
7908,15.0,645,0.8681361675262451,,,0.010074732825160027
7909,50.0,1652,2.2082293033599854,,,0.009426879696547985
7910,13.0,632,0.8524346351623535,,,0.005363514181226492
7911,28.0,1162,1.5448555946350098,,,0.0059238942340016365
7912,32.0,1305,1.72300386428833,,,0.01097036525607109
7913,28.0,1196,1.6013250350952148,,,0.008364617824554443
7914,33.0,1245,1.666050672531128,,,0.00791972316801548
7915,28.0,1092,1.4768133163452148,,,0.005856927018612623
7916,27.0,1142,1.5499169826507568,,,0.010099487379193306
7917,28.0,1440,1.9238104820251465,,,0.00606522848829627
7918,54.0,2314,3.0997283458709717,,,0.02877921424806118
7919,26.0,1129,1.5123062133789062,,,0.011395221576094627
7920,33.0,883,1.179671287536621,,,0.03476232662796974
7921,31.0,1364,1.8496766090393066,,,0.010319551452994347
7922,19.0,862,1.1688158512115479,,,0.006364564411342144
7923,31.0,1422,1.913404941558838,,,0.011009123176336288
7924,23.0,975,1.3203649520874023,,,0.006005439907312393
7925,23.0,881,1.1891286373138428,,,0.00816372875124216
7926,17.0,731,0.9963119029998779,,,0.026128223165869713
7927,47.0,1703,2.2986319065093994,,,0.008225047029554844
7928,29.0,1219,1.648409366607666,,,0.0037761598359793425
7929,30.0,1094,1.4737977981567383,,,0.004901909735053778
7930,32.0,1210,1.6415047645568848,,,0.010771408677101135
7931,23.0,911,1.226637840270996,,,0.009418966248631477
7932,20.0,783,1.0615947246551514,,,0.006076782010495663
7933,29.0,1353,1.8177485466003418,,,0.0045278496108949184
7934,28.0,1003,1.3549680709838867,,,0.008247836492955685
7935,31.0,1122,1.515174388885498,,,0.01137296948581934
7936,31.0,1276,1.7130978107452393,,,0.006845842115581036
7937,34.0,1250,1.6788694858551025,,,0.014039773494005203
7938,27.0,965,1.2994866371154785,,,0.03982295095920563
7939,26.0,1069,1.4516711235046387,,,0.00920493807643652
7940,32.0,1315,1.7633299827575684,,,0.006283313035964966
7941,33.0,1293,1.7460412979125977,,,0.00700595136731863
7942,22.0,840,1.1389353275299072,,,0.010324112139642239
7943,31.0,1171,1.5696117877960205,,,0.011797374114394188
7944,29.0,1166,1.5781564712524414,,,0.017139771953225136
7945,20.0,700,0.9507620334625244,,,0.014341331087052822
7946,26.0,866,1.1606600284576416,,,0.01241888664662838
7947,33.0,1097,1.4584918022155762,,,0.014621410518884659
7948,29.0,1427,1.8930859565734863,,,0.008493611589074135
7949,32.0,1213,1.6366910934448242,,,0.005217637866735458
7950,24.0,837,1.1377367973327637,,,0.009774106554687023
7951,23.0,1056,1.4266235828399658,,,0.009570317342877388
7952,23.0,912,1.2373943328857422,,,0.009367835707962513
7953,32.0,1149,1.5576560497283936,,,0.00604338338598609
7954,22.0,775,1.0607483386993408,,,0.008398393169045448
7955,21.0,897,1.2182223796844482,,,0.015664761886000633
7956,26.0,755,1.0270271301269531,,,0.021419938653707504
7957,21.0,976,1.325092077255249,,,0.028954679146409035
7958,23.0,853,1.155144214630127,,,0.009480796754360199
7959,30.0,1343,1.800283432006836,,,0.0076747555285692215
7960,34.0,1103,1.4814631938934326,,,0.013475362211465836
7961,22.0,852,1.1510751247406006,,,0.01150879729539156
7962,28.0,1526,2.051347255706787,,,0.004815894644707441
7963,26.0,1163,1.5755119323730469,,,0.0098708625882864
7964,32.0,1069,1.430666208267212,,,0.008023167960345745
7965,24.0,803,1.0939204692840576,,,0.02010657824575901
7966,32.0,1177,1.5832488536834717,,,0.012689164839684963
7967,27.0,1017,1.3698725700378418,,,0.009001990780234337
7968,26.0,902,1.2225167751312256,,,0.00851458590477705
7969,24.0,1069,1.4424335956573486,,,0.009376052767038345
7970,25.0,1110,1.5089879035949707,,,0.013800988905131817
7971,22.0,1100,1.4840295314788818,,,0.010259009897708893
7972,25.0,931,1.2583341598510742,,,0.013165987096726894
7973,23.0,910,1.2391347885131836,,,0.008160199038684368
7974,30.0,1097,1.4829440116882324,,,0.010748856700956821
7975,33.0,1289,1.7310564517974854,,,0.02530401572585106
7976,29.0,1446,1.9437847137451172,,,0.010880029760301113
7977,21.0,800,1.0758249759674072,,,0.011449884623289108
7978,32.0,1408,1.8731939792633057,,,0.01208670437335968
7979,26.0,1046,1.4010961055755615,,,0.010718862526118755
7980,26.0,969,1.2923591136932373,,,0.009805673733353615
7981,20.0,860,1.1546432971954346,,,0.008343868888914585
7982,29.0,1021,1.3730058670043945,,,0.012379242107272148
7983,32.0,1393,1.8487305641174316,,,0.0072662257589399815
7984,33.0,1063,1.4263160228729248,,,0.006385151296854019
7985,24.0,883,1.2037811279296875,,,0.010670585557818413
7986,28.0,1035,1.3912289142608643,,,0.007647540885955095
7987,23.0,858,1.167292833328247,,,0.004046629648655653
7988,30.0,1132,1.5205576419830322,,,0.013702123425900936
7989,32.0,1282,1.7200531959533691,,,0.007971938699483871
7990,30.0,985,1.334660530090332,,,0.009771110489964485
7991,33.0,1021,1.3773036003112793,,,0.026981845498085022
7992,31.0,1243,1.6620798110961914,,,0.009915785863995552
7993,25.0,1023,1.3781635761260986,,,0.00949164666235447
7994,26.0,1135,1.5363352298736572,,,0.005385718774050474
7995,34.0,1469,1.9716441631317139,,,0.01216933038085699
7996,26.0,1107,1.495312213897705,,,0.008970638737082481
7997,28.0,1257,1.6830992698669434,,,0.014758465811610222
7998,32.0,1507,2.016512155532837,,,0.005619634408503771
7999,16.0,637,0.866236686706543,,,0.005995110142976046
8000,31.0,1357,1.8143563270568848,,,0.012766911648213863
8001,26.0,1059,1.4319934844970703,,,0.006991720292717218
8002,22.0,1056,1.429534912109375,,,0.014182930812239647
8003,26.0,876,1.1679577827453613,,,0.005577580537647009
8004,31.0,1003,1.3279011249542236,,,0.00876377522945404
8005,24.0,843,1.1346895694732666,,,0.009003263898193836
8006,32.0,1313,1.7467215061187744,,,0.012734702788293362
8007,31.0,1301,1.7379109859466553,,,0.00915539637207985
8008,25.0,989,1.320164680480957,,,0.003767739050090313
8009,33.0,1587,2.104835271835327,,,0.019351564347743988
8010,31.0,1006,1.3444440364837646,,,0.006772502325475216
8011,26.0,863,1.1509819030761719,,,0.00757201574742794
8012,11.0,555,0.7470991611480713,,,0.030070483684539795
8013,32.0,1329,1.7637369632720947,,,0.006966108921915293
8014,31.0,1153,1.526198387145996,,,0.009968986734747887
8015,32.0,1210,1.6018080711364746,,,0.016672702506184578
8016,33.0,1135,1.5074462890625,,,0.01388663798570633
8017,29.0,1145,1.5223588943481445,,,0.010535694658756256
8018,25.0,898,1.1948673725128174,,,0.0069237626157701015
8019,35.0,1173,1.5722322463989258,,,0.00951448641717434
8020,31.0,1183,1.5915162563323975,,,0.005756668746471405
8021,30.0,1221,1.6441748142242432,,,0.0047222007997334
8022,28.0,1159,1.548534631729126,,,0.007449830416589975
8023,32.0,1255,1.6794846057891846,,,0.00954481028020382
8024,32.0,1267,1.7015292644500732,,,0.013802189379930496
8025,32.0,1371,1.8476464748382568,,,0.004691190551966429
8026,34.0,1230,1.6558558940887451,,,0.016682613641023636
8027,33.0,1283,1.7243337631225586,,,0.008676605299115181
8028,31.0,1231,1.6521046161651611,,,0.009781760163605213
8029,30.0,1233,1.6592607498168945,,,0.019389741122722626
8030,34.0,1056,1.4011561870574951,,,0.006716899573802948
8031,34.0,1065,1.4155828952789307,,,0.011043003760278225
8032,21.0,791,1.0599792003631592,,,0.02990318275988102
8033,27.0,1104,1.4907619953155518,,,0.006229379680007696
8034,30.0,1316,1.7714436054229736,,,0.008317223750054836
8035,33.0,1273,1.714824914932251,,,0.00889375526458025
8036,7.0,494,0.6782917976379395,,,0.009634180925786495
8037,35.0,1305,1.7584507465362549,,,0.05171842500567436
8038,32.0,1219,1.6416845321655273,,,0.01417225506156683
8039,31.0,1234,1.662520170211792,,,0.01091708429157734
8040,22.0,1104,1.4987261295318604,,,0.02938210405409336
8041,13.0,699,0.9351768493652344,,,0.018871568143367767
8042,31.0,1299,1.7271037101745605,,,0.010481609031558037
8043,32.0,1209,1.5968925952911377,,,0.017501918599009514
8044,21.0,807,1.0901460647583008,,,0.007657438050955534
8045,30.0,1119,1.4970285892486572,,,0.01122373528778553
8046,26.0,1095,1.4885799884796143,,,0.010646267794072628
8047,18.0,685,0.9389588832855225,,,0.007248165551573038
8048,33.0,980,1.3188567161560059,,,0.006689286790788174
8049,26.0,918,1.2421913146972656,,,0.0067918491549789906
8050,32.0,1131,1.510801076889038,,,0.008625224232673645
8051,28.0,991,1.3104467391967773,,,0.010738716460764408
8052,29.0,1247,1.657412052154541,,,0.008080524392426014
8053,38.0,1330,1.7948367595672607,,,0.0077966428361833096
8054,16.0,720,0.9815595149993896,,,0.014052429236471653
8055,29.0,1153,1.5524852275848389,,,0.013268901966512203
8056,18.0,813,1.102158546447754,,,0.012541662901639938
8057,18.0,775,1.0452837944030762,,,0.0071956985630095005
8058,28.0,1164,1.5653934478759766,,,0.018041664734482765
8059,25.0,839,1.1222703456878662,,,0.01238404680043459
8060,32.0,1078,1.445875644683838,,,0.01104944758117199
8061,32.0,1278,1.7152743339538574,,,0.00986157264560461
8062,22.0,871,1.1828768253326416,,,0.005152436904609203
8063,32.0,1171,1.5658328533172607,,,0.012612736783921719
8064,29.0,1121,1.4867584705352783,,,0.003892851760610938
8065,18.0,709,0.9640192985534668,,,0.013766361400485039
8066,30.0,1054,1.418703556060791,,,0.011771307326853275
8067,32.0,1241,1.669848918914795,,,0.012991784140467644
8068,20.0,811,1.1101007461547852,,,0.014394838362932205
8069,26.0,931,1.250406265258789,,,0.010608816519379616
8070,32.0,1295,1.7387263774871826,,,0.01167005393654108
8071,32.0,1236,1.6587741374969482,,,0.012468909844756126
8072,35.0,1212,1.6338865756988525,,,0.010659431107342243
8073,23.0,873,1.1851553916931152,,,0.012142681516706944
8074,21.0,830,1.1169660091400146,,,0.008624151349067688
8075,30.0,1085,1.4360876083374023,,,0.0257900208234787
8076,30.0,1053,1.4164278507232666,,,0.007031988352537155
8077,18.0,803,1.0999603271484375,,,0.008037219755351543
8078,29.0,1038,1.3987832069396973,,,0.0037103404756635427
8079,32.0,1558,2.0763399600982666,,,0.008880257606506348
8080,25.0,1054,1.426541805267334,,,0.008245844393968582
8081,32.0,1363,1.8298425674438477,,,0.01171961147338152
8082,33.0,1115,1.4960670471191406,,,0.01568872109055519
8083,29.0,1095,1.4851372241973877,,,0.008685615845024586
8084,30.0,1286,1.7060675621032715,,,0.006099273916333914
8085,37.0,1605,2.1428399085998535,,,0.010039481334388256
8086,30.0,1085,1.4412643909454346,,,0.006995978765189648
8087,23.0,815,1.0918653011322021,,,0.009619852527976036
8088,23.0,965,1.2901246547698975,,,0.015209335833787918
8089,20.0,861,1.156750202178955,,,0.00939614325761795
8090,30.0,925,1.2273039817810059,,,0.00866752304136753
8091,29.0,1271,1.687429666519165,,,0.010738772340118885
8092,22.0,943,1.2629642486572266,,,0.014312184415757656
8093,29.0,1123,1.5016133785247803,,,0.004670321010053158
8094,24.0,868,1.1590633392333984,,,0.011291100643575191
8095,17.0,832,1.1330499649047852,,,0.005896786227822304
8096,33.0,1234,1.6534454822540283,,,0.003091200487688184
8097,30.0,1133,1.5317270755767822,,,0.00826546736061573
8098,42.0,1633,2.2128307819366455,,,0.008582714013755322
8099,32.0,1199,1.615920066833496,,,0.013253741897642612
8100,25.0,987,1.3367624282836914,,,0.012792927213013172
8101,30.0,1200,1.6011884212493896,,,0.017075344920158386
8102,16.0,808,1.0858113765716553,,,0.012334508821368217
8103,37.0,1383,1.839524507522583,,,0.005542552098631859
8104,24.0,897,1.193305253982544,,,0.007983168587088585
8105,29.0,1095,1.449019193649292,,,0.009243876673281193
8106,21.0,815,1.0982494354248047,,,0.00910500530153513
8107,24.0,1092,1.4634389877319336,,,0.01186675950884819
8108,22.0,977,1.2981677055358887,,,0.014044007286429405
8109,31.0,1370,1.826451063156128,,,0.006203322671353817
8110,30.0,1121,1.488241195678711,,,0.01007967721670866
8111,30.0,1252,1.6836268901824951,,,0.013796673156321049
8112,28.0,1164,1.5675723552703857,,,0.010347772389650345
8113,32.0,1391,1.8621549606323242,,,0.0091142188757658
8114,32.0,1003,1.353968858718872,,,0.005233486648648977
8115,20.0,724,0.9933891296386719,,,0.010906134732067585
8116,31.0,1204,1.6239545345306396,,,0.012004917487502098
8117,24.0,899,1.2209217548370361,,,0.0069289435632526875
8118,28.0,1058,1.4164814949035645,,,0.007125880103558302
8119,30.0,1207,1.619495153427124,,,0.009638120420277119
8120,19.0,703,0.949953556060791,,,0.00736677460372448
8121,28.0,1115,1.4879047870635986,,,0.010334121994674206
8122,32.0,1327,1.7801110744476318,,,0.007052140776067972
8123,31.0,1260,1.700092077255249,,,0.009405175223946571
8124,15.0,737,1.0084199905395508,,,0.014296669512987137
8125,31.0,1253,1.6835999488830566,,,0.009338448755443096
8126,32.0,1022,1.3718371391296387,,,0.010345629416406155
8127,30.0,1181,1.577425241470337,,,0.008654228411614895
8128,33.0,1295,1.717893123626709,,,0.005431987810879946
8129,25.0,1104,1.4736292362213135,,,0.009532531723380089
8130,30.0,1113,1.489335298538208,,,0.016717709600925446
8131,32.0,911,1.2085211277008057,,,0.006680814083665609
8132,32.0,1431,1.898277759552002,,,0.004952199291437864
8133,23.0,988,1.3231017589569092,,,0.007967445068061352
8134,26.0,1127,1.505049705505371,,,0.013296767137944698
8135,22.0,755,1.0259065628051758,,,0.015920065343379974
8136,24.0,902,1.2082326412200928,,,0.009645473212003708
8137,31.0,1017,1.3573203086853027,,,0.007760603446513414
8138,20.0,823,1.0977091789245605,,,0.009012318216264248
8139,23.0,921,1.2316093444824219,,,0.007978496141731739
8140,30.0,1055,1.4057281017303467,,,0.009693807922303677
8141,32.0,1575,2.087639570236206,,,0.028395328670740128
8142,24.0,881,1.1815810203552246,,,0.010852680541574955
8143,30.0,1048,1.3955981731414795,,,0.012995867058634758
8144,24.0,1044,1.3974730968475342,,,0.013137515634298325
8145,25.0,995,1.336329460144043,,,0.008876156061887741
8146,47.0,1841,2.4713828563690186,,,0.006407781969755888
8147,25.0,951,1.2889161109924316,,,0.010797728784382343
8148,30.0,1156,1.5570652484893799,,,0.006116490811109543
8149,29.0,1080,1.451467514038086,,,0.006400627549737692
8150,26.0,1093,1.4719264507293701,,,0.011156256310641766
8151,19.0,801,1.0835835933685303,,,0.0063153887167572975
8152,26.0,951,1.2806727886199951,,,0.007864432409405708
8153,30.0,1078,1.4497976303100586,,,0.007470905315130949
8154,29.0,1226,1.6401417255401611,,,0.024528618901968002
8155,31.0,1232,1.6548075675964355,,,0.006641026120632887
8156,24.0,793,1.0670125484466553,,,0.005495667457580566
8157,31.0,1181,1.5820996761322021,,,0.009037716314196587
8158,20.0,813,1.1021604537963867,,,0.010709192603826523
8159,32.0,1435,1.9299726486206055,,,0.0068281423300504684
8160,12.0,613,0.8402214050292969,,,0.0076447357423603535
8161,32.0,1175,1.5817933082580566,,,0.00902507547289133
8162,32.0,1400,1.8747937679290771,,,0.007674193009734154
8163,26.0,960,1.2995405197143555,,,0.011247077025473118
8164,19.0,727,0.9844241142272949,,,0.005073522683233023
8165,31.0,1098,1.4878287315368652,,,0.009221263229846954
8166,25.0,1041,1.4087002277374268,,,0.010013125836849213
8167,24.0,966,1.307305097579956,,,0.008550970815122128
8168,28.0,1067,1.4370977878570557,,,0.008523024618625641
8169,29.0,1121,1.5129551887512207,,,0.0075890370644629
8170,21.0,769,1.0402352809906006,,,0.011950555257499218
8171,29.0,1033,1.3951561450958252,,,0.01180755440145731
8172,26.0,919,1.2405076026916504,,,0.014196627773344517
8173,44.0,1559,2.0866811275482178,,,0.010344566777348518
8174,33.0,1136,1.5031564235687256,,,0.007929963991045952
8175,23.0,927,1.2482013702392578,,,0.00902198813855648
8176,22.0,828,1.1206555366516113,,,0.01030433364212513
8177,28.0,1156,1.5581870079040527,,,0.0058488864451646805
8178,29.0,1395,1.8750040531158447,,,0.010741230100393295
8179,31.0,1043,1.3978886604309082,,,0.004604272544384003
8180,32.0,1117,1.4886448383331299,,,0.009308597072958946
8181,25.0,925,1.236379861831665,,,0.00594306131824851
8182,29.0,1064,1.422109603881836,,,0.007226776331663132
8183,32.0,1152,1.5315089225769043,,,0.00876650121062994
8184,38.0,1249,1.6609978675842285,,,0.008023776113986969
8185,33.0,852,1.1405158042907715,,,0.004749360028654337
8186,32.0,1097,1.4629075527191162,,,0.011507149785757065
8187,33.0,1183,1.5735628604888916,,,0.013233120553195477
8188,32.0,1169,1.566584825515747,,,0.006801612675189972
8189,16.0,853,1.1655068397521973,,,0.008052372373640537
8190,37.0,1621,2.1747686862945557,,,0.006042935885488987
8191,30.0,1233,1.650057315826416,,,0.016481488943099976
8192,29.0,953,1.273369550704956,,,0.007349181454628706
8193,27.0,1121,1.510411024093628,,,0.009958960115909576
8194,29.0,1185,1.5873818397521973,,,0.011977110058069229
8195,27.0,1009,1.3668785095214844,,,0.008683168329298496
8196,32.0,1259,1.684572696685791,,,0.008061173371970654
8197,29.0,1097,1.4832336902618408,,,0.010776366107165813
8198,27.0,1176,1.586967945098877,,,0.011291352100670338
8199,33.0,1148,1.549741506576538,,,0.006620354950428009
8200,30.0,1061,1.4330432415008545,,,0.010868794284760952
8201,29.0,1224,1.6425423622131348,,,0.00933576375246048
8202,6.0,533,0.728034257888794,,,0.011710715480148792
8203,26.0,1137,1.5263710021972656,,,0.005634745117276907
8204,31.0,1200,1.6091606616973877,,,0.01221567764878273
8205,31.0,1096,1.4669861793518066,,,0.01581861637532711
8206,33.0,1060,1.4173080921173096,,,0.008238275535404682
8207,29.0,962,1.2931549549102783,,,0.03256136178970337
8208,27.0,1227,1.637542486190796,,,0.006922116968780756
8209,28.0,1351,1.8138597011566162,,,0.010291224345564842
8210,34.0,1497,2.01218318939209,,,0.008339593186974525
8211,30.0,1195,1.6109724044799805,,,0.006590106524527073
8212,30.0,1141,1.5313239097595215,,,0.011211570352315903
8213,33.0,1145,1.5306808948516846,,,0.006883526686578989
8214,31.0,1159,1.558666706085205,,,0.011381897144019604
8215,32.0,1344,1.7895512580871582,,,0.005298108793795109
8216,31.0,1074,1.4504001140594482,,,0.011207576841115952
8217,32.0,1098,1.4853768348693848,,,0.006320612970739603
8218,31.0,1249,1.6808531284332275,,,0.008090265095233917
8219,24.0,971,1.3208961486816406,,,0.008228491991758347
8220,30.0,1036,1.4006304740905762,,,0.012292658910155296
8221,30.0,1371,1.841649055480957,,,0.009040668606758118
8222,33.0,1055,1.4234089851379395,,,0.006839780602604151
8223,33.0,1309,1.7578577995300293,,,0.0050958795472979546
8224,25.0,1110,1.505115032196045,,,0.0048345401883125305
8225,21.0,857,1.1678266525268555,,,0.009007595479488373
8226,38.0,1423,1.9130795001983643,,,0.00822252593934536
8227,32.0,1175,1.5578670501708984,,,0.009598108939826488
8228,33.0,1272,1.7069261074066162,,,0.007136824540793896
8229,30.0,1254,1.660917043685913,,,0.009294501505792141
8230,33.0,1211,1.606111764907837,,,0.01072921883314848
8231,29.0,1175,1.5587689876556396,,,0.012220323085784912
8232,27.0,851,1.1308908462524414,,,0.006193752866238356
8233,26.0,792,1.0631623268127441,,,0.022868437692523003
8234,31.0,1226,1.630387544631958,,,0.011306410655379295
8235,30.0,1142,1.505246877670288,,,0.008814784698188305
8236,32.0,1309,1.7611095905303955,,,0.011216024868190289
8237,33.0,1115,1.4779222011566162,,,0.013765519484877586
8238,32.0,1172,1.5655138492584229,,,0.008083256892859936
8239,27.0,985,1.3173134326934814,,,0.015282697975635529
8240,28.0,1036,1.3787941932678223,,,0.008999908342957497
8241,31.0,1053,1.399163007736206,,,0.008209445513784885
8242,32.0,1087,1.444885015487671,,,0.013141985051333904
8243,28.0,1265,1.6870226860046387,,,0.0102232089266181
8244,32.0,939,1.2510178089141846,,,0.00797275360673666
8245,32.0,1329,1.7630486488342285,,,0.008329934440553188
8246,24.0,1109,1.471545934677124,,,0.01409453060477972
8247,30.0,1098,1.4618878364562988,,,0.009488696232438087
8248,30.0,1139,1.5316555500030518,,,0.0056669157929718494
8249,24.0,1129,1.5283877849578857,,,0.037821248173713684
8250,26.0,1112,1.49531888961792,,,0.007123718503862619
8251,32.0,1515,2.0174293518066406,,,0.007192529272288084
8252,32.0,1173,1.5808420181274414,,,0.013028396293520927
8253,24.0,912,1.2479090690612793,,,0.008558479137718678
8254,22.0,1077,1.4601612091064453,,,0.003472475800663233
8255,28.0,1300,1.7524852752685547,,,0.007385337259620428
8256,30.0,1191,1.6031463146209717,,,0.014193087816238403
8257,30.0,1387,1.8581082820892334,,,0.008133613504469395
8258,32.0,1227,1.6388380527496338,,,0.0051898043602705
8259,28.0,1101,1.4737200736999512,,,0.011724510230123997
8260,25.0,927,1.2540702819824219,,,0.009024973958730698
8261,27.0,815,1.0956733226776123,,,0.009357803501188755
8262,38.0,1287,1.7257013320922852,,,0.014823119156062603
8263,30.0,1273,1.6896653175354004,,,0.00803766306489706
8264,29.0,1099,1.4594733715057373,,,0.01407065149396658
8265,32.0,1217,1.639732837677002,,,0.006645588204264641
8266,31.0,1377,1.8464174270629883,,,0.006605379283428192
8267,39.0,1467,1.981748104095459,,,0.008337154984474182
8268,32.0,1161,1.5556282997131348,,,0.009754296392202377
8269,14.0,614,0.8357923030853271,,,0.008465971797704697
8270,33.0,1115,1.4976806640625,,,0.009248320013284683
8271,30.0,1272,1.7139346599578857,,,0.011295748874545097
8272,33.0,1122,1.5005276203155518,,,0.013628453947603703
8273,33.0,1329,1.7808396816253662,,,0.015510452911257744
8274,32.0,1479,1.9907751083374023,,,0.0052190967835485935
8275,31.0,1312,1.7587740421295166,,,0.009390446357429028
8276,29.0,1231,1.6547882556915283,,,0.009637994691729546
8277,33.0,1400,1.875136137008667,,,0.012175914831459522
8278,30.0,965,1.3020961284637451,,,0.042578041553497314
8279,31.0,1254,1.6591756343841553,,,0.00955883227288723
8280,31.0,1441,1.903137445449829,,,0.0075851562432944775
8281,32.0,1373,1.8174896240234375,,,0.00818755105137825
8282,32.0,1153,1.5284979343414307,,,0.005827018991112709
8283,30.0,1295,1.705491304397583,,,0.00566417770460248
8284,33.0,1096,1.4704959392547607,,,0.005432605277746916
8285,28.0,919,1.251157522201538,,,0.010066241957247257
8286,30.0,1017,1.3710317611694336,,,0.005861713085323572
8287,31.0,1052,1.4209694862365723,,,0.008005025796592236
8288,36.0,1370,1.8433036804199219,,,0.005950579419732094
8289,31.0,1191,1.5898911952972412,,,0.00866421777755022
8290,42.0,1409,1.8950908184051514,,,0.007181741762906313
8291,31.0,1185,1.58668851852417,,,0.013208754360675812
8292,30.0,1287,1.7136266231536865,,,0.01235643494874239
8293,28.0,916,1.2470462322235107,,,0.0089386235922575
8294,30.0,926,1.2504594326019287,,,0.021315209567546844
8295,26.0,893,1.2085649967193604,,,0.012521322816610336
8296,32.0,1057,1.4245667457580566,,,0.033970072865486145
8297,53.0,1733,2.349111318588257,,,0.00826878659427166
8298,32.0,962,1.2922239303588867,,,0.010094837285578251
8299,31.0,1253,1.685291051864624,,,0.015879249200224876
8300,27.0,1075,1.4518706798553467,,,0.010389174334704876
8301,28.0,1013,1.3780725002288818,,,0.009368238970637321
8302,20.0,694,0.9498159885406494,,,0.015852035954594612
8303,33.0,1440,1.9308481216430664,,,0.006941689178347588
8304,29.0,1162,1.554107427597046,,,0.017031194642186165
8305,5.0,372,0.5152263641357422,,,0.008914641104638577
8306,25.0,1019,1.3836209774017334,,,0.013338991440832615
8307,26.0,1206,1.6320757865905762,,,0.007300738710910082
8308,28.0,1150,1.5457322597503662,,,0.01073989924043417
8309,29.0,1044,1.4159879684448242,,,0.011689595878124237
8310,24.0,874,1.1933162212371826,,,0.007751214783638716
8311,33.0,1113,1.4920918941497803,,,0.016309252008795738
8312,26.0,1048,1.4129185676574707,,,0.009217002429068089
8313,31.0,1204,1.6246695518493652,,,0.0098113426938653
8314,32.0,1329,1.7813513278961182,,,0.009773988276720047
8315,26.0,885,1.1899611949920654,,,0.011453693732619286
8316,27.0,873,1.1703779697418213,,,0.015155897475779057
8317,30.0,1359,1.7979462146759033,,,0.014746198430657387
8318,31.0,1000,1.3318414688110352,,,0.004865673370659351
8319,31.0,1315,1.743762493133545,,,0.005953997373580933
8320,29.0,1004,1.3517954349517822,,,0.010783796198666096
8321,30.0,1255,1.6984014511108398,,,0.014522166922688484
8322,28.0,1162,1.5684747695922852,,,0.008672267198562622
8323,20.0,751,1.0336627960205078,,,0.008525409735739231
8324,32.0,1197,1.6057825088500977,,,0.005293197929859161
8325,32.0,1259,1.693915843963623,,,0.011053682304918766
8326,11.0,538,0.7397952079772949,,,0.011667956598103046
8327,29.0,1167,1.5702178478240967,,,0.007922499440610409
8328,30.0,954,1.290302038192749,,,0.013335773721337318
8329,28.0,1119,1.5022680759429932,,,0.01462307758629322
8330,59.0,2031,2.733139753341675,,,0.009145800024271011
8331,31.0,1339,1.7935962677001953,,,0.01601986773312092
8332,26.0,1010,1.3772046566009521,,,0.004723284859210253
8333,25.0,927,1.245051622390747,,,0.01055810134857893
8334,23.0,1007,1.3677258491516113,,,0.00569451879709959
8335,32.0,1110,1.4797415733337402,,,0.0083963293582201
8336,30.0,987,1.3155708312988281,,,0.01001912821084261
8337,34.0,1205,1.6164324283599854,,,0.006458431947976351
8338,30.0,1239,1.6445159912109375,,,0.009409315884113312
8339,16.0,619,0.8366475105285645,,,0.01998327113687992
8340,31.0,1220,1.6161987781524658,,,0.009658750146627426
8341,22.0,748,1.0231435298919678,,,0.008140834979712963
8342,30.0,1115,1.4954800605773926,,,0.009129118174314499
8343,26.0,1178,1.596003770828247,,,0.009593584574759007
8344,31.0,1052,1.4027674198150635,,,0.00951650831848383
8345,25.0,1012,1.359375238418579,,,0.02248179167509079
8346,25.0,1243,1.6682276725769043,,,0.010271440260112286
8347,28.0,917,1.237992525100708,,,0.006764822173863649
8348,32.0,1030,1.3828332424163818,,,0.017789728939533234
8349,28.0,1179,1.5814740657806396,,,0.0059664687141776085
8350,25.0,983,1.3239951133728027,,,0.007057400420308113
8351,27.0,951,1.2803666591644287,,,0.005783405154943466
8352,30.0,1175,1.5610096454620361,,,0.014728273265063763
8353,30.0,873,1.1870102882385254,,,0.007754887919872999
8354,32.0,1130,1.499450922012329,,,0.005982012487947941
8355,29.0,1069,1.4211418628692627,,,0.006560806650668383
8356,31.0,1165,1.5500683784484863,,,0.012005499564111233
8357,42.0,1528,2.068250894546509,,,0.015121696516871452
8358,25.0,1029,1.3920207023620605,,,0.008448137901723385
8359,32.0,1201,1.6165847778320312,,,0.007148698903620243
8360,30.0,999,1.3355956077575684,,,0.005072059575468302
8361,20.0,883,1.1994423866271973,,,0.018584730103611946
8362,33.0,1070,1.4365229606628418,,,0.007842722348868847
8363,28.0,1170,1.565678358078003,,,0.009218559600412846
8364,25.0,799,1.0715978145599365,,,0.008831202052533627
8365,31.0,1285,1.7054269313812256,,,0.004697941709309816
8366,27.0,1032,1.3786404132843018,,,0.006227320991456509
8367,31.0,1193,1.5855119228363037,,,0.00989434216171503
8368,21.0,891,1.2042226791381836,,,0.012271159328520298
8369,27.0,869,1.1795461177825928,,,0.011557647958397865
8370,28.0,1128,1.516202449798584,,,0.007891019806265831
8371,26.0,1150,1.5541660785675049,,,0.006731529254466295
8372,31.0,1152,1.5524182319641113,,,0.010173837654292583
8373,25.0,940,1.270707130432129,,,0.008652905933558941
8374,31.0,1188,1.6035897731781006,,,0.013069955632090569
8375,31.0,1350,1.8223073482513428,,,0.016514604911208153
8376,29.0,1178,1.592097520828247,,,0.013057329691946507
8377,29.0,1005,1.355339765548706,,,0.004865926690399647
8378,32.0,1100,1.4869275093078613,,,0.008071444928646088
8379,30.0,1293,1.7374823093414307,,,0.017499934881925583
8380,32.0,958,1.290771722793579,,,0.01571883261203766
8381,25.0,974,1.333545446395874,,,0.02313239313662052
8382,31.0,997,1.3446991443634033,,,0.010896358639001846
8383,32.0,1294,1.7319810390472412,,,0.012398315593600273
8384,27.0,1305,1.7586719989776611,,,0.013536800630390644
8385,32.0,1302,1.741492748260498,,,0.00848638080060482
8386,28.0,910,1.2344796657562256,,,0.021202867850661278
8387,31.0,1071,1.4439125061035156,,,0.005291324108839035
8388,32.0,1205,1.6002635955810547,,,0.015419790521264076
8389,31.0,1205,1.6107594966888428,,,0.006114352028816938
8390,32.0,1270,1.6888892650604248,,,0.009597133845090866
8391,24.0,989,1.3228437900543213,,,0.009871479123830795
8392,32.0,1149,1.5196218490600586,,,0.009675879031419754
8393,25.0,867,1.1614885330200195,,,0.018487494438886642
8394,31.0,1181,1.5688767433166504,,,0.011595913209021091
8395,30.0,1089,1.4539504051208496,,,0.015707658603787422
8396,31.0,955,1.2761683464050293,,,0.00925862230360508
8397,34.0,1153,1.5303606986999512,,,0.011794008314609528
8398,32.0,1144,1.5354857444763184,,,0.015120210126042366
8399,7.0,614,0.8390448093414307,,,0.01312327478080988
8400,31.0,1019,1.3718180656433105,,,0.009813527576625347
8401,30.0,1125,1.5133757591247559,,,0.008927981369197369
8402,31.0,1075,1.450007677078247,,,0.00890500657260418
8403,26.0,944,1.2808902263641357,,,0.010836462490260601
8404,50.0,1926,2.6011171340942383,,,0.015078801661729813
8405,31.0,1064,1.4335243701934814,,,0.0073135653510689735
8406,33.0,930,1.2565984725952148,,,0.007174599450081587
8407,29.0,1035,1.4005706310272217,,,0.008943211287260056
8408,32.0,1253,1.677915096282959,,,0.011566421017050743
8409,26.0,897,1.2172043323516846,,,0.015621582977473736
8410,32.0,1262,1.6937751770019531,,,0.0085521899163723
8411,28.0,1311,1.7704322338104248,,,0.008196849375963211
8412,30.0,1197,1.602323293685913,,,0.008968581445515156
8413,31.0,1087,1.4445648193359375,,,0.006925749126821756
8414,23.0,962,1.2885456085205078,,,0.005827362183481455
8415,31.0,1102,1.4635493755340576,,,0.0043847463093698025
8416,14.0,641,0.8627276420593262,,,0.005788162816315889
8417,32.0,1182,1.5678942203521729,,,0.0075248838402330875
8418,31.0,1076,1.4367969036102295,,,0.005907617975026369
8419,32.0,1290,1.7334623336791992,,,0.009259944781661034
8420,30.0,1089,1.4574289321899414,,,0.011135920882225037
8421,21.0,825,1.1189277172088623,,,0.007518166676163673
8422,20.0,1023,1.3821182250976562,,,0.007020168472081423
8423,29.0,969,1.3149070739746094,,,0.010460701771080494
8424,32.0,1261,1.7037346363067627,,,0.004073599353432655
8425,26.0,912,1.2418549060821533,,,0.00519554503262043
8426,31.0,1467,1.972050666809082,,,0.014608830213546753
8427,32.0,1163,1.558302879333496,,,0.01089928112924099
8428,31.0,1086,1.4684185981750488,,,0.007289598695933819
8429,26.0,947,1.2778313159942627,,,0.018026994541287422
8430,24.0,955,1.292447566986084,,,0.008308629505336285
8431,28.0,1008,1.3647737503051758,,,0.007610198576003313
8432,34.0,1251,1.6855673789978027,,,0.0044160038232803345
8433,24.0,886,1.2071819305419922,,,0.0046958583407104015
8434,32.0,1210,1.6287610530853271,,,0.015546584501862526
8435,28.0,1113,1.4972338676452637,,,0.010085719637572765
8436,31.0,971,1.3104243278503418,,,0.010495475493371487
8437,31.0,1096,1.483457326889038,,,0.009956286288797855
8438,32.0,1077,1.4463927745819092,,,0.006203424651175737
8439,22.0,832,1.1300420761108398,,,0.010262904688715935
8440,19.0,737,0.9988512992858887,,,0.015219666995108128
8441,32.0,1384,1.857764720916748,,,0.010282916948199272
8442,32.0,1214,1.6117947101593018,,,0.005745463538914919
8443,29.0,942,1.271547555923462,,,0.006377961952239275
8444,22.0,827,1.1199681758880615,,,0.004829945508390665
8445,32.0,1116,1.500493049621582,,,0.013101063668727875
8446,27.0,1037,1.3972530364990234,,,0.014453056268393993
8447,42.0,1383,1.863778829574585,,,0.013215064071118832
8448,35.0,1457,1.959618091583252,,,0.01096522156149149
8449,36.0,1326,1.7802228927612305,,,0.007982833310961723
8450,32.0,1084,1.4580433368682861,,,0.01219217386096716
8451,32.0,1173,1.574873924255371,,,0.008944022469222546
8452,31.0,995,1.338010549545288,,,0.013752599246799946
8453,31.0,965,1.300429105758667,,,0.015517582185566425
8454,26.0,831,1.1295394897460938,,,0.017933012917637825
8455,30.0,1228,1.6512014865875244,,,0.006188997067511082
8456,31.0,1357,1.813612461090088,,,0.01484074629843235
8457,25.0,926,1.2554535865783691,,,0.006412046495825052
8458,33.0,1247,1.6725587844848633,,,0.012705243192613125
8459,25.0,1036,1.398923635482788,,,0.018539639189839363
8460,24.0,921,1.230278491973877,,,0.015185109339654446
8461,24.0,1017,1.369359016418457,,,0.00985500868409872
8462,31.0,1255,1.664194107055664,,,0.006991538684815168
8463,31.0,1249,1.649864673614502,,,0.011941359378397465
8464,28.0,1273,1.6909799575805664,,,0.017091605812311172
8465,32.0,1175,1.5610558986663818,,,0.03400624543428421
8466,28.0,1134,1.5144052505493164,,,0.02266569621860981
8467,28.0,1033,1.3729918003082275,,,0.01046820916235447
8468,25.0,922,1.226475477218628,,,0.012038844637572765
8469,32.0,1260,1.675652027130127,,,0.013851949945092201
8470,16.0,736,1.0060725212097168,,,0.009558559395372868
8471,28.0,919,1.2474024295806885,,,0.015772681683301926
8472,33.0,1020,1.3653018474578857,,,0.012741178274154663
8473,31.0,1119,1.5104351043701172,,,0.01875760592520237
8474,22.0,835,1.1220557689666748,,,0.013402563519775867
8475,28.0,983,1.3118410110473633,,,0.009668663144111633
8476,30.0,1160,1.5409862995147705,,,0.00800137035548687
8477,32.0,1238,1.6456935405731201,,,0.009163127280771732
8478,28.0,765,1.0210237503051758,,,0.005171149969100952
8479,34.0,1234,1.6434683799743652,,,0.026183201000094414
8480,22.0,751,1.0123393535614014,,,0.01428907085210085
8481,6.0,526,0.7172467708587646,,,0.014034371823072433
8482,18.0,841,1.1294527053833008,,,0.009198454208672047
8483,19.0,821,1.102198839187622,,,0.010401371866464615
8484,30.0,1292,1.7297847270965576,,,0.013119183480739594
8485,19.0,708,0.9667432308197021,,,0.007391783874481916
8486,29.0,1069,1.4491071701049805,,,0.008825181983411312
8487,33.0,897,1.218477725982666,,,0.005989119876176119
8488,31.0,1193,1.5979547500610352,,,0.004965002648532391
8489,32.0,947,1.285376787185669,,,0.003710768884047866
8490,24.0,748,1.0150368213653564,,,0.01604815199971199
8491,34.0,1063,1.4176788330078125,,,0.005504921544343233
8492,29.0,1039,1.4037556648254395,,,0.007709873840212822
8493,33.0,1159,1.549055576324463,,,0.008612575009465218
8494,29.0,965,1.2905519008636475,,,0.009588352404534817
8495,12.0,727,0.9885730743408203,,,0.014001335948705673
8496,32.0,961,1.2859876155853271,,,0.014539927244186401
8497,23.0,735,1.0024945735931396,,,0.013263611122965813
8498,29.0,945,1.2663359642028809,,,0.013373255729675293
8499,27.0,1058,1.4234802722930908,,,0.012770759873092175
8500,25.0,757,1.0231294631958008,,,0.00803382694721222
8501,33.0,1389,1.8458256721496582,,,0.008982549421489239
8502,53.0,1605,2.1694657802581787,,,0.015899857506155968
8503,24.0,933,1.2612829208374023,,,0.00485025392845273
8504,30.0,1175,1.5646109580993652,,,0.013865718618035316
8505,15.0,831,1.1330647468566895,,,0.006203578319400549
8506,24.0,919,1.2434797286987305,,,0.014596040360629559
8507,32.0,1329,1.7858903408050537,,,0.010172821581363678
8508,34.0,927,1.2497384548187256,,,0.008605406619608402
8509,28.0,1227,1.6514220237731934,,,0.006183480843901634
8510,27.0,962,1.2868516445159912,,,0.006972210481762886
8511,22.0,857,1.1414740085601807,,,0.012090042233467102
8512,37.0,1272,1.692732810974121,,,0.012304636649787426
8513,27.0,1185,1.5857291221618652,,,0.009493222460150719
8514,17.0,777,1.0484843254089355,,,0.006961158011108637
8515,31.0,971,1.283839464187622,,,0.01795225962996483
8516,32.0,1201,1.5940203666687012,,,0.005698587279766798
8517,30.0,1049,1.397552251815796,,,0.007721500936895609
8518,22.0,846,1.1449041366577148,,,0.017903300002217293
8519,32.0,1231,1.6465778350830078,,,0.008659624494612217
8520,32.0,1392,1.8576531410217285,,,0.004874855279922485
8521,28.0,999,1.3563132286071777,,,0.016659947112202644
8522,32.0,1439,1.9220213890075684,,,0.005410817917436361
8523,29.0,1041,1.40679931640625,,,0.009308713488280773
8524,23.0,728,0.9949204921722412,,,0.008191337808966637
8525,26.0,979,1.3157005310058594,,,0.019985707476735115
8526,34.0,1021,1.3597216606140137,,,0.0137521643191576
8527,20.0,911,1.229602575302124,,,0.020151305943727493
8528,22.0,900,1.215761423110962,,,0.010671109892427921
8529,32.0,1161,1.5455031394958496,,,0.017978578805923462
8530,32.0,1286,1.6987240314483643,,,0.011466403491795063
8531,32.0,1152,1.537585973739624,,,0.01885705068707466
8532,30.0,965,1.301499366760254,,,0.0070329937152564526
8533,32.0,1101,1.4839909076690674,,,0.010899689979851246
8534,31.0,1147,1.542212963104248,,,0.006887383293360472
8535,16.0,802,1.0887393951416016,,,0.006024276837706566
8536,32.0,1116,1.4938416481018066,,,0.026140499860048294
8537,30.0,1218,1.6472973823547363,,,0.011025001294910908
8538,20.0,929,1.2617862224578857,,,0.007539191283285618
8539,8.0,635,0.8696584701538086,,,0.004846298601478338
8540,29.0,1111,1.491105318069458,,,0.007422943599522114
8541,19.0,715,0.9685547351837158,,,0.010055361315608025
8542,30.0,1210,1.6174838542938232,,,0.006103017833083868
8543,28.0,967,1.309804916381836,,,0.011254747398197651
8544,29.0,979,1.3159689903259277,,,0.014661322347819805
8545,30.0,891,1.2031304836273193,,,0.00964138749986887
8546,19.0,813,1.1073448657989502,,,0.0063445973210036755
8547,25.0,919,1.2438578605651855,,,0.015475020743906498
8548,24.0,884,1.1993498802185059,,,0.013001902028918266
8549,26.0,1129,1.52036714553833,,,0.012591030448675156
8550,32.0,1091,1.4627354145050049,,,0.011688555590808392
8551,26.0,1006,1.3724703788757324,,,0.010985416360199451
8552,29.0,1157,1.5581190586090088,,,0.011856376193463802
8553,30.0,1107,1.4902591705322266,,,0.01250505167990923
8554,35.0,1623,2.173030376434326,,,0.013334814459085464
8555,24.0,807,1.0885300636291504,,,0.015523762442171574
8556,31.0,1223,1.6408545970916748,,,0.014637514017522335
8557,30.0,1069,1.4423701763153076,,,0.015982195734977722
8558,21.0,783,1.0655107498168945,,,0.022280680015683174
8559,25.0,925,1.2582554817199707,,,0.007774458732455969
8560,24.0,827,1.119619607925415,,,0.0074009676463902
8561,31.0,1111,1.4752073287963867,,,0.005900172982364893
8562,30.0,1243,1.6742730140686035,,,0.00543641485273838
8563,31.0,1158,1.5575461387634277,,,0.00826890580356121
8564,31.0,1051,1.4176084995269775,,,0.007436998654156923
8565,32.0,1362,1.8321645259857178,,,0.016485773026943207
8566,27.0,1130,1.5279912948608398,,,0.012690327130258083
8567,25.0,874,1.1767735481262207,,,0.011885464191436768
8568,32.0,1091,1.453688144683838,,,0.010591292753815651
8569,28.0,1115,1.5022425651550293,,,0.012502949684858322
8570,32.0,1067,1.4341950416564941,,,0.0073522282764315605
8571,26.0,934,1.2471427917480469,,,0.007958619855344296
8572,28.0,927,1.2405991554260254,,,0.014006700366735458
8573,32.0,1171,1.5485689640045166,,,0.008678092621266842
8574,31.0,1162,1.5509214401245117,,,0.009965932928025723
8575,27.0,1064,1.4214458465576172,,,0.008666588924825191
8576,29.0,1173,1.573176622390747,,,0.009371308609843254
8577,25.0,956,1.2991511821746826,,,0.006251511164009571
8578,25.0,1015,1.3813512325286865,,,0.010257672518491745
8579,32.0,1070,1.435410976409912,,,0.008035421371459961
8580,33.0,1158,1.5559933185577393,,,0.009886367246508598
8581,32.0,1322,1.7761659622192383,,,0.011251712217926979
8582,24.0,783,1.0552971363067627,,,0.007842830382287502
8583,22.0,804,1.0901739597320557,,,0.009927923791110516
8584,32.0,1445,1.9523680210113525,,,0.006903332192450762
8585,29.0,1225,1.665198802947998,,,0.013596403412520885
8586,54.0,1861,2.5095736980438232,,,0.009502573870122433
8587,3.0,343,0.46976423263549805,,,0.007809101138263941
8588,29.0,1043,1.408052682876587,,,0.006411956623196602
8589,25.0,791,1.0780751705169678,,,0.010182388126850128
8590,23.0,886,1.1967060565948486,,,0.01128551084548235
8591,45.0,1745,2.3344197273254395,,,0.011789008975028992
8592,31.0,1052,1.4007868766784668,,,0.009384926408529282
8593,31.0,1370,1.8248374462127686,,,0.007156995125114918
8594,32.0,1193,1.5780870914459229,,,0.007034556474536657
8595,30.0,1122,1.4912283420562744,,,0.011164670810103416
8596,31.0,1109,1.467432975769043,,,0.010055061429738998
8597,31.0,1107,1.4679479598999023,,,0.014284754171967506
8598,32.0,1539,2.0462677478790283,,,0.019420446828007698
8599,31.0,1025,1.3577196598052979,,,0.007183119188994169
8600,31.0,1145,1.5419580936431885,,,0.004757319577038288
8601,19.0,931,1.2672662734985352,,,0.00821652915328741
8602,30.0,1203,1.610492467880249,,,0.00452216062694788
8603,50.0,1796,2.420736312866211,,,0.013184281066060066
8604,23.0,874,1.182732343673706,,,0.011997056193649769
8605,31.0,1315,1.77193284034729,,,0.007555040996521711
8606,27.0,963,1.294132947921753,,,0.007500916253775358
8607,25.0,964,1.312349796295166,,,0.007803169544786215
8608,30.0,1244,1.6665277481079102,,,0.01488936971873045
8609,40.0,1443,1.9524598121643066,,,0.013199448585510254
8610,37.0,1255,1.684807538986206,,,0.0096792196854949
8611,32.0,1157,1.5604972839355469,,,0.011857963167130947
8612,29.0,1086,1.4666376113891602,,,0.014216315932571888
8613,29.0,1187,1.5825285911560059,,,0.008856627158820629
8614,32.0,1237,1.6427912712097168,,,0.01011191587895155
8615,27.0,979,1.3041536808013916,,,0.004482438787817955
8616,31.0,1133,1.506631851196289,,,0.007042587734758854
8617,30.0,1167,1.5668790340423584,,,0.01245539914816618
8618,30.0,1097,1.4734125137329102,,,0.01779310032725334
8619,24.0,1001,1.346264362335205,,,0.018489845097064972
8620,31.0,1050,1.395240068435669,,,0.011633793823421001
8621,22.0,871,1.180718183517456,,,0.013920726254582405
8622,45.0,1725,2.3210995197296143,,,0.014441710896790028
8623,30.0,1091,1.4761481285095215,,,0.007418671622872353
8624,25.0,1049,1.42978835105896,,,0.019082816317677498
8625,58.0,1757,2.381409168243408,,,0.00614760909229517
8626,29.0,1039,1.3857038021087646,,,0.007082250434905291
8627,26.0,1139,1.5211083889007568,,,0.012068512849509716
8628,30.0,939,1.2639005184173584,,,0.00980351772159338
8629,29.0,827,1.1176767349243164,,,0.006923102308064699
8630,21.0,975,1.3072967529296875,,,0.010394741781055927
8631,11.0,792,1.0631918907165527,,,0.0042010219767689705
8632,31.0,1257,1.6741206645965576,,,0.01689760573208332
8633,30.0,967,1.307394027709961,,,0.006651620380580425
8634,18.0,799,1.087399959564209,,,0.012459528632462025
8635,30.0,1109,1.4920809268951416,,,0.011770842596888542
8636,22.0,683,0.9341375827789307,,,0.01410118117928505
8637,33.0,1003,1.3434033393859863,,,0.0085526742041111
8638,15.0,591,0.8032681941986084,,,0.010116989724338055
8639,22.0,941,1.2584900856018066,,,0.00792889017611742
8640,20.0,908,1.223524808883667,,,0.00830460712313652
8641,32.0,1160,1.5576550960540771,,,0.007782662753015757
8642,30.0,1099,1.4774067401885986,,,0.00902646966278553
8643,32.0,1334,1.7821986675262451,,,0.011128909885883331
8644,33.0,1151,1.5265312194824219,,,0.009921449236571789
8645,25.0,981,1.3290503025054932,,,0.00900840200483799
8646,32.0,1200,1.5844099521636963,,,0.014298462308943272
8647,31.0,1211,1.5973610877990723,,,0.007854985073208809
8648,36.0,1560,2.069479465484619,,,0.00947305466979742
8649,33.0,1062,1.427365779876709,,,0.012086893431842327
8650,25.0,858,1.1607778072357178,,,0.007114609237760305
8651,30.0,1301,1.7413945198059082,,,0.008215028792619705
8652,16.0,720,0.9870314598083496,,,0.013569008558988571
8653,32.0,1073,1.4449942111968994,,,0.01054115779697895
8654,27.0,1228,1.6603500843048096,,,0.012908038683235645
8655,32.0,958,1.2888431549072266,,,0.007703088689595461
8656,27.0,1009,1.3592109680175781,,,0.008497246541082859
8657,30.0,1137,1.5286991596221924,,,0.004213353153318167
8658,29.0,1052,1.4083647727966309,,,0.00598144019022584
8659,29.0,1157,1.5577356815338135,,,0.007056108675897121
8660,28.0,1181,1.59639573097229,,,0.01616203971207142
8661,23.0,777,1.063445806503296,,,0.007338535040616989
8662,32.0,1060,1.4288482666015625,,,0.009583442471921444
8663,28.0,1011,1.3643293380737305,,,0.00934051163494587
8664,32.0,1252,1.6789755821228027,,,0.010884442366659641
8665,30.0,1241,1.6643283367156982,,,0.013372128829360008
8666,23.0,981,1.3291184902191162,,,0.012363802641630173
8667,31.0,1213,1.6262164115905762,,,0.01889036037027836
8668,32.0,1413,1.8955128192901611,,,0.01527195330709219
8669,31.0,1063,1.426081657409668,,,0.028052521869540215
8670,31.0,1270,1.704350471496582,,,0.01107834279537201
8671,31.0,955,1.2728583812713623,,,0.009271222166717052
8672,19.0,763,1.021432638168335,,,0.009669357910752296
8673,31.0,1190,1.6073696613311768,,,0.0038175873924046755
8674,32.0,975,1.297839879989624,,,0.013204921036958694
8675,31.0,1337,1.794680118560791,,,0.020507406443357468
8676,27.0,1132,1.5138320922851562,,,0.009014406241476536
8677,33.0,1083,1.4300892353057861,,,0.031249715015292168
8678,31.0,925,1.2404515743255615,,,0.009245146065950394
8679,31.0,1175,1.5649924278259277,,,0.040058862417936325
8680,31.0,1401,1.880497694015503,,,0.012816471979022026
8681,31.0,1118,1.5057106018066406,,,0.009008120745420456
8682,25.0,899,1.2065632343292236,,,0.010339880362153053
8683,31.0,1345,1.8074045181274414,,,0.015094359405338764
8684,25.0,1006,1.3582725524902344,,,0.00422345707193017
8685,32.0,1371,1.8467371463775635,,,0.011673578061163425
8686,27.0,1152,1.5411605834960938,,,0.006882683839648962
8687,25.0,875,1.1853954792022705,,,0.007350437808781862
8688,32.0,1110,1.4910352230072021,,,0.0033150138333439827
8689,31.0,1131,1.520935297012329,,,0.01362636312842369
8690,32.0,1163,1.5630347728729248,,,0.007018956821411848
8691,24.0,833,1.1253557205200195,,,0.018802152946591377
8692,32.0,1121,1.5111773014068604,,,0.006875318940728903
8693,9.0,535,0.7289321422576904,,,0.007366264704614878
8694,28.0,1117,1.4909324645996094,,,0.009263313375413418
8695,30.0,1169,1.5502073764801025,,,0.004875174257904291
8696,27.0,989,1.3328285217285156,,,0.0073771909810602665
8697,16.0,676,0.917600154876709,,,0.00977451354265213
8698,32.0,1077,1.4473838806152344,,,0.012006781995296478
8699,13.0,621,0.846564531326294,,,0.006551769096404314
8700,30.0,1072,1.4458885192871094,,,0.007538863457739353
8701,8.0,530,0.7208986282348633,,,0.013644509017467499
8702,28.0,1003,1.3482532501220703,,,0.010034391656517982
8703,32.0,1130,1.504460334777832,,,0.008608652278780937
8704,26.0,955,1.2683329582214355,,,0.007102936506271362
8705,28.0,1123,1.5166354179382324,,,0.017085416242480278
8706,27.0,849,1.1469981670379639,,,0.009964114986360073
8707,33.0,1140,1.5327811241149902,,,0.010841774754226208
8708,30.0,1057,1.4160161018371582,,,0.008650989271700382
8709,21.0,791,1.0625367164611816,,,0.009633298963308334
8710,28.0,1073,1.4287927150726318,,,0.012329211458563805
8711,27.0,926,1.258225440979004,,,0.01267094723880291
8712,31.0,1148,1.5354020595550537,,,0.007406407501548529
8713,31.0,1144,1.5450694561004639,,,0.007547489367425442
8714,31.0,1285,1.7332053184509277,,,0.01392130646854639
8715,26.0,834,1.1353800296783447,,,0.005682775750756264
8716,31.0,1279,1.7192223072052002,,,0.010516633279621601
8717,31.0,1014,1.3668856620788574,,,0.008596297353506088
8718,26.0,1027,1.3877899646759033,,,0.01044243760406971
8719,22.0,869,1.1805744171142578,,,0.009868308901786804
8720,44.0,1355,1.8049557209014893,,,0.013284072279930115
8721,26.0,828,1.1159992218017578,,,0.011080339550971985
8722,19.0,773,1.0491445064544678,,,0.010300299152731895
8723,30.0,1275,1.718104600906372,,,0.013342528603971004
8724,28.0,1079,1.4554944038391113,,,0.014001049101352692
8725,32.0,1070,1.4269702434539795,,,0.009251629002392292
8726,29.0,1165,1.5537161827087402,,,0.007404430769383907
8727,30.0,1085,1.441434383392334,,,0.009123669937252998
8728,37.0,1379,1.8432841300964355,,,0.012167103588581085
8729,18.0,645,0.8786444664001465,,,0.009433384984731674
8730,27.0,827,1.1212084293365479,,,0.01511458307504654
8731,37.0,1258,1.6916234493255615,,,0.013869131915271282
8732,20.0,773,1.0438470840454102,,,0.011775568127632141
8733,27.0,877,1.181082010269165,,,0.013741150498390198
8734,15.0,764,1.0318763256072998,,,0.008759967982769012
8735,33.0,1081,1.440006971359253,,,0.010567186400294304
8736,25.0,856,1.140343189239502,,,0.007157077547162771
8737,26.0,1102,1.474064588546753,,,0.009026569314301014
8738,29.0,945,1.2569491863250732,,,0.008857032284140587
8739,33.0,1080,1.4270803928375244,,,0.00911002978682518
8740,13.0,689,0.9344587326049805,,,0.004572064615786076
8741,22.0,811,1.0938479900360107,,,0.008850098587572575
8742,45.0,1807,2.4017422199249268,,,0.008181736804544926
8743,29.0,1141,1.5270779132843018,,,0.010273273102939129
8744,28.0,1213,1.6481812000274658,,,0.004466243088245392
8745,29.0,856,1.1665828227996826,,,0.01798125170171261
8746,26.0,974,1.3181638717651367,,,0.015920212492346764
8747,29.0,1084,1.444969654083252,,,0.005730172153562307
8748,31.0,1129,1.5104122161865234,,,0.023693084716796875
8749,14.0,629,0.8525958061218262,,,0.0065986039116978645
8750,13.0,754,1.0258069038391113,,,0.006055275909602642
8751,26.0,1094,1.4561011791229248,,,0.03486134856939316
8752,29.0,1039,1.3870835304260254,,,0.016521701589226723
8753,31.0,1161,1.547199010848999,,,0.009370090439915657
8754,30.0,1126,1.5116629600524902,,,0.013821885921061039
8755,20.0,791,1.06630539894104,,,0.015253905206918716
8756,32.0,1130,1.490011215209961,,,0.003881399519741535
8757,32.0,1230,1.654900312423706,,,0.01205737516283989
8758,14.0,625,0.8466815948486328,,,0.011516316793859005
8759,24.0,867,1.1747663021087646,,,0.013280739076435566
8760,30.0,1181,1.5802712440490723,,,0.00988952349871397
8761,32.0,1206,1.6166436672210693,,,0.012647589668631554
8762,23.0,983,1.334383249282837,,,0.012126244604587555
8763,32.0,1175,1.5938522815704346,,,0.009507345966994762
8764,27.0,962,1.2971794605255127,,,0.0171723123639822
8765,30.0,1379,1.8674187660217285,,,0.011658258736133575
8766,25.0,991,1.323678731918335,,,0.009790447540581226
8767,33.0,1195,1.5815033912658691,,,0.007423125673085451
8768,23.0,938,1.2558691501617432,,,0.007580626290291548
8769,32.0,937,1.255448579788208,,,0.014639753848314285
8770,28.0,1109,1.486905574798584,,,0.004827707074582577
8771,32.0,1345,1.8033854961395264,,,0.004961694125086069
8772,30.0,1137,1.5299091339111328,,,0.0053799450397491455
8773,56.0,2151,2.909303665161133,,,0.01132352277636528
8774,7.0,501,0.686577558517456,,,0.01251125056296587
8775,27.0,1088,1.470301628112793,,,0.005023897625505924
8776,30.0,1150,1.5455574989318848,,,0.006255576387047768
8777,28.0,981,1.3266386985778809,,,0.01299586147069931
8778,27.0,1012,1.3728718757629395,,,0.007747386582195759
8779,26.0,997,1.3426415920257568,,,0.0064920769073069096
8780,33.0,1111,1.502000331878662,,,0.007288376800715923
8781,32.0,1320,1.776613712310791,,,0.015854191035032272
8782,26.0,1047,1.4243762493133545,,,0.02784121409058571
8783,20.0,819,1.1094777584075928,,,0.009128308854997158
8784,32.0,1218,1.6341123580932617,,,0.003985286690294743
8785,31.0,1054,1.4265556335449219,,,0.010539301671087742
8786,23.0,839,1.1357488632202148,,,0.009473450481891632
8787,29.0,1295,1.728459358215332,,,0.018957583233714104
8788,29.0,1055,1.4089610576629639,,,0.008717471733689308
8789,28.0,860,1.1656019687652588,,,0.02194472774863243
8790,22.0,651,0.8844068050384521,,,0.006834596395492554
8791,38.0,1511,2.0404715538024902,,,0.0327790267765522
8792,32.0,1478,1.9664242267608643,,,0.010787888430058956
8793,55.0,1907,2.573512315750122,,,0.014321031048893929
8794,50.0,1576,2.116048574447632,,,0.013387267477810383
8795,22.0,888,1.1831364631652832,,,0.007084267679601908
8796,32.0,968,1.2920336723327637,,,0.008420108817517757
8797,28.0,1261,1.6881754398345947,,,0.006273605860769749
8798,32.0,1093,1.4431333541870117,,,0.006005668081343174
8799,28.0,946,1.266007423400879,,,0.008173820562660694
8800,32.0,1011,1.356992483139038,,,0.011578429490327835
8801,28.0,957,1.2888004779815674,,,0.0379369854927063
8802,27.0,1017,1.363002061843872,,,0.006570096127688885
8803,24.0,953,1.2728426456451416,,,0.010039151646196842
8804,20.0,861,1.1561689376831055,,,0.03421521186828613
8805,18.0,632,0.8623714447021484,,,0.006945352535694838
8806,31.0,961,1.2778983116149902,,,0.012045449577271938
8807,31.0,1205,1.6224658489227295,,,0.01699274219572544
8808,32.0,1245,1.6738076210021973,,,0.013298368081450462
8809,30.0,1092,1.4767389297485352,,,0.009814347140491009
8810,19.0,813,1.1096999645233154,,,0.00735063012689352
8811,31.0,1072,1.4456830024719238,,,0.0050109922885894775
8812,35.0,1031,1.3859715461730957,,,0.009432045742869377
8813,24.0,805,1.0894355773925781,,,0.015895580872893333
8814,22.0,1347,1.8277599811553955,,,0.01039800513535738
8815,30.0,1277,1.7164428234100342,,,0.01130424439907074
8816,31.0,1189,1.594587802886963,,,0.011823514476418495
8817,29.0,1079,1.4686729907989502,,,0.01009304728358984
8818,31.0,1118,1.503603458404541,,,0.003474166616797447
8819,32.0,953,1.2814326286315918,,,0.005843707360327244
8820,27.0,1043,1.4086027145385742,,,0.009101569652557373
8821,33.0,1116,1.5090208053588867,,,0.008913816884160042
8822,23.0,1127,1.5270230770111084,,,0.007697994355112314
8823,32.0,1136,1.5329172611236572,,,0.008849874138832092
8824,30.0,1129,1.5294408798217773,,,0.014992611482739449
8825,25.0,821,1.109806776046753,,,0.006511349696666002
8826,44.0,1564,2.0963473320007324,,,0.015545440837740898
8827,25.0,895,1.2041826248168945,,,0.009324690327048302
8828,32.0,1013,1.3516452312469482,,,0.012668061070144176
8829,30.0,1071,1.4388542175292969,,,0.014781368896365166
8830,29.0,903,1.20912766456604,,,0.009499986656010151
8831,29.0,1031,1.3780291080474854,,,0.013577732257544994
8832,20.0,771,1.0384750366210938,,,0.009625124745070934
8833,32.0,1172,1.5594065189361572,,,0.008635495789349079
8834,31.0,1333,1.7637028694152832,,,0.007231059949845076
8835,32.0,1309,1.7540843486785889,,,0.009083178825676441
8836,32.0,1214,1.6209774017333984,,,0.00866377167403698
8837,17.0,832,1.1303493976593018,,,0.006383931264281273
8838,32.0,1219,1.6363372802734375,,,0.004577107261866331
8839,32.0,999,1.341062307357788,,,0.009685912169516087
8840,33.0,1281,1.7142999172210693,,,0.010098861530423164
8841,59.0,2066,2.787367105484009,,,0.0059614344500005245
8842,27.0,819,1.1080687046051025,,,0.011173299513757229
8843,32.0,1277,1.7085354328155518,,,0.010003681294620037
8844,37.0,1468,1.9613890647888184,,,0.012519622221589088
8845,37.0,1385,1.8569552898406982,,,0.02782966010272503
8846,27.0,850,1.1448757648468018,,,0.008008016273379326
8847,32.0,1385,1.8479948043823242,,,0.011520891450345516
8848,28.0,1051,1.41194748878479,,,0.016665073111653328
8849,28.0,949,1.282289981842041,,,0.010277215391397476
8850,28.0,917,1.2312579154968262,,,0.022767240181565285
8851,27.0,977,1.326225757598877,,,0.016364261507987976
8852,46.0,1324,1.7992045879364014,,,0.005721898749470711
8853,30.0,992,1.338223934173584,,,0.00935156736522913
8854,31.0,1087,1.4602489471435547,,,0.014007754623889923
8855,30.0,1175,1.578261375427246,,,0.010068664327263832
8856,31.0,1225,1.6449980735778809,,,0.008982861414551735
8857,29.0,1119,1.5125391483306885,,,0.008598417975008488
8858,29.0,1184,1.5882551670074463,,,0.011342979036271572
8859,28.0,929,1.2518184185028076,,,0.006738473195582628
8860,28.0,1139,1.5382840633392334,,,0.01015292014926672
8861,28.0,1009,1.3629028797149658,,,0.0044299024157226086
8862,22.0,767,1.0451886653900146,,,0.011885386891663074
8863,22.0,838,1.1335318088531494,,,0.008753670379519463
8864,31.0,1337,1.787168264389038,,,0.010602552443742752
8865,44.0,1633,2.200136661529541,,,0.006817967630922794
8866,32.0,1114,1.4990859031677246,,,0.01282868254929781
8867,31.0,986,1.3231186866760254,,,0.01821232959628105
8868,44.0,1778,2.3906056880950928,,,0.01832910068333149
8869,25.0,865,1.173074722290039,,,0.0073463087901473045
8870,42.0,1302,1.7551288604736328,,,0.013236158527433872
8871,34.0,1003,1.3464150428771973,,,0.004695233888924122
8872,32.0,1243,1.670013427734375,,,0.009966392070055008
8873,26.0,853,1.1425774097442627,,,0.01104988344013691
8874,32.0,1249,1.6458487510681152,,,0.007891406305134296
8875,32.0,1106,1.4588432312011719,,,0.012041280046105385
8876,38.0,1413,1.8760230541229248,,,0.010707832872867584
8877,33.0,1522,2.029486894607544,,,0.01244168821722269
8878,8.0,649,0.879859209060669,,,0.011685681529343128
8879,31.0,1161,1.5538206100463867,,,0.008643042296171188
8880,54.0,1808,2.4405641555786133,,,0.01304432563483715
8881,31.0,1423,1.919311285018921,,,0.013919142074882984
8882,25.0,848,1.1439011096954346,,,0.030652303248643875
8883,32.0,1315,1.7610807418823242,,,0.007162789348512888
8884,32.0,1001,1.3441908359527588,,,0.016117984429001808
8885,29.0,983,1.328904628753662,,,0.01622183620929718
8886,23.0,917,1.2418441772460938,,,0.013509722426533699
8887,31.0,1003,1.3475725650787354,,,0.015884045511484146
8888,11.0,683,0.9294428825378418,,,0.00591441011056304
8889,31.0,966,1.3056590557098389,,,0.007610995788127184
8890,30.0,970,1.2987051010131836,,,0.006199561525136232
8891,30.0,1215,1.612837553024292,,,0.011939642950892448
8892,31.0,1373,1.8386187553405762,,,0.01392886508256197
8893,49.0,1539,2.0802018642425537,,,0.015951672568917274
8894,25.0,901,1.223073959350586,,,0.015512091107666492
8895,31.0,1108,1.4937827587127686,,,0.011097826063632965
8896,26.0,1026,1.3828060626983643,,,0.015577875077724457
8897,16.0,801,1.0947051048278809,,,0.01236504316329956
8898,33.0,897,1.2131147384643555,,,0.00891451258212328
8899,29.0,1102,1.4803054332733154,,,0.0099530890583992
8900,30.0,952,1.2814481258392334,,,0.011924897320568562
8901,42.0,1813,2.429718255996704,,,0.012813185341656208
8902,23.0,777,1.055178165435791,,,0.014591168612241745
8903,25.0,1067,1.4476690292358398,,,0.007121389731764793
8904,40.0,1293,1.7433655261993408,,,0.011774338781833649
8905,31.0,1226,1.6549367904663086,,,0.011186833493411541
8906,21.0,858,1.1649723052978516,,,0.011621233075857162
8907,30.0,977,1.3284246921539307,,,0.006053114775568247
8908,28.0,1125,1.5192391872406006,,,0.027521835640072823
8909,21.0,717,0.9717931747436523,,,0.010274508036673069
8910,29.0,1003,1.3544306755065918,,,0.011740028858184814
8911,28.0,1065,1.4330856800079346,,,0.006147673353552818
8912,33.0,1172,1.560713768005371,,,0.013237446546554565
8913,30.0,1183,1.574087381362915,,,0.011200075969099998
8914,29.0,1056,1.4111130237579346,,,0.010044412687420845
8915,28.0,1021,1.3606467247009277,,,0.008341711945831776
8916,30.0,1023,1.365607500076294,,,0.01212997268885374
8917,32.0,1161,1.5547082424163818,,,0.01190072949975729
8918,24.0,1275,1.7217473983764648,,,0.010391710326075554
8919,30.0,1193,1.6236929893493652,,,0.009744122624397278
8920,32.0,1243,1.6738131046295166,,,0.01309422217309475
8921,32.0,1148,1.5377745628356934,,,0.007321115583181381
8922,24.0,871,1.180241584777832,,,0.01071560475975275
8923,19.0,692,0.9443492889404297,,,0.008832384832203388
8924,25.0,988,1.3323335647583008,,,0.009762466885149479
8925,22.0,993,1.345714807510376,,,0.0127238305285573
8926,32.0,1260,1.6838552951812744,,,0.010482949204742908
8927,29.0,1131,1.5180139541625977,,,0.011407054029405117
8928,32.0,1121,1.4959180355072021,,,0.006119630765169859
8929,32.0,1239,1.6515345573425293,,,0.017725955694913864
8930,33.0,1089,1.4506850242614746,,,0.006672493647783995
8931,31.0,1052,1.4103920459747314,,,0.007853196002542973
8932,32.0,1278,1.7126929759979248,,,0.01723349653184414
8933,29.0,929,1.2579171657562256,,,0.014957399107515812
8934,31.0,1214,1.6378822326660156,,,0.007238833699375391
8935,28.0,1047,1.4089884757995605,,,0.005406425334513187
8936,51.0,1780,2.3952012062072754,,,0.011974322609603405
8937,32.0,1270,1.6963791847229004,,,0.009233861230313778
8938,32.0,1185,1.5875675678253174,,,0.014278440736234188
8939,32.0,1438,1.9019544124603271,,,0.01151946559548378
8940,33.0,1300,1.7357969284057617,,,0.012674424797296524
8941,30.0,1292,1.7298107147216797,,,0.012735063210129738
8942,33.0,1093,1.4436063766479492,,,0.008485434576869011
8943,17.0,695,0.937828779220581,,,0.00992788840085268
8944,33.0,1082,1.4420092105865479,,,0.00979690719395876
8945,32.0,1420,1.8739871978759766,,,0.01043643243610859
8946,26.0,1041,1.3881394863128662,,,0.009253418073058128
8947,31.0,1280,1.698594331741333,,,0.009312113747000694
8948,34.0,1075,1.4245963096618652,,,0.005158552899956703
8949,14.0,628,0.8494231700897217,,,0.010699529200792313
8950,28.0,1085,1.4620342254638672,,,0.012732735835015774
8951,22.0,819,1.1063916683197021,,,0.019602155312895775
8952,37.0,1252,1.6906709671020508,,,0.006215989124029875
8953,41.0,1907,2.5722293853759766,,,0.0042109861969947815
8954,21.0,708,0.965198278427124,,,0.017124749720096588
8955,32.0,1120,1.5067920684814453,,,0.006888650823384523
8956,50.0,1831,2.45721435546875,,,0.00648673577234149
8957,28.0,737,0.9985132217407227,,,0.008704743348062038
8958,32.0,906,1.227956771850586,,,0.010903308168053627
8959,25.0,847,1.1478767395019531,,,0.011798515915870667
8960,30.0,975,1.3083021640777588,,,0.010404027998447418
8961,31.0,1042,1.4059202671051025,,,0.018345344811677933
8962,23.0,745,0.9964449405670166,,,0.012256711721420288
8963,32.0,1173,1.5443904399871826,,,0.008249746635556221
8964,32.0,1107,1.464374303817749,,,0.01460812147706747
8965,17.0,713,0.9582164287567139,,,0.00929377879947424
8966,33.0,1169,1.5616929531097412,,,0.0066520231775939465
8967,26.0,865,1.1604804992675781,,,0.02329075150191784
8968,27.0,1041,1.389519214630127,,,0.022017190232872963
8969,25.0,1187,1.585362434387207,,,0.0174968671053648
8970,24.0,853,1.1442310810089111,,,0.014485104009509087
8971,28.0,1121,1.490344762802124,,,0.009044066071510315
8972,31.0,1361,1.8016204833984375,,,0.009825194254517555
8973,31.0,1017,1.3601758480072021,,,0.0175764299929142
8974,33.0,1435,1.925288438796997,,,0.006167886313050985
8975,34.0,1303,1.7587053775787354,,,0.010463131591677666
8976,34.0,1129,1.524082899093628,,,0.011839491315186024
8977,32.0,1325,1.7768514156341553,,,0.005815946031361818
8978,32.0,1207,1.6253490447998047,,,0.006711005233228207
8979,32.0,1122,1.5161705017089844,,,0.033230967819690704
8980,31.0,1389,1.8568525314331055,,,0.011838344857096672
8981,25.0,933,1.2639014720916748,,,0.00701794633641839
8982,26.0,851,1.1472795009613037,,,0.014806566759943962
8983,30.0,1095,1.4648950099945068,,,0.011205600574612617
8984,20.0,819,1.1020972728729248,,,0.008469455875456333
8985,30.0,1073,1.4403340816497803,,,0.01630709506571293
8986,20.0,785,1.056030035018921,,,0.020982688292860985
8987,51.0,1665,2.2158241271972656,,,0.01454907190054655
8988,26.0,888,1.194159746170044,,,0.00851024966686964
8989,29.0,1109,1.4901978969573975,,,0.011229357682168484
8990,31.0,1097,1.4769372940063477,,,0.011648915708065033
8991,32.0,1031,1.3853623867034912,,,0.008191893808543682
8992,32.0,1198,1.6067299842834473,,,0.010704047977924347
8993,32.0,1227,1.6457200050354004,,,0.017418857663869858
8994,31.0,1213,1.620086669921875,,,0.007375391665846109
8995,29.0,1079,1.435689926147461,,,0.005280786193907261
8996,16.0,754,1.016310453414917,,,0.008708502165973186
8997,34.0,1074,1.442685842514038,,,0.012382451444864273
8998,12.0,801,1.0934720039367676,,,0.01012820191681385
8999,27.0,1176,1.5963616371154785,,,0.015688301995396614
9000,60.0,2327,3.1433849334716797,,,0.009213226847350597
9001,27.0,897,1.2150120735168457,,,0.013115422800183296
9002,32.0,1147,1.5386505126953125,,,0.012833510525524616
9003,30.0,1004,1.3581454753875732,,,0.01172037236392498
9004,30.0,1088,1.4696621894836426,,,0.00853715743869543
9005,27.0,1098,1.4845008850097656,,,0.019123123958706856
9006,32.0,1327,1.7775917053222656,,,0.010753822512924671
9007,30.0,1459,1.970327615737915,,,0.03073452226817608
9008,25.0,793,1.075300931930542,,,0.0064622787758708
9009,21.0,930,1.2681026458740234,,,0.013915457762777805
9010,32.0,1025,1.378843069076538,,,0.006604490801692009
9011,26.0,988,1.338921308517456,,,0.018479857593774796
9012,26.0,1149,1.5504510402679443,,,0.01017944049090147
9013,29.0,1100,1.4853782653808594,,,0.005705587100237608
9014,32.0,1173,1.5664761066436768,,,0.009095488116145134
9015,31.0,1401,1.857978343963623,,,0.010609443299472332
9016,31.0,1329,1.7727177143096924,,,0.027187582105398178
9017,34.0,1445,1.9389762878417969,,,0.009078986942768097
9018,25.0,952,1.3018560409545898,,,0.004964098799973726
9019,28.0,1305,1.759922742843628,,,0.010982416570186615
9020,45.0,1625,2.170725107192993,,,0.03623993694782257
9021,62.0,1887,2.51535701751709,,,0.03138532489538193
9022,33.0,1109,1.477501630783081,,,0.010172921232879162
9023,28.0,1064,1.4114646911621094,,,0.009202654473483562
9024,29.0,1109,1.4938108921051025,,,0.006641429383307695
9025,26.0,920,1.2521677017211914,,,0.006793702952563763
9026,31.0,1243,1.671043872833252,,,0.006754156202077866
9027,30.0,1301,1.7288146018981934,,,0.010788544081151485
9028,30.0,1223,1.6287574768066406,,,0.011216630227863789
9029,35.0,1239,1.6564397811889648,,,0.010682545602321625
9030,18.0,776,1.0594642162322998,,,0.0132801104336977
9031,29.0,1357,1.8178341388702393,,,0.006881303619593382
9032,31.0,1165,1.5667321681976318,,,0.008570161648094654
9033,27.0,1047,1.4198498725891113,,,0.010678333230316639
9034,32.0,1180,1.587181806564331,,,0.014250768348574638
9035,26.0,905,1.2255687713623047,,,0.008156804367899895
9036,29.0,1044,1.3999018669128418,,,0.004312433302402496
9037,31.0,1301,1.7389752864837646,,,0.012017874978482723
9038,35.0,1321,1.7517433166503906,,,0.026144128292798996
9039,27.0,961,1.2806024551391602,,,0.005163964349776506
9040,32.0,1187,1.5827529430389404,,,0.007437972351908684
9041,31.0,1431,1.9107129573822021,,,0.012478232383728027
9042,29.0,1031,1.3852334022521973,,,0.008917381055653095
9043,29.0,1091,1.4511704444885254,,,0.011279909871518612
9044,31.0,1027,1.3618783950805664,,,0.01026280876249075
9045,31.0,1100,1.4618091583251953,,,0.0073264422826468945
9046,27.0,1035,1.3734030723571777,,,0.00633727852255106
9047,27.0,1038,1.384028434753418,,,0.005844830069690943
9048,28.0,1016,1.3530728816986084,,,0.01249774731695652
9049,28.0,1037,1.394737720489502,,,0.017788559198379517
9050,35.0,1483,1.991623878479004,,,0.013365129940211773
9051,19.0,639,0.8691227436065674,,,0.007468202617019415
9052,34.0,1205,1.6198079586029053,,,0.006416222546249628
9053,23.0,866,1.1703293323516846,,,0.0265043955296278
9054,31.0,1161,1.556990146636963,,,0.005542565602809191
9055,47.0,1618,2.1707143783569336,,,0.007860176265239716
9056,37.0,1421,1.9226553440093994,,,0.0066711390390992165
9057,32.0,1205,1.6134512424468994,,,0.006881126202642918
9058,33.0,1079,1.4368343353271484,,,0.010147982276976109
9059,31.0,1122,1.500767469406128,,,0.009744075126945972
9060,22.0,794,1.0789296627044678,,,0.012746301479637623
9061,30.0,1236,1.665656566619873,,,0.005722297355532646
9062,31.0,1092,1.4798295497894287,,,0.016070857644081116
9063,23.0,992,1.3396759033203125,,,0.012569920159876347
9064,30.0,1085,1.4647891521453857,,,0.012979679740965366
9065,31.0,1085,1.4636647701263428,,,0.005755702033638954
9066,27.0,1058,1.422055721282959,,,0.013157284818589687
9067,30.0,1121,1.5089752674102783,,,0.004914791788905859
9068,24.0,778,1.0422980785369873,,,0.008600475266575813
9069,30.0,1221,1.617180585861206,,,0.00771133229136467
9070,25.0,923,1.2479543685913086,,,0.02174900658428669
9071,33.0,1156,1.525439977645874,,,0.008605066686868668
9072,37.0,1386,1.8680195808410645,,,0.009117553010582924
9073,31.0,1189,1.612053632736206,,,0.010882466100156307
9074,27.0,913,1.2356550693511963,,,0.009137410670518875
9075,25.0,797,1.082078218460083,,,0.011216369457542896
9076,39.0,1486,1.992931842803955,,,0.007150667253881693
9077,31.0,1096,1.4854960441589355,,,0.005289030261337757
9078,30.0,983,1.3236055374145508,,,0.012123646214604378
9079,30.0,827,1.107426643371582,,,0.01913815550506115
9080,28.0,946,1.2602589130401611,,,0.006462172605097294
9081,52.0,1801,2.3929944038391113,,,0.010610914789140224
9082,22.0,723,0.9699335098266602,,,0.010732938535511494
9083,29.0,1249,1.649512767791748,,,0.010102122090756893
9084,26.0,885,1.1917614936828613,,,0.0047814371064305305
9085,30.0,1070,1.453693151473999,,,0.01185788307338953
9086,20.0,823,1.112863302230835,,,0.011084351688623428
9087,14.0,609,0.8287186622619629,,,0.01783684641122818
9088,26.0,894,1.2109909057617188,,,0.009499047882854939
9089,21.0,1025,1.3817391395568848,,,0.0059993695467710495
9090,32.0,1222,1.6155922412872314,,,0.008675477467477322
9091,31.0,1154,1.5274920463562012,,,0.004283593501895666
9092,33.0,1056,1.4070510864257812,,,0.01286380272358656
9093,25.0,955,1.2767610549926758,,,0.005037943832576275
9094,31.0,1088,1.4489083290100098,,,0.016975751146674156
9095,31.0,1082,1.440455436706543,,,0.004546043928712606
9096,31.0,1233,1.6361513137817383,,,0.009059992618858814
9097,31.0,1028,1.3779091835021973,,,0.006626976653933525
9098,24.0,771,1.047562837600708,,,0.013550005853176117
9099,31.0,1088,1.4579246044158936,,,0.011781997978687286
9100,41.0,1299,1.7537171840667725,,,0.014592649415135384
9101,20.0,813,1.1042966842651367,,,0.011132108978927135
9102,20.0,753,1.02010178565979,,,0.011116107925772667
9103,30.0,985,1.3276846408843994,,,0.006854690611362457
9104,43.0,1357,1.847806453704834,,,0.007080690935254097
9105,31.0,1270,1.7030558586120605,,,0.01218448393046856
9106,24.0,1045,1.4268386363983154,,,0.008542390540242195
9107,27.0,991,1.3394784927368164,,,0.009879079647362232
9108,22.0,749,1.0141024589538574,,,0.006254340521991253
9109,31.0,1133,1.5284876823425293,,,0.00587567500770092
9110,29.0,1153,1.55409574508667,,,0.008343569003045559
9111,32.0,1343,1.8013029098510742,,,0.008943547494709492
9112,19.0,717,0.97959303855896,,,0.004868133459240198
9113,37.0,1475,1.9787838459014893,,,0.005649014841765165
9114,26.0,1243,1.6690635681152344,,,0.006345354951918125
9115,37.0,1377,1.850175142288208,,,0.015685129910707474
9116,32.0,1207,1.6137313842773438,,,0.012643825262784958
9117,24.0,987,1.343808889389038,,,0.008717452175915241
9118,32.0,1108,1.4805371761322021,,,0.00727795111015439
9119,14.0,641,0.8682382106781006,,,0.005157286301255226
9120,17.0,735,0.9918341636657715,,,0.008294562809169292
9121,25.0,829,1.1254017353057861,,,0.006878156680613756
9122,25.0,927,1.2549386024475098,,,0.004836914595216513
9123,31.0,1131,1.533756971359253,,,0.008355473168194294
9124,31.0,1107,1.4900014400482178,,,0.005338757298886776
9125,32.0,1138,1.5218908786773682,,,0.011079412885010242
9126,32.0,1326,1.7553722858428955,,,0.012760789133608341
9127,32.0,1396,1.8504571914672852,,,0.013042655773460865
9128,33.0,1001,1.3298227787017822,,,0.006049500312656164
9129,24.0,803,1.090618371963501,,,0.01722494512796402
9130,19.0,879,1.1966748237609863,,,0.010963492095470428
9131,31.0,1183,1.5861785411834717,,,0.020461173728108406
9132,34.0,1267,1.6981825828552246,,,0.008655844256281853
9133,32.0,1243,1.6653075218200684,,,0.010382048785686493
9134,28.0,902,1.218618631362915,,,0.014442364685237408
9135,32.0,1106,1.4883780479431152,,,0.005331312771886587
9136,33.0,1305,1.740513563156128,,,0.006244308315217495
9137,14.0,699,0.9521245956420898,,,0.010943356901407242
9138,33.0,1303,1.7477307319641113,,,0.016377661377191544
9139,45.0,1788,2.4055707454681396,,,0.01038843672722578
9140,32.0,1102,1.4882957935333252,,,0.00699780136346817
9141,31.0,1295,1.7311005592346191,,,0.008827992714941502
9142,34.0,1031,1.3714420795440674,,,0.013737855479121208
9143,26.0,977,1.3008363246917725,,,0.012778064236044884
9144,30.0,1131,1.4944558143615723,,,0.013589912094175816
9145,31.0,1197,1.6153671741485596,,,0.00889656227082014
9146,26.0,1051,1.4197075366973877,,,0.008314655162394047
9147,32.0,1147,1.5450575351715088,,,0.012184273451566696
9148,29.0,1216,1.6390323638916016,,,0.00891199242323637
9149,19.0,805,1.0874559879302979,,,0.014714205637574196
9150,32.0,1116,1.4994614124298096,,,0.015682058408856392
9151,29.0,1133,1.5183663368225098,,,0.014508300460875034
9152,26.0,943,1.2763938903808594,,,0.01282516773790121
9153,16.0,574,0.7896885871887207,,,0.012967487797141075
9154,29.0,1195,1.6087541580200195,,,0.0112684965133667
9155,20.0,868,1.1902821063995361,,,0.016465747728943825
9156,34.0,1274,1.7207589149475098,,,0.008466416038572788
9157,31.0,1011,1.3492724895477295,,,0.012952925637364388
9158,30.0,1158,1.5472328662872314,,,0.005698352120816708
9159,32.0,1124,1.4923591613769531,,,0.0052614472806453705
9160,31.0,1185,1.573805332183838,,,0.015536420978605747
9161,16.0,675,0.910869836807251,,,0.010071178898215294
9162,33.0,1157,1.5474684238433838,,,0.006135307718068361
9163,27.0,953,1.2902746200561523,,,0.01012857910245657
9164,34.0,1319,1.762324333190918,,,0.012700055725872517
9165,31.0,1081,1.4424324035644531,,,0.010045835748314857
9166,31.0,1170,1.5606985092163086,,,0.006895754486322403
9167,24.0,1031,1.3737905025482178,,,0.015423968434333801
9168,31.0,1104,1.4668667316436768,,,0.0071715982630848885
9169,32.0,1191,1.591294527053833,,,0.022281672805547714
9170,32.0,1139,1.5093801021575928,,,0.009468874894082546
9171,52.0,1727,2.30472469329834,,,0.009414435364305973
9172,31.0,1168,1.5508067607879639,,,0.018369309604167938
9173,32.0,1320,1.7483601570129395,,,0.017034145072102547
9174,32.0,1345,1.8028655052185059,,,0.0145320575684309
9175,31.0,1158,1.5506672859191895,,,0.008774233981966972
9176,32.0,1136,1.520021677017212,,,0.010983164422214031
9177,32.0,1309,1.7550866603851318,,,0.010667775757610798
9178,28.0,1063,1.4355852603912354,,,0.009286988526582718
9179,57.0,2107,2.85032320022583,,,0.008338907733559608
9180,53.0,1863,2.5160703659057617,,,0.013617794960737228
9181,32.0,1423,1.9062161445617676,,,0.026560472324490547
9182,30.0,1124,1.5147595405578613,,,0.010465621948242188
9183,19.0,707,0.9667751789093018,,,0.036920879036188126
9184,32.0,1205,1.6179683208465576,,,0.014159691520035267
9185,32.0,1172,1.5747663974761963,,,0.005648577585816383
9186,13.0,686,0.9328126907348633,,,0.014409170486032963
9187,35.0,1073,1.4362761974334717,,,0.006879029795527458
9188,32.0,1136,1.5233392715454102,,,0.008175324648618698
9189,32.0,1255,1.6727681159973145,,,0.004731978755444288
9190,33.0,942,1.2568352222442627,,,0.0074420953169465065
9191,31.0,1489,1.975675344467163,,,0.006564386188983917
9192,32.0,1113,1.4847123622894287,,,0.007527939975261688
9193,33.0,1196,1.600036382675171,,,0.006385054439306259
9194,28.0,961,1.2863399982452393,,,0.006170987151563168
9195,32.0,1204,1.5984809398651123,,,0.011058320291340351
9196,28.0,1097,1.4623236656188965,,,0.015348106622695923
9197,32.0,1250,1.6592426300048828,,,0.005136578343808651
9198,33.0,1089,1.459667682647705,,,0.013539783656597137
9199,25.0,860,1.154057502746582,,,0.01084327232092619
9200,33.0,1370,1.8320701122283936,,,0.013035058975219727
9201,28.0,949,1.2898073196411133,,,0.006753005553036928
9202,30.0,1147,1.5433881282806396,,,0.011032317765057087
9203,16.0,627,0.8508846759796143,,,0.009780947118997574
9204,32.0,1170,1.5784823894500732,,,0.015279317274689674
9205,51.0,1483,1.9996929168701172,,,0.013201294466853142
9206,33.0,1001,1.3457884788513184,,,0.010050220414996147
9207,34.0,1201,1.6066806316375732,,,0.009580104611814022
9208,30.0,1163,1.5572636127471924,,,0.01803995855152607
9209,27.0,1001,1.3472256660461426,,,0.012665960006415844
9210,33.0,1063,1.412541151046753,,,0.009449503384530544
9211,30.0,1133,1.5153639316558838,,,0.006128333974629641
9212,23.0,855,1.1557507514953613,,,0.004524079617112875
9213,31.0,1138,1.523982286453247,,,0.005223190877586603
9214,31.0,1306,1.7586033344268799,,,0.01766037754714489
9215,32.0,1123,1.5046532154083252,,,0.004497651942074299
9216,22.0,870,1.1725730895996094,,,0.024202771484851837
9217,33.0,1194,1.605501413345337,,,0.006980347912758589
9218,32.0,1290,1.7235703468322754,,,0.010217941366136074
9219,32.0,1338,1.7951905727386475,,,0.005975371692329645
9220,27.0,884,1.1969988346099854,,,0.0059785014018416405
9221,31.0,1227,1.6423487663269043,,,0.014032852835953236
9222,29.0,965,1.3000741004943848,,,0.010523964650928974
9223,32.0,1096,1.4659476280212402,,,0.011745915748178959
9224,31.0,1189,1.5836658477783203,,,0.009394488297402859
9225,31.0,1157,1.548732042312622,,,0.006416139658540487
9226,32.0,1233,1.6473608016967773,,,0.00832878053188324
9227,31.0,1156,1.5336635112762451,,,0.006410807371139526
9228,29.0,1113,1.4885399341583252,,,0.006481674499809742
9229,32.0,1385,1.8424687385559082,,,0.005982234142720699
9230,29.0,1062,1.4262969493865967,,,0.00903241615742445
9231,29.0,1117,1.5028936862945557,,,0.010186297819018364
9232,37.0,1271,1.699824571609497,,,0.011365776881575584
9233,32.0,1333,1.7927234172821045,,,0.012513568624854088
9234,52.0,2021,2.729672908782959,,,0.013323072344064713
9235,29.0,1080,1.4539885520935059,,,0.007740992587059736
9236,32.0,1164,1.544959545135498,,,0.03375204652547836
9237,32.0,1077,1.4295475482940674,,,0.010962828062474728
9238,32.0,1041,1.403834581375122,,,0.006779686082154512
9239,24.0,780,1.0619418621063232,,,0.016406849026679993
9240,29.0,1206,1.6151375770568848,,,0.013795456849038601
9241,32.0,1221,1.63814377784729,,,0.010004098527133465
9242,32.0,1421,1.8899650573730469,,,0.01268715038895607
9243,30.0,1137,1.5130853652954102,,,0.006186477839946747
9244,34.0,1229,1.6309161186218262,,,0.006167581770569086
9245,30.0,1088,1.4707727432250977,,,0.004755128175020218
9246,30.0,1406,1.8850960731506348,,,0.010301022790372372
9247,41.0,1408,1.886462926864624,,,0.01416811253875494
9248,35.0,1577,2.116011142730713,,,0.01407491322606802
9249,32.0,1179,1.5839881896972656,,,0.006838234607130289
9250,35.0,1318,1.7604899406433105,,,0.006863457150757313
9251,32.0,1566,2.079667806625366,,,0.005455140024423599
9252,15.0,623,0.85076904296875,,,0.008493325673043728
9253,31.0,1314,1.7614490985870361,,,0.011948519386351109
9254,19.0,667,0.9087090492248535,,,0.01404554583132267
9255,28.0,917,1.2470495700836182,,,0.011894922703504562
9256,31.0,1203,1.6146221160888672,,,0.00781792588531971
9257,29.0,999,1.3608028888702393,,,0.03300187364220619
9258,29.0,1299,1.7370247840881348,,,0.006723589263856411
9259,53.0,1843,2.453340530395508,,,0.021089445799589157
9260,20.0,1129,1.5083422660827637,,,0.0069339824840426445
9261,32.0,1203,1.6094915866851807,,,0.015415963716804981
9262,27.0,957,1.2875559329986572,,,0.007802319712936878
9263,40.0,1365,1.8302083015441895,,,0.008827030658721924
9264,29.0,1191,1.60898756980896,,,0.00448981486260891
9265,31.0,1365,1.8179140090942383,,,0.05332717299461365
9266,31.0,1318,1.7563858032226562,,,0.004588060546666384
9267,31.0,1311,1.735419511795044,,,0.01531786285340786
9268,53.0,2043,2.7215399742126465,,,0.027350405231118202
9269,13.0,764,1.03208327293396,,,0.013261985965073109
9270,22.0,776,1.0460689067840576,,,0.005695339757949114
9271,27.0,938,1.2506747245788574,,,0.013432640582323074
9272,49.0,1661,2.229412794113159,,,0.008092980831861496
9273,33.0,1421,1.9082624912261963,,,0.008881065994501114
9274,32.0,1330,1.7870869636535645,,,0.011285818181931973
9275,25.0,932,1.259894847869873,,,0.011193565092980862
9276,30.0,1193,1.6044096946716309,,,0.007644445635378361
9277,30.0,1223,1.6529669761657715,,,0.02304946631193161
9278,31.0,1392,1.8636927604675293,,,0.006954572629183531
9279,33.0,1269,1.696868896484375,,,0.007212135009467602
9280,24.0,905,1.2100462913513184,,,0.00554271275177598
9281,31.0,1095,1.4791259765625,,,0.013291274197399616
9282,32.0,1484,1.999061107635498,,,0.006145799998193979
9283,42.0,1485,2.005178451538086,,,0.006985032930970192
9284,23.0,901,1.218214988708496,,,0.007044453639537096
9285,23.0,982,1.3322036266326904,,,0.006951595190912485
9286,30.0,1080,1.433114767074585,,,0.030727965757250786
9287,40.0,1357,1.8080954551696777,,,0.009467791765928268
9288,32.0,1235,1.6347897052764893,,,0.013240206055343151
9289,30.0,1331,1.7718150615692139,,,0.008230431005358696
9290,23.0,776,1.061711072921753,,,0.015093249268829823
9291,14.0,631,0.8623104095458984,,,0.009257704950869083
9292,18.0,851,1.1570301055908203,,,0.011222104541957378
9293,33.0,1275,1.7078027725219727,,,0.01269433181732893
9294,19.0,901,1.222688913345337,,,0.02012035623192787
9295,30.0,1267,1.69805908203125,,,0.005566067527979612
9296,19.0,681,0.9317378997802734,,,0.005133237689733505
9297,31.0,1022,1.378978967666626,,,0.007332890294492245
9298,32.0,1427,1.9146597385406494,,,0.0053578452207148075
9299,33.0,1633,2.1692473888397217,,,0.021528204903006554
9300,33.0,1118,1.4929697513580322,,,0.0042951153591275215
9301,31.0,1271,1.699333906173706,,,0.005704285576939583
9302,41.0,1547,2.0625288486480713,,,0.021360104903578758
9303,30.0,1161,1.5401246547698975,,,0.0047731706872582436
9304,24.0,958,1.2908153533935547,,,0.029486767947673798
9305,33.0,1351,1.8196322917938232,,,0.0047143008559942245
9306,29.0,1142,1.5363147258758545,,,0.006136805284768343
9307,29.0,1096,1.472139835357666,,,0.007471280172467232
9308,22.0,1014,1.3554699420928955,,,0.005667869932949543
9309,23.0,831,1.1193032264709473,,,0.010190825909376144
9310,33.0,1048,1.3832149505615234,,,0.013223119080066681
9311,33.0,1133,1.5050992965698242,,,0.007752265315502882
9312,31.0,1329,1.7637252807617188,,,0.004480357281863689
9313,31.0,1287,1.7077791690826416,,,0.01276884600520134
9314,16.0,631,0.8563461303710938,,,0.004719227086752653
9315,25.0,1048,1.3965835571289062,,,0.0072822426445782185
9316,19.0,794,1.0651378631591797,,,0.019818183034658432
9317,25.0,903,1.2076942920684814,,,0.00849056988954544
9318,31.0,1194,1.5843167304992676,,,0.030825652182102203
9319,32.0,1300,1.724679946899414,,,0.010783014819025993
9320,29.0,1101,1.4578964710235596,,,0.006017996463924646
9321,20.0,769,1.0295276641845703,,,0.009544575586915016
9322,29.0,953,1.2742207050323486,,,0.005799171980470419
9323,26.0,888,1.186800479888916,,,0.014734741300344467
9324,25.0,1091,1.4574193954467773,,,0.006116789765655994
9325,9.0,505,0.6827371120452881,,,0.007382022216916084
9326,26.0,919,1.2304108142852783,,,0.007343826815485954
9327,24.0,814,1.0922300815582275,,,0.012710386887192726
9328,31.0,1323,1.759134292602539,,,0.006598837673664093
9329,14.0,740,0.9959900379180908,,,0.005671425256878138
9330,6.0,503,0.6795260906219482,,,0.012067966163158417
9331,32.0,1211,1.6225666999816895,,,0.03216980770230293
9332,17.0,683,0.9373414516448975,,,0.004090092610567808
9333,30.0,1137,1.5415053367614746,,,0.007843920961022377
9334,19.0,832,1.1322205066680908,,,0.011597327888011932
9335,34.0,998,1.3430767059326172,,,0.008311823010444641
9336,33.0,1216,1.621441125869751,,,0.014321604743599892
9337,28.0,973,1.3121283054351807,,,0.018727317452430725
9338,20.0,740,0.9938056468963623,,,0.00965125486254692
9339,30.0,920,1.230205774307251,,,0.008091487921774387
9340,28.0,923,1.2325174808502197,,,0.010412465780973434
9341,30.0,1148,1.5240285396575928,,,0.01321381889283657
9342,32.0,1129,1.5063035488128662,,,0.01277757715433836
9343,18.0,723,0.9777288436889648,,,0.029803980141878128
9344,28.0,1445,1.9236114025115967,,,0.006216541398316622
9345,32.0,1395,1.8401832580566406,,,0.01092022005468607
9346,31.0,1210,1.6099863052368164,,,0.008559899404644966
9347,54.0,1929,2.5560431480407715,,,0.03191366791725159
9348,32.0,1310,1.7352259159088135,,,0.006643015891313553
9349,32.0,1258,1.6788465976715088,,,0.008047129958868027
9350,41.0,1685,2.2871222496032715,,,0.013726793229579926
9351,14.0,714,0.9757304191589355,,,0.013210417702794075
9352,27.0,1176,1.592634677886963,,,0.0097580561414361
9353,30.0,1104,1.4887073040008545,,,0.014341783709824085
9354,24.0,1005,1.3474538326263428,,,0.01614941470324993
9355,31.0,1334,1.7680692672729492,,,0.0068536922335624695
9356,35.0,1181,1.5677573680877686,,,0.01294820848852396
9357,34.0,1241,1.648963212966919,,,0.011622454971075058
9358,49.0,1656,2.214219570159912,,,0.008772742934525013
9359,28.0,1220,1.6173877716064453,,,0.02368001639842987
9360,28.0,1133,1.518315315246582,,,0.008080887608230114
9361,27.0,952,1.276510238647461,,,0.013287781737744808
9362,31.0,1060,1.4066755771636963,,,0.011261914856731892
9363,32.0,1031,1.3780450820922852,,,0.0072339619509875774
9364,36.0,1419,1.889366865158081,,,0.011285437270998955
9365,39.0,1318,1.7542829513549805,,,0.011559770442545414
9366,32.0,1366,1.8073256015777588,,,0.01119124423712492
9367,17.0,817,1.0947258472442627,,,0.011079302988946438
9368,34.0,1146,1.511460781097412,,,0.0059854271821677685
9369,25.0,919,1.2283501625061035,,,0.012679063715040684
9370,30.0,1072,1.4208152294158936,,,0.015904545783996582
9371,23.0,865,1.1623833179473877,,,0.007160841953009367
9372,34.0,1389,1.831904649734497,,,0.006801418028771877
9373,39.0,1611,2.1478304862976074,,,0.024237796664237976
9374,27.0,1197,1.5997419357299805,,,0.010899401269853115
9375,31.0,1171,1.5621352195739746,,,0.010206485167145729
9376,32.0,878,1.1687285900115967,,,0.009907209314405918
9377,29.0,1069,1.4280405044555664,,,0.01183884497731924
9378,32.0,1273,1.6866872310638428,,,0.00881249736994505
9379,32.0,1229,1.6236722469329834,,,0.007111637853085995
9380,33.0,1249,1.6466128826141357,,,0.013239934109151363
9381,22.0,738,0.9941201210021973,,,0.018483726307749748
9382,29.0,1061,1.4138784408569336,,,0.008259549736976624
9383,19.0,727,0.9768574237823486,,,0.010000603273510933
9384,28.0,1015,1.3599786758422852,,,0.005867321509867907
9385,33.0,1276,1.6890432834625244,,,0.011138325557112694
9386,21.0,778,1.0515260696411133,,,0.008339213207364082
9387,42.0,1505,2.0279808044433594,,,0.010060051456093788
9388,32.0,1133,1.5230271816253662,,,0.011693594977259636
9389,30.0,1096,1.4664697647094727,,,0.008084913715720177
9390,29.0,1018,1.3781120777130127,,,0.007274880539625883
9391,31.0,1211,1.6242754459381104,,,0.01387129444628954
9392,31.0,1113,1.4910104274749756,,,0.006115096155554056
9393,17.0,673,0.9163336753845215,,,0.006126330699771643
9394,29.0,1087,1.4665868282318115,,,0.008196838200092316
9395,18.0,723,0.9881494045257568,,,0.007325077895075083
9396,31.0,1173,1.5769431591033936,,,0.0064443182200193405
9397,29.0,1232,1.6662383079528809,,,0.012343761511147022
9398,25.0,885,1.1934466361999512,,,0.013705497607588768
9399,30.0,1101,1.4830968379974365,,,0.006278043147176504
9400,10.0,631,0.8562173843383789,,,0.009382192976772785
9401,28.0,1113,1.485673189163208,,,0.011649586260318756
9402,34.0,1099,1.4780468940734863,,,0.014792979694902897
9403,25.0,945,1.285865068435669,,,0.011610777117311954
9404,30.0,1072,1.4499576091766357,,,0.01814611814916134
9405,57.0,1945,2.625643014907837,,,0.00932887103408575
9406,20.0,725,0.9841580390930176,,,0.006445635575801134
9407,32.0,1377,1.8371992111206055,,,0.012817145325243473
9408,25.0,1023,1.3709795475006104,,,0.0051157549023628235
9409,19.0,696,0.9469318389892578,,,0.009432426653802395
9410,49.0,1579,2.118870258331299,,,0.012057075276970863
9411,31.0,1204,1.597459316253662,,,0.01144204381853342
9412,26.0,1127,1.502962350845337,,,0.007296179886907339
9413,29.0,1053,1.413512945175171,,,0.014210700057446957
9414,29.0,969,1.295698881149292,,,0.009173471480607986
9415,40.0,1443,1.9294624328613281,,,0.009161597117781639
9416,34.0,1255,1.668386459350586,,,0.012700926512479782
9417,18.0,741,1.0037906169891357,,,0.011747373268008232
9418,26.0,1117,1.5007612705230713,,,0.006131076719611883
9419,22.0,820,1.105133295059204,,,0.011615611612796783
9420,30.0,1008,1.3386099338531494,,,0.005875144153833389
9421,32.0,1090,1.4540164470672607,,,0.005026628728955984
9422,24.0,751,1.0177161693572998,,,0.0054750023409724236
9423,32.0,1265,1.684070348739624,,,0.006779878865927458
9424,33.0,1251,1.667294979095459,,,0.01236467994749546
9425,24.0,866,1.1624634265899658,,,0.010890454985201359
9426,32.0,1064,1.4127609729766846,,,0.007420203648507595
9427,29.0,1315,1.7497925758361816,,,0.03073156625032425
9428,23.0,1119,1.4976084232330322,,,0.009173569269478321
9429,25.0,982,1.3278005123138428,,,0.09148390591144562
9430,30.0,992,1.341310739517212,,,0.03293959051370621
9431,33.0,1087,1.4455478191375732,,,0.008344476111233234
9432,26.0,919,1.2304630279541016,,,0.009708902798593044
9433,50.0,1954,2.630927324295044,,,0.009415095672011375
9434,23.0,860,1.1634581089019775,,,0.013619780540466309
9435,28.0,1174,1.5635972023010254,,,0.01310519129037857
9436,39.0,1406,1.8883447647094727,,,0.009160867892205715
9437,30.0,1025,1.3719351291656494,,,0.009139957837760448
9438,30.0,1215,1.618682861328125,,,0.00951235368847847
9439,32.0,1160,1.5383696556091309,,,0.010345392860472202
9440,26.0,771,1.0356736183166504,,,0.011677030473947525
9441,30.0,1089,1.4708592891693115,,,0.006544938776642084
9442,28.0,1078,1.4525694847106934,,,0.012538213282823563
9443,28.0,905,1.2222213745117188,,,0.011696388013660908
9444,18.0,1034,1.4179048538208008,,,0.007097989320755005
9445,32.0,1143,1.5438148975372314,,,0.015284157358109951
9446,27.0,771,1.0428032875061035,,,0.010753783397376537
9447,31.0,1223,1.6470835208892822,,,0.007246445864439011
9448,32.0,1265,1.6967434883117676,,,0.011373277753591537
9449,32.0,1199,1.6125240325927734,,,0.010712215676903725
9450,27.0,1115,1.504699945449829,,,0.008883566595613956
9451,30.0,1126,1.5125970840454102,,,0.008303691633045673
9452,67.0,2425,3.2617971897125244,,,0.012605201452970505
9453,32.0,1151,1.5526630878448486,,,0.033392418175935745
9454,32.0,1235,1.6514277458190918,,,0.01910114474594593
9455,32.0,1153,1.549628734588623,,,0.01440082211047411
9456,30.0,1257,1.6900792121887207,,,0.0063265240751206875
9457,30.0,1041,1.3936569690704346,,,0.009573245421051979
9458,32.0,1291,1.7307486534118652,,,0.007958617992699146
9459,30.0,1155,1.5428826808929443,,,0.012388025410473347
9460,25.0,906,1.2302391529083252,,,0.011143400333821774
9461,30.0,1147,1.5530452728271484,,,0.007064315024763346
9462,16.0,939,1.2862730026245117,,,0.009436311200261116
9463,20.0,784,1.0681202411651611,,,0.0072810957208275795
9464,31.0,1111,1.497004747390747,,,0.008066732436418533
9465,44.0,1576,2.121903896331787,,,0.00759917264804244
9466,32.0,1106,1.4992470741271973,,,0.01164089236408472
9467,32.0,1500,1.9918105602264404,,,0.0131205590441823
9468,32.0,1185,1.5922071933746338,,,0.006693292874842882
9469,40.0,1441,1.9377245903015137,,,0.011818254366517067
9470,29.0,1204,1.625770092010498,,,0.0049361358396708965
9471,30.0,995,1.3404748439788818,,,0.01880457252264023
9472,32.0,1204,1.6186683177947998,,,0.010554648004472256
9473,33.0,1256,1.6854157447814941,,,0.008407880552113056
9474,31.0,1188,1.5845582485198975,,,0.015672046691179276
9475,31.0,1207,1.603173017501831,,,0.010176590643823147
9476,32.0,958,1.2837424278259277,,,0.011136981658637524
9477,30.0,1071,1.4324586391448975,,,0.006754712667316198
9478,25.0,885,1.1858744621276855,,,0.009517664089798927
9479,33.0,1387,1.849646806716919,,,0.009408842772245407
9480,32.0,928,1.2466034889221191,,,0.005655873101204634
9481,31.0,1224,1.6458964347839355,,,0.011168050579726696
9482,38.0,1509,2.0132853984832764,,,0.01010518241673708
9483,27.0,1299,1.7357757091522217,,,0.0056537543423473835
9484,27.0,925,1.2441165447235107,,,0.012195184826850891
9485,27.0,910,1.2209093570709229,,,0.01311663631349802
9486,32.0,1158,1.5494968891143799,,,0.014445229433476925
9487,28.0,1201,1.6299309730529785,,,0.010830284096300602
9488,25.0,1093,1.4785120487213135,,,0.005503002554178238
9489,48.0,1559,2.0971031188964844,,,0.00997889693826437
9490,32.0,1407,1.88496732711792,,,0.009865076281130314
9491,49.0,1864,2.5274367332458496,,,0.006435677409172058
9492,7.0,515,0.6976521015167236,,,0.01568860001862049
9493,32.0,1181,1.5730533599853516,,,0.011230194941163063
9494,32.0,1269,1.7098486423492432,,,0.011304987594485283
9495,31.0,1337,1.7926101684570312,,,0.013528031297028065
9496,30.0,1369,1.835280179977417,,,0.011487781070172787
9497,32.0,1229,1.6491832733154297,,,0.012266973033547401
9498,31.0,1138,1.5333831310272217,,,0.009573915973305702
9499,31.0,1186,1.6002562046051025,,,0.007930037565529346
9500,32.0,1223,1.6472532749176025,,,0.008220266550779343
9501,29.0,928,1.2520253658294678,,,0.006445604842156172
9502,7.0,539,0.7370400428771973,,,0.014089995995163918
9503,25.0,926,1.2470462322235107,,,0.008045432157814503
9504,30.0,1138,1.5169858932495117,,,0.009776132181286812
9505,18.0,806,1.0837407112121582,,,0.010085288435220718
9506,32.0,1189,1.589106798171997,,,0.010993655771017075
9507,31.0,1182,1.5918028354644775,,,0.013025887310504913
9508,31.0,1175,1.5642492771148682,,,0.009626572951674461
9509,31.0,1263,1.6776459217071533,,,0.01358531042933464
9510,21.0,873,1.1733617782592773,,,0.007666148245334625
9511,31.0,1053,1.407914161682129,,,0.016340743750333786
9512,32.0,1081,1.4331278800964355,,,0.0045090909115970135
9513,23.0,787,1.0601072311401367,,,0.013555462472140789
9514,25.0,809,1.0994150638580322,,,0.006497686728835106
9515,32.0,1197,1.6108179092407227,,,0.014339601621031761
9516,33.0,1406,1.8968865871429443,,,0.005287251900881529
9517,30.0,1088,1.4643568992614746,,,0.005385625641793013
9518,26.0,895,1.2093002796173096,,,0.011041638441383839
9519,31.0,914,1.217158317565918,,,0.010050208307802677
9520,26.0,880,1.1688556671142578,,,0.008598248474299908
9521,32.0,1284,1.6956017017364502,,,0.009257961995899677
9522,29.0,1155,1.5587131977081299,,,0.00800698809325695
9523,30.0,1220,1.6421568393707275,,,0.009809519164264202
9524,29.0,1182,1.5930233001708984,,,0.010832174681127071
9525,44.0,1857,2.5112318992614746,,,0.011856232769787312
9526,32.0,991,1.3388259410858154,,,0.006550881080329418
9527,30.0,1209,1.6385576725006104,,,0.008806483820080757
9528,33.0,1127,1.4927680492401123,,,0.008147882297635078
9529,31.0,1267,1.6963226795196533,,,0.012245194986462593
9530,22.0,916,1.2373030185699463,,,0.003469570307061076
9531,19.0,661,0.8970489501953125,,,0.011374282650649548
9532,22.0,739,1.0037055015563965,,,0.007554170209914446
9533,22.0,821,1.1187872886657715,,,0.012238342314958572
9534,30.0,1342,1.8189232349395752,,,0.008500360883772373
9535,27.0,902,1.2149937152862549,,,0.0052156331948935986
9536,29.0,1118,1.5053892135620117,,,0.007666469551622868
9537,23.0,870,1.1751134395599365,,,0.014164859429001808
9538,29.0,1165,1.5569429397583008,,,0.023520590737462044
9539,25.0,883,1.1934378147125244,,,0.00706104002892971
9540,32.0,1189,1.5976662635803223,,,0.019704829901456833
9541,29.0,1020,1.379051685333252,,,0.007748656440526247
9542,27.0,966,1.3085103034973145,,,0.00782475620508194
9543,30.0,1153,1.5534632205963135,,,0.0070509593933820724
9544,32.0,1186,1.5952298641204834,,,0.007436203770339489
9545,33.0,1191,1.596245527267456,,,0.007411770056933165
9546,28.0,1148,1.5474791526794434,,,0.014261496253311634
9547,15.0,753,1.0222795009613037,,,0.0099638681858778
9548,32.0,1009,1.3650376796722412,,,0.012955225072801113
9549,35.0,1139,1.5296821594238281,,,0.00663591967895627
9550,27.0,1067,1.4393489360809326,,,0.006714749615639448
9551,30.0,1028,1.3780136108398438,,,0.007313495967537165
9552,33.0,969,1.309164047241211,,,0.011649439111351967
9553,25.0,1018,1.3776895999908447,,,0.008431573398411274
9554,31.0,1273,1.7143406867980957,,,0.010709157213568687
9555,30.0,1317,1.772465705871582,,,0.006498132366687059
9556,32.0,1339,1.8057289123535156,,,0.00792434997856617
9557,30.0,1160,1.5680313110351562,,,0.011051266454160213
9558,34.0,1127,1.5179297924041748,,,0.006326133850961924
9559,12.0,617,0.8426876068115234,,,0.010192392393946648
9560,31.0,1213,1.62479829788208,,,0.008108550682663918
9561,29.0,1151,1.555098295211792,,,0.009599899873137474
9562,38.0,1659,2.2306458950042725,,,0.007530457340180874
9563,34.0,1094,1.4747669696807861,,,0.015911756083369255
9564,32.0,1239,1.6688816547393799,,,0.0073396493680775166
9565,28.0,1103,1.48699951171875,,,0.015718143433332443
9566,34.0,1207,1.6239049434661865,,,0.010385495610535145
9567,38.0,1547,2.080721855163574,,,0.013455651700496674
9568,26.0,962,1.3046131134033203,,,0.009410767816007137
9569,25.0,805,1.093796968460083,,,0.006470014341175556
9570,31.0,1205,1.599193811416626,,,0.009963057935237885
9571,27.0,1201,1.6065194606781006,,,0.014947858639061451
9572,18.0,719,0.9741880893707275,,,0.006974780932068825
9573,30.0,1218,1.646404504776001,,,0.007112615276128054
9574,22.0,877,1.1980135440826416,,,0.019911395385861397
9575,28.0,1079,1.4446439743041992,,,0.0200040340423584
9576,29.0,1183,1.5941877365112305,,,0.009264709427952766
9577,37.0,1270,1.7237892150878906,,,0.005983327515423298
9578,28.0,1160,1.563765525817871,,,0.007376391440629959
9579,30.0,1175,1.5778179168701172,,,0.009194636717438698
9580,32.0,937,1.2587378025054932,,,0.016158219426870346
9581,31.0,1220,1.642653465270996,,,0.011109895072877407
9582,33.0,1166,1.5632381439208984,,,0.010770733468234539
9583,19.0,863,1.1688263416290283,,,0.009176858700811863
9584,33.0,1101,1.4811739921569824,,,0.012271177023649216
9585,30.0,1087,1.4746222496032715,,,0.012794212438166142
9586,26.0,891,1.1952617168426514,,,0.0065205893479287624
9587,26.0,999,1.3449954986572266,,,0.010114005766808987
9588,33.0,1077,1.4505538940429688,,,0.0042569274082779884
9589,28.0,867,1.1657781600952148,,,0.010458655655384064
9590,33.0,925,1.2455165386199951,,,0.0085828248411417
9591,27.0,1276,1.704237699508667,,,0.015429290942847729
9592,30.0,947,1.2663774490356445,,,0.011600431054830551
9593,24.0,843,1.1465156078338623,,,0.012347147800028324
9594,32.0,1134,1.5208244323730469,,,0.008584133349359035
9595,24.0,1027,1.3808724880218506,,,0.008369474671781063
9596,30.0,1028,1.3869428634643555,,,0.015694325789809227
9597,25.0,1086,1.4748718738555908,,,0.00540681928396225
9598,19.0,747,1.0110511779785156,,,0.0063657257705926895
9599,31.0,1015,1.350459098815918,,,0.006115660537034273
9600,30.0,1187,1.5632593631744385,,,0.009973481297492981
9601,19.0,845,1.1361327171325684,,,0.01277624536305666
9602,32.0,1219,1.6203057765960693,,,0.010882432572543621
9603,26.0,1001,1.342439889907837,,,0.008956135250627995
9604,17.0,956,1.2984938621520996,,,0.007636012509465218
9605,24.0,975,1.3354523181915283,,,0.00576639361679554
9606,25.0,1114,1.5042569637298584,,,0.006134624592959881
9607,9.0,743,1.0099050998687744,,,0.008793775923550129
9608,30.0,1135,1.525301456451416,,,0.013230017386376858
9609,30.0,1132,1.513622522354126,,,0.009592289105057716
9610,29.0,952,1.267101526260376,,,0.016848506405949593
9611,25.0,859,1.1530938148498535,,,0.004461271222680807
9612,31.0,1185,1.5690085887908936,,,0.027554117143154144
9613,31.0,1336,1.7689611911773682,,,0.04073002561926842
9614,16.0,611,0.8189694881439209,,,0.014091385528445244
9615,30.0,1077,1.415281057357788,,,0.007562188897281885
9616,51.0,1627,2.168290138244629,,,0.007696494460105896
9617,32.0,1178,1.57956862449646,,,0.008845780044794083
9618,32.0,994,1.3391809463500977,,,0.007849520072340965
9619,32.0,1069,1.4374058246612549,,,0.010248683393001556
9620,30.0,1139,1.5265889167785645,,,0.009660650976002216
9621,28.0,1293,1.7412149906158447,,,0.011405683122575283
9622,32.0,1318,1.7717139720916748,,,0.010790105909109116
9623,33.0,1196,1.5961756706237793,,,0.0070799472741782665
9624,23.0,881,1.1913783550262451,,,0.005886285565793514
9625,25.0,1037,1.3800609111785889,,,0.01532461866736412
9626,32.0,1139,1.5168073177337646,,,0.0059939902275800705
9627,31.0,1199,1.6115670204162598,,,0.019375944510102272
9628,30.0,1281,1.7184100151062012,,,0.008872480131685734
9629,27.0,1021,1.3767502307891846,,,0.006056477781385183
9630,23.0,924,1.2453711032867432,,,0.00815560296177864
9631,26.0,1008,1.3645975589752197,,,0.013209163211286068
9632,26.0,980,1.3153371810913086,,,0.007688724901527166
9633,34.0,993,1.3330421447753906,,,0.011752989143133163
9634,32.0,1378,1.8523859977722168,,,0.026204483583569527
9635,31.0,1292,1.74365234375,,,0.011631744913756847
9636,33.0,1034,1.390775442123413,,,0.005939890630543232
9637,39.0,1714,2.3121228218078613,,,0.01008797436952591
9638,22.0,911,1.2405266761779785,,,0.012982119806110859
9639,24.0,935,1.2509522438049316,,,0.00987710990011692
9640,34.0,1203,1.6064560413360596,,,0.008347480557858944
9641,28.0,1087,1.4556169509887695,,,0.007216799538582563
9642,34.0,1047,1.3997290134429932,,,0.006077954545617104
9643,27.0,1111,1.4776349067687988,,,0.03219287097454071
9644,30.0,1265,1.6882400512695312,,,0.028049221262335777
9645,32.0,1169,1.5590484142303467,,,0.011813106015324593
9646,23.0,1006,1.3644752502441406,,,0.00706716300919652
9647,29.0,1009,1.3526527881622314,,,0.008447566069662571
9648,15.0,619,0.8373138904571533,,,0.010018382221460342
9649,49.0,1589,2.1311001777648926,,,0.01633884757757187
9650,25.0,910,1.228093147277832,,,0.008912510238587856
9651,24.0,998,1.3427379131317139,,,0.00689139636233449
9652,29.0,971,1.2977306842803955,,,0.0057150316424667835
9653,31.0,1159,1.5404417514801025,,,0.009904738515615463
9654,25.0,826,1.1134474277496338,,,0.007535895798355341
9655,32.0,1191,1.5773084163665771,,,0.004398412071168423
9656,27.0,859,1.1556415557861328,,,0.011635268107056618
9657,28.0,854,1.1506640911102295,,,0.008166042156517506
9658,32.0,961,1.2854137420654297,,,0.009236241690814495
9659,42.0,1493,2.0109381675720215,,,0.009779002517461777
9660,32.0,1214,1.6280972957611084,,,0.009735304862260818
9661,28.0,1069,1.445561170578003,,,0.0064468844793736935
9662,30.0,1329,1.7820193767547607,,,0.013208040036261082
9663,17.0,597,0.8133337497711182,,,0.01023140735924244
9664,31.0,1044,1.4141008853912354,,,0.007032417226582766
9665,24.0,874,1.1892521381378174,,,0.014426849782466888
9666,11.0,774,1.0443079471588135,,,0.009323608130216599
9667,26.0,1059,1.4143955707550049,,,0.009974651969969273
9668,38.0,1486,1.982485294342041,,,0.013913232833147049
9669,25.0,1111,1.5049870014190674,,,0.03393378108739853
9670,32.0,1129,1.5257959365844727,,,0.008091314695775509
9671,31.0,1210,1.6266810894012451,,,0.011524702422320843
9672,32.0,1073,1.434600830078125,,,0.010995320975780487
9673,28.0,955,1.2955679893493652,,,0.007304258644580841
9674,32.0,1179,1.564795970916748,,,0.009616647846996784
9675,26.0,974,1.3030555248260498,,,0.005642351228743792
9676,27.0,1095,1.4635355472564697,,,0.035922084003686905
9677,27.0,1018,1.382380485534668,,,0.009962579235434532
9678,31.0,1151,1.539189338684082,,,0.01266479678452015
9679,35.0,1039,1.4028499126434326,,,0.009978977032005787
9680,40.0,1394,1.8742146492004395,,,0.007566710002720356
9681,24.0,740,1.0051815509796143,,,0.010778887197375298
9682,33.0,1233,1.6465959548950195,,,0.03362169861793518
9683,29.0,1188,1.6037185192108154,,,0.024627408012747765
9684,30.0,1094,1.4673948287963867,,,0.013014623895287514
9685,32.0,1174,1.5886614322662354,,,0.008805721066892147
9686,33.0,1083,1.4580316543579102,,,0.006161126308143139
9687,32.0,1305,1.734501600265503,,,0.006954966578632593
9688,30.0,1182,1.5603241920471191,,,0.011052211746573448
9689,17.0,770,1.0357215404510498,,,0.013050480745732784
9690,32.0,1300,1.7180087566375732,,,0.006436729338020086
9691,32.0,1252,1.6723339557647705,,,0.01415392104536295
9692,29.0,1357,1.835702657699585,,,0.014011724852025509
9693,29.0,1035,1.3975005149841309,,,0.008097974583506584
9694,23.0,804,1.0829038619995117,,,0.01117748860269785
9695,32.0,1259,1.668440580368042,,,0.010411854833364487
9696,32.0,1241,1.6488966941833496,,,0.00788066629320383
9697,31.0,1021,1.3725035190582275,,,0.014019130729138851
9698,39.0,1708,2.253840446472168,,,0.010933179408311844
9699,31.0,1245,1.6462798118591309,,,0.01704343594610691
9700,25.0,1079,1.44242262840271,,,0.012983419932425022
9701,28.0,987,1.3291411399841309,,,0.009375356137752533
9702,32.0,1329,1.7823660373687744,,,0.0066521503031253815
9703,32.0,1177,1.5760293006896973,,,0.006767947692424059
9704,31.0,1282,1.7066733837127686,,,0.026174651458859444
9705,32.0,1291,1.7119073867797852,,,0.008252277970314026
9706,26.0,911,1.2110090255737305,,,0.011053282767534256
9707,32.0,1300,1.7382333278656006,,,0.008945607580244541
9708,28.0,1225,1.6455914974212646,,,0.021541928872466087
9709,34.0,1195,1.5943987369537354,,,0.015171600505709648
9710,33.0,1066,1.4356257915496826,,,0.006246519275009632
9711,32.0,1305,1.742368459701538,,,0.015316600911319256
9712,26.0,987,1.3275845050811768,,,0.009866902604699135
9713,39.0,1403,1.891850233078003,,,0.013177018612623215
9714,29.0,1221,1.6440784931182861,,,0.017652584239840508
9715,31.0,1180,1.582707405090332,,,0.008457683958113194
9716,18.0,835,1.1355268955230713,,,0.01053830236196518
9717,31.0,1130,1.5271961688995361,,,0.006456158589571714
9718,34.0,1403,1.884702205657959,,,0.010941852815449238
9719,31.0,918,1.228710412979126,,,0.006916168611496687
9720,25.0,853,1.1540048122406006,,,0.0133978808298707
9721,30.0,1119,1.506376028060913,,,0.0056010885164141655
9722,32.0,1182,1.5867791175842285,,,0.010381840169429779
9723,21.0,864,1.1636428833007812,,,0.006224299315363169
9724,31.0,1175,1.5742213726043701,,,0.010430039837956429
9725,32.0,1331,1.7789936065673828,,,0.01567392610013485
9726,32.0,1189,1.5929112434387207,,,0.006842235568910837
9727,31.0,1282,1.716911792755127,,,0.013650347478687763
9728,34.0,1025,1.3765356540679932,,,0.004117575939744711
9729,29.0,1161,1.579329252243042,,,0.012223739176988602
9730,25.0,941,1.266557216644287,,,0.006792092230170965
9731,25.0,869,1.1730401515960693,,,0.009722788818180561
9732,24.0,775,1.0518724918365479,,,0.015819041058421135
9733,30.0,1267,1.7090718746185303,,,0.011570372618734837
9734,27.0,950,1.2909977436065674,,,0.013927389867603779
9735,30.0,1404,1.8875541687011719,,,0.011152745224535465
9736,31.0,1053,1.4063801765441895,,,0.006816014181822538
9737,28.0,968,1.3019835948944092,,,0.012841918505728245
9738,32.0,1004,1.3289661407470703,,,0.009021989069879055
9739,35.0,1455,1.9292960166931152,,,0.007159574422985315
9740,27.0,931,1.2379670143127441,,,0.0059846192598342896
9741,32.0,1173,1.5694401264190674,,,0.007898485288023949
9742,32.0,1009,1.3595187664031982,,,0.011503263376653194
9743,30.0,1112,1.496098518371582,,,0.006361306644976139
9744,29.0,1264,1.6875874996185303,,,0.013151362538337708
9745,25.0,816,1.1015040874481201,,,0.009385217912495136
9746,29.0,1101,1.4751811027526855,,,0.020274316892027855
9747,25.0,968,1.2970306873321533,,,0.007850006222724915
9748,24.0,796,1.0792431831359863,,,0.009413167834281921
9749,31.0,1081,1.4482839107513428,,,0.009520216844975948
9750,27.0,856,1.149083137512207,,,0.012147416360676289
9751,28.0,1082,1.445328950881958,,,0.009648740291595459
9752,26.0,1034,1.3821370601654053,,,0.006469471380114555
9753,19.0,819,1.1046040058135986,,,0.006024378351867199
9754,34.0,1197,1.5884344577789307,,,0.005467347335070372
9755,29.0,1167,1.5523169040679932,,,0.007061762735247612
9756,31.0,1150,1.5220613479614258,,,0.014298863708972931
9757,32.0,1104,1.4629783630371094,,,0.011412307620048523
9758,31.0,1375,1.8156976699829102,,,0.006613763049244881
9759,22.0,855,1.1401035785675049,,,0.011167759075760841
9760,29.0,1103,1.4677057266235352,,,0.010470593348145485
9761,26.0,849,1.1349575519561768,,,0.009859941899776459
9762,30.0,1165,1.5404853820800781,,,0.007802490144968033
9763,27.0,1123,1.489196538925171,,,0.006470982916653156
9764,43.0,1592,2.128242015838623,,,0.022270159795880318
9765,28.0,895,1.1911122798919678,,,0.011030405759811401
9766,28.0,960,1.2803168296813965,,,0.015806997194886208
9767,30.0,1035,1.3763747215270996,,,0.013484947383403778
9768,32.0,1448,1.9101743698120117,,,0.005467698443681002
9769,31.0,1035,1.3793253898620605,,,0.007631164044141769
9770,18.0,744,0.9985175132751465,,,0.01088277343660593
9771,23.0,799,1.0774736404418945,,,0.0052113644778728485
9772,40.0,1452,1.9378724098205566,,,0.01592596247792244
9773,27.0,1008,1.3453524112701416,,,0.008476795628666878
9774,20.0,847,1.1327674388885498,,,0.01311251986771822
9775,29.0,1217,1.6174848079681396,,,0.021897220984101295
9776,30.0,1187,1.5670933723449707,,,0.00789330992847681
9777,27.0,1235,1.6427834033966064,,,0.008445117622613907
9778,31.0,1263,1.6725704669952393,,,0.008120838552713394
9779,29.0,967,1.2927167415618896,,,0.007635294925421476
9780,29.0,1289,1.706209659576416,,,0.008584902621805668
9781,14.0,754,1.0219001770019531,,,0.007898934185504913
9782,30.0,914,1.2292652130126953,,,0.005532379727810621
9783,42.0,1746,2.344345808029175,,,0.008421088568866253
9784,31.0,1321,1.7740883827209473,,,0.01677873730659485
9785,24.0,927,1.2568626403808594,,,0.01225150004029274
9786,43.0,1490,2.020477533340454,,,0.01077346783131361
9787,32.0,1203,1.6158545017242432,,,0.00995523203164339
9788,25.0,875,1.1798954010009766,,,0.008191135711967945
9789,28.0,990,1.3379199504852295,,,0.012201545760035515
9790,30.0,1052,1.4116129875183105,,,0.00829983875155449
9791,32.0,1115,1.5034904479980469,,,0.006190852727741003
9792,32.0,1062,1.4219670295715332,,,0.01614839769899845
9793,32.0,1219,1.6410794258117676,,,0.006067803129553795
9794,45.0,2049,2.764345645904541,,,0.0050125098787248135
9795,31.0,1337,1.7905890941619873,,,0.009246841073036194
9796,27.0,927,1.2583599090576172,,,0.00708654522895813
9797,38.0,1285,1.7351889610290527,,,0.009099829010665417
9798,32.0,1211,1.6166894435882568,,,0.014592349529266357
9799,33.0,1180,1.5641441345214844,,,0.014281697571277618
9800,31.0,1356,1.7966599464416504,,,0.009968736208975315
9801,22.0,793,1.0804822444915771,,,0.012182221747934818
9802,20.0,715,0.970435380935669,,,0.00581094715744257
9803,31.0,1163,1.5578029155731201,,,0.006273528095334768
9804,32.0,1095,1.4752833843231201,,,0.00400632806122303
9805,26.0,835,1.1294069290161133,,,0.01379865687340498
9806,31.0,1396,1.8722174167633057,,,0.01238462794572115
9807,20.0,832,1.1285803318023682,,,0.005521630402654409
9808,32.0,965,1.2992424964904785,,,0.00729804951697588
9809,30.0,1133,1.5212159156799316,,,0.006999420467764139
9810,22.0,741,1.0056183338165283,,,0.006419543642550707
9811,26.0,914,1.2285234928131104,,,0.007896608673036098
9812,31.0,1141,1.5200564861297607,,,0.007376749999821186
9813,30.0,1070,1.4399449825286865,,,0.005995030514895916
9814,31.0,1074,1.4311151504516602,,,0.015716690570116043
9815,30.0,1076,1.434708833694458,,,0.03216454014182091
9816,31.0,1149,1.5244507789611816,,,0.013348669745028019
9817,26.0,838,1.1254863739013672,,,0.011167548596858978
9818,33.0,1185,1.5799715518951416,,,0.009736314415931702
9819,28.0,907,1.2138333320617676,,,0.01091700792312622
9820,28.0,1135,1.5124573707580566,,,0.008596978150308132
9821,28.0,1069,1.4311738014221191,,,0.013800174929201603
9822,32.0,1372,1.8334383964538574,,,0.010359867475926876
9823,32.0,1217,1.6346890926361084,,,0.012511995621025562
9824,21.0,922,1.257629632949829,,,0.007703904062509537
9825,12.0,637,0.8761200904846191,,,0.006544057745486498
9826,18.0,613,0.8348581790924072,,,0.006938219536095858
9827,30.0,1221,1.6385273933410645,,,0.011974751949310303
9828,33.0,1094,1.4698586463928223,,,0.00982831884175539
9829,18.0,813,1.1057662963867188,,,0.016304610297083855
9830,44.0,1619,2.1685640811920166,,,0.03161163628101349
9831,36.0,1257,1.6790049076080322,,,0.006270234473049641
9832,30.0,1125,1.508861780166626,,,0.0061113969422876835
9833,31.0,997,1.3434817790985107,,,0.015437331050634384
9834,31.0,1292,1.7346875667572021,,,0.02766900137066841
9835,28.0,878,1.19366455078125,,,0.012512239627540112
9836,26.0,1131,1.522890329360962,,,0.009567189030349255
9837,23.0,933,1.252591609954834,,,0.01257369015365839
9838,43.0,1681,2.240215301513672,,,0.0072547816671431065
9839,28.0,953,1.2690186500549316,,,0.010927697643637657
9840,25.0,896,1.2058329582214355,,,0.010028586722910404
9841,52.0,1808,2.447720766067505,,,0.016929179430007935
9842,22.0,997,1.3609881401062012,,,0.008535227738320827
9843,31.0,1198,1.6153903007507324,,,0.014431535266339779
9844,26.0,1006,1.3629484176635742,,,0.013679432682693005
9845,21.0,711,0.9638190269470215,,,0.042103301733732224
9846,22.0,885,1.2015902996063232,,,0.015692126005887985
9847,32.0,1278,1.7204043865203857,,,0.013465262949466705
9848,16.0,857,1.1618716716766357,,,0.011282268911600113
9849,23.0,779,1.0642638206481934,,,0.011565004475414753
9850,32.0,1197,1.5991833209991455,,,0.01661880873143673
9851,25.0,989,1.327120304107666,,,0.006399041973054409
9852,32.0,1163,1.5289332866668701,,,0.02012217789888382
9853,30.0,1155,1.5371596813201904,,,0.013407784514129162
9854,29.0,1064,1.4108960628509521,,,0.009326829575002193
9855,33.0,1205,1.5988001823425293,,,0.008482273668050766
9856,31.0,1257,1.6634981632232666,,,0.00633996119722724
9857,23.0,854,1.1379079818725586,,,0.010100179351866245
9858,30.0,1167,1.5644242763519287,,,0.011857395991683006
9859,23.0,851,1.1527230739593506,,,0.00971695501357317
9860,30.0,1075,1.4463529586791992,,,0.008577104657888412
9861,31.0,1141,1.52766752243042,,,0.007096742279827595
9862,32.0,1331,1.7749121189117432,,,0.008965170942246914
9863,33.0,1329,1.7825512886047363,,,0.018398845568299294
9864,32.0,1181,1.58833909034729,,,0.005534823518246412
9865,32.0,1353,1.8108007907867432,,,0.014474291354417801
9866,19.0,715,0.9810206890106201,,,0.022825131192803383
9867,30.0,1217,1.6434242725372314,,,0.008832035586237907
9868,31.0,1207,1.625929832458496,,,0.01118546724319458
9869,30.0,1175,1.5900399684906006,,,0.015488910488784313
9870,31.0,1195,1.6131834983825684,,,0.005607577972114086
9871,28.0,1095,1.4776043891906738,,,0.010937537997961044
9872,27.0,865,1.1725375652313232,,,0.005477188620716333
9873,21.0,741,1.0048706531524658,,,0.015665628015995026
9874,26.0,984,1.3240292072296143,,,0.010706341825425625
9875,33.0,835,1.1177716255187988,,,0.009498542174696922
9876,35.0,1126,1.5138628482818604,,,0.011748888529837132
9877,40.0,1491,2.0146279335021973,,,0.006476718466728926
9878,33.0,1129,1.5149788856506348,,,0.011542225256562233
9879,49.0,1832,2.4666292667388916,,,0.00556098623201251
9880,32.0,1014,1.3603839874267578,,,0.0077972994185984135
9881,28.0,951,1.2835471630096436,,,0.007826663553714752
9882,30.0,1168,1.5717003345489502,,,0.008201180957257748
9883,34.0,1017,1.3728957176208496,,,0.009951337240636349
9884,25.0,890,1.2043976783752441,,,0.006464691832661629
9885,23.0,813,1.1073400974273682,,,0.015431852079927921
9886,32.0,1331,1.7678780555725098,,,0.005517063662409782
9887,34.0,1026,1.368358850479126,,,0.01335821207612753
9888,32.0,1118,1.492631435394287,,,0.008772059343755245
9889,33.0,1030,1.3719022274017334,,,0.014358197338879108
9890,31.0,1138,1.5167088508605957,,,0.00996868871152401
9891,27.0,1261,1.7033872604370117,,,0.009013248607516289
9892,29.0,1076,1.4521970748901367,,,0.012865373864769936
9893,32.0,1105,1.480924129486084,,,0.014299030415713787
9894,34.0,1533,2.0305161476135254,,,0.009238481521606445
9895,30.0,1107,1.4776558876037598,,,0.02782577835023403
9896,32.0,1259,1.6905508041381836,,,0.009542356245219707
9897,41.0,1365,1.833404779434204,,,0.005528254900127649
9898,23.0,851,1.148855447769165,,,0.011915681883692741
9899,14.0,714,0.9719033241271973,,,0.031248876824975014
9900,29.0,889,1.201965093612671,,,0.007814120501279831
9901,22.0,1030,1.3973937034606934,,,0.01825319416821003
9902,32.0,1269,1.6870205402374268,,,0.03136570379137993
9903,32.0,1145,1.5112364292144775,,,0.00669514574110508
9904,39.0,1394,1.878394603729248,,,0.014866527169942856
9905,31.0,1384,1.8528573513031006,,,0.01438543014228344
9906,32.0,1252,1.6784863471984863,,,0.004955298267304897
9907,32.0,1353,1.8111798763275146,,,0.0049307337030768394
9908,31.0,1021,1.3794009685516357,,,0.013038229197263718
9909,22.0,823,1.1252267360687256,,,0.005448476877063513
9910,33.0,1008,1.3537743091583252,,,0.0117043387144804
9911,32.0,1169,1.5607349872589111,,,0.00873908307403326
9912,27.0,973,1.317265510559082,,,0.00428552832454443
9913,31.0,1167,1.5692176818847656,,,0.005025786813348532
9914,32.0,1022,1.3767979145050049,,,0.009357331320643425
9915,22.0,743,1.0103938579559326,,,0.0047630867920815945
9916,29.0,1169,1.574530839920044,,,0.007179408334195614
9917,28.0,989,1.3374218940734863,,,0.010842167772352695
9918,30.0,1368,1.810736894607544,,,0.006464316975325346
9919,30.0,1142,1.5200083255767822,,,0.009152036160230637
9920,19.0,731,0.9893839359283447,,,0.006349180359393358
9921,6.0,564,0.7715647220611572,,,0.003959266934543848
9922,28.0,906,1.2085363864898682,,,0.003512313589453697
9923,31.0,1049,1.3970983028411865,,,0.017828747630119324
9924,23.0,825,1.119769811630249,,,0.007772483862936497
9925,29.0,1116,1.5175888538360596,,,0.005197382066398859
9926,31.0,1418,1.9011809825897217,,,0.017664829269051552
9927,38.0,1519,2.046356201171875,,,0.00862028542906046
9928,24.0,1135,1.5370421409606934,,,0.013472549617290497
9929,29.0,1007,1.3620169162750244,,,0.0051783109083771706
9930,29.0,1207,1.62825608253479,,,0.007833629846572876
9931,26.0,1008,1.3629562854766846,,,0.01430791150778532
9932,32.0,1069,1.4359726905822754,,,0.010342638939619064
9933,31.0,1332,1.7828404903411865,,,0.009268136695027351
9934,30.0,1130,1.5225286483764648,,,0.006019126623868942
9935,27.0,1047,1.4159553050994873,,,0.00905260257422924
9936,30.0,1179,1.5821871757507324,,,0.010736316442489624
9937,28.0,1031,1.3979301452636719,,,0.0122696403414011
9938,21.0,876,1.1885380744934082,,,0.007812680676579475
9939,17.0,1047,1.4317870140075684,,,0.011449170298874378
9940,33.0,1166,1.5646061897277832,,,0.004831359256058931
9941,30.0,1174,1.5895557403564453,,,0.011160621419548988
9942,26.0,873,1.1770524978637695,,,0.009974842891097069
9943,22.0,816,1.0950071811676025,,,0.008922806940972805
9944,41.0,1620,2.1454999446868896,,,0.009304276667535305
9945,31.0,1132,1.5066683292388916,,,0.01052720844745636
9946,32.0,1156,1.5359752178192139,,,0.01055050641298294
9947,30.0,1040,1.3756091594696045,,,0.0073158578015863895
9948,15.0,983,1.3228745460510254,,,0.0105180898681283
9949,22.0,800,1.0741403102874756,,,0.00669193547219038
9950,25.0,1129,1.5023736953735352,,,0.010599575936794281
9951,33.0,1034,1.3711509704589844,,,0.016505204141139984
9952,30.0,1017,1.352043867111206,,,0.00999227911233902
9953,31.0,1147,1.5293476581573486,,,0.012763528153300285
9954,29.0,1217,1.6293952465057373,,,0.005809591617435217
9955,31.0,1352,1.8088488578796387,,,0.007737900596112013
9956,32.0,995,1.3285024166107178,,,0.0094270845875144
9957,30.0,1100,1.4936821460723877,,,0.006334926933050156
9958,24.0,1261,1.7018342018127441,,,0.012339103035628796
9959,29.0,1208,1.6202223300933838,,,0.0131607037037611
9960,26.0,1191,1.5893504619598389,,,0.009064449928700924
9961,32.0,965,1.2843642234802246,,,0.006520605646073818
9962,15.0,637,0.8532874584197998,,,0.01357924286276102
9963,32.0,1105,1.4624979496002197,,,0.009500063955783844
9964,31.0,1296,1.7190802097320557,,,0.007331510540097952
9965,31.0,1410,1.8733770847320557,,,0.010709489695727825
9966,32.0,1314,1.7636592388153076,,,0.009480995126068592
9967,32.0,1242,1.663560152053833,,,0.009016036055982113
9968,28.0,920,1.2390027046203613,,,0.010093320161104202
9969,30.0,1195,1.6115531921386719,,,0.01581534557044506
9970,20.0,795,1.0824692249298096,,,0.01135000865906477
9971,32.0,1214,1.632690191268921,,,0.008725372143089771
9972,32.0,1313,1.7517673969268799,,,0.0065086400136351585
9973,26.0,1124,1.5065884590148926,,,0.009955279529094696
9974,33.0,923,1.2397305965423584,,,0.007209226954728365
9975,32.0,913,1.2254970073699951,,,0.005403969436883926
9976,30.0,1091,1.4654245376586914,,,0.005606228485703468
9977,31.0,1193,1.602135181427002,,,0.004946776200085878
9978,30.0,1278,1.7253634929656982,,,0.007860812358558178
9979,31.0,948,1.2670934200286865,,,0.008128052577376366
9980,17.0,628,0.8561997413635254,,,0.00548582011833787
9981,24.0,800,1.0865168571472168,,,0.012824960984289646
9982,32.0,1447,1.9460792541503906,,,0.008447302505373955
9983,31.0,1081,1.451956033706665,,,0.009829580783843994
9984,21.0,883,1.1999590396881104,,,0.011596191674470901
9985,30.0,1052,1.4205973148345947,,,0.010515952482819557
9986,29.0,1125,1.512796401977539,,,0.009832027368247509
9987,18.0,692,0.9495320320129395,,,0.03800581768155098
9988,29.0,971,1.315490484237671,,,0.010297652333974838
9989,35.0,1408,1.8800711631774902,,,0.0067877150140702724
9990,30.0,1251,1.6561036109924316,,,0.009774780832231045
9991,50.0,2167,2.9093008041381836,,,0.015305458568036556
9992,29.0,1131,1.5054454803466797,,,0.007621739059686661
9993,31.0,1253,1.689004898071289,,,0.005300174467265606
9994,25.0,738,0.9988760948181152,,,0.011246202513575554
9995,26.0,888,1.199641466140747,,,0.00980997085571289
9996,31.0,1071,1.435347557067871,,,0.008723060600459576
9997,34.0,1065,1.4310321807861328,,,0.00704624829813838
9998,34.0,1263,1.6936042308807373,,,0.009173238649964333
9999,31.0,1368,1.826524019241333,,,0.005579110700637102
10000,31.0,1159,1.5562570095062256,,,0.008362875320017338
10001,32.0,1229,1.6493072509765625,,,0.009037042036652565
10002,41.0,1565,2.1059482097625732,,,0.007145972922444344
10003,32.0,1264,1.706573724746704,,,0.00943708699196577
10004,30.0,1109,1.4886271953582764,,,0.009503699839115143
10005,30.0,1136,1.5271599292755127,,,0.021171441301703453
10006,24.0,759,1.0290710926055908,,,0.00853312760591507
10007,31.0,1177,1.572695255279541,,,0.012269546277821064
10008,32.0,1129,1.5315775871276855,,,0.0082667525857687
10009,31.0,1239,1.6634302139282227,,,0.008856472559273243
10010,33.0,1098,1.4730515480041504,,,0.0096212700009346
10011,28.0,1083,1.4537198543548584,,,0.007999543100595474
10012,32.0,1203,1.6110565662384033,,,0.015223104506731033
10013,32.0,1506,1.990952730178833,,,0.00544497836381197
10014,29.0,1103,1.465611457824707,,,0.026129039004445076
10015,30.0,1123,1.505272388458252,,,0.008743560872972012
10016,30.0,1081,1.4530971050262451,,,0.012316019274294376
10017,30.0,1303,1.7534570693969727,,,0.0065661100670695305
10018,21.0,959,1.3005409240722656,,,0.012458931654691696
10019,27.0,1136,1.5302374362945557,,,0.008615528233349323
10020,32.0,1208,1.6168415546417236,,,0.0037521040067076683
10021,21.0,804,1.089270830154419,,,0.004711379762738943
10022,24.0,927,1.255847454071045,,,0.008897922933101654
10023,27.0,1062,1.4439897537231445,,,0.009782325476408005
10024,30.0,1075,1.4505817890167236,,,0.01041271723806858
10025,28.0,1041,1.400224208831787,,,0.03166564926505089
10026,40.0,1449,1.9378821849822998,,,0.0057987733744084835
10027,32.0,1421,1.8776679039001465,,,0.019437793642282486
10028,29.0,1121,1.5071330070495605,,,0.011875245720148087
10029,23.0,938,1.2636311054229736,,,0.00811087153851986
10030,31.0,1291,1.7417948246002197,,,0.00489346357062459
10031,18.0,886,1.198580265045166,,,0.005300906021147966
10032,30.0,1501,2.009502410888672,,,0.009797670878469944
10033,34.0,1334,1.7848165035247803,,,0.006565692834556103
10034,26.0,888,1.21138334274292,,,0.014250307343900204
10035,33.0,1079,1.4473786354064941,,,0.008726262487471104
10036,33.0,1232,1.640549898147583,,,0.007441285066306591
10037,29.0,1291,1.7238564491271973,,,0.013637484051287174
10038,27.0,1061,1.4301137924194336,,,0.009085682220757008
10039,20.0,937,1.276310682296753,,,0.012339341454207897
10040,27.0,1063,1.4308176040649414,,,0.032480381429195404
10041,32.0,1183,1.591278076171875,,,0.004114899784326553
10042,31.0,1197,1.6090435981750488,,,0.009359986521303654
10043,27.0,1167,1.5756173133850098,,,0.0073387292213737965
10044,24.0,1039,1.386969804763794,,,0.010385002009570599
10045,32.0,1025,1.376694679260254,,,0.026057781651616096
10046,32.0,1089,1.4487378597259521,,,0.006421102676540613
10047,31.0,1212,1.6178202629089355,,,0.008515828289091587
10048,31.0,1187,1.5916783809661865,,,0.00786008033901453
10049,26.0,855,1.1619195938110352,,,0.010209448635578156
10050,28.0,978,1.3209049701690674,,,0.013183537870645523
10051,32.0,1362,1.806758165359497,,,0.012067166157066822
10052,31.0,1010,1.3491034507751465,,,0.004909592680633068
10053,29.0,1229,1.636613130569458,,,0.007960659451782703
10054,26.0,1011,1.3528261184692383,,,0.007164887152612209
10055,33.0,1425,1.896909236907959,,,0.008774065412580967
10056,43.0,1698,2.2929515838623047,,,0.008466037921607494
10057,31.0,1175,1.5711069107055664,,,0.005769368261098862
10058,16.0,709,0.9665541648864746,,,0.009902187623083591
10059,30.0,1152,1.5515751838684082,,,0.007390729617327452
10060,33.0,1179,1.5828657150268555,,,0.01042855903506279
10061,29.0,1091,1.45689058303833,,,0.011051531881093979
10062,32.0,1173,1.5553791522979736,,,0.010817894712090492
10063,31.0,1029,1.3642163276672363,,,0.007466420531272888
10064,33.0,1138,1.5076825618743896,,,0.010869337245821953
10065,31.0,1120,1.4856703281402588,,,0.01827174238860607
10066,28.0,1109,1.4698293209075928,,,0.008917470462620258
10067,31.0,1273,1.6831684112548828,,,0.007856071926653385
10068,25.0,1087,1.4582645893096924,,,0.028661150485277176
10069,33.0,1107,1.4934844970703125,,,0.006280888337641954
10070,29.0,1072,1.4387288093566895,,,0.01287820190191269
10071,32.0,1275,1.7107553482055664,,,0.01482435129582882
10072,21.0,803,1.0959410667419434,,,0.0365997813642025
10073,25.0,869,1.180584192276001,,,0.009672369807958603
10074,32.0,1320,1.7688920497894287,,,0.009166338481009007
10075,32.0,1112,1.5011887550354004,,,0.013593301177024841
10076,29.0,1089,1.4622011184692383,,,0.008944260887801647
10077,31.0,1153,1.5420870780944824,,,0.009461374953389168
10078,32.0,1151,1.5436186790466309,,,0.01131825428456068
10079,31.0,1321,1.7723374366760254,,,0.015464006923139095
10080,32.0,1001,1.348569631576538,,,0.008265689946711063
10081,47.0,1800,2.4330172538757324,,,0.008719788864254951
10082,32.0,1363,1.8318696022033691,,,0.005945412442088127
10083,30.0,1188,1.6032941341400146,,,0.007388988044112921
10084,28.0,1085,1.463024377822876,,,0.010911858640611172
10085,32.0,1279,1.7079496383666992,,,0.007413777522742748
10086,32.0,963,1.2955379486083984,,,0.007589746732264757
10087,32.0,1162,1.5537593364715576,,,0.02443454973399639
10088,36.0,1297,1.723191738128662,,,0.012704364955425262
10089,30.0,1221,1.6391758918762207,,,0.004187765531241894
10090,30.0,1218,1.6330199241638184,,,0.010641563683748245
10091,10.0,640,0.8771781921386719,,,0.007266229949891567
10092,44.0,1760,2.3593478202819824,,,0.008728678338229656
10093,30.0,854,1.1512770652770996,,,0.010670322924852371
10094,37.0,1520,2.037041664123535,,,0.01246838178485632
10095,31.0,1203,1.603710412979126,,,0.009338025003671646
10096,30.0,1165,1.5477025508880615,,,0.006475013215094805
10097,31.0,1215,1.6339960098266602,,,0.00750126875936985
10098,38.0,1502,2.0147452354431152,,,0.007879306562244892
10099,31.0,1178,1.5884289741516113,,,0.007183004170656204
10100,28.0,1228,1.6535043716430664,,,0.006260153371840715
10101,31.0,1046,1.4068901538848877,,,0.005265380255877972
10102,34.0,1197,1.603447675704956,,,0.010516369715332985
10103,31.0,1376,1.8549516201019287,,,0.012171248905360699
10104,41.0,1319,1.778550148010254,,,0.008078329265117645
10105,31.0,1371,1.8419671058654785,,,0.00996575877070427
10106,29.0,1138,1.512727975845337,,,0.010353818535804749
10107,29.0,1084,1.4624056816101074,,,0.006370262708514929
10108,19.0,667,0.9087092876434326,,,0.004592102020978928
10109,34.0,1318,1.771026372909546,,,0.005854649469256401
10110,22.0,788,1.0734045505523682,,,0.007372701074928045
10111,29.0,1203,1.6132209300994873,,,0.013138034380972385
10112,26.0,766,1.0444419384002686,,,0.010632905177772045
10113,63.0,2245,3.025909662246704,,,0.009652867913246155
10114,32.0,1027,1.384483814239502,,,0.013817451894283295
10115,34.0,922,1.2436573505401611,,,0.028058335185050964
10116,18.0,659,0.895003080368042,,,0.007397666573524475
10117,30.0,1110,1.4941227436065674,,,0.009165996685624123
10118,31.0,1167,1.5747411251068115,,,0.011652934364974499
10119,32.0,1199,1.605607032775879,,,0.005413471255451441
10120,27.0,946,1.2781403064727783,,,0.021426688879728317
10121,32.0,1530,2.0386404991149902,,,0.01033868920058012
10122,33.0,1471,1.9702122211456299,,,0.009435678832232952
10123,55.0,2115,2.8350777626037598,,,0.006692370865494013
10124,32.0,1357,1.8060648441314697,,,0.014889040030539036
10125,26.0,871,1.174699068069458,,,0.012085498310625553
10126,31.0,1222,1.626868486404419,,,0.005800388287752867
10127,30.0,1200,1.5958404541015625,,,0.015679996460676193
10128,27.0,976,1.3027052879333496,,,0.009286487475037575
10129,32.0,1139,1.5351512432098389,,,0.006157804746180773
10130,37.0,1363,1.8443822860717773,,,0.00527599360793829
10131,28.0,1082,1.459709644317627,,,0.005445558112114668
10132,27.0,940,1.2707493305206299,,,0.010585146024823189
10133,21.0,759,1.041832685470581,,,0.009267852641642094
10134,32.0,890,1.2010622024536133,,,0.006449651904404163
10135,32.0,1010,1.3539698123931885,,,0.014477045275270939
10136,33.0,1200,1.602708101272583,,,0.011748763732612133
10137,29.0,1263,1.6935255527496338,,,0.012498061172664165
10138,32.0,1307,1.7335355281829834,,,0.008600217290222645
10139,32.0,1041,1.385768175125122,,,0.009886931627988815
10140,31.0,1187,1.577894687652588,,,0.013193629682064056
10141,28.0,1119,1.497558832168579,,,0.03533944487571716
10142,33.0,1131,1.50996732711792,,,0.013402942568063736
10143,30.0,1245,1.6724324226379395,,,0.005893446505069733
10144,31.0,1231,1.6534814834594727,,,0.010545361787080765
10145,19.0,659,0.8925516605377197,,,0.006922516506165266
10146,63.0,2282,3.059021472930908,,,0.012331600300967693
10147,28.0,967,1.3036766052246094,,,0.007552752271294594
10148,31.0,1060,1.4308445453643799,,,0.007199808489531279
10149,48.0,1745,2.363781690597534,,,0.006028193514794111
10150,30.0,1104,1.4788727760314941,,,0.006905070506036282
10151,22.0,691,0.9291877746582031,,,0.010158250108361244
10152,31.0,1037,1.3736655712127686,,,0.010388190858066082
10153,31.0,903,1.210582971572876,,,0.015599099919199944
10154,31.0,1485,1.9592938423156738,,,0.0460822768509388
10155,33.0,994,1.3275058269500732,,,0.011677046306431293
10156,28.0,1171,1.5504646301269531,,,0.010520067997276783
10157,29.0,1192,1.5877251625061035,,,0.011524633504450321
10158,22.0,789,1.0565083026885986,,,0.009554608725011349
10159,30.0,1113,1.476386547088623,,,0.010986736975610256
10160,46.0,1631,2.1618449687957764,,,0.01152971014380455
10161,28.0,941,1.2513275146484375,,,0.009470457211136818
10162,35.0,1451,1.9234247207641602,,,0.009634891524910927
10163,56.0,1844,2.460780143737793,,,0.027699319645762444
10164,33.0,1231,1.643791675567627,,,0.008847955614328384
10165,32.0,1191,1.5967903137207031,,,0.012630513869225979
10166,27.0,1127,1.514742374420166,,,0.01216435432434082
10167,28.0,975,1.3208942413330078,,,0.006817620247602463
10168,17.0,965,1.3113746643066406,,,0.012480064295232296
10169,39.0,1517,2.0542514324188232,,,0.005493405740708113
10170,27.0,931,1.2616360187530518,,,0.007426274009048939
10171,32.0,1090,1.4731998443603516,,,0.005408478435128927
10172,36.0,1512,2.046492338180542,,,0.007924430072307587
10173,31.0,1181,1.5680274963378906,,,0.012340803630650043
10174,29.0,1006,1.341127872467041,,,0.0074774413369596004
10175,56.0,1744,2.328718662261963,,,0.008196880109608173
10176,29.0,1005,1.358975887298584,,,0.0061857192777097225
10177,30.0,1280,1.7085661888122559,,,0.011552248150110245
10178,30.0,1221,1.641963005065918,,,0.009520323015749454
10179,33.0,1050,1.4141387939453125,,,0.010277262888848782
10180,32.0,1073,1.4351749420166016,,,0.006639629602432251
10181,29.0,1187,1.5756466388702393,,,0.005705283954739571
10182,32.0,1248,1.675877332687378,,,0.00822383165359497
10183,37.0,1539,2.0706520080566406,,,0.006288404110819101
10184,31.0,1182,1.5919299125671387,,,0.005179040599614382
10185,33.0,956,1.288304328918457,,,0.009067170321941376
10186,32.0,1084,1.4489498138427734,,,0.005285270977765322
10187,32.0,1217,1.634937047958374,,,0.008367501199245453
10188,34.0,1073,1.4393823146820068,,,0.008006354793906212
10189,30.0,1102,1.4803400039672852,,,0.005441112909466028
10190,32.0,1127,1.5096046924591064,,,0.01751045510172844
10191,39.0,1401,1.9272446632385254,,,0.006171229761093855
10192,53.0,1837,2.449942111968994,,,0.010261185467243195
10193,34.0,1409,1.8764095306396484,,,0.009192378260195255
10194,31.0,1426,1.903998851776123,,,0.00833386741578579
10195,34.0,1094,1.4647259712219238,,,0.005323859862983227
10196,31.0,1167,1.5625660419464111,,,0.008564610034227371
10197,31.0,1174,1.5729584693908691,,,0.006396727170795202
10198,30.0,1094,1.466524362564087,,,0.00694525521248579
10199,30.0,1063,1.4248847961425781,,,0.0073441388085484505
10200,27.0,1189,1.6063694953918457,,,0.006922523956745863
10201,20.0,787,1.0703339576721191,,,0.013380498625338078
10202,18.0,707,0.9585418701171875,,,0.010032008402049541
10203,32.0,1253,1.6712327003479004,,,0.010441303253173828
10204,31.0,1282,1.713932752609253,,,0.012490315362811089
10205,42.0,1566,2.1136679649353027,,,0.007436982821673155
10206,51.0,1489,1.993034839630127,,,0.0051161241717636585
10207,30.0,1140,1.5257246494293213,,,0.008366502821445465
10208,30.0,1187,1.5825817584991455,,,0.008268957957625389
10209,43.0,1605,2.138550281524658,,,0.009463020600378513
10210,45.0,1603,2.140793800354004,,,0.005864495877176523
10211,29.0,1319,1.751128911972046,,,0.007570286281406879
10212,31.0,1070,1.4439475536346436,,,0.035650018602609634
10213,30.0,1306,1.753976821899414,,,0.004696006420999765
10214,32.0,1416,1.8898634910583496,,,0.007895493879914284
10215,30.0,1165,1.5491955280303955,,,0.005369881168007851
10216,32.0,1382,1.8273208141326904,,,0.007429872173815966
10217,19.0,835,1.1358108520507812,,,0.007946556434035301
10218,29.0,1103,1.4739115238189697,,,0.008979620411992073
10219,31.0,1304,1.746382713317871,,,0.009407981298863888
10220,31.0,1101,1.4756066799163818,,,0.013019184581935406
10221,1.0,327,0.45092296600341797,,,0.011219803243875504
10222,28.0,950,1.2607104778289795,,,0.00723018916323781
10223,24.0,817,1.0910604000091553,,,0.0037939802277833223
10224,32.0,1325,1.743025302886963,,,0.013158166781067848
10225,34.0,1120,1.4896869659423828,,,0.005888048559427261
10226,28.0,1047,1.3886289596557617,,,0.004711898975074291
10227,32.0,1409,1.8569917678833008,,,0.003833335591480136
10228,34.0,1121,1.4942152500152588,,,0.0063855694606900215
10229,31.0,1113,1.470390796661377,,,0.04406553879380226
10230,31.0,1056,1.4046194553375244,,,0.013808602467179298
10231,35.0,1317,1.7481439113616943,,,0.007110120728611946
10232,31.0,1081,1.4486351013183594,,,0.010666154325008392
10233,29.0,1025,1.3607807159423828,,,0.00814043264836073
10234,32.0,1181,1.5609745979309082,,,0.01575608178973198
10235,32.0,958,1.2776823043823242,,,0.0062864082865417
10236,31.0,1148,1.517310380935669,,,0.007894259877502918
10237,31.0,1247,1.6586940288543701,,,0.0084388367831707
10238,31.0,1039,1.399956226348877,,,0.0066438158974051476
10239,27.0,959,1.303497076034546,,,0.009481466375291348
10240,32.0,991,1.3360671997070312,,,0.007065646816045046
10241,31.0,1207,1.6144301891326904,,,0.006988395471125841
10242,22.0,864,1.1660690307617188,,,0.01662914641201496
10243,28.0,1013,1.3728573322296143,,,0.013407079502940178
10244,40.0,1580,2.1377642154693604,,,0.00658825458958745
10245,32.0,1049,1.4094171524047852,,,0.012643551453948021
10246,32.0,1169,1.5645194053649902,,,0.008769040927290916
10247,29.0,1191,1.6023542881011963,,,0.007909494452178478
10248,43.0,1565,2.1133980751037598,,,0.009759964421391487
10249,27.0,1047,1.4240691661834717,,,0.011407431215047836
10250,32.0,1333,1.7941875457763672,,,0.025823723524808884
10251,35.0,1544,2.0762720108032227,,,0.010361005552113056
10252,32.0,1147,1.5409574508666992,,,0.006718810182064772
10253,15.0,683,0.936532735824585,,,0.006282462272793055
10254,29.0,1109,1.4938349723815918,,,0.008418502286076546
10255,29.0,1163,1.5694959163665771,,,0.0071409628726542
10256,31.0,1195,1.602489948272705,,,0.007243502419441938
10257,31.0,1405,1.888859748840332,,,0.007824832573533058
10258,31.0,1179,1.5822045803070068,,,0.008996562100946903
10259,32.0,1114,1.4918255805969238,,,0.007470475044101477
10260,27.0,973,1.3182225227355957,,,0.012137041427195072
10261,36.0,1282,1.6947975158691406,,,0.026549892500042915
10262,20.0,847,1.141075611114502,,,0.006281709298491478
10263,30.0,1059,1.4182102680206299,,,0.012654861435294151
10264,31.0,1085,1.4537749290466309,,,0.006709851324558258
10265,43.0,1668,2.219212770462036,,,0.010845429264008999
10266,32.0,968,1.3027474880218506,,,0.027726681903004646
10267,29.0,1183,1.5772929191589355,,,0.007057897746562958
10268,34.0,1375,1.8224642276763916,,,0.007143786642700434
10269,31.0,1028,1.3835878372192383,,,0.015625691041350365
10270,21.0,711,0.9708764553070068,,,0.011012447997927666
10271,30.0,1145,1.5427837371826172,,,0.012693317607045174
10272,30.0,1038,1.3918259143829346,,,0.00642049266025424
10273,20.0,683,0.9312124252319336,,,0.0039002951234579086
10274,8.0,530,0.7252154350280762,,,0.008950822986662388
10275,31.0,1341,1.8025765419006348,,,0.014334995299577713
10276,21.0,719,0.9779467582702637,,,0.00539427250623703
10277,32.0,1081,1.4530878067016602,,,0.012704414315521717
10278,31.0,1332,1.775099277496338,,,0.009880181401968002
10279,32.0,1144,1.543863296508789,,,0.013098591938614845
10280,30.0,1179,1.5862693786621094,,,0.01002999022603035
10281,30.0,933,1.258817195892334,,,0.005373720079660416
10282,32.0,1162,1.5605504512786865,,,0.010630927979946136
10283,33.0,1098,1.4545972347259521,,,0.004661065526306629
10284,26.0,1057,1.4001328945159912,,,0.006075420416891575
10285,35.0,1435,1.930680513381958,,,0.004832782782614231
10286,31.0,1209,1.6363756656646729,,,0.009729230776429176
10287,30.0,1179,1.581740379333496,,,0.008854199200868607
10288,35.0,1492,2.005444049835205,,,0.0058779907412827015
10289,53.0,1715,2.3229141235351562,,,0.006544235162436962
10290,31.0,1190,1.5996582508087158,,,0.006270008161664009
10291,30.0,1104,1.4867899417877197,,,0.01622334122657776
10292,54.0,1817,2.4496333599090576,,,0.012302516959607601
10293,29.0,902,1.2180309295654297,,,0.010370196774601936
10294,29.0,1180,1.589850902557373,,,0.008431438356637955
10295,28.0,1144,1.5353727340698242,,,0.00852125696837902
10296,29.0,833,1.1114201545715332,,,0.011224623769521713
10297,29.0,1213,1.6313645839691162,,,0.008592478930950165
10298,32.0,1330,1.7716658115386963,,,0.008669983595609665
10299,31.0,1196,1.6020750999450684,,,0.005035656038671732
10300,29.0,868,1.1646721363067627,,,0.01202151644974947
10301,20.0,816,1.1013081073760986,,,0.0056610265746712685
10302,30.0,1114,1.477757453918457,,,0.006275244988501072
10303,30.0,1160,1.5482664108276367,,,0.009846620261669159
10304,19.0,783,1.0590615272521973,,,0.006779539864510298
10305,30.0,1252,1.6688814163208008,,,0.006133012939244509
10306,29.0,996,1.3347325325012207,,,0.011038322001695633
10307,28.0,1033,1.3912498950958252,,,0.007119575049728155
10308,32.0,1175,1.5770666599273682,,,0.008994960226118565
10309,32.0,1215,1.6355929374694824,,,0.0070318314246833324
10310,50.0,1675,2.276855707168579,,,0.008852723985910416
10311,32.0,1398,1.8760833740234375,,,0.007149426732212305
10312,31.0,1241,1.6426639556884766,,,0.01372454408556223
10313,31.0,1136,1.5118508338928223,,,0.007604309357702732
10314,65.0,2298,3.0629630088806152,,,0.010397987440228462
10315,32.0,1432,1.9250893592834473,,,0.007588762324303389
10316,28.0,1035,1.4060239791870117,,,0.011259703896939754
10317,30.0,1002,1.3489573001861572,,,0.008811596781015396
10318,33.0,1287,1.7355561256408691,,,0.01419365406036377
10319,31.0,1206,1.61189603805542,,,0.007370457518845797
10320,31.0,1175,1.5836012363433838,,,0.006009636912494898
10321,20.0,1003,1.3720934391021729,,,0.009682310745120049
10322,15.0,617,0.8403830528259277,,,0.011965139769017696
10323,29.0,1158,1.5634217262268066,,,0.0049416683614254
10324,30.0,1174,1.5686209201812744,,,0.006674007512629032
10325,31.0,1309,1.7646138668060303,,,0.008756039664149284
10326,18.0,914,1.244795322418213,,,0.007773722056299448
10327,31.0,1114,1.4971723556518555,,,0.009861422702670097
10328,29.0,1301,1.7527379989624023,,,0.007188583258539438
10329,29.0,898,1.2129714488983154,,,0.004883272107690573
10330,33.0,1065,1.4181838035583496,,,0.006651352625340223
10331,32.0,1305,1.7280950546264648,,,0.011051882989704609
10332,31.0,1213,1.6049399375915527,,,0.0063233827240765095
10333,26.0,903,1.2158210277557373,,,0.009361392818391323
10334,27.0,1191,1.5974619388580322,,,0.005854245740920305
10335,31.0,1331,1.7692854404449463,,,0.01313099730759859
10336,23.0,793,1.0693390369415283,,,0.00977391004562378
10337,31.0,957,1.2918663024902344,,,0.007071805186569691
10338,26.0,1026,1.379091501235962,,,0.006930437870323658
10339,18.0,906,1.2312054634094238,,,0.004991892259567976
10340,32.0,1157,1.5479812622070312,,,0.010293422266840935
10341,27.0,1025,1.3808584213256836,,,0.005704500246793032
10342,45.0,1708,2.2903201580047607,,,0.008036438375711441
10343,25.0,839,1.1233563423156738,,,0.007841598242521286
10344,23.0,824,1.1062185764312744,,,0.008205725811421871
10345,28.0,1189,1.5882527828216553,,,0.007677656598389149
10346,34.0,1011,1.3461217880249023,,,0.011892992071807384
10347,47.0,1754,2.331484794616699,,,0.008819573558866978
10348,33.0,1018,1.352863073348999,,,0.013295581564307213
10349,22.0,1009,1.355487585067749,,,0.006712284404784441
10350,29.0,1076,1.4354143142700195,,,0.004032969009131193
10351,31.0,1088,1.4562013149261475,,,0.007620894815772772
10352,55.0,1831,2.4565439224243164,,,0.006129709538072348
10353,25.0,968,1.301889419555664,,,0.0065085263922810555
10354,30.0,1025,1.3684065341949463,,,0.004879345651715994
10355,27.0,994,1.3277957439422607,,,0.00900252815335989
10356,34.0,1083,1.4460527896881104,,,0.014871252700686455
