episode_number,episode_reward,episode_length,episode_time_seconds,policy_loss,value_loss,total_loss
1,8.0,2031,0.52642822265625,,,
2,8.0,2401,0.6624972820281982,,,
3,5.0,1799,0.4882638454437256,,,
4,11.0,2597,0.7601847648620605,,,
5,3.0,2083,0.6300253868103027,,,
6,8.0,2295,0.6574316024780273,,,
7,3.0,1371,0.3895425796508789,,,
8,1.0,1715,0.5311930179595947,,,
9,8.0,1791,0.5401248931884766,,,
10,9.0,2469,0.7212867736816406,,,
11,12.0,2187,0.6460187435150146,,,
12,9.0,2193,0.6214842796325684,,,
13,7.0,2419,0.7033405303955078,,,
14,4.0,2283,0.6598689556121826,,,
15,23.0,4095,1.1700725555419922,,,
16,7.0,2887,0.8495123386383057,,,
17,6.0,2049,0.5949482917785645,,,
18,6.0,1945,0.5734460353851318,,,
19,8.0,2291,0.6787090301513672,,,
20,8.0,2395,0.6946861743927002,,,
21,3.0,1811,0.5215444564819336,,,
22,7.0,2359,0.6539609432220459,,,
23,1.0,1711,0.4754197597503662,,,
24,10.0,3175,0.8785340785980225,,,
25,2.0,1747,0.4817934036254883,,,
26,14.0,3321,0.9082515239715576,,,
27,5.0,2103,0.5749576091766357,,,
28,3.0,2007,0.5641336441040039,,,
29,4.0,1509,0.4211146831512451,,,
30,5.0,2027,0.5879106521606445,,,
31,2.0,1739,0.49916791915893555,,,
32,10.0,2605,0.7434380054473877,,,
33,9.0,2041,0.5852792263031006,,,
34,5.0,2071,0.5976591110229492,,,
35,10.0,2463,0.7156631946563721,,,
36,4.0,1841,0.5114004611968994,,,
37,2.0,1473,0.40435075759887695,,,
38,4.0,1201,0.3231627941131592,,,
39,21.0,3951,1.0542528629302979,,,
40,9.0,2341,0.6329419612884521,,,
41,23.0,2666,0.7212350368499756,,,
42,16.0,3051,0.8216285705566406,,,
43,5.0,1667,0.46454644203186035,,,
44,7.0,2437,0.6634702682495117,,,
45,5.0,1949,1.1834487915039062,,,0.0005503951106220484
46,8.0,1515,1.3333935737609863,,,1.6042373317759484e-05
47,2.0,1151,1.0377790927886963,,,6.929617484274786e-06
48,15.0,3653,3.1914029121398926,,,6.7275632318342105e-06
49,4.0,2279,2.061703681945801,,,6.303717327682534e-06
50,7.0,1919,1.7438514232635498,,,4.0735512811806984e-06
51,3.0,1175,1.0524928569793701,,,0.011645670048892498
52,10.0,2495,2.209887981414795,,,7.867833119235002e-06
53,1.0,1775,1.608405590057373,,,3.86875626645633e-06
54,6.0,1977,1.8085782527923584,,,9.02550709724892e-06
55,9.0,2093,1.8490540981292725,,,0.007550897542387247
56,0.0,1271,1.1189346313476562,,,5.8563859965943266e-06
57,2.0,1603,1.409708023071289,,,0.003779590129852295
58,3.0,1161,1.0216655731201172,,,6.059630322852172e-06
59,19.0,3062,2.733435869216919,,,0.0038148686289787292
60,9.0,2111,1.9387423992156982,,,0.0037638279609382153
61,2.0,1893,1.7403435707092285,,,8.589653589297086e-06
62,2.0,1519,1.3943824768066406,,,0.0037724750582128763
63,11.0,2293,2.0506696701049805,,,0.007572070695459843
64,3.0,1811,1.5995173454284668,,,0.0038147717714309692
65,14.0,2749,2.417079210281372,,,0.011779592372477055
66,6.0,1945,1.698591947555542,,,0.0037492504343390465
67,9.0,2361,2.137303352355957,,,0.0038002708461135626
68,3.0,1489,1.3862733840942383,,,7.430000096064759e-06
69,5.0,2023,1.850102186203003,,,9.174244951282162e-06
70,0.0,1527,1.4087581634521484,,,0.0076148612424731255
71,7.0,2463,2.303370237350464,,,6.25968004897004e-06
72,2.0,1087,0.9838814735412598,,,1.1498204912641086e-05
73,9.0,2411,2.2119953632354736,,,8.531372259312775e-06
74,6.0,2393,2.1091949939727783,,,6.054539881006349e-06
75,7.0,1701,1.5315532684326172,,,0.003732141572982073
76,3.0,1977,1.7559199333190918,,,0.003768875729292631
77,11.0,2639,2.3757989406585693,,,0.0038629774935543537
78,12.0,2569,2.2597134113311768,,,0.003774334443733096
79,2.0,2173,2.0071609020233154,,,0.003800504608079791
80,2.0,1599,1.448559045791626,,,0.0037528930697590113
81,3.0,1111,1.0058069229125977,,,0.00751798739656806
82,6.0,2155,1.9504141807556152,,,0.0037945944350212812
83,7.0,1865,1.6687493324279785,,,7.01764338373323e-06
84,3.0,1731,1.537280559539795,,,7.323631507460959e-06
85,9.0,2341,2.128391981124878,,,0.003806604305282235
86,9.0,2503,2.255741834640503,,,0.007576861418783665
87,3.0,1975,1.7534775733947754,,,7.114954769349424e-06
88,1.0,1189,1.052222490310669,,,0.0037704952992498875
89,13.0,2331,2.070819616317749,,,0.0037647364661097527
90,6.0,2371,2.1440017223358154,,,1.1658460607577581e-05
91,6.0,1847,1.670152187347412,,,6.095873231970472e-06
92,17.0,3445,3.0994362831115723,,,0.011269070208072662
93,6.0,2123,1.937774896621704,,,0.003791684051975608
94,9.0,1989,1.776585578918457,,,5.2837817747786175e-06
95,-1.0,1019,0.913949728012085,,,0.003762694774195552
96,10.0,2119,1.9259161949157715,,,0.011287400498986244
97,5.0,1757,1.6130049228668213,,,9.78679508989444e-06
98,23.0,4015,3.61777400970459,,,0.007564101368188858
99,1.0,1143,1.0340557098388672,,,1.3143260730430484e-05
100,3.0,1187,1.0507609844207764,,,0.01127203181385994
101,0.0,1497,1.36683988571167,,,0.007518796715885401
102,4.0,1547,1.3941729068756104,,,9.961851901607588e-06
103,6.0,2117,1.9294624328613281,,,0.0038278279826045036
104,8.0,2323,2.1260766983032227,,,0.003793309209868312
105,3.0,2187,2.0197973251342773,,,3.7171771509747487e-06
106,8.0,2099,1.880795955657959,,,7.57485349822673e-06
107,0.0,1193,1.0835223197937012,,,9.416196917300113e-06
108,7.0,1581,1.4657573699951172,,,3.98774955101544e-06
109,1.0,1219,1.1180648803710938,,,0.004523158073425293
110,8.0,1785,1.633228063583374,,,9.64096761890687e-06
111,12.0,2619,2.369112253189087,,,0.0037187975831329823
112,6.0,2279,2.096918821334839,,,0.007590685971081257
113,9.0,2383,2.162217617034912,,,0.003702219808474183
114,2.0,1839,1.6570651531219482,,,1.0185179235122632e-05
115,6.0,2227,2.023249387741089,,,0.004580047447234392
116,2.0,1585,1.4871840476989746,,,4.118188371649012e-06
117,4.0,2119,1.9623188972473145,,,1.2394401892379392e-05
118,7.0,1873,1.6927917003631592,,,0.0037952621933072805
119,8.0,2367,2.1399471759796143,,,0.004554517567157745
120,9.0,2907,2.6510019302368164,,,8.515737135894597e-06
121,9.0,2791,2.5768890380859375,,,0.003780967090278864
122,4.0,1995,1.8378207683563232,,,0.007563824765384197
123,-1.0,1581,1.4569833278656006,,,0.007543714717030525
124,4.0,1479,1.330660343170166,,,1.5529116353718564e-05
125,2.0,1739,1.5620951652526855,,,0.003750912379473448
126,13.0,2989,2.7253334522247314,,,9.904660146276001e-06
127,9.0,2397,2.2264723777770996,,,0.011238431558012962
128,3.0,1931,1.8033852577209473,,,0.003742577275261283
129,1.0,1527,1.4280314445495605,,,7.605997780046891e-06
130,4.0,1787,1.6676371097564697,,,0.0037874095141887665
131,3.0,2227,2.081510305404663,,,1.5028798770799767e-05
132,10.0,2559,2.3488781452178955,,,0.0038094669580459595
133,4.0,1993,1.8525419235229492,,,9.022443919093348e-06
134,8.0,2261,2.033454179763794,,,0.0037849501240998507
135,2.0,1817,1.6498456001281738,,,0.012174067087471485
136,9.0,3515,3.2682864665985107,,,0.018803521990776062
137,9.0,2393,2.1959359645843506,,,0.0038242191076278687
138,5.0,1255,1.1463360786437988,,,0.003706946037709713
139,1.0,1553,1.4621710777282715,,,4.826693839277141e-06
140,9.0,2345,2.125335216522217,,,0.007526276633143425
141,4.0,1891,1.7639198303222656,,,0.0037356342654675245
142,2.0,1601,1.4907889366149902,,,9.354819667350966e-06
143,6.0,2233,2.0637588500976562,,,9.454788596485741e-06
144,4.0,2243,2.0642337799072266,,,0.003735963487997651
145,10.0,2463,2.2843494415283203,,,0.003777815494686365
146,0.0,1191,1.1273705959320068,,,1.1894410818058532e-05
147,5.0,1559,1.438556432723999,,,1.0116240446222946e-05
148,4.0,2267,2.0896575450897217,,,7.792072210577317e-06
149,7.0,2487,2.2851805686950684,,,0.007502521853893995
150,6.0,2335,2.138066291809082,,,0.007535054348409176
151,5.0,1831,1.6669142246246338,,,0.003759104060009122
152,4.0,1925,1.7563953399658203,,,7.164949693105882e-06
153,-1.0,1515,1.3915112018585205,,,1.1451928912720177e-05
154,5.0,1169,1.076345682144165,,,9.047173080034554e-06
155,6.0,2341,2.1817567348480225,,,1.2291359780647326e-05
156,5.0,1935,1.7771573066711426,,,0.003760743886232376
157,11.0,2489,2.295344829559326,,,0.007482142653316259
158,11.0,2773,2.5789706707000732,,,0.0038098322693258524
159,1.0,1149,1.0621156692504883,,,8.337513463629875e-06
160,2.0,1189,1.115196704864502,,,7.275039934029337e-06
161,0.0,1175,1.0886445045471191,,,0.0037280621472746134
162,4.0,2265,2.0735466480255127,,,0.0037836891133338213
163,7.0,1785,1.6411597728729248,,,0.007491221651434898
164,18.0,3239,2.996657609939575,,,0.003792118513956666
165,9.0,1883,1.7262554168701172,,,0.011252271011471748
166,15.0,3955,3.6378746032714844,,,0.007518923841416836
167,8.0,2261,2.0848309993743896,,,0.0037597939372062683
168,2.0,1727,1.5726649761199951,,,0.012652960605919361
169,3.0,1723,1.592649221420288,,,1.0346256203774828e-05
170,3.0,1539,1.4174346923828125,,,1.1553715012269095e-05
171,11.0,2933,2.692073106765747,,,0.007494561839848757
172,5.0,2017,1.8840065002441406,,,1.0568897778284736e-05
173,8.0,1531,1.4194831848144531,,,1.1371099390089512e-05
174,7.0,1849,1.7263984680175781,,,1.3595986274594907e-05
175,6.0,1947,1.8052959442138672,,,1.1066185834351927e-05
176,4.0,1643,1.5117988586425781,,,0.007639902178198099
177,5.0,2235,2.065394401550293,,,1.207640889333561e-05
178,9.0,2257,2.1046652793884277,,,0.007575396914035082
179,9.0,3605,3.346073627471924,,,0.0037200956139713526
180,2.0,1873,1.7356781959533691,,,1.0945024769171141e-05
181,6.0,1841,1.7078921794891357,,,8.41977907839464e-06
182,2.0,1187,1.1215107440948486,,,8.040738066483755e-06
183,4.0,1403,1.3174445629119873,,,1.722999513731338e-05
184,9.0,2443,2.253652811050415,,,0.003755339654162526
185,0.0,1167,1.1091771125793457,,,0.0037902467884123325
186,1.0,1305,1.2002768516540527,,,9.612489520804957e-06
187,3.0,1777,1.6429646015167236,,,0.0037585929967463017
188,3.0,1703,1.6264445781707764,,,1.0606817340885755e-05
189,6.0,1519,1.4250361919403076,,,0.0037640633527189493
190,5.0,1895,1.7601318359375,,,2.1277934138197452e-05
191,2.0,1173,1.1149828433990479,,,9.895658877212554e-06
192,13.0,2441,2.3048243522644043,,,1.2564111784740817e-05
193,26.0,4251,3.9810569286346436,,,1.7992171706282534e-05
194,6.0,2113,1.9425947666168213,,,0.0038485063705593348
195,5.0,1771,1.6320374011993408,,,0.008686796762049198
196,8.0,2057,1.9325006008148193,,,1.1503553650982212e-05
197,14.0,3201,2.997816324234009,,,1.1772413927246816e-05
198,7.0,2057,1.9095370769500732,,,0.003745544934645295
199,4.0,1579,1.496385097503662,,,0.011269359849393368
200,4.0,1281,1.215266466140747,,,0.0037674971390515566
201,3.0,1567,1.479288101196289,,,1.1022781109204516e-05
202,9.0,2961,2.803955554962158,,,1.7107940948335454e-05
203,3.0,2083,1.9401514530181885,,,0.007559959776699543
204,11.0,2475,2.329005002975464,,,1.0736918738984969e-05
205,15.0,2893,2.6891589164733887,,,0.007562712766230106
206,4.0,1127,1.049961805343628,,,0.0037533838767558336
207,11.0,2641,2.497267007827759,,,0.003850491251796484
208,4.0,1201,1.1434714794158936,,,0.007479018531739712
209,6.0,2175,2.03293776512146,,,0.007571513298898935
210,2.0,1167,1.0841443538665771,,,0.011291701346635818
211,5.0,1475,1.368415117263794,,,1.5601177437929437e-05
212,4.0,1969,1.8216180801391602,,,0.007554450072348118
213,19.0,3309,3.092345714569092,,,0.003832707880064845
214,8.0,2167,2.0695717334747314,,,1.62245960382279e-05
215,7.0,1909,1.8286495208740234,,,0.007482734974473715
216,5.0,1807,1.6818583011627197,,,0.003742374712601304
217,5.0,2081,1.9362616539001465,,,9.646629223425407e-06
218,8.0,2447,2.2944984436035156,,,0.0037715551443398
219,2.0,1761,1.691173791885376,,,1.7789119738154113e-05
220,2.0,1767,1.629884958267212,,,1.1340124729031231e-05
221,1.0,1517,1.4254305362701416,,,0.016750354319810867
222,11.0,2155,2.0224268436431885,,,0.003827021922916174
223,31.0,5691,5.359884262084961,,,1.7422573364456184e-05
224,14.0,3051,2.90170955657959,,,1.678565786278341e-05
225,16.0,3911,3.7141358852386475,,,1.2229214007675182e-05
226,3.0,1397,1.3153362274169922,,,1.276468719879631e-05
227,10.0,2439,2.314563751220703,,,1.1030576388293412e-05
228,17.0,3003,2.856712818145752,,,0.003815822536125779
229,12.0,4021,3.7476541996002197,,,0.007578450720757246
230,7.0,1967,1.8790812492370605,,,0.011349467560648918
231,10.0,2653,2.532092571258545,,,0.003740492509678006
232,0.0,1589,1.5143721103668213,,,0.0039042714051902294
233,7.0,3197,2.995612621307373,,,1.858058931247797e-05
234,5.0,1605,1.5147264003753662,,,1.7934136849362403e-05
235,7.0,1911,1.8026020526885986,,,2.6842533770832233e-05
236,3.0,1539,1.4468622207641602,,,0.003768784459680319
237,6.0,1767,1.65781569480896,,,0.007615359500050545
238,9.0,2933,2.7889599800109863,,,9.989566024160013e-06
239,5.0,1467,1.4024615287780762,,,0.011292273178696632
240,3.0,1469,1.3997948169708252,,,0.0037272486370056868
241,2.0,1171,1.1100661754608154,,,1.561055069032591e-05
242,9.0,1945,1.8516449928283691,,,0.0038081256207078695
243,4.0,2127,2.0110909938812256,,,1.4660726264992263e-05
244,8.0,2623,2.4845337867736816,,,0.00754878344014287
245,13.0,4233,4.02125096321106,,,1.2461768164939713e-05
246,6.0,2337,2.2352612018585205,,,0.0038768351078033447
247,9.0,1993,1.8786802291870117,,,1.1264440217928495e-05
248,7.0,2319,2.203087568283081,,,0.0037650377489626408
249,9.0,2571,2.4327118396759033,,,0.0037648158613592386
250,4.0,2307,2.1905856132507324,,,9.737372238305397e-06
251,3.0,1209,1.1471397876739502,,,1.133814930653898e-05
252,1.0,1903,1.8100125789642334,,,0.011216366663575172
253,12.0,2761,2.6307754516601562,,,1.1739743968064431e-05
254,9.0,2917,2.772585391998291,,,1.5551810065517202e-05
255,5.0,2229,2.108086347579956,,,1.272842382604722e-05
256,4.0,1403,1.3389441967010498,,,0.003782401094213128
257,9.0,2291,2.184685707092285,,,0.0037826821208000183
258,8.0,2051,1.94413423538208,,,0.00749707967042923
259,3.0,1259,1.203662633895874,,,0.01099524088203907
260,2.0,1051,1.0101027488708496,,,0.003831255715340376
261,5.0,2017,1.9686806201934814,,,0.003775916760787368
262,13.0,2543,2.444100856781006,,,0.003738071070984006
263,7.0,1997,1.9405953884124756,,,0.003769226837903261
264,7.0,2243,2.1411383152008057,,,0.003793169278651476
265,13.0,2223,2.124107837677002,,,2.5492565328022465e-05
266,9.0,2485,2.344301223754883,,,1.2542211152322125e-05
267,5.0,1525,1.450911521911621,,,0.0076708183623850346
268,10.0,2301,2.185683488845825,,,0.0038577518425881863
269,6.0,1869,1.8042840957641602,,,1.512503695266787e-05
270,3.0,1677,1.619563341140747,,,0.003829457564279437
271,7.0,1995,1.9326229095458984,,,0.007528606336563826
272,-2.0,1437,1.392303705215454,,,4.8685920774005353e-05
273,8.0,2103,2.041862964630127,,,1.9523287846823223e-05
274,13.0,2473,2.404740333557129,,,0.011148483492434025
275,5.0,1877,1.8387930393218994,,,0.004948771558701992
276,3.0,1549,1.5188071727752686,,,0.011128915473818779
277,6.0,2327,2.2427544593811035,,,0.0037694303318858147
278,26.0,4123,3.936983585357666,,,1.0060032764158677e-05
279,9.0,2121,2.012660264968872,,,0.0150980269536376
280,7.0,2269,2.158553123474121,,,0.003753331024199724
281,14.0,3865,3.6757402420043945,,,0.0037399001885205507
282,1.0,1101,1.0485031604766846,,,0.0037772294599562883
283,7.0,1951,1.8710730075836182,,,1.7903839761856943e-05
284,0.0,1211,1.1607487201690674,,,2.222657531092409e-05
285,6.0,1899,1.814422607421875,,,2.3377107936539687e-05
286,17.0,4217,4.016225099563599,,,0.003760258900001645
287,3.0,1247,1.1933608055114746,,,0.007599134463816881
288,9.0,3967,3.7680468559265137,,,0.0037709211464971304
289,2.0,1729,1.7037246227264404,,,0.0037825675681233406
290,8.0,2023,1.9733929634094238,,,1.991676981560886e-05
291,15.0,2559,2.488821268081665,,,0.0038733347319066525
292,4.0,2051,1.9788644313812256,,,0.003696766681969166
293,6.0,2019,1.949918270111084,,,2.0531319023575634e-05
294,9.0,2931,2.806506872177124,,,2.0841505829594098e-05
295,6.0,1631,1.5602905750274658,,,0.0038203990552574396
296,3.0,1201,1.1636075973510742,,,1.977873034775257e-05
297,15.0,3077,2.9827754497528076,,,0.003724912414327264
298,15.0,3325,3.2135467529296875,,,2.0059274902450852e-05
299,12.0,2767,2.704918384552002,,,0.0037537890020757914
300,16.0,2929,2.8402411937713623,,,0.0037518611643463373
301,16.0,3085,2.975106954574585,,,1.9121278455713764e-05
302,3.0,1927,1.8788764476776123,,,0.003812263021245599
303,8.0,3089,3.0225985050201416,,,1.3821127140545286e-05
304,3.0,2205,2.133591651916504,,,0.009282288141548634
305,8.0,1903,1.8095297813415527,,,2.1398636818048544e-05
306,6.0,2601,2.4925436973571777,,,0.003829933935776353
307,1.0,1581,1.5186107158660889,,,0.007369218394160271
308,7.0,3097,3.007408857345581,,,3.414040838833898e-05
309,24.0,3885,3.7757277488708496,,,0.010021421127021313
310,15.0,2221,2.1900956630706787,,,2.0311948901508003e-05
311,9.0,1957,1.9384665489196777,,,0.003704738337546587
312,12.0,3225,3.1634204387664795,,,1.6652847989462316e-05
313,6.0,1619,1.5937182903289795,,,0.0038053037133067846
314,3.0,2049,2.0129334926605225,,,0.0037870530504733324
315,3.0,1205,1.1796021461486816,,,0.003750423202291131
316,5.0,2125,2.0890634059906006,,,0.005889839492738247
317,-1.0,1255,1.2293009757995605,,,0.003747648559510708
318,11.0,1989,1.9603631496429443,,,2.917617530329153e-05
319,8.0,2319,2.2591445446014404,,,0.0037853321991860867
320,4.0,1521,1.4763987064361572,,,2.616740675875917e-05
321,4.0,2033,1.9744536876678467,,,0.007378452457487583
322,3.0,1167,1.1415557861328125,,,1.1334919690852985e-05
323,9.0,2129,2.0921883583068848,,,3.331098923808895e-05
324,6.0,1823,1.7485907077789307,,,0.003781808540225029
325,18.0,3225,3.1446685791015625,,,0.007451104465872049
326,2.0,1161,1.148507833480835,,,0.003785120090469718
327,17.0,2923,2.8739538192749023,,,1.9744469682336785e-05
328,17.0,2947,2.9060702323913574,,,0.0038453589659184217
329,16.0,3751,3.6589555740356445,,,2.5510662453598343e-05
330,6.0,1617,1.5763652324676514,,,0.007261654827743769
331,8.0,2225,2.171858549118042,,,0.003754393197596073
332,3.0,1497,1.488363265991211,,,0.009047320112586021
333,7.0,2475,2.4402523040771484,,,1.5484891264350154e-05
334,8.0,1659,1.6312527656555176,,,0.0037414527032524347
335,5.0,2013,1.9514532089233398,,,2.398188917140942e-05
336,8.0,2287,2.2528748512268066,,,0.007535095326602459
337,5.0,2187,2.147817373275757,,,0.006432982627302408
338,9.0,2481,2.412628173828125,,,0.003804632229730487
339,13.0,3833,3.752838373184204,,,1.341644110652851e-05
340,9.0,1911,1.8775689601898193,,,2.6885540137300268e-05
341,5.0,2291,2.2821314334869385,,,0.0038564237765967846
342,2.0,1085,1.0600857734680176,,,0.014042042195796967
343,4.0,2209,2.1504430770874023,,,0.003561889287084341
344,9.0,2757,2.6836097240448,,,0.0037335827946662903
345,12.0,2787,2.7458343505859375,,,0.014082951471209526
346,12.0,3145,3.048938035964966,,,0.0038329679518938065
347,2.0,1217,1.1752421855926514,,,2.7368714654585347e-05
348,15.0,2837,2.783503532409668,,,0.003808289533481002
349,17.0,4013,3.9431567192077637,,,0.0076555232517421246
350,7.0,1957,1.9212167263031006,,,0.00376679003238678
351,9.0,2421,2.383384943008423,,,0.0037774054799228907
352,5.0,2129,2.093625068664551,,,0.0038731247186660767
353,10.0,2031,1.9835753440856934,,,0.006369906477630138
354,16.0,2843,2.779421806335449,,,5.262017293716781e-05
355,8.0,2403,2.356107711791992,,,2.5516126697766595e-05
356,4.0,1907,1.9097647666931152,,,0.0061069210059940815
357,11.0,2431,2.429575204849243,,,0.006788696628063917
358,12.0,2569,2.557440996170044,,,0.007591842208057642
359,6.0,2459,2.425577402114868,,,0.0037514560390263796
360,5.0,2313,2.29673433303833,,,2.6845858883461915e-05
361,11.0,2763,2.713543653488159,,,2.2325019017443992e-05
362,3.0,1669,1.6227741241455078,,,0.0037327627651393414
363,4.0,2063,2.053248405456543,,,0.011228294111788273
364,7.0,2043,2.014482259750366,,,3.921458119293675e-05
365,6.0,2255,2.203099012374878,,,3.758313323487528e-05
366,8.0,2159,2.1374118328094482,,,2.2350273866322823e-05
367,14.0,4089,4.0096635818481445,,,0.0074254903011024
368,5.0,2309,2.280158042907715,,,0.007509186863899231
369,0.0,1513,1.4933710098266602,,,0.010273770429193974
370,2.0,1759,1.7207205295562744,,,3.218630445189774e-05
371,4.0,1327,1.3127434253692627,,,0.007480452302843332
372,5.0,1791,1.7795021533966064,,,1.4100561202212702e-05
373,6.0,1987,1.9730818271636963,,,3.9685750380158424e-05
374,8.0,2079,2.072239637374878,,,1.9453938875813037e-05
375,15.0,2959,2.920501232147217,,,0.007420581765472889
376,2.0,1755,1.72165846824646,,,0.0038591616321355104
377,5.0,1891,1.8865771293640137,,,0.014944436028599739
378,10.0,2073,2.072223663330078,,,2.158931238227524e-05
379,13.0,2851,2.853236436843872,,,1.9823444745270535e-05
380,5.0,1627,1.6186864376068115,,,0.003802532097324729
381,4.0,1703,1.7178473472595215,,,1.6375171981053427e-05
382,16.0,3845,3.809861660003662,,,3.098259185208008e-05
383,6.0,2031,2.0088860988616943,,,0.0038733871188014746
384,6.0,2701,2.6558661460876465,,,0.0038423738442361355
385,2.0,1443,1.4318161010742188,,,2.5309524062322453e-05
386,12.0,4613,4.602968692779541,,,0.0075263530015945435
387,3.0,1605,1.5773468017578125,,,4.0046335925580934e-05
388,5.0,1811,1.77840256690979,,,2.1975956769892946e-05
389,9.0,2357,2.332458734512329,,,0.007588835433125496
390,1.0,1465,1.478191614151001,,,3.9747395931044593e-05
391,6.0,2047,2.006664276123047,,,3.169492629240267e-05
392,1.0,1517,1.5238533020019531,,,0.00382474297657609
393,12.0,2971,2.9598469734191895,,,3.894977999152616e-05
394,12.0,2379,2.3713796138763428,,,0.003722732188180089
395,9.0,3209,3.167249917984009,,,0.011192983947694302
396,7.0,1463,1.4568111896514893,,,2.811137710523326e-05
397,0.0,1761,1.7431650161743164,,,2.305617272213567e-05
398,3.0,1751,1.7423505783081055,,,2.8541240681079216e-05
399,4.0,1241,1.2376608848571777,,,0.003772629424929619
400,8.0,2133,2.09572696685791,,,3.309325620648451e-05
401,3.0,1349,1.3382437229156494,,,0.0036636358126997948
402,7.0,2291,2.257232904434204,,,3.044723234779667e-05
403,6.0,1891,1.9093751907348633,,,3.3700653148116544e-05
404,5.0,1927,1.944702386856079,,,0.0037807233165949583
405,4.0,1715,1.7366681098937988,,,0.003934386186301708
406,8.0,2161,2.2210679054260254,,,0.009780856780707836
407,4.0,1557,1.5809895992279053,,,0.0037412310484796762
408,6.0,2251,2.2601687908172607,,,1.9407589206821285e-05
409,18.0,3343,3.327488422393799,,,0.007307365536689758
410,4.0,1475,1.4862003326416016,,,2.7653324650600553e-05
411,6.0,1577,1.610610008239746,,,3.441767694312148e-05
412,24.0,3737,3.710885763168335,,,2.5303415895905346e-05
413,6.0,2211,2.2301905155181885,,,0.007341158576309681
414,1.0,1569,1.5710582733154297,,,0.007000223267823458
415,9.0,2391,2.420203924179077,,,0.0036681294441223145
416,4.0,1257,1.2464492321014404,,,3.437205305090174e-05
417,8.0,2399,2.4445910453796387,,,1.961593261512462e-05
418,7.0,2027,2.0330233573913574,,,0.0038697116542607546
419,1.0,1445,1.4524497985839844,,,0.0037577387411147356
420,11.0,2637,2.6814584732055664,,,3.039878538402263e-05
421,13.0,2127,2.1425225734710693,,,3.081750764977187e-05
422,2.0,1197,1.1900694370269775,,,2.7948008209932595e-05
423,11.0,2747,2.7344889640808105,,,0.003798210294917226
424,17.0,3141,3.188035726547241,,,0.015093275345861912
425,8.0,2189,2.214364767074585,,,0.007658771704882383
426,6.0,2157,2.222490072250366,,,0.003779992926865816
427,20.0,2924,2.9598522186279297,,,0.010265283286571503
428,9.0,2069,2.0641043186187744,,,0.003720395267009735
429,12.0,2689,2.6804559230804443,,,3.0676310416311026e-05
430,6.0,1757,1.76008939743042,,,0.011753528378903866
431,11.0,2527,2.547729969024658,,,2.7247469915891998e-05
432,9.0,2273,2.302154302597046,,,0.007709250319749117
433,9.0,2373,2.369865655899048,,,0.007668244186788797
434,3.0,1635,1.6617929935455322,,,0.003777226433157921
435,9.0,2013,2.01982045173645,,,5.4107062169350684e-05
436,17.0,3069,3.0704455375671387,,,4.903219087282196e-05
437,4.0,1179,1.1887719631195068,,,3.233972529415041e-05
438,18.0,3387,3.4144513607025146,,,0.007556615862995386
439,8.0,2471,2.4712910652160645,,,0.0037174616008996964
440,25.0,4285,4.268451690673828,,,3.034596193174366e-05
441,5.0,2259,2.2912096977233887,,,6.428488995879889e-05
442,4.0,1777,1.7977933883666992,,,3.308227678644471e-05
443,4.0,2317,2.332174301147461,,,4.3075753637822345e-05
444,1.0,1293,1.2947702407836914,,,3.879979703924619e-05
445,3.0,2121,2.1178512573242188,,,4.42924392700661e-05
446,6.0,2163,2.1929192543029785,,,2.826132003974635e-05
447,7.0,1899,1.917494773864746,,,4.638136306311935e-05
448,10.0,2409,2.4341726303100586,,,0.003709666896611452
449,6.0,2085,2.1041078567504883,,,0.0038779673632234335
450,14.0,2801,2.8728737831115723,,,0.007499263621866703
451,7.0,2433,2.4739983081817627,,,0.0037323012948036194
452,8.0,2275,2.320746421813965,,,4.9644171667750925e-05
453,9.0,2403,2.467606782913208,,,0.0037808665074408054
454,3.0,1925,1.975881576538086,,,0.003688966389745474
455,5.0,2031,2.077200412750244,,,3.044803634111304e-05
456,9.0,2607,2.697154998779297,,,0.007571158464998007
457,8.0,2343,2.409348726272583,,,3.6865854781353846e-05
458,10.0,2533,2.60343861579895,,,0.0038091312162578106
459,13.0,2193,2.197335958480835,,,3.0778486689087003e-05
460,7.0,2049,2.100987195968628,,,3.416823528823443e-05
461,-1.0,1791,1.8235187530517578,,,0.007566283922642469
462,3.0,2185,2.201218366622925,,,0.014495252631604671
463,8.0,2365,2.370481491088867,,,3.285032289568335e-05
464,1.0,1859,1.8854351043701172,,,2.8623098842217587e-05
465,3.0,1587,1.5941874980926514,,,0.003907759208232164
466,22.0,4063,4.156363248825073,,,0.0037682869005948305
467,6.0,1905,1.951852560043335,,,3.957155786338262e-05
468,5.0,1873,1.9186029434204102,,,0.003734998404979706
469,7.0,2111,2.1970949172973633,,,0.0038526994176208973
470,5.0,2123,2.1959738731384277,,,0.0037759938277304173
471,3.0,1423,1.4854137897491455,,,3.225485488655977e-05
472,6.0,2325,2.3742971420288086,,,3.806395034189336e-05
473,9.0,2405,2.430769443511963,,,3.128371827187948e-05
474,5.0,2605,2.653768539428711,,,2.7201611374039203e-05
475,7.0,2351,2.3838796615600586,,,0.003709950251504779
476,4.0,2299,2.3545610904693604,,,0.0076240915805101395
477,1.0,1349,1.3510427474975586,,,0.007202382665127516
478,3.0,1983,2.0044169425964355,,,3.034584915440064e-05
479,10.0,2463,2.505577325820923,,,2.764611053862609e-05
480,3.0,1115,1.1287899017333984,,,3.133332938887179e-05
481,4.0,1997,2.0375401973724365,,,0.003639077767729759
482,8.0,2977,3.0555074214935303,,,2.3490134481107816e-05
483,5.0,1885,1.9125471115112305,,,2.790421604004223e-05
484,8.0,3165,3.2503597736358643,,,3.0043418519198895e-05
485,3.0,1181,1.2100765705108643,,,0.0035113301128149033
486,10.0,3553,3.677724838256836,,,0.0037673735059797764
487,1.0,1453,1.4856452941894531,,,3.630232095019892e-05
488,4.0,1877,1.9385168552398682,,,5.6827972002793103e-05
489,3.0,1891,1.922703504562378,,,0.00681839045137167
490,8.0,2367,2.388610363006592,,,0.007425472140312195
491,6.0,2253,2.2934842109680176,,,0.0074864900670945644
492,2.0,1163,1.2096493244171143,,,0.0038722469471395016
493,3.0,1153,1.2107651233673096,,,0.0037673187907785177
494,8.0,2059,2.106137990951538,,,6.638863851549104e-05
495,5.0,1439,1.4727363586425781,,,4.4065593101549894e-05
496,12.0,3773,3.8948841094970703,,,0.0036999082658439875
497,11.0,2561,2.633741855621338,,,4.1524224798195064e-05
498,5.0,2417,2.4696412086486816,,,0.014129403047263622
499,12.0,2781,2.8535308837890625,,,0.0037412827368825674
500,5.0,2067,2.1107349395751953,,,0.003739912761375308
501,0.0,1205,1.2591805458068848,,,0.003664099844172597
502,14.0,2949,3.0529398918151855,,,1.9563887690310366e-05
503,5.0,2013,2.053337574005127,,,0.00739970663562417
504,7.0,2747,2.8187949657440186,,,0.003764726687222719
505,15.0,2977,3.0282886028289795,,,3.532867049216293e-05
506,7.0,1843,1.9074623584747314,,,0.0036648097448050976
507,12.0,2421,2.466975688934326,,,2.7491267246659845e-05
508,16.0,3089,3.1557908058166504,,,0.0038904608227312565
509,9.0,2541,2.637671709060669,,,2.546941686887294e-05
510,14.0,2661,2.736309289932251,,,4.2425999708939344e-05
511,2.0,1159,1.1918973922729492,,,3.656016633613035e-05
512,28.0,5195,5.3472349643707275,,,2.962997132271994e-05
513,3.0,1169,1.2181265354156494,,,4.281148358131759e-05
514,1.0,1161,1.2096693515777588,,,0.011253350414335728
515,13.0,2743,2.805422067642212,,,0.0112101249396801
516,18.0,4079,4.187919616699219,,,1.904637974803336e-05
517,17.0,2645,2.7350857257843018,,,0.0039969985373318195
518,9.0,2959,3.0347752571105957,,,4.258284388924949e-05
519,4.0,1635,1.67287015914917,,,1.9342733139637858e-05
520,7.0,2479,2.5379221439361572,,,0.0037050428800284863
521,11.0,2029,2.110429286956787,,,4.2308653064537793e-05
522,2.0,1205,1.2583274841308594,,,3.9421785913873464e-05
523,3.0,1783,1.8263585567474365,,,5.273061105981469e-05
524,1.0,1335,1.385204553604126,,,0.003682148177176714
525,9.0,2153,2.239574909210205,,,0.007622609846293926
526,18.0,3353,3.482389211654663,,,2.564835813245736e-05
527,11.0,2981,3.1289713382720947,,,4.410926703712903e-05
528,3.0,1177,1.24288010597229,,,3.114199353149161e-05
529,6.0,3355,3.499211311340332,,,3.23124295391608e-05
530,3.0,1549,1.6253864765167236,,,2.8352013032417744e-05
531,1.0,1087,1.1303856372833252,,,7.132110476959497e-05
532,3.0,1133,1.1675593852996826,,,0.007561634760349989
533,6.0,2213,2.3080990314483643,,,0.0037236278876662254
534,12.0,2639,2.749809741973877,,,3.135651058983058e-05
535,12.0,2653,2.733832359313965,,,3.449168798397295e-05
536,5.0,1949,2.01181697845459,,,0.007732646074146032
537,7.0,1809,1.8611986637115479,,,0.0038244083989411592
538,9.0,1749,1.8004250526428223,,,3.091766484430991e-05
539,12.0,2503,2.5670435428619385,,,0.0037989174015820026
540,8.0,1901,1.9518013000488281,,,0.007631624583154917
541,5.0,1881,1.9475669860839844,,,4.006050221505575e-05
542,2.0,1861,1.9153549671173096,,,0.004002138506621122
543,14.0,2515,2.5863802433013916,,,0.007487952709197998
544,5.0,1323,1.3691372871398926,,,0.0037919955793768167
545,7.0,1643,1.696460247039795,,,0.003783545223996043
546,5.0,2827,2.942747116088867,,,4.3126739910803735e-05
547,7.0,2027,2.093836784362793,,,0.0039036262314766645
548,2.0,1193,1.2354795932769775,,,0.0038272906094789505
549,6.0,1991,2.054391860961914,,,2.8162803573650308e-05
550,29.0,4377,4.495718002319336,,,0.0038959200028330088
551,12.0,2657,2.747199058532715,,,0.007544418331235647
552,7.0,2013,2.1088781356811523,,,5.817093187943101e-05
553,7.0,1931,2.0079052448272705,,,4.711567089543678e-05
554,2.0,1137,1.186372995376587,,,0.003958756569772959
555,1.0,1145,1.1939542293548584,,,3.6633588024415076e-05
556,17.0,3443,3.610947608947754,,,3.3335451007587835e-05
557,5.0,1917,1.992720365524292,,,4.0674734918866307e-05
558,10.0,2455,2.5288949012756348,,,0.007426260970532894
559,5.0,1989,2.0673763751983643,,,4.4843312934972346e-05
560,4.0,1549,1.6272590160369873,,,0.003709363052621484
561,2.0,1961,2.0771708488464355,,,3.936874054488726e-05
562,11.0,1959,2.061312675476074,,,0.0035380455665290356
563,12.0,2499,2.628626585006714,,,0.0038597751408815384
564,5.0,1929,2.0275251865386963,,,5.1754039304796606e-05
565,3.0,1567,1.6453042030334473,,,5.1290142437210307e-05
566,7.0,2595,2.7152748107910156,,,3.275031122029759e-05
567,10.0,1939,2.047759771347046,,,0.009066465310752392
568,18.0,3703,3.8472182750701904,,,0.0037674878258258104
569,19.0,3257,3.411637783050537,,,3.640849172370508e-05
570,15.0,2395,2.5070700645446777,,,5.43650530744344e-05
571,2.0,1069,1.1332354545593262,,,3.345397635712288e-05
572,4.0,1195,1.258122205734253,,,0.004077316261827946
573,6.0,2183,2.283240795135498,,,4.1311806853627786e-05
574,5.0,1877,1.9600837230682373,,,0.00756153604015708
575,3.0,1539,1.6191837787628174,,,0.011126077733933926
576,9.0,2361,2.470900297164917,,,3.6980338336434215e-05
577,12.0,3705,3.8998868465423584,,,0.0040098498575389385
578,10.0,2463,2.5830187797546387,,,0.007533564697951078
579,3.0,1469,1.547682762145996,,,0.007330506108701229
580,4.0,1817,1.9089303016662598,,,0.0037124587688595057
581,5.0,1569,1.632558822631836,,,0.0037669972516596317
582,2.0,1385,1.4514477252960205,,,3.431473669479601e-05
583,3.0,1061,1.1138923168182373,,,0.003596872091293335
584,4.0,1911,2.000978708267212,,,3.9870516047813e-05
585,7.0,1965,2.0743250846862793,,,0.004012013785541058
586,9.0,2489,2.6232712268829346,,,5.09775236423593e-05
587,19.0,3095,3.2474184036254883,,,0.007385864853858948
588,10.0,1451,1.531294584274292,,,9.472125384490937e-05
589,5.0,1563,1.6670923233032227,,,0.0037760448176413774
590,1.0,1183,1.2523014545440674,,,7.542780804214999e-05
591,5.0,1289,1.376354455947876,,,0.007731898687779903
592,11.0,2947,3.0993833541870117,,,3.150765405735001e-05
593,3.0,1695,1.7994279861450195,,,0.007526467554271221
594,7.0,1743,1.845198392868042,,,3.431617733440362e-05
595,5.0,1941,2.0735743045806885,,,0.003917303867638111
596,5.0,1521,1.629941463470459,,,2.3378195692203008e-05
597,5.0,1983,2.0994455814361572,,,0.007628671359270811
598,7.0,2513,2.6600544452667236,,,3.3971784432651475e-05
599,1.0,1607,1.6775448322296143,,,0.011302015744149685
600,7.0,2575,2.7282018661499023,,,0.0037905327044427395
601,4.0,1919,2.0410656929016113,,,2.8710799597320147e-05
602,3.0,1199,1.2543911933898926,,,0.007661893963813782
603,5.0,1507,1.5871825218200684,,,0.0036856955848634243
604,7.0,2767,2.905425786972046,,,0.003795678960159421
605,5.0,1941,2.0494651794433594,,,0.004055976402014494
606,4.0,1501,1.5785751342773438,,,0.014831004664301872
607,13.0,2679,2.81889271736145,,,3.696725980262272e-05
608,9.0,2649,2.77005672454834,,,0.0036971759982407093
609,15.0,2947,3.1364200115203857,,,0.007752744946628809
610,5.0,1599,1.6922459602355957,,,0.007405393291264772
611,9.0,2037,2.1369621753692627,,,0.003727615810930729
612,6.0,1885,1.9992480278015137,,,2.0885376216028817e-05
613,8.0,2085,2.2205588817596436,,,0.0037776739336550236
614,5.0,1559,1.645186185836792,,,0.007561331149190664
615,12.0,2417,2.54610538482666,,,0.004094263538718224
616,18.0,2841,3.0163397789001465,,,0.0032258443534374237
617,17.0,3333,3.5402257442474365,,,4.945143518853001e-05
618,5.0,2099,2.2655200958251953,,,4.533024912234396e-05
619,4.0,1873,2.019338607788086,,,0.0036670563276857138
620,4.0,1147,1.2263455390930176,,,0.007006135303527117
621,14.0,2941,3.1002891063690186,,,7.969284342834726e-05
622,8.0,2227,2.3609204292297363,,,9.967012010747567e-05
623,12.0,2403,2.5724234580993652,,,0.010622008703649044
624,7.0,2409,2.5553996562957764,,,5.7161822041962296e-05
625,5.0,2327,2.4598162174224854,,,2.918219252023846e-05
626,13.0,2409,2.562859058380127,,,0.007408535573631525
627,5.0,1721,1.829267978668213,,,5.066488665761426e-05
628,22.0,3269,3.4599223136901855,,,0.007491039112210274
629,3.0,1531,1.6455543041229248,,,0.0036987517960369587
630,4.0,1609,1.7146353721618652,,,0.0038933383766561747
631,17.0,2533,2.6757652759552,,,0.0037868276704102755
632,16.0,2705,2.881920099258423,,,5.947444515186362e-05
633,6.0,1795,1.9003145694732666,,,5.117859473102726e-05
634,7.0,1875,2.011997699737549,,,4.5399763621389866e-05
635,4.0,1341,1.427398443222046,,,5.206260539125651e-05
636,11.0,2033,2.1630141735076904,,,0.011046201921999454
637,18.0,3197,3.3967459201812744,,,0.0035986253060400486
638,1.0,1181,1.2582523822784424,,,0.007346451748162508
639,12.0,2665,2.834033489227295,,,0.007439860142767429
640,25.0,3013,3.2127633094787598,,,6.69002765789628e-05
641,14.0,1881,2.014218807220459,,,0.003934232518076897
642,8.0,2115,2.258640766143799,,,6.248612771742046e-05
643,3.0,1145,1.2430498600006104,,,0.003725338028743863
644,11.0,2901,3.0808098316192627,,,0.0037307592574507
645,16.0,3685,3.920377731323242,,,7.546065171482041e-05
646,7.0,1761,1.9003372192382812,,,0.0038138122763484716
647,0.0,1143,1.2349820137023926,,,0.00010895582818193361
648,10.0,2407,2.5852224826812744,,,6.120964826550335e-05
649,2.0,1541,1.6663730144500732,,,6.225211109267548e-05
650,1.0,1563,1.6792168617248535,,,0.016424458473920822
651,2.0,1145,1.230109691619873,,,0.004061158746480942
652,14.0,2563,2.738013744354248,,,5.307583342073485e-05
653,5.0,1829,1.9797875881195068,,,8.26549221528694e-05
654,11.0,3713,3.9815402030944824,,,0.00370640866458416
655,10.0,1967,2.0806403160095215,,,9.22948747756891e-05
656,7.0,2767,2.936978816986084,,,0.0036417313385754824
657,2.0,1117,1.190117597579956,,,0.003958024084568024
658,1.0,1095,1.1622071266174316,,,0.007855677977204323
659,1.0,1043,1.0898172855377197,,,0.003729707095772028
660,33.0,4337,4.599858283996582,,,0.003730680327862501
661,13.0,3019,3.242358922958374,,,0.007482354529201984
662,11.0,4047,4.275514125823975,,,0.007663373835384846
663,3.0,1177,1.2366056442260742,,,5.434170816442929e-05
664,9.0,2187,2.334423303604126,,,9.009123459691182e-05
665,17.0,3301,3.5374197959899902,,,6.662472878815606e-05
666,5.0,1891,2.0064079761505127,,,6.859959830762818e-05
667,5.0,2127,2.2670016288757324,,,0.0037712573539465666
668,-1.0,1513,1.6201791763305664,,,4.8313198931282386e-05
669,5.0,1961,2.0830881595611572,,,0.0036791174206882715
670,10.0,2357,2.5161097049713135,,,0.003981793764978647
671,4.0,2153,2.2846155166625977,,,7.995088526513427e-05
672,4.0,1327,1.4350674152374268,,,0.004032911267131567
673,16.0,3469,3.7389490604400635,,,6.809770275140181e-05
674,12.0,2341,2.51597261428833,,,5.047041122452356e-05
675,23.0,3095,3.338192939758301,,,0.003990253433585167
676,15.0,3063,3.2954118251800537,,,5.8528970839688554e-05
677,0.0,1445,1.5566840171813965,,,6.810962804593146e-05
678,13.0,3135,3.3843634128570557,,,4.868342512054369e-05
679,11.0,3381,3.6183698177337646,,,3.7723912100773305e-05
680,8.0,2459,2.6170482635498047,,,5.4310668929247186e-05
681,12.0,2519,2.6923184394836426,,,0.003757437691092491
682,7.0,1913,2.0794057846069336,,,0.003847285406664014
683,9.0,2439,2.6445465087890625,,,0.0038004324305802584
684,2.0,1157,1.2456800937652588,,,4.754621841129847e-05
685,16.0,3007,3.233035087585449,,,5.847950160386972e-05
686,2.0,1477,1.5839760303497314,,,5.311342829372734e-05
687,3.0,1709,1.8583524227142334,,,0.012023208662867546
688,9.0,1931,2.094818353652954,,,0.0101870596408844
689,2.0,1187,1.2933242321014404,,,0.0036222205962985754
690,13.0,2861,3.1098756790161133,,,0.008277546614408493
691,4.0,1895,2.0666680335998535,,,0.003650192404165864
692,1.0,1067,1.158104419708252,,,0.007600998505949974
693,5.0,2041,2.1825015544891357,,,0.009962412528693676
694,2.0,1589,1.7051365375518799,,,0.003781520761549473
695,5.0,1895,2.053633213043213,,,0.0036593633703887463
696,12.0,2277,2.461881637573242,,,0.00776910874992609
697,8.0,2423,2.6061244010925293,,,0.011319623328745365
698,1.0,1199,1.2850947380065918,,,5.6168984883697703e-05
699,13.0,2029,2.172579765319824,,,0.003831060603260994
700,7.0,2079,2.2868151664733887,,,4.028104376629926e-05
701,17.0,2873,3.0979790687561035,,,0.0037265317514538765
702,12.0,2435,2.657121181488037,,,8.656490535940975e-05
703,3.0,1861,1.9993209838867188,,,0.004027468618005514
704,20.0,3961,4.312045574188232,,,0.0037679013330489397
705,3.0,1249,1.3623976707458496,,,0.007384548429399729
706,2.0,1809,1.9812657833099365,,,0.003830897156149149
707,19.0,3296,3.5563836097717285,,,0.008758137933909893
708,11.0,1823,1.9682700634002686,,,0.003713228739798069
709,6.0,1903,2.0798354148864746,,,0.0037711358163505793
710,11.0,2201,2.4243717193603516,,,0.0038361907936632633
711,4.0,1501,1.6279919147491455,,,0.007374428678303957
712,10.0,2569,2.8068580627441406,,,0.0037680433597415686
713,4.0,1759,1.9409990310668945,,,9.389800834469497e-05
714,10.0,2453,2.700230360031128,,,0.004066349007189274
715,8.0,1707,1.8342134952545166,,,0.01163109578192234
716,3.0,1109,1.1968786716461182,,,8.995039388537407e-05
717,15.0,2333,2.558647871017456,,,6.868473428767174e-05
718,6.0,2207,2.399115562438965,,,0.0038153904024511576
719,4.0,1611,1.778416395187378,,,7.159468077588826e-05
720,7.0,1853,2.013716220855713,,,8.667005022289231e-05
721,3.0,1519,1.645172119140625,,,0.0038534700870513916
722,1.0,1337,1.4370043277740479,,,0.007424554321914911
723,3.0,1081,1.1826071739196777,,,5.2648061682702973e-05
724,5.0,1667,1.8037190437316895,,,0.003794562304392457
725,2.0,1167,1.2607765197753906,,,0.011268854141235352
726,1.0,1889,2.04565691947937,,,8.184714533854276e-05
727,19.0,3115,3.361281633377075,,,6.491812382591888e-05
728,9.0,2773,2.9860050678253174,,,0.007520637474954128
729,3.0,1823,1.9861729145050049,,,0.0037361816503107548
730,4.0,2093,2.259528875350952,,,0.003748286049813032
731,20.0,3117,3.393056631088257,,,0.0036430279724299908
732,2.0,1685,1.859907865524292,,,0.0038208127953112125
733,13.0,2763,3.009428024291992,,,5.6416374718537554e-05
734,9.0,1877,2.0410022735595703,,,0.003674173727631569
735,1.0,1207,1.3253893852233887,,,5.6569744629086927e-05
736,16.0,2441,2.6573398113250732,,,0.003855332499369979
737,26.0,3483,3.792675256729126,,,8.1514437624719e-05
738,9.0,2947,3.2026309967041016,,,0.007801817264407873
739,4.0,1737,1.9092953205108643,,,0.003711371449753642
740,14.0,3205,3.5015835762023926,,,8.407104178331792e-05
741,7.0,1969,2.1597044467926025,,,0.011134149506688118
742,10.0,2835,3.135263204574585,,,5.446772411232814e-05
743,-1.0,1155,1.2693259716033936,,,0.0040338365361094475
744,5.0,2325,2.5603737831115723,,,0.003788515692576766
745,6.0,1557,1.7132313251495361,,,0.00012531387619674206
746,3.0,2105,2.3183696269989014,,,4.928936323267408e-05
747,0.0,1487,1.609978199005127,,,0.013114682398736477
748,8.0,2119,2.277562141418457,,,0.003739600535482168
749,15.0,3351,3.627836227416992,,,0.0037357795517891645
750,7.0,2371,2.573073387145996,,,0.0038342128973454237
751,10.0,2551,2.7532761096954346,,,5.86091737204697e-05
752,13.0,2363,2.580517292022705,,,8.522606367478147e-05
753,6.0,1585,1.7555711269378662,,,0.0037816630210727453
754,9.0,2135,2.3532583713531494,,,0.0037554390728473663
755,1.0,1029,1.1353914737701416,,,0.007635412272065878
756,15.0,3009,3.265136957168579,,,0.01122258696705103
757,3.0,1123,1.2359809875488281,,,8.908779273042455e-05
758,10.0,2725,2.981574296951294,,,0.004063057713210583
759,1.0,1231,1.3497302532196045,,,8.742601494304836e-05
760,18.0,3143,3.3971428871154785,,,6.296998617472127e-05
761,16.0,3175,3.464475154876709,,,0.011463896371424198
762,5.0,1641,1.7838878631591797,,,0.003822469851002097
763,13.0,2447,2.704017400741577,,,0.0040407017804682255
764,9.0,1847,2.0212337970733643,,,0.007787793409079313
765,13.0,2721,2.993335485458374,,,0.003586746286600828
766,2.0,1553,1.6859536170959473,,,8.221520693041384e-05
767,17.0,3081,3.3989665508270264,,,0.011046289466321468
768,1.0,1167,1.2561194896697998,,,0.0038404103834182024
769,11.0,3017,3.3108389377593994,,,0.0035620888229459524
770,19.0,3013,3.2596635818481445,,,0.011752539314329624
771,8.0,1609,1.769413948059082,,,0.003762506414204836
772,9.0,2459,2.7022509574890137,,,0.0037607441190630198
773,16.0,2501,2.755488157272339,,,7.303396705538034e-05
774,15.0,3017,3.3346171379089355,,,0.003853177186101675
775,4.0,1563,1.7339398860931396,,,0.0037238572258502245
776,10.0,2839,3.10886287689209,,,0.007358229253441095
777,9.0,2419,2.660039186477661,,,0.003811715403571725
778,11.0,3551,3.9068992137908936,,,7.205319707281888e-05
779,7.0,1859,2.027374029159546,,,0.009232660755515099
780,15.0,2947,3.2145001888275146,,,8.564036397729069e-05
781,2.0,1225,1.358898639678955,,,4.870965494774282e-05
782,8.0,1981,2.1849493980407715,,,0.003858251729980111
783,9.0,1935,2.1207211017608643,,,0.0037460390012711287
784,3.0,1305,1.4361987113952637,,,0.003878012066707015
785,5.0,1473,1.6012444496154785,,,9.014639363158494e-05
786,7.0,1591,1.7502219676971436,,,9.157049498753622e-05
787,9.0,2437,2.664475202560425,,,7.119890506146476e-05
788,6.0,1685,1.8573124408721924,,,0.0037911459803581238
789,16.0,3831,4.2749176025390625,,,8.552578219678253e-05
790,2.0,1085,1.2002122402191162,,,0.011430945247411728
791,3.0,1917,2.10939621925354,,,0.003849547589197755
792,2.0,1583,1.7447500228881836,,,5.255815267446451e-05
793,6.0,2081,2.307767391204834,,,0.0038525687996298075
794,11.0,2581,2.8051652908325195,,,0.011049085296690464
795,8.0,2041,2.253669023513794,,,0.0037563361693173647
796,4.0,1555,1.7152841091156006,,,0.0037795985117554665
797,9.0,2085,2.2788188457489014,,,0.00012095092097297311
798,17.0,3585,3.942793607711792,,,0.00011339444608893245
799,17.0,2729,3.015206813812256,,,5.344666715245694e-05
800,14.0,2915,3.2000160217285156,,,0.011046750470995903
801,13.0,2337,2.594205379486084,,,6.719220982631668e-05
802,18.0,3035,3.340463638305664,,,7.1759830461815e-05
803,9.0,2495,2.7666821479797363,,,0.007495928555727005
804,19.0,3103,3.438013792037964,,,8.370940486202016e-05
805,25.0,3491,3.9016311168670654,,,0.011200998909771442
806,3.0,1725,1.914632797241211,,,0.0037425330374389887
807,16.0,2647,2.9422545433044434,,,0.019696680828928947
808,6.0,2127,2.3538994789123535,,,9.146740194410086e-05
809,8.0,2221,2.4406051635742188,,,8.214380795834586e-05
810,1.0,1109,1.2381627559661865,,,0.011175286024808884
811,8.0,2255,2.4954185485839844,,,4.928733687847853e-05
812,4.0,2003,2.2360072135925293,,,6.623173976549879e-05
813,10.0,1903,2.1114985942840576,,,0.00378352589905262
814,11.0,2187,2.3999061584472656,,,7.752870442345738e-05
815,-1.0,1229,1.358351707458496,,,0.007392209954559803
816,11.0,2735,3.0606191158294678,,,0.007529228925704956
817,2.0,1509,1.6924834251403809,,,0.008110801689326763
818,-2.0,1747,1.9575345516204834,,,0.01114658359438181
819,24.0,4369,4.848168611526489,,,4.877888204646297e-05
820,14.0,2639,2.9499382972717285,,,0.00012638857879210263
821,10.0,2031,2.280488967895508,,,4.937338599120267e-05
822,6.0,1523,1.703183889389038,,,0.007690021768212318
823,7.0,2347,2.6185567378997803,,,0.00376717746257782
824,11.0,2961,3.315490961074829,,,8.726975647732615e-05
825,10.0,2475,2.753762722015381,,,5.380268703447655e-05
826,9.0,1963,2.1781373023986816,,,0.00012053811951773241
827,5.0,2535,2.8162615299224854,,,0.016448738053441048
828,2.0,1631,1.829714298248291,,,0.01746593602001667
829,7.0,1927,2.1655936241149902,,,6.683426181552932e-05
830,6.0,1957,2.207284688949585,,,0.011356908828020096
831,13.0,2889,3.247133255004883,,,0.0038521287497133017
832,10.0,1929,2.1457529067993164,,,4.620943946065381e-05
833,16.0,3027,3.3708996772766113,,,0.004004109185189009
834,7.0,2701,3.0407609939575195,,,0.0037256432697176933
835,3.0,1539,1.708977222442627,,,6.151271372800693e-05
836,5.0,2163,2.430711269378662,,,0.007350909523665905
837,29.0,5443,6.024935960769653,,,0.004011998418718576
838,22.0,4071,4.5564351081848145,,,0.003858312265947461
839,8.0,2513,2.793566942214966,,,0.003767660353332758
840,7.0,1977,2.201744556427002,,,0.009526158683001995
841,13.0,3053,3.37422776222229,,,0.0038445168174803257
842,23.0,3813,4.271109580993652,,,0.0034994015004485846
843,7.0,2323,2.622026205062866,,,0.0038136092480272055
844,6.0,2071,2.3252716064453125,,,0.0037241890095174313
845,2.0,1529,1.7204411029815674,,,0.007691065780818462
846,10.0,1883,2.1346089839935303,,,0.0032549297902733088
847,13.0,3587,3.974429130554199,,,0.011137292720377445
848,1.0,1673,1.8908095359802246,,,4.797387373400852e-05
849,6.0,2055,2.2850215435028076,,,0.011429953388869762
850,1.0,1547,1.7404448986053467,,,0.0075162784196436405
851,8.0,1939,2.1963629722595215,,,0.003725412068888545
852,6.0,1555,1.75227952003479,,,0.00762961944565177
853,17.0,3093,3.4810421466827393,,,8.679714665049687e-05
854,1.0,1515,1.7162723541259766,,,0.007238267455250025
855,8.0,2311,2.5657167434692383,,,0.007408082485198975
856,10.0,2499,2.8194823265075684,,,0.011099139228463173
857,19.0,3217,3.636221170425415,,,0.0038376660086214542
858,8.0,1705,1.9200727939605713,,,0.007159129250794649
859,5.0,1997,2.282177448272705,,,7.919169001979753e-05
860,3.0,1651,1.8578991889953613,,,0.0001142504988820292
861,5.0,2465,2.771571159362793,,,0.0037940407637506723
862,7.0,1889,2.1247832775115967,,,4.38136157754343e-05
863,3.0,1835,2.0711498260498047,,,0.007520156912505627
864,16.0,3011,3.3859546184539795,,,7.637662201886997e-05
865,13.0,2579,2.9214582443237305,,,0.003671217942610383
866,7.0,2633,2.974003791809082,,,0.00011589718633331358
867,5.0,1891,2.122004508972168,,,7.530154107371345e-05
868,3.0,1611,1.823876142501831,,,0.00018238273332826793
869,4.0,1947,2.2315633296966553,,,0.0001171979820355773
870,8.0,2153,2.442012071609497,,,0.00373465265147388
871,9.0,2611,2.961905002593994,,,7.900121272541583e-05
872,14.0,2999,3.372864007949829,,,0.003789401613175869
873,17.0,2837,3.205883502960205,,,0.011173073202371597
874,18.0,3353,3.821239709854126,,,0.0001348973164567724
875,18.0,3083,3.474566698074341,,,0.003892134176567197
876,22.0,3355,3.806408405303955,,,0.003717453218996525
877,15.0,4209,4.756007194519043,,,0.007467797491699457
878,24.0,3453,3.940483570098877,,,0.00381774315610528
879,3.0,1915,2.170121669769287,,,0.0038218440022319555
880,4.0,2073,2.365278482437134,,,0.003790222341194749
881,16.0,2807,3.216369390487671,,,0.0038393528666347265
882,2.0,1207,1.3872592449188232,,,7.714748790021986e-05
883,30.0,3816,4.311836004257202,,,0.011288829147815704
884,-1.0,1457,1.6457440853118896,,,0.00010898095206357539
885,5.0,1915,2.2007696628570557,,,0.003829453606158495
886,26.0,4335,4.923194169998169,,,0.00010687531903386116
887,23.0,2961,3.35331130027771,,,5.577514093602076e-05
888,1.0,1527,1.7361130714416504,,,9.138527821050957e-05
889,18.0,2931,3.3375847339630127,,,6.343300628941506e-05
890,7.0,1961,2.2263174057006836,,,4.358680234872736e-05
891,1.0,1527,1.7381789684295654,,,0.01542298961430788
892,8.0,2619,2.960139513015747,,,6.561166810570285e-05
893,17.0,2647,2.9812426567077637,,,0.0033577526919543743
894,12.0,2853,3.275918483734131,,,0.00013262592256069183
895,13.0,3579,4.061446666717529,,,8.29303462523967e-05
896,12.0,2073,2.353184700012207,,,8.213143883040175e-05
897,15.0,2993,3.434539794921875,,,0.007196743972599506
898,3.0,2019,2.280629873275757,,,0.014937549829483032
899,12.0,2453,2.7990214824676514,,,0.007373154629021883
900,14.0,2929,3.345348596572876,,,0.0036366647109389305
901,18.0,2845,3.260908365249634,,,0.007488579489290714
902,18.0,2593,2.939157724380493,,,8.037158841034397e-05
903,17.0,3317,3.7893004417419434,,,0.011553045362234116
904,26.0,2967,3.3720295429229736,,,8.988831541500986e-05
905,20.0,2953,3.374351739883423,,,0.0037353967782109976
906,7.0,1837,2.079289436340332,,,0.007735866587609053
907,8.0,1729,2.0010218620300293,,,8.934732613852248e-05
908,7.0,2129,2.457685947418213,,,6.95306807756424e-05
909,21.0,3492,4.004037380218506,,,7.06705468473956e-05
910,26.0,3899,4.450717210769653,,,0.007388944737613201
911,15.0,2409,2.7858715057373047,,,0.004179358948022127
912,3.0,1841,2.110036849975586,,,0.00011007193097611889
913,20.0,3485,3.9869303703308105,,,0.00750650092959404
914,3.0,1527,1.761073350906372,,,0.0075653791427612305
915,7.0,2461,2.830942153930664,,,0.0001688677293714136
916,18.0,2895,3.307765245437622,,,5.022191544412635e-05
917,17.0,3395,3.856910467147827,,,0.003844138467684388
918,12.0,2539,2.910160541534424,,,0.00801962148398161
919,12.0,1875,2.13659405708313,,,0.00811011902987957
920,8.0,2249,2.574770212173462,,,0.004030175972729921
921,0.0,1057,1.2324154376983643,,,6.104214844526723e-05
922,11.0,2411,2.7847061157226562,,,0.003711387515068054
923,11.0,1901,2.213721990585327,,,8.682095358381048e-05
924,16.0,2771,3.18007755279541,,,0.0041054063476622105
925,6.0,1611,1.8466169834136963,,,0.00016756021068431437
926,12.0,2057,2.3708550930023193,,,0.00023810564016457647
927,9.0,2017,2.303220272064209,,,0.004207533318549395
928,4.0,2031,2.328357219696045,,,5.178920764592476e-05
929,23.0,4589,5.304937124252319,,,7.264245505211875e-05
930,2.0,1261,1.433748483657837,,,0.004064696375280619
931,23.0,3459,3.9817745685577393,,,0.003685310250148177
932,1.0,1047,1.2064712047576904,,,0.007531621027737856
933,6.0,1987,2.272365093231201,,,0.003871395019814372
934,4.0,1187,1.3552203178405762,,,0.019507288932800293
935,3.0,1101,1.2622973918914795,,,0.0037286498118191957
936,5.0,1185,1.355757713317871,,,9.2054127890151e-05
937,11.0,2403,2.78389835357666,,,0.0036431727930903435
938,12.0,1867,2.140261650085449,,,0.0039110551588237286
939,17.0,2842,3.2402687072753906,,,0.0038795017171651125
940,12.0,2465,2.826585531234741,,,9.92687200778164e-05
941,10.0,2583,2.9599814414978027,,,0.007828066125512123
942,2.0,1867,2.117842435836792,,,6.206434045452625e-05
943,3.0,1197,1.356806993484497,,,0.0036134461406618357
944,3.0,1847,2.1142849922180176,,,0.00010259306145599112
945,6.0,1507,1.7377946376800537,,,0.00374432560056448
946,2.0,1167,1.330787181854248,,,0.007809946313500404
947,15.0,2429,2.8343493938446045,,,5.1944440201623365e-05
948,9.0,2503,2.884708881378174,,,0.003810617607086897
949,4.0,1649,1.8996670246124268,,,0.003766532987356186
950,16.0,3411,3.938166856765747,,,9.288333967560902e-05
951,10.0,2217,2.550006866455078,,,0.00010081704385811463
952,10.0,2881,3.3092310428619385,,,8.489136962452903e-05
953,18.0,2993,3.4234533309936523,,,0.00844040047377348
954,1.0,1157,1.3284335136413574,,,0.007503836881369352
955,21.0,2629,3.023531675338745,,,6.0618425777647644e-05
956,13.0,2829,3.2711069583892822,,,0.003804992651566863
957,3.0,2101,2.4432919025421143,,,0.00011755790910683572
958,4.0,1427,1.6477124691009521,,,9.31235117604956e-05
959,13.0,2801,3.24200701713562,,,6.595854210900143e-05
960,19.0,3595,4.105249643325806,,,0.008818463422358036
961,7.0,1933,2.241521120071411,,,0.00759048480540514
962,13.0,2757,3.2229270935058594,,,3.813246075878851e-05
963,5.0,1225,1.4189443588256836,,,0.012483298778533936
964,2.0,1079,1.2498860359191895,,,0.0037800786085426807
965,18.0,2858,3.3140387535095215,,,9.896368283079937e-05
966,10.0,2381,2.7580606937408447,,,0.011538101360201836
967,13.0,2193,2.5503768920898438,,,0.010885734111070633
968,11.0,2035,2.3588128089904785,,,8.372715819859877e-05
969,17.0,2487,2.868723154067993,,,0.010714449919760227
970,3.0,1575,1.8330583572387695,,,6.293320620898157e-05
971,7.0,2117,2.471372127532959,,,0.009247379377484322
972,3.0,1151,1.3529317378997803,,,0.007378246635198593
973,21.0,2927,3.365161895751953,,,0.0038399535696953535
974,3.0,1219,1.4093401432037354,,,7.135418127290905e-05
975,3.0,1419,1.6472187042236328,,,0.0071465326473116875
976,8.0,1993,2.319376230239868,,,0.00013674020010512322
977,11.0,1827,2.1462924480438232,,,0.003839460900053382
978,17.0,3091,3.584486246109009,,,0.007719643414020538
979,12.0,2101,2.4315555095672607,,,0.003941611386835575
980,14.0,2431,2.82889461517334,,,0.00013046010280959308
981,6.0,2079,2.4251420497894287,,,0.013503692112863064
982,13.0,2563,2.9880073070526123,,,0.00012518356379587203
983,6.0,1669,1.9279203414916992,,,0.0041287909261882305
984,17.0,2843,3.2834959030151367,,,0.003795030526816845
985,9.0,1847,2.1638267040252686,,,0.007790574803948402
986,15.0,2737,3.172873020172119,,,0.007363494485616684
987,13.0,1899,2.2055046558380127,,,0.00011400943185435608
988,12.0,1921,2.2211716175079346,,,0.006541870068758726
989,13.0,2829,3.2592053413391113,,,0.0037920931354165077
990,8.0,2005,2.330167055130005,,,0.0038304058834910393
991,4.0,1245,1.4516100883483887,,,0.00011897760850843042
992,4.0,1487,1.7164232730865479,,,0.0037031727842986584
993,6.0,2083,2.412501335144043,,,0.003748338669538498
994,6.0,2041,2.3659157752990723,,,0.016608379781246185
995,19.0,2631,3.0464563369750977,,,0.012453949078917503
996,2.0,1119,1.289609432220459,,,0.0031643924303352833
997,11.0,2143,2.483858346939087,,,0.00014661569730378687
998,9.0,1863,2.154524087905884,,,0.0072060092352330685
999,0.0,1911,2.2088944911956787,,,0.00015430089842993766
1000,9.0,2719,3.1631040573120117,,,0.018061494454741478
1001,5.0,1955,2.301884651184082,,,0.003601678181439638
1002,3.0,1597,1.8423917293548584,,,0.011129140853881836
1003,12.0,2751,3.2258212566375732,,,7.055808964651078e-05
1004,9.0,1971,2.292789936065674,,,6.731612666044384e-05
1005,8.0,1919,2.2552552223205566,,,0.01193214114755392
1006,5.0,1867,2.169846773147583,,,0.0037699472159147263
1007,18.0,3065,3.600402593612671,,,4.7632958739995956e-05
1008,21.0,2793,3.3040502071380615,,,0.00015897347475402057
1009,8.0,2403,2.7997756004333496,,,9.46998770814389e-05
1010,8.0,1897,2.2232913970947266,,,0.003816325217485428
1011,7.0,1977,2.303574562072754,,,0.007371765561401844
1012,12.0,1889,2.2099504470825195,,,0.004088905174285173
1013,12.0,2091,2.4510810375213623,,,0.003701128764078021
1014,3.0,1163,1.371412992477417,,,9.280522499466315e-05
1015,15.0,2643,3.093228340148926,,,0.0038030617870390415
1016,17.0,2977,3.4712278842926025,,,0.000143372846650891
1017,8.0,2019,2.365915536880493,,,0.00017856521299108863
1018,29.0,4545,5.26731538772583,,,0.0036810734309256077
1019,15.0,3237,3.795128345489502,,,0.006549650337547064
1020,19.0,3821,4.445245027542114,,,0.007869546301662922
1021,14.0,2539,2.9916884899139404,,,0.004291644785553217
1022,14.0,2769,3.254465103149414,,,0.0001745305780787021
1023,5.0,1777,2.0712032318115234,,,0.007536985911428928
1024,15.0,3051,3.560502052307129,,,0.0037341637071222067
1025,3.0,1245,1.4695954322814941,,,0.00799965113401413
1026,11.0,1903,2.233330488204956,,,0.0036770447622984648
1027,14.0,2301,2.6918485164642334,,,0.0001124264599638991
1028,6.0,1837,2.1401588916778564,,,0.0040561966598033905
1029,10.0,3507,4.079089403152466,,,0.004180131480097771
1030,14.0,2411,2.8115527629852295,,,7.093357999110594e-05
1031,15.0,3493,4.103941917419434,,,0.008072585798799992
1032,12.0,2489,2.912144660949707,,,0.0039038017857819796
1033,25.0,4097,4.820396423339844,,,0.00014129586634226143
1034,12.0,2149,2.4925613403320312,,,0.0037981655914336443
1035,15.0,2615,3.0836801528930664,,,0.0037778839468955994
1036,7.0,2423,2.8431649208068848,,,0.00017169414786621928
1037,17.0,2879,3.3891677856445312,,,0.007675778120756149
1038,5.0,1191,1.432434320449829,,,0.003803347237408161
1039,17.0,2781,3.308600425720215,,,0.00740250525996089
1040,3.0,1947,2.2974917888641357,,,6.500820745714009e-05
1041,11.0,3349,3.954408645629883,,,0.02111986093223095
1042,11.0,3463,4.057851314544678,,,0.0001557588402647525
1043,6.0,1903,2.2647340297698975,,,7.805377390468493e-05
1044,19.0,3981,4.706104040145874,,,0.011336484923958778
1045,16.0,2493,2.9159929752349854,,,0.00777100445702672
1046,8.0,2445,2.889437198638916,,,0.0039819516241550446
1047,19.0,3789,4.467385768890381,,,0.003683537244796753
1048,13.0,2091,2.4642226696014404,,,0.0075918701477348804
1049,12.0,2799,3.292552947998047,,,0.01098610833287239
1050,7.0,1547,1.8130369186401367,,,7.620260294061154e-05
1051,3.0,1141,1.350917100906372,,,0.00018318650836590677
1052,8.0,1991,2.3357863426208496,,,0.007113784085959196
1053,10.0,1971,2.319788932800293,,,0.00018141853797715157
1054,15.0,2959,3.482588052749634,,,0.0039056658279150724
1055,9.0,2571,3.067133903503418,,,9.436229447601363e-05
1056,3.0,1789,2.109035015106201,,,0.00011079230898758397
1057,1.0,1229,1.4682977199554443,,,0.00010481950448593125
1058,1.0,1031,1.226151943206787,,,0.00430168816819787
1059,13.0,2221,2.6435487270355225,,,0.00011367940169293433
1060,12.0,2283,2.7195026874542236,,,0.007476020138710737
1061,20.0,3311,3.9139139652252197,,,0.0036353019531816244
1062,5.0,1151,1.377110481262207,,,0.0001478727353969589
1063,11.0,3207,3.7955055236816406,,,0.011126797646284103
1064,8.0,2231,2.6633684635162354,,,0.003842161037027836
1065,22.0,2917,3.450800657272339,,,0.00022286617604549974
1066,25.0,3403,4.015134334564209,,,0.010892445221543312
1067,8.0,2907,3.4266762733459473,,,0.011222573928534985
1068,17.0,2749,3.254002332687378,,,5.496354424394667e-05
1069,2.0,1145,1.3653903007507324,,,7.087772246450186e-05
1070,13.0,2909,3.445019006729126,,,0.00019407410582061857
1071,12.0,1995,2.350951910018921,,,0.003968102857470512
1072,3.0,1581,1.8739638328552246,,,0.003807131666690111
1073,1.0,1503,1.7788701057434082,,,0.0037357050459831953
1074,4.0,1715,2.0288851261138916,,,7.469605043297634e-05
1075,10.0,1591,1.8995001316070557,,,0.00010998928337357938
1076,9.0,2459,2.9062037467956543,,,0.00016315495304297656
1077,8.0,1929,2.2990126609802246,,,0.00021375817595981061
1078,1.0,1213,1.4567792415618896,,,0.00020048466103617102
1079,15.0,2569,3.0554802417755127,,,3.257105345255695e-05
1080,5.0,1977,2.367084264755249,,,0.003718729829415679
1081,11.0,2005,2.3868579864501953,,,0.0075329444371163845
1082,17.0,3155,3.7493607997894287,,,0.004103414714336395
1083,4.0,1201,1.4291090965270996,,,8.215430716518313e-05
1084,7.0,2053,2.4304983615875244,,,0.003715850180014968
1085,12.0,2819,3.3308091163635254,,,0.0041731311939656734
1086,2.0,1143,1.3610596656799316,,,0.0038739806041121483
1087,5.0,2123,2.547419548034668,,,0.00015496107516810298
1088,16.0,2641,3.1621322631835938,,,0.0038338634185492992
1089,4.0,1785,2.1372358798980713,,,0.00016570478328503668
1090,12.0,2545,3.0198874473571777,,,0.0075833662413060665
1091,6.0,1983,2.3731794357299805,,,0.007396696601063013
1092,27.0,3989,4.730504035949707,,,0.0038600105326622725
1093,8.0,2275,2.6949098110198975,,,0.003223269712179899
1094,18.0,2917,3.4320168495178223,,,0.003926866687834263
1095,19.0,2773,3.2747600078582764,,,0.014333143830299377
1096,3.0,1897,2.2889339923858643,,,0.0046095289289951324
1097,6.0,1907,2.2678468227386475,,,0.0036760729271918535
1098,26.0,4439,5.27316951751709,,,0.0036346041597425938
1099,8.0,2025,2.414604425430298,,,0.00394491758197546
1100,18.0,3421,4.088236331939697,,,0.003977026790380478
1101,6.0,1119,1.3703808784484863,,,0.0036932972725480795
1102,4.0,1121,1.3370206356048584,,,8.943763532442972e-05
1103,7.0,2035,2.428396701812744,,,0.00013419600145425647
1104,9.0,2385,2.8553555011749268,,,0.007444459013640881
1105,23.0,4379,5.224922180175781,,,0.0038852551952004433
1106,11.0,2059,2.480483293533325,,,0.003951635677367449
1107,4.0,1119,1.3541760444641113,,,0.009516439400613308
1108,4.0,1035,1.2527072429656982,,,0.004187971353530884
1109,36.0,5171,6.1966941356658936,,,0.0075216456316411495
1110,10.0,2055,2.46964168548584,,,0.0038818062748759985
1111,4.0,1929,2.306445837020874,,,6.55419789836742e-05
1112,13.0,2045,2.4494707584381104,,,0.0035331242252141237
1113,14.0,2745,3.283686637878418,,,0.0038063775282353163
1114,16.0,2713,3.1879658699035645,,,0.003942588344216347
1115,3.0,1521,1.807013988494873,,,0.0039060143753886223
1116,8.0,2493,2.947633743286133,,,0.0037538036704063416
1117,22.0,3151,3.72859787940979,,,0.0037576069589704275
1118,9.0,2417,2.878875732421875,,,0.00389282638207078
1119,6.0,2665,3.1769089698791504,,,0.007668010424822569
1120,18.0,3369,4.017628908157349,,,0.010907395742833614
1121,10.0,2453,2.923452138900757,,,0.0036806357093155384
1122,5.0,1059,1.260986328125,,,0.007174542173743248
1123,7.0,1967,2.3597962856292725,,,0.007497601676732302
1124,6.0,1139,1.374751091003418,,,0.013794772326946259
1125,20.0,2865,3.451897382736206,,,0.007341013289988041
1126,7.0,1919,2.2970998287200928,,,0.011910783126950264
1127,5.0,1725,2.0685744285583496,,,0.007110155653208494
1128,18.0,3219,3.8746261596679688,,,0.00015143590280786157
1129,12.0,2019,2.430388927459717,,,0.00015742916730232537
1130,3.0,1183,1.4232213497161865,,,0.00010298014967702329
1131,16.0,3637,4.326960563659668,,,0.0001279472780879587
1132,8.0,1939,2.343067169189453,,,0.00012165267253294587
1133,12.0,2709,3.2418479919433594,,,0.003859652439132333
1134,12.0,2763,3.3405439853668213,,,0.00017666783242020756
1135,12.0,2455,2.9839227199554443,,,0.003913623280823231
1136,6.0,2225,2.6864123344421387,,,0.007507123984396458
1137,17.0,3111,3.7475712299346924,,,0.013758950866758823
1138,5.0,1939,2.3243978023529053,,,0.0038699228316545486
1139,9.0,2371,2.8848752975463867,,,0.004082149360328913
1140,3.0,1801,2.163939952850342,,,0.007866909727454185
1141,12.0,2439,2.9514927864074707,,,0.0036796231288462877
1142,13.0,2543,3.074530839920044,,,0.007154207676649094
1143,10.0,2765,3.3299500942230225,,,0.016823237761855125
1144,9.0,1883,2.2708733081817627,,,0.007338937371969223
1145,16.0,2901,3.4831602573394775,,,0.0038247290067374706
1146,7.0,1991,2.390742778778076,,,0.0036521379370242357
1147,20.0,3528,4.252744674682617,,,0.007669322658330202
1148,4.0,1453,1.7589037418365479,,,0.01112315058708191
1149,14.0,2169,2.6122021675109863,,,0.007922964170575142
1150,24.0,3363,4.051964998245239,,,0.00013194538769312203
1151,23.0,4237,5.135214805603027,,,0.007278172764927149
1152,5.0,1867,2.236862897872925,,,0.00023493597109336406
1153,15.0,3093,3.7235665321350098,,,0.00392855005338788
1154,15.0,2331,2.7974002361297607,,,0.025390082970261574
1155,22.0,4393,5.246365785598755,,,8.812730084173381e-05
1156,5.0,1105,1.3423516750335693,,,0.007447836454957724
1157,8.0,3279,3.941788673400879,,,0.011041892692446709
1158,5.0,2137,2.5858540534973145,,,9.245389082934707e-05
1159,11.0,2435,2.923095703125,,,0.00024244209635071456
1160,12.0,3455,4.2000977993011475,,,0.008040612563490868
1161,1.0,1165,1.4126944541931152,,,0.019204411655664444
1162,1.0,1221,1.4791383743286133,,,0.01304157916456461
1163,9.0,2291,2.7539732456207275,,,0.00011376837210264057
1164,13.0,1841,2.2046456336975098,,,0.007232701405882835
1165,16.0,2847,3.4521234035491943,,,0.00010448160901432857
1166,13.0,2013,2.46113657951355,,,0.0002136963594239205
1167,3.0,1519,1.814302682876587,,,0.00014755298616364598
1168,10.0,2071,2.4855215549468994,,,0.007429501973092556
1169,13.0,2931,3.565779685974121,,,0.003832685761153698
1170,11.0,1929,2.3414652347564697,,,0.00398176210001111
1171,18.0,4076,4.933669567108154,,,0.007731159683316946
1172,29.0,5246,6.327469110488892,,,0.007858910597860813
1173,16.0,2673,3.2457528114318848,,,0.0002716457820497453
1174,19.0,3291,4.013347864151001,,,0.003776038996875286
1175,14.0,2387,2.908473253250122,,,0.0037757314275950193
1176,5.0,1837,2.242659091949463,,,0.00019399226584937423
1177,14.0,2041,2.482358694076538,,,0.00027791986940428615
1178,5.0,1749,2.1184847354888916,,,0.004335803911089897
1179,8.0,1905,2.304187297821045,,,0.0035847306717187166
1180,4.0,1927,2.327913522720337,,,0.0002444887941237539
1181,3.0,1139,1.3831143379211426,,,0.015652311965823174
1182,29.0,4983,6.005765914916992,,,0.00010362740431446582
1183,14.0,3025,3.6696581840515137,,,0.003814718686044216
1184,5.0,1627,1.9846715927124023,,,0.0002008036244660616
1185,7.0,2121,2.5952045917510986,,,0.00017749465769156814
1186,12.0,2827,3.4464657306671143,,,0.0001527581480331719
1187,7.0,1141,1.3921151161193848,,,0.00787894893437624
1188,15.0,3555,4.297463893890381,,,0.00010929292329819873
1189,2.0,1147,1.3991243839263916,,,0.003753544529899955
1190,7.0,2783,3.378643035888672,,,8.370635623577982e-05
1191,7.0,1515,1.8447301387786865,,,0.004044304136186838
1192,7.0,1507,1.8391671180725098,,,0.007608737330883741
1193,9.0,1489,1.8291234970092773,,,0.0039573595859110355
1194,9.0,2095,2.5757088661193848,,,0.007403719704598188
1195,15.0,2189,2.6743268966674805,,,0.00019711923960130662
1196,10.0,2147,2.606323003768921,,,0.003759704763069749
1197,8.0,2045,2.514995574951172,,,0.01438948791474104
1198,3.0,1859,2.279932975769043,,,0.003658005967736244
1199,7.0,1913,2.3458328247070312,,,0.007650199346244335
1200,6.0,1857,2.2699601650238037,,,0.007167673669755459
1201,6.0,2409,2.950406551361084,,,0.014858204871416092
1202,8.0,3473,4.215076446533203,,,0.00017084575665649027
1203,21.0,2939,3.5754854679107666,,,0.00011567144247237593
1204,12.0,2123,2.607337236404419,,,0.00013385900820139796
1205,2.0,1213,1.5048110485076904,,,0.013044027611613274
1206,3.0,1217,1.4947881698608398,,,0.0264267660677433
1207,10.0,2439,2.993196487426758,,,0.011588895693421364
1208,16.0,2049,2.5164036750793457,,,0.01059169601649046
1209,19.0,2897,3.534916877746582,,,0.003900500014424324
1210,5.0,1115,1.3742733001708984,,,0.00015957243158482015
1211,22.0,3329,4.082937717437744,,,0.004703361541032791
1212,11.0,1857,2.29827618598938,,,0.00018166152585763484
1213,12.0,2513,3.0651614665985107,,,0.003841996192932129
1214,0.0,1019,1.2403650283813477,,,0.020784713327884674
1215,3.0,1151,1.4237148761749268,,,0.003974168561398983
1216,18.0,3390,4.158359050750732,,,0.007403156720101833
1217,5.0,1557,1.922584056854248,,,0.004044829402118921
1218,6.0,1359,1.6763927936553955,,,0.008232152089476585
1219,7.0,1525,1.8773977756500244,,,0.0038124825805425644
1220,7.0,1927,2.366373300552368,,,9.277769277105108e-05
1221,8.0,1889,2.3101119995117188,,,0.0001445791422156617
1222,11.0,1873,2.3158042430877686,,,8.643081673653796e-05
1223,3.0,1383,1.703174114227295,,,0.007436851039528847
1224,18.0,2935,3.586775541305542,,,0.00017132658103946596
1225,27.0,3769,4.6139235496521,,,0.00016074605809990317
1226,14.0,3261,3.98319411277771,,,0.003831020090728998
1227,10.0,1475,1.8090336322784424,,,0.015303722582757473
1228,13.0,1871,2.2863285541534424,,,0.00705560902133584
1229,12.0,2373,2.9018383026123047,,,0.012021249160170555
1230,17.0,4157,5.100473165512085,,,0.00014604107127524912
1231,27.0,4283,5.243895530700684,,,0.004109601955860853
1232,9.0,1917,2.377249002456665,,,0.0039428528398275375
1233,23.0,3833,4.687168836593628,,,0.007343617733567953
1234,7.0,2085,2.564319372177124,,,0.0003702994727063924
1235,12.0,2171,2.6636173725128174,,,0.00010893055150518194
1236,12.0,1997,2.479581117630005,,,0.00020082083938177675
1237,10.0,1857,2.3162715435028076,,,0.004003478214144707
1238,2.0,1453,1.7829453945159912,,,0.016435915604233742
1239,21.0,2775,3.4431862831115723,,,0.0037762769497931004
1240,14.0,3073,3.769934892654419,,,0.009501258842647076
1241,4.0,1073,1.333940029144287,,,7.849206303944811e-05
1242,15.0,3105,3.855623722076416,,,0.004509043879806995
1243,13.0,2891,3.5764377117156982,,,0.007300883531570435
1244,4.0,1379,1.708939790725708,,,0.00014120456762611866
1245,30.0,5615,6.923707008361816,,,0.0036676630843430758
1246,5.0,1407,1.7503933906555176,,,0.0001112872050725855
1247,29.0,4519,5.5523059368133545,,,0.00824108999222517
1248,17.0,3121,3.855228900909424,,,0.01683891750872135
1249,16.0,2255,2.7589364051818848,,,0.011475353501737118
1250,14.0,2511,3.0893054008483887,,,0.00023539375979453325
1251,14.0,2585,3.1953847408294678,,,0.0037711148615926504
1252,5.0,1867,2.31445574760437,,,0.0038230710197240114
1253,17.0,2843,3.485535144805908,,,0.007613352034240961
1254,4.0,1331,1.635758638381958,,,0.00013540888903662562
1255,9.0,1595,1.9689412117004395,,,0.01061259489506483
1256,21.0,3479,4.281273603439331,,,0.000190909588127397
1257,9.0,2727,3.3724029064178467,,,0.003931407351046801
1258,8.0,1649,2.0393455028533936,,,0.0037484229542315006
1259,5.0,1011,1.2520942687988281,,,0.007553095929324627
1260,3.0,1623,2.0133249759674072,,,0.00025486157392151654
1261,15.0,3315,4.114243984222412,,,0.0035567882005125284
1262,9.0,1957,2.4059271812438965,,,0.01026936899870634
1263,26.0,3871,4.782798767089844,,,0.010691648349165916
1264,7.0,1661,2.0461490154266357,,,0.01101732812821865
1265,19.0,3179,3.946928024291992,,,0.008630222640931606
1266,11.0,2035,2.5412180423736572,,,0.007509149610996246
1267,3.0,1169,1.4608895778656006,,,0.007163094822317362
1268,13.0,2777,3.445315361022949,,,0.0001218693214468658
1269,14.0,2263,2.7843377590179443,,,0.00033589356462471187
1270,12.0,2429,2.991453170776367,,,0.00367761985398829
1271,9.0,1979,2.470358371734619,,,0.003811829024925828
1272,13.0,2461,3.0647382736206055,,,0.0001416396553395316
1273,18.0,3375,4.21182107925415,,,0.007633778266608715
1274,10.0,2073,2.5645949840545654,,,0.003708209376782179
1275,5.0,2017,2.504261016845703,,,0.014665829949080944
1276,16.0,3255,4.013145446777344,,,0.010691423900425434
1277,27.0,4969,6.166808128356934,,,0.00025790551444515586
1278,23.0,3737,4.638811111450195,,,9.554927964927629e-05
1279,12.0,2073,2.5605905055999756,,,0.0039973207749426365
1280,23.0,3957,4.8637049198150635,,,0.00017384375678375363
1281,26.0,4079,5.005687236785889,,,0.00015670120774302632
1282,25.0,3667,4.526170492172241,,,0.0037482520565390587
1283,6.0,1593,1.9706883430480957,,,0.00031571040744893253
1284,14.0,2617,3.248260736465454,,,0.00014306425873655826
1285,33.0,6069,7.502929449081421,,,0.00021477884729392827
1286,7.0,1477,1.838707685470581,,,9.510957170277834e-05
1287,14.0,3785,4.703376531600952,,,0.00018466341134626418
1288,5.0,1095,1.3668622970581055,,,0.00397948082536459
1289,16.0,2687,3.326570987701416,,,0.008232370018959045
1290,13.0,3929,4.8917176723480225,,,0.0002011306642089039
1291,12.0,2969,3.7114169597625732,,,0.0075261835008859634
1292,13.0,2739,3.4284965991973877,,,0.0037728992756456137
1293,3.0,1297,1.632533311843872,,,0.0039613936096429825
1294,11.0,2607,3.2462317943573,,,0.004331699572503567
1295,8.0,1821,2.286161422729492,,,0.011823337525129318
1296,4.0,1093,1.37229323387146,,,0.003751310519874096
1297,10.0,2133,2.655348539352417,,,0.003714760532602668
1298,18.0,2735,3.4054970741271973,,,0.0035295700654387474
1299,4.0,1227,1.54142165184021,,,0.011318390257656574
1300,9.0,2035,2.5393240451812744,,,0.00033336220076307654
1301,15.0,2847,3.5520646572113037,,,0.00014820508658885956
1302,6.0,1479,1.8526268005371094,,,0.00020674278493970633
1303,6.0,1603,1.9992542266845703,,,0.003878919640555978
1304,6.0,1525,1.8957791328430176,,,0.0001249683409696445
1305,2.0,1091,1.3783283233642578,,,0.003550085239112377
1306,13.0,2443,3.070720911026001,,,0.0002636514254845679
1307,10.0,2057,2.554757595062256,,,0.00021319794177543372
1308,6.0,1689,2.0961129665374756,,,0.011915089562535286
1309,14.0,2293,2.8530426025390625,,,0.007094963453710079
1310,24.0,3149,3.9162962436676025,,,0.0036915817763656378
1311,18.0,3666,4.573647737503052,,,0.004606085829436779
1312,6.0,1553,1.9613533020019531,,,0.003246122505515814
1313,20.0,3861,4.8378989696502686,,,0.003860345110297203
1314,6.0,1805,2.2533698081970215,,,0.0002526387106627226
1315,18.0,3555,4.44829249382019,,,0.000273121171630919
1316,16.0,2659,3.3338048458099365,,,0.00015476181579288095
1317,6.0,1141,1.4347505569458008,,,0.0003492726245895028
1318,11.0,2155,2.693880558013916,,,0.00021755826310254633
1319,9.0,1485,1.880063533782959,,,0.007555494084954262
1320,19.0,4063,5.056949615478516,,,0.00013233267236500978
1321,15.0,3381,4.223810434341431,,,0.00026168517069891095
1322,5.0,2001,2.4964823722839355,,,0.0002170552616007626
1323,9.0,1775,2.2130424976348877,,,0.004254085477441549
1324,11.0,1923,2.4079413414001465,,,0.0004067532136105001
1325,10.0,2115,2.633993148803711,,,0.008408020250499249
1326,15.0,2149,2.6905035972595215,,,0.0003291014872957021
1327,18.0,2721,3.4391558170318604,,,0.003887637285515666
1328,10.0,2753,3.4694576263427734,,,0.004441526252776384
1329,13.0,1887,2.36696195602417,,,0.013457429595291615
1330,13.0,2843,3.561129331588745,,,0.00026329365209676325
1331,7.0,1573,1.9687469005584717,,,0.006703690160065889
1332,13.0,2855,3.576545000076294,,,0.00015143485506996512
1333,8.0,1993,2.4920313358306885,,,0.003688836470246315
1334,22.0,3015,3.7868235111236572,,,0.003664911026135087
1335,6.0,2019,2.556342601776123,,,0.0002339126222068444
1336,8.0,1843,2.317807912826538,,,0.00014981997082941234
1337,9.0,1871,2.3721466064453125,,,0.012009759433567524
1338,20.0,3277,4.107414245605469,,,0.013402257114648819
1339,3.0,1581,1.9820351600646973,,,0.003717249957844615
1340,24.0,3445,4.315170049667358,,,0.00399539340287447
1341,20.0,2561,3.2073593139648438,,,0.007337135262787342
1342,8.0,1503,1.8790693283081055,,,0.00010207640298176557
1343,19.0,3517,4.399900913238525,,,0.003559837117791176
1344,10.0,2027,2.5664021968841553,,,0.00017335616576019675
1345,13.0,2913,3.6843013763427734,,,0.003935161978006363
1346,7.0,1531,1.9240410327911377,,,0.00018031556101050228
1347,7.0,1959,2.4657769203186035,,,0.004043650813400745
1348,7.0,2139,2.6891536712646484,,,0.00028741953428834677
1349,6.0,1519,1.914745807647705,,,0.0004533680621534586
1350,26.0,3311,4.151122093200684,,,0.0002047281595878303
1351,14.0,2163,2.714560031890869,,,0.0032871311996132135
1352,19.0,3671,4.651400327682495,,,0.003868585452437401
1353,18.0,2569,3.24985671043396,,,0.008185101673007011
1354,11.0,2069,2.6390745639801025,,,0.0038542880211025476
1355,25.0,3283,4.114474773406982,,,0.0036495926324278116
1356,17.0,2421,3.0551908016204834,,,0.00021256553009152412
1357,22.0,3143,3.933478832244873,,,0.01101576630026102
1358,13.0,2543,3.1831986904144287,,,0.003879679599776864
1359,12.0,2565,3.2170541286468506,,,0.003810154739767313
1360,12.0,1905,2.3857922554016113,,,0.003718822728842497
1361,18.0,2247,2.818805456161499,,,0.00385052477940917
1362,27.0,4543,5.68167519569397,,,0.003984678536653519
1363,18.0,2992,3.767108201980591,,,0.0044446238316595554
1364,11.0,2175,2.724674940109253,,,0.00023645737383048981
1365,15.0,2205,2.7522201538085938,,,0.0001964870752999559
1366,20.0,3177,3.9989206790924072,,,0.007944258861243725
1367,12.0,1935,2.4351277351379395,,,0.00034307848545722663
1368,5.0,1651,2.070847511291504,,,0.0035337130539119244
1369,27.0,4519,5.6699769496917725,,,0.004069911781698465
1370,7.0,1765,2.206014633178711,,,0.009118620306253433
1371,17.0,2607,3.2667746543884277,,,0.010937927290797234
1372,14.0,3081,3.846015691757202,,,0.007296521216630936
1373,17.0,2661,3.321506977081299,,,0.011031674221158028
1374,15.0,3259,4.112445831298828,,,0.007531633600592613
1375,14.0,1633,2.047389268875122,,,0.003745854599401355
1376,22.0,3235,4.063486814498901,,,0.007385230623185635
1377,12.0,2169,2.729710340499878,,,0.004116733558475971
1378,13.0,2013,2.5302765369415283,,,0.0038768984377384186
1379,10.0,2647,3.322331190109253,,,0.003931309562176466
1380,18.0,3035,3.8017232418060303,,,0.00016364599287044257
1381,14.0,3119,3.9327614307403564,,,0.0003255615883972496
1382,10.0,1915,2.4135794639587402,,,0.00010511515574762598
1383,7.0,1645,2.0660061836242676,,,0.009235142730176449
1384,6.0,1841,2.314579725265503,,,0.0035951596219092607
1385,11.0,2039,2.58571720123291,,,0.003688523778691888
1386,14.0,2257,2.8345160484313965,,,0.004020321182906628
1387,3.0,1733,2.174417495727539,,,0.004901129752397537
1388,11.0,2061,2.6097280979156494,,,0.00017628425848670304
1389,8.0,1851,2.3283040523529053,,,0.0003769476606976241
1390,13.0,2099,2.636651039123535,,,0.007260239217430353
1391,4.0,1465,1.8316357135772705,,,0.0074308994226157665
1392,14.0,1863,2.3382232189178467,,,0.00015422923024743795
1393,8.0,1909,2.3992793560028076,,,0.0036162727046757936
1394,6.0,1467,1.8393452167510986,,,0.0070019676350057125
1395,4.0,1417,1.7756915092468262,,,0.00020903027325402945
1396,11.0,1863,2.3415024280548096,,,0.0003174471203237772
1397,2.0,1123,1.4092068672180176,,,0.00036202830960974097
1398,10.0,1895,2.3843600749969482,,,0.00020400322682689875
1399,15.0,2583,3.2276358604431152,,,0.0037456154823303223
1400,12.0,1865,2.337155342102051,,,0.007494668941944838
1401,16.0,2703,3.380718231201172,,,0.00017263695190194994
1402,6.0,1119,1.409881830215454,,,0.0037546444218605757
1403,19.0,3557,4.454575061798096,,,0.003911972977221012
1404,17.0,2211,2.7662923336029053,,,0.00028550473507493734
1405,6.0,1053,1.3282299041748047,,,0.00018545740749686956
1406,15.0,2777,3.472728967666626,,,0.0034184004180133343
1407,5.0,1555,1.9826202392578125,,,0.010913784615695477
1408,26.0,3609,4.562742233276367,,,0.00029064362752251327
1409,27.0,3829,4.783567190170288,,,0.007194718345999718
1410,13.0,2917,3.6869850158691406,,,0.015245819464325905
1411,25.0,3435,4.308851718902588,,,0.003569195279851556
1412,7.0,1875,2.3343167304992676,,,0.011323049664497375
1413,12.0,1901,2.3732855319976807,,,0.00014254341658670455
1414,29.0,3919,4.8729212284088135,,,0.00026305648498237133
1415,15.0,2729,3.4088783264160156,,,0.007274645380675793
1416,9.0,1665,2.093494415283203,,,0.003796897828578949
1417,7.0,1187,1.4930634498596191,,,0.017290320247411728
1418,5.0,1281,1.6049730777740479,,,0.00398976868018508
1419,13.0,2213,2.7760441303253174,,,0.00041967048309743404
1420,12.0,2085,2.6037371158599854,,,0.018239956349134445
1421,5.0,1623,2.040422201156616,,,0.011437058448791504
1422,19.0,3391,4.2697343826293945,,,0.007612032815814018
1423,7.0,1545,1.9426677227020264,,,0.004052604548633099
1424,3.0,1873,2.3497321605682373,,,0.00021143177582416683
1425,9.0,1899,2.39495587348938,,,0.004365365952253342
1426,11.0,2471,3.0986552238464355,,,0.009480485692620277
1427,13.0,2435,3.0503087043762207,,,0.004076186567544937
1428,4.0,1403,1.7628912925720215,,,0.015058084391057491
1429,11.0,1805,2.2717666625976562,,,0.00018557760631665587
1430,6.0,1367,1.718871831893921,,,0.00022780314611736685
1431,5.0,1399,1.74932861328125,,,0.00035129289608448744
1432,23.0,4279,5.376116037368774,,,0.00023575904197059572
1433,7.0,2035,2.580425500869751,,,0.004085962660610676
1434,4.0,1603,2.019944190979004,,,0.008275660686194897
1435,13.0,2133,2.668538808822632,,,0.0039268177933990955
1436,11.0,1711,2.150269031524658,,,0.00346300657838583
1437,12.0,2553,3.244204521179199,,,0.0011216873535886407
1438,7.0,1193,1.4976496696472168,,,0.0002900258987210691
1439,15.0,3137,3.92388916015625,,,0.003806786146014929
1440,20.0,3899,4.898945331573486,,,0.00015072175301611423
1441,6.0,1457,1.8392400741577148,,,0.015350737608969212
1442,6.0,1411,1.7840886116027832,,,0.01797918975353241
1443,22.0,2911,3.689633846282959,,,0.007614506408572197
1444,7.0,1905,2.391228437423706,,,0.004110787529498339
1445,3.0,1449,1.8206140995025635,,,0.007011328358203173
1446,6.0,1267,1.5996041297912598,,,0.00022096946486271918
1447,18.0,2595,3.244783878326416,,,0.00017199281137436628
1448,14.0,2935,3.683966875076294,,,0.003312673419713974
1449,25.0,4159,5.212657451629639,,,0.00045941589633002877
1450,6.0,1391,1.7509050369262695,,,0.01737050898373127
1451,9.0,1647,2.0577993392944336,,,0.00022168672876432538
1452,12.0,2095,2.625584125518799,,,0.004165988881140947
1453,12.0,1899,2.4207241535186768,,,0.00032685682526789606
1454,19.0,3159,3.992280960083008,,,0.00021881978318560869
1455,19.0,2555,3.224379539489746,,,0.0034567334223538637
1456,10.0,1961,2.487920045852661,,,0.004071709234267473
1457,6.0,2039,2.551462173461914,,,0.0003149133117403835
1458,4.0,1685,2.1375632286071777,,,0.004519335925579071
1459,12.0,2191,2.752009868621826,,,0.0035286692436784506
1460,10.0,2507,3.1332993507385254,,,0.01741587370634079
1461,7.0,1221,1.5420787334442139,,,0.003704713424667716
1462,5.0,1523,1.9178752899169922,,,0.0070465863682329655
1463,10.0,2397,3.0344200134277344,,,0.00024245922395493835
1464,13.0,1883,2.3650624752044678,,,0.003974338993430138
1465,22.0,3173,3.9686319828033447,,,0.004044306464493275
1466,6.0,1837,2.303515911102295,,,0.00032079825177788734
1467,4.0,1937,2.447141408920288,,,0.003836191724985838
1468,9.0,1873,2.3475821018218994,,,0.01175662875175476
1469,11.0,2583,3.2857398986816406,,,0.007297075353562832
1470,16.0,2503,3.153871774673462,,,0.007064514327794313
1471,18.0,2973,3.727245807647705,,,0.0035186028108000755
1472,24.0,4247,5.306929349899292,,,0.0003757116792257875
1473,12.0,2011,2.5270352363586426,,,0.0002702661440707743
1474,12.0,2069,2.604234457015991,,,0.0002718671166803688
1475,9.0,1793,2.2572031021118164,,,0.008158093318343163
1476,15.0,2469,3.087557315826416,,,0.008209260180592537
1477,16.0,2579,3.2340211868286133,,,0.0075169773772358894
1478,12.0,1981,2.5035228729248047,,,0.007088270969688892
1479,14.0,2903,3.639672040939331,,,0.00013719344860874116
1480,4.0,1005,1.2480344772338867,,,0.003942942712455988
1481,15.0,2855,3.5672733783721924,,,0.00027095535187982023
1482,11.0,2157,2.693103075027466,,,0.003513507079333067
1483,16.0,2701,3.37756085395813,,,0.0036066987086087465
1484,9.0,2069,2.5916049480438232,,,0.016188979148864746
1485,4.0,1313,1.64522123336792,,,0.0002372074086451903
1486,5.0,1437,1.7878785133361816,,,0.007307172752916813
1487,12.0,2843,3.598315715789795,,,0.00019779274589382112
1488,11.0,2107,2.649528741836548,,,0.0001577318471390754
1489,3.0,1169,1.4711909294128418,,,0.0036114747636020184
1490,3.0,1133,1.4282822608947754,,,0.0006078917649574578
1491,5.0,1771,2.239022970199585,,,0.000394408154534176
1492,4.0,1131,1.4310357570648193,,,0.0034094189759343863
1493,15.0,2247,2.833858013153076,,,0.0035914501640945673
1494,18.0,2461,3.104163885116577,,,0.0001524102408438921
1495,27.0,4663,5.858248233795166,,,0.00700669689103961
1496,5.0,1427,1.7833480834960938,,,0.00949225202202797
1497,18.0,2971,3.7475523948669434,,,0.00024027373001445085
1498,26.0,3965,4.973538875579834,,,0.00029349562828429043
1499,19.0,2631,3.2993175983428955,,,0.013528297655284405
1500,23.0,3391,4.235520362854004,,,0.007986498065292835
1501,8.0,2145,2.6925063133239746,,,0.006350393407046795
1502,15.0,2443,3.0563926696777344,,,0.00026910079759545624
1503,17.0,2395,3.0020675659179688,,,0.00020961530390195549
1504,6.0,1399,1.7454330921173096,,,0.0004060315841343254
1505,7.0,1103,1.3876779079437256,,,0.00039126662886701524
1506,18.0,2661,3.364806652069092,,,0.000331120565533638
1507,24.0,3533,4.440870761871338,,,0.008530664257705212
1508,9.0,2063,2.576655149459839,,,0.00038924324326217175
1509,9.0,2455,3.092402935028076,,,0.00037141190841794014
1510,8.0,1399,1.7497649192810059,,,0.0045301178470253944
1511,15.0,2513,3.140526533126831,,,0.007111669518053532
1512,4.0,1703,2.1494452953338623,,,0.0038469976279884577
1513,6.0,1203,1.5261526107788086,,,0.0004750168009195477
1514,10.0,1591,1.9899632930755615,,,0.0002816982741933316
1515,7.0,1441,1.8224408626556396,,,0.007494559045881033
1516,12.0,1979,2.491807222366333,,,0.006770426407456398
1517,6.0,1145,1.4496779441833496,,,0.00483281072229147
1518,4.0,1129,1.4081268310546875,,,0.0009101888281293213
1519,9.0,1779,2.244296073913574,,,0.00026655549299903214
1520,8.0,1683,2.130356550216675,,,0.007697144523262978
1521,19.0,2887,3.6374895572662354,,,0.000300433486700058
1522,26.0,4145,5.160041093826294,,,0.003959640394896269
1523,5.0,1691,2.126347303390503,,,0.004118966404348612
1524,30.0,6231,7.808873891830444,,,0.00041987746953964233
1525,6.0,1513,1.901003360748291,,,0.0005564950406551361
1526,10.0,1877,2.375377655029297,,,0.011675753630697727
1527,11.0,1811,2.2739861011505127,,,0.004253907594829798
1528,14.0,2319,2.920485019683838,,,0.0004297991981729865
1529,21.0,3245,4.070436954498291,,,0.0002639518934302032
1530,10.0,2139,2.685289144515991,,,0.014668812975287437
1531,19.0,3623,4.530665636062622,,,0.004229319281876087
1532,13.0,2211,2.757596731185913,,,0.0074714901857078075
1533,9.0,1961,2.4527037143707275,,,0.003890200285241008
1534,7.0,1725,2.1554746627807617,,,0.008073990233242512
1535,17.0,3213,4.007364988327026,,,0.007979447022080421
1536,11.0,2147,2.6868062019348145,,,0.00395573815330863
1537,5.0,1701,2.151801109313965,,,0.0033478024415671825
1538,15.0,2373,2.984351634979248,,,0.0063721248880028725
1539,18.0,2635,3.3104937076568604,,,0.000599787337705493
1540,7.0,1745,2.188431978225708,,,0.003992391284555197
1541,9.0,1909,2.40977144241333,,,0.00021751380700152367
1542,9.0,1673,2.1057932376861572,,,0.00045953283552080393
1543,11.0,2077,2.6173768043518066,,,0.0037170236464589834
1544,10.0,2645,3.3523244857788086,,,0.00023062418040353805
1545,10.0,2497,3.1273183822631836,,,0.007378743961453438
1546,8.0,1669,2.1066343784332275,,,0.003875301219522953
1547,32.0,4511,5.646401405334473,,,0.011228256858885288
1548,10.0,1775,2.232184648513794,,,0.018828915432095528
1549,15.0,2591,3.252591371536255,,,0.00015235132013913244
1550,9.0,1747,2.2029922008514404,,,0.0005184244946576655
1551,14.0,2921,3.699613332748413,,,0.004280569963157177
1552,10.0,2809,3.517141103744507,,,0.00045023849816061556
1553,21.0,3223,4.04204535484314,,,0.003920916002243757
1554,9.0,1935,2.4517126083374023,,,0.00018861496937461197
1555,13.0,2511,3.1524157524108887,,,0.00754836481064558
1556,13.0,1887,2.3831448554992676,,,0.00020719914755318314
1557,6.0,1887,2.399895429611206,,,0.01080296840518713
1558,8.0,1925,2.4139132499694824,,,0.004120548255741596
1559,8.0,2007,2.5338354110717773,,,0.00024104129988700151
1560,12.0,2031,2.548173189163208,,,0.0005216228892095387
1561,14.0,2341,2.940711498260498,,,0.007349669933319092
1562,11.0,1895,2.3727335929870605,,,0.007754437159746885
1563,14.0,2609,3.275418281555176,,,0.007538885809481144
1564,4.0,1413,1.777115821838379,,,0.003868445521220565
1565,19.0,3087,3.8551456928253174,,,0.0004611197509802878
1566,12.0,1927,2.4142160415649414,,,0.003950673155486584
1567,12.0,2021,2.5259807109832764,,,0.0073712351731956005
1568,13.0,2033,2.5786449909210205,,,0.015733571723103523
1569,4.0,1433,1.8367152214050293,,,0.013997107744216919
1570,0.0,1451,1.8396568298339844,,,0.004274725914001465
1571,11.0,1871,2.371443033218384,,,0.007793440483510494
1572,10.0,1841,2.3091607093811035,,,0.00023801196948625147
1573,17.0,2077,2.618910789489746,,,0.0006407544133253396
1574,10.0,2601,3.2732508182525635,,,0.004301619250327349
1575,23.0,2783,3.501171588897705,,,0.00020460251835174859
1576,6.0,1731,2.1807892322540283,,,0.0004821217153221369
1577,12.0,1887,2.3800272941589355,,,0.004026919603347778
1578,7.0,1555,1.9670135974884033,,,0.0005176792037673295
1579,4.0,1463,1.835186243057251,,,0.015336970798671246
1580,11.0,1627,2.0425217151641846,,,0.008001744747161865
1581,3.0,1133,1.4242768287658691,,,0.00034293223870918155
1582,4.0,1131,1.423856496810913,,,0.0036689441185444593
1583,23.0,3073,3.8378713130950928,,,0.00031571349245496094
1584,6.0,1605,2.0014946460723877,,,0.0004085590480826795
1585,12.0,1975,2.470304250717163,,,0.010824884288012981
1586,22.0,2519,3.1865713596343994,,,0.003999034408479929
1587,5.0,1723,2.172128438949585,,,0.0039096856489777565
1588,3.0,1135,1.418616533279419,,,0.00384043762460351
1589,2.0,1133,1.4252326488494873,,,0.0038758390583097935
1590,5.0,1249,1.570810317993164,,,0.011816886253654957
1591,20.0,3465,4.339594602584839,,,0.003301608609035611
1592,6.0,1497,1.8794000148773193,,,0.0007884276565164328
1593,12.0,1941,2.424398899078369,,,0.00012162198254372925
1594,10.0,1877,2.347440481185913,,,0.00024407597084064037
1595,15.0,2703,3.3832545280456543,,,0.004893728066235781
1596,7.0,2571,3.2228212356567383,,,0.00031777206459082663
1597,18.0,2900,3.6285524368286133,,,0.0036405858118087053
1598,4.0,1265,1.5840232372283936,,,0.00033004480064846575
1599,16.0,3249,4.063918352127075,,,0.0002518794499337673
1600,8.0,1673,2.1130378246307373,,,0.00024298099742736667
1601,15.0,2741,3.4387660026550293,,,0.00031855894485488534
1602,10.0,1891,2.3686697483062744,,,0.005231081508100033
1603,5.0,1393,1.7426674365997314,,,0.0003582226927392185
1604,15.0,2289,2.872537612915039,,,0.004235283471643925
1605,6.0,1843,2.3160171508789062,,,0.002253195969387889
1606,23.0,3333,4.15870213508606,,,0.0004308852076064795
1607,26.0,3553,4.444018602371216,,,0.004052450414747
1608,8.0,1657,2.0731141567230225,,,0.007757794111967087
1609,7.0,1179,1.4829175472259521,,,0.005274479743093252
1610,26.0,3447,4.312687635421753,,,0.0005005243001505733
1611,22.0,3627,4.53656792640686,,,0.0006524802302010357
1612,14.0,1901,2.3922572135925293,,,0.0005492987693287432
1613,12.0,2295,2.8815300464630127,,,0.0003303995472379029
1614,2.0,1139,1.4336764812469482,,,0.003901020623743534
1615,12.0,1879,2.3536131381988525,,,0.007217583246529102
1616,14.0,2329,2.9185409545898438,,,0.003820122219622135
1617,6.0,1363,1.7107758522033691,,,0.0007065585232339799
1618,7.0,2031,2.5379650592803955,,,0.007559159770607948
1619,20.0,3113,3.8823728561401367,,,0.0003335787623655051
1620,4.0,1395,1.7480864524841309,,,0.008487665094435215
1621,5.0,1181,1.482656717300415,,,0.0068266247399151325
1622,11.0,2043,2.5600242614746094,,,0.009964575059711933
1623,13.0,2531,3.1783571243286133,,,0.0033816720824688673
1624,23.0,3169,3.9635584354400635,,,0.007814482785761356
1625,3.0,1463,1.8378987312316895,,,0.000561657128855586
1626,15.0,2261,2.851808547973633,,,0.010215344838798046
1627,12.0,2127,2.662898302078247,,,0.006613553036004305
1628,12.0,2301,2.880620002746582,,,0.007102463394403458
1629,11.0,2811,3.5267343521118164,,,0.00045424577547237277
1630,29.0,5017,6.288269519805908,,,0.007050007116049528
1631,25.0,3067,3.8747761249542236,,,0.0043751513585448265
1632,9.0,1987,2.5134785175323486,,,0.003849150612950325
1633,4.0,1133,1.423588752746582,,,0.011151292361319065
1634,13.0,1823,2.288832664489746,,,0.011195441707968712
1635,1.0,1057,1.3212058544158936,,,0.0002708985412027687
1636,1.0,1141,1.4279277324676514,,,0.007906535640358925
1637,13.0,2237,2.8076136112213135,,,0.0003932052350137383
1638,12.0,1887,2.3542308807373047,,,0.003023715689778328
1639,7.0,1829,2.3021116256713867,,,0.01602841727435589
1640,1.0,1141,1.451775312423706,,,0.0002821682719513774
1641,8.0,1877,2.3725197315216064,,,0.0004531620361376554
1642,13.0,1861,2.333411931991577,,,0.004106180276721716
1643,4.0,1531,1.9245388507843018,,,0.007396363187581301
1644,7.0,1185,1.497037410736084,,,0.0029866513796150684
1645,10.0,1881,2.3556108474731445,,,0.0039033687207847834
1646,2.0,1141,1.4311742782592773,,,0.0003223536186851561
1647,15.0,2771,3.4751384258270264,,,0.0040333759970963
1648,14.0,2365,2.984088897705078,,,0.006756245158612728
1649,19.0,3167,3.962188959121704,,,0.0002505497832316905
1650,12.0,2141,2.666231393814087,,,0.004390772432088852
1651,7.0,1757,2.2069761753082275,,,0.010489505715668201
1652,13.0,1955,2.4501559734344482,,,0.003957986366003752
1653,12.0,2973,3.7085864543914795,,,0.00404472928494215
1654,4.0,1135,1.4354636669158936,,,0.003336867783218622
1655,18.0,2805,3.5227224826812744,,,0.00020825694082304835
1656,18.0,2159,2.7112555503845215,,,0.004049951210618019
1657,5.0,1111,1.387556791305542,,,0.007274857722222805
1658,7.0,1423,1.7822704315185547,,,0.00032546435249969363
1659,12.0,2031,2.5378098487854004,,,0.0040802606381475925
1660,19.0,2595,3.2472469806671143,,,0.015102787874639034
1661,4.0,1135,1.4193646907806396,,,0.003876124508678913
1662,8.0,1219,1.5269012451171875,,,0.0006152295391075313
1663,4.0,1131,1.423351764678955,,,0.005105804651975632
1664,23.0,3371,4.205986261367798,,,0.004429220221936703
1665,4.0,1129,1.434887170791626,,,0.0011039705714210868
1666,11.0,2085,2.6088876724243164,,,0.010103731416165829
1667,8.0,1719,2.154918909072876,,,0.00020871974993497133
1668,6.0,1207,1.50822114944458,,,0.010776771232485771
1669,11.0,2487,3.132901430130005,,,0.004377865232527256
1670,17.0,2633,3.3009417057037354,,,0.0004128048021811992
1671,13.0,1985,2.4753594398498535,,,0.004099016543477774
1672,10.0,1897,2.3908097743988037,,,0.0039433687925338745
1673,4.0,1171,1.465526819229126,,,0.0003131951380055398
1674,8.0,1631,2.0516202449798584,,,0.004103321116417646
1675,7.0,1195,1.4999544620513916,,,0.0037202404346317053
1676,3.0,1445,1.8117237091064453,,,0.00020993032376281917
1677,21.0,2625,3.299065113067627,,,0.010200406424701214
1678,17.0,2507,3.134337902069092,,,0.0003422556328587234
1679,5.0,1431,1.786712408065796,,,0.0004677455872297287
1680,9.0,1911,2.395766019821167,,,0.005161234177649021
1681,6.0,1437,1.8291494846343994,,,0.00042277530883438885
1682,11.0,1349,1.6888229846954346,,,0.00745998602360487
1683,17.0,3437,4.291828870773315,,,0.003802421037107706
1684,18.0,2247,2.8329930305480957,,,0.0038074941840022802
1685,2.0,1259,1.601769208908081,,,0.00043129752157256007
1686,12.0,2535,3.1976516246795654,,,0.0102926604449749
1687,8.0,2045,2.5890109539031982,,,0.003939008340239525
1688,10.0,2129,2.6828200817108154,,,0.0005806553526781499
1689,4.0,1133,1.4356746673583984,,,0.0037547056563198566
1690,12.0,2107,2.667334794998169,,,0.003456762293353677
1691,11.0,2815,3.525365114212036,,,0.019050918519496918
1692,13.0,2281,2.841916799545288,,,0.008123664185404778
1693,14.0,2511,3.1512911319732666,,,0.0069898017682135105
1694,10.0,1737,2.1898562908172607,,,0.004099563229829073
1695,26.0,3861,4.813605546951294,,,0.004108147229999304
1696,6.0,1441,1.807210922241211,,,0.0010886298259720206
1697,11.0,2085,2.631502389907837,,,0.006817659363150597
1698,13.0,1329,1.6921746730804443,,,0.0005495573277585208
1699,15.0,2049,2.589292526245117,,,0.01978379301726818
1700,5.0,1135,1.4287190437316895,,,0.003674544394016266
1701,22.0,2811,3.5004005432128906,,,0.004047307185828686
1702,5.0,1619,2.0414185523986816,,,0.004240158013999462
1703,7.0,2077,2.602882146835327,,,0.008008267730474472
1704,4.0,1133,1.4213306903839111,,,0.0040623839013278484
1705,13.0,2483,3.1046106815338135,,,0.004513216204941273
1706,5.0,1137,1.4294538497924805,,,0.0007919977651908994
1707,8.0,1505,1.8914437294006348,,,0.0049525038339197636
1708,14.0,1869,2.335747003555298,,,0.006753831170499325
1709,9.0,2107,2.673906087875366,,,0.0037254083435982466
1710,13.0,2181,2.7520530223846436,,,0.007895373739302158
1711,1.0,1139,1.4254202842712402,,,0.003748726798221469
1712,21.0,2885,3.5945115089416504,,,0.003652071114629507
1713,5.0,1145,1.4450485706329346,,,0.0003559101896826178
1714,12.0,2477,3.1351711750030518,,,0.007572381291538477
1715,10.0,1989,2.4966769218444824,,,0.01031590811908245
1716,3.0,1173,1.469210147857666,,,0.004465627018362284
1717,9.0,2181,2.742612361907959,,,0.0037667867727577686
1718,5.0,2049,2.5770490169525146,,,0.0068800970911979675
1719,7.0,1451,1.8271691799163818,,,0.009607402607798576
1720,12.0,2193,2.7541630268096924,,,0.0038971875328570604
1721,4.0,1733,2.170926094055176,,,0.00390641251578927
1722,20.0,3429,4.282843351364136,,,0.003923439886420965
1723,17.0,2709,3.4173591136932373,,,0.0007176713552325964
1724,10.0,1969,2.4917540550231934,,,0.0079092001542449
1725,9.0,2003,2.5100514888763428,,,0.012122844345867634
1726,15.0,3617,4.582898139953613,,,0.003643906442448497
1727,3.0,1435,1.8031389713287354,,,0.01084960252046585
1728,13.0,2055,2.5861740112304688,,,0.00015085354971233755
1729,8.0,1931,2.4575531482696533,,,0.011420086026191711
1730,4.0,1135,1.4384024143218994,,,0.01083436794579029
1731,7.0,1745,2.2136647701263428,,,0.00033353129401803017
1732,4.0,1547,1.9665672779083252,,,0.005307439714670181
1733,5.0,1263,1.600252389907837,,,0.00029554564389400184
1734,8.0,1757,2.2209408283233643,,,0.00041708198841661215
1735,7.0,1181,1.4943780899047852,,,0.012283764779567719
1736,10.0,2113,2.6661319732666016,,,0.014425544999539852
1737,7.0,1201,1.5196788311004639,,,0.004009326454252005
1738,9.0,1651,2.0739057064056396,,,0.0003652803134173155
1739,17.0,3353,4.204284429550171,,,0.0033152124378830194
1740,2.0,1135,1.4421987533569336,,,0.007891804911196232
1741,12.0,1821,2.2908310890197754,,,0.00036679915501736104
1742,10.0,2233,2.7946958541870117,,,0.01417225506156683
1743,4.0,1131,1.435678482055664,,,0.00019003530906047672
1744,18.0,2733,3.4275660514831543,,,0.011039464734494686
1745,20.0,2887,3.6358466148376465,,,0.005252024158835411
1746,11.0,2109,2.671658754348755,,,0.0006592376157641411
1747,4.0,1581,1.985036849975586,,,0.00028069582185707986
1748,4.0,1135,1.425804615020752,,,0.011365710757672787
1749,3.0,1541,1.945378065109253,,,0.0030295224860310555
1750,13.0,1931,2.4135637283325195,,,0.0004493827873375267
1751,11.0,1797,2.244753360748291,,,0.0040703024715185165
1752,4.0,1331,1.6729578971862793,,,0.005143193062394857
1753,8.0,1213,1.532013177871704,,,0.004922900814563036
1754,10.0,1959,2.4611759185791016,,,0.00035727358772419393
1755,10.0,2163,2.703495740890503,,,0.0002439505042275414
1756,2.0,1167,1.4665231704711914,,,0.003566833445802331
1757,14.0,1967,2.487161159515381,,,0.008143576793372631
1758,4.0,1073,1.3593673706054688,,,0.007255349308252335
1759,10.0,1925,2.4084205627441406,,,0.006495400331914425
1760,4.0,1135,1.4226479530334473,,,0.00419312110170722
1761,13.0,2915,3.6498899459838867,,,0.00038001275970600545
1762,10.0,1969,2.489217758178711,,,0.006682232953608036
1763,2.0,1185,1.4912867546081543,,,0.0008424772531725466
1764,9.0,1865,2.3457767963409424,,,0.004245459102094173
1765,4.0,1129,1.4198858737945557,,,0.0005462991539388895
1766,10.0,2523,3.1558518409729004,,,0.0006181736825965345
1767,18.0,3083,3.868086338043213,,,0.011217772029340267
1768,10.0,1689,2.1260759830474854,,,0.004185655619949102
1769,6.0,1417,1.7844700813293457,,,0.0004232834035065025
1770,10.0,1975,2.478666067123413,,,0.000609512091614306
1771,3.0,1073,1.3402268886566162,,,0.000243923015659675
1772,5.0,1115,1.4005141258239746,,,0.0006844755844213068
1773,10.0,1637,2.0635287761688232,,,0.0035633950028568506
1774,8.0,1579,2.003803253173828,,,0.0030980452429503202
1775,8.0,1197,1.5019702911376953,,,0.014295591972768307
1776,17.0,2907,3.6591739654541016,,,0.01047531794756651
1777,22.0,3681,4.633344650268555,,,0.01884552463889122
1778,7.0,1179,1.4966251850128174,,,0.011895578354597092
1779,24.0,3205,4.0349626541137695,,,0.0038434986490756273
1780,2.0,1869,2.349196434020996,,,0.00399704510346055
1781,4.0,1175,1.4932746887207031,,,0.0005135801620781422
1782,14.0,2939,3.7012228965759277,,,0.007518697530031204
1783,3.0,1459,1.8484435081481934,,,0.003521546022966504
1784,10.0,1893,2.385342597961426,,,0.003830250585451722
1785,3.0,1441,1.807271957397461,,,0.0003805541491601616
1786,10.0,1555,1.9523844718933105,,,0.006674899719655514
1787,5.0,1281,1.6007709503173828,,,0.008851212449371815
1788,11.0,2039,2.5480477809906006,,,0.0040535531006753445
1789,11.0,1713,2.146869421005249,,,0.0037042757030576468
1790,5.0,1091,1.3791944980621338,,,0.0007771495147608221
1791,10.0,1883,2.3587939739227295,,,0.004359418526291847
1792,3.0,1449,1.8273863792419434,,,0.00450617540627718
1793,8.0,1899,2.3903512954711914,,,0.00615299679338932
1794,7.0,1843,2.3239004611968994,,,0.004094486590474844
1795,21.0,3817,4.801787376403809,,,0.004086314234882593
1796,13.0,1951,2.462939739227295,,,0.011595768854022026
1797,8.0,1711,2.157681703567505,,,0.009599908255040646
1798,0.0,1179,1.49446702003479,,,0.0003992709971498698
1799,2.0,1087,1.365025281906128,,,0.007232525385916233
1800,11.0,2025,2.5294485092163086,,,0.004122501239180565
1801,21.0,3653,4.562467098236084,,,0.0003902388853020966
1802,12.0,2055,2.602749824523926,,,0.008459811098873615
1803,6.0,1201,1.5255846977233887,,,0.00026198633713647723
1804,11.0,2119,2.6897361278533936,,,0.00037040459574200213
1805,11.0,2385,2.9987192153930664,,,0.0006692482274957001
1806,3.0,955,1.195450782775879,,,0.007753380574285984
1807,33.0,4403,5.530304431915283,,,0.019696054980158806
1808,13.0,2449,3.073108673095703,,,0.004933628719300032
1809,9.0,1959,2.4679503440856934,,,0.0030426953453570604
1810,17.0,3259,4.09877347946167,,,0.004471915774047375
1811,15.0,2859,3.581752300262451,,,0.006731797009706497
1812,6.0,1475,1.8474822044372559,,,0.004874305333942175
1813,10.0,2359,2.9341044425964355,,,0.0005211085081100464
1814,4.0,1133,1.4106342792510986,,,0.004102296661585569
1815,4.0,1207,1.5111215114593506,,,0.004180421587079763
1816,13.0,1839,2.2992122173309326,,,0.010740483179688454
1817,20.0,2537,3.1663079261779785,,,0.007303531747311354
1818,9.0,3459,4.324007511138916,,,0.006991851609200239
1819,21.0,3521,4.438101768493652,,,0.004690450616180897
1820,9.0,2453,3.075685501098633,,,0.0009877616539597511
1821,6.0,1433,1.7901155948638916,,,0.004372335039079189
1822,9.0,1677,2.1156277656555176,,,0.004641813691705465
1823,16.0,2147,2.6982131004333496,,,0.004534461535513401
1824,16.0,2667,3.3437139987945557,,,0.008284946903586388
1825,5.0,1651,2.087526321411133,,,0.003586104605346918
1826,11.0,2053,2.5710864067077637,,,0.0009362228447571397
1827,7.0,1533,1.9200537204742432,,,0.0005285870865918696
1828,12.0,2085,2.6129369735717773,,,0.0003298775409348309
1829,5.0,1529,1.9164705276489258,,,0.004318558145314455
1830,19.0,2351,2.9394218921661377,,,0.001770863658748567
1831,8.0,1345,1.6728754043579102,,,0.014226297847926617
1832,3.0,1233,1.5547657012939453,,,0.00044584297575056553
1833,19.0,2757,3.4487669467926025,,,0.008403388783335686
1834,4.0,1187,1.4758458137512207,,,0.003935249987989664
1835,3.0,1181,1.4769632816314697,,,0.004846321884542704
1836,14.0,2325,2.919879674911499,,,0.000376743555534631
1837,8.0,1699,2.1523988246917725,,,0.010975973680615425
1838,3.0,971,1.226294755935669,,,0.00035790694528259337
1839,6.0,1723,2.1569879055023193,,,0.009451692923903465
1840,14.0,2029,2.5500030517578125,,,0.008428972214460373
1841,16.0,2747,3.4597225189208984,,,0.0006452699308283627
1842,14.0,2257,2.8379085063934326,,,0.0007531178998760879
1843,2.0,1201,1.521918773651123,,,0.0181350726634264
1844,10.0,1613,2.0381641387939453,,,0.003560340264812112
1845,13.0,2185,2.7399022579193115,,,0.0006653178716078401
1846,25.0,2879,3.6464693546295166,,,0.004075066186487675
1847,3.0,1423,1.7948837280273438,,,0.0006072795367799699
1848,11.0,2399,3.0042643547058105,,,0.004636530298739672
1849,13.0,2051,2.58894944190979,,,0.004884076304733753
1850,6.0,1857,2.345771074295044,,,0.004018945619463921
1851,16.0,2429,3.0442402362823486,,,0.004593932069838047
1852,4.0,1133,1.4409339427947998,,,0.0029823509976267815
1853,18.0,2437,3.0543956756591797,,,0.004298438783735037
1854,2.0,1165,1.4751038551330566,,,0.0005115297972224653
1855,4.0,1415,1.7920103073120117,,,0.0007768943905830383
1856,3.0,1343,1.6978998184204102,,,0.004082081839442253
1857,13.0,2783,3.508882761001587,,,0.0002833080943673849
1858,18.0,3015,3.808239459991455,,,0.004800105467438698
1859,2.0,1339,1.7041525840759277,,,0.004292456898838282
1860,2.0,975,1.225339651107788,,,0.000553817895706743
1861,27.0,3309,4.14996337890625,,,0.0005057085072621703
1862,8.0,2085,2.6279854774475098,,,0.0048450264148414135
1863,13.0,1799,2.25478458404541,,,0.0031758430413901806
1864,4.0,1541,1.93166184425354,,,0.01234652753919363
1865,4.0,1133,1.4234485626220703,,,0.0036583386827260256
1866,11.0,2147,2.69739031791687,,,0.002694732276722789
1867,18.0,3639,4.566553592681885,,,0.0023165554739534855
1868,4.0,1349,1.6942205429077148,,,0.004425437189638615
1869,22.0,3497,4.390888214111328,,,0.000701157667208463
1870,9.0,1913,2.440373659133911,,,0.004618502222001553
1871,3.0,1441,1.8083133697509766,,,0.006289092358201742
1872,1.0,1141,1.4321238994598389,,,0.0008830272709019482
1873,7.0,2027,2.5660433769226074,,,0.010700519196689129
1874,14.0,2907,3.691342353820801,,,0.00037944683572277427
1875,21.0,3243,4.061612367630005,,,0.0006722924881614745
1876,6.0,1963,2.463592767715454,,,0.0007465829839929938
1877,12.0,1991,2.5071909427642822,,,0.007359963841736317
1878,4.0,1497,1.8694632053375244,,,0.008144124411046505
1879,13.0,3203,4.027493476867676,,,0.0006423067534342408
1880,11.0,2357,2.954594373703003,,,0.004068004433065653
1881,15.0,2831,3.5668692588806152,,,0.005878116004168987
1882,8.0,1873,2.3571062088012695,,,0.007460399065166712
1883,13.0,2333,2.9132494926452637,,,0.0005100656417198479
1884,11.0,1857,2.319406747817993,,,0.0007019537151791155
1885,12.0,3001,3.7801194190979004,,,0.0028132558800280094
1886,9.0,1747,2.2133395671844482,,,0.0007414707797579467
1887,17.0,2849,3.5978236198425293,,,0.00044008600525557995
1888,7.0,1353,1.7100603580474854,,,0.00048513017827644944
1889,7.0,1797,2.2819931507110596,,,0.00039834441849961877
1890,16.0,2453,3.0998711585998535,,,0.006502008065581322
1891,15.0,2865,3.609870195388794,,,0.009445419535040855
1892,9.0,1771,2.2391912937164307,,,0.0156620591878891
1893,7.0,1501,1.895979881286621,,,0.0006526288343593478
1894,4.0,1133,1.4228754043579102,,,0.007443845737725496
1895,12.0,2269,2.8411688804626465,,,0.016544638201594353
1896,3.0,1573,1.9655301570892334,,,0.0008314442820847034
1897,16.0,2963,3.7122135162353516,,,0.00858777854591608
1898,5.0,1411,1.7695631980895996,,,0.0010182327823713422
1899,15.0,3767,4.696470737457275,,,0.004847263917326927
1900,6.0,1491,1.865309476852417,,,0.0004407459346111864
1901,4.0,1133,1.4311528205871582,,,0.0006231731385923922
1902,11.0,2021,2.564211845397949,,,0.0038232430815696716
1903,24.0,2999,3.7590768337249756,,,0.0029109236784279346
1904,3.0,1227,1.5441060066223145,,,0.00396364089101553
1905,14.0,2683,3.3889858722686768,,,0.0038687719497829676
1906,10.0,1693,2.1277825832366943,,,0.006627579685300589
1907,6.0,1401,1.7548167705535889,,,0.0035212491638958454
1908,3.0,1197,1.5005927085876465,,,0.00359985139220953
1909,6.0,1555,1.9787425994873047,,,0.008772247470915318
1910,10.0,1785,2.2713046073913574,,,0.007022676058113575
1911,5.0,1117,1.411895990371704,,,0.01091761328279972
1912,11.0,2221,2.792757749557495,,,0.003826586762443185
1913,6.0,1639,2.052525281906128,,,0.0073168217204511166
1914,6.0,1927,2.4205985069274902,,,0.004304264206439257
1915,20.0,2625,3.317612409591675,,,0.0014566292520612478
1916,5.0,1371,1.7393386363983154,,,0.0005318283219821751
1917,7.0,1663,2.0854074954986572,,,0.004001900553703308
1918,21.0,3013,3.7892816066741943,,,0.00039070239290595055
1919,7.0,1773,2.2281336784362793,,,0.001448154216632247
1920,3.0,1805,2.28322434425354,,,0.0005383339012041688
1921,7.0,1191,1.508739709854126,,,0.007688701152801514
1922,12.0,2225,2.806265115737915,,,0.0004002904752269387
1923,22.0,3159,3.9681601524353027,,,0.0005508546601049602
1924,14.0,2869,3.595140218734741,,,0.00045400892850011587
1925,18.0,2977,3.7419347763061523,,,0.013194017112255096
1926,11.0,2183,2.7351973056793213,,,0.009863018058240414
1927,8.0,1773,2.2134478092193604,,,0.004062289837747812
1928,12.0,1685,2.1315793991088867,,,0.0006240305374376476
1929,9.0,1817,2.292407751083374,,,0.004016550723463297
1930,9.0,2407,3.0332789421081543,,,0.0005431499448604882
1931,20.0,3804,4.792163372039795,,,0.003671170212328434
1932,8.0,1677,2.1073338985443115,,,0.0004472029104363173
1933,22.0,3881,4.894100904464722,,,0.004887279123067856
1934,12.0,2199,2.7761778831481934,,,0.009596308693289757
1935,14.0,2859,3.5951366424560547,,,0.004741160199046135
1936,14.0,2397,3.029493570327759,,,0.0009869883069768548
1937,4.0,1317,1.65278959274292,,,0.00853610411286354
1938,9.0,2429,3.045175313949585,,,0.004753229208290577
1939,5.0,1903,2.401033401489258,,,0.0002662819460965693
1940,4.0,1071,1.3613152503967285,,,0.004744275938719511
1941,7.0,1461,1.8405375480651855,,,0.00025203864788636565
1942,5.0,1425,1.7866714000701904,,,0.005884610582143068
1943,19.0,3887,4.892695665359497,,,0.003630849299952388
1944,18.0,3455,4.351198434829712,,,0.0006051368545740843
1945,21.0,3711,4.676071882247925,,,0.014667103067040443
1946,14.0,2509,3.132728099822998,,,0.0003812079376075417
1947,5.0,1959,2.4644250869750977,,,0.003815422998741269
1948,4.0,1213,1.5438265800476074,,,0.0038155359216034412
1949,5.0,1125,1.4336423873901367,,,0.011094288900494576
1950,13.0,2753,3.438356876373291,,,0.002862626453861594
1951,4.0,1249,1.5734446048736572,,,0.0031415827106684446
1952,12.0,2167,2.6984148025512695,,,0.002232070779427886
1953,19.0,3807,4.752697706222534,,,0.00239339261315763
1954,5.0,1903,2.382080078125,,,0.004151592031121254
1955,20.0,3301,4.113034963607788,,,0.006336726248264313
1956,5.0,1275,1.5969243049621582,,,0.0092144925147295
1957,9.0,2557,3.2061328887939453,,,0.007924992591142654
1958,7.0,1683,2.1038103103637695,,,0.005301167257130146
1959,8.0,2179,2.7302496433258057,,,0.0031558419577777386
1960,13.0,2927,3.668775796890259,,,0.0008723073988221586
1961,14.0,2375,2.967648983001709,,,0.0003432196972426027
1962,2.0,1231,1.539957046508789,,,0.003184294095262885
1963,18.0,3549,4.42487359046936,,,0.000590419105719775
1964,13.0,2815,3.5258939266204834,,,0.003922976087778807
1965,3.0,1307,1.6471309661865234,,,0.0003099325986113399
1966,24.0,4145,5.186341285705566,,,0.0037556099705398083
1967,3.0,1073,1.3451180458068848,,,0.00910335872322321
1968,21.0,4209,5.253902435302734,,,0.0004418125026859343
1969,7.0,1763,2.2095491886138916,,,0.013176068663597107
1970,18.0,3339,4.1993701457977295,,,0.0005392172606661916
1971,5.0,1955,2.449390411376953,,,0.002815107349306345
1972,4.0,1985,2.4767191410064697,,,0.00393188651651144
1973,15.0,2345,2.9378514289855957,,,0.0006837323890067637
1974,5.0,1959,2.480950355529785,,,0.006106145679950714
1975,3.0,1347,1.706155776977539,,,0.0008141355938278139
1976,2.0,1123,1.4256269931793213,,,0.0007129311561584473
1977,8.0,1733,2.208662509918213,,,0.002701727906242013
1978,10.0,2405,3.030802011489868,,,0.00942840427160263
1979,5.0,1975,2.50909161567688,,,0.004023605026304722
1980,21.0,3113,3.9170916080474854,,,0.007092687766999006
1981,3.0,1153,1.448404312133789,,,0.01055373065173626
1982,6.0,2019,2.5552947521209717,,,0.005584897473454475
1983,5.0,1575,1.9927659034729004,,,0.001121712732128799
1984,9.0,2037,2.550494909286499,,,0.007504420354962349
1985,1.0,1165,1.4575581550598145,,,0.0003636597830336541
1986,4.0,1267,1.5889971256256104,,,0.00476322416216135
1987,4.0,1317,1.6525285243988037,,,0.002744041383266449
1988,11.0,2555,3.2253780364990234,,,0.0066924672573804855
1989,14.0,2609,3.311314821243286,,,0.005186561960726976
1990,23.0,3719,4.66563081741333,,,0.0007902859360910952
1991,8.0,1679,2.126180410385132,,,0.00038943998515605927
1992,7.0,1941,2.4416089057922363,,,0.0008774229208938777
1993,8.0,1947,2.457779884338379,,,0.0028499343898147345
1994,6.0,1879,2.3642170429229736,,,0.0005489048198796809
1995,5.0,1115,1.4108591079711914,,,0.00046262406976893544
1996,14.0,2559,3.237781524658203,,,0.003896021516993642
1997,13.0,2857,3.5989696979522705,,,0.004960948601365089
1998,9.0,1771,2.229585886001587,,,0.0004839003086090088
1999,13.0,3097,3.9099979400634766,,,0.004709700122475624
2000,5.0,1203,1.5129170417785645,,,0.0003331560583319515
2001,11.0,1951,2.439455032348633,,,0.007304797880351543
2002,17.0,3211,4.023481369018555,,,0.012906829826533794
2003,21.0,4431,5.563743352890015,,,0.0005397197674028575
2004,13.0,2857,3.608039617538452,,,0.0012774376664310694
2005,18.0,4166,5.239243507385254,,,0.000585768255405128
2006,17.0,4487,5.62717604637146,,,0.0003260782395955175
2007,24.0,4514,5.64240574836731,,,0.005211969371885061
2008,7.0,1597,2.007772445678711,,,0.003908912651240826
2009,13.0,2419,3.0617024898529053,,,0.003299671458080411
2010,9.0,1777,2.254889965057373,,,0.0032965983264148235
2011,7.0,1273,1.6255388259887695,,,0.0008215623674914241
2012,2.0,1087,1.3759870529174805,,,0.0037684934213757515
2013,15.0,2811,3.5223379135131836,,,0.0005193912656977773
2014,4.0,1065,1.3328051567077637,,,0.0041270446963608265
2015,6.0,1263,1.5864791870117188,,,0.010644081048667431
2016,14.0,2409,3.0195040702819824,,,0.004320623353123665
2017,19.0,3309,4.133962631225586,,,0.0005016041686758399
2018,12.0,2039,2.5755438804626465,,,0.00030173841514624655
2019,4.0,1373,1.7358858585357666,,,0.011297659948468208
2020,7.0,1997,2.51509428024292,,,0.0004366988723631948
2021,11.0,2055,2.6046221256256104,,,0.0002474126231390983
2022,9.0,2019,2.5416526794433594,,,0.007536163553595543
2023,9.0,2437,3.0833218097686768,,,0.016510671004652977
2024,4.0,1435,1.8001089096069336,,,0.005880889482796192
2025,8.0,1935,2.4289309978485107,,,0.0004310223157517612
2026,2.0,1303,1.6515381336212158,,,0.007991214282810688
2027,5.0,1647,2.0917904376983643,,,0.0004380970785859972
2028,31.0,4801,5.9823009967803955,,,0.004424633923918009
2029,11.0,1861,2.344371795654297,,,0.016982777044177055
2030,9.0,1663,2.102046251296997,,,0.004015796352177858
2031,7.0,1461,1.8291945457458496,,,0.0005771354190073907
2032,4.0,1415,1.7703666687011719,,,0.001169506460428238
2033,3.0,1225,1.5362637042999268,,,0.00031077966559678316
2034,24.0,3891,4.8545238971710205,,,0.0004542325623333454
2035,7.0,2429,3.030292272567749,,,0.00036172164254821837
2036,4.0,1309,1.6392297744750977,,,0.0008923551067709923
2037,13.0,2261,2.8298327922821045,,,0.0004597740189637989
2038,9.0,1889,2.367216110229492,,,0.0004941456718370318
2039,9.0,1901,2.39886474609375,,,0.000571693351957947
2040,14.0,2785,3.470641613006592,,,0.0013384426711127162
2041,11.0,2121,2.660505533218384,,,0.004571255762130022
2042,19.0,3715,4.727915287017822,,,0.0004699731362052262
2043,8.0,1855,2.329479932785034,,,0.0006476129055954516
2044,2.0,1181,1.4881978034973145,,,0.0005881345714442432
2045,4.0,1525,1.931276798248291,,,0.0006302983383648098
2046,13.0,2537,3.1859207153320312,,,0.00020323527860455215
2047,3.0,1183,1.4983413219451904,,,0.007345297839492559
2048,15.0,2361,2.9853055477142334,,,0.0006847630138508976
2049,13.0,2503,3.150425672531128,,,0.000426322192652151
2050,8.0,1743,2.171940565109253,,,0.008012569509446621
2051,9.0,2827,3.5584208965301514,,,0.004479244817048311
2052,13.0,2443,3.0655128955841064,,,0.003332633525133133
2053,5.0,1935,2.436392307281494,,,0.008194583468139172
2054,1.0,1577,1.9766321182250977,,,0.01208785455673933
2055,23.0,3473,4.376550197601318,,,0.00635902676731348
2056,5.0,1511,1.9207956790924072,,,0.0003140191256534308
2057,1.0,1113,1.419039249420166,,,0.0003780878323595971
2058,8.0,2155,2.7181639671325684,,,0.0005278197932057083
2059,15.0,2853,3.5752804279327393,,,0.00432136794552207
2060,6.0,1535,1.917510986328125,,,0.0005408709403127432
2061,18.0,2509,3.179959297180176,,,0.0008073844364844263
2062,5.0,1341,1.6890666484832764,,,0.0005720716435462236
2063,14.0,2209,2.7630913257598877,,,0.009332059882581234
2064,8.0,1907,2.403961181640625,,,0.0006518278969451785
2065,10.0,2185,2.7483043670654297,,,0.01736573874950409
2066,16.0,2583,3.2481017112731934,,,0.004458645358681679
2067,12.0,2241,2.8131628036499023,,,0.007450420409440994
2068,13.0,3121,3.9004387855529785,,,0.0005094098742119968
2069,14.0,2943,3.692146062850952,,,0.007411160971969366
2070,16.0,2569,3.216862678527832,,,0.0034719088580459356
2071,7.0,1933,2.4174721240997314,,,0.00032298339647240937
2072,3.0,1097,1.3798809051513672,,,0.004086157772690058
2073,10.0,1747,2.2075395584106445,,,0.000644803571049124
2074,4.0,1231,1.5444531440734863,,,0.00443329568952322
2075,12.0,2819,3.517568588256836,,,0.0042418516241014
2076,4.0,1053,1.3174347877502441,,,0.004198187496513128
2077,17.0,3433,4.293183326721191,,,0.006291461177170277
2078,12.0,2271,2.8649215698242188,,,0.004168546758592129
2079,12.0,2283,2.860945701599121,,,0.011403458192944527
2080,13.0,2351,2.958782911300659,,,0.004045214969664812
2081,13.0,2893,3.6163034439086914,,,0.0008581128786318004
2082,13.0,2377,2.9862122535705566,,,0.0006336639053188264
2083,10.0,2011,2.547308921813965,,,0.0005023696576245129
2084,4.0,1135,1.43851900100708,,,0.003737645922228694
2085,7.0,2039,2.56306791305542,,,0.011351319029927254
2086,17.0,3497,4.403843641281128,,,0.004111090674996376
2087,12.0,2401,3.0188791751861572,,,0.0007411583792418242
2088,8.0,2261,2.817244052886963,,,0.0029203875456005335
2089,9.0,1823,2.287916898727417,,,0.004053685814142227
2090,14.0,2389,2.993309259414673,,,0.0031523515935987234
2091,14.0,2187,2.765589475631714,,,0.0005698904278688133
2092,5.0,1995,2.5256831645965576,,,0.008223548531532288
2093,24.0,3455,4.3312828540802,,,0.0002746489190030843
2094,17.0,3001,3.768954038619995,,,0.003945807460695505
2095,9.0,1751,2.2149133682250977,,,0.0047385175712406635
2096,11.0,1981,2.491598606109619,,,0.0033059832639992237
2097,6.0,1899,2.4193925857543945,,,0.019525833427906036
2098,12.0,2325,2.9292783737182617,,,0.0039932699874043465
2099,14.0,2347,2.9472358226776123,,,0.0011023168917745352
2100,3.0,1537,1.9259355068206787,,,0.004379010759294033
2101,9.0,1813,2.2827889919281006,,,0.00032345892395824194
2102,14.0,2547,3.185234308242798,,,0.008247463963925838
2103,6.0,1787,2.2699644565582275,,,0.004260621964931488
2104,14.0,3265,4.133930444717407,,,0.0006733405753038824
2105,4.0,1211,1.5323598384857178,,,0.009505892172455788
2106,5.0,1573,2.001006841659546,,,0.000408767256885767
2107,16.0,2867,3.6154751777648926,,,0.01406068354845047
2108,12.0,1907,2.41677188873291,,,0.0006307148723863065
2109,7.0,1575,1.9920721054077148,,,0.0038748555816709995
2110,22.0,4129,5.194879770278931,,,0.004601128399372101
2111,19.0,3945,4.957902669906616,,,0.000831342360470444
2112,18.0,3207,3.999269485473633,,,0.008496959693729877
2113,12.0,1299,1.6343715190887451,,,0.00220894836820662
2114,10.0,2043,2.553220748901367,,,0.010536330752074718
2115,-1.0,931,1.16853928565979,,,0.019416682422161102
2116,7.0,2105,2.6249821186065674,,,0.0007001031772233546
2117,10.0,1363,1.7011921405792236,,,0.0014073774218559265
2118,9.0,1617,2.0195815563201904,,,0.0005731784622184932
2119,15.0,2483,3.1321628093719482,,,0.0006289369193837047
2120,21.0,3699,4.667118072509766,,,0.00043637221097014844
2121,13.0,2421,3.0375895500183105,,,0.010514364577829838
2122,9.0,1989,2.485506534576416,,,0.0038972028996795416
2123,6.0,1333,1.6914191246032715,,,0.0008255401626229286
2124,8.0,2079,2.610574722290039,,,0.0006344164721667767
2125,12.0,2503,3.1519744396209717,,,0.005020559299737215
2126,12.0,2017,2.53277325630188,,,0.000656801916193217
2127,18.0,3353,4.218725204467773,,,0.0005622541066259146
2128,6.0,2033,2.547929525375366,,,0.005167845636606216
2129,14.0,2429,3.0477216243743896,,,0.003643227741122246
2130,20.0,3367,4.2457616329193115,,,0.00047912541776895523
2131,2.0,933,1.171318531036377,,,0.0003040111332666129
2132,21.0,3021,3.7925009727478027,,,0.004703630227595568
2133,8.0,2039,2.5688464641571045,,,0.011342236772179604
2134,6.0,1487,1.8917701244354248,,,0.0008686275687068701
2135,8.0,1805,2.2790908813476562,,,0.0005762001383118331
2136,4.0,1131,1.4231836795806885,,,0.004300624597817659
2137,9.0,2187,2.754457712173462,,,0.0008871906902641058
2138,14.0,2793,3.526656150817871,,,0.0003494447155389935
2139,2.0,1533,1.915757417678833,,,0.0007650043116882443
2140,13.0,2727,3.4094066619873047,,,0.009907552972435951
2141,16.0,2969,3.708159923553467,,,0.0005537928082048893
2142,13.0,2453,3.093012809753418,,,0.004078435245901346
2143,11.0,2033,2.5631015300750732,,,0.0009267111890949309
2144,3.0,1257,1.5791606903076172,,,0.009894289076328278
2145,11.0,2461,3.0883285999298096,,,0.009964687749743462
2146,9.0,1945,2.4336230754852295,,,0.017313014715909958
2147,26.0,4219,5.263375282287598,,,0.0007529853610321879
2148,14.0,2633,3.318632125854492,,,0.004510753788053989
2149,5.0,1929,2.4145445823669434,,,0.007689120247960091
2150,13.0,2401,3.009901285171509,,,0.0022235868964344263
2151,11.0,1755,2.2088937759399414,,,0.0008211001986637712
2152,6.0,1227,1.540588140487671,,,0.003944964613765478
2153,14.0,2801,3.526822566986084,,,0.000702800985891372
2154,5.0,2113,2.6433591842651367,,,0.00029403597000055015
2155,10.0,2171,2.72040057182312,,,0.014551459811627865
2156,6.0,1909,2.408116340637207,,,0.0007994730840437114
2157,9.0,2073,2.6141533851623535,,,0.00082474818918854
2158,6.0,2013,2.5286648273468018,,,0.0005718183238059282
2159,21.0,2737,3.446267604827881,,,0.005331266205757856
2160,6.0,1927,2.432229995727539,,,0.007643581368029118
2161,15.0,2743,3.4659154415130615,,,0.0009578301687724888
2162,4.0,1273,1.6105072498321533,,,0.00048542447621002793
2163,6.0,1401,1.7603223323822021,,,0.0023016545455902815
2164,12.0,2517,3.174912452697754,,,0.004188911989331245
2165,10.0,1953,2.444581985473633,,,0.0045610517263412476
2166,12.0,2521,3.140241861343384,,,0.004434079397469759
2167,6.0,2003,2.501675844192505,,,0.00793842226266861
2168,11.0,2055,2.575471878051758,,,0.004674638621509075
2169,17.0,2961,3.7031657695770264,,,0.0005176830454729497
2170,12.0,2329,2.9009461402893066,,,0.004104906693100929
2171,6.0,1983,2.505486488342285,,,0.003412306308746338
2172,11.0,2425,3.053972005844116,,,0.0011111692292615771
2173,8.0,1225,1.5432605743408203,,,0.00401011947542429
2174,5.0,1659,2.0752058029174805,,,0.002585562178865075
2175,11.0,2293,2.870960235595703,,,0.0007092846790328622
2176,15.0,2477,3.088735580444336,,,0.0072249677032232285
2177,18.0,2823,3.551403760910034,,,0.0005637677386403084
2178,16.0,2921,3.6691975593566895,,,0.008219974115490913
2179,5.0,1359,1.7073941230773926,,,0.0008677218575030565
2180,17.0,2645,3.3324263095855713,,,0.003758210688829422
2181,16.0,2793,3.506373643875122,,,0.0006368625327013433
2182,9.0,2013,2.5466840267181396,,,0.003804465290158987
2183,16.0,2853,3.5868489742279053,,,0.0008527112076990306
2184,13.0,2623,3.29081392288208,,,0.004166225902736187
2185,15.0,2421,3.0510754585266113,,,0.0035453822929412127
2186,7.0,2017,2.546407699584961,,,0.0017482554540038109
2187,8.0,1369,1.720426321029663,,,0.0040086074732244015
2188,13.0,2395,3.002232551574707,,,0.0005319860065355897
2189,23.0,3657,4.56757664680481,,,0.0096772825345397
2190,20.0,3141,3.9432458877563477,,,0.0004913691664114594
2191,8.0,1773,2.2425312995910645,,,0.003833856200799346
2192,4.0,1597,2.00907826423645,,,0.004270066972821951
2193,13.0,1997,2.5237696170806885,,,0.0004238082910887897
2194,3.0,1109,1.4026403427124023,,,0.0005842834943905473
2195,14.0,2175,2.7415497303009033,,,0.015136116184294224
2196,21.0,3115,3.8976235389709473,,,0.01096354890614748
2197,8.0,1947,2.4423160552978516,,,0.0037502513732761145
2198,7.0,1185,1.4758830070495605,,,0.008713126182556152
2199,9.0,1273,1.5899159908294678,,,0.004114166833460331
2200,5.0,1137,1.4192335605621338,,,0.0008437623619101942
2201,18.0,2619,3.275949478149414,,,0.012245256453752518
2202,14.0,2615,3.305537700653076,,,0.0035288450308144093
2203,8.0,1905,2.4055819511413574,,,0.005068150814622641
2204,8.0,1993,2.5088720321655273,,,0.00047419610200449824
2205,14.0,2411,3.0091779232025146,,,0.0042418125085532665
2206,9.0,1691,2.1143667697906494,,,0.008147086016833782
2207,1.0,1343,1.7038516998291016,,,0.01632479950785637
2208,9.0,1269,1.6085777282714844,,,0.011413946747779846
2209,7.0,1633,2.071841239929199,,,0.003941121976822615
2210,12.0,2295,2.9196739196777344,,,0.003676024964079261
2211,19.0,2957,3.692314863204956,,,0.0036007738672196865
2212,12.0,2887,3.6068949699401855,,,0.004446143284440041
2213,19.0,2647,3.3235666751861572,,,0.0018820801051333547
2214,9.0,1531,1.9277727603912354,,,0.00039885262958705425
2215,2.0,1287,1.6390962600708008,,,0.0004883588408119977
2216,13.0,2425,3.0543227195739746,,,0.0003493523981887847
2217,14.0,2759,3.4641940593719482,,,0.004086637403815985
2218,13.0,2023,2.551077127456665,,,0.011079370975494385
2219,13.0,2261,2.8206405639648438,,,0.0077730827033519745
2220,5.0,1115,1.4124295711517334,,,0.00064699916401878
2221,15.0,2849,3.605160713195801,,,0.0016089925775304437
2222,10.0,2407,3.013469934463501,,,0.000561729131732136
2223,20.0,2803,3.5189049243927,,,0.0004269943165127188
2224,10.0,1303,1.6334192752838135,,,0.0017152458894997835
2225,12.0,2265,2.829859972000122,,,0.0008044663700275123
2226,6.0,1145,1.4324593544006348,,,0.002239406108856201
2227,16.0,2811,3.5163371562957764,,,0.010155856609344482
2228,10.0,2873,3.607038736343384,,,0.000759170507080853
2229,12.0,2357,2.9621734619140625,,,0.008331582881510258
2230,13.0,2587,3.2374253273010254,,,0.012929902411997318
2231,11.0,1679,2.131317377090454,,,0.004671522416174412
2232,18.0,2389,3.011920690536499,,,0.003019369440153241
2233,6.0,2055,2.6032025814056396,,,0.00406848406419158
2234,21.0,2656,3.3412256240844727,,,0.004330261144787073
2235,7.0,1181,1.4748687744140625,,,0.004452593624591827
2236,14.0,2357,2.9768996238708496,,,0.0009273998439311981
2237,3.0,1297,1.6357512474060059,,,0.004704307299107313
2238,14.0,2341,2.9352118968963623,,,0.007905403152108192
2239,7.0,1549,1.9466915130615234,,,0.018571697175502777
2240,20.0,3451,4.341270923614502,,,0.0019431783584877849
2241,6.0,1923,2.413445472717285,,,0.007080691400915384
2242,15.0,2361,2.9540908336639404,,,0.000843173242174089
2243,5.0,1955,2.4669957160949707,,,0.0024272261653095484
2244,12.0,2101,2.6532771587371826,,,0.004882626701146364
2245,6.0,1145,1.442239761352539,,,0.014310835860669613
2246,6.0,1941,2.4403958320617676,,,0.0057338690385222435
2247,15.0,2957,3.699456214904785,,,0.0026756050065159798
2248,4.0,1557,1.958033800125122,,,0.00047547766007483006
2249,8.0,1219,1.529451608657837,,,0.000531055498868227
2250,18.0,3673,4.628137588500977,,,0.005674000829458237
2251,17.0,2345,2.9552793502807617,,,0.006088837515562773
2252,17.0,2739,3.4683456420898438,,,0.0007473001605831087
2253,26.0,4049,5.069335222244263,,,0.0009293815237469971
2254,19.0,2379,2.9970529079437256,,,0.0039577665738761425
2255,8.0,1089,1.3621091842651367,,,0.003914077766239643
2256,8.0,1297,1.6289467811584473,,,0.00450888741761446
2257,16.0,3199,4.009784698486328,,,0.000323769316310063
2258,20.0,2379,2.981013536453247,,,0.0009057122515514493
2259,8.0,1487,1.8579297065734863,,,0.0007201111875474453
2260,8.0,1221,1.5351333618164062,,,0.004087308421730995
2261,7.0,1299,1.6272304058074951,,,0.011537004262208939
2262,13.0,2419,3.0256636142730713,,,0.0051424019038677216
2263,8.0,1797,2.2450757026672363,,,0.0004928458365611732
2264,22.0,3269,4.088076591491699,,,0.0018667570548132062
2265,7.0,1185,1.487199306488037,,,0.00415143882855773
2266,24.0,3564,4.4534759521484375,,,0.0030273913871496916
2267,7.0,1299,1.635085105895996,,,0.00823769997805357
2268,7.0,1303,1.6369285583496094,,,0.005197186954319477
2269,15.0,2327,2.9487345218658447,,,0.0034043495543301105
2270,6.0,1149,1.454345703125,,,0.014632049947977066
2271,13.0,2005,2.5081353187561035,,,0.0009192127035930753
2272,22.0,3133,3.9086508750915527,,,0.001306974794715643
2273,10.0,1853,2.328486919403076,,,0.008578414097428322
2274,7.0,1411,1.7725069522857666,,,0.0055982028134167194
2275,18.0,2313,2.8901405334472656,,,0.0027173913549631834
2276,23.0,2985,3.7234609127044678,,,0.00825977697968483
2277,13.0,2293,2.873013496398926,,,0.000770925369579345
2278,14.0,2973,3.7299911975860596,,,0.004362520761787891
2279,11.0,1687,2.1262998580932617,,,0.007939026691019535
2280,6.0,1143,1.421541452407837,,,0.0005725371302105486
2281,11.0,2783,3.491713285446167,,,0.0018959465669468045
2282,7.0,1367,1.7115395069122314,,,0.004238578956574202
2283,20.0,2851,3.5513103008270264,,,0.0039037244860082865
2284,15.0,2183,2.725620985031128,,,0.004167152568697929
2285,9.0,1317,1.6596734523773193,,,0.0009129801183007658
2286,11.0,1413,1.7610828876495361,,,0.004667629022151232
2287,22.0,2933,3.6903269290924072,,,0.00423082709312439
2288,8.0,1211,1.52708101272583,,,0.008799812756478786
2289,20.0,3219,4.071351766586304,,,0.0025293552316725254
2290,26.0,3243,4.043416261672974,,,0.0040251282043755054
2291,3.0,1151,1.4345107078552246,,,0.00824627373367548
2292,12.0,1957,2.4476754665374756,,,0.0035724833142012358
2293,5.0,2063,2.5993235111236572,,,0.004045743960887194
2294,22.0,3069,3.8332622051239014,,,0.003437038278207183
2295,18.0,2235,2.802929639816284,,,0.0109445471316576
2296,8.0,1829,2.2788424491882324,,,0.012199610471725464
2297,5.0,1995,2.5098280906677246,,,0.0007406875374726951
2298,22.0,2845,3.588041067123413,,,0.003870188957080245
2299,14.0,2917,3.6725683212280273,,,0.0019666028674691916
2300,21.0,3517,4.433464050292969,,,0.0006447039777413011
2301,19.0,2289,2.8888020515441895,,,0.0009074757108464837
2302,14.0,2727,3.4293336868286133,,,0.008567585609853268
2303,5.0,1057,1.3443965911865234,,,0.0008867374272085726
2304,6.0,1559,1.970048189163208,,,0.0046141319908201694
2305,20.0,2729,3.4461052417755127,,,0.0045164101757109165
2306,6.0,1559,1.964284896850586,,,0.0057977912947535515
2307,7.0,1181,1.4927735328674316,,,0.0017419783398509026
2308,27.0,3215,4.022141933441162,,,0.0008529253536835313
2309,13.0,1897,2.407707691192627,,,0.006614789832383394
2310,8.0,1633,2.056464433670044,,,0.0026544767897576094
2311,8.0,1905,2.4030609130859375,,,0.0005671363906003535
2312,16.0,2309,2.9005887508392334,,,0.004541768226772547
2313,7.0,1717,2.161623954772949,,,0.004796456545591354
2314,6.0,1069,1.3533751964569092,,,0.003913566470146179
2315,7.0,1903,2.392714262008667,,,0.01257555652409792
2316,9.0,1223,1.5381221771240234,,,0.009003271348774433
2317,13.0,2317,2.9193575382232666,,,0.007961359806358814
2318,21.0,2613,3.299689769744873,,,0.0094651123508811
2319,8.0,1937,2.436227798461914,,,0.0047869994305074215
2320,9.0,1897,2.387420177459717,,,0.0030876349192112684
2321,27.0,3000,3.748823881149292,,,0.00325108808465302
2322,11.0,1983,2.514375925064087,,,0.01251149084419012
2323,10.0,1919,2.428469181060791,,,0.0011667223880067468
2324,19.0,2579,3.2659173011779785,,,0.004062913823872805
2325,18.0,2933,3.6638875007629395,,,0.0077413758262991905
2326,8.0,1267,1.5938923358917236,,,0.00346886133775115
2327,8.0,1439,1.81325101852417,,,0.0007613179623149335
2328,7.0,2039,2.5580191612243652,,,0.01191647443920374
2329,13.0,2487,3.141634225845337,,,0.005045707803219557
2330,7.0,1079,1.3656315803527832,,,0.0029137413948774338
2331,14.0,2127,2.667565107345581,,,0.0008501883712597191
2332,7.0,1885,2.374791383743286,,,0.0072048380970954895
2333,11.0,1707,2.171562433242798,,,0.004262215457856655
2334,23.0,3435,4.285921096801758,,,0.0020484323613345623
2335,7.0,1327,1.6565823554992676,,,0.0022253976203501225
2336,18.0,2351,2.9341955184936523,,,0.001385982963256538
2337,6.0,1151,1.4514367580413818,,,0.006250455509871244
2338,5.0,1303,1.6479401588439941,,,0.0008708954555913806
2339,14.0,2487,3.131793737411499,,,0.006689066998660564
2340,7.0,1933,2.463012933731079,,,0.009359925054013729
2341,11.0,1923,2.4223947525024414,,,0.007268479559570551
2342,12.0,2343,2.9540107250213623,,,0.0014902567490935326
2343,25.0,3167,3.971240758895874,,,0.0008815527544356883
2344,18.0,2657,3.3359620571136475,,,0.0005375300534069538
2345,9.0,1221,1.533463954925537,,,0.015583514235913754
2346,13.0,2449,3.0711214542388916,,,0.016806351020932198
2347,5.0,1279,1.6144721508026123,,,0.0005464678397402167
2348,23.0,2877,3.6128857135772705,,,0.004396416246891022
2349,8.0,1471,1.8414497375488281,,,0.01174502819776535
2350,12.0,2185,2.757854700088501,,,0.006403042934834957
2351,17.0,2311,2.9003169536590576,,,0.0014537887182086706
2352,13.0,2639,3.339594841003418,,,0.0011268479283899069
2353,11.0,1815,2.298666000366211,,,0.0016496604075655341
2354,15.0,2031,2.566427707672119,,,0.011157596483826637
2355,13.0,2211,2.814505100250244,,,0.0014451442984864116
2356,11.0,1681,2.125593662261963,,,0.003702642396092415
2357,18.0,2569,3.2452292442321777,,,0.005517812445759773
2358,10.0,1507,1.905122995376587,,,0.006362199783325195
2359,9.0,2109,2.6531996726989746,,,0.014774807728827
2360,22.0,3179,3.993319272994995,,,0.0031242601107805967
2361,7.0,1193,1.4931328296661377,,,0.0011374299647286534
2362,19.0,2935,3.6710638999938965,,,0.004298240877687931
2363,11.0,2437,3.042309045791626,,,0.004522326402366161
2364,11.0,1835,2.3216490745544434,,,0.001662049675360322
2365,11.0,2915,3.6559345722198486,,,0.006933656055480242
2366,20.0,3241,4.041615962982178,,,0.010356874205172062
2367,13.0,2315,2.9050159454345703,,,0.008262458257377148
2368,9.0,1945,2.4618687629699707,,,0.006873907521367073
2369,18.0,2583,3.235266923904419,,,0.0054930103942751884
2370,7.0,1835,2.294628620147705,,,0.008285054937005043
2371,13.0,1877,2.3471522331237793,,,0.0011493974598124623
2372,8.0,1527,1.915910243988037,,,0.005148035008460283
2373,15.0,2249,2.842189073562622,,,0.0009760648244991899
2374,10.0,2445,3.0826950073242188,,,0.0009262911044061184
2375,12.0,1983,2.478658437728882,,,0.002153728622943163
2376,8.0,1917,2.4064948558807373,,,0.004080635961145163
2377,7.0,3119,3.938035011291504,,,0.0007015140727162361
2378,20.0,2923,3.694267749786377,,,0.0080774687230587
2379,26.0,4235,5.308358669281006,,,0.0007580033270642161
2380,12.0,2263,2.8509089946746826,,,0.007957147434353828
2381,8.0,2023,2.5653257369995117,,,0.001537152798846364
2382,23.0,4191,5.240587472915649,,,0.0021680209320038557
2383,7.0,1083,1.363490104675293,,,0.008267824538052082
2384,15.0,3043,3.820589780807495,,,0.00536898709833622
2385,14.0,2395,2.9982361793518066,,,0.0008441769750788808
2386,14.0,2737,3.426281690597534,,,0.0008072128403000534
2387,8.0,1931,2.4301438331604004,,,0.00983289536088705
2388,16.0,3155,3.983942747116089,,,0.0020337055902928114
2389,7.0,1331,1.6825830936431885,,,0.004417235031723976
2390,18.0,2935,3.671569347381592,,,0.0077106230892241
2391,5.0,1137,1.4228370189666748,,,0.007156794890761375
2392,8.0,1633,2.041189670562744,,,0.0004758055438287556
2393,8.0,1391,1.7417724132537842,,,0.004177330061793327
2394,9.0,1633,2.045353412628174,,,0.0006225401302799582
2395,19.0,2733,3.4252889156341553,,,0.009768444113433361
2396,4.0,1773,2.220776319503784,,,0.01808892749249935
2397,13.0,3109,3.919938325881958,,,0.0007013684371486306
2398,9.0,1377,1.7358055114746094,,,0.005016778130084276
2399,11.0,1777,2.23036789894104,,,0.00044868147233501077
2400,19.0,2199,2.7646737098693848,,,0.013447592034935951
2401,13.0,2251,2.8301899433135986,,,0.003618368413299322
2402,11.0,1825,2.290456771850586,,,0.007803901098668575
2403,15.0,2781,3.4796600341796875,,,0.0044904593378305435
2404,17.0,2983,3.7323150634765625,,,0.004865121096372604
2405,7.0,1343,1.686589002609253,,,0.008435539901256561
2406,15.0,3003,3.755261182785034,,,0.011093447916209698
2407,12.0,2673,3.3910582065582275,,,0.0005526563036255538
2408,6.0,1315,1.6575736999511719,,,0.000813080056104809
2409,6.0,1071,1.3518292903900146,,,0.008430516347289085
2410,23.0,2963,3.729656934738159,,,0.005942228250205517
2411,4.0,1303,1.6388592720031738,,,0.000484140997286886
2412,8.0,1221,1.5271883010864258,,,0.0034108380787074566
2413,8.0,2023,2.5527255535125732,,,0.001021395088173449
2414,13.0,2673,3.3733413219451904,,,0.0005139000131748617
2415,9.0,1143,1.4474623203277588,,,0.010556799359619617
2416,11.0,1831,2.3166990280151367,,,0.012384399771690369
2417,15.0,2821,3.5560293197631836,,,0.004889786709100008
2418,12.0,2011,2.5106563568115234,,,0.01706703007221222
2419,9.0,1989,2.5037147998809814,,,0.007101236376911402
2420,7.0,1011,1.2807207107543945,,,0.0014281312469393015
2421,6.0,1211,1.5320801734924316,,,0.00046893995022401214
2422,6.0,1487,1.879697561264038,,,0.0046456726267933846
2423,12.0,2479,3.1241724491119385,,,0.000544653506949544
2424,5.0,1137,1.4313483238220215,,,0.010092582553625107
2425,23.0,3977,4.957920074462891,,,0.0023025493137538433
2426,7.0,1699,2.142601251602173,,,0.004946984816342592
2427,9.0,1859,2.3245062828063965,,,0.001182388630695641
2428,8.0,1757,2.196136236190796,,,0.0017163989832624793
2429,23.0,3281,4.128917932510376,,,0.005559740588068962
2430,16.0,2149,2.7093958854675293,,,0.0006589863914996386
2431,16.0,2389,3.0008463859558105,,,0.011420506983995438
2432,13.0,2069,2.612471342086792,,,0.005420416593551636
2433,8.0,1347,1.692295789718628,,,0.00447241123765707
2434,12.0,2119,2.6592869758605957,,,0.006681350525468588
2435,7.0,1373,1.7341363430023193,,,0.008649586699903011
2436,12.0,2301,2.888918399810791,,,0.0007488036062568426
2437,8.0,1373,1.7322173118591309,,,0.0008611084776930511
2438,24.0,3255,4.086786985397339,,,0.004149869084358215
2439,23.0,2651,3.343674898147583,,,0.0008990720962174237
2440,5.0,1283,1.620426893234253,,,0.0034031427931040525
2441,6.0,1427,1.810307264328003,,,0.0015745742712169886
2442,21.0,2754,3.4740757942199707,,,0.004889994859695435
2443,21.0,3013,3.754227638244629,,,0.008477305062115192
2444,13.0,2239,2.831979990005493,,,0.0006315872888080776
2445,20.0,2927,3.7080867290496826,,,0.0013118578353896737
2446,3.0,1241,1.5713307857513428,,,0.01083442848175764
2447,17.0,3225,4.034116983413696,,,0.0007379500893875957
2448,17.0,2323,2.900846481323242,,,0.0008492015185765922
2449,8.0,1367,1.7161829471588135,,,0.002847668481990695
2450,5.0,1541,1.9248924255371094,,,0.004565514624118805
2451,13.0,1841,2.292910575866699,,,0.004372654482722282
2452,8.0,1345,1.6789970397949219,,,0.004135199822485447
2453,10.0,1949,2.449486494064331,,,0.0033612085971981287
2454,11.0,2161,2.711798667907715,,,0.0033771097660064697
2455,2.0,1189,1.4963300228118896,,,0.004722148180007935
2456,13.0,2151,2.6981656551361084,,,0.009396805427968502
2457,14.0,2333,2.948208808898926,,,0.005632689688354731
2458,18.0,2457,3.0889852046966553,,,0.0033552173990756273
2459,8.0,1779,2.2364156246185303,,,0.0013985080877318978
2460,14.0,2401,3.0064408779144287,,,0.0019379795994609594
2461,6.0,1495,1.875168800354004,,,0.009530212730169296
2462,19.0,2705,3.392794132232666,,,0.009140272624790668
2463,17.0,2765,3.4610726833343506,,,0.00512121943756938
2464,19.0,2907,3.6265921592712402,,,0.004157658666372299
2465,19.0,2753,3.4581708908081055,,,0.007441573776304722
2466,11.0,1903,2.3864777088165283,,,0.003692711004987359
2467,6.0,1551,1.9579253196716309,,,0.003924229182302952
2468,20.0,2863,3.5889885425567627,,,0.005365192890167236
2469,20.0,2751,3.4471333026885986,,,0.007545027416199446
2470,16.0,2577,3.257256507873535,,,0.0053316145204007626
2471,12.0,2109,2.6543428897857666,,,0.0006461533484980464
2472,15.0,2233,2.796736478805542,,,0.01674208976328373
2473,8.0,2021,2.535809278488159,,,0.0012271372834220529
2474,19.0,2713,3.4235527515411377,,,0.013373262248933315
2475,17.0,2535,3.1890869140625,,,0.012751264497637749
2476,26.0,3389,4.253129482269287,,,0.0028936697635799646
2477,16.0,2887,3.6429636478424072,,,0.0048219128511846066
2478,8.0,1989,2.508273124694824,,,0.0164788831025362
2479,14.0,2131,2.6860134601593018,,,0.0037839373107999563
2480,9.0,2193,2.780672311782837,,,0.000784424424637109
2481,8.0,1089,1.3791396617889404,,,0.006553080398589373
2482,19.0,2921,3.661072015762329,,,0.010214016772806644
2483,17.0,2641,3.330477237701416,,,0.008421637117862701
2484,5.0,1839,2.3091840744018555,,,0.004585287068039179
2485,10.0,2085,2.63169264793396,,,0.0006018897402100265
2486,22.0,2763,3.492410182952881,,,0.0006076051504351199
2487,7.0,1725,2.170311689376831,,,0.007517456542700529
2488,13.0,2367,3.0015907287597656,,,0.008275384083390236
2489,13.0,2203,2.8042068481445312,,,0.0009316241485066712
2490,7.0,1345,1.684119462966919,,,0.017867252230644226
2491,12.0,2449,3.080958604812622,,,0.0034312314819544554
2492,6.0,1513,1.9180107116699219,,,0.0010471605928614736
2493,14.0,2955,3.7482869625091553,,,0.0044992356561124325
2494,21.0,3979,4.961131811141968,,,0.0017646561609581113
2495,5.0,1013,1.2780380249023438,,,0.010298550128936768
2496,29.0,4707,5.894968032836914,,,0.00153654208406806
2497,19.0,2621,3.307987689971924,,,0.010125349275767803
2498,7.0,1941,2.4572277069091797,,,0.01163279265165329
2499,4.0,1637,2.0565409660339355,,,0.0007032245630398393
2500,9.0,1899,2.384742498397827,,,0.00813460722565651
2501,18.0,3021,3.8147923946380615,,,0.007129609119147062
2502,15.0,2315,2.8990371227264404,,,0.004554135259240866
2503,24.0,3057,3.8219690322875977,,,0.0042635006830096245
2504,12.0,1829,2.3037359714508057,,,0.007198280189186335
2505,5.0,2067,2.612945318222046,,,0.00798263680189848
2506,10.0,1925,2.4120125770568848,,,0.008376087993383408
2507,9.0,1865,2.3370912075042725,,,0.002182537456974387
2508,12.0,1955,2.4339373111724854,,,0.0013125508558005095
2509,12.0,1891,2.3654215335845947,,,0.001136144157499075
2510,13.0,2045,2.548678398132324,,,0.003792263800278306
2511,9.0,2081,2.599114179611206,,,0.0042424509301781654
2512,10.0,1949,2.432626962661743,,,0.004405117128044367
2513,6.0,1149,1.4360079765319824,,,0.0008836965425871313
2514,11.0,2439,3.0484249591827393,,,0.0022342856973409653
2515,13.0,2189,2.738368034362793,,,0.011097768321633339
2516,13.0,1851,2.331648588180542,,,0.004765214864164591
2517,1.0,1197,1.516174077987671,,,0.008430580608546734
2518,9.0,1873,2.364464521408081,,,0.0031474747229367495
2519,6.0,1321,1.6563396453857422,,,0.0031402637250721455
2520,14.0,2567,3.2315003871917725,,,0.004338681232184172
2521,1.0,1107,1.4011342525482178,,,0.006433908827602863
2522,4.0,1629,2.0610108375549316,,,0.005486483220010996
2523,20.0,2905,3.6485207080841064,,,0.0012068761279806495
2524,6.0,1901,2.404137134552002,,,0.0018948836950585246
2525,8.0,1673,2.112137794494629,,,0.008963438682258129
2526,19.0,2757,3.449734687805176,,,0.0016079229535534978
2527,12.0,3071,3.853844165802002,,,0.000627890694886446
2528,6.0,1373,1.7235081195831299,,,0.0014276152942329645
2529,13.0,2299,2.8828072547912598,,,0.005610936786979437
2530,13.0,2871,3.6149134635925293,,,0.0032342523336410522
2531,8.0,2443,3.0801565647125244,,,0.0004710787034127861
2532,10.0,1827,2.29868221282959,,,0.0005070051411166787
2533,13.0,2365,2.9823076725006104,,,0.0023901062086224556
2534,14.0,2403,3.027306079864502,,,0.005381507333368063
2535,1.0,1155,1.450446605682373,,,0.0008263299241662025
2536,13.0,2275,2.8739757537841797,,,0.008649292401969433
2537,30.0,5017,6.30617880821228,,,0.01209293119609356
2538,11.0,2407,3.012066602706909,,,0.004461562726646662
2539,16.0,2593,3.2310540676116943,,,0.0017704456113278866
2540,26.0,3555,4.4591591358184814,,,0.0030293005984276533
2541,13.0,2291,2.8676235675811768,,,0.0036950085777789354
2542,15.0,3689,4.652696132659912,,,0.005914192646741867
2543,5.0,1121,1.415356159210205,,,0.0008297204039990902
2544,10.0,1939,2.4519550800323486,,,0.004188594873994589
2545,12.0,2515,3.1570684909820557,,,0.0011006550630554557
2546,13.0,2315,2.8973724842071533,,,0.001034335931763053
2547,12.0,2753,3.465648651123047,,,0.005365746561437845
2548,8.0,1975,2.502690315246582,,,0.0005595210241153836
2549,13.0,2095,2.6467931270599365,,,0.02135978825390339
2550,6.0,1041,1.3064675331115723,,,0.00450091902166605
2551,9.0,1985,2.488635540008545,,,0.003269247943535447
2552,3.0,1349,1.6924011707305908,,,0.0007463215151801705
2553,7.0,1801,2.277092695236206,,,0.012453386560082436
2554,4.0,1713,2.150632381439209,,,0.005454788450151682
2555,22.0,4569,5.70979380607605,,,0.008214765228331089
2556,7.0,1711,2.144763708114624,,,0.0008538019610568881
2557,4.0,1157,1.4647550582885742,,,0.0016798083670437336
2558,7.0,1593,1.9979743957519531,,,0.0013366204220801592
2559,20.0,3587,4.498889207839966,,,0.000587213784456253
2560,3.0,1137,1.4237842559814453,,,0.007244800217449665
2561,3.0,1055,1.322606086730957,,,0.0052313776686787605
2562,11.0,2231,2.8052690029144287,,,0.0009926104685291648
2563,13.0,2065,2.6016857624053955,,,0.01629142463207245
2564,9.0,1949,2.4627063274383545,,,0.0044083623215556145
2565,11.0,2055,2.5917866230010986,,,0.003973680082708597
2566,7.0,1425,1.7989981174468994,,,0.0005888617015443742
2567,15.0,2285,2.8754239082336426,,,0.010499240830540657
2568,6.0,1355,1.705620288848877,,,0.001018680166453123
2569,3.0,1321,1.6523985862731934,,,0.0015774952480569482
2570,4.0,1045,1.3099701404571533,,,0.0004238235705997795
2571,10.0,1705,2.1497802734375,,,0.0012458451092243195
2572,11.0,2341,2.960418939590454,,,0.001062176888808608
2573,16.0,2489,3.130084991455078,,,0.007394732907414436
2574,5.0,1079,1.3511133193969727,,,0.004888358060270548
2575,19.0,3395,4.233170032501221,,,0.008591891266405582
2576,7.0,1371,1.7057127952575684,,,0.0010800312738865614
2577,8.0,1339,1.6735742092132568,,,0.008817117661237717
2578,4.0,1343,1.6818265914916992,,,0.004175898618996143
2579,12.0,2047,2.575016736984253,,,0.0006156110321171582
2580,16.0,2822,3.5377004146575928,,,0.001967805903404951
2581,13.0,2395,3.0148239135742188,,,0.0026074661873281
2582,15.0,2799,3.5087671279907227,,,0.0012532335240393877
2583,4.0,1177,1.475313663482666,,,0.0053693209774792194
2584,8.0,1907,2.3899905681610107,,,0.0007888845866546035
2585,3.0,1321,1.6796116828918457,,,0.000390112167224288
2586,5.0,1145,1.4456171989440918,,,0.007944509387016296
2587,14.0,3105,3.901750326156616,,,0.0010365715716034174
2588,11.0,2439,3.0771048069000244,,,0.003687218064442277
2589,4.0,1319,1.6530625820159912,,,0.000694870192091912
2590,2.0,1121,1.4237957000732422,,,0.001978472340852022
2591,6.0,1285,1.6169281005859375,,,0.004819711670279503
2592,9.0,1945,2.451927900314331,,,0.0050211502239108086
2593,15.0,2973,3.7469608783721924,,,0.0011407340643927455
2594,7.0,1401,1.7538342475891113,,,0.000704834412317723
2595,9.0,1927,2.416008949279785,,,0.008016450330615044
2596,9.0,1719,2.154024124145508,,,0.001064459909684956
2597,11.0,2159,2.716339111328125,,,0.009952458553016186
2598,2.0,1147,1.439023733139038,,,0.004770154133439064
2599,13.0,2805,3.526718854904175,,,0.0052443211898207664
2600,7.0,1967,2.46286940574646,,,0.001100695226341486
2601,9.0,1881,2.36683988571167,,,0.00746130058541894
2602,24.0,3867,4.848837614059448,,,0.0038849262055009604
2603,11.0,1735,2.171820878982544,,,0.0057547264732420444
2604,7.0,1307,1.6346580982208252,,,0.005059013608843088
2605,9.0,1915,2.3917934894561768,,,0.0011489186435937881
2606,9.0,1981,2.484790086746216,,,0.011203455738723278
2607,11.0,1921,2.430777072906494,,,0.006049917079508305
2608,11.0,1945,2.448683500289917,,,0.002850852208212018
2609,5.0,1565,1.973069429397583,,,0.001916116219945252
2610,5.0,1133,1.4316949844360352,,,0.004789410158991814
2611,7.0,1241,1.5580556392669678,,,0.011357170529663563
2612,3.0,1177,1.475144863128662,,,0.0007037131581455469
2613,14.0,2671,3.361114025115967,,,0.0014362570364028215
2614,9.0,2465,3.106651544570923,,,0.0010414308635517955
2615,9.0,2455,3.0912628173828125,,,0.0012852364452555776
2616,21.0,3553,4.4757561683654785,,,0.01215276587754488
2617,7.0,2937,3.700730085372925,,,0.0038994275964796543
2618,16.0,2735,3.446582317352295,,,0.0008016512729227543
2619,8.0,2087,2.612358808517456,,,0.0016132686287164688
2620,9.0,1943,2.4557647705078125,,,0.004607280250638723
2621,6.0,2061,2.6073317527770996,,,0.0017667532665655017
2622,8.0,1643,2.0610735416412354,,,0.0005855786730535328
2623,9.0,1897,2.397434711456299,,,0.004389445297420025
2624,12.0,2503,3.130600929260254,,,0.011672747321426868
2625,7.0,1537,1.9620847702026367,,,0.0011770667042583227
2626,11.0,2001,2.524651288986206,,,0.011378261260688305
2627,18.0,2629,3.324859142303467,,,0.006133390124887228
2628,5.0,1543,1.9673829078674316,,,0.003476090496405959
2629,7.0,1357,1.71425461769104,,,0.0006419658893719316
2630,4.0,1155,1.4523718357086182,,,0.011147430166602135
2631,12.0,2493,3.1501104831695557,,,0.006253305356949568
2632,4.0,1241,1.5645577907562256,,,0.0045613995753228664
2633,6.0,1621,2.0524606704711914,,,0.0005989201017655432
2634,20.0,2701,3.396801710128784,,,0.004647141322493553
2635,10.0,1935,2.444617509841919,,,0.0015300932573154569
2636,7.0,1513,1.9115478992462158,,,0.009092940017580986
2637,20.0,2901,3.678040027618408,,,0.007516419515013695
2638,10.0,2107,2.6583595275878906,,,0.005296648479998112
2639,24.0,3351,4.229775905609131,,,0.005346967838704586
2640,10.0,1761,2.211962938308716,,,0.005016216542571783
2641,19.0,2891,3.632577896118164,,,0.00715019041672349
2642,6.0,1141,1.4342596530914307,,,0.006111945025622845
2643,20.0,3511,4.394777536392212,,,0.0020131999626755714
2644,9.0,1919,2.3972413539886475,,,0.014997215010225773
2645,7.0,1933,2.450550079345703,,,0.00375288981013
2646,12.0,1873,2.365628480911255,,,0.0014385008253157139
2647,9.0,1913,2.4120335578918457,,,0.00423053465783596
2648,6.0,1539,1.9322247505187988,,,0.01148496475070715
2649,14.0,2851,3.5937259197235107,,,0.005051682237535715
2650,19.0,3989,5.025106906890869,,,0.0008630107040517032
2651,10.0,1651,2.0683295726776123,,,0.007126783952116966
2652,5.0,1429,1.7905161380767822,,,0.0007107529090717435
2653,10.0,1745,2.212628126144409,,,0.0024960448499768972
2654,8.0,2031,2.5567307472229004,,,0.0013345639454200864
2655,8.0,2125,2.679004430770874,,,0.018130237236618996
2656,8.0,1947,2.4443166255950928,,,0.008384853601455688
2657,18.0,3001,3.7853682041168213,,,0.008945239707827568
2658,5.0,1347,1.699350357055664,,,0.0039788479916751385
2659,15.0,2823,3.53973650932312,,,0.0043791052885353565
2660,14.0,1927,2.4116876125335693,,,0.004723238293081522
2661,13.0,2277,2.859750509262085,,,0.014563104137778282
2662,9.0,1957,2.4571778774261475,,,0.0037050661630928516
2663,12.0,2065,2.593296766281128,,,0.008413799107074738
2664,10.0,2081,2.631470203399658,,,0.005543508101254702
2665,13.0,2243,2.8384475708007812,,,0.006166663486510515
2666,7.0,1185,1.4891350269317627,,,0.00154517637565732
2667,27.0,4423,5.543123245239258,,,0.010265320539474487
2668,11.0,2077,2.604645252227783,,,0.008880813606083393
2669,8.0,1473,1.8417816162109375,,,0.0009600414196029305
2670,11.0,2083,2.6164350509643555,,,0.0013136155903339386
2671,4.0,1129,1.427379846572876,,,0.006955146323889494
2672,11.0,2039,2.5824244022369385,,,0.0040719578973948956
2673,9.0,2485,3.1185829639434814,,,0.001949786557815969
2674,10.0,2769,3.4824366569519043,,,0.009632842615246773
2675,11.0,2493,3.1259655952453613,,,0.007249545771628618
2676,13.0,2241,2.8033559322357178,,,0.012076389975845814
2677,5.0,1335,1.6748764514923096,,,0.009572688490152359
2678,15.0,2131,2.6710212230682373,,,0.00733101787045598
2679,13.0,2409,3.0423471927642822,,,0.0009831244824454188
2680,6.0,1399,1.7557473182678223,,,0.0014693847624585032
2681,6.0,1897,2.386302947998047,,,0.0014434895711019635
2682,15.0,2411,3.0268630981445312,,,0.005181440617889166
2683,9.0,1395,1.7497005462646484,,,0.017390742897987366
2684,7.0,1619,2.0287728309631348,,,0.008616573177278042
2685,6.0,1999,2.5062201023101807,,,0.0024803495034575462
2686,13.0,2429,3.0615646839141846,,,0.0037537950556725264
2687,17.0,2419,3.0572736263275146,,,0.01845470815896988
2688,6.0,1287,1.629901647567749,,,0.002520809881389141
2689,18.0,3235,4.0557191371917725,,,0.006827984470874071
2690,17.0,2627,3.3026227951049805,,,0.005313018336892128
2691,11.0,2045,2.5811500549316406,,,0.001773563213646412
2692,10.0,2493,3.15224552154541,,,0.00782904401421547
2693,8.0,1775,2.2441718578338623,,,0.004546557553112507
2694,12.0,1943,2.4550294876098633,,,0.0074368868954479694
2695,6.0,1233,1.551645278930664,,,0.0013205932918936014
2696,7.0,1653,2.0834903717041016,,,0.007193826138973236
2697,6.0,1247,1.569714069366455,,,0.0006431611254811287
2698,1.0,1325,1.6770353317260742,,,0.009268724359571934
2699,14.0,2307,2.9131977558135986,,,0.0024053393863141537
2700,0.0,1255,1.5772321224212646,,,0.003629695624113083
2701,6.0,1431,1.8075106143951416,,,0.00416712136939168
2702,19.0,2387,3.006483554840088,,,0.0009323042468167841
2703,4.0,1133,1.4239866733551025,,,0.00552176870405674
2704,15.0,3191,4.017801284790039,,,0.017074668779969215
2705,13.0,2229,2.8060057163238525,,,0.005227671470493078
2706,6.0,1101,1.3792524337768555,,,0.013843240216374397
2707,11.0,2015,2.528677225112915,,,0.004771856591105461
2708,11.0,2013,2.531738519668579,,,0.004304693080484867
2709,18.0,2519,3.1589365005493164,,,0.0015883715823292732
2710,13.0,2703,3.402819871902466,,,0.0017719784518703818
2711,8.0,1467,1.8437819480895996,,,0.0007323085446842015
2712,4.0,1959,2.4642372131347656,,,0.004744100384414196
2713,11.0,2073,2.605661153793335,,,0.0006234466563910246
2714,15.0,2231,2.804328680038452,,,0.0006695667398162186
2715,10.0,1835,2.290207624435425,,,0.008321030996739864
2716,19.0,2788,3.4919145107269287,,,0.0013339262222871184
2717,17.0,2877,3.6293115615844727,,,0.000987043953500688
2718,8.0,1977,2.4735329151153564,,,0.004526129458099604
2719,4.0,1091,1.3824849128723145,,,0.004647862631827593
2720,12.0,3161,3.9637176990509033,,,0.0010725855827331543
2721,13.0,2215,2.780690908432007,,,0.0010729326168075204
2722,19.0,2803,3.5133066177368164,,,0.006102938205003738
2723,4.0,1139,1.443601369857788,,,0.014026287943124771
2724,12.0,1919,2.4014689922332764,,,0.008929760195314884
2725,4.0,1139,1.4307489395141602,,,0.008275141008198261
2726,19.0,3477,4.3530519008636475,,,0.009921802207827568
2727,7.0,1655,2.078731060028076,,,0.011510089039802551
2728,7.0,1723,2.159990072250366,,,0.00429582642391324
2729,12.0,2169,2.7296409606933594,,,0.015565563924610615
2730,6.0,1723,2.1623287200927734,,,0.00510142557322979
2731,3.0,1339,1.67561936378479,,,0.009681938216090202
2732,14.0,1971,2.470978021621704,,,0.0006137269665487111
2733,3.0,1927,2.437612295150757,,,0.005312176421284676
2734,12.0,2235,2.795377731323242,,,0.0014433707110583782
2735,5.0,2083,2.617603063583374,,,0.0018670270219445229
2736,11.0,2003,2.511593818664551,,,0.004154421854764223
2737,10.0,2149,2.7145707607269287,,,0.0018143430352210999
2738,9.0,1949,2.444429636001587,,,0.008385268971323967
2739,8.0,2001,2.5179483890533447,,,0.0048161945305764675
2740,4.0,1543,1.9541115760803223,,,0.006097692530602217
2741,9.0,1971,2.4858970642089844,,,0.0009589395485818386
2742,15.0,2821,3.530381917953491,,,0.000812002457678318
2743,2.0,1119,1.40165376663208,,,0.0006721747340634465
2744,3.0,1843,2.3319272994995117,,,0.006963785737752914
2745,11.0,2057,2.5976457595825195,,,0.0007912297733128071
2746,6.0,1241,1.5650970935821533,,,0.004586144350469112
2747,7.0,1433,1.7985718250274658,,,0.0013380501186475158
2748,16.0,2309,2.8921267986297607,,,0.012597709894180298
2749,24.0,3355,4.2174694538116455,,,0.009437229484319687
2750,30.0,4200,5.268125534057617,,,0.011768676340579987
2751,15.0,2645,3.352452516555786,,,0.0046953558921813965
2752,10.0,1973,2.4851930141448975,,,0.004888373427093029
2753,21.0,3081,3.8822927474975586,,,0.014346632175147533
2754,9.0,2169,2.719933271408081,,,0.005700313951820135
2755,6.0,1089,1.3736729621887207,,,0.004419560078531504
2756,15.0,2803,3.520341634750366,,,0.0006639485363848507
2757,13.0,2257,2.842362880706787,,,0.004661097656935453
2758,1.0,1497,1.8970234394073486,,,0.006146469619125128
2759,14.0,2255,2.8374998569488525,,,0.006880489643663168
2760,12.0,2835,3.59531307220459,,,0.004659546539187431
2761,15.0,2885,3.6208670139312744,,,0.00206930679269135
2762,19.0,3475,4.346479177474976,,,0.003941440023481846
2763,4.0,1173,1.4784948825836182,,,0.0005268537206575274
2764,7.0,1535,1.923154592514038,,,0.0045972247608006
2765,11.0,1929,2.4205150604248047,,,0.004039574880152941
2766,15.0,2685,3.353686571121216,,,0.008797925896942616
2767,5.0,1875,2.358570098876953,,,0.0010325615294277668
2768,11.0,1971,2.481921672821045,,,0.0024450263008475304
2769,13.0,2311,2.8997793197631836,,,0.0005687865195795894
2770,5.0,1291,1.6218287944793701,,,0.007063520140945911
2771,8.0,1991,2.502699375152588,,,0.012954204343259335
2772,17.0,2967,3.7161946296691895,,,0.0008662675390951335
2773,10.0,1709,2.1450395584106445,,,0.004511508625000715
2774,4.0,1293,1.6248202323913574,,,0.006781576666980982
2775,15.0,2399,3.015103340148926,,,0.01016747485846281
2776,5.0,1203,1.5187125205993652,,,0.0008774273446761072
2777,2.0,1057,1.323197603225708,,,0.0016814421396702528
2778,11.0,2001,2.503206253051758,,,0.012483983300626278
2779,7.0,1977,2.484217882156372,,,0.005355296656489372
2780,12.0,2095,2.6504313945770264,,,0.0009020831785164773
2781,9.0,1887,2.383657455444336,,,0.004418800584971905
2782,8.0,1979,2.4789717197418213,,,0.0029153202194720507
2783,11.0,2449,3.09287691116333,,,0.0064139701426029205
2784,13.0,3477,4.386649131774902,,,0.0011236598948016763
2785,14.0,3111,3.901149272918701,,,0.01028303150087595
2786,8.0,1669,2.094489812850952,,,0.008432693779468536
2787,9.0,1651,2.083308696746826,,,0.0043940613977611065
2788,2.0,1057,1.3247194290161133,,,0.0009788740426301956
2789,2.0,1097,1.3891839981079102,,,0.003194534219801426
2790,14.0,2315,2.9119622707366943,,,0.0008589777862653136
2791,11.0,1745,2.18634033203125,,,0.004610553849488497
2792,22.0,5135,6.4116597175598145,,,0.005018205381929874
2793,8.0,1961,2.486884355545044,,,0.0011447921860963106
2794,12.0,2341,2.9363338947296143,,,0.00879322923719883
2795,4.0,1103,1.373924970626831,,,0.0012506629573181272
2796,10.0,1845,2.320291519165039,,,0.012612828984856606
2797,9.0,2071,2.599438190460205,,,0.0034820798318833113
2798,24.0,3409,4.25935697555542,,,0.0011209462536498904
2799,9.0,1533,1.9312810897827148,,,0.006303118541836739
2800,8.0,2155,2.6857447624206543,,,0.001012599328532815
2801,14.0,3125,3.9211032390594482,,,0.00413062097504735
2802,3.0,1147,1.44791579246521,,,0.002256679581478238
2803,21.0,2950,3.69256854057312,,,0.005360768176615238
2804,12.0,3147,3.9577674865722656,,,0.0007703039445914328
2805,7.0,1831,2.3212804794311523,,,0.004746161866933107
2806,17.0,2579,3.225632429122925,,,0.001218792051076889
2807,11.0,2391,2.988478422164917,,,0.0005409586592577398
2808,9.0,2001,2.509425163269043,,,0.004303148481994867
2809,1.0,1059,1.3295714855194092,,,0.009487710893154144
2810,21.0,3701,4.611518859863281,,,0.00081720354501158
2811,12.0,2411,3.022078275680542,,,0.0012272895546630025
2812,19.0,4234,5.31445574760437,,,0.0076091173104941845
2813,16.0,3129,3.9324119091033936,,,0.004565026145428419
2814,8.0,2027,2.5404446125030518,,,0.0050010583363473415
2815,24.0,3293,4.119868993759155,,,0.010198304429650307
2816,8.0,1877,2.35176420211792,,,0.00827447697520256
2817,9.0,2437,3.067593574523926,,,0.013812161982059479
2818,13.0,2355,2.9463541507720947,,,0.00808816496282816
2819,29.0,3987,4.961536884307861,,,0.0008244650671258569
2820,2.0,1789,2.2432374954223633,,,0.0066925277933478355
2821,18.0,3011,3.7922236919403076,,,0.007964279502630234
2822,10.0,1873,2.371840476989746,,,0.008005032315850258
2823,8.0,2123,2.6599767208099365,,,0.0011630721855908632
2824,13.0,2315,2.9273600578308105,,,0.00040628507849760354
2825,11.0,2409,3.035762071609497,,,0.0010412284173071384
2826,4.0,1073,1.3472175598144531,,,0.0036234052386134863
2827,12.0,2233,2.828472852706909,,,0.0033933029044419527
2828,13.0,2383,2.9743895530700684,,,0.0030666429083794355
2829,17.0,3543,4.426029920578003,,,0.01309905108064413
2830,1.0,1309,1.6506273746490479,,,0.004345748573541641
2831,15.0,2637,3.3175954818725586,,,0.0007405861397273839
2832,3.0,1859,2.3376245498657227,,,0.00635388121008873
2833,13.0,2907,3.658625841140747,,,0.0058399285189807415
2834,18.0,3003,3.772526979446411,,,0.0029628202319145203
2835,21.0,2837,3.5601298809051514,,,0.005066929385066032
2836,6.0,1219,1.535994052886963,,,0.0026906118728220463
2837,12.0,2515,3.1883704662323,,,0.012259399518370628
2838,15.0,1821,2.314453601837158,,,0.0050163776613771915
2839,8.0,1457,1.8275773525238037,,,0.004408359061926603
2840,-1.0,1767,2.256115674972534,,,0.006630476098507643
2841,9.0,1779,2.2297897338867188,,,0.0007162626134231687
2842,12.0,2371,2.9835004806518555,,,0.0016158117214217782
2843,5.0,1129,1.4276607036590576,,,0.004171665292233229
2844,14.0,2369,2.9976136684417725,,,0.00115976354572922
2845,5.0,1431,1.8146333694458008,,,0.0019343338208273053
2846,15.0,2659,3.3558428287506104,,,0.00965806096792221
2847,18.0,3161,3.972438097000122,,,0.008152727037668228
2848,14.0,2887,3.6221542358398438,,,0.006750065367668867
2849,13.0,1965,2.4721951484680176,,,0.0006446822662837803
2850,12.0,1979,2.4874815940856934,,,0.004562110174447298
2851,6.0,1283,1.613074779510498,,,0.0006049863295629621
2852,24.0,3807,4.761281967163086,,,0.003874393180012703
2853,4.0,1289,1.6113886833190918,,,0.0036828520242124796
2854,3.0,1389,1.7358226776123047,,,0.0005187377682887018
2855,15.0,2347,2.960944652557373,,,0.004888076800853014
2856,30.0,3691,4.628096580505371,,,0.0009210676653310657
2857,8.0,1343,1.6838724613189697,,,0.0011064470745623112
2858,10.0,1695,2.1376616954803467,,,0.011204199865460396
2859,13.0,2251,2.836153745651245,,,0.0042220535688102245
2860,12.0,2283,2.874295711517334,,,0.009688273072242737
2861,5.0,1235,1.5565402507781982,,,0.018930023536086082
2862,13.0,2401,3.0405750274658203,,,0.004493439104408026
2863,4.0,1157,1.4651873111724854,,,0.0012489153305068612
2864,13.0,2347,2.963827610015869,,,0.000672907626722008
2865,8.0,1615,2.035980701446533,,,0.004838771652430296
2866,14.0,1999,2.5185956954956055,,,0.0071007972583174706
2867,7.0,1643,2.0803165435791016,,,0.004147692117840052
2868,4.0,1111,1.3968603610992432,,,0.005794857628643513
2869,24.0,2412,3.034852981567383,,,0.004602173808962107
2870,12.0,2359,2.9701168537139893,,,0.00508391996845603
2871,6.0,1269,1.614562749862671,,,0.010441062971949577
2872,16.0,4147,5.182027578353882,,,0.0019126187544316053
2873,19.0,3127,3.9047672748565674,,,0.004367672838270664
2874,6.0,1079,1.3505370616912842,,,0.0011207639472559094
2875,16.0,2633,3.2857165336608887,,,0.00435556611046195
2876,12.0,2009,2.5351407527923584,,,0.016035618260502815
2877,11.0,1791,2.2680084705352783,,,0.0004140505916438997
2878,13.0,2345,2.963416576385498,,,0.0005454097408801317
2879,12.0,2419,3.0531418323516846,,,0.011262846179306507
2880,21.0,3731,4.697067499160767,,,0.0007800221792422235
2881,6.0,1083,1.3787376880645752,,,0.0034657015930861235
2882,22.0,3375,4.224601984024048,,,0.001816673087887466
2883,9.0,1761,2.2185027599334717,,,0.0009592882706783712
2884,9.0,2775,3.5020883083343506,,,0.006260928697884083
2885,4.0,1229,1.5557067394256592,,,0.005320279393345118
2886,7.0,1791,2.2641022205352783,,,0.001544171362183988
2887,23.0,4172,5.218764781951904,,,0.0008861603564582765
2888,6.0,1467,1.855072259902954,,,0.0007644214783795178
2889,8.0,1985,2.515831470489502,,,0.0006686093402095139
2890,13.0,2223,2.8238654136657715,,,0.004345111083239317
2891,16.0,2935,3.7165181636810303,,,0.0008413308532908559
2892,6.0,1723,2.1775693893432617,,,0.0017542003188282251
2893,15.0,2545,3.218461036682129,,,0.007610292173922062
2894,16.0,3873,4.90240216255188,,,0.002390457782894373
2895,4.0,1063,1.3390352725982666,,,0.0011791556607931852
2896,4.0,1167,1.469803810119629,,,0.0024326168932020664
2897,16.0,3003,3.7662246227264404,,,0.004534415900707245
2898,6.0,1493,1.8859684467315674,,,0.009653566405177116
2899,8.0,1929,2.4284112453460693,,,0.006369372364133596
2900,7.0,1189,1.4943838119506836,,,0.0010467995889484882
2901,9.0,1955,2.4732825756073,,,0.0052306256256997585
2902,6.0,1719,2.167034387588501,,,0.003237046767026186
2903,20.0,3177,3.9818058013916016,,,0.004578830674290657
2904,17.0,2501,3.120143413543701,,,0.006325738038867712
2905,11.0,1675,2.0962095260620117,,,0.004717113915830851
2906,2.0,1131,1.4144816398620605,,,0.000775876163970679
2907,13.0,2467,3.082028865814209,,,0.0009693735046312213
2908,9.0,1327,1.6557774543762207,,,0.005927137564867735
2909,4.0,1159,1.4526371955871582,,,0.005775522906333208
2910,8.0,1389,1.7358055114746094,,,0.004110886249691248
2911,13.0,2631,3.281376361846924,,,0.005472525488585234
2912,14.0,1973,2.470519542694092,,,0.009979769587516785
2913,3.0,1525,1.9104008674621582,,,0.006519554648548365
2914,13.0,1885,2.3587708473205566,,,0.007908996194601059
2915,16.0,3103,3.8678677082061768,,,0.004407451022416353
2916,7.0,1545,1.9348714351654053,,,0.007389858365058899
2917,3.0,1161,1.452056884765625,,,0.001374619547277689
2918,16.0,2257,2.8220582008361816,,,0.0005321447970345616
2919,4.0,1365,1.7015047073364258,,,0.0022603936959058046
2920,12.0,2393,2.9955477714538574,,,0.005178649909794331
2921,19.0,2859,3.5821611881256104,,,0.0009878408163785934
2922,15.0,2875,3.5877466201782227,,,0.0010553618194535375
2923,18.0,2683,3.3522286415100098,,,0.0007866296218708158
2924,16.0,2231,2.788088798522949,,,0.006130550056695938
2925,7.0,2105,2.635580539703369,,,0.0018152612028643489
2926,9.0,1937,2.4253413677215576,,,0.011042319238185883
2927,7.0,1753,2.202695846557617,,,0.0019390990491956472
2928,10.0,2099,2.6294448375701904,,,0.0003006513579748571
2929,7.0,1319,1.659010410308838,,,0.001591795589774847
2930,17.0,3357,4.214743614196777,,,0.004044914152473211
2931,1.0,1691,2.1300361156463623,,,0.0005888735176995397
2932,12.0,2341,2.9346096515655518,,,0.0016358013963326812
2933,15.0,2863,3.6033878326416016,,,0.008410308510065079
2934,4.0,1071,1.3686904907226562,,,0.009067624807357788
2935,15.0,3209,4.022928476333618,,,0.0053437137976288795
2936,11.0,1975,2.4585561752319336,,,0.00755460886284709
2937,12.0,2087,2.62148380279541,,,0.0008901082328520715
2938,17.0,3153,3.9663562774658203,,,0.004222568590193987
2939,14.0,2435,3.087024450302124,,,0.010077172890305519
2940,13.0,1827,2.3141367435455322,,,0.0078102597035467625
2941,7.0,2133,2.687481164932251,,,0.005025888327509165
2942,14.0,2247,2.800332546234131,,,0.01238736417144537
2943,1.0,1123,1.4019927978515625,,,0.008998466655611992
2944,9.0,1293,1.6233811378479004,,,0.00110440026037395
2945,14.0,2737,3.451478958129883,,,0.002048543421551585
2946,15.0,2945,3.7275331020355225,,,0.005762496031820774
2947,3.0,1109,1.3985669612884521,,,0.0013518972555175424
2948,16.0,2829,3.545844554901123,,,0.005071416962891817
2949,11.0,2299,2.9108493328094482,,,0.0010951715521514416
2950,17.0,2193,2.7547614574432373,,,0.0010031326673924923
2951,12.0,1987,2.5077950954437256,,,0.012013036757707596
2952,27.0,5135,6.428116798400879,,,0.000893001037184149
2953,13.0,2321,2.924487829208374,,,0.010161551646888256
2954,16.0,2553,3.2143290042877197,,,0.005777229554951191
2955,15.0,2443,3.0817031860351562,,,0.0005950747290626168
2956,3.0,1443,1.8257014751434326,,,0.012304355390369892
2957,15.0,2983,3.762204647064209,,,0.00894991960376501
2958,13.0,2127,2.689578056335449,,,0.0026464038528501987
2959,10.0,1575,1.987548589706421,,,0.00854065828025341
2960,5.0,1355,1.703000545501709,,,0.0021962993778288364
2961,8.0,1619,2.0289928913116455,,,0.013677953742444515
2962,7.0,1147,1.4385790824890137,,,0.0005889131571166217
2963,14.0,2237,2.8169589042663574,,,0.00828595645725727
2964,26.0,3339,4.221273899078369,,,0.01133697759360075
2965,7.0,1339,1.6972601413726807,,,0.0006594856386072934
2966,15.0,2675,3.3473899364471436,,,0.004244031384587288
2967,5.0,1239,1.5640130043029785,,,0.00403512641787529
2968,7.0,1153,1.4534306526184082,,,0.0019100038334727287
2969,14.0,2713,3.424111843109131,,,0.0010863251518458128
2970,9.0,1541,1.9312324523925781,,,0.0007090463768690825
2971,9.0,1949,2.444253921508789,,,0.002641384955495596
2972,9.0,1961,2.4621803760528564,,,0.0018139687599614263
2973,19.0,2361,2.970928907394409,,,0.0022840022575110197
2974,12.0,1883,2.3905539512634277,,,0.005078793503344059
2975,5.0,1101,1.3803856372833252,,,0.008691323921084404
2976,18.0,2637,3.306152820587158,,,0.005400792229920626
2977,21.0,2725,3.437272310256958,,,0.01027496438473463
2978,17.0,2625,3.285454034805298,,,0.0010818643495440483
2979,12.0,1717,2.1424946784973145,,,0.0006813104846514761
2980,20.0,2901,3.6569769382476807,,,0.0006898262654431164
2981,4.0,1239,1.569734811782837,,,0.0027041244320571423
2982,9.0,1925,2.4380624294281006,,,0.0028935009613633156
2983,22.0,2978,3.7479424476623535,,,0.0069191949442029
2984,12.0,2283,2.8841326236724854,,,0.014630209654569626
2985,9.0,2057,2.6145384311676025,,,0.014223320409655571
2986,3.0,1161,1.461904525756836,,,0.005188049748539925
2987,3.0,1377,1.7330420017242432,,,0.002837743377313018
2988,10.0,1783,2.250365734100342,,,0.0006402187864296138
2989,9.0,1645,2.063849449157715,,,0.011961277574300766
2990,6.0,1301,1.637017011642456,,,0.0007516305195167661
2991,3.0,1157,1.4567735195159912,,,0.004445905331522226
2992,10.0,2123,2.661839008331299,,,0.0006053256220184267
2993,15.0,2445,3.0819251537323,,,0.0027006068266928196
2994,4.0,1125,1.413748025894165,,,0.004838126245886087
2995,20.0,2743,3.4667069911956787,,,0.008567439392209053
2996,7.0,1207,1.5189616680145264,,,0.0006627793191000819
2997,14.0,2561,3.244663715362549,,,0.0032023948151618242
2998,21.0,3179,4.020305395126343,,,0.009022409096360207
2999,13.0,2313,2.8972842693328857,,,0.0053545148111879826
3000,9.0,1713,2.1750664710998535,,,0.014418589882552624
3001,8.0,1489,1.8802058696746826,,,0.0014863309916108847
3002,9.0,2007,2.529444932937622,,,0.005421819631010294
3003,20.0,2967,3.744279384613037,,,0.002488449215888977
3004,11.0,1995,2.5146658420562744,,,0.01169002614915371
3005,16.0,2647,3.3293328285217285,,,0.0008056820370256901
3006,7.0,1375,1.7336530685424805,,,0.006250134203583002
3007,3.0,1141,1.437016487121582,,,0.000588752853218466
3008,17.0,2589,3.2463467121124268,,,0.0008139549754559994
3009,6.0,1359,1.7119038105010986,,,0.011091993190348148
3010,17.0,3139,3.951866626739502,,,0.0007481076754629612
3011,20.0,2899,3.6357736587524414,,,0.0045294975861907005
3012,13.0,2149,2.7139079570770264,,,0.0066646551713347435
3013,10.0,1805,2.262944221496582,,,0.0007377611473202705
3014,19.0,3375,4.231393337249756,,,0.005156429950147867
3015,5.0,1301,1.628415822982788,,,0.0007165775750763714
3016,6.0,1461,1.8445520401000977,,,0.007647032383829355
3017,15.0,2519,3.1627657413482666,,,0.004132348578423262
3018,4.0,1109,1.4051127433776855,,,0.0003441816079430282
3019,23.0,2639,3.3372135162353516,,,0.0007994612096808851
3020,22.0,2413,3.0458900928497314,,,0.0034847164060920477
3021,19.0,2767,3.4741196632385254,,,0.0007352741085924208
3022,23.0,3117,3.9060380458831787,,,0.008151233196258545
3023,3.0,1169,1.471254587173462,,,0.0044271331280469894
3024,5.0,1353,1.7163536548614502,,,0.0015654702438041568
3025,14.0,2429,3.0709362030029297,,,0.006536227185279131
3026,6.0,1161,1.460641622543335,,,0.00664021261036396
3027,9.0,2409,3.019714117050171,,,0.00439801812171936
3028,8.0,2011,2.5405027866363525,,,0.01078460831195116
3029,20.0,3363,4.238016366958618,,,0.0009310066234320402
3030,5.0,1179,1.496851921081543,,,0.007859818637371063
3031,10.0,1791,2.263493061065674,,,0.0037041325122117996
3032,19.0,2441,3.085813522338867,,,0.014446173794567585
3033,17.0,2191,2.7634942531585693,,,0.0062097362242639065
3034,4.0,1095,1.380664348602295,,,0.005468052811920643
3035,12.0,2907,3.664154052734375,,,0.000777172390371561
3036,11.0,2217,2.8013525009155273,,,0.0017881287494674325
3037,14.0,2107,2.655569314956665,,,0.00906945951282978
3038,4.0,1107,1.3897502422332764,,,0.004778877831995487
3039,24.0,2694,3.397338628768921,,,0.008893505670130253
3040,13.0,2669,3.34503436088562,,,0.001788676017895341
3041,5.0,1131,1.4195632934570312,,,0.005010316148400307
3042,8.0,1751,2.1844942569732666,,,0.0007079278584569693
3043,19.0,2831,3.541299343109131,,,0.0005029506864957511
3044,12.0,2445,3.085359573364258,,,0.004574604798108339
3045,19.0,2822,3.567624807357788,,,0.015243668109178543
3046,14.0,2491,3.1407318115234375,,,0.001264461548998952
3047,8.0,2019,2.5379714965820312,,,0.0012700922088697553
3048,7.0,1935,2.4351367950439453,,,0.004301297012716532
3049,10.0,2063,2.6026158332824707,,,0.009590176865458488
3050,9.0,1771,2.2343571186065674,,,0.0009233318269252777
3051,4.0,1417,1.7836544513702393,,,0.0009118123562075198
3052,3.0,1153,1.4429545402526855,,,0.0010081701911985874
3053,4.0,1357,1.7155811786651611,,,0.0021988244261592627
3054,10.0,2049,2.5770623683929443,,,0.004819498397409916
3055,16.0,2553,3.2433671951293945,,,0.004124207887798548
3056,5.0,1957,2.454118490219116,,,0.0018802888225764036
3057,10.0,1781,2.2370119094848633,,,0.0015442315489053726
3058,15.0,2609,3.2840983867645264,,,0.0007920001517049968
3059,8.0,2035,2.547154188156128,,,0.013628627173602581
3060,9.0,1973,2.4997262954711914,,,0.003911158069968224
3061,16.0,2911,3.6395351886749268,,,0.007903805002570152
3062,1.0,1905,2.401341199874878,,,0.009438985027372837
3063,19.0,3235,4.066131591796875,,,0.001350434496998787
3064,6.0,1591,2.015371084213257,,,0.0030614593997597694
3065,7.0,1649,2.0816562175750732,,,0.0008677036967128515
3066,9.0,2041,2.5742573738098145,,,0.004850422032177448
3067,10.0,1933,2.434224843978882,,,0.0008659904706291854
3068,14.0,2753,3.435532569885254,,,0.0006310429889708757
3069,19.0,2696,3.412543773651123,,,0.003617690410465002
3070,22.0,3431,4.3539769649505615,,,0.009188087657094002
3071,15.0,2751,3.4626405239105225,,,0.0027107500936836004
3072,6.0,1805,2.2733335494995117,,,0.003874982474371791
3073,11.0,2257,2.8407137393951416,,,0.004490211606025696
3074,7.0,1677,2.0960962772369385,,,0.01395328901708126
3075,21.0,3161,3.9725022315979004,,,0.004341890104115009
3076,1.0,1199,1.5108284950256348,,,0.004064145963639021
3077,22.0,3105,3.8923375606536865,,,0.0025249735917896032
3078,18.0,3139,3.9034087657928467,,,0.009387079626321793
3079,7.0,1101,1.3808324337005615,,,0.0029140422120690346
3080,11.0,1893,2.3630998134613037,,,0.005668038036674261
3081,20.0,3793,4.73280930519104,,,0.010635504499077797
3082,14.0,2853,3.56410551071167,,,0.005342163145542145
3083,10.0,1249,1.5808629989624023,,,0.001394087914377451
3084,12.0,2365,2.9832382202148438,,,0.0008603634778410196
3085,11.0,1887,2.381640672683716,,,0.004086188971996307
3086,12.0,1881,2.3753910064697266,,,0.001001667813397944
3087,15.0,2665,3.3433239459991455,,,0.0016006930964067578
3088,14.0,2351,2.9519872665405273,,,0.007763060741126537
3089,12.0,1893,2.3928346633911133,,,0.014083064161241055
3090,10.0,1779,2.239394426345825,,,0.004187554121017456
3091,13.0,2717,3.3894550800323486,,,0.0014283070340752602
3092,6.0,1651,2.0618178844451904,,,0.005951408296823502
3093,12.0,2511,3.136629343032837,,,0.007704205811023712
3094,12.0,1915,2.39235520362854,,,0.005921913776546717
3095,9.0,1921,2.4176652431488037,,,0.0008304683142341673
3096,8.0,1561,1.964982032775879,,,0.0006320063839666545
3097,7.0,1669,2.094904661178589,,,0.0008498314418829978
3098,5.0,1509,1.9126787185668945,,,0.011135541833937168
3099,14.0,2391,3.0140926837921143,,,0.0048500122502446175
3100,10.0,1545,1.9311320781707764,,,0.0006807335303165019
3101,8.0,1581,1.997117519378662,,,0.007809553295373917
3102,9.0,1883,2.3592569828033447,,,0.0020955984946340322
3103,7.0,1613,2.0244009494781494,,,0.005950176157057285
3104,2.0,1205,1.514906644821167,,,0.0011447478318586946
3105,20.0,3245,4.057034015655518,,,0.003974530380219221
3106,4.0,1701,2.1454262733459473,,,0.005443164147436619
3107,8.0,1977,2.48340106010437,,,0.0018637321190908551
3108,14.0,2843,3.5814995765686035,,,0.0037840791046619415
3109,10.0,2881,3.632481336593628,,,0.003988293465226889
3110,6.0,1181,1.490769863128662,,,0.0029860730282962322
3111,11.0,1863,2.3350014686584473,,,0.010509544052183628
3112,8.0,1981,2.515230417251587,,,0.0137023301795125
3113,16.0,2703,3.4267637729644775,,,0.006395421922206879
3114,3.0,1245,1.5814392566680908,,,0.0006926209898665547
3115,11.0,1931,2.4270269870758057,,,0.00295679597184062
3116,2.0,1131,1.4226346015930176,,,0.004264769144356251
3117,2.0,1333,1.671583890914917,,,0.004384458065032959
3118,3.0,1133,1.4223942756652832,,,0.005505209788680077
3119,7.0,1621,2.0616345405578613,,,0.004308878444135189
3120,15.0,2601,3.268967866897583,,,0.002544051967561245
3121,13.0,2151,2.7221691608428955,,,0.0013123812386766076
3122,9.0,2013,2.549787759780884,,,0.0009928337531164289
3123,6.0,1247,1.58945631980896,,,0.009006863459944725
3124,9.0,1513,1.910266399383545,,,0.004482955671846867
3125,5.0,1731,2.196826934814453,,,0.005204925313591957
3126,11.0,1613,2.0386502742767334,,,0.0011360979406163096
3127,13.0,2239,2.8138999938964844,,,0.0049997842870652676
3128,19.0,2187,2.760199546813965,,,0.010238023474812508
3129,14.0,2289,2.9085047245025635,,,0.0011372070293873549
3130,7.0,1917,2.4126532077789307,,,0.005356946494430304
3131,14.0,2799,3.528461217880249,,,0.002602405846118927
3132,3.0,1359,1.7179205417633057,,,0.009651250205934048
3133,5.0,2403,3.043301582336426,,,0.0012969819363206625
3134,13.0,2813,3.541414260864258,,,0.0016201784601435065
3135,14.0,1913,2.4072468280792236,,,0.008692278526723385
3136,14.0,1965,2.4613442420959473,,,0.0008591192308813334
3137,5.0,1101,1.4063105583190918,,,0.0014585161115974188
3138,7.0,1963,2.5000245571136475,,,0.000801206799224019
3139,23.0,3331,4.172658681869507,,,0.004339253529906273
3140,20.0,2641,3.3234376907348633,,,0.0005705797229893506
3141,22.0,2725,3.4454891681671143,,,0.004272362217307091
3142,15.0,2517,3.1542296409606934,,,0.0009377967217005789
3143,13.0,2735,3.426175594329834,,,0.0019194278866052628
3144,12.0,2501,3.1507439613342285,,,0.004803584888577461
3145,14.0,2791,3.51552414894104,,,0.005273854825645685
3146,11.0,1955,2.476487398147583,,,0.001157279941253364
3147,16.0,2283,2.8749849796295166,,,0.004169111605733633
3148,13.0,2671,3.363696575164795,,,0.0007783767650835216
3149,4.0,1111,1.39979887008667,,,0.0024218938779085875
3150,12.0,1593,1.99320387840271,,,0.0042707170359790325
3151,11.0,2407,3.0101211071014404,,,0.0024272312875837088
3152,8.0,1773,2.213982105255127,,,0.0018257199553772807
3153,9.0,1301,1.6316158771514893,,,0.002466888166964054
3154,7.0,1973,2.4692955017089844,,,0.003918845672160387
3155,15.0,1907,2.3854496479034424,,,0.0024643116630613804
3156,10.0,2177,2.730032444000244,,,0.01898999884724617
3157,13.0,2923,3.654628276824951,,,0.005402149632573128
3158,16.0,2363,2.9894473552703857,,,0.0011266065994277596
3159,6.0,1559,1.9583287239074707,,,0.0008692340925335884
3160,11.0,1255,1.5866732597351074,,,0.0018741299863904715
3161,7.0,1967,2.490588426589966,,,0.006526529788970947
3162,2.0,1535,1.9516897201538086,,,0.011488595977425575
3163,4.0,1797,2.2770869731903076,,,0.0013537092600017786
3164,9.0,1777,2.232617139816284,,,0.002148126717656851
3165,11.0,2181,2.7557153701782227,,,0.0018987134099006653
3166,10.0,1763,2.2317450046539307,,,0.0007641856209374964
3167,5.0,1155,1.4628853797912598,,,0.0057586063630878925
3168,7.0,1065,1.3337435722351074,,,0.0015461280709132552
3169,12.0,2283,2.8727080821990967,,,0.005495856516063213
3170,15.0,2665,3.372885227203369,,,0.005592789966613054
3171,9.0,1971,2.502392292022705,,,0.003890018677338958
3172,6.0,1829,2.3034656047821045,,,0.008229284547269344
3173,18.0,2779,3.498721122741699,,,0.008083903230726719
3174,8.0,1161,1.455009937286377,,,0.009700046852231026
3175,12.0,2527,3.176485300064087,,,0.003881074022501707
3176,7.0,1647,2.0758490562438965,,,0.0005648190272040665
3177,9.0,2007,2.5376484394073486,,,0.0005851565510965884
3178,9.0,2005,2.5231239795684814,,,0.002729569561779499
3179,15.0,2657,3.3370208740234375,,,0.0008278203895315528
3180,4.0,1063,1.3323938846588135,,,0.0012215907918289304
3181,21.0,3797,4.759109258651733,,,0.005746196024119854
3182,8.0,1755,2.2208096981048584,,,0.003570153843611479
3183,11.0,2109,2.6728484630584717,,,0.00040103914216160774
3184,22.0,3935,4.966054677963257,,,0.00429110461845994
3185,12.0,1873,2.3564140796661377,,,0.007324723061174154
3186,15.0,2973,3.7413558959960938,,,0.002001384273171425
3187,7.0,1209,1.5365045070648193,,,0.005962546914815903
3188,6.0,2107,2.6397995948791504,,,0.0008041660767048597
3189,5.0,1141,1.425893783569336,,,0.00283287325873971
3190,11.0,1943,2.431338310241699,,,0.0036479972768574953
3191,7.0,1831,2.298201084136963,,,0.007373144384473562
3192,20.0,2890,3.6084089279174805,,,0.0009173641446977854
3193,12.0,2103,2.6413025856018066,,,0.014290230348706245
3194,9.0,1927,2.4373159408569336,,,0.001037508249282837
3195,8.0,1215,1.547010898590088,,,0.005222604144364595
3196,11.0,1915,2.406398296356201,,,0.001400904031470418
3197,7.0,1141,1.4363152980804443,,,0.0017501473193988204
3198,26.0,3385,4.230342388153076,,,0.0027797825168818235
3199,8.0,1385,1.7343878746032715,,,0.011025386862456799
3200,15.0,2347,2.9393250942230225,,,0.0008733682334423065
3201,10.0,1365,1.7220590114593506,,,0.0006284556002356112
3202,17.0,3561,4.4818644523620605,,,0.0011589722707867622
3203,12.0,1853,2.35486102104187,,,0.009847128763794899
3204,6.0,1939,2.4442455768585205,,,0.004199847113341093
3205,7.0,1311,1.649345874786377,,,0.014759697020053864
3206,20.0,3729,4.6780078411102295,,,0.004958962090313435
3207,16.0,2571,3.241745948791504,,,0.006004065740853548
3208,9.0,2377,2.983771324157715,,,0.0070217931643128395
3209,11.0,1869,2.3546762466430664,,,0.0009117670706473291
3210,13.0,1917,2.3915417194366455,,,0.007725331000983715
3211,12.0,2403,2.9991157054901123,,,0.0007423989591188729
3212,3.0,1143,1.4287693500518799,,,0.0011435323394834995
3213,13.0,2399,2.998213052749634,,,0.0006044497131370008
3214,12.0,2903,3.6302876472473145,,,0.0043221740052104
3215,14.0,2653,3.3317148685455322,,,0.0043988777324557304
3216,7.0,1543,1.9458017349243164,,,0.00549544021487236
3217,7.0,1217,1.5470304489135742,,,0.008640880696475506
3218,20.0,3433,4.312302827835083,,,0.00881084706634283
3219,9.0,1887,2.3729422092437744,,,0.008185754530131817
3220,17.0,2411,3.0336647033691406,,,0.010773420333862305
3221,10.0,1497,1.8795533180236816,,,0.004827963653951883
3222,12.0,2227,2.804136037826538,,,0.013147828169167042
3223,5.0,1199,1.5054492950439453,,,0.0023870274890214205
3224,20.0,3029,3.7903952598571777,,,0.004547180142253637
3225,7.0,1473,1.8466033935546875,,,0.013002540916204453
3226,7.0,1679,2.103555917739868,,,0.003221985185518861
3227,12.0,1755,2.2168691158294678,,,0.00776313291862607
3228,3.0,1349,1.6840147972106934,,,0.001700946013443172
3229,21.0,3357,4.204576253890991,,,0.0021596322767436504
3230,3.0,1239,1.5802783966064453,,,0.019512031227350235
3231,13.0,2159,2.7374110221862793,,,0.0009669600985944271
3232,4.0,2339,2.9583747386932373,,,0.004223189782351255
3233,20.0,3033,3.7989234924316406,,,0.00564873032271862
3234,6.0,1175,1.4872403144836426,,,0.004134796094149351
3235,21.0,3334,4.197761297225952,,,0.013240447267889977
3236,11.0,2739,3.4448890686035156,,,0.007518184836953878
3237,14.0,2105,2.6615564823150635,,,0.0024565928615629673
3238,12.0,2417,3.0225422382354736,,,0.008441156707704067
3239,20.0,2923,3.678565740585327,,,0.00507498811930418
3240,21.0,3158,3.958479166030884,,,0.000727678241673857
3241,14.0,2329,2.9222278594970703,,,0.0007597527583129704
3242,9.0,1503,1.884007215499878,,,0.0007381640025414526
3243,9.0,1953,2.4639391899108887,,,0.002185747493058443
3244,15.0,3283,4.099505424499512,,,0.0019252883503213525
3245,10.0,1435,1.8026702404022217,,,0.0014249520609155297
3246,24.0,3635,4.581311941146851,,,0.0010745160980150104
3247,6.0,1309,1.6421089172363281,,,0.0016056562308222055
3248,8.0,1691,2.129185676574707,,,0.012920546345412731
3249,9.0,1903,2.4185049533843994,,,0.0006157816387712955
3250,9.0,1471,1.8600642681121826,,,0.0010619019158184528
3251,4.0,1989,2.505077600479126,,,0.018361616879701614
3252,13.0,2477,3.1307058334350586,,,0.0018157365266233683
3253,16.0,2263,2.8531293869018555,,,0.001187519053928554
3254,28.0,4805,6.007732391357422,,,0.0006386426975950599
3255,10.0,1571,1.9805490970611572,,,0.00083854392869398
3256,25.0,3395,4.2512664794921875,,,0.0029820064082741737
3257,17.0,2703,3.4125680923461914,,,0.0028212943580001593
3258,6.0,1299,1.6224761009216309,,,0.00081582588609308
3259,14.0,1683,2.10257887840271,,,0.006288457196205854
3260,13.0,1889,2.363455057144165,,,0.004036872182041407
3261,19.0,3075,3.875176429748535,,,0.0024665987584739923
3262,10.0,1737,2.190091133117676,,,0.003714759135618806
3263,6.0,1159,1.4569976329803467,,,0.0050357431173324585
3264,22.0,2217,2.7692923545837402,,,0.005127625074237585
3265,16.0,2795,3.516085147857666,,,0.003414723090827465
3266,11.0,2463,3.11252760887146,,,0.01618790253996849
3267,20.0,2415,3.0386576652526855,,,0.005300530698150396
3268,20.0,2391,2.979451894760132,,,0.0010825531790032983
3269,9.0,2101,2.6555678844451904,,,0.0075217681005597115
3270,10.0,2063,2.5978641510009766,,,0.004678543657064438
3271,15.0,3107,3.9375696182250977,,,0.004790331237018108
3272,16.0,2507,3.1543421745300293,,,0.0019783428870141506
3273,6.0,1273,1.597658395767212,,,0.0016315642278641462
3274,16.0,2773,3.4610321521759033,,,0.0031840940937399864
3275,7.0,1701,2.1447341442108154,,,0.006570739671587944
3276,4.0,1169,1.4807090759277344,,,0.0047165704891085625
3277,7.0,1293,1.6396994590759277,,,0.0011955340160056949
3278,11.0,1949,2.465770721435547,,,0.004226796329021454
3279,22.0,3877,4.862541675567627,,,0.011680454015731812
3280,12.0,2457,3.0932469367980957,,,0.01117926836013794
3281,16.0,2713,3.4034461975097656,,,0.002215238753706217
3282,9.0,1885,2.361048460006714,,,0.004332035314291716
3283,13.0,1975,2.4819815158843994,,,0.0010953444289043546
3284,5.0,1793,2.2514896392822266,,,0.010903710499405861
3285,8.0,1985,2.484077215194702,,,0.008068639785051346
3286,9.0,2117,2.6539835929870605,,,0.0011467484291642904
3287,4.0,1195,1.5047788619995117,,,0.005049305036664009
3288,4.0,1235,1.5505785942077637,,,0.006157620809972286
3289,11.0,1917,2.3962314128875732,,,0.004887049086391926
3290,17.0,2931,3.672093629837036,,,0.0018059980357065797
3291,17.0,3167,3.971881628036499,,,0.0017803966766223311
3292,19.0,2579,3.2461259365081787,,,0.0014838104834780097
3293,8.0,1891,2.387502431869507,,,0.0007839137688279152
3294,2.0,1175,1.4949347972869873,,,0.006592898163944483
3295,19.0,3438,4.3039751052856445,,,0.007067516446113586
3296,9.0,1875,2.3626461029052734,,,0.001047397032380104
3297,12.0,2549,3.2028799057006836,,,0.0012776742223650217
3298,19.0,3511,4.404263257980347,,,0.010432230308651924
3299,9.0,2365,2.967151403427124,,,0.010691599920392036
3300,19.0,2906,3.6290245056152344,,,0.004253184888511896
3301,13.0,2579,3.2243270874023438,,,0.007052930537611246
3302,15.0,2791,3.4879443645477295,,,0.0037454452831298113
3303,11.0,1515,1.903106689453125,,,0.0021666488610208035
3304,10.0,1813,2.258680820465088,,,0.001078044413588941
3305,12.0,2261,2.849421739578247,,,0.005152677185833454
3306,5.0,1447,1.8361425399780273,,,0.004416498355567455
3307,16.0,2881,3.6229796409606934,,,0.005181106273084879
3308,10.0,2167,2.725383996963501,,,0.004933194722980261
3309,13.0,2381,3.012181520462036,,,0.006947680842131376
3310,13.0,3187,4.0108606815338135,,,0.0007918142364360392
3311,9.0,1869,2.3529839515686035,,,0.00610482320189476
3312,21.0,2637,3.3057329654693604,,,0.004425426945090294
3313,8.0,1763,2.2331154346466064,,,0.005548297893255949
3314,9.0,1807,2.2676711082458496,,,0.0021896862890571356
3315,16.0,2493,3.112302780151367,,,0.007163648493587971
3316,2.0,1893,2.3716330528259277,,,0.000619244237896055
3317,6.0,1065,1.3485281467437744,,,0.002069089561700821
3318,10.0,1521,1.9181065559387207,,,0.009735548868775368
3319,8.0,2141,2.706806182861328,,,0.0008586483309045434
3320,10.0,1915,2.4292519092559814,,,0.009590940549969673
3321,7.0,1761,2.209974527359009,,,0.013841986656188965
3322,15.0,2487,3.1321792602539062,,,0.0009029089706018567
3323,19.0,3867,4.8620405197143555,,,0.004458331968635321
3324,17.0,2937,3.660867214202881,,,0.00151276052929461
3325,22.0,2897,3.6246113777160645,,,0.0032104719430208206
3326,3.0,1491,1.8678169250488281,,,0.0085632698610425
3327,25.0,4197,5.269756078720093,,,0.008093737997114658
3328,9.0,1257,1.5800797939300537,,,0.0006538017769344151
3329,23.0,3297,4.1444268226623535,,,0.004211874678730965
3330,13.0,2113,2.6569766998291016,,,0.001083009410649538
3331,4.0,1121,1.4090278148651123,,,0.003558912081643939
3332,15.0,3331,4.161748647689819,,,0.010221187956631184
3333,4.0,1501,1.891988754272461,,,0.0009008589549921453
3334,22.0,3017,3.776862859725952,,,0.0007461722707375884
3335,10.0,1265,1.589181661605835,,,0.0005885616992600262
3336,9.0,1947,2.431154251098633,,,0.0009332525078207254
3337,8.0,1797,2.2550103664398193,,,0.0026743938215076923
3338,4.0,1175,1.4750683307647705,,,0.0010866536758840084
3339,15.0,2153,2.7000339031219482,,,0.013092377223074436
3340,12.0,1847,2.336165189743042,,,0.00047992198960855603
3341,18.0,2661,3.320352077484131,,,0.003171703079715371
3342,2.0,1119,1.3996305465698242,,,0.0037659674417227507
3343,10.0,1713,2.142010450363159,,,0.0012116952566429973
3344,5.0,1367,1.7074739933013916,,,0.00388659187592566
3345,6.0,1181,1.4813947677612305,,,0.0007688529440201819
3346,13.0,2289,2.867689371109009,,,0.0066431122832000256
3347,18.0,2265,2.8352510929107666,,,0.0018201182829216123
3348,9.0,2443,3.0651183128356934,,,0.004407028201967478
3349,20.0,2807,3.544541597366333,,,0.010999901220202446
3350,20.0,3163,3.9800150394439697,,,0.0012865347089245915
3351,10.0,2067,2.5871920585632324,,,0.004198266658931971
3352,18.0,2639,3.2953240871429443,,,0.0009508939110673964
3353,12.0,2325,2.929913282394409,,,0.005649143364280462
3354,22.0,3339,4.182739496231079,,,0.0015623527579009533
3355,9.0,1923,2.4315686225891113,,,0.014060183428227901
3356,23.0,3271,4.1036765575408936,,,0.005929905455559492
3357,18.0,2610,3.2890431880950928,,,0.004833359736949205
3358,17.0,2747,3.4530324935913086,,,0.0019205620046705008
3359,13.0,2385,2.993222951889038,,,0.004497208166867495
3360,15.0,2415,3.0181467533111572,,,0.005148835945874453
3361,13.0,1975,2.478543519973755,,,0.0011327203828841448
3362,18.0,3125,3.930971384048462,,,0.0009943933691829443
3363,8.0,2033,2.557422161102295,,,0.0008418863289989531
3364,9.0,2051,2.586272716522217,,,0.004652051720768213
3365,18.0,4749,5.925423860549927,,,0.000973212590906769
3366,15.0,2337,2.9654839038848877,,,0.00566070294007659
3367,14.0,3189,3.991873264312744,,,0.001388927106745541
3368,14.0,2355,2.958408832550049,,,0.0015562473563477397
3369,20.0,2427,3.0485777854919434,,,0.011927489191293716
3370,11.0,2103,2.64884352684021,,,0.0037505680229514837
3371,15.0,2688,3.388505697250366,,,0.004892049357295036
3372,-1.0,1621,2.052846908569336,,,0.0014588275225833058
3373,17.0,2265,2.849562644958496,,,0.002180439420044422
3374,15.0,3389,4.245368003845215,,,0.0018630692502483726
3375,17.0,2806,3.5161030292510986,,,0.0007077240734361112
3376,9.0,1419,1.8220973014831543,,,0.0007387589430436492
3377,18.0,3459,4.353126525878906,,,0.004583448637276888
3378,14.0,2617,3.2889440059661865,,,0.0007619140087626874
3379,10.0,1723,2.1741490364074707,,,0.005036217160522938
3380,29.0,4513,5.658149719238281,,,0.01195901446044445
3381,13.0,2595,3.247545003890991,,,0.0009391448111273348
3382,7.0,1743,2.1967384815216064,,,0.0010877124732360244
3383,4.0,1623,2.0448062419891357,,,0.004474919755011797
3384,17.0,2797,3.5102014541625977,,,0.004799619782716036
3385,14.0,2881,3.611912965774536,,,0.0011730869300663471
3386,13.0,3463,4.343687057495117,,,0.005539957899600267
3387,15.0,2899,3.6335701942443848,,,0.00350547325797379
3388,14.0,1865,2.3535993099212646,,,0.00795249454677105
3389,18.0,3635,4.553665399551392,,,0.0032396926544606686
3390,22.0,2915,3.6782774925231934,,,0.005929450038820505
3391,10.0,2121,2.676569938659668,,,0.0012784311547875404
3392,5.0,1515,1.8968095779418945,,,0.0011574425734579563
3393,14.0,2337,2.953261137008667,,,0.002295559272170067
3394,13.0,2515,3.170184850692749,,,0.00427329633384943
3395,14.0,3701,4.642115831375122,,,0.004549556411802769
3396,15.0,2549,3.233699321746826,,,0.00074486352968961
3397,11.0,2005,2.537916660308838,,,0.016999924555420876
3398,17.0,2475,3.1050031185150146,,,0.0007696860702708364
3399,13.0,3721,4.668241262435913,,,0.01267274934798479
3400,12.0,2441,3.080599784851074,,,0.001073109800927341
3401,15.0,2615,3.310880661010742,,,0.0010848393430933356
3402,26.0,3847,4.850498676300049,,,0.004309525713324547
3403,5.0,1149,1.4557745456695557,,,0.006153592839837074
3404,14.0,3479,4.364018201828003,,,0.0016172974137589335
3405,6.0,1079,1.3594927787780762,,,0.001086380216293037
3406,6.0,1095,1.3775641918182373,,,0.003869060892611742
3407,17.0,2095,2.6206600666046143,,,0.0019237645901739597
3408,19.0,3339,4.183672904968262,,,0.0015950395027175546
3409,12.0,2287,2.8751583099365234,,,0.0010581347160041332
3410,17.0,2829,3.563234567642212,,,0.00824300479143858
3411,17.0,1695,2.141937494277954,,,0.005349034443497658
3412,7.0,1409,1.7729129791259766,,,0.000953053473494947
3413,10.0,1379,1.7401504516601562,,,0.009781990200281143
3414,10.0,2151,2.7128286361694336,,,0.004479348659515381
3415,15.0,2857,3.580620527267456,,,0.003460237756371498
3416,19.0,2579,3.257559061050415,,,0.001169838709756732
3417,8.0,1585,1.989833116531372,,,0.013848076574504375
3418,6.0,1559,1.9542524814605713,,,0.0056095425970852375
3419,11.0,2139,2.6814024448394775,,,0.004492726176977158
3420,6.0,1335,1.6751089096069336,,,0.0019581930246204138
3421,15.0,3101,3.913562774658203,,,0.0010330119403079152
3422,7.0,1279,1.6204054355621338,,,0.004081875551491976
3423,19.0,2835,3.5656163692474365,,,0.0013826575595885515
3424,19.0,2685,3.395310401916504,,,0.01580522023141384
3425,15.0,1771,2.236811876296997,,,0.008133986964821815
3426,3.0,1131,1.4360122680664062,,,0.0006341105327010155
3427,16.0,2213,2.788508415222168,,,0.0005918642273172736
3428,7.0,1549,1.942115306854248,,,0.00713842548429966
3429,7.0,1891,2.363938093185425,,,0.0008555035456083715
3430,5.0,1293,1.6125035285949707,,,0.0016792082460597157
3431,11.0,2293,2.8840389251708984,,,0.0007418222958222032
3432,13.0,2053,2.5934412479400635,,,0.0017247914802283049
3433,13.0,2393,3.02417254447937,,,0.00727178156375885
3434,11.0,1597,2.0196053981781006,,,0.01200120709836483
3435,7.0,1489,1.872354507446289,,,0.006146360654383898
3436,13.0,2765,3.4688777923583984,,,0.0034874265547841787
3437,10.0,2453,3.0871317386627197,,,0.004203082527965307
3438,17.0,2233,2.806384801864624,,,0.01025146059691906
3439,7.0,1357,1.6995227336883545,,,0.012607431970536709
3440,14.0,2309,2.910118579864502,,,0.003518825164064765
3441,19.0,3617,4.532166957855225,,,0.004168149549514055
3442,12.0,1975,2.483942985534668,,,0.0005038274102844298
3443,14.0,2801,3.500295400619507,,,0.004573742393404245
3444,20.0,3417,4.298814296722412,,,0.0011032449547201395
3445,12.0,1987,2.4983012676239014,,,0.004548764321953058
3446,7.0,1429,1.796675205230713,,,0.0012714362237602472
3447,16.0,1631,2.042573928833008,,,0.0034189096186310053
3448,14.0,2445,3.0626580715179443,,,0.012953773140907288
3449,20.0,4229,5.294726848602295,,,0.0011902176775038242
3450,6.0,1057,1.3347134590148926,,,0.0027503864839673042
3451,11.0,1783,2.2611825466156006,,,0.01069544069468975
3452,24.0,2839,3.5670361518859863,,,0.005084037780761719
3453,12.0,2015,2.521712064743042,,,0.0010930688586086035
3454,22.0,3163,3.935373067855835,,,0.009348087012767792
3455,11.0,2087,2.613642454147339,,,0.006530435755848885
3456,13.0,2817,3.5136077404022217,,,0.004681223537772894
3457,10.0,1775,2.2218003273010254,,,0.0019318504491820931
3458,13.0,2815,3.522430658340454,,,0.002150747925043106
3459,12.0,1931,2.411815881729126,,,0.0054978178814053535
3460,15.0,2219,2.782937526702881,,,0.004534388426691294
3461,15.0,2293,2.862574815750122,,,0.004116183612495661
3462,13.0,2069,2.585599660873413,,,0.0008652432588860393
3463,9.0,2359,2.9466333389282227,,,0.007580578327178955
3464,25.0,3761,4.70215630531311,,,0.0014462177641689777
3465,10.0,1325,1.674569845199585,,,0.0007723210728727281
3466,7.0,1387,1.750422477722168,,,0.007005057763308287
3467,18.0,3087,3.8662269115448,,,0.004788579419255257
3468,8.0,1615,2.02636981010437,,,0.005635244306176901
3469,10.0,2055,2.582705020904541,,,0.01013670489192009
3470,18.0,2793,3.479100465774536,,,0.007899009622633457
3471,7.0,1721,2.17384934425354,,,0.0008262395858764648
3472,22.0,3997,4.9936888217926025,,,0.012204237282276154
3473,7.0,1505,1.8997113704681396,,,0.004773598629981279
3474,19.0,3379,4.245656967163086,,,0.004161444492638111
3475,14.0,2369,3.00274920463562,,,0.0038648059125989676
3476,9.0,2227,2.797131299972534,,,0.008244629949331284
3477,28.0,3493,4.376070499420166,,,0.005440318025648594
3478,15.0,2555,3.2300467491149902,,,0.001393916318193078
3479,9.0,1305,1.648400068283081,,,0.0009752206387929618
3480,9.0,1267,1.5884160995483398,,,0.004602471832185984
3481,12.0,2479,3.091222047805786,,,0.007702461909502745
3482,17.0,2677,3.374284029006958,,,0.0006952240946702659
3483,6.0,1523,1.922804355621338,,,0.012029175646603107
3484,13.0,2369,2.9720325469970703,,,0.00874201487749815
3485,18.0,2955,3.689021587371826,,,0.0009545170469209552
3486,18.0,3117,3.8924012184143066,,,0.0005206677597016096
3487,13.0,2263,2.8437440395355225,,,0.005844477564096451
3488,5.0,1221,1.5383667945861816,,,0.0007671662606298923
3489,8.0,2053,2.5774731636047363,,,0.013412357307970524
3490,13.0,2235,2.8145716190338135,,,0.005773956421762705
3491,7.0,1403,1.7606415748596191,,,0.0011167688062414527
3492,2.0,1207,1.5078136920928955,,,0.00955786369740963
3493,13.0,2345,2.9280359745025635,,,0.001596946152858436
3494,14.0,2827,3.5630381107330322,,,0.00423565786331892
3495,12.0,1947,2.443344831466675,,,0.004939479287713766
3496,11.0,1567,1.95863676071167,,,0.003953561652451754
3497,9.0,2027,2.530832529067993,,,0.0012397984974086285
3498,10.0,1861,2.3413548469543457,,,0.004854537080973387
3499,16.0,2209,2.7827980518341064,,,0.005961742717772722
3500,17.0,2519,3.184605360031128,,,0.0028571931179612875
3501,6.0,1575,1.9827287197113037,,,0.00796070322394371
3502,14.0,2279,2.8630826473236084,,,0.00583373848348856
3503,4.0,1151,1.4454395771026611,,,0.004333865363150835
3504,19.0,2867,3.609612464904785,,,0.0013589075533673167
3505,19.0,3195,4.02182412147522,,,0.0042069824412465096
3506,17.0,2291,2.8741087913513184,,,0.00506179966032505
3507,14.0,1889,2.3926515579223633,,,0.009202104061841965
3508,13.0,1881,2.3685708045959473,,,0.004386113025248051
3509,15.0,2977,3.7454514503479004,,,0.002584027126431465
3510,8.0,1207,1.5212695598602295,,,0.001518170814961195
3511,5.0,1315,1.6511962413787842,,,0.0045400504022836685
3512,21.0,3211,4.025575399398804,,,0.001776073477230966
3513,12.0,1481,1.8616023063659668,,,0.0007371266838163137
3514,10.0,1443,1.816650390625,,,0.001021889504045248
3515,10.0,1553,1.9578042030334473,,,0.012494627386331558
3516,11.0,1647,2.068753719329834,,,0.0013033471768721938
3517,28.0,5283,6.644673585891724,,,0.0033159495797008276
3518,3.0,1037,1.2924623489379883,,,0.006881996989250183
3519,12.0,2017,2.5421924591064453,,,0.0015437337569892406
3520,15.0,2567,3.219806432723999,,,0.00949497427791357
3521,14.0,2573,3.218571186065674,,,0.009148683398962021
3522,4.0,1263,1.5830013751983643,,,0.008704052306711674
3523,7.0,1849,2.319761276245117,,,0.0036852459888905287
3524,19.0,3261,4.124023914337158,,,0.015328468754887581
3525,3.0,1573,1.9690730571746826,,,0.003000713186338544
3526,16.0,2747,3.46462345123291,,,0.011447099037468433
3527,24.0,4441,5.6079254150390625,,,0.0071836430579423904
3528,19.0,2699,3.414686679840088,,,0.001172667951323092
3529,18.0,2635,3.3351941108703613,,,0.0007971282466314733
3530,5.0,1457,1.8597099781036377,,,0.0007180199027061462
3531,18.0,2841,3.591646432876587,,,0.004926337394863367
3532,3.0,1319,1.6744616031646729,,,0.002004475798457861
3533,15.0,3747,4.700091361999512,,,0.006915130652487278
3534,6.0,1309,1.6503796577453613,,,0.005426539573818445
3535,23.0,3445,4.307760715484619,,,0.0071482243947684765
3536,-1.0,1573,1.97166109085083,,,0.0006696003838442266
3537,11.0,1933,2.4406354427337646,,,0.0014768216060474515
3538,2.0,1011,1.2704153060913086,,,0.0011537945829331875
3539,6.0,1209,1.5246062278747559,,,0.0015283137327060103
3540,19.0,3457,4.363938808441162,,,0.0010510408319532871
3541,9.0,1281,1.6177542209625244,,,0.0023861038498580456
3542,13.0,2239,2.8240184783935547,,,0.006028567906469107
3543,-1.0,1361,1.7092018127441406,,,0.0011710483813658357
3544,13.0,2909,3.6393308639526367,,,0.008143092505633831
3545,12.0,1907,2.4234347343444824,,,0.0039648753590881824
3546,9.0,2675,3.3521666526794434,,,0.006981069687753916
3547,13.0,2249,2.8372063636779785,,,0.00980854406952858
3548,3.0,1369,1.7171204090118408,,,0.004004765767604113
3549,19.0,2533,3.180408477783203,,,0.00802629068493843
3550,15.0,2721,3.414855480194092,,,0.004780788440257311
3551,3.0,1623,2.047861099243164,,,0.009175216779112816
3552,25.0,3841,4.830103158950806,,,0.010987690649926662
3553,14.0,2537,3.191603183746338,,,0.013483046554028988
3554,13.0,2409,3.023369312286377,,,0.0064889611676335335
3555,11.0,2195,2.782716989517212,,,0.007748603820800781
3556,15.0,2289,2.878824234008789,,,0.0005941818235442042
3557,15.0,2617,3.283442735671997,,,0.0021771176252514124
3558,8.0,1899,2.3783531188964844,,,0.0016846993239596486
3559,15.0,2339,2.937375068664551,,,0.003691153833642602
3560,6.0,1131,1.4345388412475586,,,0.009641601704061031
3561,5.0,1239,1.5534753799438477,,,0.012218943797051907
3562,6.0,1635,2.04970383644104,,,0.00125916488468647
3563,12.0,2239,2.799203872680664,,,0.0010092988377436996
3564,11.0,2005,2.50358247756958,,,0.009157692082226276
3565,16.0,2499,3.1495397090911865,,,0.009697231464087963
3566,5.0,1185,1.4954922199249268,,,0.007329761516302824
3567,7.0,1493,1.8709304332733154,,,0.0008365391404367983
3568,3.0,1055,1.321317195892334,,,0.008661328814923763
3569,20.0,3135,3.9255361557006836,,,0.0006734628695994616
3570,5.0,1121,1.4032511711120605,,,0.0009809545008465648
3571,11.0,2017,2.5124824047088623,,,0.0027169575914740562
3572,2.0,1207,1.5064666271209717,,,0.003596952650696039
3573,2.0,1097,1.376490592956543,,,0.005179528146982193
3574,19.0,3329,4.179092168807983,,,0.0007684276788495481
3575,6.0,1121,1.411029577255249,,,0.0006976955919526517
3576,17.0,2987,3.7249629497528076,,,0.002220225753262639
3577,11.0,1947,2.470062017440796,,,0.001314919558353722
3578,14.0,2063,2.6174652576446533,,,0.002635466866195202
3579,23.0,3293,4.119936943054199,,,0.0005087401368655264
3580,15.0,2209,2.7688825130462646,,,0.004202451091259718
3581,20.0,3071,3.8450217247009277,,,0.010720762424170971
3582,6.0,1347,1.7116494178771973,,,0.005980308633297682
3583,13.0,2887,3.6124823093414307,,,0.0050610387697815895
3584,26.0,4152,5.200177907943726,,,0.0032399920746684074
3585,3.0,1451,1.8391923904418945,,,0.01030181348323822
3586,2.0,1095,1.38539719581604,,,0.004936962388455868
3587,3.0,1159,1.465773344039917,,,0.0013543296372517943
3588,16.0,2789,3.508410930633545,,,0.0018363019917160273
3589,9.0,1877,2.3697712421417236,,,0.00801160279661417
3590,16.0,2899,3.652704954147339,,,0.012210032902657986
3591,9.0,2653,3.3182852268218994,,,0.016115210950374603
3592,9.0,1581,1.9736154079437256,,,0.0031697521917521954
3593,15.0,2581,3.223377227783203,,,0.005850735120475292
3594,18.0,3007,3.7494518756866455,,,0.006570764351636171
3595,1.0,1325,1.6777737140655518,,,0.0044736675918102264
3596,14.0,2159,2.731337070465088,,,0.001616418594494462
3597,17.0,3187,4.015676736831665,,,0.011332781985402107
3598,7.0,1589,2.0191526412963867,,,0.005009655840694904
3599,3.0,1043,1.3118457794189453,,,0.003456819336861372
3600,9.0,1597,1.994318962097168,,,0.0021153998095542192
3601,6.0,1077,1.351968765258789,,,0.013922259211540222
3602,14.0,2339,2.9280667304992676,,,0.00545264407992363
3603,2.0,1163,1.4588167667388916,,,0.004006294999271631
3604,9.0,2219,2.781085729598999,,,0.018833816051483154
3605,11.0,2165,2.718851327896118,,,0.004040256608277559
3606,19.0,4113,5.148552656173706,,,0.005631543230265379
3607,17.0,2979,3.725069522857666,,,0.004339324310421944
3608,10.0,1887,2.393738031387329,,,0.005778969265520573
3609,17.0,3109,3.8950421810150146,,,0.004498251713812351
3610,12.0,2031,2.549621343612671,,,0.0035645398311316967
3611,10.0,1689,2.1285312175750732,,,0.0008241147152148187
3612,14.0,2313,2.920577049255371,,,0.0013269080081954598
3613,7.0,1487,1.8621509075164795,,,0.02203952893614769
3614,6.0,1117,1.4006197452545166,,,0.00837723445147276
3615,10.0,2491,3.149354934692383,,,0.003982855007052422
3616,16.0,2255,2.83201265335083,,,0.0016528472770005465
3617,23.0,3645,4.558789014816284,,,0.0010515858884900808
3618,12.0,2621,3.285074234008789,,,0.0004716991970781237
3619,9.0,1745,2.17753005027771,,,0.009062908589839935
3620,10.0,1667,2.090954065322876,,,0.0015887743793427944
3621,11.0,2755,3.4398000240325928,,,0.0011842643143609166
3622,9.0,1679,2.093787908554077,,,0.002721126191318035
3623,12.0,2339,2.9126691818237305,,,0.010231753811240196
3624,6.0,1333,1.6660676002502441,,,0.0064706155098974705
3625,14.0,2251,2.847604990005493,,,0.00880497507750988
3626,12.0,2761,3.481869697570801,,,0.01560197677463293
3627,15.0,2453,3.087829113006592,,,0.010202864184975624
3628,7.0,1481,1.8663675785064697,,,0.0035375661682337523
3629,2.0,1035,1.2990117073059082,,,0.010541868396103382
3630,2.0,1015,1.2688510417938232,,,0.013694671913981438
3631,9.0,1955,2.457655668258667,,,0.006656930316239595
3632,8.0,1177,1.5041637420654297,,,0.0007972496096044779
3633,20.0,3065,3.853754997253418,,,0.007606078404933214
3634,10.0,1529,1.9306957721710205,,,0.0008569006458856165
3635,0.0,957,1.2016479969024658,,,0.0011220179731026292
3636,6.0,1159,1.454671859741211,,,0.002568672876805067
3637,9.0,1677,2.1009511947631836,,,0.010878129862248898
3638,6.0,1153,1.465808629989624,,,0.0006784495781175792
3639,-2.0,951,1.207655429840088,,,0.00503090675920248
3640,17.0,3285,4.117019176483154,,,0.012240514159202576
3641,8.0,1655,2.1024529933929443,,,0.0048039862886071205
3642,12.0,2003,2.524261474609375,,,0.004818352404981852
3643,15.0,2581,3.2249536514282227,,,0.005823257379233837
3644,7.0,1303,1.6409235000610352,,,0.001237063086591661
3645,7.0,1279,1.6267080307006836,,,0.002695116214454174
3646,11.0,1885,2.3693177700042725,,,0.003957466688007116
3647,14.0,2165,2.725806951522827,,,0.0041533359326422215
3648,8.0,1207,1.5293104648590088,,,0.0039261202327907085
3649,4.0,1277,1.620488166809082,,,0.0013254355872049928
3650,16.0,2227,2.806238889694214,,,0.0077916476875543594
3651,19.0,3501,4.392125129699707,,,0.009067694656550884
3652,9.0,1931,2.434568166732788,,,0.009685222990810871
3653,11.0,1981,2.5057106018066406,,,0.001539308112114668
3654,7.0,1231,1.5440356731414795,,,0.004374994896352291
3655,6.0,1303,1.6347553730010986,,,0.0019571410957723856
3656,5.0,1167,1.456587553024292,,,0.004261222202330828
3657,14.0,2573,3.2477681636810303,,,0.005225722212344408
3658,10.0,2391,2.998426675796509,,,0.012280017137527466
3659,3.0,1335,1.6731412410736084,,,0.0023882840760052204
3660,4.0,1207,1.5127875804901123,,,0.0007780155865475535
3661,0.0,939,1.1924657821655273,,,0.004501600284129381
3662,11.0,2497,3.1371009349823,,,0.008076406084001064
3663,11.0,2089,2.629401922225952,,,0.0036089583300054073
3664,9.0,1619,2.034327745437622,,,0.00691372063010931
3665,5.0,1531,1.9245266914367676,,,0.0012874852400273085
3666,15.0,2299,2.901134729385376,,,0.011449403129518032
3667,9.0,1527,1.9214739799499512,,,0.0013334917603060603
3668,16.0,2703,3.391322135925293,,,0.013421617448329926
3669,5.0,1149,1.4417009353637695,,,0.01169478427618742
3670,6.0,1129,1.4286448955535889,,,0.002283393405377865
3671,8.0,1657,2.080165147781372,,,0.0013111884472891688
3672,13.0,2135,2.6766724586486816,,,0.0012650067219510674
3673,2.0,1201,1.524935007095337,,,0.0011479688109830022
3674,16.0,2123,2.6863980293273926,,,0.002812731545418501
3675,14.0,2683,3.3758721351623535,,,0.007925398647785187
3676,10.0,1997,2.5076804161071777,,,0.008104939013719559
3677,15.0,1983,2.4824893474578857,,,0.00785148236900568
3678,14.0,2599,3.252457618713379,,,0.002923370338976383
3679,4.0,1039,1.3124709129333496,,,0.005174033343791962
3680,23.0,3147,3.9342572689056396,,,0.000694975140504539
3681,18.0,2858,3.5876195430755615,,,0.0009615404414944351
3682,10.0,1945,2.427950859069824,,,0.006460604723542929
3683,9.0,1695,2.1198554039001465,,,0.001181620405986905
3684,15.0,3001,3.761500597000122,,,0.017249323427677155
3685,16.0,2531,3.164776563644409,,,0.00531862722709775
3686,10.0,1521,1.8993749618530273,,,0.0025229251477867365
3687,32.0,4075,5.0846123695373535,,,0.003443176159635186
3688,19.0,2877,3.580514669418335,,,0.004879877436906099
3689,8.0,1305,1.6342568397521973,,,0.01012376043945551
3690,5.0,1283,1.5994348526000977,,,0.004138327203691006
3691,16.0,2379,2.9734275341033936,,,0.009814666584134102
3692,20.0,2747,3.423663854598999,,,0.007378100883215666
3693,15.0,2377,2.9647164344787598,,,0.005197628866881132
3694,5.0,1089,1.3637957572937012,,,0.00912934634834528
3695,9.0,1703,2.127816677093506,,,0.023124879226088524
3696,6.0,1479,1.8461668491363525,,,0.004364247899502516
3697,9.0,1779,2.2223095893859863,,,0.0007871247944422066
3698,21.0,3413,4.258699417114258,,,0.0019739370327442884
3699,12.0,2231,2.7870943546295166,,,0.004015711601823568
3700,4.0,987,1.239084243774414,,,0.000814515573438257
3701,6.0,1219,1.5311522483825684,,,0.0030899234116077423
3702,17.0,2145,2.689211368560791,,,0.004684215411543846
3703,11.0,1521,1.912266731262207,,,0.006077386438846588
3704,19.0,2849,3.5587551593780518,,,0.005617071408778429
3705,14.0,2053,2.576850414276123,,,0.0011869871523231268
3706,6.0,1047,1.3171734809875488,,,0.0025361902080476284
3707,6.0,1569,1.9657669067382812,,,0.0016952923033386469
3708,14.0,1961,2.456505537033081,,,0.013972146436572075
3709,9.0,1627,2.0438477993011475,,,0.005495793651789427
3710,10.0,2085,2.616100311279297,,,0.004431493580341339
3711,4.0,1229,1.5313282012939453,,,0.00491978507488966
3712,4.0,1181,1.4787108898162842,,,0.00162808271124959
3713,20.0,2319,2.9093754291534424,,,0.0041977036744356155
3714,9.0,1513,1.9268202781677246,,,0.002934336196631193
3715,15.0,2105,2.6418886184692383,,,0.0013302677543833852
3716,19.0,2585,3.2281646728515625,,,0.0011503708083182573
3717,15.0,2263,2.824730396270752,,,0.0008501103147864342
3718,20.0,2819,3.516531467437744,,,0.00869338121265173
3719,7.0,1545,1.9244334697723389,,,0.0008160505094565451
3720,6.0,1323,1.6574733257293701,,,0.000837610918097198
3721,24.0,4399,5.485330581665039,,,0.0013599640224128962
3722,13.0,2007,2.5287110805511475,,,0.0012699303915724158
3723,5.0,1611,2.0423877239227295,,,0.013717034831643105
3724,9.0,1409,1.769212245941162,,,0.0031171482987701893
3725,12.0,2435,3.0664408206939697,,,0.004535589832812548
3726,15.0,2727,3.4269165992736816,,,0.005372871179133654
3727,6.0,1585,1.9890871047973633,,,0.002126190811395645
3728,8.0,1423,1.7897205352783203,,,0.0011393122840672731
3729,6.0,1461,1.8324851989746094,,,0.0007492515724152327
3730,11.0,1885,2.3664333820343018,,,0.0013196326326578856
3731,6.0,1141,1.4528989791870117,,,0.0009862757287919521
3732,5.0,1691,2.128560781478882,,,0.016318459063768387
3733,15.0,2269,2.853766918182373,,,0.0015657388139516115
3734,18.0,3255,4.088027000427246,,,0.004938048310577869
3735,5.0,1115,1.4161655902862549,,,0.0037638761568814516
3736,21.0,3073,3.83530592918396,,,0.010681625455617905
3737,10.0,1573,1.9795143604278564,,,0.004664573352783918
3738,13.0,2741,3.435173273086548,,,0.00623661233112216
3739,15.0,2563,3.226588726043701,,,0.004599453881382942
3740,16.0,2069,2.6097168922424316,,,0.0012020161375403404
3741,6.0,1321,1.6626334190368652,,,0.006579802371561527
3742,22.0,3127,3.9357309341430664,,,0.00387081247754395
3743,19.0,4315,5.428262948989868,,,0.0030470534693449736
3744,6.0,1443,1.8128292560577393,,,0.010022198781371117
3745,9.0,1503,1.8796956539154053,,,0.0013839288149029016
3746,7.0,1103,1.3850572109222412,,,0.012190945446491241
3747,20.0,3323,4.187330007553101,,,0.0035004501696676016
3748,11.0,2211,2.7676076889038086,,,0.00851382501423359
3749,18.0,2571,3.2013087272644043,,,0.003408443182706833
3750,12.0,2531,3.186608076095581,,,0.001970505341887474
3751,1.0,1061,1.3530299663543701,,,0.002652896801009774
3752,20.0,2963,3.7142703533172607,,,0.0009740067762322724
3753,3.0,1091,1.365281581878662,,,0.0041879285126924515
3754,10.0,1957,2.4512510299682617,,,0.0016873960848897696
3755,5.0,1291,1.6154203414916992,,,0.012006038799881935
3756,18.0,2949,3.684007167816162,,,0.0011011328315362334
3757,19.0,3027,3.815856695175171,,,0.013667291030287743
3758,5.0,1169,1.4781382083892822,,,0.0004907344118691981
3759,15.0,2661,3.351332902908325,,,0.00174678151961416
3760,11.0,2011,2.5179779529571533,,,0.005421283654868603
3761,4.0,1057,1.3193950653076172,,,0.0012140186736360192
3762,12.0,2565,3.223576784133911,,,0.0018222264479845762
3763,9.0,1969,2.4932591915130615,,,0.001525510218925774
3764,18.0,2931,3.6924078464508057,,,0.003973142709583044
3765,8.0,1613,2.026292085647583,,,0.005828500259667635
3766,15.0,2347,2.9487006664276123,,,0.0020362793002277613
3767,8.0,1817,2.2721192836761475,,,0.003842519596219063
3768,17.0,2663,3.3579814434051514,,,0.0010188408195972443
3769,9.0,1955,2.4476404190063477,,,0.0046708364970982075
3770,17.0,2743,3.4386916160583496,,,0.0044866870157420635
3771,21.0,2841,3.5717203617095947,,,0.0057038916274905205
3772,13.0,2339,2.943692922592163,,,0.004590439144521952
3773,14.0,2951,3.688262701034546,,,0.007787366863340139
3774,17.0,2485,3.1129937171936035,,,0.002552435966208577
3775,6.0,2123,2.6546545028686523,,,0.006167933810502291
3776,10.0,2491,3.112546682357788,,,0.006544081028550863
3777,16.0,2545,3.189291000366211,,,0.0048149568028748035
3778,10.0,1569,1.9749186038970947,,,0.002522794995456934
3779,7.0,1859,2.3305320739746094,,,0.001603499287739396
3780,17.0,2881,3.5959086418151855,,,0.0040338593535125256
3781,2.0,1091,1.3681576251983643,,,0.0009568812674842775
3782,19.0,2843,3.5565319061279297,,,0.0010715594980865717
3783,13.0,2325,2.9054434299468994,,,0.001386465854011476
3784,8.0,2011,2.5080578327178955,,,0.0010406901128590107
3785,25.0,3885,4.8680315017700195,,,0.003333702217787504
3786,15.0,2183,2.7450594902038574,,,0.0011257888982072473
3787,6.0,1497,1.8758292198181152,,,0.0020113475620746613
3788,17.0,3145,3.938066244125366,,,0.0007973140454851091
3789,16.0,3209,4.045722723007202,,,0.0036198096349835396
3790,16.0,2139,2.6966664791107178,,,0.002691136207431555
3791,3.0,1007,1.2710156440734863,,,0.008000718429684639
3792,6.0,1361,1.7185468673706055,,,0.00641450984403491
3793,8.0,1719,2.152355909347534,,,0.00996941328048706
3794,10.0,1747,2.1906368732452393,,,0.003053284715861082
3795,15.0,2807,3.510514259338379,,,0.004520072601735592
3796,8.0,1259,1.584350824356079,,,0.004010470118373632
3797,9.0,2057,2.580106735229492,,,0.004069019574671984
3798,12.0,1927,2.411316394805908,,,0.007906812243163586
3799,15.0,2363,2.992234945297241,,,0.001064317999407649
3800,2.0,1003,1.2591829299926758,,,0.005179396364837885
3801,9.0,1961,2.4830899238586426,,,0.010396011173725128
3802,12.0,2011,2.5332677364349365,,,0.0020061354152858257
3803,10.0,1597,1.9857254028320312,,,0.004461062606424093
3804,8.0,1513,1.8966162204742432,,,0.0011804976966232061
3805,15.0,2675,3.336505174636841,,,0.0011373411398380995
3806,14.0,2005,2.5139732360839844,,,0.004425486549735069
3807,15.0,2373,2.9794576168060303,,,0.006514307111501694
3808,15.0,2433,3.0603861808776855,,,0.012060292065143585
3809,10.0,1773,2.2263851165771484,,,0.000773988664150238
3810,12.0,1909,2.4007351398468018,,,0.015437045134603977
3811,12.0,1491,1.893730878829956,,,0.001141805318184197
3812,10.0,2055,2.59251070022583,,,0.01089418213814497
3813,10.0,1401,1.7725098133087158,,,0.00707240030169487
3814,10.0,1979,2.471097707748413,,,0.001929648919031024
3815,26.0,3305,4.13051700592041,,,0.006310032214969397
3816,19.0,2529,3.1577935218811035,,,0.00476951664313674
3817,16.0,2943,3.6746950149536133,,,0.001219527912326157
3818,21.0,3019,3.7868592739105225,,,0.019831301644444466
3819,9.0,1849,2.3361170291900635,,,0.0019543555099517107
3820,15.0,2241,2.8138773441314697,,,0.00691850995644927
3821,12.0,1873,2.3424038887023926,,,0.0037625383120030165
3822,17.0,3131,3.916532278060913,,,0.001568881212733686
3823,14.0,2843,3.5711889266967773,,,0.004983756225556135
3824,6.0,1491,1.865886926651001,,,0.0010856329463422298
3825,4.0,1503,1.879382610321045,,,0.0011855053016915917
3826,9.0,1355,1.719527006149292,,,0.0010887377429753542
3827,17.0,2931,3.7014548778533936,,,0.004403580445796251
3828,12.0,2129,2.6946332454681396,,,0.005081342998892069
3829,6.0,1485,1.8725481033325195,,,0.0011344237718731165
3830,3.0,1377,1.7309551239013672,,,0.023430507630109787
3831,16.0,2565,3.210683822631836,,,0.007112070452421904
3832,13.0,2105,2.6380999088287354,,,0.0010933959856629372
3833,15.0,2159,2.7239298820495605,,,0.0025994591414928436
3834,14.0,2393,3.0024406909942627,,,0.005928440485149622
3835,10.0,1595,2.001718759536743,,,0.0009603180224075913
3836,5.0,1367,1.7126328945159912,,,0.0039902739226818085
3837,19.0,3253,4.060837268829346,,,0.006523202173411846
3838,11.0,1947,2.4376351833343506,,,0.005042704753577709
3839,18.0,4071,5.090945482254028,,,0.004659669008105993
3840,12.0,2125,2.65527081489563,,,0.000619497150182724
3841,12.0,1985,2.4999241828918457,,,0.0018489062786102295
3842,10.0,1863,2.3519887924194336,,,0.00152256665751338
3843,17.0,2205,2.7622463703155518,,,0.001144693698734045
3844,11.0,2713,3.399761915206909,,,0.0010285909520462155
3845,5.0,1819,2.2782812118530273,,,0.001234235824085772
3846,17.0,3635,4.55988621711731,,,0.005983694922178984
3847,19.0,3025,3.7773478031158447,,,0.002699627773836255
3848,10.0,2007,2.4946892261505127,,,0.0017579789273440838
3849,11.0,2015,2.515505790710449,,,0.006805209442973137
3850,14.0,2027,2.5328140258789062,,,0.005187984090298414
3851,14.0,2795,3.4962875843048096,,,0.0031959963962435722
3852,18.0,2297,2.8722290992736816,,,0.0012875018874183297
3853,16.0,2239,2.793865442276001,,,0.0008080066181719303
3854,16.0,2939,3.7115063667297363,,,0.004020934458822012
3855,13.0,2831,3.565127372741699,,,0.0010507258120924234
3856,16.0,2839,3.5768699645996094,,,0.0011266805231571198
3857,20.0,3481,4.365700006484985,,,0.00524812052026391
3858,18.0,2811,3.515395164489746,,,0.0050166598521173
3859,13.0,2087,2.61418080329895,,,0.0008183409809134901
3860,6.0,1937,2.4351582527160645,,,0.002009193878620863
3861,9.0,1867,2.3437883853912354,,,0.003633019980043173
3862,19.0,3141,3.928356647491455,,,0.005005658604204655
3863,17.0,2935,3.7049007415771484,,,0.008263112977147102
3864,14.0,2435,3.0557363033294678,,,0.0012405163142830133
3865,15.0,2225,2.783812999725342,,,0.0046248724684119225
3866,12.0,2065,2.601097583770752,,,0.0023415000177919865
3867,9.0,2021,2.528242826461792,,,0.008992845192551613
3868,14.0,2265,2.8767261505126953,,,0.004076942335814238
3869,7.0,1085,1.368377685546875,,,0.0007255470845848322
3870,7.0,1595,2.0029354095458984,,,0.000801056798081845
3871,9.0,1689,2.1068899631500244,,,0.0032159786205738783
3872,8.0,1987,2.4834938049316406,,,0.0009361750562675297
3873,20.0,4073,5.091157913208008,,,0.0010324778268113732
3874,12.0,1921,2.402458429336548,,,0.0031730150803923607
3875,16.0,2455,3.070399284362793,,,0.0035029430873692036
3876,15.0,2217,2.790787935256958,,,0.0015872123185545206
3877,19.0,3861,4.865517854690552,,,0.0009135378058999777
3878,14.0,2173,2.738560676574707,,,0.0015863622538745403
3879,12.0,2619,3.2752902507781982,,,0.005165984854102135
3880,19.0,2867,3.583724021911621,,,0.004789954517036676
3881,23.0,2895,3.6170952320098877,,,0.004072200506925583
3882,14.0,1891,2.3761143684387207,,,0.0012866606703028083
3883,19.0,2797,3.526665449142456,,,0.009776776656508446
3884,10.0,1923,2.421367645263672,,,0.005247343331575394
3885,10.0,1815,2.2909295558929443,,,0.0013878056779503822
3886,7.0,1043,1.304074764251709,,,0.01139996387064457
3887,15.0,1673,2.1021175384521484,,,0.0025689341127872467
3888,11.0,2099,2.619199752807617,,,0.0038269474171102047
3889,16.0,2303,2.889409303665161,,,0.003789515234529972
3890,3.0,1125,1.4204223155975342,,,0.003945918753743172
3891,6.0,1477,1.8768606185913086,,,0.0012347691226750612
3892,15.0,3701,4.662131071090698,,,0.009474871680140495
3893,20.0,2631,3.316688299179077,,,0.012252293527126312
3894,11.0,1519,1.9225332736968994,,,0.00046963110798969865
3895,17.0,2635,3.3176040649414062,,,0.0015160030452534556
3896,3.0,1377,1.7304577827453613,,,0.0007922303047962487
3897,18.0,3057,3.8636786937713623,,,0.00344923441298306
3898,11.0,1573,1.968660593032837,,,0.0009821931598708034
3899,17.0,3035,3.789360284805298,,,0.00855244416743517
3900,12.0,2209,2.757061243057251,,,0.0006373392534442246
3901,18.0,3237,4.101320743560791,,,0.001103003858588636
3902,11.0,1919,2.412874937057495,,,0.007737976498901844
3903,14.0,2785,3.496523380279541,,,0.016115562990307808
3904,7.0,1609,2.0416996479034424,,,0.005626640748232603
3905,21.0,2939,3.6624622344970703,,,0.0055724214762449265
3906,3.0,1497,1.8895316123962402,,,0.0011359583586454391
3907,14.0,2011,2.5414011478424072,,,0.004761009942740202
3908,5.0,1655,2.1017491817474365,,,0.011138335801661015
3909,5.0,1803,2.2700674533843994,,,0.0011561482679098845
3910,13.0,1865,2.3587570190429688,,,0.006734861526638269
3911,15.0,2521,3.155841827392578,,,0.0016845212085172534
3912,16.0,2385,2.9807450771331787,,,0.0014200129080563784
3913,9.0,1981,2.47949481010437,,,0.004773507826030254
3914,13.0,2075,2.596137285232544,,,0.0019280631095170975
3915,13.0,2381,3.0267298221588135,,,0.011522237211465836
3916,4.0,1169,1.4733052253723145,,,0.0037083704955875874
3917,20.0,2971,3.714672088623047,,,0.0022925646044313908
3918,8.0,1247,1.561753511428833,,,0.0014541966374963522
3919,18.0,2413,3.0227434635162354,,,0.0026500853709876537
3920,6.0,1059,1.334423542022705,,,0.0022259869147092104
3921,9.0,2021,2.5304017066955566,,,0.005249465350061655
3922,15.0,2585,3.2303335666656494,,,0.006690159440040588
3923,6.0,1301,1.6307835578918457,,,0.0015815149527043104
3924,14.0,2269,2.8471994400024414,,,0.005652039777487516
3925,18.0,2801,3.5348522663116455,,,0.004827508237212896
3926,18.0,2635,3.309706449508667,,,0.001018805312924087
3927,15.0,2785,3.519036293029785,,,0.007197094149887562
3928,15.0,2655,3.329164505004883,,,0.000616907374933362
3929,15.0,2575,3.221142530441284,,,0.006967604625970125
3930,8.0,1597,2.0025203227996826,,,0.005511812400072813
3931,19.0,2675,3.3407511711120605,,,0.001153838587924838
3932,13.0,1901,2.383716583251953,,,0.0048104277811944485
3933,12.0,1417,1.7761173248291016,,,0.005803772713989019
3934,20.0,3429,4.306642770767212,,,0.006426949054002762
3935,5.0,1447,1.8166189193725586,,,0.0041498406790196896
3936,19.0,2947,3.696699857711792,,,0.014964322559535503
3937,14.0,2903,3.6332974433898926,,,0.0011954857036471367
3938,12.0,2399,3.0138254165649414,,,0.007435956038534641
3939,18.0,2627,3.2744269371032715,,,0.013298146426677704
3940,5.0,1843,2.299252510070801,,,0.00591074675321579
3941,11.0,1901,2.373934507369995,,,0.003975098952651024
3942,11.0,1925,2.4227712154388428,,,0.005749227944761515
3943,18.0,2841,3.562049388885498,,,0.002595076337456703
3944,8.0,1243,1.5575904846191406,,,0.0024665475357323885
3945,7.0,1101,1.3836886882781982,,,0.001198119716718793
3946,16.0,2411,3.0273900032043457,,,0.005568127613514662
3947,14.0,2617,3.280306816101074,,,0.0007683404837734997
3948,6.0,1127,1.4182815551757812,,,0.004641332663595676
3949,14.0,2207,2.760855197906494,,,0.0045980969443917274
3950,11.0,1937,2.4098100662231445,,,0.002130323788151145
3951,-1.0,1009,1.2613074779510498,,,0.0015548188239336014
3952,-1.0,1297,1.628291368484497,,,0.0061464011669158936
3953,14.0,2211,2.781520128250122,,,0.0038620992563664913
3954,0.0,925,1.1733529567718506,,,0.0027648278046399355
3955,23.0,3355,4.20465350151062,,,0.001582171069458127
3956,6.0,1275,1.6012475490570068,,,0.0009379309485666454
3957,4.0,1827,2.297603130340576,,,0.004879978951066732
3958,12.0,1987,2.495978832244873,,,0.008976406417787075
3959,9.0,1881,2.3436055183410645,,,0.0009106356301344931
3960,16.0,2515,3.1400063037872314,,,0.004440570715814829
3961,20.0,3187,3.9628098011016846,,,0.006644219160079956
3962,20.0,4079,5.11223030090332,,,0.00076792057370767
3963,7.0,1025,1.295694351196289,,,0.004509058780968189
3964,18.0,3353,4.1943888664245605,,,0.00379655952565372
3965,14.0,2411,3.0349929332733154,,,0.008001353591680527
3966,7.0,1343,1.6941821575164795,,,0.005269377026706934
3967,28.0,3243,4.046841859817505,,,0.0010239925468340516
3968,11.0,2469,3.0862605571746826,,,0.006041980814188719
3969,8.0,1523,1.9198989868164062,,,0.005852903705090284
3970,16.0,2571,3.2280285358428955,,,0.0018443596782162786
3971,8.0,1589,1.9937164783477783,,,0.00577098224312067
3972,31.0,4643,5.771308183670044,,,0.0052228509448468685
3973,8.0,1389,1.744964838027954,,,0.004100540652871132
3974,14.0,3379,4.226473331451416,,,0.0010511405998840928
3975,10.0,2391,2.994668960571289,,,0.0016576566267758608
3976,6.0,1881,2.3758344650268555,,,0.001326542696915567
3977,11.0,1891,2.4099018573760986,,,0.009123945608735085
3978,19.0,3041,3.8065881729125977,,,0.00470765819773078
3979,18.0,3087,3.881162643432617,,,0.004078930709511042
3980,13.0,3585,4.514814615249634,,,0.0008750652195885777
3981,11.0,2087,2.6046950817108154,,,0.004235338885337114
3982,7.0,1741,2.1836724281311035,,,0.015994325280189514
3983,8.0,1305,1.639092206954956,,,0.0012663917150348425
3984,2.0,1071,1.3455777168273926,,,0.01371589582413435
3985,17.0,2541,3.17840313911438,,,0.004460814408957958
3986,19.0,5569,6.961989879608154,,,0.001588392653502524
3987,8.0,2805,3.5210187435150146,,,0.0015096153365448117
3988,13.0,2349,2.9509940147399902,,,0.001873378991149366
3989,14.0,2327,2.9276859760284424,,,0.0004913457087241113
3990,9.0,1207,1.5145273208618164,,,0.004791253246366978
3991,4.0,1077,1.363396406173706,,,0.0015681501245126128
3992,8.0,1769,2.2147886753082275,,,0.0007826760411262512
3993,18.0,2963,3.6953139305114746,,,0.0007438204484060407
3994,23.0,2513,3.1493935585021973,,,0.010384016670286655
3995,4.0,1245,1.5712854862213135,,,0.001115844352170825
3996,8.0,1497,1.8803305625915527,,,0.0024074078537523746
3997,8.0,1393,1.75968599319458,,,0.0032629542984068394
3998,13.0,2247,2.809450387954712,,,0.0033463032450526953
3999,15.0,2327,2.8921449184417725,,,0.0013320475118234754
4000,8.0,1581,1.9728343486785889,,,0.004506731405854225
4001,10.0,1515,1.8990178108215332,,,0.005162794608622789
4002,16.0,3129,3.9347240924835205,,,0.01035099197179079
4003,11.0,2217,2.779932737350464,,,0.004295224789530039
4004,11.0,1341,1.6929783821105957,,,0.0012228020932525396
4005,9.0,2083,2.623061418533325,,,0.007724440656602383
4006,12.0,2069,2.58530592918396,,,0.004550856538116932
4007,5.0,1065,1.3353087902069092,,,0.006162678357213736
4008,6.0,1081,1.351099967956543,,,0.008015905506908894
4009,13.0,1931,2.423691749572754,,,0.012625631876289845
4010,11.0,2165,2.7095539569854736,,,0.005891518201678991
4011,7.0,1663,2.080608606338501,,,0.000968867214396596
4012,6.0,1073,1.3488459587097168,,,0.007089962717145681
4013,1.0,1143,1.446847915649414,,,0.0014145204331725836
4014,10.0,1985,2.50314998626709,,,0.008248423226177692
4015,31.0,4553,5.708322525024414,,,0.0008942963904701173
4016,9.0,1821,2.3162059783935547,,,0.014106344431638718
4017,12.0,2205,2.7616639137268066,,,0.002084017265588045
4018,18.0,2465,3.099536180496216,,,0.006288799922913313
4019,1.0,1231,1.5651967525482178,,,0.005723929964005947
4020,10.0,1869,2.358119249343872,,,0.009983132593333721
4021,11.0,1993,2.49784517288208,,,0.0018484308384358883
4022,15.0,2327,2.912992238998413,,,0.0056655146181583405
4023,19.0,2295,2.8856301307678223,,,0.006503530777990818
4024,7.0,1555,1.9768586158752441,,,0.005204398650676012
4025,3.0,1311,1.661637306213379,,,0.0018067840719595551
4026,12.0,1887,2.385416269302368,,,0.0011651034001260996
4027,13.0,2155,2.689145565032959,,,0.0016439534956589341
4028,13.0,1955,2.4433019161224365,,,0.0037395141553133726
4029,11.0,2015,2.5163583755493164,,,0.00812531914561987
4030,13.0,2583,3.239924907684326,,,0.0025231640320271254
4031,5.0,1195,1.498039960861206,,,0.001156412297859788
4032,11.0,1991,2.5205438137054443,,,0.004366494715213776
4033,20.0,3011,3.7813656330108643,,,0.0019104585517197847
4034,14.0,2775,3.488889217376709,,,0.002058552112430334
4035,13.0,2897,3.6160411834716797,,,0.0019274232909083366
4036,8.0,1529,1.9173316955566406,,,0.0017965075094252825
4037,6.0,1269,1.5951225757598877,,,0.0015979268355295062
4038,9.0,1963,2.482283115386963,,,0.0020693789701908827
4039,13.0,2167,2.718557119369507,,,0.006209768354892731
4040,13.0,2189,2.7617313861846924,,,0.004430631175637245
4041,7.0,1261,1.6047756671905518,,,0.005872877314686775
4042,5.0,1179,1.481820821762085,,,0.004965384025126696
4043,13.0,1905,2.3952057361602783,,,0.0029950246680527925
4044,13.0,2267,2.8649730682373047,,,0.005414649844169617
4045,15.0,2843,3.598539352416992,,,0.014172939583659172
4046,1.0,1053,1.3333678245544434,,,0.004664374049752951
4047,11.0,1519,1.9120163917541504,,,0.0012233530869707465
4048,13.0,1919,2.401134729385376,,,0.00712564866989851
4049,9.0,1303,1.6397004127502441,,,0.004183310084044933
4050,11.0,1725,2.1717746257781982,,,0.007760562933981419
4051,15.0,2453,3.094648838043213,,,0.008358919061720371
4052,0.0,1223,1.5364065170288086,,,0.001453209319151938
4053,0.0,1031,1.2940287590026855,,,0.01171290036290884
4054,1.0,1079,1.3544645309448242,,,0.0030849843751639128
4055,8.0,1973,2.480628728866577,,,0.004709871020168066
4056,7.0,1035,1.3045051097869873,,,0.00527943903580308
4057,7.0,1227,1.5452847480773926,,,0.011917396448552608
4058,6.0,1657,2.0746452808380127,,,0.0012896305415779352
4059,16.0,2203,2.778581142425537,,,0.004626787733286619
4060,13.0,1927,2.405982255935669,,,0.0024047349579632282
4061,7.0,1629,2.0508360862731934,,,0.008109155111014843
4062,6.0,1491,1.8731863498687744,,,0.00963058415800333
4063,10.0,2155,2.703871011734009,,,0.003313995897769928
4064,4.0,1213,1.5198724269866943,,,0.0015585296787321568
4065,9.0,1363,1.7242591381072998,,,0.0021863786969333887
4066,6.0,1555,1.9802281856536865,,,0.0009787001181393862
4067,18.0,2663,3.3564748764038086,,,0.002483013551682234
4068,3.0,1003,1.2668938636779785,,,0.0024467988405376673
4069,11.0,1503,1.9018559455871582,,,0.005263577215373516
4070,14.0,2439,3.0714685916900635,,,0.004235710483044386
4071,8.0,1479,1.8683898448944092,,,0.0020961568225175142
4072,11.0,2109,2.6492536067962646,,,0.005346204154193401
4073,18.0,2481,3.1084070205688477,,,0.0007471264689229429
4074,13.0,2269,2.848068952560425,,,0.0028620639350265265
4075,17.0,2503,3.1233880519866943,,,0.002686556661501527
4076,7.0,1465,1.8331849575042725,,,0.005176483187824488
4077,6.0,1423,1.805044412612915,,,0.0007521454826928675
4078,16.0,2769,3.485029935836792,,,0.0026770061813294888
4079,4.0,1223,1.5331120491027832,,,0.007175256963819265
4080,4.0,1163,1.463599443435669,,,0.0018737803911790252
4081,8.0,1677,2.1171536445617676,,,0.011721893213689327
4082,4.0,1353,1.7042806148529053,,,0.006410961039364338
4083,15.0,2619,3.299118995666504,,,0.001748528447933495
4084,9.0,2273,2.8556289672851562,,,0.0016316032269969583
4085,8.0,1523,1.9200589656829834,,,0.0032953277695924044
4086,13.0,1929,2.4251677989959717,,,0.0006931380485184491
4087,23.0,2959,3.734149217605591,,,0.0029697557911276817
4088,15.0,2701,3.3958916664123535,,,0.0011839789804071188
4089,16.0,3101,3.8909668922424316,,,0.005654819309711456
4090,7.0,1467,1.8398480415344238,,,0.0074123814702034
4091,13.0,2745,3.464595079421997,,,0.0028795653488487005
4092,4.0,1161,1.4710798263549805,,,0.0008245946373790503
4093,18.0,3461,4.3491435050964355,,,0.0010666378075256944
4094,6.0,1633,2.062582492828369,,,0.004835626110434532
4095,8.0,1303,1.6488542556762695,,,0.003955419175326824
4096,15.0,2197,2.7522342205047607,,,0.004337126389145851
4097,12.0,1869,2.36403751373291,,,0.003346104407683015
4098,3.0,1121,1.4229543209075928,,,0.0015835586236789823
4099,10.0,2059,2.5785844326019287,,,0.012028309516608715
4100,1.0,1215,1.5307672023773193,,,0.004259731154888868
4101,19.0,3491,4.365336894989014,,,0.004883735906332731
4102,6.0,1149,1.4348828792572021,,,0.00179619574919343
4103,11.0,1517,1.9008021354675293,,,0.009679240174591541
4104,9.0,1745,2.2052505016326904,,,0.002900636289268732
4105,2.0,1167,1.469388723373413,,,0.005259339697659016
4106,14.0,3054,3.8353888988494873,,,0.003689486999064684
4107,6.0,1125,1.4126989841461182,,,0.01162930577993393
4108,21.0,3445,4.31435751914978,,,0.01318165473639965
4109,19.0,4007,5.060115814208984,,,0.0009871911024674773
4110,6.0,1707,2.1342484951019287,,,0.006509736645966768
4111,0.0,1321,1.6525559425354004,,,0.0016447108937427402
4112,16.0,2359,2.9409849643707275,,,0.0011428289581090212
4113,18.0,3489,4.344244718551636,,,0.004417766816914082
4114,15.0,2277,2.845338821411133,,,0.00158116000238806
4115,6.0,1103,1.3818628787994385,,,0.01199586782604456
4116,12.0,1927,2.415663957595825,,,0.000935282208956778
4117,13.0,2297,2.88818097114563,,,0.006552437320351601
4118,12.0,2343,2.9276742935180664,,,0.007736919913440943
4119,9.0,1917,2.3950207233428955,,,0.002584978938102722
4120,27.0,4513,5.611119270324707,,,0.004062911961227655
4121,6.0,1385,1.742192268371582,,,0.007972780615091324
4122,16.0,2829,3.554657220840454,,,0.004292556084692478
4123,10.0,1961,2.4570484161376953,,,0.002176782349124551
4124,17.0,3165,3.9675378799438477,,,0.0011021672980859876
4125,10.0,1951,2.460839033126831,,,0.0010968961287289858
4126,8.0,1505,1.8844664096832275,,,0.0036502901930361986
4127,12.0,1961,2.452946662902832,,,0.0017053625779226422
4128,15.0,2563,3.206418037414551,,,0.00470137782394886
4129,14.0,2353,2.9699363708496094,,,0.004429514519870281
4130,2.0,1147,1.4475681781768799,,,0.0049536810256540775
4131,15.0,3035,3.793647527694702,,,0.0010629219468683004
4132,9.0,1441,1.7980704307556152,,,0.0056008887477219105
4133,14.0,2161,2.6922104358673096,,,0.009363453835248947
4134,9.0,1719,2.1602604389190674,,,0.0020737748127430677
4135,13.0,2753,3.447071075439453,,,0.0029509239830076694
4136,14.0,2583,3.2469582557678223,,,0.0035490766167640686
4137,9.0,1789,2.2577898502349854,,,0.014916732907295227
4138,10.0,1939,2.4424562454223633,,,0.004582011606544256
4139,9.0,1945,2.447669506072998,,,0.004595905542373657
4140,3.0,1031,1.2863547801971436,,,0.0011606165207922459
4141,5.0,1333,1.6932885646820068,,,0.0043964749202132225
4142,9.0,1993,2.5105841159820557,,,0.003996501211076975
4143,13.0,2547,3.176608085632324,,,0.00351973925717175
4144,8.0,1567,1.9592032432556152,,,0.014124936424195766
4145,12.0,1925,2.4085404872894287,,,0.006506281439214945
4146,4.0,1357,1.691070556640625,,,0.0008425712585449219
4147,6.0,1153,1.4384260177612305,,,0.002030743518844247
4148,11.0,2083,2.6011085510253906,,,0.005226644687354565
4149,13.0,2787,3.512892484664917,,,0.001467996509745717
4150,7.0,1433,1.7967946529388428,,,0.004821470472961664
4151,12.0,1625,2.0431325435638428,,,0.010627098381519318
4152,10.0,2007,2.534303903579712,,,0.01338929869234562
4153,6.0,1855,2.347421407699585,,,0.0005390687147155404
4154,9.0,1489,1.8708202838897705,,,0.008736460469663143
4155,19.0,2899,3.648239850997925,,,0.005825995467603207
4156,7.0,1075,1.3764734268188477,,,0.005726368632167578
4157,21.0,3340,4.213636875152588,,,0.005903936922550201
4158,22.0,2998,3.757780075073242,,,0.0009440308785997331
4159,13.0,2781,3.52054762840271,,,0.005583061370998621
4160,12.0,2107,2.6523115634918213,,,0.005755644757300615
4161,10.0,1971,2.480858325958252,,,0.006799632683396339
4162,11.0,1513,1.9109466075897217,,,0.004312868695706129
4163,21.0,2621,3.2602927684783936,,,0.007776379119604826
4164,4.0,1763,2.2006516456604004,,,0.005029416177421808
4165,15.0,2461,3.072643518447876,,,0.003016358707100153
4166,10.0,1569,1.9545795917510986,,,0.0021772796753793955
4167,20.0,3115,3.8924412727355957,,,0.006927792448550463
4168,6.0,1147,1.4468069076538086,,,0.0011683134362101555
4169,8.0,1585,1.997506856918335,,,0.0043097250163555145
4170,20.0,2858,3.5892043113708496,,,0.002324682893231511
4171,1.0,1063,1.3320353031158447,,,0.005921016447246075
4172,18.0,2755,3.4559600353240967,,,0.004945189692080021
4173,7.0,2197,2.765916585922241,,,0.005103294737637043
4174,15.0,2199,2.7742421627044678,,,0.010205868631601334
4175,15.0,2743,3.4363455772399902,,,0.0038574403151869774
4176,16.0,2727,3.4171106815338135,,,0.0014472778420895338
4177,3.0,1033,1.2970519065856934,,,0.005421019159257412
4178,14.0,2569,3.2139227390289307,,,0.004991668276488781
4179,18.0,2943,3.7158191204071045,,,0.0009566700318828225
4180,11.0,1961,2.4679808616638184,,,0.0010295490501448512
4181,13.0,1941,2.4572887420654297,,,0.0013840810861438513
4182,17.0,2567,3.2224040031433105,,,0.008173794485628605
4183,16.0,2623,3.275663137435913,,,0.008570349775254726
4184,12.0,1851,2.334782123565674,,,0.018166884779930115
4185,5.0,1505,1.8903124332427979,,,0.00591236911714077
4186,10.0,2405,3.004396438598633,,,0.005694962106645107
4187,18.0,2915,3.643993616104126,,,0.005480040330439806
4188,9.0,1945,2.448927879333496,,,0.012676174752414227
4189,15.0,2459,3.0851190090179443,,,0.0011769660050049424
4190,11.0,1939,2.4231948852539062,,,0.004599764011800289
4191,10.0,1843,2.2977633476257324,,,0.004663136322051287
4192,5.0,1331,1.6623013019561768,,,0.0010852019768208265
4193,8.0,1687,2.1210124492645264,,,0.007502169348299503
4194,9.0,1999,2.5216257572174072,,,0.005142663139849901
4195,23.0,3151,3.927628993988037,,,0.00567110488191247
4196,8.0,1353,1.7019538879394531,,,0.0007055174210108817
4197,6.0,1701,2.1451616287231445,,,0.007594875525683165
4198,7.0,1571,1.9833390712738037,,,0.004836554639041424
4199,6.0,1065,1.344069004058838,,,0.004388656932860613
4200,12.0,1979,2.4798989295959473,,,0.008232035674154758
4201,7.0,1619,2.0233328342437744,,,0.006278308108448982
4202,16.0,2215,2.778615713119507,,,0.007373926229774952
4203,4.0,1143,1.4201676845550537,,,0.003273796522989869
4204,12.0,1935,2.4230825901031494,,,0.0014618574641644955
4205,8.0,1579,1.9695372581481934,,,0.008418814279139042
4206,15.0,2351,2.953677177429199,,,0.004764356184750795
4207,15.0,2713,3.4057042598724365,,,0.005141466856002808
4208,9.0,1531,1.9195241928100586,,,0.006171772256493568
4209,6.0,1885,2.3739688396453857,,,0.014991321600973606
4210,22.0,3471,4.350747108459473,,,0.0031143713276833296
4211,20.0,3135,3.9147562980651855,,,0.004978058859705925
4212,8.0,1255,1.565141201019287,,,0.0008607878698967397
4213,12.0,2019,2.5452258586883545,,,0.0017481355462223291
4214,14.0,2627,3.317171335220337,,,0.008348672650754452
4215,12.0,2073,2.6127562522888184,,,0.0052113002166152
4216,2.0,1299,1.6229915618896484,,,0.0014285463839769363
4217,14.0,2419,3.0609986782073975,,,0.0009186356328427792
4218,24.0,3321,4.165361166000366,,,0.003003931138664484
4219,18.0,2661,3.3333394527435303,,,0.008645535446703434
4220,7.0,1283,1.6136341094970703,,,0.002400434110313654
4221,17.0,2409,3.0367588996887207,,,0.01474918331950903
4222,5.0,1523,1.9130032062530518,,,0.0016223388956859708
4223,7.0,1067,1.3348276615142822,,,0.006685771979391575
4224,22.0,3105,3.881613254547119,,,0.0008465126156806946
4225,13.0,1963,2.47124981880188,,,0.002602173015475273
4226,15.0,2589,3.2345387935638428,,,0.007442805450409651
4227,14.0,2189,2.7446534633636475,,,0.005376970861107111
4228,21.0,2651,3.3311266899108887,,,0.001060414593666792
4229,16.0,2223,2.7906038761138916,,,0.014335284009575844
4230,5.0,1225,1.543527603149414,,,0.011662092059850693
4231,2.0,1529,1.9172234535217285,,,0.0018248154083266854
4232,11.0,1965,2.45544695854187,,,0.009184368886053562
4233,9.0,1855,2.313885450363159,,,0.0060932813212275505
4234,14.0,2403,2.9909610748291016,,,0.0009234697790816426
4235,12.0,1967,2.463961124420166,,,0.0021350355818867683
4236,10.0,1885,2.370969533920288,,,0.006440970115363598
4237,14.0,2159,2.7257795333862305,,,0.0019085606327280402
4238,9.0,1903,2.382922649383545,,,0.0013583410764113069
4239,12.0,1993,2.484844923019409,,,0.001449516392312944
4240,8.0,2083,2.6060214042663574,,,0.002008314011618495
4241,21.0,2643,3.3225481510162354,,,0.012472935952246189
4242,4.0,1553,1.949580192565918,,,0.005115408916026354
4243,8.0,1991,2.5169296264648438,,,0.004642963409423828
4244,18.0,2601,3.258697986602783,,,0.002093678340315819
4245,11.0,2013,2.5387136936187744,,,0.004363581072539091
4246,23.0,3085,3.845284938812256,,,0.017219295725226402
4247,23.0,3847,4.850125312805176,,,0.004035244230180979
4248,20.0,3541,4.4445741176605225,,,0.0057169352658092976
4249,12.0,1849,2.3175203800201416,,,0.004642663989216089
4250,12.0,1909,2.3903417587280273,,,0.0011894847266376019
4251,15.0,2349,2.928546667098999,,,0.004508729558438063
4252,22.0,3143,3.9525110721588135,,,0.0014067250303924084
4253,14.0,2115,2.6470086574554443,,,0.008415483869612217
4254,11.0,1389,1.7669250965118408,,,0.014671758748590946
4255,4.0,2025,2.5616300106048584,,,0.0007044760277494788
4256,14.0,2473,3.0844810009002686,,,0.003926742821931839
4257,2.0,1173,1.4798855781555176,,,0.007835970260202885
4258,10.0,1579,1.9744343757629395,,,0.002557848347350955
4259,20.0,4407,5.509315013885498,,,0.023307327181100845
4260,13.0,2727,3.422966480255127,,,0.005141075234860182
4261,30.0,4157,5.190735578536987,,,0.0026130902115255594
4262,11.0,2151,2.7028021812438965,,,0.000944885949138552
4263,2.0,1155,1.457282543182373,,,0.004428219515830278
4264,6.0,1131,1.415092945098877,,,0.01274903118610382
4265,4.0,1435,1.8095862865447998,,,0.004504295065999031
4266,12.0,1999,2.5092930793762207,,,0.0014323829673230648
4267,10.0,1911,2.3934524059295654,,,0.002579363761469722
4268,5.0,1105,1.395251750946045,,,0.008414720185101032
4269,12.0,2205,2.7684803009033203,,,0.0011543214786797762
4270,10.0,1993,2.5086891651153564,,,0.009120006114244461
4271,18.0,2255,2.812868118286133,,,0.003668853547424078
4272,18.0,3629,4.530906438827515,,,0.01912064291536808
4273,11.0,1839,2.328218936920166,,,0.006850593723356724
4274,10.0,1811,2.2990529537200928,,,0.004733826965093613
4275,9.0,1937,2.4585442543029785,,,0.006049991585314274
4276,12.0,2121,2.6724705696105957,,,0.0006595149170607328
4277,14.0,1935,2.4440977573394775,,,0.001396129373461008
4278,13.0,2425,3.0270302295684814,,,0.00804330874234438
4279,6.0,1347,1.6845052242279053,,,0.0006073650438338518
4280,5.0,1137,1.4211266040802002,,,0.0007433127029798925
4281,8.0,1467,1.8369617462158203,,,0.006938266102224588
4282,13.0,1885,2.353059768676758,,,0.013107906095683575
4283,23.0,3131,3.9309475421905518,,,0.005894043017178774
4284,16.0,2423,3.0246403217315674,,,0.001475685858167708
4285,2.0,1127,1.4197437763214111,,,0.009092031978070736
4286,26.0,3763,4.69754433631897,,,0.0007234862423501909
4287,10.0,1955,2.449455976486206,,,0.006206210236996412
4288,4.0,1111,1.4005496501922607,,,0.0007257683901116252
4289,14.0,2271,2.859389066696167,,,0.0012660188367590308
4290,14.0,2523,3.1920289993286133,,,0.01371691096574068
4291,15.0,2275,2.8747928142547607,,,0.0016438448801636696
4292,7.0,1711,2.153090238571167,,,0.0018106739735230803
4293,10.0,2025,2.551466464996338,,,0.0037010726518929005
4294,7.0,1843,2.3369035720825195,,,0.0013900650665163994
4295,6.0,1413,1.7798984050750732,,,0.008564670570194721
4296,12.0,2129,2.690511465072632,,,0.007784865330904722
4297,14.0,3471,4.376132488250732,,,0.008174790069460869
4298,18.0,2935,3.6994516849517822,,,0.009434164501726627
4299,9.0,1773,2.2281951904296875,,,0.0047618187963962555
4300,11.0,2155,2.7096974849700928,,,0.006829517427831888
4301,12.0,2025,2.530595302581787,,,0.014490071684122086
4302,5.0,1411,1.760967493057251,,,0.0015960891032591462
4303,7.0,2147,2.6908504962921143,,,0.001184225780889392
4304,12.0,2475,3.1251723766326904,,,0.0014552357606589794
4305,14.0,2617,3.293717861175537,,,0.001345103606581688
4306,7.0,1151,1.4545652866363525,,,0.0030602167826145887
4307,24.0,3177,3.9837632179260254,,,0.008194725029170513
4308,20.0,3007,3.7746074199676514,,,0.0016652068588882685
4309,15.0,2641,3.307349920272827,,,0.004484997130930424
4310,12.0,1953,2.4448907375335693,,,0.007375143934041262
4311,5.0,1235,1.5558054447174072,,,0.004845183342695236
4312,15.0,2497,3.142399787902832,,,0.005105637479573488
4313,8.0,1575,1.9839684963226318,,,0.004809990059584379
4314,8.0,1729,2.1660714149475098,,,0.0010573724284768105
4315,11.0,1841,2.308542490005493,,,0.012579517439007759
4316,5.0,1171,1.477889060974121,,,0.0015638560289517045
4317,4.0,1115,1.4051482677459717,,,0.007014782167971134
4318,10.0,1945,2.4564754962921143,,,0.0021409557666629553
4319,14.0,2023,2.5305473804473877,,,0.0073543209582567215
4320,24.0,3427,4.2896647453308105,,,0.0064199380576610565
4321,5.0,1145,1.450098991394043,,,0.0012422635918483138
4322,7.0,1485,1.8682496547698975,,,0.01493888907134533
4323,11.0,2065,2.5785012245178223,,,0.007474794983863831
4324,11.0,2799,3.494370460510254,,,0.007119718473404646
4325,7.0,1653,2.0840630531311035,,,0.006077449768781662
4326,12.0,2021,2.546534299850464,,,0.013380436226725578
4327,9.0,2033,2.565047025680542,,,0.005038449075073004
4328,11.0,1911,2.404309034347534,,,0.0011150185018777847
4329,20.0,3359,4.2230224609375,,,0.002498095389455557
4330,17.0,2077,2.626405954360962,,,0.00667275907471776
4331,5.0,1067,1.3382878303527832,,,0.005473708733916283
4332,4.0,1141,1.4316763877868652,,,0.0016300585120916367
4333,6.0,1119,1.3993256092071533,,,0.0010848684469237924
4334,16.0,2257,2.824293613433838,,,0.0009065975318662822
4335,10.0,1647,2.0789504051208496,,,0.002206719247624278
4336,13.0,1903,2.4115781784057617,,,0.0007479221094399691
4337,20.0,3626,4.536157131195068,,,0.004776973742991686
4338,6.0,1567,1.9666337966918945,,,0.0032523164991289377
4339,11.0,1559,1.9533324241638184,,,0.0061330730095505714
4340,15.0,1871,2.329956531524658,,,0.0031990075949579477
4341,6.0,1063,1.3383851051330566,,,0.010135503485798836
4342,14.0,2862,3.5799052715301514,,,0.005030278116464615
4343,6.0,1367,1.718970537185669,,,0.002705557271838188
4344,15.0,2521,3.1876277923583984,,,0.006516820751130581
4345,7.0,1377,1.7327618598937988,,,0.004320039413869381
4346,11.0,2673,3.3504326343536377,,,0.0006696876953355968
4347,2.0,1027,1.30124831199646,,,0.009159878827631474
4348,9.0,1551,1.963838815689087,,,0.0023393069859594107
4349,10.0,1861,2.350271701812744,,,0.018881328403949738
4350,4.0,1345,1.683891773223877,,,0.0034400196745991707
4351,18.0,2471,3.1111433506011963,,,0.004841397516429424
4352,22.0,3957,4.978875160217285,,,0.001751193543896079
4353,10.0,2433,3.046980857849121,,,0.011944611556828022
4354,18.0,3029,3.7783920764923096,,,0.0014513236237689853
4355,3.0,1243,1.5550885200500488,,,0.002329345094040036
4356,14.0,2283,2.8552000522613525,,,0.0006101371836848557
4357,1.0,1183,1.4838624000549316,,,0.0035143569111824036
4358,4.0,1133,1.4047226905822754,,,0.010266881436109543
4359,12.0,2077,2.591149091720581,,,0.003422252368181944
4360,4.0,1311,1.6416022777557373,,,0.009720109403133392
4361,5.0,1189,1.486374855041504,,,0.001532154274173081
4362,12.0,1849,2.306828022003174,,,0.0020271274261176586
4363,17.0,3079,3.8286471366882324,,,0.003160464111715555
4364,13.0,1773,2.2116925716400146,,,0.0011744503863155842
4365,19.0,2605,3.245288372039795,,,0.0029182415455579758
4366,9.0,1507,1.8988206386566162,,,0.0016765915788710117
4367,9.0,2607,3.3053135871887207,,,0.004756313748657703
4368,6.0,1163,1.467702865600586,,,0.004295095335692167
4369,14.0,2193,2.7572882175445557,,,0.0019273997750133276
4370,19.0,2111,2.6360244750976562,,,0.0056563569232821465
4371,13.0,1941,2.427746295928955,,,0.0017765990924090147
4372,10.0,2053,2.57694935798645,,,0.002880687126889825
4373,4.0,1127,1.4144353866577148,,,0.005221588537096977
4374,23.0,2863,3.583970546722412,,,0.0013581918319687247
4375,7.0,1517,1.9039459228515625,,,0.004367240704596043
4376,31.0,3161,3.9549379348754883,,,0.0022974738385528326
4377,2.0,1003,1.270113468170166,,,0.001323192147538066
4378,15.0,2315,2.9275870323181152,,,0.0030171149410307407
4379,9.0,1247,1.5776798725128174,,,0.0019699044059962034
4380,20.0,2829,3.545623540878296,,,0.0020733806304633617
4381,4.0,1041,1.3087196350097656,,,0.0064851208589971066
4382,14.0,2285,2.853419065475464,,,0.015709785744547844
4383,20.0,3411,4.272341966629028,,,0.013112852349877357
4384,17.0,2601,3.2684810161590576,,,0.0009209468844346702
4385,20.0,3013,3.764281988143921,,,0.014036664739251137
4386,19.0,2509,3.1407711505889893,,,0.008522680960595608
4387,13.0,1701,2.139526844024658,,,0.0035138169769197702
4388,17.0,2393,2.9998483657836914,,,0.0017388967098668218
4389,3.0,1127,1.413377285003662,,,0.008223176933825016
4390,22.0,2839,3.5727946758270264,,,0.0028656309004873037
4391,9.0,1517,1.9202470779418945,,,0.005374265369027853
4392,9.0,1867,2.3590950965881348,,,0.006121640559285879
4393,7.0,1885,2.3655378818511963,,,0.0037678955122828484
4394,7.0,1475,1.8588073253631592,,,0.005685959942638874
4395,13.0,3429,4.31647801399231,,,0.016362788155674934
4396,18.0,2791,3.5404703617095947,,,0.004401694983243942
4397,3.0,1225,1.5750608444213867,,,0.0015275435289368033
4398,19.0,2579,3.2658348083496094,,,0.007453642785549164
4399,3.0,1245,1.572392463684082,,,0.003108668141067028
4400,9.0,2039,2.58703351020813,,,0.0015710816951468587
4401,6.0,1663,2.0845654010772705,,,0.004321186803281307
4402,5.0,1483,1.8579165935516357,,,0.012004668824374676
4403,10.0,2137,2.7278199195861816,,,0.005282795988023281
4404,18.0,2519,3.1975338459014893,,,0.010581028647720814
4405,5.0,1555,1.9913184642791748,,,0.004300092346966267
4406,15.0,2131,2.690859079360962,,,0.00314465444535017
4407,11.0,1985,2.476747512817383,,,0.0032667932100594044
4408,23.0,3055,3.818484306335449,,,0.0019208992598578334
4409,12.0,2311,2.9060986042022705,,,0.0028144840616732836
4410,8.0,1495,1.9284212589263916,,,0.0027161347679793835
4411,0.0,985,1.2704339027404785,,,0.0033881489653140306
4412,2.0,1023,1.2805724143981934,,,0.0007914946181699634
4413,12.0,3163,3.9478275775909424,,,0.0028422088362276554
4414,13.0,2789,3.5284359455108643,,,0.0050272513180971146
4415,14.0,2127,2.6902523040771484,,,0.0017025575507432222
4416,25.0,3355,4.22577166557312,,,0.0016180191887542605
4417,28.0,4141,5.212881803512573,,,0.00805648509413004
4418,7.0,1553,2.0141422748565674,,,0.010791052132844925
4419,14.0,2687,3.493886947631836,,,0.005461009219288826
4420,5.0,1141,1.511023759841919,,,0.00899133924394846
4421,10.0,2125,2.7769978046417236,,,0.0038198193069547415
4422,5.0,1243,1.6182198524475098,,,0.004403041210025549
4423,17.0,2259,2.9365460872650146,,,0.00189867801964283
4424,17.0,3485,4.5950541496276855,,,0.0024988141376525164
4425,10.0,1609,2.071667194366455,,,0.007412815000861883
4426,16.0,2769,3.7138943672180176,,,0.004234808962792158
4427,12.0,1853,2.451312780380249,,,0.0012595722218975425
4428,6.0,1077,1.3712694644927979,,,0.0016829241067171097
4429,10.0,1287,1.639448881149292,,,0.0011442810064181685
4430,16.0,2579,3.281308889389038,,,0.005609801039099693
4431,2.0,1095,1.4004521369934082,,,0.0013452082639560103
4432,12.0,2015,2.652381658554077,,,0.0005554257659241557
4433,28.0,4359,5.607747316360474,,,0.0016811707755550742
4434,14.0,1865,2.459271192550659,,,0.018628185614943504
4435,20.0,2381,3.041409969329834,,,0.0016114506870508194
4436,9.0,1967,2.4787724018096924,,,0.0011640687007457018
4437,11.0,1813,2.291445016860962,,,0.0012102366890758276
4438,7.0,1363,1.7419209480285645,,,0.0009609251283109188
4439,18.0,3123,4.007852554321289,,,0.00113544927444309
4440,5.0,1333,1.6857194900512695,,,0.0026957786176353693
4441,9.0,1517,1.9034316539764404,,,0.00723235635086894
4442,8.0,1239,1.5989298820495605,,,0.0009708169964142144
4443,12.0,1909,2.4483442306518555,,,0.0008842081879265606
4444,13.0,2333,3.1074907779693604,,,0.0012397996615618467
4445,26.0,3609,4.684647083282471,,,0.0024145450443029404
4446,21.0,3017,3.9719526767730713,,,0.006345671601593494
4447,12.0,1757,2.236307144165039,,,0.003928058315068483
4448,12.0,1943,2.558109998703003,,,0.007967052981257439
4449,15.0,1973,2.5803799629211426,,,0.0016076030442491174
4450,8.0,1363,1.771815299987793,,,0.003860604716464877
4451,17.0,2073,2.6807198524475098,,,0.009204492904245853
4452,8.0,1315,1.6819453239440918,,,0.005746670067310333
4453,26.0,4953,6.479679107666016,,,0.0008308662800118327
4454,17.0,3065,3.8527371883392334,,,0.005586269777268171
4455,1.0,1081,1.3628134727478027,,,0.005500702653080225
4456,21.0,3451,4.376197576522827,,,0.00576908141374588
4457,18.0,2505,3.1537981033325195,,,0.009639333933591843
4458,10.0,1571,1.9642953872680664,,,0.006809592247009277
4459,14.0,2163,2.727429151535034,,,0.0016358477296307683
4460,13.0,1947,2.484977960586548,,,0.008728107437491417
4461,12.0,2553,3.2267301082611084,,,0.016508426517248154
4462,6.0,1143,1.4376184940338135,,,0.002024615416303277
4463,7.0,1261,1.5883402824401855,,,0.004350994247943163
4464,9.0,1537,1.9301977157592773,,,0.011421632021665573
4465,8.0,1297,1.6424157619476318,,,0.0026497822254896164
4466,6.0,1229,1.5646202564239502,,,0.0068076737225055695
4467,10.0,1291,1.619278907775879,,,0.0043933577835559845
4468,1.0,1049,1.3142824172973633,,,0.006591225508600473
4469,7.0,1043,1.3151462078094482,,,0.0032487011048942804
4470,6.0,1257,1.5776121616363525,,,0.006517188157886267
4471,11.0,2003,2.518660306930542,,,0.002262464724481106
4472,6.0,1535,1.945361852645874,,,0.0023509671445935965
4473,18.0,2993,3.8246169090270996,,,0.0011034264462068677
4474,21.0,4167,5.30978536605835,,,0.005565848667174578
4475,7.0,1603,2.070601463317871,,,0.003388936398550868
4476,1.0,1039,1.3056278228759766,,,0.002723037265241146
4477,1.0,1257,1.5709969997406006,,,0.012025660835206509
4478,12.0,3445,4.310285568237305,,,0.006133354268968105
4479,12.0,2083,2.6361639499664307,,,0.002762132789939642
4480,11.0,2227,2.8358285427093506,,,0.002231400227174163
4481,11.0,1507,1.9242243766784668,,,0.0009525626082904637
4482,2.0,1059,1.3390634059906006,,,0.0017947190208360553
4483,4.0,1545,1.9436049461364746,,,0.002183924661949277
4484,2.0,1175,1.4855494499206543,,,0.019285976886749268
4485,9.0,1467,1.8598449230194092,,,0.013633020222187042
4486,20.0,2808,3.5345613956451416,,,0.0012158225290477276
4487,23.0,4143,5.228119611740112,,,0.0008375775651074946
4488,14.0,2371,2.9644861221313477,,,0.0022019832395017147
4489,14.0,2311,2.881807327270508,,,0.0024128130171447992
4490,10.0,1915,2.4251034259796143,,,0.005582382902503014
4491,10.0,1575,2.1043777465820312,,,0.001172808581031859
4492,19.0,2869,3.6332173347473145,,,0.006979402620345354
4493,5.0,1147,1.469048023223877,,,0.00375902047380805
4494,10.0,1999,2.495084047317505,,,0.002496620174497366
4495,18.0,2993,3.7783498764038086,,,0.0031715012155473232
4496,11.0,2027,2.573908805847168,,,0.007462468463927507
4497,15.0,2573,3.252234697341919,,,0.009129957295954227
4498,10.0,1561,1.9776315689086914,,,0.007531031966209412
4499,24.0,4180,5.2436535358428955,,,0.0026447088457643986
4500,14.0,1999,2.497424840927124,,,0.0019034416181966662
4501,11.0,1609,2.0120465755462646,,,0.004780969582498074
4502,19.0,2989,3.840569019317627,,,0.0012170701520517468
4503,2.0,1229,1.619375228881836,,,0.0012398662511259317
4504,12.0,3331,4.2267255783081055,,,0.0009867623448371887
4505,2.0,1055,1.3369295597076416,,,0.009379519149661064
4506,22.0,4114,5.189228773117065,,,0.008514927700161934
4507,11.0,1839,2.4378485679626465,,,0.007980730384588242
4508,6.0,1179,1.4853336811065674,,,0.0012402216671034694
4509,17.0,2965,3.7616238594055176,,,0.002053030300885439
4510,10.0,1715,2.1979076862335205,,,0.0009539928869344294
4511,5.0,1149,1.4898810386657715,,,0.007551946677267551
4512,11.0,2901,3.7142560482025146,,,0.005765567999333143
4513,10.0,2051,2.635335683822632,,,0.0014770691050216556
4514,10.0,1879,2.4156370162963867,,,0.0047645713202655315
4515,6.0,1329,1.666309118270874,,,0.0014933878555893898
4516,10.0,2061,2.6085031032562256,,,0.0023400201462209225
4517,13.0,2317,2.9354779720306396,,,0.0007467370596714318
4518,17.0,2585,3.2271687984466553,,,0.003885050304234028
4519,17.0,2401,3.0038115978240967,,,0.0016123647801578045
4520,3.0,1037,1.3006155490875244,,,0.0013943702215328813
4521,23.0,3021,3.7959961891174316,,,0.0018579596653580666
4522,16.0,2069,2.609083414077759,,,0.0021223127841949463
4523,18.0,3288,4.130574703216553,,,0.005207856185734272
4524,12.0,2097,2.6396920680999756,,,0.010088605806231499
4525,10.0,1479,1.864997386932373,,,0.010098887607455254
4526,9.0,1535,1.9315693378448486,,,0.0013202300760895014
4527,10.0,1391,1.760899305343628,,,0.005091050639748573
4528,15.0,1969,2.456960916519165,,,0.0036812841426581144
4529,12.0,1923,2.4433422088623047,,,0.0007604024140164256
4530,7.0,1459,1.8634543418884277,,,0.004185304045677185
4531,5.0,1175,1.4863665103912354,,,0.005580222699791193
4532,7.0,1551,1.9791429042816162,,,0.0017001577652990818
4533,5.0,1201,1.5179955959320068,,,0.0017685310449451208
4534,6.0,1897,2.4248228073120117,,,0.003210801398381591
4535,11.0,1937,2.4728903770446777,,,0.0029605035670101643
4536,19.0,3413,4.296411752700806,,,0.010564600117504597
4537,18.0,2977,3.7473042011260986,,,0.006087218411266804
4538,1.0,1053,1.325977087020874,,,0.006011829245835543
4539,5.0,1219,1.530677318572998,,,0.0011540240375325084
4540,10.0,1969,2.467883825302124,,,0.0020625004544854164
4541,12.0,1941,2.4403557777404785,,,0.002770754275843501
4542,14.0,1827,2.3007242679595947,,,0.011239237152040005
4543,1.0,1027,1.2955682277679443,,,0.0013153631007298827
4544,2.0,1277,1.6137864589691162,,,0.008056538179516792
4545,7.0,1507,1.8982963562011719,,,0.001343220821581781
4546,7.0,1183,1.4793155193328857,,,0.0009569196263328195
4547,7.0,1207,1.5392634868621826,,,0.00899949949234724
4548,4.0,1023,1.2926592826843262,,,0.0057008941657841206
4549,6.0,1365,1.7156639099121094,,,0.006458642892539501
4550,21.0,2693,3.3723559379577637,,,0.010525732301175594
4551,8.0,1393,1.7450096607208252,,,0.0011960313422605395
4552,18.0,2607,3.2799689769744873,,,0.00488190446048975
4553,8.0,1353,1.7067656517028809,,,0.011635605245828629
4554,2.0,1021,1.2740504741668701,,,0.0030430923216044903
4555,14.0,1947,2.437894821166992,,,0.005376781802624464
4556,17.0,2631,3.2861900329589844,,,0.0013508421834558249
4557,13.0,1907,2.386687994003296,,,0.001854156842455268
4558,8.0,1117,1.422914981842041,,,0.0022693087812513113
4559,15.0,2059,2.5881521701812744,,,0.0024231646675616503
4560,8.0,1795,2.2843616008758545,,,0.0009353886125609279
4561,10.0,1741,2.191540002822876,,,0.012632982805371284
4562,22.0,2861,3.6161880493164062,,,0.0027744174003601074
4563,6.0,1687,2.1254265308380127,,,0.003738127648830414
4564,10.0,1271,1.6004981994628906,,,0.002204347401857376
4565,17.0,2357,2.9854423999786377,,,0.0069596366956830025
4566,15.0,2833,3.5725595951080322,,,0.004358532838523388
4567,16.0,2605,3.2725331783294678,,,0.005183454602956772
4568,13.0,2365,2.952827215194702,,,0.0065597849898040295
4569,7.0,1519,1.8894548416137695,,,0.002007304225116968
4570,11.0,1865,2.3704378604888916,,,0.004752479959279299
4571,5.0,1841,2.3459157943725586,,,0.005945643410086632
4572,10.0,2061,2.6333351135253906,,,0.012733525596559048
4573,13.0,1981,2.4812164306640625,,,0.004834132269024849
4574,14.0,1659,2.1133296489715576,,,0.0010390417883172631
4575,9.0,2087,2.6230833530426025,,,0.0020710802637040615
4576,14.0,2435,3.1109962463378906,,,0.010957770980894566
4577,3.0,1273,1.641040325164795,,,0.0016202812548726797
4578,3.0,1037,1.316509485244751,,,0.00140818627551198
4579,13.0,1913,2.422377824783325,,,0.004214598797261715
4580,19.0,2671,3.37235951423645,,,0.00455383351072669
4581,9.0,2357,2.969500780105591,,,0.0006967062945477664
4582,19.0,2863,3.5831241607666016,,,0.0031288776081055403
4583,12.0,1883,2.3829593658447266,,,0.0018739302176982164
4584,19.0,2699,3.43805193901062,,,0.0105592031031847
4585,8.0,1887,2.384636163711548,,,0.0054864296689629555
4586,6.0,1649,2.0536282062530518,,,0.0053765252232551575
4587,12.0,2299,2.868086576461792,,,0.0035295721609145403
4588,15.0,3357,4.205233097076416,,,0.007066718768328428
4589,26.0,3671,4.582060813903809,,,0.010246764868497849
4590,18.0,2503,3.191118001937866,,,0.001166107482276857
4591,19.0,3413,4.393234491348267,,,0.011153772473335266
4592,10.0,2059,2.6505022048950195,,,0.007437305990606546
4593,20.0,3870,5.012376308441162,,,0.0074087707325816154
4594,20.0,2711,3.42291522026062,,,0.0024375044740736485
4595,18.0,2779,3.6034231185913086,,,0.0034490698017179966
4596,14.0,2591,3.3170111179351807,,,0.003316180780529976
4597,13.0,2075,2.604482650756836,,,0.005069855600595474
4598,5.0,1545,1.9694561958312988,,,0.007447130046784878
4599,11.0,2055,2.6187257766723633,,,0.014158199541270733
4600,1.0,1119,1.4229798316955566,,,0.01527343224734068
4601,17.0,3709,4.705251216888428,,,0.0009211474098265171
4602,11.0,1931,2.4334206581115723,,,0.00944514200091362
4603,17.0,2409,3.0895941257476807,,,0.0033077322877943516
4604,18.0,2753,3.5275228023529053,,,0.007098223082721233
4605,11.0,1937,2.537929058074951,,,0.0046510579995810986
4606,7.0,1719,2.2072432041168213,,,0.0034653604961931705
4607,10.0,2109,2.6917994022369385,,,0.0012360637774690986
4608,1.0,1071,1.370025396347046,,,0.0013375031994655728
4609,9.0,2055,2.6015186309814453,,,0.007487772032618523
4610,20.0,3161,3.923161029815674,,,0.008554346859455109
4611,12.0,1879,2.373372793197632,,,0.0017617426346987486
4612,8.0,1555,1.9677855968475342,,,0.003486491506919265
4613,4.0,1119,1.4064931869506836,,,0.0060871983878314495
4614,8.0,1943,2.443798542022705,,,0.0019532451406121254
4615,9.0,1503,1.9034192562103271,,,0.004435786511749029
4616,20.0,3257,4.125708103179932,,,0.001687985728494823
4617,13.0,1911,2.396442174911499,,,0.0016902940114960074
4618,9.0,1987,2.489900827407837,,,0.007103381212800741
4619,15.0,2529,3.1724870204925537,,,0.0019147441489621997
4620,5.0,1067,1.3431212902069092,,,0.005302502773702145
4621,10.0,2705,3.3831615447998047,,,0.004538252949714661
4622,16.0,2661,3.3103365898132324,,,0.013774414546787739
4623,18.0,2629,3.2906367778778076,,,0.004686193075031042
4624,14.0,2733,3.436298370361328,,,0.008255364373326302
4625,12.0,2163,2.7094027996063232,,,0.001515006646513939
4626,18.0,2691,3.363574266433716,,,0.0011539714178070426
