episode_number,episode_reward,episode_length,episode_time_seconds,policy_loss,value_loss,total_loss
1,3.0,821,0.29940247535705566,,,
2,5.0,680,0.24380874633789062,,,
3,5.0,587,0.2108924388885498,,,
4,9.0,777,0.27703046798706055,,,
5,1.0,603,0.22319841384887695,,,
6,8.0,635,0.22823739051818848,,,
7,4.0,671,0.2423696517944336,,,
8,5.0,677,0.24455022811889648,,,
9,5.0,721,0.26006412506103516,,,
10,12.0,651,0.2339186668395996,,,
11,8.0,667,0.24054884910583496,,,
12,12.0,921,0.32923436164855957,,,
13,2.0,410,0.14861488342285156,,,
14,8.0,689,0.246107816696167,,,
15,13.0,919,0.34111976623535156,,,
16,4.0,729,0.2602071762084961,,,
17,2.0,398,0.14356040954589844,,,
18,5.0,650,0.2347574234008789,,,
19,7.0,677,0.24334144592285156,,,
20,12.0,1338,0.47179555892944336,,,
21,12.0,647,0.23140549659729004,,,
22,8.0,1005,0.35658931732177734,,,
23,1.0,437,0.15777349472045898,,,
24,6.0,639,0.23337817192077637,,,
25,13.0,862,0.30981016159057617,,,
26,4.0,483,0.174285888671875,,,
27,7.0,765,0.2745051383972168,,,
28,5.0,590,0.21041059494018555,,,
29,9.0,891,0.31790661811828613,,,
30,0.0,595,0.2144637107849121,,,
31,4.0,533,0.19115328788757324,,,
32,18.0,1055,0.37251830101013184,,,
33,9.0,614,0.2213900089263916,,,
34,12.0,851,0.3036203384399414,,,
35,3.0,703,0.25383639335632324,,,
36,5.0,641,0.23291754722595215,,,
37,5.0,693,0.24889779090881348,,,
38,5.0,730,0.26116299629211426,,,
39,3.0,760,0.27286672592163086,,,
40,3.0,577,0.2088451385498047,,,
41,8.0,628,0.2247326374053955,,,
42,2.0,626,0.2255260944366455,,,
43,5.0,661,0.2372276782989502,,,
44,8.0,813,0.28971362113952637,,,
45,2.0,428,0.15440797805786133,,,
46,9.0,659,0.23546433448791504,,,
47,5.0,713,0.2556478977203369,,,
48,9.0,901,0.3196370601654053,,,
49,4.0,495,0.17797446250915527,,,
50,5.0,622,0.22339558601379395,,,
51,1.0,388,0.1412816047668457,,,
52,3.0,566,0.20735478401184082,,,
53,4.0,525,0.18909454345703125,,,
54,3.0,617,0.22327041625976562,,,
55,14.0,823,0.29306769371032715,,,
56,13.0,1066,0.3808286190032959,,,
57,9.0,813,0.2905573844909668,,,
58,7.0,755,0.27050137519836426,,,
59,7.0,655,0.23740887641906738,,,
60,4.0,619,0.22315716743469238,,,
61,8.0,621,0.22374486923217773,,,
62,8.0,797,0.28498125076293945,,,
63,11.0,818,0.2926921844482422,,,
64,3.0,579,0.20766568183898926,,,
65,10.0,822,0.2950761318206787,,,
66,4.0,675,0.2427687644958496,,,
67,4.0,565,0.20535778999328613,,,
68,4.0,501,0.18193316459655762,,,
69,4.0,729,0.26365089416503906,,,
70,14.0,985,0.3525509834289551,,,
71,7.0,695,0.25043797492980957,,,
72,6.0,707,0.25444722175598145,,,
73,11.0,781,0.2800898551940918,,,
74,11.0,850,0.3051578998565674,,,
75,2.0,513,0.1870872974395752,,,
76,12.0,898,0.33721423149108887,,,
77,6.0,823,0.3012540340423584,,,
78,12.0,795,0.28810763359069824,,,
79,7.0,624,0.2259538173675537,,,
80,5.0,523,0.18965554237365723,,,
81,5.0,607,0.2192394733428955,,,
82,6.0,777,0.27939486503601074,,,
83,1.0,487,0.1805872917175293,,,
84,3.0,533,0.19742631912231445,,,
85,7.0,676,0.24457359313964844,,,
86,12.0,1193,0.4256737232208252,,,
87,2.0,377,0.13773274421691895,,,
88,9.0,821,0.29709863662719727,,,
89,9.0,977,0.3516240119934082,,,
90,0.0,583,0.21278715133666992,,,
91,8.0,673,0.24302339553833008,,,
92,10.0,911,0.32604408264160156,,,
93,3.0,645,0.23338103294372559,,,
94,2.0,548,0.1979377269744873,,,
95,0.0,634,0.2303149700164795,,,
96,10.0,1023,0.36644458770751953,,,
97,4.0,631,0.22724246978759766,,,
98,9.0,800,0.2870302200317383,,,
99,5.0,779,0.2825300693511963,,,
100,4.0,543,0.1996598243713379,,,
101,9.0,817,0.2974886894226074,,,
102,3.0,587,0.21226906776428223,,,
103,5.0,521,0.18881726264953613,,,
104,5.0,615,0.22406268119812012,,,
105,-1.0,488,0.17709612846374512,,,
106,5.0,759,0.27318763732910156,,,
107,4.0,623,0.22621750831604004,,,
108,4.0,685,0.2479257583618164,,,
109,4.0,645,0.23466801643371582,,,
110,8.0,811,0.28995227813720703,,,
111,11.0,929,0.3299751281738281,,,
112,7.0,417,0.1507396697998047,,,
113,8.0,653,0.23500585556030273,,,
114,5.0,745,0.2678849697113037,,,
115,3.0,647,0.2351369857788086,,,
116,3.0,409,0.14916634559631348,,,
117,7.0,598,0.21530628204345703,,,
118,8.0,701,0.25290679931640625,,,
119,14.0,785,0.28285908699035645,,,
120,5.0,773,0.2808213233947754,,,
121,9.0,737,0.2674527168273926,,,
122,3.0,516,0.18598413467407227,,,
123,7.0,726,0.26099395751953125,,,
124,1.0,593,0.2148442268371582,,,
125,6.0,669,0.24007797241210938,,,
126,8.0,781,0.27863359451293945,,,
127,3.0,586,0.21220993995666504,,,
128,6.0,755,0.27112817764282227,,,
129,5.0,443,0.16014909744262695,,,
130,7.0,699,0.25023794174194336,,,
131,14.0,989,0.3502199649810791,,,
132,6.0,753,0.2703242301940918,,,
133,1.0,399,0.14448833465576172,,,
134,4.0,402,0.145249605178833,,,
135,6.0,748,0.26918697357177734,,,
136,3.0,684,0.24540424346923828,,,
137,3.0,504,0.18178057670593262,,,
138,5.0,696,0.24903321266174316,,,
139,3.0,641,0.23035383224487305,,,
140,9.0,867,0.3092632293701172,,,
141,5.0,666,0.23888635635375977,,,
142,3.0,503,0.17938971519470215,,,
143,15.0,1061,0.3736293315887451,,,
144,7.0,1186,0.4232151508331299,,,
145,6.0,948,1.200836420059204,,,0.007751100230962038
146,3.0,595,0.5824439525604248,,,0.00397644005715847
147,8.0,1121,1.1288948059082031,,,1.92706283996813e-05
148,3.0,619,0.6115810871124268,,,0.011450069025158882
149,15.0,1288,1.3924481868743896,,,0.007587322033941746
150,7.0,615,0.6473259925842285,,,0.0038504835683852434
151,9.0,771,0.7727062702178955,,,0.0037787538021802902
152,24.0,1131,1.2120471000671387,,,0.0153675377368927
153,2.0,385,0.44746828079223633,,,0.007846063934266567
154,4.0,708,0.8865573406219482,,,0.014915302395820618
155,10.0,1007,1.1145339012145996,,,0.011167491786181927
156,9.0,848,0.8422625064849854,,,0.0037816662807017565
157,5.0,415,0.45554471015930176,,,0.0037667928263545036
158,1.0,405,0.41442060470581055,,,0.007493643555790186
159,5.0,737,0.7414264678955078,,,4.720907600130886e-05
160,3.0,483,0.4733774662017822,,,0.019220197573304176
161,4.0,509,0.5292863845825195,,,0.007931326515972614
162,15.0,897,0.9152860641479492,,,0.011359943076968193
163,19.0,1213,1.239269495010376,,,0.007567545399069786
164,6.0,671,0.6816365718841553,,,5.417376814875752e-05
165,4.0,689,0.7512545585632324,,,0.007950305938720703
166,3.0,398,0.4240427017211914,,,4.0306822484126315e-05
167,6.0,651,0.6754956245422363,,,0.015557834878563881
168,4.0,667,0.6785552501678467,,,3.924337215721607e-05
169,2.0,441,0.45679736137390137,,,0.023036329075694084
170,6.0,606,0.6345806121826172,,,0.007486562244594097
171,12.0,828,0.8503224849700928,,,4.3308475142112e-05
172,9.0,665,0.6995284557342529,,,0.011290665715932846
173,14.0,1021,1.0859348773956299,,,0.007982921786606312
174,3.0,611,0.6351616382598877,,,0.015586300753057003
175,3.0,529,0.5613934993743896,,,0.023502204567193985
176,5.0,616,0.6460988521575928,,,0.007734259124845266
177,5.0,477,0.5242116451263428,,,0.0037400119472295046
178,13.0,997,1.0757687091827393,,,0.0037599625065922737
179,11.0,992,1.1353824138641357,,,0.014898423105478287
180,7.0,552,0.6350274085998535,,,0.003758401609957218
181,4.0,555,0.6071994304656982,,,0.011379423551261425
182,7.0,722,0.7936365604400635,,,0.015686675906181335
183,1.0,445,0.4376044273376465,,,0.003763963235542178
184,0.0,441,0.43772172927856445,,,0.004271000158041716
185,14.0,863,0.8830709457397461,,,0.00372227537445724
186,2.0,642,0.6992552280426025,,,3.8454636523965746e-05
187,10.0,969,0.9905064105987549,,,0.003858057549223304
188,4.0,505,0.4949970245361328,,,0.011228484101593494
189,15.0,1239,1.2356033325195312,,,0.007523284759372473
190,12.0,1533,1.5231728553771973,,,0.01135553140193224
191,8.0,1075,1.0823779106140137,,,0.008036105893552303
192,4.0,554,0.6017000675201416,,,0.007433159742504358
193,8.0,762,0.8141868114471436,,,5.525414599105716e-05
194,15.0,890,0.950758695602417,,,0.011240929365158081
195,11.0,874,0.8863692283630371,,,0.014845356345176697
196,9.0,848,0.8994483947753906,,,0.00754042062908411
197,15.0,1152,1.1896979808807373,,,0.003807381261140108
198,7.0,621,0.6204252243041992,,,0.0074140047654509544
199,6.0,667,0.6747946739196777,,,0.015617204830050468
200,4.0,391,0.4014718532562256,,,0.0038974278140813112
201,18.0,1209,1.259040117263794,,,0.007464869879186153
202,3.0,495,0.5499618053436279,,,0.008131296373903751
203,6.0,785,0.8126912117004395,,,0.0037787023466080427
204,3.0,517,0.5305860042572021,,,0.007459308486431837
205,5.0,645,0.6769802570343018,,,0.0037551680579781532
206,6.0,743,0.778425931930542,,,0.011410403065383434
207,2.0,370,0.3842020034790039,,,4.142342004342936e-05
208,5.0,555,0.5710573196411133,,,0.007519848644733429
209,3.0,507,0.5126726627349854,,,0.015846269205212593
210,2.0,507,0.5222294330596924,,,0.011141717433929443
211,8.0,647,0.6669082641601562,,,6.009708158671856e-05
212,4.0,388,0.4034092426300049,,,0.012078818865120411
213,8.0,745,0.7647466659545898,,,0.008097604848444462
214,3.0,399,0.41193509101867676,,,2.7632804631139152e-05
215,8.0,708,0.7232606410980225,,,0.011163363233208656
216,7.0,710,0.7054314613342285,,,0.011368432082235813
217,2.0,583,0.6014056205749512,,,0.011266417801380157
218,13.0,1075,1.1413028240203857,,,0.007498012389987707
219,2.0,621,0.6486780643463135,,,0.0037305548321455717
220,3.0,507,0.5240752696990967,,,0.016314659267663956
221,2.0,400,0.4112739562988281,,,0.011262504383921623
222,4.0,371,0.3910684585571289,,,0.0037613357417285442
223,19.0,1084,1.0831234455108643,,,0.016413023695349693
224,8.0,721,0.7270340919494629,,,0.0038274305406957865
225,20.0,1004,1.1358115673065186,,,0.0037812599912285805
226,6.0,618,0.6644232273101807,,,0.0037886216305196285
227,11.0,862,0.8939251899719238,,,0.011059912852942944
228,9.0,816,0.8462345600128174,,,0.015025217086076736
229,10.0,1150,1.1859967708587646,,,0.011324145831167698
230,7.0,595,0.6194255352020264,,,6.32740993751213e-05
231,0.0,479,0.4980137348175049,,,0.020213142037391663
232,10.0,977,1.0259740352630615,,,0.019621960818767548
233,7.0,764,0.8095674514770508,,,0.0038048196583986282
234,3.0,457,0.5004031658172607,,,4.04411657655146e-05
235,3.0,707,0.7663083076477051,,,0.003726496361196041
236,9.0,815,0.8501436710357666,,,0.008296435698866844
237,4.0,511,0.5316157341003418,,,0.011362896300852299
238,3.0,433,0.4484128952026367,,,5.3340303566074e-05
239,4.0,657,0.6902310848236084,,,0.00818940345197916
240,3.0,649,0.6833803653717041,,,0.018750542774796486
241,9.0,839,0.9023890495300293,,,0.011172734200954437
242,4.0,409,0.43361544609069824,,,0.011950546875596046
243,7.0,759,0.7946460247039795,,,4.427128078532405e-05
244,13.0,1054,1.097963571548462,,,0.008483259938657284
245,8.0,967,1.0111794471740723,,,0.011295654810965061
246,13.0,944,1.0140089988708496,,,0.007422967813909054
247,3.0,709,0.8547611236572266,,,0.012179441750049591
248,4.0,651,0.7395603656768799,,,0.015943843871355057
249,3.0,675,0.7299580574035645,,,0.011327252723276615
250,9.0,688,0.7114112377166748,,,0.0037887017242610455
251,2.0,399,0.42238688468933105,,,0.0037537533789873123
252,10.0,789,0.8411116600036621,,,0.007479168474674225
253,3.0,441,0.4593665599822998,,,0.011437877081334591
254,4.0,514,0.5341839790344238,,,0.011055678129196167
255,0.0,557,0.5799872875213623,,,0.0038080872036516666
256,9.0,695,0.7191994190216064,,,5.1621907914523035e-05
257,4.0,515,0.531874418258667,,,0.0038155829533934593
258,3.0,405,0.42495250701904297,,,0.0074527328833937645
259,4.0,457,0.47450923919677734,,,0.003710344899445772
260,2.0,346,0.36404991149902344,,,0.015013806521892548
261,6.0,499,0.5071263313293457,,,5.87989306950476e-05
262,9.0,762,0.7938840389251709,,,0.003733623307198286
263,5.0,755,0.7777297496795654,,,0.013099128380417824
264,9.0,814,0.8668012619018555,,,0.0077080694027245045
265,3.0,670,0.7119722366333008,,,0.007455579936504364
266,3.0,336,0.3543388843536377,,,0.007441199384629726
267,1.0,503,0.5277283191680908,,,0.003998058382421732
268,1.0,539,0.5651252269744873,,,6.705711712129414e-05
269,0.0,487,0.4953770637512207,,,0.007464393973350525
270,5.0,599,0.6295275688171387,,,0.018513713032007217
271,6.0,525,0.5645143985748291,,,0.007514356169849634
272,8.0,637,0.6489312648773193,,,0.00743043003603816
273,5.0,721,0.7480626106262207,,,0.015976285561919212
274,3.0,537,0.5756242275238037,,,0.014875151216983795
275,10.0,807,0.8361630439758301,,,0.007514792960137129
276,3.0,596,0.6111128330230713,,,0.007602021098136902
277,9.0,660,0.6945691108703613,,,0.015184978954494
278,3.0,568,0.6092417240142822,,,0.011198299005627632
279,3.0,494,0.5139954090118408,,,0.0037305185105651617
280,15.0,1099,1.120286464691162,,,0.025949954986572266
281,5.0,697,0.7404398918151855,,,0.008728154934942722
282,4.0,673,0.7076544761657715,,,0.0046515981666743755
283,3.0,559,0.5744714736938477,,,0.0037527827080339193
284,4.0,566,0.594947099685669,,,0.015033306553959846
285,17.0,929,1.018178939819336,,,0.011066237464547157
286,4.0,794,0.8374667167663574,,,0.00738365575671196
287,9.0,663,0.7156686782836914,,,0.003854231908917427
288,10.0,937,1.0741775035858154,,,0.008534031920135021
289,11.0,1174,1.2743895053863525,,,0.018815262243151665
290,7.0,644,0.7038071155548096,,,0.011349023319780827
291,4.0,595,0.6663076877593994,,,0.011183854192495346
292,7.0,577,0.6540677547454834,,,0.011315506882965565
293,25.0,1244,1.372143268585205,,,0.0037696645595133305
294,6.0,616,0.646754264831543,,,0.011389129795134068
295,7.0,615,0.6274456977844238,,,0.015210968442261219
296,5.0,563,0.5759551525115967,,,0.014968381263315678
297,9.0,806,0.8428292274475098,,,0.007606297265738249
298,2.0,389,0.4048333168029785,,,0.003940002527087927
299,9.0,637,0.6571440696716309,,,0.023180140182375908
300,20.0,1274,1.3097403049468994,,,0.00731573486700654
301,7.0,657,0.6662700176239014,,,0.0037680999375879765
302,13.0,811,0.8362054824829102,,,0.0038042664527893066
303,9.0,993,0.9942662715911865,,,0.02360035479068756
304,8.0,725,0.7525453567504883,,,0.003930258098989725
305,13.0,1410,1.4299757480621338,,,0.0036934444215148687
306,12.0,813,0.845501184463501,,,0.00885498896241188
307,8.0,749,0.7794041633605957,,,0.007447292562574148
308,7.0,673,0.6903631687164307,,,0.01478404551744461
309,6.0,657,0.6879856586456299,,,0.011457178741693497
310,10.0,1492,1.527153730392456,,,0.003823209088295698
311,9.0,743,0.7734498977661133,,,0.011301442049443722
312,5.0,670,0.6834485530853271,,,0.011116730980575085
313,1.0,621,0.6322712898254395,,,0.003826432628557086
314,9.0,918,0.9419188499450684,,,0.011183048598468304
315,11.0,944,0.9738295078277588,,,0.00379504868760705
316,4.0,617,0.644888162612915,,,0.012208504602313042
317,4.0,633,0.6878933906555176,,,0.0038507352583110332
318,5.0,563,0.587536096572876,,,8.163223537849262e-05
319,6.0,521,0.5314652919769287,,,0.01134786568582058
320,11.0,1099,1.1634340286254883,,,0.011263108812272549
321,10.0,981,1.0178918838500977,,,0.01465695071965456
322,6.0,775,0.789130687713623,,,0.01984979584813118
323,5.0,595,0.6341233253479004,,,0.018646635115146637
324,11.0,885,0.9321157932281494,,,0.027520297095179558
325,33.0,1467,1.5264801979064941,,,0.00857451930642128
326,-2.0,609,0.6195569038391113,,,0.0035987517330795527
327,-1.0,567,0.5706193447113037,,,0.003709261305630207
328,8.0,761,0.7830801010131836,,,0.010979175567626953
329,8.0,716,0.7827622890472412,,,0.007240081671625376
330,8.0,766,0.7949860095977783,,,0.0037879403680562973
331,5.0,798,0.8302369117736816,,,0.014720749109983444
332,1.0,392,0.41443657875061035,,,0.012338790111243725
333,2.0,513,0.5331785678863525,,,0.014859078451991081
334,5.0,594,0.5929160118103027,,,0.014964163303375244
335,15.0,908,0.9146156311035156,,,0.011156044900417328
336,4.0,761,0.7752676010131836,,,0.016289977356791496
337,6.0,703,0.7274398803710938,,,0.008925912901759148
338,11.0,995,1.0018136501312256,,,0.00010863316128961742
339,13.0,917,0.9930698871612549,,,2.818882785504684e-05
340,7.0,694,0.7425568103790283,,,0.007641799747943878
341,12.0,849,0.9079971313476562,,,0.012789937667548656
342,6.0,639,0.6950833797454834,,,0.007374894339591265
343,2.0,404,0.4393765926361084,,,0.018693827092647552
344,2.0,535,0.6098668575286865,,,0.007452812511473894
345,8.0,788,0.8149619102478027,,,6.364167347783223e-05
346,5.0,676,0.7202436923980713,,,0.007777956780046225
347,1.0,507,0.5349528789520264,,,0.011273381300270557
348,3.0,615,0.6409392356872559,,,0.007515598554164171
349,8.0,939,0.9719970226287842,,,0.003764832392334938
350,6.0,609,0.6896040439605713,,,8.735899609746411e-05
351,4.0,635,0.6452927589416504,,,0.007710253819823265
352,10.0,931,0.9966628551483154,,,0.011276069097220898
353,3.0,671,0.7343552112579346,,,0.003749615279957652
354,2.0,424,0.433621883392334,,,0.014928383752703667
355,7.0,839,0.8935086727142334,,,0.01264401525259018
356,6.0,588,0.6364655494689941,,,0.003941433038562536
357,5.0,763,0.8057777881622314,,,0.011110033839941025
358,2.0,340,0.356229305267334,,,0.011557357385754585
359,13.0,859,0.9043660163879395,,,0.022154923528432846
360,5.0,623,0.6434369087219238,,,0.011204424314200878
361,14.0,1029,1.074538230895996,,,0.007291525602340698
362,8.0,647,0.6699409484863281,,,0.007437072228640318
363,6.0,631,0.6461732387542725,,,0.014645058661699295
364,3.0,574,0.5948920249938965,,,0.007505223620682955
365,15.0,1311,1.4161579608917236,,,0.003742979373782873
366,9.0,936,0.9775726795196533,,,0.0038162837736308575
367,5.0,732,0.7923686504364014,,,0.007479297462850809
368,4.0,372,0.4215974807739258,,,0.01854495145380497
369,4.0,390,0.41813111305236816,,,0.014843500219285488
370,5.0,672,0.7196400165557861,,,0.025800351053476334
371,6.0,641,0.6733453273773193,,,0.013768324628472328
372,7.0,792,0.8390407562255859,,,0.011254094541072845
373,2.0,555,0.5827322006225586,,,0.003688142402097583
374,0.0,398,0.4163501262664795,,,0.007569804787635803
375,2.0,620,0.6456353664398193,,,8.928276656661183e-05
376,9.0,739,0.7724392414093018,,,0.0072577595710754395
377,9.0,821,0.8674521446228027,,,0.009307869710028172
378,5.0,466,0.4857797622680664,,,0.0038265930488705635
379,11.0,921,0.9842383861541748,,,0.003804355626925826
380,11.0,823,0.8626935482025146,,,0.010995233431458473
381,11.0,762,0.8740723133087158,,,0.007470022886991501
382,4.0,647,0.6966750621795654,,,0.0075395917519927025
383,5.0,749,0.7996814250946045,,,0.007477979641407728
384,3.0,401,0.4192075729370117,,,0.011414522305130959
385,6.0,673,0.7253820896148682,,,0.013415752910077572
386,6.0,515,0.5486891269683838,,,0.01136889960616827
387,15.0,1171,1.2271900177001953,,,0.01503018755465746
388,4.0,392,0.41358137130737305,,,0.0037474199198186398
389,5.0,681,0.7235782146453857,,,0.01293299999088049
390,10.0,1064,1.104238748550415,,,0.009789637289941311
391,8.0,839,0.8790593147277832,,,0.011156600899994373
392,5.0,668,0.7614474296569824,,,0.014946242794394493
393,5.0,729,0.7969462871551514,,,0.007392481435090303
394,10.0,687,0.7355990409851074,,,7.56973895477131e-05
395,9.0,731,0.7772135734558105,,,0.01844071038067341
396,9.0,845,0.8936367034912109,,,0.003759377170354128
397,6.0,663,0.7347185611724854,,,0.003772781230509281
398,6.0,779,0.834604024887085,,,0.018544796854257584
399,1.0,589,0.6394503116607666,,,0.007667817175388336
400,4.0,625,0.6753497123718262,,,5.5087977671064436e-05
401,-1.0,441,0.47510719299316406,,,0.0037625019904226065
402,4.0,589,0.6313958168029785,,,0.003818639786913991
403,4.0,629,0.6646380424499512,,,0.007400128990411758
404,11.0,887,0.9747605323791504,,,0.014758587814867496
405,7.0,748,0.7985796928405762,,,0.007498268503695726
406,6.0,705,0.7930490970611572,,,0.01662776619195938
407,16.0,1081,1.1475012302398682,,,0.003987767267972231
408,3.0,583,0.6229233741760254,,,0.011173781007528305
409,2.0,561,0.5956647396087646,,,0.011322465725243092
410,12.0,1177,1.3411962985992432,,,0.01892390474677086
411,9.0,804,0.8760294914245605,,,0.022379662841558456
412,10.0,839,0.9101521968841553,,,0.015145199373364449
413,8.0,729,0.7885861396789551,,,0.0038021556101739407
414,18.0,1425,1.504026174545288,,,0.007138831540942192
415,1.0,517,0.575007438659668,,,0.003941808827221394
416,1.0,407,0.4539680480957031,,,0.007267205510288477
417,1.0,523,0.5741903781890869,,,0.007577897049486637
418,1.0,497,0.5275065898895264,,,0.011345410719513893
419,9.0,696,0.7392275333404541,,,0.015374617651104927
420,4.0,506,0.5393373966217041,,,0.01107805222272873
421,4.0,541,0.6036417484283447,,,0.0038288747891783714
422,1.0,721,0.7752549648284912,,,0.011470467783510685
423,7.0,654,0.700345516204834,,,0.010745764710009098
424,5.0,577,0.6556692123413086,,,0.019781015813350677
425,11.0,671,0.7077922821044922,,,0.011282142251729965
426,7.0,835,0.880126953125,,,0.011296841315925121
427,4.0,686,0.7205970287322998,,,0.0038144909776747227
428,10.0,757,0.8095707893371582,,,0.0035191169008612633
429,3.0,439,0.46835780143737793,,,0.007703898940235376
430,5.0,627,0.6572666168212891,,,0.009182327426970005
431,5.0,667,0.6867122650146484,,,0.014946239069104195
432,4.0,615,0.6471157073974609,,,0.0037649471778422594
433,24.0,1525,1.5911054611206055,,,0.007485121488571167
434,14.0,757,0.815495491027832,,,0.014959204010665417
435,8.0,627,0.6856367588043213,,,0.011138114146888256
436,4.0,561,0.6027803421020508,,,0.014910068362951279
437,4.0,701,0.7468130588531494,,,0.010194608010351658
438,5.0,702,0.7435855865478516,,,0.011097518727183342
439,3.0,587,0.6189429759979248,,,0.007521286606788635
440,14.0,1026,1.0636084079742432,,,0.005816440097987652
441,4.0,392,0.414886474609375,,,0.007682854775339365
442,5.0,540,0.5870773792266846,,,0.014682208187878132
443,4.0,667,0.6893942356109619,,,0.015343177132308483
444,16.0,980,1.02809476852417,,,0.018250245600938797
445,4.0,707,0.7572228908538818,,,0.014672523364424706
446,13.0,944,0.9931132793426514,,,0.0037816730327904224
447,4.0,637,0.6682956218719482,,,0.0037691923789680004
448,6.0,843,0.9307804107666016,,,0.0038388073444366455
449,7.0,773,0.8157744407653809,,,0.00382186658680439
450,13.0,1145,1.2165493965148926,,,0.003839439246803522
451,7.0,743,0.7821338176727295,,,0.011520319618284702
452,2.0,519,0.5425281524658203,,,0.0036701313219964504
453,7.0,1130,1.1941606998443604,,,0.007524269167333841
454,5.0,623,0.6486716270446777,,,0.017417486757040024
455,16.0,1005,1.0590448379516602,,,0.010925959795713425
456,5.0,435,0.44732093811035156,,,0.015105459839105606
457,10.0,885,0.9270846843719482,,,0.00932307355105877
458,5.0,909,0.9567441940307617,,,0.011121831834316254
459,3.0,384,0.40134477615356445,,,0.003663569688796997
460,8.0,854,0.8897955417633057,,,0.007760161068290472
461,4.0,651,0.6839735507965088,,,0.011330991052091122
462,13.0,996,1.039268970489502,,,0.01090791542083025
463,9.0,809,0.8464996814727783,,,0.007518541533499956
464,5.0,665,0.7275140285491943,,,0.007272526156157255
465,4.0,657,0.7354729175567627,,,0.013902761973440647
466,4.0,505,0.5348215103149414,,,0.007535119075328112
467,2.0,380,0.40311503410339355,,,0.0073593296110630035
468,5.0,785,0.8249046802520752,,,0.0039057773537933826
469,7.0,745,0.7779548168182373,,,0.0037220369558781385
470,5.0,699,0.7359380722045898,,,0.011336964555084705
471,3.0,732,0.7778334617614746,,,0.007529060356318951
472,0.0,661,0.7073051929473877,,,0.015149696730077267
473,7.0,718,0.7559347152709961,,,0.0037681034300476313
474,7.0,657,0.696042537689209,,,0.0038299101870507
475,8.0,609,0.6538541316986084,,,0.010881581343710423
476,3.0,636,0.6690587997436523,,,0.003804142354056239
477,10.0,918,0.9710373878479004,,,0.003863563761115074
478,3.0,529,0.5678305625915527,,,0.013700159266591072
479,16.0,825,0.861931324005127,,,0.00751709146425128
480,2.0,495,0.5166337490081787,,,0.015500159002840519
481,7.0,803,0.8653767108917236,,,0.01103865634649992
482,2.0,571,0.599867582321167,,,0.003780192928388715
483,10.0,1019,1.065758466720581,,,0.011540484614670277
484,13.0,915,0.9674091339111328,,,0.007499703671783209
485,7.0,729,0.7612605094909668,,,0.011213896796107292
486,9.0,914,0.9516057968139648,,,0.003958167042583227
487,10.0,802,0.8411273956298828,,,0.014421517960727215
488,7.0,793,0.829737663269043,,,0.015017862431704998
489,8.0,702,0.735457181930542,,,0.013062630780041218
490,5.0,538,0.5684530735015869,,,0.0073090847581624985
491,2.0,405,0.4463798999786377,,,0.0001237577380379662
492,4.0,489,0.5391621589660645,,,0.014486721716821194
493,12.0,752,0.8188395500183105,,,0.018871137872338295
494,8.0,729,0.8157572746276855,,,0.0038484607357531786
495,7.0,833,0.8848922252655029,,,0.0039737471379339695
496,4.0,496,0.5317821502685547,,,0.011430254206061363
497,12.0,745,0.7939634323120117,,,0.0037102848291397095
498,1.0,461,0.48607540130615234,,,0.011189990676939487
499,5.0,648,0.7131569385528564,,,0.01554552000015974
500,10.0,809,0.8664276599884033,,,0.01429201103746891
501,6.0,781,0.8168802261352539,,,0.007446051575243473
502,5.0,633,0.6545400619506836,,,0.00012028470518998802
503,16.0,945,0.9857535362243652,,,0.032477665692567825
504,3.0,539,0.573768138885498,,,0.007403112482279539
505,12.0,833,0.8791656494140625,,,0.011056176386773586
506,10.0,782,0.829620361328125,,,0.015404663980007172
507,19.0,1349,1.4156818389892578,,,0.011710611172020435
508,10.0,749,0.7938845157623291,,,0.007205878384411335
509,10.0,722,0.754631757736206,,,0.007601812947541475
510,4.0,647,0.6724369525909424,,,0.023274509236216545
511,5.0,485,0.5686101913452148,,,0.0039006297010928392
512,17.0,986,1.0646426677703857,,,0.01857229508459568
513,5.0,623,0.6630127429962158,,,0.011345836333930492
514,14.0,780,0.8442649841308594,,,0.007584847509860992
515,1.0,549,0.5796375274658203,,,0.00014443295367527753
516,6.0,563,0.6281707286834717,,,0.01682323031127453
517,5.0,795,0.8690757751464844,,,9.286782733397558e-05
518,11.0,1109,1.1561293601989746,,,0.0038514025509357452
519,26.0,1024,1.0668964385986328,,,0.014875002205371857
520,13.0,1068,1.1383171081542969,,,0.011503834277391434
521,7.0,595,0.6356892585754395,,,0.007699104025959969
522,13.0,956,1.0013787746429443,,,0.0001270876091439277
523,3.0,498,0.52268385887146,,,8.49010466481559e-05
524,3.0,525,0.556828498840332,,,0.01111232116818428
525,7.0,665,0.7048306465148926,,,0.018277280032634735
526,3.0,614,0.6373140811920166,,,0.007455964107066393
527,4.0,803,0.8505635261535645,,,0.00742347864434123
528,6.0,657,0.7255632877349854,,,0.007774537429213524
529,11.0,779,0.8348748683929443,,,0.01843097247183323
530,7.0,681,0.7078104019165039,,,0.007475817576050758
531,7.0,698,0.720449686050415,,,0.010981325060129166
532,8.0,613,0.6584298610687256,,,0.010887494310736656
533,9.0,797,0.8341054916381836,,,0.018281955271959305
534,7.0,814,0.8383309841156006,,,0.004005675204098225
535,7.0,797,0.8302502632141113,,,0.007550217676907778
536,14.0,848,0.895500659942627,,,0.011109628714621067
537,6.0,668,0.6860668659210205,,,0.022559892386198044
538,14.0,803,0.833820104598999,,,0.00011851384624605998
539,9.0,716,0.7387890815734863,,,0.011285259388387203
540,14.0,956,0.9852945804595947,,,0.01107607502490282
541,3.0,497,0.5086877346038818,,,0.0037472497206181288
542,9.0,1405,1.457719087600708,,,0.011280842125415802
543,16.0,1015,1.0423376560211182,,,0.011125076562166214
544,4.0,385,0.3943922519683838,,,0.0037180755753070116
545,2.0,655,0.6884887218475342,,,0.013978911563754082
546,8.0,655,0.6984260082244873,,,0.0073605068027973175
547,7.0,763,0.8000919818878174,,,0.0038309884257614613
548,13.0,1185,1.2256450653076172,,,0.024678589776158333
549,7.0,680,0.7342290878295898,,,0.011281144805252552
550,5.0,605,0.6359951496124268,,,0.007380267139524221
551,2.0,433,0.4552466869354248,,,0.018230604007840157
552,16.0,917,0.9605982303619385,,,0.00741358520463109
553,18.0,1047,1.079984426498413,,,0.011404202319681644
554,9.0,761,0.8079614639282227,,,0.007647229358553886
555,3.0,573,0.608771562576294,,,0.003873951733112335
556,20.0,1039,1.1118803024291992,,,0.0038109116721898317
557,3.0,518,0.5433340072631836,,,0.003658073954284191
558,1.0,445,0.46210408210754395,,,0.014910824596881866
559,3.0,391,0.4168713092803955,,,0.011178869754076004
560,3.0,487,0.5266232490539551,,,0.0038033337332308292
561,4.0,511,0.5465664863586426,,,0.010964857414364815
562,5.0,502,0.5177295207977295,,,0.011495533399283886
563,3.0,632,0.6757404804229736,,,0.007299473509192467
564,21.0,1409,1.4701275825500488,,,0.02383445017039776
565,10.0,807,0.8725008964538574,,,0.007715359330177307
566,8.0,869,0.9370543956756592,,,0.015057230368256569
567,8.0,651,0.7037131786346436,,,0.0073583428747951984
568,13.0,875,0.9247965812683105,,,0.025715986266732216
569,2.0,537,0.5642421245574951,,,0.0038889639545232058
570,8.0,749,0.7975819110870361,,,0.019213814288377762
571,8.0,669,0.7505214214324951,,,0.007224599830806255
572,8.0,852,0.9416882991790771,,,0.003770155366510153
573,3.0,671,0.7156484127044678,,,0.003797555109485984
574,12.0,954,1.0405611991882324,,,0.0074898493476212025
575,3.0,489,0.5200526714324951,,,0.010615759529173374
576,7.0,674,0.7321674823760986,,,0.003920914139598608
577,7.0,686,0.7183747291564941,,,0.014987162314355373
578,19.0,1244,1.2885828018188477,,,0.03160471096634865
579,0.0,439,0.47101306915283203,,,0.0001432896387996152
580,3.0,478,0.5034089088439941,,,0.0038928440771996975
581,6.0,785,0.8145051002502441,,,0.010887565091252327
582,4.0,498,0.5178000926971436,,,0.011406894773244858
583,9.0,907,0.9580204486846924,,,0.0001068856508936733
584,4.0,521,0.5502381324768066,,,0.0072257439605891705
585,2.0,528,0.5624890327453613,,,0.011179068125784397
586,6.0,684,0.7167956829071045,,,0.0072809490375220776
587,4.0,736,0.7671875953674316,,,0.018313026055693626
588,6.0,610,0.6403622627258301,,,0.011316354386508465
589,5.0,668,0.6946570873260498,,,0.018987232819199562
590,9.0,834,0.8549985885620117,,,0.011329207569360733
591,0.0,430,0.44573187828063965,,,9.607583342585713e-05
592,-1.0,508,0.5259232521057129,,,0.014607180841267109
593,9.0,837,0.8631432056427002,,,0.0074320631101727486
594,7.0,797,0.8259341716766357,,,0.0075312028639018536
595,14.0,1063,1.1228322982788086,,,0.00014238778385333717
596,2.0,584,0.6318652629852295,,,0.01695042848587036
597,4.0,441,0.4712350368499756,,,0.015111076645553112
598,2.0,454,0.48433971405029297,,,0.01083710603415966
599,8.0,795,0.8415219783782959,,,0.013924743980169296
600,17.0,995,1.024414300918579,,,0.003904755925759673
601,3.0,646,0.6704196929931641,,,0.0036413860507309437
602,5.0,637,0.6554880142211914,,,0.011282088235020638
603,12.0,969,1.0099396705627441,,,0.011357808485627174
604,9.0,794,0.890580415725708,,,0.007946123369038105
605,4.0,657,0.6999168395996094,,,0.007338381372392178
606,9.0,615,0.6375613212585449,,,0.007376351393759251
607,7.0,678,0.702247142791748,,,0.007303131278604269
608,9.0,711,0.7750718593597412,,,0.011191893368959427
609,8.0,809,0.8606059551239014,,,0.010554441250860691
610,1.0,402,0.4351816177368164,,,0.018903585150837898
611,4.0,676,0.7416999340057373,,,0.0037854250986129045
612,1.0,497,0.5321059226989746,,,0.007776111364364624
613,8.0,669,0.7828497886657715,,,0.011261073872447014
614,5.0,665,0.722597599029541,,,0.016669856384396553
615,8.0,521,0.6265692710876465,,,0.0038796805310994387
616,5.0,775,0.8594889640808105,,,0.007522997912019491
617,4.0,661,0.7377924919128418,,,0.007599462289363146
618,2.0,506,0.5522401332855225,,,0.003766108537092805
619,6.0,699,0.7589304447174072,,,0.011282595805823803
620,4.0,561,0.6247868537902832,,,0.0036381883546710014
621,5.0,593,0.6848087310791016,,,0.0001139145388151519
622,5.0,671,0.7452268600463867,,,0.0037870830856263638
623,23.0,1138,1.3093862533569336,,,0.02615543268620968
624,6.0,802,0.9123075008392334,,,0.016832921653985977
625,13.0,947,1.1091983318328857,,,0.003952087834477425
626,5.0,539,0.6054220199584961,,,0.004188709892332554
627,5.0,673,0.7663161754608154,,,0.008016875945031643
628,7.0,893,1.0229980945587158,,,0.01113137323409319
629,9.0,653,0.7234485149383545,,,0.00763620063662529
630,11.0,853,0.9590179920196533,,,0.010983451269567013
631,5.0,709,0.78544020652771,,,0.017316391691565514
632,5.0,870,0.9454739093780518,,,0.007437426596879959
633,3.0,573,0.6138191223144531,,,0.00387963792309165
634,2.0,383,0.4136505126953125,,,0.00402839295566082
635,10.0,828,0.8723864555358887,,,0.00382161233574152
636,13.0,831,0.875385046005249,,,0.00014619316789321601
637,4.0,599,0.6349582672119141,,,0.029301568865776062
638,2.0,547,0.5831527709960938,,,0.007724516559392214
639,4.0,645,0.6827285289764404,,,0.007542242296040058
640,13.0,922,0.9946389198303223,,,0.007340882904827595
641,5.0,757,0.8328654766082764,,,0.01072782650589943
642,6.0,688,0.7355730533599854,,,0.007420440670102835
643,4.0,708,0.7610599994659424,,,0.014531201682984829
644,8.0,814,0.8849420547485352,,,0.018793389201164246
645,4.0,517,0.5532801151275635,,,0.0037554316222667694
646,7.0,389,0.4193406105041504,,,0.01784309186041355
647,10.0,829,0.892366886138916,,,0.0072179920971393585
648,11.0,987,1.0568735599517822,,,0.007304447237402201
649,15.0,983,1.0347747802734375,,,0.015224006026983261
650,12.0,799,0.8510770797729492,,,0.007391741964966059
651,7.0,711,0.7597825527191162,,,0.007580603007227182
652,1.0,398,0.42119932174682617,,,0.004023885820060968
653,4.0,493,0.5307414531707764,,,0.006013879552483559
654,4.0,398,0.4348032474517822,,,0.022449487820267677
655,4.0,385,0.4083898067474365,,,8.584887837059796e-05
656,2.0,658,0.7253983020782471,,,0.0038500844966620207
657,7.0,642,0.6793677806854248,,,0.011122177354991436
658,12.0,896,0.9518349170684814,,,0.011101538315415382
659,21.0,1191,1.275040864944458,,,0.007684906478971243
660,6.0,658,0.704179048538208,,,0.007286685053259134
661,3.0,398,0.42446279525756836,,,0.018097015097737312
662,5.0,675,0.724231481552124,,,0.02751179039478302
663,9.0,711,0.7558109760284424,,,0.021795326843857765
664,2.0,415,0.4427783489227295,,,0.01623689755797386
665,3.0,546,0.5841400623321533,,,0.0038460688665509224
666,5.0,494,0.5313348770141602,,,0.014847327955067158
667,5.0,410,0.4351847171783447,,,0.00011976860696449876
668,2.0,589,0.6329514980316162,,,0.007650597952306271
669,8.0,819,0.8618848323822021,,,0.007582324091345072
670,12.0,845,0.8955011367797852,,,0.003628841368481517
671,8.0,773,0.8293287754058838,,,0.00017085319268517196
672,4.0,617,0.6767737865447998,,,0.03580688685178757
673,9.0,834,0.8928012847900391,,,0.007718620356172323
674,13.0,1417,1.4865849018096924,,,0.011155819520354271
675,5.0,639,0.6854231357574463,,,0.007652571890503168
676,6.0,436,0.462740421295166,,,0.0037774979136884212
677,0.0,427,0.482499361038208,,,0.014868657104671001
678,1.0,373,0.4000113010406494,,,0.00377263524569571
679,4.0,593,0.6244606971740723,,,0.007190008647739887
680,2.0,385,0.41607022285461426,,,0.00012799850082956254
681,8.0,839,0.9021456241607666,,,0.01715797372162342
682,9.0,619,0.6645731925964355,,,0.0040013473480939865
683,3.0,579,0.6152997016906738,,,0.013686442747712135
684,4.0,555,0.5962979793548584,,,0.0076813120394945145
685,3.0,625,0.6743745803833008,,,0.019837722182273865
686,6.0,640,0.6859829425811768,,,0.018596766516566277
687,5.0,621,0.6682794094085693,,,0.004093859810382128
688,2.0,481,0.5098874568939209,,,0.007421744056046009
689,9.0,861,0.9258935451507568,,,0.023772165179252625
690,3.0,599,0.6297469139099121,,,0.007778939325362444
691,3.0,689,0.7408885955810547,,,0.00015605728549417108
692,2.0,396,0.4300422668457031,,,0.0001812064292607829
693,17.0,1002,1.0785646438598633,,,0.0038029819261282682
694,2.0,551,0.5982799530029297,,,0.011754469946026802
695,10.0,782,0.8321914672851562,,,0.0074721141718328
696,8.0,724,0.7767679691314697,,,0.0035708576906472445
697,9.0,564,0.610131025314331,,,0.015277368016541004
698,9.0,913,0.9781332015991211,,,0.007676377892494202
699,12.0,875,0.9261350631713867,,,0.015091138891875744
700,2.0,582,0.6213729381561279,,,0.003923607058823109
701,3.0,634,0.675086498260498,,,0.011234055273234844
702,4.0,747,0.8037710189819336,,,0.01489278394728899
703,5.0,782,0.8426680564880371,,,0.005905402358621359
704,13.0,964,1.0257933139801025,,,0.020362962037324905
705,9.0,823,0.8729097843170166,,,0.00014066263975109905
706,15.0,861,0.9223527908325195,,,0.01114331278949976
707,7.0,828,0.8838388919830322,,,0.00381624442525208
708,15.0,1331,1.419159173965454,,,0.0037189072463661432
709,7.0,785,0.8468132019042969,,,0.007751733064651489
710,16.0,926,1.016671895980835,,,0.0036167509388178587
711,2.0,421,0.45813465118408203,,,0.011300786398351192
712,20.0,1313,1.3856291770935059,,,0.00019871116091962904
713,8.0,747,0.7968649864196777,,,0.007323801051825285
714,7.0,747,0.8070054054260254,,,0.003917453810572624
715,-1.0,515,0.5534353256225586,,,0.010209423489868641
716,11.0,850,0.9008979797363281,,,0.0038754146080464125
717,8.0,761,0.8166055679321289,,,0.010869636200368404
718,1.0,556,0.598804235458374,,,0.007463188376277685
719,8.0,608,0.6533386707305908,,,0.003852353896945715
720,12.0,1537,1.6431865692138672,,,0.01142885908484459
721,0.0,588,0.6283879280090332,,,0.011186768300831318
722,17.0,1083,1.1532232761383057,,,0.003997299820184708
723,3.0,701,0.7513427734375,,,0.018497562035918236
724,11.0,1324,1.41396164894104,,,0.003931131213903427
725,6.0,696,0.7436525821685791,,,0.007266940549015999
726,9.0,787,0.8475797176361084,,,0.0188987348228693
727,6.0,803,0.8719604015350342,,,0.006225659046322107
728,14.0,1069,1.1340985298156738,,,0.010833581909537315
729,10.0,934,0.9910752773284912,,,0.007685132324695587
730,4.0,774,0.8337802886962891,,,0.0032547598239034414
731,6.0,496,0.5344643592834473,,,0.007477777544409037
732,5.0,487,0.5064475536346436,,,0.01294894702732563
733,5.0,686,0.7391109466552734,,,0.018281783908605576
734,3.0,601,0.6519298553466797,,,0.007597052957862616
735,5.0,716,0.7683556079864502,,,0.015178774483501911
736,2.0,350,0.38381218910217285,,,0.011668410152196884
737,4.0,579,0.6335878372192383,,,0.0037875862326472998
738,10.0,833,0.9387204647064209,,,0.010924583300948143
739,12.0,929,1.0616765022277832,,,0.007826079614460468
740,12.0,951,1.0369272232055664,,,0.007911419495940208
741,5.0,781,0.9631540775299072,,,0.014323764480650425
742,4.0,416,0.541053295135498,,,0.003853827714920044
743,11.0,845,0.9660406112670898,,,0.010836735367774963
744,14.0,836,0.9119727611541748,,,0.0216238833963871
745,9.0,798,0.9275729656219482,,,0.0038360082544386387
746,1.0,399,0.4538860321044922,,,0.007554932963103056
747,11.0,999,1.1348602771759033,,,0.003973189275711775
748,11.0,915,1.0397565364837646,,,0.0077124061062932014
749,6.0,666,0.7312417030334473,,,0.0035341742914170027
750,5.0,395,0.4273049831390381,,,0.018332282081246376
751,3.0,547,0.593571662902832,,,0.00397762656211853
752,14.0,855,0.9573824405670166,,,0.022304359823465347
753,6.0,651,0.7387943267822266,,,0.011014082469046116
754,9.0,810,0.8849458694458008,,,0.007698657922446728
755,3.0,556,0.6171493530273438,,,0.014817489311099052
756,4.0,508,0.5525920391082764,,,0.010981420055031776
757,6.0,546,0.5763969421386719,,,0.00017102278070524335
758,4.0,501,0.5827438831329346,,,0.007315018214285374
759,4.0,620,0.6859667301177979,,,0.014828297309577465
760,2.0,558,0.6032261848449707,,,0.011214323341846466
761,14.0,928,1.0112671852111816,,,0.007232828997075558
762,9.0,711,0.7711763381958008,,,0.007157131563872099
763,6.0,669,0.7460951805114746,,,0.0075429705902934074
764,12.0,1263,1.3806095123291016,,,0.010566290467977524
765,5.0,661,0.7311720848083496,,,0.007099674548953772
766,18.0,1102,1.232313632965088,,,0.007316631730645895
767,11.0,866,0.9399638175964355,,,0.022760024294257164
768,4.0,597,0.6444764137268066,,,0.0037308784667402506
769,7.0,845,0.9279811382293701,,,0.01621854305267334
770,0.0,382,0.4175899028778076,,,0.01239665038883686
771,16.0,1122,1.2115733623504639,,,0.0001081013833754696
772,10.0,671,0.7128288745880127,,,0.011225515976548195
773,8.0,795,0.8333315849304199,,,0.0001720133441267535
774,10.0,661,0.7014875411987305,,,0.0038807857781648636
775,7.0,525,0.5565705299377441,,,0.014626596122980118
776,14.0,1167,1.2504124641418457,,,0.011006275191903114
777,5.0,540,0.6471607685089111,,,0.014769262634217739
778,15.0,1534,1.6990931034088135,,,0.01101533230394125
779,19.0,1410,1.507323980331421,,,0.010831768624484539
780,4.0,670,0.7063236236572266,,,0.014429232105612755
781,12.0,826,0.8630275726318359,,,0.012379073537886143
782,4.0,661,0.7105903625488281,,,0.007981695234775543
783,9.0,832,0.8778464794158936,,,0.003641590243205428
784,9.0,960,1.0258128643035889,,,0.01826673187315464
785,8.0,673,0.7010307312011719,,,0.007597842253744602
786,3.0,489,0.5390069484710693,,,0.007445572409778833
787,13.0,829,0.8858938217163086,,,0.004142243415117264
788,8.0,674,0.7119390964508057,,,0.00350586767308414
789,12.0,970,1.0130748748779297,,,0.007504120469093323
790,9.0,1068,1.1143856048583984,,,0.0001408102980349213
791,1.0,346,0.36995816230773926,,,0.021752243861556053
792,0.0,459,0.4852793216705322,,,0.014360420405864716
793,1.0,467,0.4920482635498047,,,0.0036371771711856127
794,2.0,394,0.423478364944458,,,0.021861759945750237
795,1.0,460,0.49774813652038574,,,0.00032876114710234106
796,20.0,1309,1.4194650650024414,,,0.0039025857113301754
797,6.0,622,0.6767475605010986,,,0.004069383721798658
798,14.0,925,0.990638256072998,,,0.0036837721709161997
799,1.0,341,0.36469030380249023,,,0.014897298067808151
800,6.0,697,0.7561635971069336,,,0.009938371367752552
801,4.0,596,0.6337590217590332,,,0.00012660169159062207
802,7.0,611,0.6463227272033691,,,0.007868176326155663
803,7.0,638,0.6794424057006836,,,0.01755625382065773
804,6.0,889,0.939791202545166,,,0.027440881356596947
805,4.0,589,0.6436524391174316,,,0.015230209566652775
806,12.0,837,0.9052777290344238,,,0.00755315599963069
807,2.0,503,0.5415370464324951,,,0.00722047733142972
808,5.0,485,0.5447237491607666,,,0.007369024679064751
809,5.0,662,0.722832441329956,,,0.011178204789757729
810,4.0,661,0.6898901462554932,,,0.00017692340770736337
811,6.0,472,0.5058510303497314,,,0.0002135912363883108
812,5.0,567,0.611079216003418,,,0.014863576740026474
813,1.0,394,0.43076372146606445,,,0.018720142543315887
814,4.0,534,0.5860209465026855,,,0.007999400608241558
815,2.0,344,0.37835168838500977,,,0.011231103911995888
816,7.0,691,0.737699031829834,,,0.020242560654878616
817,3.0,477,0.5217907428741455,,,0.022285221144557
818,11.0,950,1.0155372619628906,,,0.007515255827456713
819,7.0,797,0.8472988605499268,,,0.011605017818510532
820,10.0,655,0.682147741317749,,,0.014824120327830315
821,1.0,509,0.5485968589782715,,,0.014855213463306427
822,7.0,826,0.86004638671875,,,0.00019980412616860121
823,12.0,999,1.0728065967559814,,,0.007363808806985617
824,12.0,991,1.0465285778045654,,,0.011644349433481693
825,7.0,783,0.8333771228790283,,,0.004054676275700331
826,4.0,483,0.5224800109863281,,,0.014466777443885803
827,5.0,541,0.5826990604400635,,,0.02517579309642315
828,16.0,919,0.9849627017974854,,,0.00014594075037166476
829,4.0,388,0.4107677936553955,,,0.014629277400672436
830,16.0,1248,1.301403522491455,,,0.003785284236073494
831,12.0,1183,1.2749757766723633,,,0.0039060134440660477
832,17.0,908,0.9641146659851074,,,0.011262655258178711
833,9.0,828,0.8892769813537598,,,0.011134546250104904
834,18.0,1077,1.164259910583496,,,0.003800493897870183
835,3.0,592,0.6363089084625244,,,0.0037648144643753767
836,4.0,489,0.5414469242095947,,,0.007457360625267029
837,2.0,414,0.45079803466796875,,,0.007423646282404661
838,8.0,599,0.6450004577636719,,,0.0074547044932842255
839,7.0,574,0.6160895824432373,,,0.03706205263733864
840,3.0,597,0.6432321071624756,,,0.003914950415492058
841,6.0,711,0.7666056156158447,,,0.026245128363370895
842,8.0,685,0.7578790187835693,,,0.022753532975912094
843,2.0,524,0.580026388168335,,,0.011546026915311813
844,4.0,785,0.8670234680175781,,,0.0035745224449783564
845,15.0,1105,1.223020315170288,,,0.015040501020848751
846,6.0,391,0.43946027755737305,,,0.007478478830307722
847,1.0,343,0.36353445053100586,,,0.013177736662328243
848,11.0,692,0.7867560386657715,,,0.014809633605182171
849,6.0,642,0.7281134128570557,,,0.007536489982157946
850,8.0,694,0.7431867122650146,,,0.018480654805898666
851,6.0,628,0.6794617176055908,,,0.00400425773113966
852,16.0,931,0.9759664535522461,,,0.007260947022587061
853,8.0,639,0.6744623184204102,,,0.015038207173347473
854,1.0,523,0.5443956851959229,,,0.010770083405077457
855,1.0,386,0.4100377559661865,,,0.015481304377317429
856,2.0,391,0.42632174491882324,,,0.008256378583610058
857,10.0,795,0.8911929130554199,,,0.011400926858186722
858,3.0,385,0.4275033473968506,,,0.018668439239263535
859,1.0,675,0.7445769309997559,,,0.00725489342585206
860,6.0,634,0.7932746410369873,,,0.003836745163425803
861,9.0,757,0.857428789138794,,,0.003672166960313916
862,5.0,635,0.6984226703643799,,,0.020602867007255554
863,11.0,679,0.7443664073944092,,,0.02405354008078575
864,1.0,411,0.4604225158691406,,,0.022460991516709328
865,4.0,546,0.6070539951324463,,,0.011267158202826977
866,4.0,685,0.7723584175109863,,,0.017318537458777428
867,5.0,527,0.5716207027435303,,,0.0002525033487472683
868,17.0,890,0.9485867023468018,,,0.019027482718229294
869,1.0,345,0.36534762382507324,,,0.00020885893900413066
870,2.0,386,0.4140784740447998,,,0.007434074301272631
871,14.0,956,1.033752202987671,,,0.00735302222892642
872,6.0,393,0.4367184638977051,,,0.00795992836356163
873,19.0,1296,1.417729139328003,,,0.014577583409845829
874,3.0,490,0.5401866436004639,,,0.014686699956655502
875,7.0,635,0.6931507587432861,,,0.015418259426951408
876,10.0,707,0.7582199573516846,,,0.0075888680294156075
877,3.0,524,0.5652709007263184,,,0.007348660379648209
878,16.0,1002,1.0724377632141113,,,0.0039183045737445354
879,11.0,814,0.8840246200561523,,,0.022063296288251877
880,2.0,519,0.5473625659942627,,,0.0036858010571449995
881,2.0,538,0.5683343410491943,,,0.010724621824920177
882,5.0,681,0.7514798641204834,,,0.011869843117892742
883,10.0,716,0.7855575084686279,,,0.011424573138356209
884,5.0,529,0.5573768615722656,,,0.010911781340837479
885,20.0,1214,1.3639702796936035,,,0.018110059201717377
886,11.0,909,1.0234367847442627,,,0.007383020129054785
887,3.0,461,0.5271778106689453,,,0.010938993655145168
888,1.0,461,0.5111634731292725,,,0.007814749144017696
889,12.0,800,0.8717880249023438,,,0.00014245539205148816
890,4.0,595,0.6491239070892334,,,0.007811745163053274
891,8.0,809,0.9092433452606201,,,0.010345212183892727
892,19.0,954,1.0295426845550537,,,0.0184478797018528
893,10.0,887,0.9701647758483887,,,0.011599207296967506
894,5.0,779,0.85854172706604,,,0.014627867378294468
895,4.0,388,0.42931032180786133,,,0.007153947837650776
896,0.0,359,0.39571499824523926,,,0.01885162480175495
897,4.0,431,0.48039865493774414,,,0.01176703255623579
898,4.0,631,0.6840784549713135,,,0.014633514918386936
899,5.0,652,0.7076959609985352,,,0.02955544926226139
900,9.0,731,0.7863647937774658,,,0.011437843553721905
901,7.0,479,0.5163850784301758,,,0.007789870258420706
902,9.0,712,0.7616586685180664,,,0.00014286923396866769
903,4.0,387,0.42006564140319824,,,0.01880181021988392
904,3.0,773,0.8277723789215088,,,0.007853220216929913
905,2.0,447,0.4820685386657715,,,0.010876649990677834
906,4.0,363,0.3891599178314209,,,0.01913410983979702
907,1.0,373,0.40250325202941895,,,0.015401920303702354
908,18.0,1196,1.2758252620697021,,,0.00016362914175260812
909,1.0,401,0.42676281929016113,,,0.007405977696180344
910,-1.0,424,0.452347993850708,,,0.007368835620582104
911,3.0,651,0.7204287052154541,,,0.010770659893751144
912,6.0,837,0.9386301040649414,,,0.0037565361708402634
913,15.0,1038,1.1248979568481445,,,0.012319723144173622
914,6.0,535,0.5826988220214844,,,0.015497132204473019
915,5.0,484,0.5243644714355469,,,0.004166587255895138
916,-1.0,530,0.5689177513122559,,,0.025997910648584366
917,6.0,696,0.7477288246154785,,,0.014868409372866154
918,8.0,652,0.7188119888305664,,,0.007746655959635973
919,4.0,356,0.3922543525695801,,,0.004133952781558037
920,7.0,559,0.605363130569458,,,0.007474667392671108
921,1.0,578,0.6145422458648682,,,0.011152887716889381
922,4.0,749,0.8077504634857178,,,0.00424108374863863
923,7.0,507,0.5479147434234619,,,0.01120050810277462
924,16.0,981,1.0513725280761719,,,0.015119669027626514
925,7.0,553,0.6095016002655029,,,0.015035593882203102
926,5.0,653,0.7173731327056885,,,0.014946396462619305
927,4.0,491,0.5382702350616455,,,0.0077053881250321865
928,11.0,829,0.8923609256744385,,,0.0201768409460783
929,19.0,993,1.0745983123779297,,,0.014100924134254456
930,5.0,499,0.5502316951751709,,,0.015132061205804348
931,17.0,907,0.9912071228027344,,,0.01112360879778862
932,2.0,488,0.5365173816680908,,,0.00764058344066143
933,3.0,629,0.686652421951294,,,0.0001481683721067384
934,9.0,795,0.8665385246276855,,,0.01444998662918806
935,6.0,528,0.5696945190429688,,,0.011371171101927757
936,1.0,508,0.5609645843505859,,,0.01537305023521185
937,16.0,1311,1.4179465770721436,,,0.01921820640563965
938,4.0,605,0.6768944263458252,,,0.023478703573346138
939,15.0,1219,1.3225362300872803,,,0.007289429660886526
940,6.0,551,0.5992140769958496,,,0.030592037364840508
941,12.0,935,1.0160346031188965,,,0.0195326991379261
942,6.0,593,0.6380014419555664,,,0.0038318170700222254
943,3.0,575,0.6155655384063721,,,0.014214211143553257
944,8.0,687,0.7361814975738525,,,0.00023546387092210352
945,14.0,819,0.8738687038421631,,,0.01395837590098381
946,3.0,404,0.44071364402770996,,,0.007625468075275421
947,9.0,876,0.9466931819915771,,,0.018517719581723213
948,9.0,699,0.761958122253418,,,0.01136639155447483
949,4.0,437,0.47394895553588867,,,0.010763580910861492
950,4.0,655,0.7106049060821533,,,0.010967083275318146
951,11.0,910,0.9895575046539307,,,0.00397967454046011
952,18.0,933,1.0053160190582275,,,0.010304075665771961
953,10.0,706,0.7680625915527344,,,0.007639532908797264
954,13.0,1117,1.2200064659118652,,,0.013758321292698383
955,2.0,417,0.45444774627685547,,,0.018995605409145355
956,11.0,1117,1.2228119373321533,,,0.011478726752102375
957,1.0,529,0.5896415710449219,,,0.01090461015701294
958,11.0,853,0.9331042766571045,,,0.004199875518679619
959,7.0,946,1.0471889972686768,,,0.0106193283572793
960,14.0,1176,1.2952098846435547,,,0.0038364201318472624
961,16.0,853,0.9218788146972656,,,0.014342563226819038
962,-3.0,577,0.6197988986968994,,,0.01139040756970644
963,2.0,520,0.5780813694000244,,,0.025695351883769035
964,17.0,1111,1.1970114707946777,,,0.011500205844640732
965,4.0,543,0.596571683883667,,,0.007327657658606768
966,4.0,555,0.5972900390625,,,0.010616090148687363
967,2.0,388,0.42693495750427246,,,0.025493009015917778
968,18.0,902,0.9708890914916992,,,0.011170171201229095
969,5.0,370,0.4006214141845703,,,0.003729433985427022
970,4.0,837,0.9182627201080322,,,0.0141609450802207
971,12.0,1045,1.141411542892456,,,0.014706148765981197
972,2.0,541,0.5855321884155273,,,0.007728725206106901
973,9.0,679,0.7464969158172607,,,0.003766982816159725
974,0.0,357,0.3965296745300293,,,0.01488559227436781
975,9.0,725,0.7842624187469482,,,0.00802519265562296
976,3.0,543,0.607884407043457,,,0.00018949597142636776
977,4.0,419,0.46942138671875,,,0.003564033657312393
978,1.0,587,0.6494202613830566,,,0.004198976792395115
979,6.0,774,0.8458335399627686,,,0.011453120969235897
980,6.0,713,0.7733244895935059,,,0.01483364962041378
981,3.0,551,0.5993082523345947,,,0.01420164667069912
982,2.0,511,0.5542347431182861,,,0.007424060255289078
983,11.0,735,0.7995297908782959,,,0.003959599882364273
984,10.0,695,0.7734982967376709,,,0.0038953344337642193
985,12.0,906,0.99782395362854,,,0.011674261651933193
986,3.0,501,0.547189474105835,,,0.004205506760627031
987,15.0,1072,1.1700258255004883,,,0.010948222130537033
988,23.0,1411,1.5181348323822021,,,0.007688211742788553
989,13.0,1091,1.199815273284912,,,0.007545745000243187
990,14.0,997,1.0965275764465332,,,0.00817482452839613
991,1.0,524,0.5740225315093994,,,0.004334083292633295
992,16.0,890,0.9742670059204102,,,0.007636462338268757
993,10.0,673,0.7469372749328613,,,0.0035912049934267998
994,12.0,705,0.7723209857940674,,,0.011258573271334171
995,3.0,697,0.7592079639434814,,,0.01792517490684986
996,3.0,591,0.647125244140625,,,0.010539060458540916
997,11.0,942,1.015246868133545,,,0.011410936713218689
998,2.0,560,0.6316659450531006,,,0.007970013655722141
999,3.0,353,0.3911149501800537,,,0.014816337265074253
1000,2.0,521,0.5674641132354736,,,0.004030347801744938
1001,5.0,567,0.6266415119171143,,,0.003870228072628379
1002,4.0,758,0.8359918594360352,,,0.01174605917185545
1003,3.0,406,0.45163965225219727,,,0.010621905326843262
1004,7.0,712,0.7813980579376221,,,0.015430140309035778
1005,3.0,657,0.718451976776123,,,0.010947980917990208
1006,14.0,995,1.0812273025512695,,,0.007801793981343508
1007,6.0,513,0.5589406490325928,,,0.007682227995246649
1008,5.0,655,0.7183892726898193,,,0.011441061273217201
1009,13.0,951,1.046107530593872,,,0.003773733740672469
1010,2.0,519,0.5685989856719971,,,0.00028299359837546945
1011,5.0,741,0.8071994781494141,,,0.015123516321182251
1012,3.0,482,0.5221481323242188,,,0.003855707123875618
1013,1.0,393,0.4296455383300781,,,0.010514117777347565
1014,13.0,993,1.0969512462615967,,,0.01941164769232273
1015,10.0,767,0.8465182781219482,,,0.02489469014108181
1016,10.0,895,0.9905011653900146,,,0.019058821722865105
1017,3.0,643,0.7052657604217529,,,0.0076472219079732895
1018,0.0,473,0.5203423500061035,,,0.021731838583946228
1019,17.0,1141,1.2412378787994385,,,0.007630540058016777
1020,8.0,678,0.7389974594116211,,,0.010701370425522327
1021,2.0,548,0.5993537902832031,,,0.00012006633915007114
1022,6.0,392,0.427264928817749,,,0.007897724397480488
1023,5.0,715,0.7718796730041504,,,0.00011986615572823212
1024,12.0,905,0.9839737415313721,,,0.0039033046923577785
1025,9.0,585,0.6350433826446533,,,0.010903685353696346
1026,4.0,393,0.43018651008605957,,,0.004449646919965744
1027,7.0,631,0.6873733997344971,,,0.0037780189886689186
1028,7.0,794,0.8668417930603027,,,0.007486305665224791
1029,4.0,517,0.5689027309417725,,,0.003994185011833906
1030,11.0,795,0.8736732006072998,,,0.0038008838891983032
1031,3.0,493,0.5369102954864502,,,0.015359420329332352
1032,0.0,551,0.608168363571167,,,0.01139010488986969
1033,9.0,658,0.7229220867156982,,,0.01495660375803709
1034,7.0,649,0.7203173637390137,,,0.02284545637667179
1035,6.0,816,0.8946084976196289,,,0.015683522447943687
1036,8.0,856,0.9353837966918945,,,0.004036095924675465
1037,16.0,799,0.8736329078674316,,,0.00943989958614111
1038,6.0,757,0.8443152904510498,,,0.011904429644346237
1039,5.0,758,0.8446869850158691,,,0.0037510280963033438
1040,3.0,541,0.6005401611328125,,,0.0033090878278017044
1041,2.0,517,0.570054292678833,,,0.014560754410922527
1042,4.0,370,0.399747371673584,,,0.011302422732114792
1043,8.0,551,0.5972506999969482,,,0.004184368997812271
1044,9.0,918,0.9985499382019043,,,0.024315183982253075
1045,7.0,482,0.5233633518218994,,,0.018224617466330528
1046,8.0,811,0.882821798324585,,,0.02265341579914093
1047,4.0,533,0.5829362869262695,,,0.00780266709625721
1048,14.0,1449,1.5872483253479004,,,0.015634289011359215
1049,23.0,1094,1.1983206272125244,,,0.0072843455709517
1050,6.0,536,0.5897014141082764,,,0.01403540838509798
1051,7.0,657,0.7192966938018799,,,0.007946737110614777
1052,9.0,899,0.9762530326843262,,,0.01113126054406166
1053,5.0,672,0.7352232933044434,,,0.008064793422818184
1054,7.0,665,0.7236957550048828,,,0.011040205135941505
1055,9.0,656,0.7438859939575195,,,0.014983639121055603
1056,-1.0,342,0.38547492027282715,,,0.007843278348445892
1057,12.0,797,0.8752174377441406,,,0.015244610607624054
1058,1.0,392,0.43503904342651367,,,0.0072929346933960915
1059,6.0,639,0.6928789615631104,,,0.003841544734314084
1060,5.0,601,0.6525025367736816,,,0.003941037692129612
1061,3.0,649,0.7192752361297607,,,0.007624783553183079
1062,13.0,838,0.9288961887359619,,,0.007463091053068638
1063,13.0,958,1.0494580268859863,,,0.01420221570879221
1064,8.0,720,0.7850499153137207,,,0.007889910601079464
1065,9.0,612,0.6777634620666504,,,0.010903698392212391
1066,6.0,569,0.6269550323486328,,,0.010823340155184269
1067,19.0,1103,1.2301640510559082,,,0.01086482685059309
1068,9.0,681,0.7516746520996094,,,0.025644831359386444
1069,13.0,758,0.8256897926330566,,,0.014445916749536991
1070,28.0,1211,1.3063087463378906,,,0.018426010385155678
1071,5.0,631,0.7112398147583008,,,0.0076805888675153255
1072,6.0,577,0.6401596069335938,,,0.015058335848152637
1073,7.0,518,0.5678677558898926,,,0.021125217899680138
1074,12.0,836,0.9214935302734375,,,0.008290773257613182
1075,4.0,537,0.5994081497192383,,,0.017597375437617302
1076,12.0,968,1.0672581195831299,,,0.011157737113535404
1077,11.0,937,1.0446927547454834,,,0.004295720253139734
1078,0.0,496,0.5587222576141357,,,0.007454098667949438
1079,3.0,517,0.5761847496032715,,,0.0249610748142004
1080,21.0,922,1.015704870223999,,,0.00015998713206499815
1081,3.0,406,0.4593346118927002,,,0.018782561644911766
1082,2.0,697,0.779792070388794,,,0.0146859809756279
1083,13.0,1045,1.145716667175293,,,0.00774672394618392
1084,13.0,949,1.0542595386505127,,,0.00822545401751995
1085,11.0,845,0.9129612445831299,,,0.0039352839812636375
1086,3.0,347,0.3833038806915283,,,0.015248015522956848
1087,15.0,919,0.9899168014526367,,,0.0075815459713339806
1088,9.0,604,0.6622364521026611,,,0.011316287331283092
1089,7.0,661,0.7281186580657959,,,0.014556212350726128
1090,4.0,716,0.7822821140289307,,,0.010966965928673744
1091,9.0,949,1.0626537799835205,,,0.011270563118159771
1092,22.0,1227,1.3794639110565186,,,0.00031827905331738293
1093,6.0,681,0.7444570064544678,,,0.0036169777158647776
1094,2.0,436,0.4792158603668213,,,0.01130680926144123
1095,1.0,491,0.5498831272125244,,,0.003935810644179583
1096,9.0,813,0.8909797668457031,,,0.026614611968398094
1097,3.0,551,0.6001362800598145,,,0.004071500618010759
1098,10.0,659,0.7240047454833984,,,0.014684086665511131
1099,5.0,386,0.43458986282348633,,,0.003735954174771905
1100,2.0,517,0.5751814842224121,,,0.004363250453025103
1101,5.0,539,0.5994489192962646,,,0.007635012734681368
1102,-2.0,417,0.4605891704559326,,,0.007486810442060232
1103,6.0,649,0.7106125354766846,,,0.011092116124927998
1104,3.0,625,0.6926591396331787,,,0.011380461975932121
1105,15.0,851,0.9325191974639893,,,0.0039954520761966705
1106,5.0,477,0.522841215133667,,,0.004049624316394329
1107,7.0,678,0.746187686920166,,,0.021724758669734
1108,7.0,789,0.8770086765289307,,,0.011645135469734669
1109,4.0,588,0.6410574913024902,,,0.0069901910610497
1110,21.0,1221,1.3403971195220947,,,0.007361378986388445
1111,4.0,811,0.8889720439910889,,,0.014663048088550568
1112,9.0,823,0.9036788940429688,,,0.007605383172631264
1113,11.0,919,1.0295560359954834,,,0.004118216689676046
1114,4.0,529,0.5735569000244141,,,0.006655936129391193
1115,16.0,946,1.0390067100524902,,,0.04132278263568878
1116,11.0,1128,1.2561662197113037,,,0.018161749467253685
1117,2.0,427,0.4684274196624756,,,0.00031337523250840604
1118,19.0,1019,1.1157078742980957,,,0.003670705948024988
1119,8.0,648,0.718803882598877,,,0.014497456140816212
1120,3.0,535,0.5938401222229004,,,0.0076043372973799706
1121,3.0,654,0.7195897102355957,,,0.023305106908082962
1122,10.0,846,0.9225144386291504,,,0.014642639085650444
1123,5.0,661,0.7292182445526123,,,0.019698593765497208
1124,6.0,503,0.5591452121734619,,,0.007078193593770266
1125,6.0,775,0.8622446060180664,,,0.0003037271089851856
1126,3.0,519,0.5827016830444336,,,0.017969904467463493
1127,9.0,852,0.9308905601501465,,,0.0036165090277791023
1128,6.0,582,0.6346533298492432,,,0.022204197943210602
1129,10.0,938,1.0272505283355713,,,0.007737830746918917
1130,16.0,1069,1.1900184154510498,,,0.018389351665973663
1131,5.0,535,0.5943341255187988,,,0.022703096270561218
1132,7.0,731,0.818659782409668,,,0.0038082776591181755
1133,7.0,809,0.9025697708129883,,,0.0073606232181191444
1134,16.0,1049,1.1479518413543701,,,0.008024804294109344
1135,1.0,596,0.664226770401001,,,0.024994326755404472
1136,9.0,643,0.7092158794403076,,,0.010682868771255016
1137,8.0,803,0.8857138156890869,,,0.003942432813346386
1138,6.0,379,0.41449999809265137,,,0.0034658636432141066
1139,7.0,745,0.8254001140594482,,,0.00017174375534523278
1140,10.0,1253,1.3864448070526123,,,0.011096714064478874
1141,7.0,719,0.7821626663208008,,,0.010635127313435078
1142,20.0,1064,1.1771128177642822,,,0.0033100424334406853
1143,0.0,433,0.4787318706512451,,,0.011018464341759682
1144,4.0,508,0.5698952674865723,,,0.007316165138036013
1145,15.0,927,1.055434226989746,,,0.01090540736913681
1146,7.0,681,0.7575273513793945,,,0.0037136964965611696
1147,1.0,395,0.4334547519683838,,,0.010844193398952484
1148,4.0,525,0.5773317813873291,,,0.0003986303636338562
1149,7.0,821,0.9121134281158447,,,0.014592895284295082
1150,1.0,393,0.42818546295166016,,,0.011342909187078476
1151,4.0,704,0.7731852531433105,,,0.010561103001236916
1152,15.0,1092,1.2080166339874268,,,0.0076034171506762505
1153,11.0,841,0.9288816452026367,,,0.0042095971293747425
1154,11.0,841,0.942671537399292,,,0.011063299141824245
1155,7.0,684,0.7791128158569336,,,0.011540405452251434
1156,14.0,750,0.8574817180633545,,,0.004188936669379473
1157,4.0,507,0.5564229488372803,,,0.010562233626842499
1158,5.0,595,0.6645593643188477,,,0.003955065738409758
1159,7.0,779,0.86415696144104,,,0.010783058591187
1160,5.0,451,0.5086731910705566,,,0.00405926164239645
1161,10.0,799,0.8852410316467285,,,0.01525074802339077
1162,6.0,609,0.6740777492523193,,,0.0039099655114114285
1163,13.0,887,0.9788846969604492,,,0.004327001050114632
1164,8.0,809,0.9036200046539307,,,0.007540412247180939
1165,12.0,1001,1.1033785343170166,,,0.015067961066961288
1166,2.0,423,0.47176647186279297,,,0.025176286697387695
1167,7.0,695,0.7721123695373535,,,0.00021784158889204264
1168,12.0,807,0.8918032646179199,,,0.018014783039689064
1169,11.0,628,0.6986613273620605,,,0.007195445243269205
1170,10.0,931,1.039093017578125,,,0.011188648641109467
1171,14.0,1403,1.6040561199188232,,,0.0032662623561918736
1172,8.0,721,0.8055815696716309,,,0.0037725160364061594
1173,6.0,646,0.7125167846679688,,,0.01175859197974205
1174,3.0,346,0.38469576835632324,,,0.019466089084744453
1175,7.0,777,0.8664717674255371,,,0.02177615649998188
1176,10.0,839,0.9381558895111084,,,0.0039816731587052345
1177,14.0,1027,1.1543006896972656,,,0.0037971436977386475
1178,19.0,1341,1.4772372245788574,,,0.0038752304390072823
1179,10.0,967,1.084653615951538,,,0.0037089248653501272
1180,28.0,1709,1.906653881072998,,,0.004124257247895002
1181,9.0,788,0.8806419372558594,,,0.02356511913239956
1182,6.0,487,0.537667989730835,,,0.00787598080933094
1183,7.0,665,0.7324066162109375,,,0.021819638088345528
1184,12.0,570,0.6238152980804443,,,0.003940027207136154
1185,5.0,769,0.8430414199829102,,,0.007959817536175251
1186,15.0,981,1.079716444015503,,,0.010501304641366005
1187,8.0,813,0.9023034572601318,,,0.004365593194961548
1188,1.0,377,0.4250221252441406,,,0.02518608793616295
1189,3.0,635,0.7103896141052246,,,0.0003677178465295583
1190,-1.0,318,0.35350894927978516,,,0.010952014476060867
1191,6.0,693,0.7687642574310303,,,0.00020864946418441832
1192,10.0,855,0.9388093948364258,,,0.011383786797523499
1193,4.0,639,0.7064788341522217,,,0.013824855908751488
1194,6.0,640,0.7145578861236572,,,0.014807221479713917
1195,5.0,791,0.897756814956665,,,0.023869093507528305
1196,6.0,634,0.7130575180053711,,,0.015288552269339561
1197,11.0,686,0.7583565711975098,,,0.0037998328916728497
1198,8.0,968,1.0716862678527832,,,0.004319910891354084
1199,9.0,839,0.9124860763549805,,,0.008341721259057522
1200,4.0,561,0.6200153827667236,,,0.014859888702630997
1201,13.0,1528,1.6879396438598633,,,0.003633243730291724
1202,17.0,979,1.0847294330596924,,,0.0037016691640019417
1203,2.0,449,0.5021214485168457,,,0.0035381487105041742
1204,16.0,920,1.030452013015747,,,0.00394952530041337
1205,6.0,608,0.6808962821960449,,,0.00034261090331710875
1206,10.0,980,1.0899591445922852,,,0.00769495265558362
1207,10.0,671,0.7476344108581543,,,0.0072844382375478745
1208,11.0,808,0.8989107608795166,,,0.014155241660773754
1209,20.0,900,0.9945347309112549,,,0.00799327902495861
1210,12.0,653,0.7250478267669678,,,0.003791592549532652
1211,22.0,1143,1.2665088176727295,,,0.007601425517350435
1212,4.0,635,0.7196083068847656,,,0.0034128318075090647
1213,14.0,1118,1.262613296508789,,,0.004068207927048206
1214,10.0,626,0.7029659748077393,,,0.021983612328767776
1215,1.0,495,0.5598227977752686,,,0.011481904424726963
1216,10.0,781,0.8828611373901367,,,0.007385294884443283
1217,17.0,1075,1.2096264362335205,,,0.022577008232474327
1218,4.0,761,0.8474397659301758,,,0.015355832874774933
1219,10.0,959,1.0773065090179443,,,0.004298812244087458
1220,7.0,660,0.7341797351837158,,,0.014179999940097332
1221,5.0,671,0.7470550537109375,,,0.00819322932511568
1222,6.0,645,0.720353364944458,,,0.011488477699458599
1223,5.0,450,0.4950432777404785,,,0.003947436809539795
1224,2.0,642,0.7157459259033203,,,0.016530711203813553
1225,5.0,517,0.583655834197998,,,0.007268086075782776
1226,6.0,374,0.4394252300262451,,,0.011151878163218498
1227,6.0,539,0.6056728363037109,,,0.008011155761778355
1228,9.0,841,0.9460105895996094,,,0.01504546869546175
1229,12.0,881,0.9841639995574951,,,0.018127061426639557
1230,14.0,1004,1.1219313144683838,,,0.018070517107844353
1231,9.0,855,0.9500539302825928,,,0.006908690556883812
1232,2.0,439,0.49317264556884766,,,0.007605943828821182
1233,3.0,597,0.6674249172210693,,,0.007515782490372658
1234,1.0,369,0.4142904281616211,,,0.015416888520121574
1235,1.0,374,0.41951870918273926,,,0.006781718228012323
1236,8.0,777,0.8681349754333496,,,0.003585874568670988
1237,2.0,389,0.4394540786743164,,,0.017954032868146896
1238,1.0,351,0.39298391342163086,,,0.003555333474650979
1239,14.0,1000,1.1206495761871338,,,0.026444822549819946
1240,0.0,403,0.44840407371520996,,,0.02177814580500126
1241,2.0,394,0.44184017181396484,,,0.030201323330402374
1242,6.0,627,0.6975729465484619,,,0.007453381083905697
1243,1.0,352,0.3989553451538086,,,0.0181232038885355
1244,5.0,701,0.7922883033752441,,,0.0036666281521320343
1245,9.0,626,0.6911170482635498,,,0.014720609411597252
1246,8.0,800,0.8948342800140381,,,0.010883357375860214
1247,5.0,533,0.6038827896118164,,,0.0038649016059935093
1248,6.0,611,0.6879093647003174,,,0.004338445141911507
1249,2.0,639,0.7225832939147949,,,0.0003036410780623555
1250,14.0,1046,1.1579604148864746,,,0.004212765488773584
1251,23.0,1183,1.3055334091186523,,,0.004004623740911484
1252,2.0,622,0.7006371021270752,,,0.010659629479050636
1253,13.0,742,0.8260993957519531,,,0.015550626441836357
1254,16.0,877,0.9849965572357178,,,0.004292923491448164
1255,1.0,328,0.3694634437561035,,,0.011595216579735279
1256,2.0,606,0.677562952041626,,,0.007860632613301277
1257,18.0,1072,1.1810171604156494,,,0.007773430086672306
1258,8.0,821,0.9085595607757568,,,0.00038781994953751564
1259,4.0,667,0.7407774925231934,,,0.008071537129580975
1260,6.0,707,0.7824273109436035,,,0.011544577777385712
1261,-2.0,496,0.5684976577758789,,,0.007568230386823416
1262,15.0,1354,1.491959810256958,,,0.02450447529554367
1263,6.0,769,0.8542566299438477,,,0.010672916658222675
1264,17.0,947,1.0372211933135986,,,0.007361862808465958
1265,4.0,475,0.5342555046081543,,,0.011934686452150345
1266,18.0,1098,1.2049915790557861,,,0.004069200716912746
1267,3.0,677,0.7713851928710938,,,0.00721785007044673
1268,0.0,514,0.5802950859069824,,,0.01502465084195137
1269,3.0,391,0.43729686737060547,,,0.0002086778695229441
1270,24.0,1383,1.5283007621765137,,,0.007383027579635382
1271,14.0,1462,1.6097784042358398,,,0.011001978069543839
1272,11.0,823,0.9245526790618896,,,0.0037242560647428036
1273,2.0,374,0.42436790466308594,,,0.007907936349511147
1274,8.0,830,0.925391674041748,,,0.007757457904517651
1275,31.0,1599,1.7559857368469238,,,0.011243737302720547
1276,9.0,933,1.0429799556732178,,,0.008129246532917023
1277,7.0,589,0.6513233184814453,,,0.00682707829400897
1278,11.0,972,1.1092913150787354,,,0.0005645677447319031
1279,9.0,931,1.0545644760131836,,,0.0035244396422058344
1280,7.0,512,0.5833261013031006,,,0.010890671983361244
1281,5.0,494,0.5571184158325195,,,0.007927336730062962
1282,11.0,840,0.9404637813568115,,,0.0079733245074749
1283,3.0,593,0.6683084964752197,,,0.015039745718240738
1284,10.0,709,0.7833676338195801,,,0.004186829552054405
1285,12.0,898,1.0124163627624512,,,0.025299396365880966
1286,21.0,882,0.9953622817993164,,,0.011534256860613823
1287,19.0,1195,1.3360090255737305,,,0.003881515935063362
1288,2.0,409,0.45525574684143066,,,0.011214261874556541
1289,5.0,509,0.5773255825042725,,,0.008080112747848034
1290,15.0,1035,1.1598339080810547,,,0.008068928495049477
1291,3.0,522,0.5755298137664795,,,0.00764468964189291
1292,8.0,709,0.787832498550415,,,0.007334423717111349
1293,4.0,545,0.6040153503417969,,,0.00799908209592104
1294,6.0,653,0.7326912879943848,,,0.01119783241301775
1295,3.0,401,0.45100879669189453,,,0.007241381797939539
1296,10.0,681,0.7692756652832031,,,0.014180957339704037
1297,1.0,554,0.6128711700439453,,,0.023554543033242226
1298,2.0,725,0.816213846206665,,,0.013185336254537106
1299,17.0,923,1.0190167427062988,,,0.008091858588159084
1300,25.0,1234,1.353548288345337,,,0.011460545472800732
1301,6.0,653,0.7267818450927734,,,0.0040601626969873905
1302,1.0,392,0.44651079177856445,,,0.004261234309524298
1303,18.0,1135,1.2886381149291992,,,0.01892705447971821
1304,10.0,673,0.7646975517272949,,,0.0038914631586521864
1305,6.0,673,0.7793827056884766,,,0.014784753322601318
1306,2.0,434,0.49433135986328125,,,0.008620128966867924
1307,7.0,504,0.5645325183868408,,,0.01813739538192749
1308,6.0,649,0.7499353885650635,,,0.01814749464392662
1309,7.0,605,0.713611364364624,,,0.022108368575572968
1310,12.0,659,0.7740719318389893,,,0.007571738678961992
1311,7.0,512,0.6044003963470459,,,0.012056199833750725
1312,10.0,819,0.9691765308380127,,,0.007483142893761396
1313,1.0,556,0.6576266288757324,,,0.0003652915474958718
1314,4.0,731,0.8545160293579102,,,0.007226701360195875
1315,6.0,698,0.810096025466919,,,0.026439638808369637
1316,7.0,756,0.8936195373535156,,,0.021233269944787025
1317,10.0,771,0.8523387908935547,,,0.00796635914593935
1318,6.0,590,0.647817850112915,,,0.003825829364359379
1319,6.0,655,0.7453205585479736,,,0.011460060253739357
1320,6.0,565,0.6510975360870361,,,0.00033400030224584043
1321,18.0,1193,1.3431003093719482,,,0.0070343827828764915
1322,4.0,627,0.7097616195678711,,,0.011312161572277546
1323,9.0,697,0.7968904972076416,,,0.0035908191930502653
1324,17.0,999,1.1413764953613281,,,0.0038008131086826324
1325,5.0,627,0.7521088123321533,,,0.011025222949683666
1326,0.0,470,0.5278961658477783,,,0.00036941346479579806
1327,9.0,689,0.753115177154541,,,0.01080077700316906
1328,3.0,498,0.5537905693054199,,,0.0003033381944987923
1329,16.0,776,0.8570127487182617,,,0.007102270144969225
1330,2.0,387,0.4544072151184082,,,0.01527873333543539
1331,6.0,689,0.8281130790710449,,,0.007454927545040846
1332,4.0,476,0.5434455871582031,,,0.0034990215208381414
1333,6.0,680,0.7993741035461426,,,0.017170943319797516
1334,11.0,825,0.966832160949707,,,0.007510072086006403
1335,6.0,644,0.7269213199615479,,,0.007507717702537775
1336,13.0,942,1.072615623474121,,,0.008485814556479454
1337,5.0,601,0.6906743049621582,,,0.010597924701869488
1338,16.0,1139,1.286931037902832,,,0.011054500937461853
1339,11.0,664,0.7581734657287598,,,0.007276143413037062
1340,11.0,868,0.9849202632904053,,,0.007454292848706245
1341,3.0,623,0.699603796005249,,,0.014583512209355831
1342,17.0,1139,1.2627325057983398,,,0.004416037350893021
1343,4.0,677,0.758598804473877,,,0.007485545240342617
1344,0.0,365,0.4191782474517822,,,0.016476210206747055
1345,1.0,362,0.4070253372192383,,,0.015232798643410206
1346,5.0,677,0.778977632522583,,,0.010348905809223652
1347,8.0,717,0.8122167587280273,,,0.031959645450115204
1348,9.0,635,0.7292256355285645,,,0.007465593051165342
1349,2.0,566,0.6480660438537598,,,0.01604424975812435
1350,5.0,663,0.7610599994659424,,,0.003647122997790575
1351,17.0,1491,1.6772112846374512,,,0.00758920656517148
1352,7.0,796,0.8936178684234619,,,0.0002208058867836371
1353,18.0,1245,1.3779070377349854,,,0.00746068125590682
1354,20.0,877,0.9831268787384033,,,0.007450873963534832
1355,16.0,1095,1.2414958477020264,,,0.011233845725655556
1356,7.0,555,0.6204557418823242,,,0.010339692234992981
1357,5.0,663,0.7612426280975342,,,0.010851136408746243
1358,12.0,925,1.0506465435028076,,,0.011463302187621593
1359,15.0,1182,1.3303375244140625,,,0.011649470776319504
1360,2.0,513,0.5745022296905518,,,0.024215782061219215
1361,12.0,1099,1.2294507026672363,,,0.029768342152237892
1362,6.0,712,0.7976477146148682,,,0.018820589408278465
1363,8.0,791,0.9011151790618896,,,0.007899101823568344
1364,3.0,367,0.40575337409973145,,,0.015144209377467632
1365,2.0,412,0.4680154323577881,,,0.014581949450075626
1366,2.0,608,0.6767706871032715,,,0.007893325760960579
1367,3.0,527,0.5973138809204102,,,0.003804862964898348
1368,6.0,943,1.0710935592651367,,,0.003850201377645135
1369,10.0,677,0.7628448009490967,,,0.034795038402080536
1370,16.0,1077,1.2065892219543457,,,0.011758319102227688
1371,5.0,641,0.7172544002532959,,,0.023699099197983742
1372,3.0,375,0.42531847953796387,,,0.01478531677275896
1373,1.0,459,0.5264756679534912,,,0.018811432644724846
1374,4.0,507,0.5802252292633057,,,0.01070987805724144
1375,10.0,1089,1.2245995998382568,,,0.02103329263627529
1376,5.0,640,0.7221672534942627,,,0.006669251713901758
1377,10.0,900,1.0111989974975586,,,0.008334895595908165
1378,0.0,343,0.3914957046508789,,,0.004221747163683176
1379,3.0,597,0.6798675060272217,,,0.007735774386674166
1380,5.0,643,0.7350690364837646,,,0.007851221598684788
1381,12.0,886,0.9912214279174805,,,0.004296273458749056
1382,12.0,1319,1.4893429279327393,,,0.0005809806170873344
1383,5.0,721,0.8062551021575928,,,0.007065233774483204
1384,11.0,1084,1.2204053401947021,,,0.004160258453339338
1385,2.0,388,0.4416027069091797,,,0.00759752094745636
1386,2.0,349,0.3987770080566406,,,0.005012613255530596
1387,10.0,688,0.797731876373291,,,0.008178864605724812
1388,7.0,577,0.6687192916870117,,,0.01136056613177061
1389,9.0,809,0.9266393184661865,,,0.01454976387321949
1390,13.0,855,0.9706239700317383,,,0.010745016857981682
1391,8.0,771,0.8746228218078613,,,0.014990645460784435
1392,1.0,562,0.6419346332550049,,,0.017733201384544373
1393,4.0,664,0.7531125545501709,,,0.010468421503901482
1394,7.0,650,0.7383301258087158,,,0.013550329953432083
1395,1.0,392,0.4438517093658447,,,0.007510136812925339
1396,17.0,831,0.9478223323822021,,,0.03073018416762352
1397,8.0,585,0.669396162033081,,,0.010914407670497894
1398,15.0,953,1.072450876235962,,,0.003676182124763727
1399,5.0,633,0.7112722396850586,,,0.007194600999355316
1400,14.0,1151,1.2884814739227295,,,0.004675078671425581
1401,9.0,912,1.0473864078521729,,,0.00819095503538847
1402,3.0,591,0.6661641597747803,,,0.009774197824299335
1403,4.0,679,0.7664456367492676,,,0.0074524409137666225
1404,8.0,619,0.7063889503479004,,,0.025378134101629257
1405,16.0,1295,1.4912841320037842,,,0.0037323562428355217
1406,6.0,715,0.8212583065032959,,,0.010582726448774338
1407,1.0,525,0.6076292991638184,,,0.01141942199319601
1408,8.0,541,0.6138112545013428,,,0.0038666585460305214
1409,10.0,828,0.9471182823181152,,,0.015245494432747364
1410,10.0,867,0.9905130863189697,,,0.01893739588558674
1411,4.0,573,0.6583962440490723,,,0.0075950524769723415
1412,6.0,713,0.8275444507598877,,,0.026022236794233322
1413,6.0,619,0.7012982368469238,,,0.00805360171943903
1414,8.0,828,0.9450154304504395,,,0.00031854151166044176
1415,11.0,941,1.0708937644958496,,,0.006899650674313307
1416,9.0,989,1.1191737651824951,,,0.011263316497206688
1417,7.0,539,0.6126375198364258,,,0.0002914292854256928
1418,2.0,615,0.7031300067901611,,,0.011259568855166435
1419,3.0,661,0.7587099075317383,,,0.010607036761939526
1420,5.0,757,0.8649919033050537,,,0.016672620549798012
1421,20.0,1118,1.2725944519042969,,,0.000489075027871877
1422,3.0,692,0.796832799911499,,,0.0038763340562582016
1423,10.0,554,0.6322786808013916,,,0.0004017166211269796
1424,7.0,527,0.6044020652770996,,,0.004334349650889635
1425,2.0,531,0.6082592010498047,,,0.0076836212538182735
1426,24.0,951,1.0648820400238037,,,0.007135217543691397
1427,3.0,515,0.5960235595703125,,,0.015432407148182392
1428,0.0,530,0.6067304611206055,,,0.004386651795357466
1429,3.0,563,0.6459593772888184,,,0.03413067013025284
1430,4.0,398,0.45912909507751465,,,0.014091674238443375
1431,12.0,811,0.9081027507781982,,,0.017689786851406097
1432,4.0,490,0.5640952587127686,,,0.011169005185365677
1433,15.0,897,1.028092384338379,,,0.015068914741277695
1434,2.0,525,0.6039667129516602,,,0.014694779179990292
1435,2.0,635,0.728569746017456,,,0.008138542994856834
1436,14.0,1123,1.2699759006500244,,,0.011667020618915558
1437,4.0,760,0.8772075176239014,,,0.014918006025254726
1438,23.0,946,1.0766723155975342,,,0.011256126686930656
1439,0.0,427,0.48473262786865234,,,0.011282643303275108
1440,12.0,967,1.1006386280059814,,,0.013761346228420734
1441,2.0,410,0.46892595291137695,,,0.011633764952421188
1442,6.0,797,0.9098668098449707,,,0.0034437268041074276
1443,20.0,911,1.0389790534973145,,,0.007719074375927448
1444,11.0,784,0.8844625949859619,,,0.00735829770565033
1445,17.0,994,1.1323127746582031,,,0.008229079656302929
1446,15.0,850,0.97377610206604,,,0.01437282096594572
1447,11.0,908,1.0255517959594727,,,0.0038156816735863686
1448,9.0,850,0.9591853618621826,,,0.011449035257101059
1449,11.0,643,0.7430477142333984,,,0.007159169297665358
1450,10.0,685,0.7946476936340332,,,0.003888131119310856
1451,0.0,629,0.728421688079834,,,0.021069610491394997
1452,5.0,587,0.6793029308319092,,,0.004187930840998888
1453,1.0,395,0.4613831043243408,,,0.02379167079925537
1454,7.0,685,0.7953536510467529,,,0.00780437421053648
1455,3.0,629,0.7213709354400635,,,0.011587975546717644
1456,12.0,1054,1.1897106170654297,,,0.003745871363207698
1457,10.0,701,0.7972378730773926,,,0.011031118221580982
1458,15.0,771,0.8803162574768066,,,0.00798854324966669
1459,7.0,629,0.711972713470459,,,0.00831307377666235
1460,0.0,395,0.45346546173095703,,,0.007370952516794205
1461,15.0,1042,1.1719162464141846,,,0.007746752817183733
1462,7.0,643,0.7330231666564941,,,0.0073296623304486275
1463,7.0,460,0.5186152458190918,,,0.003866229671984911
1464,6.0,667,0.7470254898071289,,,0.0113920196890831
1465,6.0,643,0.7329440116882324,,,0.017660070210695267
1466,7.0,669,0.7509310245513916,,,0.008052448742091656
1467,2.0,388,0.4371030330657959,,,0.009116585366427898
1468,18.0,1016,1.138514518737793,,,0.015085271559655666
1469,15.0,929,1.0465607643127441,,,0.003876456758007407
1470,10.0,631,0.7075867652893066,,,0.007256608456373215
1471,6.0,922,1.0532894134521484,,,0.007998951710760593
1472,5.0,691,0.794842004776001,,,0.017174143344163895
1473,19.0,1059,1.2208411693572998,,,0.010599052533507347
1474,1.0,476,0.5532481670379639,,,0.0042872014455497265
1475,8.0,643,0.7376940250396729,,,0.00988275557756424
1476,17.0,1036,1.1868231296539307,,,0.011080512776970863
1477,5.0,791,0.8940918445587158,,,0.006898976396769285
1478,5.0,653,0.7339398860931396,,,0.011214114725589752
1479,9.0,716,0.8187699317932129,,,0.027497906237840652
1480,11.0,945,1.0701570510864258,,,0.010792541317641735
1481,7.0,650,0.7421793937683105,,,0.004143487196415663
1482,8.0,802,0.9164550304412842,,,0.0075382026843726635
1483,6.0,563,0.6330904960632324,,,0.00784891378134489
1484,2.0,397,0.4495556354522705,,,0.008675629273056984
1485,7.0,638,0.7279355525970459,,,0.011345536448061466
1486,16.0,1158,1.2953438758850098,,,0.003931502811610699
1487,5.0,511,0.5853650569915771,,,0.03607974946498871
1488,13.0,1155,1.3195500373840332,,,0.015030477195978165
1489,6.0,762,0.869351863861084,,,0.00032364632352255285
1490,15.0,1397,1.582141637802124,,,0.007776565849781036
1491,8.0,715,0.806628942489624,,,0.011765713803470135
1492,1.0,497,0.5664587020874023,,,0.007578551769256592
1493,10.0,695,0.7921504974365234,,,0.00037932954728603363
1494,16.0,863,0.9973804950714111,,,0.011477627791464329
1495,12.0,1021,1.168755292892456,,,0.000354743649950251
1496,7.0,682,0.7800359725952148,,,0.007130523677915335
1497,10.0,816,0.9461772441864014,,,0.007968181744217873
1498,13.0,639,0.7349591255187988,,,0.010967100970447063
1499,20.0,1274,1.4401960372924805,,,0.01768927089869976
1500,0.0,331,0.3811039924621582,,,0.02146509289741516
1501,10.0,892,1.019209861755371,,,0.010222291573882103
1502,22.0,978,1.1120522022247314,,,0.025302555412054062
1503,9.0,586,0.6670107841491699,,,0.011098534800112247
1504,1.0,447,0.5066182613372803,,,0.003441067412495613
1505,0.0,341,0.38570308685302734,,,0.00419411389157176
1506,9.0,820,0.9446742534637451,,,0.007761044427752495
1507,11.0,660,0.7467644214630127,,,0.00039087774348445237
1508,3.0,651,0.7616233825683594,,,0.007290329784154892
1509,1.0,377,0.4374046325683594,,,0.009101173840463161
1510,10.0,821,0.9368991851806641,,,0.00030371377943083644
1511,4.0,718,0.8246581554412842,,,0.01913626678287983
1512,6.0,566,0.6576712131500244,,,0.011163144372403622
1513,11.0,737,0.8638277053833008,,,0.00034537946339696646
1514,4.0,447,0.5090105533599854,,,0.007383096497505903
1515,8.0,691,0.7843165397644043,,,0.03486130014061928
1516,13.0,873,0.9883689880371094,,,0.007657036650925875
1517,2.0,619,0.7052969932556152,,,0.011967767961323261
1518,1.0,380,0.43457460403442383,,,0.012251867912709713
1519,5.0,578,0.6626896858215332,,,0.011053966358304024
1520,4.0,695,0.7984633445739746,,,0.00360130169428885
1521,4.0,489,0.5572330951690674,,,0.004122627899050713
1522,8.0,745,0.8471078872680664,,,0.032645463943481445
1523,0.0,348,0.3945941925048828,,,0.03148326277732849
1524,15.0,815,0.9158504009246826,,,0.013580793514847755
1525,15.0,952,1.073387861251831,,,0.01089708972722292
1526,5.0,608,0.6916790008544922,,,0.022843195125460625
1527,9.0,823,0.9502890110015869,,,0.011345027014613152
1528,8.0,484,0.5530881881713867,,,0.019243452697992325
1529,1.0,515,0.5824282169342041,,,0.0070936973206698895
1530,28.0,1502,1.6924540996551514,,,0.011469953693449497
1531,11.0,784,0.9179487228393555,,,0.003665836062282324
1532,5.0,580,0.660515546798706,,,0.007561246864497662
1533,16.0,959,1.1032555103302002,,,0.0074586705304682255
1534,4.0,513,0.5920052528381348,,,0.01161439809948206
1535,4.0,379,0.43811535835266113,,,0.006809963844716549
1536,18.0,1166,1.3441407680511475,,,0.004088123328983784
1537,5.0,651,0.7470881938934326,,,0.0035660434514284134
1538,13.0,977,1.1276941299438477,,,0.01123190950602293
1539,12.0,667,0.7740702629089355,,,0.011481800116598606
1540,7.0,705,0.8129348754882812,,,0.011973464861512184
1541,17.0,1048,1.2091619968414307,,,0.0003832517541013658
1542,12.0,1237,1.4194233417510986,,,0.007673631422221661
1543,5.0,727,0.8344688415527344,,,0.01823667623102665
1544,-1.0,531,0.6512782573699951,,,0.01072360947728157
1545,7.0,685,0.7945384979248047,,,0.007384513504803181
1546,3.0,711,0.8247315883636475,,,0.026841875165700912
1547,0.0,379,0.4321475028991699,,,0.014778299257159233
1548,13.0,1103,1.276799201965332,,,0.011521429754793644
1549,8.0,867,0.9911394119262695,,,0.004656523931771517
1550,13.0,778,0.8896985054016113,,,0.00040766102029010653
1551,5.0,634,0.7345085144042969,,,0.011163589544594288
1552,9.0,864,0.9929296970367432,,,0.007987904362380505
1553,10.0,804,0.939338207244873,,,0.017282074317336082
1554,8.0,563,0.6503238677978516,,,0.042847733944654465
1555,5.0,586,0.6878631114959717,,,0.011418359354138374
1556,7.0,587,0.670677661895752,,,0.003941828850656748
1557,3.0,496,0.5705959796905518,,,0.014671101234853268
1558,17.0,933,1.0674588680267334,,,0.013290906324982643
1559,2.0,691,0.7997357845306396,,,0.007184608839452267
1560,4.0,555,0.6546239852905273,,,0.014987851493060589
1561,5.0,456,0.5319983959197998,,,0.014146861620247364
1562,4.0,541,0.6321580410003662,,,0.008050208911299706
1563,6.0,788,0.9099297523498535,,,0.0079729575663805
1564,5.0,633,0.7354907989501953,,,0.012099954299628735
1565,3.0,588,0.6926610469818115,,,0.011679583229124546
1566,19.0,955,1.0827679634094238,,,0.011109857819974422
1567,11.0,940,1.0735142230987549,,,0.007290206849575043
1568,15.0,925,1.0676155090332031,,,0.004263611510396004
1569,5.0,648,0.7577242851257324,,,0.013972479850053787
1570,10.0,805,0.913426399230957,,,0.003767935326322913
1571,6.0,543,0.617408037185669,,,0.01576056331396103
1572,7.0,641,0.7430214881896973,,,0.011581764556467533
1573,27.0,1371,1.549034595489502,,,0.012186925858259201
1574,1.0,491,0.5696585178375244,,,0.006249238271266222
1575,14.0,1048,1.2062804698944092,,,0.01214131060987711
1576,10.0,705,0.8024744987487793,,,0.006798355840146542
1577,9.0,1005,1.1574163436889648,,,0.01106907520443201
1578,2.0,555,0.6423935890197754,,,0.007393862120807171
1579,24.0,1305,1.4719765186309814,,,0.007958434522151947
1580,1.0,395,0.4498097896575928,,,0.025305386632680893
1581,3.0,600,0.696221113204956,,,0.00035580768599174917
1582,17.0,1102,1.2784147262573242,,,0.010643131099641323
1583,7.0,899,1.0445678234100342,,,0.009819167666137218
1584,9.0,719,0.8310213088989258,,,0.007686727214604616
1585,3.0,477,0.5478062629699707,,,0.02987116202712059
1586,10.0,637,0.7286872863769531,,,0.010717244818806648
1587,11.0,954,1.1051337718963623,,,0.03177456557750702
1588,9.0,577,0.6621947288513184,,,0.006874891929328442
1589,31.0,1601,1.836606740951538,,,0.00039532026858069
1590,4.0,588,0.6849868297576904,,,0.00029587108292616904
1591,7.0,770,0.8790154457092285,,,0.014094209298491478
1592,6.0,672,0.7788186073303223,,,0.006974839139729738
1593,7.0,747,0.8756911754608154,,,0.011753514409065247
1594,2.0,488,0.5687360763549805,,,0.018800927326083183
1595,22.0,1167,1.3314487934112549,,,0.00030214007711037993
1596,13.0,884,1.0178821086883545,,,0.010944051668047905
1597,3.0,499,0.5723695755004883,,,0.007269144523888826
1598,4.0,485,0.5658540725708008,,,0.010777786374092102
1599,4.0,508,0.5827696323394775,,,0.004559782333672047
1600,2.0,518,0.6040732860565186,,,0.013362657278776169
1601,4.0,571,0.6720645427703857,,,0.011230982840061188
1602,4.0,553,0.633561372756958,,,0.003999945241957903
1603,4.0,635,0.7442381381988525,,,0.010367553681135178
1604,6.0,683,0.7876672744750977,,,0.011633350513875484
1605,10.0,661,0.7572028636932373,,,0.004082916770130396
1606,5.0,718,0.8165175914764404,,,0.014983559027314186
1607,27.0,1355,1.537534475326538,,,0.011328661814332008
1608,3.0,508,0.5843229293823242,,,0.018595820292830467
1609,4.0,761,0.8874216079711914,,,0.0004225923039484769
1610,5.0,665,0.7846596240997314,,,0.008415048941969872
1611,7.0,607,0.6985092163085938,,,0.01023843139410019
1612,27.0,1195,1.3540501594543457,,,0.01524523925036192
1613,7.0,691,0.7972686290740967,,,0.0003594149020500481
1614,11.0,684,0.7906959056854248,,,0.012045273557305336
1615,4.0,527,0.6099965572357178,,,0.011007663793861866
1616,4.0,417,0.47262048721313477,,,0.029564568772912025
1617,19.0,1173,1.3349027633666992,,,0.028820961713790894
1618,11.0,641,0.7382688522338867,,,0.007633385714143515
1619,16.0,958,1.1145758628845215,,,0.014451872557401657
1620,3.0,394,0.45958733558654785,,,0.007446158677339554
1621,7.0,723,0.8274102210998535,,,0.02254808321595192
1622,9.0,861,1.0005254745483398,,,0.008162634447216988
1623,5.0,577,0.670412540435791,,,0.004561450332403183
1624,11.0,1069,1.2526648044586182,,,0.0002841276291292161
1625,18.0,937,1.0731289386749268,,,0.012463044375181198
1626,3.0,485,0.557042121887207,,,0.003096913918852806
1627,5.0,511,0.5899965763092041,,,0.011809470131993294
1628,5.0,667,0.7799935340881348,,,0.018128085881471634
1629,5.0,510,0.5988960266113281,,,0.008053605444729328
1630,7.0,666,0.7741637229919434,,,0.006948286201804876
1631,4.0,645,0.7453362941741943,,,0.015158774331212044
1632,4.0,623,0.7183830738067627,,,0.008460579439997673
1633,3.0,464,0.5293326377868652,,,0.004110250156372786
1634,1.0,407,0.4813077449798584,,,0.004536040592938662
1635,4.0,547,0.6402132511138916,,,0.02107415907084942
1636,5.0,649,0.7548484802246094,,,0.011874600313603878
1637,5.0,682,0.7839703559875488,,,0.004038636572659016
1638,14.0,913,1.0400705337524414,,,0.0038224607706069946
1639,2.0,502,0.5802743434906006,,,0.007664772681891918
1640,12.0,948,1.1052064895629883,,,0.010537149384617805
1641,1.0,523,0.6029379367828369,,,0.010412780568003654
1642,7.0,615,0.701474666595459,,,0.011486712843179703
1643,6.0,556,0.6278500556945801,,,0.003893655026331544
1644,0.0,395,0.4455394744873047,,,0.00043502121116034687
1645,3.0,393,0.45051002502441406,,,0.022747702896595
1646,6.0,633,0.7319591045379639,,,0.014853741973638535
1647,5.0,662,0.7649614810943604,,,0.007361249998211861
1648,17.0,1111,1.2924482822418213,,,0.006803733296692371
1649,1.0,611,0.7089903354644775,,,0.0003810199850704521
1650,10.0,707,0.8143689632415771,,,0.0205367598682642
1651,2.0,461,0.5379528999328613,,,0.007403388619422913
1652,16.0,771,0.8868649005889893,,,0.017963087186217308
1653,10.0,856,0.9935767650604248,,,0.010547639802098274
1654,5.0,531,0.6344335079193115,,,0.011993525549769402
1655,17.0,821,0.952784538269043,,,0.0003074595588259399
1656,6.0,595,0.6784591674804688,,,0.013858094811439514
1657,2.0,445,0.508075475692749,,,0.0038179499097168446
1658,18.0,1134,1.302450180053711,,,0.00841477420181036
1659,23.0,1129,1.2794160842895508,,,0.0038576731458306313
1660,16.0,1037,1.2160820960998535,,,0.011304397135972977
1661,0.0,503,0.5886099338531494,,,0.008391343057155609
1662,1.0,378,0.4482390880584717,,,0.00386365526355803
1663,2.0,360,0.42041730880737305,,,0.004330900497734547
1664,12.0,945,1.1180932521820068,,,0.011348298750817776
1665,3.0,417,0.4921131134033203,,,0.007419758941978216
1666,11.0,770,0.8957550525665283,,,0.01835036650300026
1667,4.0,435,0.5061960220336914,,,0.0035028576385229826
1668,7.0,805,0.9270806312561035,,,0.014918600209057331
1669,4.0,426,0.5031321048736572,,,0.010864329524338245
1670,12.0,639,0.7439815998077393,,,0.00727634085342288
1671,1.0,347,0.40366411209106445,,,0.011427908204495907
1672,1.0,550,0.6338505744934082,,,0.008554888889193535
1673,5.0,669,0.7663686275482178,,,0.02445298060774803
1674,9.0,826,0.9499297142028809,,,0.011161931790411472
1675,5.0,685,0.7888696193695068,,,0.011572743766009808
1676,8.0,669,0.7661523818969727,,,0.02535465732216835
1677,13.0,951,1.111250638961792,,,0.003435001242905855
1678,17.0,871,1.0190978050231934,,,0.003886851016432047
1679,2.0,405,0.476895809173584,,,0.0003020846052095294
1680,6.0,619,0.7233638763427734,,,0.007984383963048458
1681,6.0,479,0.5616517066955566,,,0.00392928346991539
1682,7.0,608,0.7139887809753418,,,0.0040322765707969666
1683,6.0,453,0.525991678237915,,,0.013980197720229626
1684,4.0,546,0.6397867202758789,,,0.014471907168626785
1685,4.0,385,0.4509410858154297,,,0.007904240861535072
1686,8.0,711,0.8151748180389404,,,0.011368573643267155
1687,6.0,623,0.7301797866821289,,,0.01887126825749874
1688,2.0,373,0.43976736068725586,,,0.0040397499687969685
1689,3.0,370,0.43578457832336426,,,0.007586066611111164
1690,11.0,1304,1.526329517364502,,,0.014678852632641792
1691,4.0,669,0.7811691761016846,,,0.007525178603827953
1692,31.0,1759,2.001636028289795,,,0.011826620437204838
1693,4.0,673,0.7737188339233398,,,0.01072719506919384
1694,13.0,930,1.0959506034851074,,,0.014547879807651043
1695,4.0,549,0.6326756477355957,,,0.007773381657898426
1696,27.0,1365,1.5512356758117676,,,0.0004808549419976771
1697,26.0,1621,1.846658706665039,,,0.007132408674806356
1698,18.0,1239,1.4192488193511963,,,0.010904969647526741
1699,8.0,640,0.7380144596099854,,,0.0075835660099983215
1700,1.0,365,0.4178891181945801,,,0.014050922356545925
1701,17.0,799,0.930649995803833,,,0.007304379716515541
1702,-3.0,387,0.4482548236846924,,,0.0041430434212088585
1703,1.0,419,0.4918990135192871,,,0.003987794276326895
1704,10.0,774,0.8801376819610596,,,0.0005127642070874572
1705,2.0,437,0.49716663360595703,,,0.0038384723011404276
1706,7.0,742,0.8589894771575928,,,0.010908275842666626
1707,1.0,351,0.41455507278442383,,,0.007462822366505861
1708,3.0,535,0.6177163124084473,,,0.008357441984117031
1709,9.0,675,0.7953202724456787,,,0.003947643097490072
1710,0.0,527,0.6180784702301025,,,0.01883569546043873
1711,4.0,621,0.726442813873291,,,0.0075040156953036785
1712,16.0,1201,1.4051663875579834,,,0.028115442022681236
1713,4.0,497,0.5727005004882812,,,0.007621736265718937
1714,0.0,500,0.5698637962341309,,,0.0038711950182914734
1715,4.0,627,0.7297422885894775,,,0.01245325617492199
1716,3.0,669,0.789686918258667,,,0.012751836329698563
1717,1.0,536,0.6267604827880859,,,0.0003056837886106223
1718,2.0,387,0.45104146003723145,,,0.008699503727257252
1719,18.0,1142,1.3142051696777344,,,0.012572839856147766
1720,1.0,353,0.4027535915374756,,,0.00744213443249464
1721,4.0,503,0.5942134857177734,,,0.007760304491966963
1722,16.0,1022,1.1745038032531738,,,0.007549903821200132
1723,5.0,645,0.7584969997406006,,,0.010828673839569092
1724,0.0,533,0.6192049980163574,,,0.018670344725251198
1725,7.0,686,0.800743579864502,,,0.004202621523290873
1726,7.0,670,0.7858819961547852,,,0.01167331263422966
1727,11.0,915,1.0614278316497803,,,0.025660905987024307
1728,5.0,424,0.4921095371246338,,,0.0040101767517626286
1729,21.0,1129,1.309694528579712,,,0.011690850369632244
1730,16.0,1079,1.2689101696014404,,,0.00401551928371191
1731,20.0,968,1.1187946796417236,,,0.01127602718770504
1732,10.0,921,1.0664288997650146,,,0.014122117310762405
1733,11.0,695,0.8099708557128906,,,0.011121893301606178
1734,11.0,1019,1.1788825988769531,,,0.023804079741239548
1735,4.0,645,0.7559762001037598,,,0.003923613112419844
1736,8.0,832,0.9740567207336426,,,0.00811754073947668
1737,7.0,709,0.8241822719573975,,,0.014546423219144344
1738,0.0,342,0.3985865116119385,,,0.004175768233835697
1739,6.0,791,0.9062974452972412,,,0.016538092866539955
1740,3.0,505,0.5881786346435547,,,0.015795256942510605
1741,19.0,1025,1.1808514595031738,,,0.0036541314329952
1742,3.0,538,0.6245057582855225,,,0.004147214349359274
1743,3.0,399,0.4730110168457031,,,0.008021194487810135
1744,11.0,691,0.8074870109558105,,,0.01847727969288826
1745,10.0,927,1.078822374343872,,,0.01081935502588749
1746,3.0,396,0.474045991897583,,,0.014266256242990494
1747,6.0,486,0.5666923522949219,,,0.021669765934348106
1748,10.0,633,0.7480063438415527,,,0.011290088295936584
1749,9.0,801,0.9499757289886475,,,0.007388209458440542
1750,8.0,695,0.7982168197631836,,,0.004075486678630114
1751,7.0,801,0.9228987693786621,,,0.004281025845557451
1752,5.0,637,0.7491455078125,,,0.014893070794641972
1753,19.0,1267,1.4824590682983398,,,0.014949300326406956
1754,4.0,658,0.766491174697876,,,0.007238709833472967
1755,9.0,931,1.1014714241027832,,,0.023222941905260086
1756,12.0,867,1.0158681869506836,,,0.011107672937214375
1757,6.0,759,0.8949875831604004,,,0.011561212129890919
1758,8.0,879,1.0257599353790283,,,0.0151361720636487
1759,11.0,835,0.9722695350646973,,,0.026140054687857628
1760,17.0,1405,1.6385245323181152,,,0.025215299800038338
1761,3.0,512,0.5961399078369141,,,0.02391757257282734
1762,6.0,806,0.9376199245452881,,,0.025940807536244392
1763,5.0,679,0.797605037689209,,,0.010508041828870773
1764,6.0,579,0.6767363548278809,,,0.010764009319245815
1765,0.0,403,0.4738962650299072,,,0.0037401290610432625
1766,10.0,827,0.9661543369293213,,,0.007341266609728336
1767,1.0,511,0.597069501876831,,,0.01460358314216137
1768,9.0,805,0.9418158531188965,,,0.01169629581272602
1769,14.0,771,0.8959591388702393,,,0.003986533731222153
1770,8.0,822,0.9449853897094727,,,0.011109458282589912
1771,9.0,838,0.9696707725524902,,,0.0046660564839839935
1772,5.0,491,0.5763399600982666,,,0.00470995856449008
1773,10.0,659,0.7642815113067627,,,0.03710055723786354
1774,4.0,651,0.7703187465667725,,,0.00802342128008604
1775,3.0,508,0.6077229976654053,,,0.004363036248832941
1776,19.0,1107,1.3050360679626465,,,0.00467959139496088
1777,4.0,774,0.9139399528503418,,,0.0110697653144598
1778,14.0,954,1.114664077758789,,,0.02002546563744545
1779,3.0,475,0.5644476413726807,,,0.0005372281884774566
1780,6.0,625,0.7265932559967041,,,0.029693663120269775
1781,3.0,393,0.46248340606689453,,,0.003966694697737694
1782,11.0,868,1.0119755268096924,,,0.011763659305870533
1783,6.0,501,0.5868434906005859,,,0.0003049061633646488
1784,-2.0,510,0.6068120002746582,,,0.00034225176204927266
1785,0.0,343,0.4065871238708496,,,0.004475400783121586
1786,7.0,635,0.7583537101745605,,,0.0004105492844246328
1787,2.0,520,0.616276741027832,,,0.00032660597935318947
1788,5.0,501,0.5804264545440674,,,0.004092896822839975
1789,13.0,978,1.1482489109039307,,,0.0039266119711101055
1790,4.0,645,0.7521722316741943,,,0.01033132616430521
1791,12.0,904,1.068248987197876,,,0.019425757229328156
1792,19.0,1033,1.2112655639648438,,,0.00790905486792326
1793,19.0,907,1.0482399463653564,,,0.029747290536761284
1794,0.0,512,0.5909674167633057,,,0.014823827892541885
1795,7.0,781,0.9078023433685303,,,0.011107342317700386
1796,13.0,638,0.7489180564880371,,,0.010440643876791
1797,1.0,504,0.5800111293792725,,,0.020450972020626068
1798,9.0,819,0.9546973705291748,,,0.015258953906595707
1799,2.0,494,0.5735485553741455,,,0.020741615444421768
1800,2.0,651,0.7595081329345703,,,0.007028613239526749
1801,20.0,1212,1.430187463760376,,,0.000558841391466558
1802,12.0,841,0.9914186000823975,,,0.033496495336294174
1803,4.0,537,0.6324732303619385,,,0.004569035954773426
1804,1.0,413,0.49178528785705566,,,0.021761929616332054
1805,9.0,807,0.9530391693115234,,,0.010722831822931767
1806,13.0,953,1.1295509338378906,,,0.004664498381316662
1807,13.0,928,1.0758392810821533,,,0.008139427751302719
1808,5.0,683,0.8121817111968994,,,0.007682626135647297
1809,20.0,1090,1.2638318538665771,,,0.0077323890291154385
1810,2.0,575,0.6701319217681885,,,0.003457761136814952
1811,7.0,701,0.807520866394043,,,0.011738923378288746
1812,2.0,389,0.45817089080810547,,,0.010290659964084625
1813,11.0,1256,1.4629130363464355,,,0.007824765518307686
1814,6.0,686,0.8025667667388916,,,0.011067901737987995
1815,6.0,503,0.5960135459899902,,,0.0039863428100943565
1816,5.0,799,0.9369025230407715,,,0.008315454237163067
1817,12.0,1110,1.2936582565307617,,,0.0037239971570670605
1818,6.0,695,0.8123109340667725,,,0.008167308755218983
1819,7.0,939,1.0956928730010986,,,0.0005420618108473718
1820,1.0,439,0.5184354782104492,,,0.0118073970079422
1821,16.0,977,1.1414365768432617,,,0.020264431834220886
1822,11.0,805,0.9355990886688232,,,0.008126379922032356
1823,19.0,1455,1.6991031169891357,,,0.0072286128997802734
1824,1.0,347,0.4068918228149414,,,0.008376830257475376
1825,9.0,647,0.7578847408294678,,,0.026076041162014008
1826,6.0,844,0.9975125789642334,,,0.0004691433859989047
1827,16.0,995,1.163623332977295,,,0.003941709641367197
1828,5.0,627,0.7362556457519531,,,0.0073578557930886745
1829,1.0,669,0.7806999683380127,,,0.004184508230537176
1830,20.0,1005,1.156590461730957,,,0.007810676004737616
1831,2.0,421,0.507617712020874,,,0.03546851500868797
1832,12.0,671,0.7890446186065674,,,0.004197726026177406
1833,5.0,534,0.6299934387207031,,,0.008054140955209732
1834,9.0,814,0.956249475479126,,,0.027257591485977173
1835,9.0,815,0.9693093299865723,,,0.014768836088478565
1836,8.0,722,0.852370023727417,,,0.021963078528642654
1837,1.0,392,0.4642453193664551,,,0.007032820489257574
1838,10.0,783,0.9170351028442383,,,0.015277487225830555
1839,1.0,489,0.5754618644714355,,,0.0258986484259367
1840,5.0,521,0.6165652275085449,,,0.006958933547139168
1841,16.0,1113,1.3058745861053467,,,0.010729295201599598
1842,28.0,1237,1.4353151321411133,,,0.013596457429230213
1843,2.0,629,0.745354175567627,,,0.004343728069216013
1844,3.0,595,0.7048234939575195,,,0.007568168453872204
1845,6.0,913,1.0621650218963623,,,0.004240966867655516
1846,4.0,759,0.8814446926116943,,,0.0075997100211679935
1847,10.0,783,0.9281995296478271,,,0.024656904861330986
1848,8.0,800,0.9351997375488281,,,0.0181537214666605
1849,4.0,697,0.8107249736785889,,,0.007797859143465757
1850,6.0,753,0.8935213088989258,,,0.007406813092529774
1851,26.0,1057,1.247197151184082,,,0.018826324492692947
1852,9.0,920,1.0934679508209229,,,0.0041402908973395824
1853,-1.0,388,0.46421384811401367,,,0.011827253736555576
1854,20.0,929,1.0919826030731201,,,0.004456332419067621
1855,3.0,522,0.6115267276763916,,,0.010602466762065887
1856,0.0,440,0.5185446739196777,,,0.0037705993745476007
1857,8.0,1033,1.2154276371002197,,,0.003995407372713089
1858,2.0,464,0.5401060581207275,,,0.0038166914600878954
1859,8.0,819,0.9618749618530273,,,0.00392960337921977
1860,7.0,649,0.7644929885864258,,,0.008066232316195965
1861,3.0,698,0.8150873184204102,,,0.011922214180231094
1862,9.0,673,0.7802751064300537,,,0.007282162085175514
1863,2.0,377,0.44306325912475586,,,0.032295871526002884
1864,13.0,876,1.0384621620178223,,,0.007990512996912003
1865,5.0,537,0.6448071002960205,,,0.0071424623019993305
1866,14.0,1006,1.1827664375305176,,,0.010676532983779907
1867,10.0,1087,1.2753300666809082,,,0.0005231598042882979
1868,15.0,741,0.8632845878601074,,,0.0005638687289319932
1869,8.0,674,0.7816786766052246,,,0.008455818518996239
1870,4.0,402,0.4736013412475586,,,0.007626586128026247
1871,19.0,987,1.1545469760894775,,,0.018609507009387016
1872,7.0,676,0.7852532863616943,,,0.0037016416899859905
1873,0.0,381,0.4420490264892578,,,0.013250937685370445
1874,3.0,507,0.6046733856201172,,,0.011627743020653725
1875,7.0,523,0.6289896965026855,,,0.007561747916042805
1876,21.0,1177,1.3722646236419678,,,0.011702749878168106
1877,2.0,410,0.4857356548309326,,,0.012342764064669609
1878,14.0,789,0.9165768623352051,,,0.007491490337997675
1879,3.0,461,0.5413930416107178,,,0.004081402905285358
1880,4.0,461,0.5477948188781738,,,0.011238307692110538
1881,9.0,840,0.9964644908905029,,,0.00451120687648654
1882,8.0,695,0.8261950016021729,,,0.007043092045933008
1883,17.0,1140,1.3364694118499756,,,0.01942538097500801
1884,10.0,884,1.0383002758026123,,,0.011204124428331852
1885,16.0,1275,1.4936563968658447,,,0.007965229451656342
1886,11.0,974,1.149627923965454,,,0.010980349965393543
1887,3.0,608,0.7050859928131104,,,0.007127753924578428
1888,8.0,706,0.8237662315368652,,,0.02722151391208172
1889,19.0,1035,1.2084894180297852,,,0.02700728364288807
1890,12.0,788,0.923652172088623,,,0.00036231480771675706
1891,7.0,683,0.8182203769683838,,,0.003675999818369746
1892,20.0,969,1.1462910175323486,,,0.014353584498167038
1893,8.0,563,0.6661026477813721,,,0.007270336616784334
1894,25.0,1215,1.4095978736877441,,,0.023727698251605034
1895,5.0,518,0.6221451759338379,,,0.00720167625695467
1896,12.0,979,1.1531164646148682,,,0.01661020703613758
1897,11.0,1112,1.3271660804748535,,,0.0006227768026292324
1898,10.0,861,1.0194001197814941,,,0.008138488978147507
1899,3.0,523,0.608116626739502,,,0.022004684433341026
1900,5.0,609,0.7314229011535645,,,0.016901567578315735
1901,22.0,1183,1.3965795040130615,,,0.017425792291760445
1902,6.0,839,0.9943187236785889,,,0.021970674395561218
1903,4.0,582,0.6900224685668945,,,0.007866276428103447
1904,12.0,947,1.1242890357971191,,,0.01042252965271473
1905,14.0,1082,1.281808614730835,,,0.00046029806253500283
1906,10.0,1137,1.337172269821167,,,0.011398033238947392
1907,8.0,762,0.8948640823364258,,,0.0007238825783133507
1908,9.0,808,0.9637935161590576,,,0.01490840595215559
1909,6.0,679,0.796985387802124,,,0.004287478514015675
1910,7.0,792,0.9452626705169678,,,0.004287421237677336
1911,2.0,598,0.7146475315093994,,,0.0040947929956018925
1912,2.0,475,0.5600957870483398,,,0.020251957699656487
1913,5.0,641,0.7754859924316406,,,0.015001284889876842
1914,4.0,671,0.7939937114715576,,,0.018474407494068146
1915,12.0,955,1.1408991813659668,,,0.01871746964752674
1916,14.0,832,1.013674020767212,,,0.003587961895391345
1917,31.0,1335,1.6683194637298584,,,0.022926026955246925
1918,11.0,682,0.808283805847168,,,0.007284220308065414
1919,6.0,569,0.6537413597106934,,,0.018992146477103233
1920,6.0,508,0.5941710472106934,,,0.008262566290795803
1921,8.0,850,1.0107882022857666,,,0.013251635245978832
1922,12.0,655,0.7659034729003906,,,0.010918434709310532
1923,2.0,515,0.5914337635040283,,,0.023902712389826775
1924,7.0,633,0.7342486381530762,,,0.023738637566566467
1925,3.0,771,0.899571418762207,,,0.003959196154028177
1926,12.0,821,0.9525783061981201,,,0.011288267560303211
1927,7.0,604,0.7181644439697266,,,0.013394800946116447
1928,12.0,843,1.0288970470428467,,,0.015239730477333069
1929,1.0,594,0.7098729610443115,,,0.02619512565433979
1930,10.0,743,0.8772146701812744,,,0.029889225959777832
1931,19.0,1180,1.3978772163391113,,,0.0067527382634580135
1932,11.0,1029,1.2244341373443604,,,0.018277525901794434
1933,15.0,1134,1.366502285003662,,,0.004300669301301241
1934,18.0,950,1.12764573097229,,,0.007304692175239325
1935,28.0,1378,1.5815784931182861,,,0.007726255804300308
1936,3.0,407,0.479447603225708,,,0.007512783631682396
1937,2.0,389,0.4424166679382324,,,0.010793348774313927
1938,17.0,930,1.0873425006866455,,,0.007584432139992714
1939,11.0,651,0.7691256999969482,,,0.008029842749238014
1940,12.0,964,1.1447105407714844,,,0.00024279035278595984
1941,15.0,890,1.0411689281463623,,,0.011272833682596684
1942,7.0,627,0.7270541191101074,,,0.018866760656237602
1943,1.0,519,0.59735107421875,,,0.007083738688379526
1944,12.0,627,0.7425272464752197,,,0.007655835710465908
1945,12.0,687,0.8177914619445801,,,0.019705001264810562
1946,4.0,779,0.919487476348877,,,0.0070945885963737965
1947,18.0,910,1.0624845027923584,,,0.020540939643979073
1948,18.0,1098,1.266775131225586,,,0.007475696504116058
1949,12.0,698,0.8309040069580078,,,0.007517488673329353
1950,17.0,785,0.935126781463623,,,0.013697052374482155
1951,10.0,878,1.035304069519043,,,0.007196891587227583
1952,3.0,419,0.48345136642456055,,,0.0038078012876212597
1953,20.0,1049,1.2224619388580322,,,0.007507328409701586
1954,5.0,479,0.5518007278442383,,,0.0006396200624294579
1955,7.0,941,1.0883216857910156,,,0.0037527920212596655
1956,3.0,450,0.5225036144256592,,,0.010766945779323578
1957,8.0,710,0.832545280456543,,,0.024895403534173965
1958,4.0,533,0.6341369152069092,,,0.011554490774869919
1959,8.0,891,1.0450575351715088,,,0.004611989948898554
1960,10.0,801,0.9426302909851074,,,0.011000250466167927
1961,7.0,829,0.981071949005127,,,0.018278997391462326
1962,12.0,818,0.9623837471008301,,,0.019560417160391808
1963,14.0,856,1.013103723526001,,,0.023051565513014793
1964,6.0,1033,1.2154874801635742,,,0.009952808730304241
1965,13.0,1057,1.246692180633545,,,0.00045113079249858856
1966,5.0,573,0.6778016090393066,,,0.014087188057601452
1967,12.0,678,0.8020687103271484,,,0.008174815215170383
1968,28.0,1815,2.091951847076416,,,0.015796754509210587
1969,5.0,489,0.5648913383483887,,,0.011739355511963367
1970,3.0,437,0.5078549385070801,,,0.011958662420511246
1971,8.0,789,0.9469211101531982,,,0.010256882756948471
1972,5.0,685,0.808199405670166,,,0.015027442947030067
1973,22.0,1016,1.2053101062774658,,,0.026298310607671738
1974,11.0,897,1.090127944946289,,,0.00400197971612215
1975,4.0,459,0.5385169982910156,,,0.005055909976363182
1976,4.0,762,0.89778733253479,,,0.013988644815981388
1977,18.0,1010,1.2359974384307861,,,0.017573097720742226
1978,1.0,534,0.637047529220581,,,0.012230274267494678
1979,8.0,704,0.8701190948486328,,,0.0074900733307003975
1980,7.0,631,0.7754459381103516,,,0.0038971451576799154
1981,2.0,445,0.5570755004882812,,,0.004245710093528032
1982,8.0,753,1.107983112335205,,,0.004283435642719269
1983,12.0,706,1.1157548427581787,,,0.010913269594311714
1984,6.0,696,0.9415915012359619,,,0.008218541741371155
1985,2.0,571,0.7917520999908447,,,0.013833454810082912
1986,9.0,939,1.1414241790771484,,,0.004071732982993126
1987,11.0,639,0.8803341388702393,,,0.019014788791537285
1988,13.0,854,1.0967073440551758,,,0.011547921225428581
1989,11.0,933,1.1696686744689941,,,0.007495451252907515
1990,8.0,694,0.8273482322692871,,,0.00046259057126007974
1991,10.0,833,1.092942714691162,,,0.00391671946272254
1992,3.0,684,0.8736076354980469,,,0.02002101205289364
1993,3.0,437,0.5362658500671387,,,0.011878814548254013
1994,1.0,407,0.47287702560424805,,,0.0070547740906476974
1995,5.0,501,0.583850622177124,,,0.046306438744068146
1996,6.0,633,0.7570879459381104,,,0.027023719623684883
1997,11.0,987,1.1856818199157715,,,0.02618919499218464
1998,15.0,1103,1.317889928817749,,,0.03223767131567001
1999,9.0,844,1.0014019012451172,,,0.011398577131330967
2000,6.0,590,0.7018575668334961,,,0.003739885985851288
2001,15.0,931,1.1057429313659668,,,0.008146468549966812
2002,8.0,803,0.9509618282318115,,,0.007801075931638479
2003,9.0,719,0.8618593215942383,,,0.02242319844663143
2004,19.0,943,1.1140966415405273,,,0.007584265898913145
2005,12.0,1094,1.3039355278015137,,,0.025008706375956535
2006,3.0,537,0.6368067264556885,,,0.018262647092342377
2007,14.0,1076,1.28202223777771,,,0.0072614094242453575
2008,2.0,468,0.5669629573822021,,,0.016670864075422287
2009,10.0,891,1.0669937133789062,,,0.010974629782140255
2010,9.0,1067,1.3004155158996582,,,0.015965711325407028
2011,8.0,689,0.8722200393676758,,,0.0004942540545016527
2012,1.0,383,0.4640207290649414,,,0.01522304117679596
2013,19.0,1119,1.3390982151031494,,,0.011503968387842178
2014,5.0,595,0.6995975971221924,,,0.027160530909895897
2015,12.0,835,0.9819741249084473,,,0.012301013804972172
2016,2.0,422,0.5007789134979248,,,0.007479952182620764
2017,2.0,507,0.5983567237854004,,,0.011254144832491875
2018,5.0,636,0.7651793956756592,,,0.012418413534760475
2019,17.0,1125,1.337350606918335,,,0.004335376899689436
2020,9.0,621,0.750241756439209,,,0.007776775397360325
2021,8.0,819,0.9582483768463135,,,0.008281702175736427
2022,18.0,871,1.045661449432373,,,0.008985044434666634
2023,20.0,1155,1.3616747856140137,,,0.02274845726788044
2024,16.0,745,0.9063997268676758,,,0.0003433609090279788
2025,11.0,903,1.1031694412231445,,,0.008661560714244843
2026,21.0,1622,1.9506185054779053,,,0.010739640332758427
2027,17.0,1000,1.2046489715576172,,,0.011350512504577637
2028,3.0,703,0.8320150375366211,,,0.00657343864440918
2029,0.0,344,0.41945743560791016,,,0.01643390953540802
2030,15.0,827,1.0055217742919922,,,0.007998238317668438
2031,2.0,642,0.7897541522979736,,,0.011044403538107872
2032,22.0,1215,1.4803948402404785,,,0.008795431815087795
2033,9.0,815,0.996884822845459,,,0.004172999877482653
2034,8.0,589,0.6838836669921875,,,0.015193892642855644
2035,4.0,447,0.5407922267913818,,,0.00763765349984169
2036,13.0,781,0.9715192317962646,,,0.03836919739842415
2037,35.0,1371,1.7536346912384033,,,0.01014167070388794
2038,4.0,647,0.8505980968475342,,,0.007471203804016113
2039,26.0,1356,1.6792726516723633,,,0.004215271677821875
2040,10.0,662,0.7810087203979492,,,0.003920143004506826
2041,24.0,1157,1.3718783855438232,,,0.0074334703385829926
2042,25.0,1649,1.9792900085449219,,,0.03240513056516647
2043,10.0,597,0.7255551815032959,,,0.0038492323365062475
2044,12.0,699,0.8525323867797852,,,0.007498032413423061
2045,19.0,926,1.1082947254180908,,,0.004698393866419792
2046,5.0,599,0.706092119216919,,,0.010813947767019272
2047,11.0,680,0.808844804763794,,,0.017634311690926552
2048,6.0,640,0.7727780342102051,,,0.012220676057040691
2049,6.0,581,0.7091856002807617,,,0.0079960310831666
2050,6.0,531,0.6488428115844727,,,0.014381973072886467
2051,4.0,478,0.5780973434448242,,,0.01804989203810692
2052,11.0,647,0.7934157848358154,,,0.016179697588086128
2053,18.0,1007,1.2198631763458252,,,0.005138174165040255
2054,8.0,709,0.8616259098052979,,,0.011716488748788834
2055,12.0,703,0.8377165794372559,,,0.004188882652670145
2056,8.0,825,1.0049002170562744,,,0.02734079211950302
2057,13.0,949,1.1383795738220215,,,0.011046288534998894
2058,15.0,1067,1.2612764835357666,,,0.0076108286157250404
2059,3.0,492,0.5933957099914551,,,0.007220653351396322
2060,2.0,413,0.4965395927429199,,,0.023585772141814232
2061,10.0,808,0.967064619064331,,,0.004167374689131975
2062,13.0,948,1.1337995529174805,,,0.00855270866304636
2063,10.0,630,0.7730534076690674,,,0.007736717350780964
2064,1.0,399,0.47621607780456543,,,0.01794062741100788
2065,17.0,896,1.0529963970184326,,,0.011099245399236679
2066,6.0,637,0.7416601181030273,,,0.01880531571805477
2067,7.0,607,0.7265064716339111,,,0.006856876891106367
2068,3.0,490,0.5799317359924316,,,0.026618080213665962
2069,-3.0,506,0.5972683429718018,,,0.007265773136168718
2070,17.0,1175,1.4302208423614502,,,0.03764637932181358
2071,1.0,396,0.4716684818267822,,,0.0003088410885538906
2072,8.0,609,0.7281973361968994,,,0.01916895993053913
2073,8.0,661,0.800955057144165,,,0.023356517776846886
2074,16.0,890,1.0605251789093018,,,0.0205068401992321
2075,18.0,1074,1.3008832931518555,,,0.029484253376722336
2076,9.0,819,0.9880759716033936,,,0.008894823491573334
2077,0.0,396,0.4815692901611328,,,0.02921442873775959
2078,9.0,817,1.0130469799041748,,,0.004512615501880646
2079,13.0,669,0.8100931644439697,,,0.00462043471634388
2080,19.0,1188,1.4254851341247559,,,0.00293123465962708
2081,23.0,1022,1.2055017948150635,,,0.02343575842678547
2082,2.0,461,0.5587813854217529,,,0.004917990416288376
2083,10.0,918,1.0980594158172607,,,0.01872865855693817
2084,10.0,680,0.801377534866333,,,0.0033302665688097477
2085,18.0,1248,1.45766282081604,,,0.014182009734213352
2086,1.0,388,0.4706127643585205,,,0.010689491406083107
2087,8.0,857,1.0207104682922363,,,0.011970159597694874
2088,12.0,985,1.172363042831421,,,0.03278901427984238
2089,6.0,701,0.8188276290893555,,,0.021016059443354607
2090,4.0,624,0.7324120998382568,,,0.019714901223778725
2091,15.0,831,0.9679830074310303,,,0.00807911902666092
2092,22.0,1404,1.643711805343628,,,0.011497787199914455
2093,5.0,537,0.6347534656524658,,,0.010030586272478104
2094,21.0,903,1.0544378757476807,,,0.010833125561475754
2095,15.0,981,1.1464052200317383,,,0.010051237419247627
2096,6.0,665,0.7785520553588867,,,0.007968749850988388
2097,5.0,652,0.7742383480072021,,,0.004164143465459347
2098,11.0,683,0.7910642623901367,,,0.010595160536468029
2099,3.0,479,0.5512659549713135,,,0.02787894196808338
2100,7.0,588,0.6893823146820068,,,0.007569401059299707
2101,14.0,1020,1.191126823425293,,,0.008454731665551662
2102,12.0,957,1.118035078048706,,,0.022745270282030106
2103,14.0,1071,1.2396020889282227,,,0.004731324035674334
2104,4.0,556,0.6516990661621094,,,0.01867740973830223
2105,8.0,624,0.7285463809967041,,,0.01151743158698082
2106,4.0,579,0.6793432235717773,,,0.01078898273408413
2107,3.0,399,0.47582125663757324,,,0.00746156508103013
2108,3.0,521,0.6196069717407227,,,0.014688290655612946
2109,12.0,692,0.8082020282745361,,,0.004351390991359949
2110,6.0,435,0.5040128231048584,,,0.011376208625733852
2111,2.0,395,0.46944713592529297,,,0.000580249004997313
2112,3.0,378,0.4395003318786621,,,0.011429584585130215
2113,5.0,524,0.609947681427002,,,0.013873022980988026
2114,5.0,596,0.6971666812896729,,,0.021429207175970078
2115,17.0,919,1.0848066806793213,,,0.010559028014540672
2116,6.0,661,0.795661211013794,,,0.02326314151287079
2117,3.0,428,0.5169894695281982,,,0.01336465310305357
2118,1.0,429,0.5090441703796387,,,0.007025654893368483
2119,1.0,421,0.4986686706542969,,,0.00041573430644348264
2120,6.0,610,0.7338895797729492,,,0.004130413755774498
2121,8.0,715,0.8360042572021484,,,0.009506246075034142
2122,4.0,409,0.4839043617248535,,,0.007835614494979382
2123,1.0,385,0.4560883045196533,,,0.012240836396813393
2124,8.0,515,0.6189730167388916,,,0.020492587238550186
2125,16.0,1249,1.5039260387420654,,,0.006905418820679188
2126,12.0,1022,1.2382898330688477,,,0.021937381476163864
2127,18.0,1016,1.2066638469696045,,,0.026004724204540253
2128,1.0,428,0.5261776447296143,,,0.007511305157095194
2129,0.0,601,0.7115707397460938,,,0.021961193531751633
2130,4.0,496,0.60939621925354,,,0.007254313677549362
2131,19.0,1157,1.3999881744384766,,,0.0077028945088386536
2132,9.0,583,0.7025942802429199,,,0.011367646045982838
2133,1.0,381,0.46298789978027344,,,0.00037780049024149776
2134,10.0,833,1.0083415508270264,,,0.02193666249513626
2135,5.0,518,0.6278359889984131,,,0.013596538454294205
2136,10.0,673,0.8298778533935547,,,0.004252301994711161
2137,7.0,577,0.7118573188781738,,,0.011825455352663994
2138,14.0,785,0.9776201248168945,,,0.008450084365904331
2139,4.0,541,0.6725389957427979,,,0.018252216279506683
2140,2.0,357,0.4386718273162842,,,0.005040059331804514
2141,5.0,656,0.7891180515289307,,,0.007726710289716721
2142,3.0,380,0.4614889621734619,,,0.011993521824479103
2143,15.0,801,0.9788119792938232,,,0.007202273700386286
2144,9.0,881,1.0609142780303955,,,0.025326792150735855
2145,-1.0,344,0.446199893951416,,,0.004601940046995878
2146,16.0,951,1.143439531326294,,,0.00783863291144371
2147,15.0,1107,1.3332874774932861,,,0.015022900886833668
2148,8.0,1047,1.2694463729858398,,,0.004023510962724686
2149,4.0,535,0.6431083679199219,,,0.0041021485812962055
2150,6.0,807,0.976130485534668,,,0.013232809491455555
2151,8.0,902,1.103729009628296,,,0.008574291132390499
2152,13.0,1071,1.2738072872161865,,,0.0158503670245409
2153,15.0,1101,1.350390911102295,,,0.00048201746540144086
2154,4.0,513,0.7038965225219727,,,0.017011787742376328
2155,8.0,805,1.0725481510162354,,,0.04257992282509804
2156,2.0,497,0.6279275417327881,,,0.024388466030359268
2157,21.0,1087,1.315035104751587,,,0.010121414437890053
2158,7.0,775,0.9499678611755371,,,0.02120521292090416
2159,12.0,809,0.9866611957550049,,,0.008141357451677322
2160,3.0,602,0.7346501350402832,,,0.0032754126004874706
2161,21.0,1109,1.3484835624694824,,,0.010936078615486622
2162,6.0,712,0.8655238151550293,,,0.015163075178861618
2163,8.0,807,0.9760987758636475,,,0.007672811392694712
2164,6.0,672,0.8196022510528564,,,0.007257426623255014
2165,4.0,549,0.6837470531463623,,,0.013889490626752377
2166,7.0,706,0.8551123142242432,,,0.012683556415140629
2167,14.0,965,1.2208118438720703,,,0.011444248259067535
2168,13.0,1099,1.3890137672424316,,,0.004023468587547541
2169,2.0,441,0.5380582809448242,,,0.0005822766688652337
2170,29.0,1400,1.6823210716247559,,,0.004341254010796547
2171,6.0,359,0.4438951015472412,,,0.007858721539378166
2172,10.0,648,0.8191351890563965,,,0.025551851838827133
2173,8.0,711,0.8661770820617676,,,0.0310418289154768
2174,6.0,639,0.7823061943054199,,,0.012765283696353436
2175,3.0,515,0.6236343383789062,,,0.02935350313782692
2176,14.0,854,1.0240962505340576,,,0.011971777305006981
2177,3.0,385,0.46686768531799316,,,0.003709670389071107
2178,17.0,1053,1.2388875484466553,,,0.007586539722979069
2179,8.0,691,0.8121159076690674,,,0.003963682800531387
2180,13.0,895,1.040511131286621,,,0.02282899245619774
2181,10.0,976,1.1643712520599365,,,0.018375374376773834
2182,6.0,701,0.8341219425201416,,,0.020690759643912315
2183,2.0,514,0.6178462505340576,,,0.024536974728107452
2184,16.0,999,1.1862456798553467,,,0.007566316053271294
2185,9.0,668,0.7891128063201904,,,0.0003480649320408702
2186,9.0,799,0.9464683532714844,,,0.026400892063975334
2187,13.0,924,1.0822818279266357,,,0.007441621273756027
2188,7.0,655,0.771289587020874,,,0.008132889866828918
2189,13.0,825,0.9764325618743896,,,0.020225301384925842
2190,3.0,493,0.59210205078125,,,0.0164534579962492
2191,5.0,615,0.7252371311187744,,,0.03391898423433304
2192,5.0,644,0.7682416439056396,,,0.01531193871051073
2193,6.0,701,0.8433918952941895,,,0.004131524357944727
2194,6.0,722,0.8556873798370361,,,0.011247750371694565
2195,10.0,651,0.7717783451080322,,,0.00441939989104867
2196,10.0,1069,1.2618134021759033,,,0.01734831929206848
2197,-1.0,381,0.44554567337036133,,,0.011821300722658634
2198,-2.0,341,0.405958890914917,,,0.00508422777056694
2199,10.0,961,1.1410629749298096,,,0.004633171483874321
2200,2.0,364,0.4401814937591553,,,0.003365347860381007
2201,7.0,731,0.8763370513916016,,,0.0038969269953668118
2202,4.0,428,0.5238111019134521,,,0.02179124392569065
2203,8.0,641,0.7755916118621826,,,0.0176874827593565
2204,12.0,1097,1.315145492553711,,,0.026980441063642502
2205,2.0,596,0.726158857345581,,,0.010677007958292961
2206,5.0,534,0.6475186347961426,,,0.011531985364854336
2207,9.0,685,0.8348262310028076,,,0.015751030296087265
2208,5.0,515,0.6241381168365479,,,0.0039300997741520405
2209,10.0,913,1.0965757369995117,,,0.0070250872522592545
2210,40.0,2217,2.6187262535095215,,,0.007588562089949846
2211,21.0,1227,1.45229172706604,,,0.004917520098388195
2212,16.0,1178,1.394991397857666,,,0.0065773967653512955
2213,4.0,619,0.7394788265228271,,,0.007666894234716892
2214,2.0,393,0.46651506423950195,,,0.0109021021053195
2215,-2.0,316,0.3765244483947754,,,0.007390013430267572
2216,7.0,953,1.112488031387329,,,0.01515489537268877
2217,2.0,484,0.578444242477417,,,0.005044544581323862
2218,6.0,603,0.7236549854278564,,,0.00816361140459776
2219,0.0,514,0.6092300415039062,,,0.011575348675251007
2220,11.0,755,0.8847572803497314,,,0.021630864590406418
2221,2.0,383,0.47704577445983887,,,0.011430783197283745
2222,8.0,693,0.8305191993713379,,,0.004265214782208204
2223,8.0,760,0.9118812084197998,,,0.00430719368159771
2224,26.0,1207,1.4225075244903564,,,0.011730541475117207
2225,14.0,837,0.9913325309753418,,,0.014125190675258636
2226,3.0,417,0.497713565826416,,,0.023091698065400124
2227,26.0,1170,1.3625822067260742,,,0.003998787607997656
2228,15.0,977,1.1431686878204346,,,0.02479512244462967
2229,22.0,1153,1.3701331615447998,,,0.008048120886087418
2230,5.0,645,0.7642040252685547,,,0.008045194670557976
2231,16.0,830,0.9807488918304443,,,0.0004644926229957491
2232,5.0,579,0.6913180351257324,,,0.003901371033862233
2233,10.0,742,0.8826000690460205,,,0.003979943227022886
2234,17.0,1042,1.2349262237548828,,,0.008252577856183052
2235,5.0,679,0.8186690807342529,,,0.012959337793290615
2236,1.0,372,0.4474787712097168,,,0.04826341196894646
2237,3.0,500,0.6039102077484131,,,0.009902478195726871
2238,9.0,833,0.995851993560791,,,0.011290237307548523
2239,15.0,1136,1.3639423847198486,,,0.01854943484067917
2240,7.0,621,0.7494969367980957,,,0.02052971161901951
2241,17.0,1005,1.203573226928711,,,0.007454536389559507
2242,3.0,536,0.6396417617797852,,,0.016562746837735176
2243,2.0,514,0.614281415939331,,,0.010026061907410622
2244,4.0,481,0.5704348087310791,,,0.009846980683505535
2245,6.0,648,0.7774522304534912,,,0.007213621865957975
2246,5.0,657,0.7937202453613281,,,0.00420746486634016
2247,8.0,645,0.7694351673126221,,,0.0039805881679058075
2248,2.0,650,0.780766487121582,,,0.00734740449115634
2249,3.0,894,1.0861191749572754,,,0.008503150194883347
2250,18.0,1150,1.3714327812194824,,,0.019215553998947144
2251,18.0,1055,1.232499361038208,,,0.004121184814721346
2252,3.0,409,0.48245716094970703,,,0.018114808946847916
2253,5.0,637,0.7502710819244385,,,0.004114304669201374
2254,10.0,783,0.926461935043335,,,0.011448448523879051
2255,16.0,1020,1.2000949382781982,,,0.011703125201165676
2256,3.0,381,0.4423537254333496,,,0.0039343200623989105
2257,10.0,879,1.0451383590698242,,,0.016972491517663002
2258,8.0,631,0.7556781768798828,,,0.00720074400305748
2259,15.0,753,0.9018440246582031,,,0.003587458748370409
2260,3.0,517,0.6167929172515869,,,0.004731218330562115
2261,2.0,369,0.44936203956604004,,,0.003123412374407053
2262,20.0,1245,1.4627172946929932,,,0.019902752712368965
2263,18.0,983,1.1778297424316406,,,0.011425578966736794
2264,4.0,643,0.7549371719360352,,,0.00784345529973507
2265,4.0,550,0.6498730182647705,,,0.004113518167287111
2266,16.0,1048,1.2324342727661133,,,0.004793126136064529
2267,13.0,877,1.048053503036499,,,0.010731944814324379
2268,16.0,985,1.1738159656524658,,,0.01162719540297985
2269,2.0,378,0.449678897857666,,,0.00781942531466484
2270,13.0,864,1.0165762901306152,,,0.030784185975790024
2271,22.0,1249,1.4664287567138672,,,0.006374695338308811
2272,3.0,632,0.7450840473175049,,,0.007824393920600414
2273,15.0,815,0.9764177799224854,,,0.00416870741173625
2274,17.0,1363,1.5942327976226807,,,0.004674367140978575
2275,5.0,643,0.7762806415557861,,,0.022123485803604126
2276,6.0,618,0.7459678649902344,,,0.0004558031796477735
2277,5.0,632,0.7577605247497559,,,0.010803479701280594
2278,19.0,1067,1.2684996128082275,,,0.030098671093583107
2279,4.0,622,0.7450780868530273,,,0.0029761656187474728
2280,6.0,645,0.7813997268676758,,,0.014900988899171352
2281,6.0,557,0.6808431148529053,,,0.0004432716523297131
2282,3.0,423,0.5085794925689697,,,0.009673447348177433
2283,22.0,1142,1.3556632995605469,,,0.004097731318324804
2284,17.0,793,0.9515750408172607,,,0.0077987369149923325
2285,7.0,931,1.1313109397888184,,,0.007217028643935919
2286,5.0,581,0.6955392360687256,,,0.02035301737487316
2287,18.0,1437,1.713118076324463,,,0.007829629816114902
2288,3.0,499,0.5945589542388916,,,0.023052923381328583
2289,10.0,736,0.8854174613952637,,,0.00379634415730834
2290,11.0,636,0.7572946548461914,,,0.006738170050084591
2291,2.0,351,0.42360663414001465,,,0.004603351466357708
2292,11.0,925,1.0949273109436035,,,0.013225110247731209
2293,5.0,515,0.6168241500854492,,,0.0007696534739807248
2294,1.0,537,0.6460216045379639,,,0.00407464150339365
2295,16.0,990,1.1703031063079834,,,0.026060642674565315
2296,14.0,915,1.0943818092346191,,,0.014459890313446522
2297,3.0,683,0.8219335079193115,,,0.008645177818834782
2298,11.0,860,1.0335166454315186,,,0.0037300214171409607
2299,6.0,438,0.5290641784667969,,,0.00819636695086956
2300,15.0,995,1.1910626888275146,,,0.02204517088830471
2301,10.0,889,1.0644927024841309,,,0.017440611496567726
2302,21.0,1260,1.4993643760681152,,,0.02551446296274662
2303,10.0,817,0.9757540225982666,,,0.02945280820131302
2304,1.0,481,0.5797774791717529,,,0.0116852056235075
2305,9.0,830,1.0037949085235596,,,0.014116968028247356
2306,15.0,895,1.057588815689087,,,0.008278552442789078
2307,12.0,634,0.7475755214691162,,,0.00979627389460802
2308,15.0,976,1.1566870212554932,,,0.007254899945110083
2309,6.0,437,0.5220086574554443,,,0.004178711678832769
2310,20.0,1079,1.2701897621154785,,,0.008614327758550644
2311,14.0,1000,1.2033913135528564,,,0.015073347836732864
2312,12.0,679,0.8198330402374268,,,0.007573264185339212
2313,1.0,425,0.5094001293182373,,,0.007895907387137413
2314,2.0,419,0.5072402954101562,,,0.007752241566777229
2315,5.0,465,0.5589442253112793,,,0.017712442204356194
2316,1.0,516,0.6168818473815918,,,0.010749508626759052
2317,4.0,663,0.7889211177825928,,,0.0005144380847923458
2318,4.0,521,0.6322231292724609,,,0.025655372068285942
2319,11.0,828,0.9935855865478516,,,0.026811517775058746
2320,9.0,637,0.767446756362915,,,0.016245493665337563
2321,7.0,646,0.7769699096679688,,,0.0076877954415977
2322,15.0,1119,1.3478403091430664,,,0.031445346772670746
2323,2.0,381,0.46129345893859863,,,0.007022528443485498
2324,12.0,799,0.9632649421691895,,,0.021935055032372475
2325,3.0,499,0.6009166240692139,,,0.011437884531915188
2326,11.0,689,0.8252584934234619,,,0.017192933708429337
2327,9.0,664,0.7824609279632568,,,0.0040940470062196255
2328,2.0,401,0.4678924083709717,,,0.007750827353447676
2329,11.0,701,0.8228225708007812,,,0.010936320759356022
2330,11.0,835,0.9927740097045898,,,0.021072952076792717
2331,6.0,613,0.7268996238708496,,,0.00948571227490902
2332,1.0,390,0.46043992042541504,,,0.004427656065672636
2333,11.0,1007,1.2070341110229492,,,0.017594782635569572
2334,4.0,499,0.598167896270752,,,0.007285809610038996
2335,23.0,1217,1.4565417766571045,,,0.025613775476813316
2336,0.0,391,0.4749138355255127,,,0.007740484084933996
2337,10.0,704,0.8481523990631104,,,0.02077028527855873
2338,3.0,615,0.7416586875915527,,,0.039424262940883636
2339,16.0,795,0.9632627964019775,,,0.02391374483704567
2340,7.0,485,0.5857720375061035,,,0.01222432404756546
2341,8.0,667,0.8080754280090332,,,0.011015345342457294
2342,19.0,840,1.0108416080474854,,,0.028009502217173576
2343,4.0,631,0.7621400356292725,,,0.03475883603096008
2344,7.0,647,0.7835829257965088,,,0.011159884743392467
2345,1.0,422,0.5065088272094727,,,0.0005499208928085864
2346,7.0,539,0.6385457515716553,,,0.007530535105615854
2347,5.0,493,0.5895755290985107,,,0.004398347344249487
2348,23.0,1239,1.4762725830078125,,,0.012924794107675552
2349,7.0,631,0.750983715057373,,,0.0068974983878433704
2350,-1.0,381,0.45093846321105957,,,0.007035470101982355
2351,2.0,535,0.6360664367675781,,,0.005133288446813822
2352,8.0,805,0.9607234001159668,,,0.012089695781469345
2353,21.0,1255,1.4898574352264404,,,0.004663535393774509
2354,8.0,799,0.9473221302032471,,,0.011279265396296978
2355,7.0,695,0.8271875381469727,,,0.007345685735344887
2356,4.0,488,0.5756447315216064,,,0.023073015734553337
2357,10.0,762,0.904965877532959,,,0.0056106881238520145
2358,14.0,649,0.7681236267089844,,,0.006363538559526205
2359,2.0,372,0.44744157791137695,,,0.008010687306523323
2360,19.0,999,1.1729884147644043,,,0.007602360565215349
2361,5.0,661,0.7905564308166504,,,0.03891432285308838
2362,19.0,1239,1.4621989727020264,,,0.015961308032274246
2363,6.0,503,0.5986192226409912,,,0.004635808989405632
2364,-1.0,363,0.44565916061401367,,,0.011432047002017498
2365,5.0,386,0.4650266170501709,,,0.004065879620611668
2366,8.0,663,0.7967133522033691,,,0.01472043339163065
2367,12.0,869,1.035388469696045,,,0.011179680936038494
2368,2.0,415,0.4943883419036865,,,0.007679833099246025
2369,7.0,795,0.9531536102294922,,,0.007478111889213324
2370,16.0,843,1.017240285873413,,,0.021177658811211586
2371,9.0,815,0.9857983589172363,,,0.011067386716604233
2372,11.0,659,0.7917294502258301,,,0.019608724862337112
2373,5.0,563,0.6847648620605469,,,0.006823703646659851
2374,14.0,897,1.0752713680267334,,,0.026993403211236
2375,10.0,816,0.9855916500091553,,,0.0065852017141878605
2376,16.0,817,0.9815051555633545,,,0.01086382009088993
2377,10.0,703,0.8545291423797607,,,0.009457399137318134
2378,6.0,763,0.9257998466491699,,,0.008707347325980663
2379,8.0,701,0.8487265110015869,,,0.01200704276561737
2380,19.0,1062,1.2843494415283203,,,0.00803783442825079
2381,10.0,811,0.9820520877838135,,,0.03249046579003334
2382,13.0,1117,1.3531129360198975,,,0.039548009634017944
2383,13.0,787,0.9503610134124756,,,0.004233154002577066
2384,12.0,886,1.0642282962799072,,,0.008224202319979668
2385,11.0,675,0.8247153759002686,,,0.0005690758116543293
2386,8.0,797,0.9840400218963623,,,0.007236542645841837
2387,15.0,1048,1.2553162574768066,,,0.0003618388727772981
2388,13.0,911,1.0905914306640625,,,0.0006005711038596928
2389,21.0,1068,1.2665321826934814,,,0.02259541116654873
2390,4.0,490,0.5833778381347656,,,0.010298161767423153
2391,7.0,634,0.756422758102417,,,0.01080191507935524
2392,5.0,513,0.6199822425842285,,,0.007425196003168821
2393,1.0,465,0.5755105018615723,,,0.011019706726074219
2394,9.0,816,0.9842302799224854,,,0.01832212135195732
2395,1.0,386,0.47057509422302246,,,0.011710681021213531
2396,10.0,897,1.0764856338500977,,,0.003981665708124638
2397,12.0,664,0.7917594909667969,,,0.012518794275820255
2398,1.0,399,0.4705052375793457,,,0.011854392476379871
2399,14.0,1006,1.1968483924865723,,,0.022641532123088837
2400,12.0,594,0.7065463066101074,,,0.007644570432603359
2401,4.0,629,0.7690911293029785,,,0.011290938593447208
2402,7.0,739,0.8967761993408203,,,0.011579927057027817
2403,8.0,815,0.9789447784423828,,,0.011040191166102886
2404,10.0,615,0.7519204616546631,,,0.0166001096367836
2405,4.0,585,0.7125985622406006,,,0.023620447143912315
2406,16.0,1027,1.2423372268676758,,,0.004323234315961599
2407,18.0,1029,1.232154130935669,,,0.010959669016301632
2408,18.0,1139,1.3410732746124268,,,0.0365285687148571
2409,4.0,391,0.4761221408843994,,,0.014095700345933437
2410,0.0,395,0.4842033386230469,,,0.020969847217202187
2411,7.0,514,0.618279218673706,,,0.008735005743801594
2412,17.0,1077,1.3053641319274902,,,0.026277758181095123
2413,17.0,1192,1.4451320171356201,,,0.014502040110528469
2414,20.0,1100,1.3293848037719727,,,0.011708623729646206
2415,7.0,636,0.764385461807251,,,0.00846417248249054
2416,1.0,347,0.4158613681793213,,,0.014198272489011288
2417,2.0,427,0.5142004489898682,,,0.003844659077003598
2418,14.0,959,1.1387054920196533,,,0.020160946995019913
2419,18.0,1067,1.2804229259490967,,,0.012915701605379581
2420,5.0,525,0.6447205543518066,,,0.0227145254611969
2421,6.0,629,0.7744934558868408,,,0.015346139669418335
2422,9.0,667,0.7971558570861816,,,0.01915797032415867
2423,22.0,1344,1.5882916450500488,,,0.030086729675531387
2424,8.0,675,0.8047053813934326,,,0.028338942676782608
2425,3.0,475,0.5834178924560547,,,0.0037503400817513466
2426,0.0,357,0.4272117614746094,,,0.025967832654714584
2427,2.0,459,0.5670230388641357,,,0.020841458812355995
2428,15.0,963,1.155956745147705,,,0.011629742570221424
2429,25.0,1064,1.270432472229004,,,0.017155345529317856
2430,18.0,1039,1.2333505153656006,,,0.0006375499069690704
2431,7.0,627,0.74971604347229,,,0.022141529247164726
2432,15.0,928,1.1203012466430664,,,0.013420332223176956
2433,4.0,593,0.727618932723999,,,0.02000044658780098
2434,11.0,885,1.075631856918335,,,0.008431613445281982
2435,12.0,700,0.8511245250701904,,,0.007494814693927765
2436,5.0,915,1.1118435859680176,,,0.03152184560894966
2437,2.0,353,0.43787264823913574,,,0.0217119213193655
2438,9.0,633,0.7659149169921875,,,0.015247161500155926
2439,3.0,404,0.48392271995544434,,,0.015174947679042816
2440,10.0,718,0.871605396270752,,,0.012054657563567162
2441,3.0,602,0.7340357303619385,,,0.013503225520253181
2442,13.0,1019,1.2422845363616943,,,0.012930956669151783
2443,17.0,897,1.0859830379486084,,,0.007438891101628542
2444,13.0,807,0.9595828056335449,,,0.01144021563231945
2445,8.0,666,0.7936410903930664,,,0.011420350521802902
2446,27.0,1505,1.7923121452331543,,,0.003941013943403959
2447,13.0,621,0.7583861351013184,,,0.01834564283490181
2448,15.0,917,1.1187851428985596,,,0.010964861139655113
2449,12.0,1006,1.2360613346099854,,,0.00408668490126729
2450,3.0,487,0.5932860374450684,,,0.005209834780544043
2451,12.0,757,0.9248867034912109,,,0.03654422610998154
2452,17.0,802,0.968369722366333,,,0.008768235333263874
2453,2.0,370,0.4470975399017334,,,0.004474934656172991
2454,26.0,1523,1.8222801685333252,,,0.02053910680115223
2455,7.0,650,0.7874248027801514,,,0.0049277907237410545
2456,13.0,642,0.7826595306396484,,,0.035502076148986816
2457,9.0,720,0.8742108345031738,,,0.013937791809439659
2458,1.0,491,0.5911462306976318,,,0.004223498981446028
2459,6.0,669,0.80763840675354,,,0.010981296189129353
2460,23.0,1279,1.5084941387176514,,,0.03440742939710617
2461,2.0,407,0.5003736019134521,,,0.011037335731089115
2462,2.0,532,0.6560311317443848,,,0.015760047361254692
2463,15.0,1031,1.2640163898468018,,,0.003995245322585106
2464,5.0,473,0.5831263065338135,,,0.007733065169304609
2465,2.0,476,0.5801856517791748,,,0.0010405922075733542
2466,4.0,625,0.7648851871490479,,,0.004468159284442663
2467,6.0,685,0.8329846858978271,,,0.013899579644203186
2468,11.0,695,0.8442950248718262,,,0.012301460839807987
2469,26.0,1701,2.0663070678710938,,,0.003718141932040453
2470,17.0,1003,1.2168374061584473,,,0.009413814172148705
2471,12.0,854,1.0381760597229004,,,0.0009319649543613195
2472,9.0,659,0.8015401363372803,,,0.0072379461489617825
2473,8.0,557,0.679340124130249,,,0.008420252241194248
2474,12.0,736,0.8975813388824463,,,0.014714895747601986
2475,17.0,960,1.171989917755127,,,0.0006047350470907986
2476,10.0,1049,1.2770099639892578,,,0.007735461927950382
2477,3.0,379,0.46929359436035156,,,0.016246609389781952
2478,6.0,723,0.8718678951263428,,,0.012470699846744537
2479,1.0,387,0.47256016731262207,,,0.015273051336407661
2480,6.0,537,0.6501290798187256,,,0.03809760883450508
2481,17.0,1017,1.2402756214141846,,,0.024146733805537224
2482,18.0,1073,1.287214994430542,,,0.0076744938269257545
2483,10.0,907,1.1068613529205322,,,0.015584172680974007
2484,13.0,800,0.9656984806060791,,,0.04275020211935043
2485,19.0,1107,1.3201746940612793,,,0.00425265496596694
2486,13.0,868,1.0314629077911377,,,0.004347683396190405
2487,8.0,878,1.0692520141601562,,,0.024087851867079735
2488,12.0,1211,1.465942621231079,,,0.0038215594831854105
2489,6.0,572,0.6960456371307373,,,0.007464165799319744
2490,17.0,1061,1.2803833484649658,,,0.028763748705387115
2491,2.0,397,0.480029821395874,,,0.027001764625310898
2492,18.0,881,1.0643153190612793,,,0.019160447642207146
2493,11.0,1113,1.368994951248169,,,0.007071328815072775
2494,7.0,622,0.7734613418579102,,,0.007064197212457657
2495,11.0,721,0.8850374221801758,,,0.00832443032413721
2496,19.0,1201,1.4541120529174805,,,0.004022093489766121
2497,20.0,1034,1.2564308643341064,,,0.004133691545575857
2498,10.0,1395,1.7012457847595215,,,0.020521605387330055
2499,14.0,1169,1.430501937866211,,,0.015356611460447311
2500,17.0,932,1.1343426704406738,,,0.008538276888430119
2501,20.0,1005,1.2255325317382812,,,0.015573319979012012
2502,1.0,405,0.49933600425720215,,,0.01123439334332943
2503,15.0,1044,1.2633283138275146,,,0.02501319907605648
2504,4.0,458,0.5601048469543457,,,0.015925072133541107
2505,1.0,353,0.4279360771179199,,,0.009935704991221428
2506,2.0,415,0.506295919418335,,,0.011710458435118198
2507,16.0,1129,1.3628780841827393,,,0.006738296244293451
2508,14.0,849,1.014695644378662,,,0.008176006376743317
2509,14.0,765,0.9316365718841553,,,0.006964662112295628
2510,11.0,795,0.9757626056671143,,,0.021927878260612488
2511,11.0,695,0.8590610027313232,,,0.008560258895158768
2512,6.0,689,0.8383293151855469,,,0.013900206424295902
2513,12.0,712,0.8705136775970459,,,0.021665450185537338
2514,13.0,1151,1.386833667755127,,,0.01160260196775198
2515,11.0,709,0.8605148792266846,,,0.007648045662790537
2516,23.0,937,1.1228792667388916,,,0.01552669983357191
2517,8.0,725,0.8616836071014404,,,0.003689790377393365
2518,17.0,1520,1.8189034461975098,,,0.014119339175522327
2519,18.0,838,1.0045928955078125,,,0.03508777543902397
2520,20.0,1018,1.219721794128418,,,0.003972392529249191
2521,9.0,829,0.9984703063964844,,,0.010504991747438908
2522,17.0,711,0.8496787548065186,,,0.0073593189008533955
2523,18.0,1109,1.3600234985351562,,,0.029162852093577385
2524,5.0,605,0.7358818054199219,,,0.009867437183856964
2525,1.0,373,0.46068477630615234,,,0.01102559082210064
2526,5.0,765,0.9379599094390869,,,0.014806598424911499
2527,-1.0,377,0.4515080451965332,,,0.010820928029716015
2528,3.0,416,0.508873701095581,,,0.03242927044630051
2529,14.0,962,1.1815457344055176,,,0.013447597622871399
2530,8.0,689,0.8441166877746582,,,0.015241039916872978
2531,13.0,935,1.15455961227417,,,0.01454758271574974
2532,3.0,452,0.5523467063903809,,,0.011667534708976746
2533,9.0,713,0.8614964485168457,,,0.0072555262595415115
2534,0.0,513,0.6197066307067871,,,0.014042898081243038
2535,4.0,553,0.6786952018737793,,,0.004517845809459686
2536,6.0,722,0.8692915439605713,,,0.013956291601061821
2537,8.0,645,0.7807841300964355,,,0.014063207432627678
2538,7.0,805,0.9657680988311768,,,0.0041491142474114895
2539,22.0,1412,1.6892335414886475,,,0.016279311850667
2540,26.0,1511,1.8386998176574707,,,0.011703141033649445
2541,17.0,913,1.1091704368591309,,,0.006730435881763697
2542,4.0,587,0.7226052284240723,,,0.011258288286626339
2543,4.0,391,0.4825315475463867,,,0.01469333190470934
2544,15.0,1139,1.3911700248718262,,,0.014379407279193401
2545,8.0,629,0.7643826007843018,,,0.008676057681441307
2546,1.0,471,0.5786643028259277,,,0.004348976071923971
2547,15.0,1187,1.4581117630004883,,,0.007703144568949938
2548,10.0,851,1.045292615890503,,,0.018904628232121468
2549,10.0,634,0.7730486392974854,,,0.004341882187873125
2550,10.0,849,1.0342860221862793,,,0.0005929007311351597
2551,16.0,766,0.9324402809143066,,,0.003921073861420155
2552,6.0,531,0.6604676246643066,,,0.010731449350714684
2553,10.0,671,0.829779863357544,,,0.003692508675158024
2554,4.0,454,0.5494973659515381,,,0.011523611843585968
2555,17.0,932,1.137773036956787,,,0.004944775719195604
2556,25.0,1116,1.3536279201507568,,,0.000857024802826345
2557,7.0,609,0.7429699897766113,,,0.004125849809497595
2558,1.0,641,0.7811269760131836,,,0.018819237127900124
2559,4.0,503,0.6196005344390869,,,0.007274323143064976
2560,4.0,581,0.710076093673706,,,0.007453767117112875
2561,5.0,634,0.7866458892822266,,,0.012008273974061012
2562,0.0,387,0.4784560203552246,,,0.004420393146574497
2563,7.0,380,0.47202372550964355,,,0.01165163516998291
2564,13.0,741,0.9181029796600342,,,0.004339905921369791
2565,10.0,1055,1.3070814609527588,,,0.024523328989744186
2566,3.0,614,0.7594530582427979,,,0.008231110870838165
2567,3.0,407,0.4968099594116211,,,0.010915227234363556
2568,2.0,849,1.0191078186035156,,,0.0394243523478508
2569,12.0,835,1.0368623733520508,,,0.01953952945768833
2570,2.0,355,0.43605899810791016,,,0.014684677124023438
2571,23.0,1110,1.3605976104736328,,,0.004495938774198294
2572,12.0,971,1.1826417446136475,,,0.015381268225610256
2573,1.0,419,0.507082462310791,,,0.007340185809880495
2574,11.0,688,0.8469486236572266,,,0.01991049200296402
2575,18.0,1101,1.349719762802124,,,0.007849038578569889
2576,4.0,671,0.8208553791046143,,,0.021332908421754837
2577,8.0,887,1.0967397689819336,,,0.03141607716679573
2578,13.0,1097,1.3473238945007324,,,0.007552219554781914
2579,6.0,683,0.8393023014068604,,,0.011057772673666477
2580,20.0,979,1.1887149810791016,,,0.004800657741725445
2581,14.0,1077,1.3098042011260986,,,0.029927121475338936
2582,3.0,375,0.46338486671447754,,,0.012486772611737251
2583,11.0,987,1.2165801525115967,,,0.018727663904428482
2584,23.0,1082,1.3213613033294678,,,0.003973051905632019
2585,6.0,477,0.5793628692626953,,,0.014682981185615063
2586,2.0,375,0.4589555263519287,,,0.0033653532154858112
2587,7.0,693,0.8450427055358887,,,0.0036632611881941557
2588,12.0,807,0.9957606792449951,,,0.003724494483321905
2589,11.0,705,0.8621501922607422,,,0.009602044709026814
2590,9.0,643,0.7855603694915771,,,0.008465147577226162
2591,24.0,1395,1.6644322872161865,,,0.030324120074510574
2592,1.0,361,0.43773651123046875,,,0.012862330302596092
2593,3.0,491,0.6066122055053711,,,0.007071077357977629
2594,4.0,517,0.6316869258880615,,,0.007579243741929531
2595,6.0,605,0.7361705303192139,,,0.011501144617795944
2596,12.0,1407,1.6905553340911865,,,0.012999413534998894
2597,26.0,1127,1.358520269393921,,,0.024555213749408722
2598,13.0,792,0.9755382537841797,,,0.050594400614500046
2599,18.0,899,1.1083474159240723,,,0.0007233142387121916
2600,14.0,687,0.8416306972503662,,,0.024218708276748657
2601,1.0,382,0.47293567657470703,,,0.0034052683040499687
2602,5.0,503,0.6034054756164551,,,0.004470637533813715
2603,12.0,642,0.783111572265625,,,0.005806793924421072
2604,2.0,364,0.4484109878540039,,,0.0031688876915723085
2605,23.0,1263,1.5476961135864258,,,0.0027947735507041216
2606,8.0,825,1.007561445236206,,,0.0316082201898098
2607,12.0,685,0.846543550491333,,,0.014666752889752388
2608,5.0,799,0.9810256958007812,,,0.023141467943787575
2609,4.0,399,0.4955019950866699,,,0.037801843136548996
2610,7.0,504,0.6188695430755615,,,0.019283819943666458
2611,10.0,824,1.0183680057525635,,,0.004528630990535021
2612,6.0,465,0.5679540634155273,,,0.011431011371314526
2613,7.0,505,0.6068291664123535,,,0.01098651997745037
2614,3.0,397,0.48473620414733887,,,0.02245534211397171
2615,8.0,675,0.8154456615447998,,,0.0075171771459281445
2616,3.0,595,0.7185015678405762,,,0.020226294174790382
2617,3.0,637,0.7759478092193604,,,0.010375497862696648
2618,13.0,865,1.0497956275939941,,,0.01617117039859295
2619,12.0,842,1.033707857131958,,,0.004372631199657917
2620,11.0,835,1.0287556648254395,,,0.011132294312119484
2621,7.0,662,0.8184797763824463,,,0.004344098269939423
2622,7.0,654,0.8028855323791504,,,0.0036191996186971664
2623,0.0,402,0.49530529975891113,,,0.014930238015949726
2624,16.0,967,1.1883985996246338,,,0.010151132009923458
2625,2.0,397,0.49121832847595215,,,0.004115057643502951
2626,4.0,535,0.6583595275878906,,,0.007556790020316839
2627,3.0,619,0.7580692768096924,,,0.021625317633152008
2628,10.0,851,1.0492961406707764,,,0.0126182334497571
2629,11.0,853,1.0540473461151123,,,0.018200214952230453
2630,17.0,1007,1.2410352230072021,,,0.010776006616652012
2631,7.0,796,0.977492094039917,,,0.011513279750943184
2632,16.0,836,1.0111756324768066,,,0.007333468645811081
2633,1.0,698,0.8579931259155273,,,0.0012591948034241796
2634,4.0,371,0.4616661071777344,,,0.0007362980395555496
2635,5.0,617,0.7599949836730957,,,0.02131940983235836
2636,21.0,1010,1.2368240356445312,,,0.010826332494616508
2637,8.0,721,0.8940718173980713,,,0.004321348387748003
2638,8.0,682,0.8357408046722412,,,0.01881546713411808
2639,9.0,778,0.9657917022705078,,,0.0158703476190567
2640,21.0,1096,1.3440375328063965,,,0.001030938234180212
2641,16.0,1010,1.246791124343872,,,0.007511326111853123
2642,2.0,361,0.4520432949066162,,,0.030285678803920746
2643,12.0,895,1.0942564010620117,,,0.014239855110645294
2644,7.0,734,0.9115300178527832,,,0.020378774031996727
2645,6.0,618,0.7571530342102051,,,0.00746562285348773
2646,6.0,637,0.7839510440826416,,,0.026791924610733986
2647,3.0,507,0.6281962394714355,,,0.017036333680152893
2648,13.0,888,1.0990524291992188,,,0.024159211665391922
2649,6.0,681,0.8414764404296875,,,0.00757955526933074
2650,5.0,636,0.7834446430206299,,,0.016902301460504532
2651,5.0,546,0.6770908832550049,,,0.007734355051070452
2652,16.0,856,1.0575711727142334,,,0.018781714141368866
2653,14.0,993,1.2040941715240479,,,0.0036335394252091646
2654,7.0,549,0.6702373027801514,,,0.007519387174397707
2655,21.0,1063,1.301849126815796,,,0.004337751772254705
2656,3.0,447,0.5524377822875977,,,0.008615203201770782
2657,2.0,457,0.5622694492340088,,,0.014925734139978886
2658,22.0,1084,1.320981740951538,,,0.011265055276453495
2659,11.0,1003,1.2201166152954102,,,0.0005878516822122037
2660,19.0,1012,1.2206168174743652,,,0.011816082522273064
2661,10.0,641,0.786672830581665,,,0.004057814832776785
2662,11.0,806,0.9786913394927979,,,0.007133671548217535
2663,8.0,803,0.9699952602386475,,,0.022188829258084297
2664,5.0,813,1.000049114227295,,,0.01762133464217186
2665,11.0,725,0.8811168670654297,,,0.01222151331603527
2666,17.0,822,0.9975666999816895,,,0.023011257871985435
2667,20.0,1169,1.4133360385894775,,,0.007856856100261211
2668,3.0,626,0.7572851181030273,,,0.004290269687771797
2669,1.0,419,0.5120599269866943,,,0.02820153348147869
2670,20.0,999,1.197084903717041,,,0.008700191043317318
2671,23.0,1337,1.6178383827209473,,,0.020703788846731186
2672,1.0,353,0.4346914291381836,,,0.008502037264406681
2673,2.0,363,0.4552500247955322,,,0.0048284814693033695
2674,8.0,660,0.8206131458282471,,,0.013818146660923958
2675,6.0,475,0.5956602096557617,,,0.00712113082408905
2676,2.0,402,0.49553728103637695,,,0.011270593851804733
2677,14.0,1093,1.3574450016021729,,,0.007957414723932743
2678,17.0,961,1.1886329650878906,,,0.0008680637110956013
2679,4.0,524,0.6453931331634521,,,0.022915353998541832
2680,30.0,1182,1.4336864948272705,,,0.005286439787596464
2681,21.0,1052,1.2884025573730469,,,0.01467397715896368
2682,1.0,463,0.5703117847442627,,,0.012651704251766205
2683,19.0,1337,1.63326096534729,,,0.018403764814138412
2684,6.0,604,0.7454342842102051,,,0.014349340461194515
2685,3.0,368,0.46146702766418457,,,0.00666046654805541
2686,13.0,1062,1.2959160804748535,,,0.011981519870460033
2687,12.0,750,0.9209928512573242,,,0.018417317420244217
2688,14.0,932,1.1413969993591309,,,0.010728721506893635
2689,0.0,346,0.4300534725189209,,,0.009794921614229679
2690,6.0,505,0.6163632869720459,,,0.025795862078666687
2691,4.0,541,0.649848222732544,,,0.00979625340551138
2692,9.0,846,1.0290017127990723,,,0.017244020476937294
2693,7.0,669,0.8249626159667969,,,0.00761025445535779
2694,15.0,950,1.1491148471832275,,,0.004612226039171219
2695,8.0,635,0.7841010093688965,,,0.04200112819671631
2696,9.0,681,0.830033540725708,,,0.004497545771300793
2697,9.0,847,1.0547590255737305,,,0.0157017782330513
2698,11.0,685,0.8508636951446533,,,0.00848004687577486
2699,11.0,662,0.8135049343109131,,,0.011823120526969433
2700,16.0,952,1.1670682430267334,,,0.003783145919442177
2701,4.0,653,0.8035566806793213,,,0.004158164374530315
2702,8.0,693,0.8485827445983887,,,0.0005103161092847586
2703,1.0,439,0.5446207523345947,,,0.027344895526766777
2704,12.0,1103,1.3628630638122559,,,0.013087787665426731
2705,7.0,779,0.9588644504547119,,,0.0006238162750378251
2706,4.0,610,0.7553329467773438,,,0.004651219584047794
2707,14.0,1088,1.34661865234375,,,0.004701787140220404
2708,7.0,601,0.7389094829559326,,,0.002044996479526162
2709,1.0,537,0.6473824977874756,,,0.015115022659301758
2710,3.0,443,0.5324702262878418,,,0.01813465915620327
2711,16.0,941,1.1436488628387451,,,0.02533964067697525
2712,5.0,476,0.5698461532592773,,,0.009495193138718605
2713,11.0,705,0.8597507476806641,,,0.015096831135451794
2714,3.0,535,0.6569504737854004,,,0.0041765328496694565
2715,11.0,812,0.9733116626739502,,,0.009717336855828762
2716,11.0,816,0.9968011379241943,,,0.018129540607333183
2717,12.0,825,1.0010173320770264,,,0.004435142036527395
2718,12.0,912,1.131617784500122,,,0.016230516135692596
2719,22.0,1047,1.2892727851867676,,,0.007510453462600708
2720,3.0,411,0.5146820545196533,,,0.010417314246296883
2721,15.0,895,1.1084816455841064,,,0.012520180083811283
2722,10.0,1130,1.3906421661376953,,,0.032404739409685135
2723,11.0,671,0.8258163928985596,,,0.018195800483226776
2724,2.0,479,0.5842978954315186,,,0.009037669748067856
2725,8.0,667,0.8233795166015625,,,0.022960403934121132
2726,17.0,1168,1.4462766647338867,,,0.005614126566797495
2727,11.0,949,1.1700873374938965,,,0.007237615063786507
2728,13.0,999,1.2297863960266113,,,0.01615426503121853
2729,6.0,690,0.8571796417236328,,,0.017552964389324188
2730,6.0,751,0.9229612350463867,,,0.02675960399210453
2731,17.0,1086,1.3257527351379395,,,0.00046851186198182404
2732,14.0,919,1.1138522624969482,,,0.010689638555049896
2733,2.0,352,0.426771879196167,,,0.007775695063173771
2734,16.0,859,1.071842908859253,,,0.019725251942873
2735,13.0,887,1.0996053218841553,,,0.010733063332736492
2736,4.0,513,0.6369528770446777,,,0.029661133885383606
2737,7.0,661,0.8223938941955566,,,0.013347317464649677
2738,10.0,867,1.0669023990631104,,,0.028483984991908073
2739,24.0,1089,1.3368985652923584,,,0.0007552047027274966
2740,6.0,583,0.7281463146209717,,,0.012728940695524216
2741,24.0,1217,1.505580186843872,,,0.014083094894886017
2742,18.0,1039,1.2855472564697266,,,0.012539172545075417
2743,6.0,649,0.8030960559844971,,,0.005004115868359804
2744,7.0,843,1.0480196475982666,,,0.006651407573372126
2745,14.0,973,1.2048654556274414,,,0.010614783503115177
2746,15.0,915,1.125852346420288,,,0.004624545574188232
2747,12.0,930,1.149440050125122,,,0.004232502542436123
2748,1.0,387,0.47049856185913086,,,0.008386691100895405
2749,18.0,1175,1.4554674625396729,,,0.017695652320981026
2750,6.0,506,0.6123979091644287,,,0.013700485229492188
2751,9.0,702,0.8610191345214844,,,0.007678935304284096
2752,10.0,651,0.7980813980102539,,,0.014343076385557652
2753,14.0,975,1.1895923614501953,,,0.0034083370119333267
2754,15.0,631,0.7818958759307861,,,0.004307445604354143
2755,12.0,933,1.1339750289916992,,,0.010647482238709927
2756,17.0,1132,1.3831348419189453,,,0.01939471624791622
2757,11.0,960,1.183316707611084,,,0.011029473505914211
2758,14.0,975,1.1908063888549805,,,0.053290072828531265
2759,14.0,1089,1.3302676677703857,,,0.024853574112057686
2760,8.0,667,0.8181190490722656,,,0.025804739445447922
2761,26.0,1784,2.1702234745025635,,,0.004225580953061581
2762,26.0,1465,1.788475751876831,,,0.0007387854857370257
2763,4.0,633,0.7895071506500244,,,0.011300121434032917
2764,29.0,1428,1.7346038818359375,,,0.007296462077647448
2765,5.0,425,0.5278308391571045,,,0.009522181935608387
2766,12.0,803,0.9964468479156494,,,0.014786587096750736
2767,3.0,381,0.4739692211151123,,,0.013191819190979004
2768,7.0,638,0.7980360984802246,,,0.008793983608484268
2769,26.0,1161,1.4235117435455322,,,0.02641286328434944
2770,10.0,707,0.8853578567504883,,,0.0049848235212266445
2771,3.0,504,0.6295931339263916,,,0.0005399371730163693
2772,17.0,1081,1.3539741039276123,,,0.011619404889643192
2773,11.0,635,0.7935717105865479,,,0.014685383066534996
2774,5.0,687,0.84385085105896,,,0.02558601088821888
2775,1.0,387,0.47413110733032227,,,0.02114342711865902
2776,21.0,960,1.1620914936065674,,,0.022234344854950905
2777,1.0,394,0.49930715560913086,,,0.021185124292969704
2778,1.0,373,0.4587740898132324,,,0.007022626232355833
2779,3.0,374,0.46338462829589844,,,0.008552421815693378
2780,24.0,1159,1.413686990737915,,,0.013189594261348248
2781,12.0,881,1.0959193706512451,,,0.017614882439374924
2782,5.0,602,0.7429249286651611,,,0.00731170829385519
2783,25.0,1243,1.5046074390411377,,,0.007145817391574383
2784,12.0,779,0.9543485641479492,,,0.009687695652246475
2785,8.0,665,0.8201785087585449,,,0.0040217190980911255
2786,18.0,864,1.0595340728759766,,,0.010972145944833755
2787,1.0,370,0.45465898513793945,,,0.011926036328077316
2788,6.0,679,0.834101676940918,,,0.01095821987837553
2789,9.0,707,0.8650662899017334,,,0.03433188796043396
2790,7.0,639,0.7759675979614258,,,0.007273842114955187
2791,6.0,659,0.8264970779418945,,,0.00792772602289915
2792,18.0,1175,1.4593441486358643,,,0.0068046944215893745
2793,14.0,1013,1.2608318328857422,,,0.004641679581254721
2794,10.0,724,0.9132039546966553,,,0.0070603229105472565
2795,8.0,723,0.9076611995697021,,,0.022176144644618034
2796,9.0,671,0.8389146327972412,,,0.0008395318873226643
2797,8.0,676,0.8445906639099121,,,0.00990292988717556
2798,9.0,801,0.9938278198242188,,,0.0040566204115748405
2799,3.0,413,0.5186715126037598,,,0.0008355031604878604
2800,6.0,669,0.8401670455932617,,,0.011828328482806683
2801,19.0,1256,1.5648784637451172,,,0.00886050146073103
2802,14.0,833,1.031486988067627,,,0.008390487171709538
2803,5.0,653,0.8148314952850342,,,0.0005826218985021114
2804,22.0,1077,1.3286402225494385,,,0.02735760062932968
2805,12.0,937,1.1728413105010986,,,0.020310338586568832
2806,16.0,1072,1.3403444290161133,,,0.008769713342189789
2807,10.0,610,0.7635176181793213,,,0.0007690018974244595
2808,23.0,1157,1.427051305770874,,,0.01104806363582611
2809,16.0,923,1.134497880935669,,,0.019080152735114098
2810,12.0,919,1.136390209197998,,,0.01590321585536003
2811,18.0,890,1.109452724456787,,,0.011765030212700367
2812,8.0,815,1.027681589126587,,,0.005254060961306095
2813,6.0,641,0.8140368461608887,,,0.016773151233792305
2814,16.0,797,0.9875693321228027,,,0.02518727257847786
2815,18.0,851,1.062288522720337,,,0.011986223980784416
2816,1.0,412,0.5020525455474854,,,0.0046961307525634766
2817,6.0,673,0.8396155834197998,,,0.007764254696667194
2818,8.0,618,0.7744176387786865,,,0.028858380392193794
2819,3.0,419,0.5243299007415771,,,0.036955542862415314
2820,7.0,791,0.9783954620361328,,,0.019024573266506195
2821,9.0,659,0.8229198455810547,,,0.014608302153646946
2822,11.0,811,1.0047354698181152,,,0.0071796211414039135
2823,7.0,629,0.7908499240875244,,,0.01854502223432064
2824,4.0,457,0.5727150440216064,,,0.012525548227131367
2825,10.0,696,0.9050805568695068,,,0.008739048615098
2826,0.0,521,0.6544222831726074,,,0.004489675164222717
2827,10.0,711,0.893263578414917,,,0.010801314376294613
2828,8.0,756,0.9369850158691406,,,0.03269146382808685
2829,8.0,702,0.8833181858062744,,,0.01748969778418541
2830,22.0,1018,1.2662131786346436,,,0.004145010374486446
2831,5.0,655,0.8195450305938721,,,0.014835864305496216
2832,4.0,435,0.5424962043762207,,,0.010760334320366383
2833,0.0,345,0.4349629878997803,,,0.007344680838286877
2834,13.0,795,0.9906949996948242,,,0.0007265000604093075
2835,14.0,993,1.237497091293335,,,0.022730449214577675
2836,10.0,627,0.7786235809326172,,,0.007541827857494354
2837,8.0,663,0.835395336151123,,,0.0009899288415908813
2838,9.0,808,1.0147454738616943,,,0.007783710956573486
2839,21.0,1084,1.3431875705718994,,,0.013215048238635063
2840,21.0,1149,1.4201781749725342,,,0.016056491062045097
2841,15.0,965,1.2078557014465332,,,0.0007594095659442246
2842,3.0,572,0.7224104404449463,,,0.01636737771332264
2843,23.0,1379,1.707731008529663,,,0.0036572564858943224
2844,6.0,852,1.0500679016113281,,,0.004164697602391243
2845,7.0,653,0.8135576248168945,,,0.028404476121068
2846,14.0,1270,1.5989184379577637,,,0.010587049648165703
2847,5.0,523,0.6502635478973389,,,0.007784666493535042
2848,6.0,650,0.8117585182189941,,,0.017304670065641403
2849,2.0,383,0.4817671775817871,,,0.004571198020130396
2850,8.0,623,0.7847959995269775,,,0.015518180094659328
2851,10.0,648,0.8116040229797363,,,0.020126376301050186
2852,22.0,1238,1.5285661220550537,,,0.01229409035295248
2853,13.0,945,1.1852846145629883,,,0.006779896095395088
2854,13.0,807,1.0193486213684082,,,0.010891220532357693
2855,18.0,998,1.243687629699707,,,0.026617448776960373
2856,24.0,1491,1.818089485168457,,,0.008196821436285973
2857,22.0,1063,1.3317961692810059,,,0.010142316110432148
2858,10.0,641,0.803429126739502,,,0.05599566921591759
2859,19.0,1036,1.300403356552124,,,0.012870858423411846
2860,9.0,791,0.9933130741119385,,,0.004256673622876406
2861,10.0,641,0.7962605953216553,,,0.004812111612409353
2862,19.0,1029,1.2704429626464844,,,0.013848960399627686
2863,15.0,723,0.8891801834106445,,,0.008378749713301659
2864,4.0,418,0.5215311050415039,,,0.007303482387214899
2865,7.0,804,1.013953447341919,,,0.019633376970887184
2866,4.0,625,0.7805016040802002,,,0.021510981023311615
2867,23.0,1031,1.275970697402954,,,0.007649571634829044
2868,7.0,516,0.6433689594268799,,,0.007835357449948788
2869,16.0,877,1.1026902198791504,,,0.004201729316264391
2870,12.0,648,0.8030829429626465,,,0.008893520571291447
2871,14.0,863,1.0720839500427246,,,0.012032139115035534
2872,2.0,531,0.6724538803100586,,,0.012050143443048
2873,13.0,744,0.929556131362915,,,0.007321152836084366
2874,17.0,1117,1.4009580612182617,,,0.006962325423955917
2875,21.0,1199,1.4924840927124023,,,0.013571291230618954
2876,0.0,480,0.6039571762084961,,,0.010542772710323334
2877,11.0,943,1.1677324771881104,,,0.007398124318569899
2878,1.0,402,0.5029575824737549,,,0.013855118304491043
2879,7.0,613,0.7573883533477783,,,0.004187261685729027
2880,16.0,919,1.1431958675384521,,,0.007122889161109924
2881,25.0,1425,1.7420873641967773,,,0.029281646013259888
2882,9.0,726,0.9014866352081299,,,0.007194184232503176
2883,6.0,698,0.8751919269561768,,,0.013368271291255951
2884,5.0,567,0.716167688369751,,,0.021265855059027672
2885,10.0,621,0.7826604843139648,,,0.025328919291496277
2886,2.0,527,0.6700983047485352,,,0.008189497515559196
2887,26.0,1333,1.6573548316955566,,,0.011467530392110348
2888,8.0,666,0.8424928188323975,,,0.003987512551248074
2889,16.0,1131,1.4180524349212646,,,0.006737312767654657
2890,7.0,876,1.0905561447143555,,,0.041301179677248
2891,10.0,795,0.9967288970947266,,,0.007931387051939964
2892,6.0,673,0.842850923538208,,,0.011584820225834846
2893,0.0,492,0.614539384841919,,,0.007780625484883785
2894,0.0,358,0.4477250576019287,,,0.010250143706798553
2895,4.0,373,0.4669978618621826,,,0.007142876274883747
2896,6.0,649,0.8075771331787109,,,0.0070497686974704266
2897,13.0,637,0.793546199798584,,,0.02278059534728527
2898,20.0,971,1.204796552658081,,,0.004747149534523487
2899,3.0,372,0.4647073745727539,,,0.014835984446108341
2900,10.0,743,0.9188737869262695,,,0.010748903267085552
2901,15.0,1017,1.2489895820617676,,,0.0227464959025383
2902,5.0,581,0.7186343669891357,,,0.01946854032576084
2903,19.0,1071,1.3269360065460205,,,0.010299209505319595
2904,1.0,552,0.6853029727935791,,,0.016360566020011902
2905,8.0,692,0.868654727935791,,,0.011420960538089275
2906,12.0,835,1.0392811298370361,,,0.017957167699933052
2907,2.0,521,0.6520626544952393,,,0.0010307024931535125
2908,20.0,1101,1.370535135269165,,,0.026070810854434967
2909,1.0,493,0.6269354820251465,,,0.015002946369349957
2910,19.0,1164,1.453216314315796,,,0.004123341757804155
2911,11.0,959,1.2046644687652588,,,0.020708438009023666
2912,3.0,386,0.4918525218963623,,,0.023468593135476112
2913,8.0,687,0.8554418087005615,,,0.009262035600841045
2914,9.0,705,0.891085147857666,,,0.008341466076672077
2915,9.0,740,0.9349005222320557,,,0.027400538325309753
2916,11.0,705,0.8868899345397949,,,0.02615327201783657
2917,9.0,519,0.6538362503051758,,,0.004082296974956989
2918,10.0,692,0.873755931854248,,,0.005178321152925491
2919,-1.0,435,0.5446326732635498,,,0.025068538263440132
2920,8.0,553,0.6976442337036133,,,0.01158803328871727
2921,6.0,716,0.8821783065795898,,,0.0035949209704995155
2922,10.0,947,1.1666269302368164,,,0.004409088287502527
2923,15.0,1076,1.3423528671264648,,,0.00048278551548719406
2924,15.0,1123,1.3981354236602783,,,0.023421883583068848
2925,4.0,576,0.7259368896484375,,,0.007729033008217812
2926,11.0,840,1.0484473705291748,,,0.010969857685267925
2927,7.0,479,0.6071639060974121,,,0.013905077241361141
2928,12.0,739,0.9110875129699707,,,0.01090447697788477
2929,3.0,594,0.7378759384155273,,,0.003973451443016529
2930,9.0,535,0.6642370223999023,,,0.004618212580680847
2931,14.0,657,0.8172001838684082,,,0.0068109058775007725
2932,28.0,1331,1.6366586685180664,,,0.0076519036665558815
2933,3.0,474,0.5972933769226074,,,0.03248316049575806
2934,4.0,613,0.7514698505401611,,,0.04345295578241348
2935,27.0,1267,1.5567653179168701,,,0.007725337520241737
2936,10.0,687,0.8569145202636719,,,0.008597164414823055
2937,2.0,371,0.46133875846862793,,,0.004664568230509758
2938,10.0,1090,1.355790615081787,,,0.014062697999179363
2939,22.0,1215,1.4913156032562256,,,0.020725304260849953
2940,11.0,651,0.8067276477813721,,,0.007330961525440216
2941,4.0,505,0.6270811557769775,,,0.01216412428766489
2942,5.0,527,0.6551454067230225,,,0.010820751078426838
2943,4.0,519,0.655850887298584,,,0.016849737614393234
2944,7.0,609,0.7439141273498535,,,0.029731828719377518
2945,5.0,598,0.735694408416748,,,0.007486673537641764
2946,9.0,690,0.8502724170684814,,,0.007642799522727728
2947,4.0,403,0.4960782527923584,,,0.015434558503329754
2948,8.0,639,0.7987573146820068,,,0.029115574434399605
2949,15.0,913,1.1366541385650635,,,0.02126571349799633
2950,11.0,706,0.8754653930664062,,,0.007872463203966618
2951,12.0,635,0.781484842300415,,,0.017705006524920464
2952,13.0,925,1.1520991325378418,,,0.007318719755858183
2953,6.0,616,0.7676851749420166,,,0.0202216524630785
2954,10.0,967,1.1944026947021484,,,0.007117390166968107
2955,10.0,905,1.1234147548675537,,,0.007049452047795057
2956,6.0,512,0.6378483772277832,,,0.005925282370299101
2957,12.0,649,0.8140931129455566,,,0.02304648794233799
2958,11.0,919,1.1555538177490234,,,0.014874832704663277
2959,12.0,931,1.1649158000946045,,,0.02012563683092594
2960,14.0,831,1.0450704097747803,,,0.0009373050415888429
2961,3.0,585,0.7438058853149414,,,0.007600490935146809
2962,12.0,941,1.1856822967529297,,,0.0181521475315094
2963,19.0,1037,1.3074750900268555,,,0.010148686356842518
2964,-2.0,515,0.6554923057556152,,,0.009739675559103489
2965,3.0,586,0.7427332401275635,,,0.025006050243973732
2966,6.0,637,0.810596227645874,,,0.006806062068790197
2967,5.0,629,0.7981448173522949,,,0.003942512441426516
2968,7.0,611,0.7657895088195801,,,0.007252934854477644
2969,9.0,675,0.8590097427368164,,,0.008206324651837349
2970,11.0,818,1.0247585773468018,,,0.0041260188445448875
2971,12.0,885,1.119452714920044,,,0.010284850373864174
2972,1.0,331,0.41816234588623047,,,0.007066807243973017
2973,8.0,685,0.8701181411743164,,,0.016856152564287186
2974,4.0,493,0.628638505935669,,,0.007347287610173225
2975,24.0,1213,1.5184710025787354,,,0.007747086696326733
2976,14.0,777,0.9825859069824219,,,0.006646464578807354
2977,6.0,633,0.8002126216888428,,,0.004919378086924553
2978,18.0,1067,1.339247703552246,,,0.026695581153035164
2979,20.0,1111,1.3864338397979736,,,0.026352722197771072
2980,2.0,371,0.47663331031799316,,,0.02615903876721859
2981,4.0,570,0.7099392414093018,,,0.021760400384664536
2982,7.0,504,0.639162540435791,,,0.005527852103114128
2983,17.0,1009,1.2823820114135742,,,0.010754900053143501
2984,12.0,734,0.9228899478912354,,,0.014465752989053726
2985,9.0,667,0.8551263809204102,,,0.011206993833184242
2986,4.0,542,0.6892557144165039,,,0.0038862000219523907
2987,2.0,384,0.4873077869415283,,,0.003400293877348304
2988,11.0,696,0.8896503448486328,,,0.01873794198036194
2989,21.0,1075,1.3557462692260742,,,0.02042718604207039
2990,12.0,915,1.1593000888824463,,,0.02716229297220707
2991,23.0,1134,1.4229917526245117,,,0.013302857987582684
2992,14.0,697,0.872323751449585,,,0.006682681385427713
2993,17.0,1054,1.327805995941162,,,0.032765235751867294
2994,5.0,498,0.6291229724884033,,,0.011273132637143135
2995,25.0,1244,1.5550651550292969,,,0.0039491490460932255
2996,8.0,641,0.8101260662078857,,,0.005284026265144348
2997,13.0,632,0.7944307327270508,,,0.0041903420351445675
2998,8.0,676,0.8560936450958252,,,0.030593454837799072
2999,2.0,374,0.47641921043395996,,,0.013627688400447369
3000,13.0,983,1.2544734477996826,,,0.004372274503111839
3001,4.0,830,1.051666021347046,,,0.018724052235484123
3002,21.0,947,1.206347942352295,,,0.015828337520360947
3003,6.0,373,0.4756035804748535,,,0.004722256679087877
3004,17.0,1101,1.3931200504302979,,,0.03250529617071152
3005,11.0,1095,1.3964917659759521,,,0.004536387510597706
3006,3.0,399,0.505429744720459,,,0.014347587712109089
3007,8.0,512,0.6440539360046387,,,0.03394988551735878
3008,20.0,1208,1.5187053680419922,,,0.017349345609545708
3009,7.0,623,0.7914152145385742,,,0.028766347095370293
3010,21.0,1143,1.4438464641571045,,,0.02660208009183407
3011,11.0,674,0.8513326644897461,,,0.007325801998376846
3012,11.0,638,0.8178765773773193,,,0.00541240070015192
3013,8.0,651,0.8395562171936035,,,0.007790993899106979
3014,10.0,638,0.8056275844573975,,,0.000837992352899164
3015,21.0,1222,1.539421558380127,,,0.017872968688607216
3016,18.0,1153,1.4391875267028809,,,0.010587438009679317
3017,12.0,659,0.8351621627807617,,,0.0006661471561528742
3018,11.0,793,1.0040974617004395,,,0.02333126589655876
3019,2.0,355,0.4512293338775635,,,0.007422372233122587
3020,10.0,688,0.8666086196899414,,,0.010955982841551304
3021,8.0,687,0.8691306114196777,,,0.0138193154707551
3022,9.0,612,0.7730128765106201,,,0.0007965383701957762
3023,6.0,449,0.5745275020599365,,,0.02028234302997589
3024,8.0,710,0.9031479358673096,,,0.015175772830843925
3025,13.0,675,0.8538525104522705,,,0.007864147424697876
3026,2.0,370,0.467235803604126,,,0.01594594493508339
3027,10.0,811,1.0291337966918945,,,0.012716621160507202
3028,11.0,659,0.8355154991149902,,,0.017377056181430817
3029,15.0,1144,1.429495096206665,,,0.0035316296853125095
3030,14.0,743,0.9302432537078857,,,0.0036863067653030157
3031,4.0,369,0.46425437927246094,,,0.007563118822872639
3032,16.0,1051,1.3262395858764648,,,0.03203967586159706
3033,6.0,639,0.8079216480255127,,,0.019667256623506546
3034,18.0,877,1.1152498722076416,,,0.01897331140935421
3035,7.0,738,0.9392378330230713,,,0.01473650336265564
3036,3.0,481,0.6097595691680908,,,0.010677419602870941
3037,12.0,677,0.8464407920837402,,,0.024192703887820244
3038,24.0,1371,1.6848444938659668,,,0.01313459686934948
3039,8.0,682,0.8702960014343262,,,0.028462108224630356
3040,5.0,718,0.9101941585540771,,,0.014908088371157646
3041,20.0,1278,1.6159825325012207,,,0.020286500453948975
3042,10.0,828,1.0561723709106445,,,0.020404282957315445
3043,10.0,672,0.8567004203796387,,,0.010291744023561478
3044,18.0,827,1.0484707355499268,,,0.02721966989338398
3045,20.0,1171,1.484074592590332,,,0.007254329044371843
3046,6.0,499,0.631608247756958,,,0.009080874733626842
3047,15.0,705,0.8868520259857178,,,0.016332561150193214
3048,4.0,533,0.6759719848632812,,,0.008233479224145412
3049,5.0,516,0.6594798564910889,,,0.02649580128490925
3050,5.0,624,0.7828142642974854,,,0.022783195599913597
3051,15.0,1229,1.5391197204589844,,,0.0064087784849107265
3052,12.0,829,1.0323317050933838,,,0.01114870049059391
3053,22.0,1010,1.274606466293335,,,0.01110935676842928
3054,10.0,784,0.9977385997772217,,,0.012330862693488598
3055,3.0,374,0.47519588470458984,,,0.034570492804050446
3056,26.0,1227,1.547285795211792,,,0.012158306315541267
3057,10.0,621,0.7878725528717041,,,0.01477526780217886
3058,3.0,416,0.5292172431945801,,,0.011350557208061218
3059,6.0,512,0.6553211212158203,,,0.008164583705365658
3060,8.0,665,0.8267529010772705,,,0.0073785134591162205
3061,21.0,1163,1.4475507736206055,,,0.01637422852218151
3062,22.0,1095,1.3634140491485596,,,0.015841467306017876
3063,13.0,913,1.1317551136016846,,,0.019276736304163933
3064,3.0,530,0.6669197082519531,,,0.01407214067876339
3065,10.0,911,1.1399095058441162,,,0.007665257900953293
3066,2.0,393,0.5088310241699219,,,0.022762471809983253
3067,8.0,583,0.7393367290496826,,,0.008667225018143654
3068,11.0,764,0.9515645503997803,,,0.004745695274323225
3069,16.0,820,1.0167367458343506,,,0.011092808097600937
3070,8.0,659,0.8231925964355469,,,0.02080046944320202
3071,6.0,643,0.8158035278320312,,,0.020730961114168167
3072,14.0,984,1.2356200218200684,,,0.04096746817231178
3073,7.0,640,0.8125548362731934,,,0.010329725220799446
3074,11.0,705,0.8916895389556885,,,0.015184101648628712
3075,17.0,1046,1.32206392288208,,,0.012546492740511894
3076,17.0,924,1.1782569885253906,,,0.014741211198270321
3077,2.0,373,0.4796586036682129,,,0.007811208721250296
3078,7.0,603,0.7681629657745361,,,0.004137890879064798
3079,8.0,634,0.810509443283081,,,0.013580461964011192
3080,8.0,667,0.8581602573394775,,,0.025761254131793976
3081,13.0,941,1.190624713897705,,,0.008089788258075714
3082,13.0,1019,1.2820565700531006,,,0.00423379335552454
3083,-1.0,403,0.5110316276550293,,,0.0107267489656806
3084,7.0,489,0.6172590255737305,,,0.011633762158453465
3085,17.0,948,1.1989448070526123,,,0.016996756196022034
3086,16.0,921,1.1596899032592773,,,0.004064132459461689
3087,12.0,648,0.8171868324279785,,,0.01579662598669529
3088,2.0,633,0.7983505725860596,,,0.000982389086857438
3089,20.0,1235,1.5650734901428223,,,0.027958376333117485
3090,1.0,437,0.5543107986450195,,,0.007121280301362276
3091,3.0,403,0.5030033588409424,,,0.009317506104707718
3092,3.0,347,0.4413330554962158,,,0.015754060819745064
3093,0.0,437,0.557427167892456,,,0.021653056144714355
3094,23.0,1003,1.2649590969085693,,,0.019633937627077103
3095,4.0,526,0.6742737293243408,,,0.0037680843379348516
3096,0.0,350,0.45118236541748047,,,0.01605401374399662
3097,24.0,1185,1.477872610092163,,,0.018885381519794464
3098,13.0,937,1.1892225742340088,,,0.015193254686892033
3099,3.0,701,0.895066499710083,,,0.010974814184010029
3100,20.0,1019,1.2697153091430664,,,0.00942743755877018
3101,6.0,581,0.7343735694885254,,,0.009542384184896946
3102,20.0,1110,1.3944196701049805,,,0.006924337707459927
3103,10.0,717,0.8982822895050049,,,0.003664924530312419
3104,7.0,647,0.8097560405731201,,,0.008764070458710194
3105,7.0,586,0.752561092376709,,,0.02576650306582451
3106,6.0,389,0.49367690086364746,,,0.01457158662378788
3107,10.0,801,1.0213196277618408,,,0.01987430267035961
3108,2.0,400,0.515383243560791,,,0.011352740228176117
3109,6.0,676,0.8703591823577881,,,0.008682544343173504
3110,25.0,1650,2.082305431365967,,,0.01321183517575264
3111,16.0,969,1.2383558750152588,,,0.011399615556001663
3112,6.0,503,0.6498887538909912,,,0.01813429221510887
3113,16.0,806,1.0289194583892822,,,0.012155287899076939
3114,14.0,1123,1.4276018142700195,,,0.014227242209017277
3115,8.0,709,0.9041316509246826,,,0.004950294271111488
3116,20.0,1180,1.488060712814331,,,0.0008662017644383013
3117,11.0,639,0.8193585872650146,,,0.004299320746213198
3118,3.0,406,0.5233149528503418,,,0.006923356093466282
3119,12.0,1053,1.3378784656524658,,,0.004727995488792658
3120,6.0,625,0.7828593254089355,,,0.01736900396645069
3121,24.0,1481,1.825495719909668,,,0.018775872886180878
3122,5.0,377,0.4714820384979248,,,0.007149323355406523
3123,11.0,1035,1.314873456954956,,,0.014483213424682617
3124,10.0,819,1.035754919052124,,,0.0041816807352006435
3125,10.0,696,0.8893849849700928,,,0.01694818213582039
3126,18.0,856,1.1003835201263428,,,0.01154016051441431
3127,11.0,693,0.8811867237091064,,,0.010638324543833733
3128,7.0,1015,1.2938604354858398,,,0.007772891316562891
3129,6.0,669,0.8562407493591309,,,0.04073784872889519
3130,21.0,1138,1.4375109672546387,,,0.004736121743917465
3131,29.0,1407,1.7622790336608887,,,0.02272009663283825
3132,5.0,371,0.4686620235443115,,,0.0008915003854781389
3133,-1.0,386,0.4887406826019287,,,0.0106879947707057
3134,3.0,451,0.5733642578125,,,0.0028899405151605606
3135,8.0,669,0.8625657558441162,,,0.03152574598789215
3136,0.0,327,0.41455769538879395,,,0.032087571918964386
3137,21.0,1060,1.3615834712982178,,,0.0077309575863182545
3138,12.0,701,0.8970053195953369,,,0.009999615140259266
3139,15.0,781,0.9952285289764404,,,0.015551087446510792
3140,1.0,308,0.3932657241821289,,,0.02420158125460148
3141,13.0,895,1.1403045654296875,,,0.004240171518176794
3142,20.0,1096,1.3942584991455078,,,0.006533024366945028
3143,4.0,687,0.8749077320098877,,,0.03153964504599571
3144,14.0,961,1.2312536239624023,,,0.03052552230656147
3145,5.0,671,0.8613307476043701,,,0.011647854000329971
3146,19.0,1082,1.3806571960449219,,,0.007920178584754467
3147,2.0,363,0.4626140594482422,,,0.012815004214644432
3148,7.0,807,1.0245542526245117,,,0.01881537213921547
3149,8.0,772,0.9990265369415283,,,0.0005504150176420808
3150,6.0,517,0.6669533252716064,,,0.013819422572851181
3151,13.0,672,0.8523352146148682,,,0.010655529797077179
3152,3.0,467,0.5994842052459717,,,0.001292521134018898
3153,9.0,600,0.7676446437835693,,,0.010594452731311321
3154,6.0,522,0.674903154373169,,,0.012207015417516232
3155,3.0,357,0.45630335807800293,,,0.004014721140265465
3156,8.0,748,0.9548273086547852,,,0.014330384321510792
3157,10.0,833,1.0704257488250732,,,0.007826193235814571
3158,2.0,383,0.4927949905395508,,,0.013386170379817486
3159,19.0,919,1.1524291038513184,,,0.0015087708598002791
3160,5.0,819,1.0327341556549072,,,0.006515806540846825
3161,21.0,1152,1.439681053161621,,,0.0036155306734144688
3162,2.0,417,0.5201940536499023,,,0.0005610359366983175
3163,10.0,691,0.8689908981323242,,,0.008526667021214962
3164,10.0,806,1.0173873901367188,,,0.0009725771378725767
3165,7.0,715,0.9193711280822754,,,0.007122977636754513
3166,8.0,692,0.8928754329681396,,,0.007751512806862593
3167,20.0,1151,1.4679539203643799,,,0.0068003349006175995
3168,6.0,635,0.8030924797058105,,,0.02419615164399147
3169,9.0,707,0.9000914096832275,,,0.004687065724283457
3170,13.0,913,1.1563949584960938,,,0.02662806026637554
3171,13.0,985,1.2512171268463135,,,0.004130790010094643
3172,12.0,738,0.9385344982147217,,,0.022207923233509064
3173,9.0,799,1.0197579860687256,,,0.0012178170727565885
3174,18.0,1005,1.2841627597808838,,,0.021811554208397865
3175,2.0,506,0.6482453346252441,,,0.011920624412596226
3176,14.0,735,0.9326927661895752,,,0.01766504906117916
3177,9.0,647,0.8334462642669678,,,0.005284282844513655
3178,18.0,883,1.1331071853637695,,,0.007077939808368683
3179,7.0,855,1.1008367538452148,,,0.013765821233391762
3180,6.0,789,1.0086219310760498,,,0.0008466207655146718
3181,13.0,820,1.051206350326538,,,0.014686919748783112
3182,31.0,1922,2.423588275909424,,,0.001651292317546904
3183,8.0,605,0.7814321517944336,,,0.01874270662665367
3184,17.0,1196,1.5283043384552002,,,0.01525167841464281
3185,2.0,395,0.5044076442718506,,,0.016345800831913948
3186,24.0,1353,1.7053568363189697,,,0.017626171931624413
3187,4.0,496,0.6325042247772217,,,0.007460718043148518
3188,15.0,971,1.2150154113769531,,,0.0070074014365673065
3189,28.0,1718,2.14758563041687,,,0.01732940413057804
3190,4.0,502,0.6423497200012207,,,0.00967166107147932
3191,5.0,555,0.7138936519622803,,,0.007701277267187834
3192,4.0,491,0.625821590423584,,,0.005445924121886492
3193,11.0,803,1.0185906887054443,,,0.007783969398587942
3194,3.0,381,0.4852738380432129,,,0.01131144817918539
3195,22.0,1218,1.5587430000305176,,,0.0007392118568532169
3196,4.0,455,0.5845401287078857,,,0.008399389684200287
3197,24.0,1137,1.4740524291992188,,,0.01426784135401249
3198,5.0,461,0.5968949794769287,,,0.007054001092910767
3199,5.0,379,0.48265862464904785,,,0.022325588390231133
3200,17.0,943,1.2137236595153809,,,0.006937220226973295
3201,4.0,799,1.0143702030181885,,,0.01695483922958374
3202,25.0,1001,1.273855209350586,,,0.009604508057236671
3203,5.0,669,0.8569386005401611,,,0.0036928618792444468
3204,9.0,623,0.7993297576904297,,,0.01845909282565117
3205,23.0,959,1.2237660884857178,,,0.028062373399734497
3206,15.0,711,0.9152364730834961,,,0.004620629362761974
3207,16.0,881,1.1257848739624023,,,0.011017199605703354
3208,24.0,1301,1.6538281440734863,,,0.01309774536639452
3209,14.0,854,1.100771188735962,,,0.0034667649306356907
3210,28.0,1734,2.1770517826080322,,,0.01291677076369524
3211,5.0,555,0.7057878971099854,,,0.014003273099660873
3212,10.0,720,0.907719612121582,,,0.009873551316559315
3213,13.0,928,1.1780333518981934,,,0.014942094683647156
3214,15.0,1017,1.3115885257720947,,,0.00078766536898911
3215,14.0,629,0.8101894855499268,,,0.024068692699074745
3216,6.0,628,0.796375036239624,,,0.007972930558025837
3217,18.0,1287,1.6576323509216309,,,0.006526370532810688
3218,1.0,356,0.46527957916259766,,,0.0043709962628781796
3219,10.0,823,1.060413122177124,,,0.044402945786714554
3220,15.0,825,1.0541987419128418,,,0.019279079511761665
3221,8.0,773,0.9922244548797607,,,0.00946752354502678
3222,4.0,511,0.6579437255859375,,,0.022061225026845932
3223,25.0,1303,1.6543383598327637,,,0.011865917593240738
3224,15.0,1024,1.3142659664154053,,,0.02520941011607647
3225,28.0,1317,1.6691787242889404,,,0.003795035881921649
3226,4.0,658,0.8506665229797363,,,0.004556328058242798
3227,17.0,861,1.0963456630706787,,,0.014406323432922363
3228,4.0,485,0.6246991157531738,,,0.010384060442447662
3229,20.0,1091,1.393186330795288,,,0.010280678980052471
3230,17.0,848,1.0773398876190186,,,0.01163535937666893
3231,4.0,419,0.5402324199676514,,,0.013409794308245182
3232,19.0,955,1.2178761959075928,,,0.00470963167026639
3233,8.0,669,0.8620643615722656,,,0.008793769404292107
3234,31.0,1279,1.6315960884094238,,,0.015908170491456985
3235,18.0,1097,1.4023125171661377,,,0.02160588838160038
3236,9.0,616,0.7947483062744141,,,0.004898959770798683
3237,12.0,827,1.0700738430023193,,,0.004801954608410597
3238,5.0,503,0.6453671455383301,,,0.014727345667779446
3239,2.0,361,0.4631209373474121,,,0.004618611186742783
3240,4.0,683,0.8754644393920898,,,0.03301338106393814
3241,20.0,883,1.139167308807373,,,0.011550422757863998
3242,1.0,393,0.5052077770233154,,,0.010845949873328209
3243,21.0,1187,1.5152044296264648,,,0.018997156992554665
3244,18.0,814,1.030160665512085,,,0.00500444695353508
3245,3.0,411,0.5286977291107178,,,0.011902942322194576
3246,2.0,405,0.5195040702819824,,,0.004574313294142485
3247,22.0,1171,1.4774284362792969,,,0.0011849638540297747
3248,2.0,453,0.5708074569702148,,,0.01941009610891342
3249,17.0,907,1.1522719860076904,,,0.031019486486911774
3250,12.0,643,0.8173828125,,,0.015080639161169529
3251,7.0,652,0.8266561031341553,,,0.006712671834975481
3252,14.0,785,0.9948456287384033,,,0.00902246031910181
3253,12.0,750,0.9497783184051514,,,0.01838708482682705
3254,3.0,371,0.4738657474517822,,,0.027076633647084236
3255,18.0,906,1.1688640117645264,,,0.0040112328715622425
3256,20.0,1172,1.4991629123687744,,,0.004240632988512516
3257,12.0,655,0.8450438976287842,,,0.008263465948402882
3258,5.0,499,0.6427145004272461,,,0.0033478958066552877
3259,5.0,493,0.6457011699676514,,,0.04459363594651222
3260,13.0,627,0.8098592758178711,,,0.006695284973829985
3261,14.0,831,1.08186936378479,,,0.0037981972564011812
3262,5.0,639,0.8201756477355957,,,0.01415349543094635
3263,12.0,681,0.8832051753997803,,,0.00419199513271451
3264,23.0,1369,1.7626926898956299,,,0.034141216427087784
3265,9.0,813,1.0550715923309326,,,0.009616666473448277
3266,19.0,1063,1.3604826927185059,,,0.02281472459435463
3267,7.0,657,0.8525218963623047,,,0.015376655384898186
3268,21.0,1066,1.3669700622558594,,,0.004393898416310549
3269,11.0,705,0.9122302532196045,,,0.021961605176329613
3270,9.0,745,0.9603049755096436,,,0.011425888165831566
3271,13.0,917,1.184255599975586,,,0.024981513619422913
3272,8.0,677,0.8679428100585938,,,0.016700932756066322
3273,14.0,743,0.9565989971160889,,,0.005343618802726269
3274,14.0,720,0.9197688102722168,,,0.017849918454885483
3275,17.0,1199,1.5142490863800049,,,0.01035286858677864
3276,12.0,831,1.0528099536895752,,,0.009238511323928833
3277,3.0,481,0.6121594905853271,,,0.026170790195465088
3278,18.0,947,1.2153582572937012,,,0.02183525077998638
3279,10.0,612,0.784020185470581,,,0.013405322097241879
3280,14.0,1036,1.3379619121551514,,,0.01123865507543087
3281,10.0,665,0.8629765510559082,,,0.01967572793364525
3282,17.0,829,1.0666515827178955,,,0.004498201422393322
3283,17.0,795,1.0214736461639404,,,0.001089426688849926
3284,22.0,1187,1.4969134330749512,,,0.05142981931567192
3285,13.0,816,1.0498902797698975,,,0.021470118314027786
3286,16.0,1018,1.3093113899230957,,,0.0037918146699666977
3287,7.0,620,0.7947278022766113,,,0.01853000558912754
3288,19.0,1095,1.3963046073913574,,,0.014824711717665195
3289,1.0,348,0.4567086696624756,,,0.009570395573973656
3290,12.0,691,0.8785526752471924,,,0.004760438110679388
3291,12.0,685,0.88334059715271,,,0.051836587488651276
3292,15.0,783,0.9942286014556885,,,0.000969419430475682
3293,19.0,965,1.2479135990142822,,,0.020243139937520027
3294,12.0,679,0.8765149116516113,,,0.02630370669066906
3295,18.0,1055,1.3413991928100586,,,0.013110836036503315
3296,2.0,381,0.48429393768310547,,,0.007836198434233665
3297,19.0,751,0.9609119892120361,,,0.01543249748647213
3298,13.0,964,1.232555627822876,,,0.0040338956750929356
3299,5.0,543,0.6973636150360107,,,0.02168136276304722
3300,5.0,737,0.9475617408752441,,,0.02100422978401184
3301,5.0,599,0.770043134689331,,,0.01560201309621334
3302,2.0,344,0.439577579498291,,,0.010489596985280514
3303,2.0,428,0.5551929473876953,,,0.011300627142190933
3304,20.0,1187,1.528285026550293,,,0.010807010345160961
3305,1.0,481,0.6251685619354248,,,0.025052672252058983
3306,18.0,1157,1.5003437995910645,,,0.004064400214701891
3307,17.0,929,1.194122314453125,,,0.015205242671072483
3308,17.0,1107,1.4477438926696777,,,0.007628125138580799
3309,4.0,374,0.4885077476501465,,,0.01717071421444416
3310,12.0,676,0.8764464855194092,,,0.029760051518678665
3311,12.0,645,0.8367292881011963,,,0.008717874065041542
3312,11.0,693,0.8885674476623535,,,0.01447786670178175
3313,12.0,630,0.8123784065246582,,,0.00855537410825491
3314,13.0,781,0.9965419769287109,,,0.007646355777978897
3315,6.0,1003,1.2881710529327393,,,0.0011158587876707315
3316,24.0,1444,1.821446418762207,,,0.006723498459905386
3317,13.0,834,1.0625290870666504,,,0.019496489316225052
3318,5.0,403,0.5138034820556641,,,0.0019200408132746816
3319,10.0,698,0.8934836387634277,,,0.0076060849241912365
3320,16.0,1019,1.2961058616638184,,,0.008553084917366505
3321,5.0,516,0.6509931087493896,,,0.009076558984816074
3322,5.0,383,0.4940338134765625,,,0.025702280923724174
3323,10.0,688,0.8799762725830078,,,0.004389351233839989
3324,11.0,661,0.8439061641693115,,,0.013119835406541824
3325,12.0,671,0.865222692489624,,,0.03205590322613716
3326,23.0,1300,1.6700196266174316,,,0.009837646037340164
3327,9.0,849,1.1024079322814941,,,0.014637395739555359
3328,9.0,647,0.8353097438812256,,,0.039111193269491196
3329,15.0,899,1.1545076370239258,,,0.00785860139876604
3330,4.0,518,0.6535732746124268,,,0.004331974312663078
3331,18.0,1019,1.2898743152618408,,,0.0179109089076519
3332,10.0,663,0.8416264057159424,,,0.014425565488636494
3333,25.0,1330,1.6775994300842285,,,0.019889777526259422
3334,20.0,1255,1.5960016250610352,,,0.03498058021068573
3335,4.0,485,0.6280460357666016,,,0.004179536830633879
3336,9.0,663,0.8629493713378906,,,0.02226841449737549
3337,2.0,353,0.4572112560272217,,,0.007620538119226694
3338,11.0,811,1.0525541305541992,,,0.016929155215620995
3339,22.0,1214,1.564403772354126,,,0.00735481409355998
3340,6.0,515,0.6713058948516846,,,0.010489079169929028
3341,4.0,522,0.6829814910888672,,,0.004113810136914253
3342,27.0,1577,2.019407272338867,,,0.025547891855239868
3343,4.0,415,0.5392189025878906,,,0.013759689405560493
3344,12.0,645,0.8452906608581543,,,0.008844456635415554
3345,15.0,940,1.2183008193969727,,,0.011713871732354164
3346,2.0,355,0.4591057300567627,,,0.04062647745013237
3347,18.0,1139,1.4628467559814453,,,0.012393083423376083
3348,19.0,1195,1.5486853122711182,,,0.01849500462412834
3349,12.0,906,1.1891136169433594,,,0.010889502242207527
3350,8.0,691,0.8892056941986084,,,0.0009109803941100836
3351,7.0,801,1.0457262992858887,,,0.015762154012918472
3352,14.0,909,1.1774871349334717,,,0.016965854912996292
3353,8.0,653,0.8521392345428467,,,0.017171017825603485
3354,8.0,621,0.8166217803955078,,,0.0009586925152689219
3355,7.0,479,0.6256935596466064,,,0.011038032360374928
3356,4.0,627,0.8254821300506592,,,0.008037229999899864
3357,5.0,366,0.480731725692749,,,0.018743272870779037
3358,8.0,658,0.8522026538848877,,,0.022970372810959816
3359,14.0,800,1.0435576438903809,,,0.007257714867591858
3360,10.0,701,0.9066483974456787,,,0.000702332763466984
3361,12.0,699,0.9128031730651855,,,0.000918907520826906
3362,4.0,625,0.8082418441772461,,,0.029917070642113686
3363,8.0,692,0.9039759635925293,,,0.007718903012573719
3364,9.0,627,0.8194735050201416,,,0.004989244043827057
3365,13.0,625,0.8165242671966553,,,0.011616470292210579
3366,10.0,814,1.0612022876739502,,,0.006723639089614153
3367,10.0,635,0.8357946872711182,,,0.014272833243012428
3368,2.0,399,0.5193028450012207,,,0.018843796104192734
3369,12.0,633,0.8122768402099609,,,0.017239481210708618
3370,7.0,438,0.5671601295471191,,,0.004939033184200525
3371,8.0,489,0.6295011043548584,,,0.026821916922926903
3372,14.0,1012,1.3019850254058838,,,0.009173709899187088
3373,4.0,596,0.7689235210418701,,,0.013262549415230751
3374,3.0,383,0.4991288185119629,,,0.02521657384932041
3375,2.0,371,0.4835240840911865,,,0.023381467908620834
3376,8.0,631,0.8119134902954102,,,0.007726049982011318
3377,3.0,396,0.5235388278961182,,,0.010974407196044922
3378,14.0,995,1.2895207405090332,,,0.00873331818729639
3379,9.0,793,1.0389268398284912,,,0.01368901040405035
3380,11.0,668,0.8704874515533447,,,0.018704654648900032
3381,13.0,663,0.8695712089538574,,,0.003921668976545334
3382,5.0,645,0.8362140655517578,,,0.016177456825971603
3383,8.0,656,0.8487319946289062,,,0.014481236226856709
3384,3.0,493,0.6449325084686279,,,0.027351057156920433
3385,7.0,626,0.8181736469268799,,,0.007880317978560925
3386,18.0,1134,1.4590535163879395,,,0.026507612317800522
3387,9.0,827,1.068793773651123,,,0.01020924374461174
3388,20.0,1185,1.5415210723876953,,,0.04607599601149559
3389,18.0,1045,1.356597900390625,,,0.01923649199306965
3390,3.0,502,0.6593925952911377,,,0.007042633835226297
3391,6.0,618,0.8048694133758545,,,0.018369212746620178
3392,8.0,658,0.8609764575958252,,,0.023611539974808693
3393,14.0,1179,1.5361402034759521,,,0.02829737402498722
3394,13.0,1019,1.324540376663208,,,0.011416267603635788
3395,18.0,1013,1.3169093132019043,,,0.017190370708703995
3396,-1.0,339,0.4443955421447754,,,0.008349123410880566
3397,9.0,667,0.871546745300293,,,0.014539187774062157
3398,15.0,859,1.1169159412384033,,,0.010105011984705925
3399,9.0,830,1.0797920227050781,,,0.007594055496156216
3400,15.0,1185,1.5410749912261963,,,0.01197503600269556
3401,15.0,859,1.1200103759765625,,,0.0005166396731510758
3402,20.0,1389,1.794726848602295,,,0.012123201042413712
3403,7.0,508,0.659630298614502,,,0.009124147705733776
3404,18.0,1018,1.3245959281921387,,,0.016110079362988472
3405,21.0,1137,1.4627196788787842,,,0.014023796655237675
3406,7.0,523,0.6756589412689209,,,0.01144254021346569
3407,21.0,1160,1.4882988929748535,,,0.008484338410198689
3408,19.0,1131,1.4739634990692139,,,0.024077003821730614
3409,8.0,816,1.057997226715088,,,0.008124430663883686
3410,2.0,352,0.4646439552307129,,,0.025718150660395622
3411,13.0,799,1.0366075038909912,,,0.007781178690493107
3412,30.0,1818,2.339853286743164,,,0.011444343253970146
3413,9.0,801,1.0569579601287842,,,0.014522165060043335
3414,15.0,893,1.1627800464630127,,,0.028377752751111984
3415,10.0,707,0.9112541675567627,,,0.014294343069195747
3416,21.0,1039,1.3222169876098633,,,0.039744969457387924
3417,14.0,1233,1.6049461364746094,,,0.03148266673088074
3418,5.0,500,0.6441574096679688,,,0.007559883873909712
3419,4.0,437,0.5608985424041748,,,0.01472498755902052
3420,18.0,1018,1.3117470741271973,,,0.014345080591738224
3421,0.0,345,0.4492223262786865,,,0.009971750900149345
3422,9.0,915,1.190978765487671,,,0.007958597503602505
3423,7.0,525,0.6881704330444336,,,0.004185729660093784
3424,6.0,592,0.7793693542480469,,,0.009319506585597992
3425,10.0,834,1.0822474956512451,,,0.006242586765438318
3426,13.0,809,1.0526580810546875,,,0.02600148133933544
3427,15.0,973,1.2693138122558594,,,0.004933228250592947
3428,25.0,1179,1.5294902324676514,,,0.017912685871124268
3429,7.0,505,0.658299446105957,,,0.014328064396977425
3430,24.0,1261,1.6256945133209229,,,0.0044333552941679955
3431,9.0,713,0.9294748306274414,,,0.011658714152872562
3432,7.0,635,0.8272795677185059,,,0.004492117557674646
3433,20.0,1273,1.6529614925384521,,,0.0038949288427829742
3434,7.0,625,0.8171670436859131,,,0.006499758455902338
3435,9.0,913,1.1936793327331543,,,0.015663353726267815
3436,11.0,657,0.853022575378418,,,0.011481313966214657
3437,13.0,916,1.1935367584228516,,,0.012240173295140266
3438,13.0,726,0.9479343891143799,,,0.009788036346435547
3439,16.0,931,1.2099661827087402,,,0.010617392137646675
3440,4.0,695,0.9040379524230957,,,0.015312359668314457
3441,14.0,748,0.9665772914886475,,,0.028518781065940857
3442,1.0,356,0.46355438232421875,,,0.004185118246823549
3443,15.0,860,1.1324386596679688,,,0.010540692135691643
3444,11.0,609,0.7871551513671875,,,0.008856527507305145
3445,21.0,1077,1.4096734523773193,,,0.011023507453501225
3446,12.0,667,0.8714549541473389,,,0.007562743965536356
3447,2.0,387,0.5074312686920166,,,0.03337833657860756
3448,9.0,651,0.8432230949401855,,,0.007719825021922588
3449,5.0,399,0.5304677486419678,,,0.024891816079616547
3450,12.0,697,0.9177196025848389,,,0.017874862998723984
3451,12.0,1088,1.4181056022644043,,,0.03568265214562416
3452,12.0,677,0.890953540802002,,,0.007473291363567114
3453,19.0,939,1.2215094566345215,,,0.001356109045445919
3454,3.0,505,0.665771484375,,,0.008314226754009724
3455,17.0,955,1.2519562244415283,,,0.0244680717587471
3456,1.0,341,0.45425915718078613,,,0.0008699539466761053
3457,1.0,385,0.5054440498352051,,,0.012698978185653687
3458,21.0,1113,1.4485630989074707,,,0.008681022562086582
3459,18.0,1103,1.4402601718902588,,,0.014773533679544926
3460,25.0,1136,1.4712295532226562,,,0.009978766553103924
3461,7.0,618,0.8152065277099609,,,0.010004375129938126
3462,15.0,879,1.1538853645324707,,,0.0007704842137172818
3463,23.0,1109,1.4442520141601562,,,0.011221837252378464
3464,7.0,502,0.6419456005096436,,,0.007920780219137669
3465,8.0,619,0.8129236698150635,,,0.010275759734213352
3466,16.0,1053,1.383204460144043,,,0.01942969486117363
3467,7.0,608,0.7965269088745117,,,0.010243423283100128
3468,19.0,1080,1.4042978286743164,,,0.0005620979936793447
3469,13.0,793,1.0379269123077393,,,0.018431657925248146
3470,3.0,341,0.4462156295776367,,,0.006650066003203392
3471,14.0,755,0.9806132316589355,,,0.03547228127717972
3472,17.0,828,1.078303337097168,,,0.007860848680138588
3473,10.0,698,0.9138095378875732,,,0.004004146903753281
3474,3.0,354,0.46752357482910156,,,0.015092207118868828
3475,26.0,1411,1.8307135105133057,,,0.011668466031551361
3476,3.0,531,0.6967480182647705,,,0.009195252321660519
3477,9.0,705,0.9255554676055908,,,0.0037175549659878016
3478,4.0,507,0.6698272228240967,,,0.0091713797301054
3479,12.0,648,0.8441393375396729,,,0.003562003141269088
3480,6.0,687,0.901099443435669,,,0.0063070873729884624
3481,12.0,681,0.8995680809020996,,,0.0062376148998737335
3482,7.0,805,1.0569002628326416,,,0.0044257366098463535
3483,17.0,1043,1.3631882667541504,,,0.0128567423671484
3484,15.0,849,1.1108319759368896,,,0.0008110253838822246
3485,15.0,956,1.2459545135498047,,,0.0038364864885807037
3486,2.0,385,0.510446310043335,,,0.008317312225699425
3487,12.0,836,1.0936009883880615,,,0.01321224495768547
3488,25.0,1476,1.931610107421875,,,0.017411746084690094
3489,4.0,394,0.519334077835083,,,0.006383589468896389
3490,11.0,617,0.809283971786499,,,0.016124214977025986
3491,10.0,817,1.06947922706604,,,0.02816978469491005
3492,13.0,631,0.8061761856079102,,,0.004145699553191662
3493,13.0,948,1.2431201934814453,,,0.008403722196817398
3494,18.0,1162,1.5202913284301758,,,0.010350489988923073
3495,14.0,768,1.010094404220581,,,0.010825816541910172
3496,4.0,403,0.5263423919677734,,,0.011725828982889652
3497,5.0,360,0.47304677963256836,,,0.0033390510361641645
3498,2.0,410,0.5415558815002441,,,0.03139423951506615
3499,13.0,715,0.9456295967102051,,,0.004622559063136578
3500,12.0,835,1.0967941284179688,,,0.012916872277855873
3501,3.0,428,0.5636801719665527,,,0.013540297746658325
3502,9.0,712,0.9358828067779541,,,0.013829389587044716
3503,4.0,517,0.6791458129882812,,,0.02169298380613327
3504,24.0,1169,1.5137765407562256,,,0.03607599437236786
3505,4.0,397,0.5227410793304443,,,0.015533127821981907
3506,13.0,696,0.9110298156738281,,,0.016058336943387985
3507,2.0,371,0.490236759185791,,,0.008925754576921463
3508,9.0,840,1.1006402969360352,,,0.021229038015007973
3509,31.0,1707,2.206350326538086,,,0.0011441821698099375
3510,8.0,697,0.9063947200775146,,,0.0042068432085216045
3511,11.0,668,0.8704628944396973,,,0.011735781095921993
3512,21.0,1015,1.303213357925415,,,0.007198338862508535
3513,17.0,950,1.2222554683685303,,,0.011918160133063793
3514,14.0,996,1.2874054908752441,,,0.008840769529342651
3515,18.0,1045,1.3624699115753174,,,0.025047162547707558
3516,18.0,1096,1.4275856018066406,,,0.008904735557734966
3517,25.0,1065,1.3871734142303467,,,0.0042544277384877205
3518,12.0,656,0.8579955101013184,,,0.0032842056825757027
3519,3.0,517,0.6763415336608887,,,0.035479724407196045
3520,16.0,1125,1.4733312129974365,,,0.012487178668379784
3521,11.0,709,0.9295382499694824,,,0.015466123819351196
3522,5.0,526,0.6890144348144531,,,0.012027760967612267
3523,10.0,701,0.9199953079223633,,,0.030209628865122795
3524,10.0,681,0.8842227458953857,,,0.023430008441209793
3525,11.0,691,0.8986623287200928,,,0.014114229008555412
3526,9.0,651,0.8444700241088867,,,0.010455876588821411
3527,9.0,655,0.8686761856079102,,,0.009983738884329796
3528,5.0,375,0.5014050006866455,,,0.023983184248209
3529,15.0,849,1.1029012203216553,,,0.008039812557399273
3530,12.0,972,1.2661657333374023,,,0.03673359379172325
3531,-1.0,431,0.5648131370544434,,,0.0075921835377812386
3532,14.0,958,1.2510201930999756,,,0.018646718934178352
3533,17.0,1079,1.4122893810272217,,,0.013406009413301945
3534,13.0,847,1.0995326042175293,,,0.005316321738064289
3535,8.0,632,0.827765703201294,,,0.003695125225931406
3536,6.0,657,0.8551549911499023,,,0.017773253843188286
3537,19.0,917,1.1845247745513916,,,0.008817706257104874
3538,4.0,487,0.638901948928833,,,0.009840240702033043
3539,11.0,706,0.9121487140655518,,,0.004586569964885712
3540,10.0,670,0.8812813758850098,,,0.017019378021359444
3541,8.0,637,0.8324511051177979,,,0.017304951325058937
3542,16.0,964,1.2533822059631348,,,0.008929125964641571
3543,3.0,391,0.513319730758667,,,0.021567681804299355
3544,16.0,888,1.145026445388794,,,0.021735621616244316
3545,6.0,619,0.8172347545623779,,,0.004068888258188963
3546,19.0,1167,1.523838758468628,,,0.01754232682287693
3547,13.0,957,1.274538516998291,,,0.013641012832522392
3548,2.0,680,0.8966412544250488,,,0.007301401346921921
3549,10.0,680,0.8972609043121338,,,0.012641404755413532
3550,16.0,829,1.0917572975158691,,,0.0062014698050916195
3551,13.0,933,1.231055498123169,,,0.012235327623784542
3552,15.0,876,1.150317668914795,,,0.006636541336774826
3553,12.0,689,0.8981926441192627,,,0.011435425840318203
3554,11.0,811,1.0735738277435303,,,0.003986143972724676
3555,10.0,702,0.9344239234924316,,,0.011959055438637733
3556,12.0,1005,1.3264272212982178,,,0.016088174656033516
3557,7.0,581,0.7737951278686523,,,0.015126881189644337
3558,10.0,645,0.8510270118713379,,,0.008221399039030075
3559,19.0,1031,1.347456932067871,,,0.018460599705576897
3560,15.0,797,1.0392699241638184,,,0.011763839982450008
3561,7.0,517,0.6825747489929199,,,0.02462676167488098
3562,21.0,1008,1.3123562335968018,,,0.007446696050465107
3563,3.0,379,0.4956955909729004,,,0.025800203904509544
3564,23.0,1115,1.439805507659912,,,0.025950269773602486
3565,4.0,381,0.5060927867889404,,,0.012133504264056683
3566,14.0,721,0.9528753757476807,,,0.024532845243811607
3567,19.0,1137,1.4844300746917725,,,0.004861675202846527
3568,10.0,629,0.8276779651641846,,,0.022156283259391785
3569,19.0,1290,1.6958556175231934,,,0.007644407916814089
3570,4.0,379,0.5006895065307617,,,0.036020100116729736
3571,20.0,1006,1.3088154792785645,,,0.0073567163199186325
3572,11.0,668,0.8691511154174805,,,0.012026375159621239
3573,22.0,1438,1.8759806156158447,,,0.004612930119037628
3574,12.0,926,1.2167048454284668,,,0.0073056574910879135
3575,13.0,831,1.0913944244384766,,,0.009824163280427456
3576,5.0,684,0.8955941200256348,,,0.0036125730257481337
3577,11.0,896,1.1861181259155273,,,0.02034837193787098
3578,17.0,1537,2.0206096172332764,,,0.013468793593347073
3579,4.0,581,0.7620956897735596,,,0.00351513153873384
3580,13.0,618,0.8136429786682129,,,0.008291902020573616
3581,4.0,497,0.6591463088989258,,,0.004981623496860266
3582,13.0,1009,1.3254551887512207,,,0.004442226607352495
3583,12.0,835,1.1005477905273438,,,0.018653277307748795
3584,4.0,357,0.47116518020629883,,,0.04348817840218544
3585,14.0,1116,1.4714748859405518,,,0.01276393886655569
3586,12.0,627,0.8225979804992676,,,0.004276431631296873
3587,5.0,386,0.5127346515655518,,,0.017178144305944443
3588,15.0,1141,1.5012335777282715,,,0.01585536077618599
3589,2.0,406,0.5371854305267334,,,0.001117763458751142
3590,14.0,763,1.011488676071167,,,0.006820762064307928
3591,10.0,669,0.8851079940795898,,,0.00709877535700798
3592,10.0,695,0.9259953498840332,,,0.0015235048485919833
3593,12.0,649,0.8524267673492432,,,0.01412047166377306
3594,7.0,551,0.7273786067962646,,,0.0184146948158741
3595,7.0,643,0.8445055484771729,,,0.031988438218832016
3596,8.0,714,0.9422690868377686,,,0.007925606332719326
3597,11.0,700,0.9266986846923828,,,0.01447594165802002
3598,9.0,635,0.8399906158447266,,,0.008026711642742157
3599,11.0,1237,1.6396136283874512,,,0.032055895775556564
3600,12.0,715,0.9505560398101807,,,0.014202993363142014
3601,9.0,690,0.9052424430847168,,,0.00844801776111126
3602,13.0,1095,1.44016695022583,,,0.009222856722772121
3603,25.0,1233,1.6154370307922363,,,0.011502652429044247
3604,14.0,807,1.073410987854004,,,0.01606329344213009
3605,15.0,1122,1.484349250793457,,,0.0010395330609753728
3606,22.0,1129,1.4827656745910645,,,0.018789535388350487
3607,8.0,620,0.8272683620452881,,,0.013244333676993847
3608,7.0,629,0.8251347541809082,,,0.01914123073220253
3609,11.0,667,0.8798255920410156,,,0.0015491573140025139
3610,4.0,503,0.6639614105224609,,,0.008813867345452309
3611,16.0,1005,1.322317123413086,,,0.011216841638088226
3612,19.0,1251,1.6425220966339111,,,0.0007232766365632415
3613,25.0,1383,1.8173446655273438,,,0.02109641768038273
3614,6.0,611,0.8118045330047607,,,0.00842840876430273
3615,12.0,668,0.8857090473175049,,,0.010639028623700142
3616,12.0,686,0.9053683280944824,,,0.007292578462511301
3617,16.0,857,1.1241674423217773,,,0.004521578550338745
3618,7.0,534,0.6988024711608887,,,0.0085013872012496
3619,9.0,644,0.8547186851501465,,,0.03389425948262215
3620,10.0,706,0.9357829093933105,,,0.008129729889333248
3621,16.0,993,1.3078515529632568,,,0.0175809133797884
3622,16.0,952,1.2561893463134766,,,0.011471029371023178
3623,7.0,611,0.8182046413421631,,,0.01375433150678873
3624,11.0,684,0.8981516361236572,,,0.011800896376371384
3625,8.0,992,1.3102514743804932,,,0.012344850227236748
3626,12.0,905,1.2061617374420166,,,0.010422009974718094
3627,19.0,1357,1.7964844703674316,,,0.010013108141720295
3628,5.0,754,1.004119634628296,,,0.038901038467884064
3629,10.0,836,1.0941476821899414,,,0.013827981427311897
3630,2.0,377,0.506969690322876,,,0.0063230316154658794
3631,7.0,663,0.8760025501251221,,,0.0040978011675179005
3632,7.0,495,0.6515064239501953,,,0.006294242572039366
3633,5.0,657,0.8641049861907959,,,0.009870314970612526
3634,27.0,1577,2.066204786300659,,,0.01501667220145464
3635,14.0,959,1.268500804901123,,,0.01397421583533287
3636,15.0,1597,2.1160895824432373,,,0.010908597148954868
3637,5.0,530,0.7050418853759766,,,0.015103804878890514
3638,13.0,616,0.8179934024810791,,,0.0033130161464214325
3639,24.0,1011,1.3287639617919922,,,0.014186016283929348
3640,5.0,678,0.9101276397705078,,,0.00925423949956894
3641,16.0,1367,1.8160426616668701,,,0.0054316739551723
3642,13.0,1119,1.477299451828003,,,0.017357882112264633
3643,9.0,643,0.8538198471069336,,,0.011285577900707722
3644,17.0,931,1.2315280437469482,,,0.0007662029238417745
3645,25.0,1315,1.7383358478546143,,,0.004283211659640074
3646,17.0,1510,1.9876666069030762,,,0.027929946780204773
3647,13.0,1009,1.3287150859832764,,,0.00756580475717783
3648,6.0,691,0.9139974117279053,,,0.00907153356820345
3649,7.0,800,1.0529546737670898,,,0.051875971257686615
3650,9.0,945,1.2494747638702393,,,0.009116068482398987
3651,15.0,899,1.1962103843688965,,,0.02075277455151081
3652,5.0,533,0.7120599746704102,,,0.0009504088666290045
3653,18.0,1967,2.590331554412842,,,0.04093056172132492
3654,3.0,425,0.5642759799957275,,,0.01527884416282177
3655,16.0,819,1.0815887451171875,,,0.004412070848047733
3656,20.0,961,1.2491278648376465,,,0.001143736531957984
3657,19.0,1073,1.3949768543243408,,,0.022181935608386993
3658,11.0,657,0.8720669746398926,,,0.03732204809784889
3659,12.0,681,0.8915748596191406,,,0.03876824304461479
3660,13.0,651,0.8553433418273926,,,0.024063367396593094
3661,3.0,394,0.5227930545806885,,,0.006724115461111069
3662,21.0,1009,1.3146452903747559,,,0.008274165913462639
3663,15.0,852,1.1253104209899902,,,0.011855881661176682
3664,14.0,1037,1.3766937255859375,,,0.008172267116606236
3665,21.0,1300,1.723646640777588,,,0.024054279550909996
3666,7.0,619,0.8195450305938721,,,0.004236068110913038
3667,13.0,651,0.8625423908233643,,,0.007398362737149
3668,21.0,1287,1.7092206478118896,,,0.008437687531113625
3669,10.0,688,0.917386531829834,,,0.008879683911800385
3670,25.0,1541,2.033721446990967,,,0.011202060617506504
3671,18.0,1115,1.4750041961669922,,,0.004087775945663452
3672,11.0,691,0.9226679801940918,,,0.02682926133275032
3673,12.0,681,0.9020531177520752,,,0.03088492713868618
3674,2.0,353,0.46990180015563965,,,0.016180073842406273
3675,9.0,1095,1.4335269927978516,,,0.026516105979681015
3676,4.0,567,0.7395224571228027,,,0.027888543903827667
3677,14.0,1103,1.45979642868042,,,0.013107790611684322
3678,12.0,644,0.8531415462493896,,,0.004419751465320587
3679,18.0,1061,1.4021661281585693,,,0.01387113705277443
3680,15.0,634,0.8489127159118652,,,0.030862906947731972
3681,28.0,1407,1.8515636920928955,,,0.01199328899383545
3682,12.0,849,1.125791072845459,,,0.004158817697316408
3683,15.0,839,1.1093592643737793,,,0.0013029928086325526
3684,21.0,1329,1.7512714862823486,,,0.007534169126302004
3685,5.0,707,0.9471971988677979,,,0.008341946639120579
3686,18.0,942,1.2543697357177734,,,0.012483027763664722
3687,4.0,395,0.5224072933197021,,,0.0013284035958349705
3688,15.0,1019,1.362614631652832,,,0.020573776215314865
3689,25.0,1194,1.5689678192138672,,,0.009589511901140213
3690,12.0,957,1.2560045719146729,,,0.005645696073770523
3691,4.0,577,0.7561542987823486,,,0.0042546894401311874
3692,16.0,751,0.9861903190612793,,,0.013289113529026508
3693,14.0,893,1.1852996349334717,,,0.004406336694955826
3694,18.0,1069,1.4120280742645264,,,0.03413168340921402
3695,27.0,1596,2.098679304122925,,,0.010501323267817497
3696,13.0,850,1.139622688293457,,,0.013998331502079964
3697,11.0,657,0.8769218921661377,,,0.00399938365444541
3698,13.0,689,0.9160652160644531,,,0.01877007633447647
3699,7.0,681,0.9061417579650879,,,0.018461130559444427
3700,20.0,1016,1.347090244293213,,,0.005554603412747383
3701,13.0,745,0.9867732524871826,,,0.011058063246309757
3702,19.0,1095,1.4416401386260986,,,0.007036828435957432
3703,4.0,367,0.4860222339630127,,,0.010325384326279163
3704,18.0,1067,1.4067940711975098,,,0.026187118142843246
3705,29.0,1618,2.1129109859466553,,,0.01904870942234993
3706,8.0,677,0.8947939872741699,,,0.016362562775611877
3707,14.0,757,0.9967072010040283,,,0.008179151453077793
3708,27.0,1623,2.1120078563690186,,,0.007739797234535217
3709,16.0,817,1.0798492431640625,,,0.005178975872695446
3710,11.0,908,1.2122292518615723,,,0.016490459442138672
3711,11.0,660,0.8841967582702637,,,0.011006626300513744
3712,20.0,1032,1.358691692352295,,,0.015549864619970322
3713,13.0,638,0.8406684398651123,,,0.01450253278017044
3714,16.0,739,0.9712121486663818,,,0.0175652876496315
3715,4.0,377,0.4986608028411865,,,0.00834266934543848
3716,16.0,1403,1.8444201946258545,,,0.0012935330159962177
3717,13.0,1026,1.3565161228179932,,,0.016831282526254654
3718,14.0,912,1.2026455402374268,,,0.013648487627506256
3719,26.0,1679,2.199220895767212,,,0.021341105923056602
3720,18.0,1064,1.4178779125213623,,,0.007175071630626917
3721,15.0,866,1.1586875915527344,,,0.021235529333353043
3722,16.0,770,1.0374503135681152,,,0.017011480405926704
3723,9.0,797,1.065307855606079,,,0.010295586660504341
3724,10.0,675,0.9070291519165039,,,0.010378646664321423
3725,21.0,1191,1.5877952575683594,,,0.02000955492258072
3726,10.0,657,0.8833708763122559,,,0.004361808765679598
3727,8.0,633,0.8536570072174072,,,0.0087702926248312
3728,19.0,1129,1.4867041110992432,,,0.014185437932610512
3729,17.0,1063,1.40525484085083,,,0.0421026274561882
3730,26.0,1125,1.470583200454712,,,0.011398013681173325
3731,13.0,667,0.878241777420044,,,0.013780364766716957
3732,15.0,910,1.2025558948516846,,,0.034358806908130646
3733,25.0,1348,1.7659387588500977,,,0.014731889590620995
3734,12.0,1034,1.371129035949707,,,0.01810191012918949
3735,11.0,942,1.2405128479003906,,,0.005037456750869751
3736,8.0,621,0.8225300312042236,,,0.011464736424386501
3737,9.0,666,0.885455846786499,,,0.00340629112906754
3738,19.0,1054,1.3999719619750977,,,0.004138958174735308
3739,20.0,1086,1.440549373626709,,,0.011808306910097599
3740,4.0,392,0.5288562774658203,,,0.007983802817761898
3741,11.0,673,0.902576208114624,,,0.004256702493876219
3742,14.0,933,1.2558932304382324,,,0.00941565539687872
3743,15.0,769,1.029245376586914,,,0.017917843535542488
3744,15.0,923,1.2290282249450684,,,0.012064254842698574
3745,13.0,964,1.288147211074829,,,0.007404488977044821
3746,12.0,939,1.2551460266113281,,,0.028308676555752754
3747,8.0,485,0.6538410186767578,,,0.009836768731474876
3748,7.0,579,0.764634370803833,,,0.022806260734796524
3749,7.0,553,0.734961986541748,,,0.017680753022432327
3750,13.0,928,1.2280616760253906,,,0.026374153792858124
3751,16.0,1232,1.644298791885376,,,0.0041299727745354176
3752,12.0,835,1.1071627140045166,,,0.00812575500458479
3753,23.0,1440,1.901519775390625,,,0.06831680238246918
3754,12.0,958,1.2866394519805908,,,0.00406884727999568
3755,13.0,656,0.8817751407623291,,,0.01508247572928667
3756,17.0,929,1.2407035827636719,,,0.012476121075451374
3757,6.0,618,0.8339180946350098,,,0.05038781464099884
3758,13.0,1028,1.3708930015563965,,,0.00375972967594862
3759,21.0,1283,1.7143723964691162,,,0.00897139497101307
3760,7.0,627,0.8403377532958984,,,0.028056863695383072
3761,6.0,625,0.8387320041656494,,,0.019865598529577255
3762,11.0,693,0.9361171722412109,,,0.014419876039028168
3763,8.0,757,1.0091021060943604,,,0.008065084926784039
3764,18.0,1010,1.350933313369751,,,0.010261768475174904
3765,13.0,763,1.017850399017334,,,0.022788986563682556
3766,20.0,1003,1.3308453559875488,,,0.004393238108605146
3767,16.0,782,1.0464913845062256,,,0.008564470335841179
3768,18.0,1259,1.6704227924346924,,,0.009571872651576996
3769,6.0,505,0.6690535545349121,,,0.010117758996784687
3770,14.0,845,1.1313035488128662,,,0.006768953986465931
3771,9.0,686,0.9109318256378174,,,0.030823130160570145
3772,12.0,693,0.9175779819488525,,,0.007929679937660694
3773,24.0,1045,1.3886120319366455,,,0.019541975110769272
3774,10.0,647,0.8661961555480957,,,0.02960614301264286
3775,17.0,943,1.2684223651885986,,,0.01094170194119215
3776,13.0,998,1.3382372856140137,,,0.017995959147810936
3777,9.0,688,0.9240880012512207,,,0.008353562094271183
3778,17.0,986,1.320054292678833,,,0.005182206630706787
3779,15.0,863,1.1554834842681885,,,0.006300315726548433
3780,6.0,477,0.6408863067626953,,,0.007311372086405754
3781,33.0,2172,2.854339599609375,,,0.010895803570747375
3782,6.0,405,0.5374057292938232,,,0.0014991187490522861
3783,3.0,523,0.7074713706970215,,,0.022838694974780083
3784,9.0,665,0.895017147064209,,,0.004833594895899296
3785,6.0,479,0.6486990451812744,,,0.01506800763309002
3786,6.0,501,0.6710498332977295,,,0.009942782111465931
3787,2.0,491,0.6620285511016846,,,0.013329421170055866
3788,13.0,1033,1.3746798038482666,,,0.003418391104787588
3789,12.0,665,0.8902966976165771,,,0.011868799105286598
3790,11.0,631,0.841137170791626,,,0.004189489874988794
3791,12.0,699,0.9350886344909668,,,0.024882549419999123
3792,22.0,1547,2.067122459411621,,,0.01713619753718376
3793,3.0,393,0.5340545177459717,,,0.013482746668159962
3794,12.0,669,0.8989367485046387,,,0.020326782017946243
3795,19.0,1039,1.388676643371582,,,0.01329403929412365
3796,4.0,374,0.5055475234985352,,,0.0127120865508914
3797,8.0,650,0.8739206790924072,,,0.014432206749916077
3798,10.0,818,1.1026279926300049,,,0.014829431660473347
3799,16.0,843,1.1293675899505615,,,0.017789503559470177
3800,3.0,391,0.5307025909423828,,,0.020343929529190063
3801,10.0,666,0.9025561809539795,,,0.023964539170265198
3802,13.0,704,0.9470117092132568,,,0.0017937860684469342
3803,14.0,1030,1.3636908531188965,,,0.03160000592470169
3804,26.0,1196,1.5790553092956543,,,0.018955618143081665
3805,11.0,647,0.870079517364502,,,0.023810595273971558
3806,11.0,808,1.0747840404510498,,,0.019760720431804657
3807,12.0,863,1.1537120342254639,,,0.011760392226278782
3808,4.0,484,0.6529123783111572,,,0.008308986201882362
3809,8.0,641,0.8643345832824707,,,0.008988672867417336
3810,10.0,906,1.2210657596588135,,,0.0056262994185090065
3811,23.0,1018,1.3661093711853027,,,0.013573541305959225
3812,24.0,1045,1.3905253410339355,,,0.0019059411715716124
3813,12.0,930,1.2420480251312256,,,0.011929016560316086
3814,14.0,853,1.1369783878326416,,,0.0277203731238842
3815,9.0,665,0.8911716938018799,,,0.00416639493778348
3816,11.0,675,0.9018263816833496,,,0.004583055153489113
3817,11.0,1076,1.4417741298675537,,,0.007573926355689764
3818,11.0,925,1.2453858852386475,,,0.007962619885802269
3819,7.0,676,0.9119603633880615,,,0.006747272796928883
3820,19.0,873,1.1720621585845947,,,0.006610177922993898
3821,8.0,495,0.6680662631988525,,,0.031755995005369186
3822,6.0,657,0.8823447227478027,,,0.0033726913388818502
3823,28.0,1037,1.381049633026123,,,0.015641862526535988
3824,13.0,802,1.0635955333709717,,,0.0037132573779672384
3825,5.0,562,0.7492899894714355,,,0.011769365519285202
3826,10.0,688,0.9165992736816406,,,0.009261112660169601
3827,19.0,997,1.3292598724365234,,,0.016772501170635223
3828,9.0,688,0.9259204864501953,,,0.032803986221551895
3829,23.0,1347,1.8135855197906494,,,0.025259481742978096
3830,10.0,623,0.8385448455810547,,,0.004899186082184315
3831,5.0,831,1.1179709434509277,,,0.016765402629971504
3832,17.0,748,1.0097315311431885,,,0.006721137557178736
3833,8.0,683,0.9220564365386963,,,0.011369691230356693
3834,8.0,645,0.8741395473480225,,,0.010972430929541588
3835,13.0,694,0.9404375553131104,,,0.0208271574229002
3836,6.0,513,0.6914801597595215,,,0.018524983897805214
3837,9.0,709,0.9595558643341064,,,0.0060579814016819
3838,13.0,928,1.2473719120025635,,,0.00594470277428627
3839,6.0,531,0.7185909748077393,,,0.015244245529174805
3840,9.0,903,1.2161962985992432,,,0.013458488509058952
3841,10.0,678,0.9107096195220947,,,0.004339802544564009
3842,13.0,717,0.9515254497528076,,,0.015047837980091572
3843,9.0,649,0.8643274307250977,,,0.013810776174068451
3844,12.0,763,1.025590419769287,,,0.003868281841278076
3845,15.0,817,1.1013095378875732,,,0.001168200047686696
3846,6.0,683,0.919180154800415,,,0.006881853565573692
3847,14.0,1060,1.4267785549163818,,,0.021584127098321915
3848,3.0,356,0.48100805282592773,,,0.011635590344667435
3849,5.0,648,0.869412899017334,,,0.025018010288476944
3850,19.0,985,1.2991302013397217,,,0.006445714272558689
3851,9.0,623,0.8244843482971191,,,0.0038740148302167654
3852,26.0,1203,1.5882298946380615,,,0.019380569458007812
3853,6.0,528,0.7048444747924805,,,0.016411270946264267
3854,14.0,916,1.2163145542144775,,,0.0011325919767841697
3855,15.0,761,1.0140178203582764,,,0.014838630333542824
3856,14.0,1081,1.447216510772705,,,0.004241657443344593
3857,9.0,751,0.9928903579711914,,,0.006934231612831354
3858,8.0,602,0.8037841320037842,,,0.010813568718731403
3859,2.0,375,0.498626708984375,,,0.01123355608433485
3860,11.0,694,0.9256398677825928,,,0.007782333064824343
3861,5.0,392,0.5167193412780762,,,0.014284336008131504
3862,19.0,951,1.2697854042053223,,,0.008703701198101044
3863,19.0,958,1.2733702659606934,,,0.004162873141467571
3864,13.0,651,0.8679842948913574,,,0.012814383953809738
3865,5.0,685,0.908473014831543,,,0.02039320580661297
3866,16.0,1091,1.4399383068084717,,,0.016346096992492676
3867,11.0,719,0.9518811702728271,,,0.025604235008358955
3868,11.0,904,1.2208747863769531,,,0.0010815882124006748
3869,16.0,747,1.0089476108551025,,,0.006142837926745415
3870,12.0,1105,1.48655366897583,,,0.028745008632540703
3871,11.0,685,0.922736644744873,,,0.008284853771328926
3872,10.0,598,0.8068804740905762,,,0.011782941408455372
3873,1.0,349,0.4726994037628174,,,0.012897874228656292
3874,11.0,793,1.0672590732574463,,,0.014882671646773815
3875,21.0,1215,1.6245276927947998,,,0.00113233074080199
3876,12.0,849,1.147613525390625,,,0.006828232668340206
3877,6.0,736,0.9984323978424072,,,0.017735160887241364
3878,10.0,832,1.120293378829956,,,0.024984391406178474
3879,14.0,849,1.1445934772491455,,,0.0079978471621871
3880,16.0,625,0.8386375904083252,,,0.039185747504234314
3881,19.0,940,1.2787377834320068,,,0.006738854572176933
3882,14.0,774,1.0454175472259521,,,0.016239503398537636
3883,14.0,723,0.9776759147644043,,,0.004262924659997225
3884,11.0,817,1.0892977714538574,,,0.01154596172273159
3885,8.0,625,0.8430440425872803,,,0.007792748510837555
3886,12.0,905,1.2239558696746826,,,0.011748895980417728
3887,19.0,837,1.1241588592529297,,,0.033738840371370316
3888,12.0,675,0.9123542308807373,,,0.010615414008498192
3889,14.0,879,1.1927721500396729,,,0.0271543487906456
3890,18.0,1025,1.3852183818817139,,,0.004784851334989071
3891,13.0,982,1.326214075088501,,,0.007565670646727085
3892,22.0,1568,2.0931849479675293,,,0.021702202036976814
3893,16.0,1011,1.3553247451782227,,,0.013588649220764637
3894,4.0,390,0.5152237415313721,,,0.004206609446555376
3895,7.0,545,0.7316248416900635,,,0.009801920503377914
3896,18.0,954,1.267364740371704,,,0.0316125750541687
3897,15.0,947,1.2637159824371338,,,0.01495785266160965
3898,21.0,1119,1.480381727218628,,,0.012765268795192242
3899,11.0,496,0.6621904373168945,,,0.007478011772036552
3900,3.0,380,0.5085909366607666,,,0.02674054354429245
3901,13.0,831,1.1142876148223877,,,0.009346826002001762
3902,19.0,992,1.3193588256835938,,,0.006193333771079779
3903,5.0,642,0.8640120029449463,,,0.008173876442015171
3904,26.0,1329,1.74477219581604,,,0.017201563343405724
3905,12.0,641,0.8550126552581787,,,0.02328110858798027
3906,16.0,777,1.039337396621704,,,0.008723141625523567
3907,2.0,373,0.5009915828704834,,,0.008066325448453426
3908,16.0,844,1.145002841949463,,,0.022582629695534706
3909,4.0,343,0.47015929222106934,,,0.014823551289737225
3910,6.0,794,1.0686492919921875,,,0.020375585183501244
3911,12.0,640,0.8667097091674805,,,0.0033592067193239927
3912,17.0,753,1.0178570747375488,,,0.011781174689531326
3913,3.0,458,0.6208205223083496,,,0.016874270513653755
3914,10.0,814,1.0895354747772217,,,0.004047567956149578
3915,6.0,527,0.7172343730926514,,,0.010883485898375511
3916,10.0,685,0.9323067665100098,,,0.028441820293664932
3917,11.0,591,0.8040339946746826,,,0.022250214591622353
3918,15.0,962,1.3010051250457764,,,0.005579215008765459
3919,15.0,826,1.111222505569458,,,0.009315644390881062
3920,9.0,844,1.1448884010314941,,,0.011732316575944424
3921,16.0,825,1.1238353252410889,,,0.014180620200932026
3922,21.0,1152,1.5566275119781494,,,0.0045824795961380005
3923,5.0,627,0.8515026569366455,,,0.007192911114543676
3924,26.0,1271,1.7184069156646729,,,0.01675419695675373
3925,21.0,1329,1.7882726192474365,,,0.021570440381765366
3926,3.0,516,0.697655439376831,,,0.004356127232313156
3927,17.0,888,1.1866097450256348,,,0.007266577798873186
3928,11.0,745,1.0059731006622314,,,0.015769824385643005
3929,12.0,929,1.2578938007354736,,,0.013805793598294258
3930,3.0,501,0.6784236431121826,,,0.05169677734375
3931,9.0,568,0.7663943767547607,,,0.011495682410895824
3932,13.0,893,1.2053346633911133,,,0.007670005317777395
3933,12.0,685,0.9250969886779785,,,0.011410635896027088
3934,16.0,1079,1.444869041442871,,,0.007752635516226292
3935,17.0,1043,1.4224345684051514,,,0.017339348793029785
3936,10.0,957,1.2978334426879883,,,0.003999259322881699
3937,9.0,676,0.9234135150909424,,,0.01799161359667778
3938,12.0,705,0.9559035301208496,,,0.029249409213662148
3939,10.0,667,0.8976128101348877,,,0.014645564369857311
3940,5.0,635,0.8553833961486816,,,0.007310068234801292
3941,17.0,1018,1.3640663623809814,,,0.011971874162554741
3942,9.0,658,0.8898451328277588,,,0.005140518769621849
3943,1.0,333,0.448530912399292,,,0.003163326997309923
3944,7.0,628,0.8481245040893555,,,0.011989482678472996
3945,20.0,1219,1.6627390384674072,,,0.00449023162946105
3946,19.0,1013,1.357914686203003,,,0.004739372059702873
3947,21.0,1157,1.5529227256774902,,,0.0010141476523131132
3948,16.0,755,1.0273420810699463,,,0.016154097393155098
3949,8.0,543,0.7359864711761475,,,0.007786395028233528
3950,8.0,714,0.9610910415649414,,,0.007936172187328339
3951,9.0,651,0.8732900619506836,,,0.021434569731354713
3952,7.0,461,0.6184139251708984,,,0.013721675612032413
3953,25.0,1131,1.518364429473877,,,0.013573849573731422
3954,16.0,1083,1.4545180797576904,,,0.01235785149037838
3955,18.0,1009,1.3613808155059814,,,0.012941375374794006
3956,25.0,1498,1.9954955577850342,,,0.001852755667641759
3957,18.0,1185,1.609435796737671,,,0.0011029451852664351
3958,12.0,666,0.9074466228485107,,,0.008195662871003151
3959,2.0,499,0.6787199974060059,,,0.01116869319230318
3960,16.0,1187,1.6038486957550049,,,0.015276181511580944
3961,11.0,698,0.9498226642608643,,,0.008013475686311722
3962,20.0,971,1.3219366073608398,,,0.015793198719620705
3963,18.0,1085,1.4631280899047852,,,0.035387612879276276
3964,21.0,1029,1.4001851081848145,,,0.027371356263756752
3965,14.0,1307,1.7730236053466797,,,0.010242491960525513
3966,28.0,1378,1.860156536102295,,,0.001788506517186761
3967,16.0,945,1.2852504253387451,,,0.0065459213219583035
3968,12.0,637,0.85611891746521,,,0.02480890043079853
3969,22.0,1137,1.5268771648406982,,,0.021189827471971512
3970,24.0,1449,1.9348561763763428,,,0.007000746205449104
3971,5.0,394,0.5361647605895996,,,0.012202218174934387
3972,9.0,537,0.735450267791748,,,0.008018733933568
3973,7.0,678,0.9221019744873047,,,0.03887474909424782
3974,11.0,695,0.9505772590637207,,,0.006692970637232065
3975,10.0,649,0.8839123249053955,,,0.007989971898496151
3976,17.0,910,1.2362399101257324,,,0.03693299740552902
3977,14.0,824,1.1251978874206543,,,0.0065528834238648415
3978,8.0,705,0.9626755714416504,,,0.017081130295991898
3979,29.0,1724,2.291116952896118,,,0.020507268607616425
3980,7.0,442,0.6019666194915771,,,0.016776002943515778
3981,21.0,1064,1.4449951648712158,,,0.013592350296676159
3982,10.0,685,0.9360098838806152,,,0.021731048822402954
3983,17.0,949,1.2905030250549316,,,0.020202165469527245
3984,8.0,663,0.9039733409881592,,,0.015073849819600582
3985,24.0,1199,1.617145299911499,,,0.01172525342553854
3986,9.0,688,0.9294838905334473,,,0.04263002425432205
3987,12.0,676,0.9070780277252197,,,0.011376782320439816
3988,11.0,640,0.8626389503479004,,,0.0009255568729713559
3989,8.0,370,0.5035595893859863,,,0.015046626329421997
3990,11.0,671,0.9044299125671387,,,0.007865160703659058
3991,2.0,371,0.4991586208343506,,,0.012347504496574402
3992,12.0,665,0.8982083797454834,,,0.01295936293900013
3993,18.0,1031,1.3773276805877686,,,0.01448715291917324
3994,10.0,665,0.8933110237121582,,,0.02187681943178177
3995,10.0,653,0.878455400466919,,,0.007557224482297897
3996,11.0,669,0.8956115245819092,,,0.008227678947150707
3997,12.0,651,0.8931021690368652,,,0.028874605894088745
3998,14.0,847,1.1584317684173584,,,0.02151290699839592
3999,11.0,535,0.7282841205596924,,,0.016409704461693764
4000,19.0,950,1.2791976928710938,,,0.006987350527197123
4001,19.0,1094,1.4695854187011719,,,0.012010395526885986
4002,8.0,524,0.7069554328918457,,,0.004532305523753166
4003,12.0,621,0.839747428894043,,,0.017073065042495728
4004,8.0,856,1.152261734008789,,,0.007571258116513491
4005,17.0,993,1.344451904296875,,,0.028175394982099533
4006,9.0,565,0.7734436988830566,,,0.014650223776698112
4007,13.0,697,0.9509589672088623,,,0.006867518648505211
4008,7.0,514,0.7044212818145752,,,0.013701153919100761
4009,13.0,632,0.8624005317687988,,,0.009959780611097813
4010,18.0,1187,1.6087098121643066,,,0.026607606559991837
4011,4.0,507,0.6900162696838379,,,0.007351848762482405
4012,12.0,617,0.8428294658660889,,,0.009361200034618378
4013,15.0,845,1.1472809314727783,,,0.0038351896218955517
4014,14.0,832,1.1256394386291504,,,0.00749922962859273
4015,18.0,1129,1.5148253440856934,,,0.004555684048682451
4016,13.0,609,0.8208591938018799,,,0.004451914690434933
4017,15.0,861,1.185704231262207,,,0.025102438405156136
4018,14.0,903,1.2322578430175781,,,0.00836683064699173
4019,15.0,923,1.2645986080169678,,,0.010546115227043629
4020,17.0,1065,1.4507207870483398,,,0.008057286031544209
4021,9.0,513,0.702517032623291,,,0.012739194557070732
4022,18.0,935,1.2665913105010986,,,0.02208576165139675
4023,12.0,927,1.268622875213623,,,0.007807672023773193
4024,10.0,685,0.9312312602996826,,,0.004610678646713495
4025,20.0,1299,1.7583198547363281,,,0.007991169579327106
4026,9.0,611,0.8350954055786133,,,0.017429636791348457
4027,21.0,1042,1.413619041442871,,,0.016615288332104683
4028,15.0,848,1.153031349182129,,,0.0012920257868245244
4029,15.0,778,1.0608975887298584,,,0.010560853406786919
4030,10.0,530,0.7187840938568115,,,0.022767864167690277
4031,10.0,637,0.8703744411468506,,,0.007751080207526684
4032,7.0,356,0.49144864082336426,,,0.007798465900123119
4033,8.0,399,0.5472583770751953,,,0.005851867608726025
4034,7.0,501,0.6823303699493408,,,0.0067842938005924225
4035,6.0,499,0.6728498935699463,,,0.04278621822595596
4036,18.0,940,1.2623176574707031,,,0.02073839120566845
4037,13.0,649,0.8802716732025146,,,0.0011432793689891696
4038,14.0,845,1.1381769180297852,,,0.006418286357074976
4039,11.0,899,1.212179183959961,,,0.013772659935057163
4040,17.0,715,0.96244215965271,,,0.018102943897247314
4041,15.0,855,1.1516189575195312,,,0.026572775095701218
4042,14.0,817,1.097038745880127,,,0.02210725098848343
4043,15.0,985,1.3259520530700684,,,0.02179950661957264
4044,4.0,577,0.7787468433380127,,,0.003579705487936735
4045,19.0,1075,1.441999912261963,,,0.024544283747673035
4046,11.0,673,0.9033336639404297,,,0.017457056790590286
4047,15.0,741,0.9951980113983154,,,0.02072933316230774
4048,13.0,631,0.8499460220336914,,,0.014556326903402805
4049,16.0,835,1.1284401416778564,,,0.014693861827254295
4050,14.0,726,0.975487232208252,,,0.013393700122833252
4051,1.0,356,0.4827384948730469,,,0.017275827005505562
4052,16.0,885,1.188119888305664,,,0.03783879429101944
4053,12.0,647,0.8725533485412598,,,0.0139823779463768
4054,20.0,1288,1.7366254329681396,,,0.041495878249406815
4055,17.0,1013,1.3792755603790283,,,0.014268015511333942
4056,20.0,1140,1.5459678173065186,,,0.011930217035114765
4057,9.0,657,0.8984451293945312,,,0.013309077359735966
4058,7.0,375,0.5127942562103271,,,0.030992845073342323
4059,9.0,689,0.9397096633911133,,,0.014312447048723698
4060,15.0,865,1.1749107837677002,,,0.029261846095323563
4061,13.0,833,1.1325085163116455,,,0.004590798169374466
4062,9.0,840,1.1463367938995361,,,0.009002127684652805
4063,9.0,905,1.2275049686431885,,,0.013724376447498798
4064,7.0,355,0.48258256912231445,,,0.011165998876094818
4065,11.0,685,0.9346003532409668,,,0.02228112705051899
4066,10.0,695,0.9504337310791016,,,0.010843677446246147
4067,8.0,475,0.6535143852233887,,,0.013795479200780392
4068,23.0,1390,1.8718554973602295,,,0.03600134328007698
4069,23.0,867,1.1789991855621338,,,0.026087220758199692
4070,17.0,937,1.2647151947021484,,,0.010819496586918831
4071,9.0,632,0.8660311698913574,,,0.0174007136374712
4072,12.0,951,1.3004591464996338,,,0.005053611472249031
4073,22.0,1047,1.4232401847839355,,,0.009557737037539482
4074,13.0,827,1.1220049858093262,,,0.007681599352508783
4075,13.0,835,1.1316325664520264,,,0.011732545681297779
4076,15.0,680,0.9309608936309814,,,0.031332310289144516
4077,9.0,696,0.9425342082977295,,,0.0117813590914011
4078,14.0,1014,1.368837594985962,,,0.026509588584303856
4079,5.0,502,0.6831669807434082,,,0.014225367456674576
4080,16.0,965,1.3212673664093018,,,0.004749234765768051
4081,13.0,693,0.950775146484375,,,0.031574998050928116
4082,8.0,656,0.8927042484283447,,,0.018672380596399307
4083,26.0,1423,1.9307644367218018,,,0.0235640536993742
4084,27.0,1845,2.474977493286133,,,0.0047001163475215435
4085,9.0,704,0.9634072780609131,,,0.008332234807312489
4086,3.0,433,0.5930068492889404,,,0.021276984363794327
4087,9.0,643,0.8762657642364502,,,0.023244669660925865
4088,20.0,1061,1.4346489906311035,,,0.023547429591417313
4089,4.0,386,0.5321383476257324,,,0.00337163545191288
4090,8.0,677,0.928720235824585,,,0.012901869602501392
4091,14.0,738,1.009389877319336,,,0.013543201610445976
4092,8.0,521,0.711632251739502,,,0.04129345715045929
4093,24.0,854,1.1580810546875,,,0.011682923883199692
4094,10.0,654,0.8940904140472412,,,0.016093065962195396
4095,15.0,819,1.114872932434082,,,0.012212472036480904
4096,6.0,586,0.800926923751831,,,0.010233398526906967
4097,9.0,566,0.7728257179260254,,,0.005219712853431702
4098,20.0,964,1.322655200958252,,,0.015926240012049675
4099,15.0,681,0.9344542026519775,,,0.01602260023355484
4100,20.0,1079,1.4561090469360352,,,0.020318103954195976
4101,3.0,547,0.7495014667510986,,,0.03069479577243328
4102,15.0,724,0.9919309616088867,,,0.013240720145404339
4103,8.0,536,0.7230803966522217,,,0.020730700343847275
4104,9.0,654,0.8857998847961426,,,0.0012168515240773559
4105,13.0,990,1.3462810516357422,,,0.024654045701026917
4106,48.0,2083,2.775651693344116,,,0.011659332551062107
4107,20.0,1061,1.4210004806518555,,,0.010265550576150417
4108,20.0,1186,1.5919601917266846,,,0.01328986044973135
4109,9.0,757,1.0334866046905518,,,0.02039964869618416
4110,12.0,676,0.921931266784668,,,0.019469011574983597
4111,12.0,685,0.9302346706390381,,,0.008145872503519058
4112,4.0,355,0.48087620735168457,,,0.004556424915790558
4113,9.0,609,0.8268337249755859,,,0.0544697605073452
4114,25.0,1001,1.342639446258545,,,0.01485907007008791
4115,7.0,662,0.9005637168884277,,,0.008233345113694668
4116,12.0,649,0.8804113864898682,,,0.021978797391057014
4117,7.0,662,0.9070329666137695,,,0.014754066243767738
4118,9.0,549,0.7377614974975586,,,0.0010494479211047292
4119,10.0,604,0.8204421997070312,,,0.01182590238749981
4120,20.0,953,1.29366135597229,,,0.011137250810861588
4121,12.0,662,0.9004266262054443,,,0.02215537428855896
4122,18.0,760,1.0341622829437256,,,0.010922866873443127
4123,24.0,1092,1.4823129177093506,,,0.003951133694499731
4124,11.0,630,0.8638916015625,,,0.012693510390818119
4125,4.0,366,0.5060360431671143,,,0.01967671886086464
4126,16.0,1008,1.3738892078399658,,,0.01057982537895441
4127,13.0,676,0.9210257530212402,,,0.001338061410933733
4128,16.0,1109,1.5025889873504639,,,0.011212923564016819
4129,5.0,351,0.48155713081359863,,,0.007786348462104797
4130,14.0,636,0.8670134544372559,,,0.01978471875190735
4131,8.0,583,0.7921876907348633,,,0.012863930314779282
4132,3.0,371,0.5098505020141602,,,0.013572043739259243
4133,20.0,944,1.2767999172210693,,,0.013502267189323902
4134,18.0,901,1.2122211456298828,,,0.015233783051371574
4135,10.0,655,0.8834502696990967,,,0.011729217134416103
4136,5.0,501,0.6711733341217041,,,0.005596750881522894
4137,18.0,975,1.3128654956817627,,,0.019372273236513138
4138,17.0,871,1.1705663204193115,,,0.007524215150624514
4139,18.0,895,1.1975603103637695,,,0.008205334655940533
4140,12.0,670,0.9045531749725342,,,0.0038747969083487988
4141,24.0,1459,1.9548323154449463,,,0.0111686484888196
4142,5.0,643,0.8756680488586426,,,0.012126924470067024
4143,18.0,830,1.1064763069152832,,,0.008095449768006802
4144,13.0,763,1.0317716598510742,,,0.008156061172485352
4145,16.0,997,1.3385937213897705,,,0.01114189624786377
4146,14.0,728,0.9733421802520752,,,0.02130027301609516
4147,16.0,833,1.1183226108551025,,,0.008094919845461845
4148,7.0,392,0.533031702041626,,,0.027827339246869087
4149,17.0,798,1.0719993114471436,,,0.024556690827012062
4150,14.0,853,1.1415042877197266,,,0.008151775225996971
4151,12.0,664,0.8903927803039551,,,0.01540455687791109
4152,7.0,652,0.8826863765716553,,,0.014117351733148098
4153,13.0,678,0.925731897354126,,,0.0037516222801059484
4154,12.0,669,0.91487717628479,,,0.01666293293237686
4155,13.0,754,1.0261778831481934,,,0.017038973048329353
4156,13.0,884,1.213454246520996,,,0.02630818821489811
4157,5.0,383,0.526019811630249,,,0.01572170853614807
4158,11.0,671,0.9168047904968262,,,0.007903890684247017
4159,13.0,1257,1.7160899639129639,,,0.02970869280397892
4160,19.0,1079,1.4720673561096191,,,0.011553123593330383
4161,4.0,376,0.5163900852203369,,,0.016189778223633766
4162,6.0,508,0.6953260898590088,,,0.010907418094575405
4163,14.0,774,1.048487663269043,,,0.010432694107294083
4164,9.0,783,1.0632078647613525,,,0.008556936867535114
4165,15.0,747,1.0224969387054443,,,0.012068524025380611
4166,8.0,545,0.743931770324707,,,0.01641230843961239
4167,13.0,659,0.9033536911010742,,,0.021458318457007408
4168,19.0,859,1.164388656616211,,,0.04472512751817703
4169,9.0,684,0.9389810562133789,,,0.00981786847114563
4170,16.0,915,1.2390859127044678,,,0.007723400369286537
4171,7.0,551,0.7502713203430176,,,0.03546823933720589
4172,12.0,681,0.9324252605438232,,,0.023819148540496826
4173,13.0,735,1.0015621185302734,,,0.004165741614997387
4174,13.0,660,0.9018969535827637,,,0.028874320909380913
4175,13.0,788,1.0636467933654785,,,0.03178149834275246
4176,12.0,732,0.9941415786743164,,,0.009050124324858189
4177,16.0,1061,1.440183162689209,,,0.013330522924661636
4178,16.0,805,1.0992565155029297,,,0.007331142667680979
4179,13.0,709,0.9634132385253906,,,0.007867447100579739
4180,5.0,513,0.7014548778533936,,,0.01619398407638073
4181,8.0,397,0.5425174236297607,,,0.005777554586529732
4182,17.0,1040,1.4133193492889404,,,0.016118912026286125
4183,19.0,955,1.307192325592041,,,0.010857596062123775
4184,18.0,1233,1.6761949062347412,,,0.008752167224884033
4185,8.0,763,1.0365705490112305,,,0.014157806523144245
4186,13.0,639,0.8731064796447754,,,0.019079500809311867
4187,16.0,823,1.1279103755950928,,,0.02168336510658264
4188,14.0,712,0.9701952934265137,,,0.026421237736940384
4189,12.0,616,0.8394684791564941,,,0.010831547901034355
4190,7.0,699,0.9427511692047119,,,0.010869143530726433
4191,14.0,831,1.115919828414917,,,0.004693361930549145
4192,8.0,641,0.8634848594665527,,,0.005763929337263107
4193,13.0,637,0.8593695163726807,,,0.008259051479399204
4194,9.0,646,0.8700346946716309,,,0.013468321412801743
4195,14.0,1003,1.3573944568634033,,,0.030429458245635033
4196,12.0,785,1.0671029090881348,,,0.011237569153308868
4197,15.0,1047,1.4196319580078125,,,0.007143628783524036
4198,5.0,606,0.8279135227203369,,,0.014234588481485844
4199,10.0,861,1.1771059036254883,,,0.016489986330270767
4200,7.0,469,0.6432514190673828,,,0.004542854614555836
4201,6.0,407,0.55704665184021,,,0.00766754150390625
4202,7.0,448,0.6088967323303223,,,0.008161584846675396
4203,11.0,657,0.8903753757476807,,,0.008396019227802753
4204,15.0,768,1.0410699844360352,,,0.02412429079413414
4205,19.0,1027,1.406933307647705,,,0.010391402058303356
4206,5.0,497,0.6784951686859131,,,0.030019478872418404
4207,20.0,1053,1.4355418682098389,,,0.023356547579169273
4208,8.0,674,0.9160778522491455,,,0.017397839576005936
4209,23.0,982,1.3318004608154297,,,0.008688845671713352
4210,21.0,909,1.2315154075622559,,,0.018045730888843536
4211,12.0,653,0.8911962509155273,,,0.004668629262596369
4212,13.0,805,1.0860800743103027,,,0.0044390056282281876
4213,7.0,624,0.8568086624145508,,,0.0196395181119442
4214,8.0,663,0.9060442447662354,,,0.03716624900698662
4215,12.0,642,0.8751590251922607,,,0.01427302323281765
4216,14.0,829,1.1244497299194336,,,0.012806867249310017
4217,12.0,694,0.9392735958099365,,,0.004241658840328455
4218,17.0,1113,1.5104587078094482,,,0.004183626268059015
4219,10.0,665,0.9095907211303711,,,0.019761323928833008
4220,17.0,902,1.2287440299987793,,,0.011059558019042015
4221,3.0,403,0.5496807098388672,,,0.011209455318748951
4222,6.0,397,0.5427916049957275,,,0.011235696263611317
4223,14.0,785,1.0682005882263184,,,0.005971346981823444
4224,20.0,935,1.2650697231292725,,,0.011795022524893284
4225,5.0,515,0.7016334533691406,,,0.014623950235545635
4226,6.0,472,0.6387026309967041,,,0.01797454245388508
4227,10.0,680,0.9321973323822021,,,0.02676703780889511
4228,5.0,356,0.4871370792388916,,,0.008020531386137009
4229,7.0,639,0.8723478317260742,,,0.010381429456174374
4230,9.0,628,0.859112024307251,,,0.014814680442214012
4231,20.0,873,1.1887826919555664,,,0.02530371956527233
4232,10.0,604,0.8215823173522949,,,0.01240007858723402
4233,18.0,807,1.1021337509155273,,,0.026419226080179214
4234,9.0,585,0.7918176651000977,,,0.006241824012249708
4235,3.0,500,0.678302526473999,,,0.01758583076298237
4236,22.0,989,1.327399492263794,,,0.01695960760116577
4237,12.0,627,0.8466837406158447,,,0.014530676417052746
4238,6.0,379,0.5112941265106201,,,0.00786893256008625
4239,10.0,555,0.7599935531616211,,,0.006744248326867819
4240,28.0,1282,1.710961103439331,,,0.021059857681393623
4241,12.0,655,0.8830170631408691,,,0.02476268820464611
4242,12.0,656,0.8841032981872559,,,0.013260705396533012
4243,19.0,1121,1.506340503692627,,,0.013867768459022045
4244,14.0,824,1.1143584251403809,,,0.009645309299230576
4245,6.0,403,0.5488884449005127,,,0.026219850406050682
4246,25.0,1327,1.7851495742797852,,,0.007841426879167557
4247,13.0,943,1.2745451927185059,,,0.00719002541154623
4248,12.0,831,1.1342456340789795,,,0.011372719891369343
4249,29.0,1152,1.5587952136993408,,,0.0044123767875134945
4250,18.0,918,1.2460501194000244,,,0.003530746791511774
4251,7.0,483,0.6622359752655029,,,0.015878712758421898
4252,26.0,1625,2.178920030593872,,,0.040899645537137985
4253,5.0,417,0.5699608325958252,,,0.008106622844934464
4254,7.0,561,0.7542221546173096,,,0.012416141107678413
4255,10.0,706,0.9480233192443848,,,0.028667131438851357
4256,7.0,398,0.5372955799102783,,,0.023629838600754738
4257,7.0,558,0.751772403717041,,,0.04065387696027756
4258,12.0,669,0.8990883827209473,,,0.0015604259679093957
4259,7.0,392,0.5321981906890869,,,0.01245281845331192
4260,8.0,599,0.8145589828491211,,,0.001642518793232739
4261,14.0,1126,1.511507511138916,,,0.007627369835972786
4262,7.0,392,0.5286872386932373,,,0.011489948257803917
4263,17.0,662,0.8991820812225342,,,0.011425779201090336
4264,16.0,724,0.9850482940673828,,,0.01587185077369213
4265,9.0,781,1.0623490810394287,,,0.024636313319206238
4266,7.0,392,0.5366206169128418,,,0.008285322226583958
4267,6.0,667,0.9099781513214111,,,0.007833645679056644
4268,17.0,693,0.9462471008300781,,,0.014198054559528828
4269,16.0,933,1.2703776359558105,,,0.012797149829566479
4270,11.0,700,0.9553313255310059,,,0.03235189616680145
4271,15.0,594,0.8056044578552246,,,0.012534456327557564
4272,7.0,392,0.5347385406494141,,,0.016667619347572327
4273,25.0,1375,1.8551368713378906,,,0.025121955201029778
4274,13.0,691,0.9418303966522217,,,0.03522983938455582
4275,18.0,767,1.042311191558838,,,0.011464751325547695
4276,17.0,1043,1.4196171760559082,,,0.008030451834201813
4277,13.0,674,0.918738842010498,,,0.02726886235177517
4278,9.0,658,0.8986122608184814,,,0.03035709820687771
4279,8.0,610,0.8442730903625488,,,0.013078022748231888
4280,9.0,612,0.8350858688354492,,,0.018546083942055702
4281,4.0,395,0.5334134101867676,,,0.014512142166495323
4282,23.0,1235,1.6635239124298096,,,0.005364351440221071
4283,22.0,936,1.2717878818511963,,,0.009847767651081085
4284,3.0,329,0.44611048698425293,,,0.0153425931930542
4285,2.0,309,0.43180060386657715,,,0.0019797703716903925
4286,19.0,845,1.1483078002929688,,,0.009051124565303326
4287,18.0,863,1.1775548458099365,,,0.017833897843956947
4288,14.0,775,1.053307294845581,,,0.02477068454027176
4289,16.0,877,1.1908702850341797,,,0.005048028193414211
4290,8.0,617,0.8458383083343506,,,0.044680405408144
4291,14.0,1120,1.5244264602661133,,,0.012656542472541332
4292,14.0,747,1.0237646102905273,,,0.013930808752775192
4293,6.0,363,0.4971945285797119,,,0.031309980899095535
4294,4.0,409,0.5677347183227539,,,0.014621328562498093
4295,27.0,1457,1.9662251472473145,,,0.007544182240962982
4296,11.0,683,0.9404568672180176,,,0.01841641589999199
4297,7.0,496,0.6821177005767822,,,0.022759145125746727
4298,6.0,380,0.5211570262908936,,,0.0034059653989970684
4299,5.0,393,0.5342845916748047,,,0.001098192180506885
4300,12.0,697,0.9448888301849365,,,0.00787113606929779
4301,3.0,389,0.5348422527313232,,,0.004612025339156389
4302,12.0,675,0.9251856803894043,,,0.02964640222489834
4303,12.0,918,1.253209114074707,,,0.02372603490948677
4304,25.0,1205,1.6310813426971436,,,0.03119535557925701
4305,14.0,703,0.9659419059753418,,,0.016337815672159195
4306,4.0,513,0.6992604732513428,,,0.014667731709778309
4307,24.0,1193,1.613020658493042,,,0.014014091342687607
4308,7.0,491,0.675771951675415,,,0.0013059737393632531
4309,14.0,833,1.1233222484588623,,,0.011729922145605087
4310,10.0,667,0.9059967994689941,,,0.012433776631951332
4311,15.0,889,1.1980633735656738,,,0.024711303412914276
4312,12.0,658,0.8842875957489014,,,0.012712527997791767
4313,24.0,1323,1.7741522789001465,,,0.011331556364893913
4314,11.0,675,0.9174399375915527,,,0.019237540662288666
4315,18.0,679,0.9159634113311768,,,0.018652083352208138
4316,16.0,862,1.1721010208129883,,,0.0023233466781675816
4317,13.0,767,1.0502190589904785,,,0.00409470172598958
4318,18.0,869,1.1926720142364502,,,0.006454188842326403
4319,9.0,653,0.894235372543335,,,0.011012759059667587
4320,19.0,1102,1.487504482269287,,,0.008625753223896027
4321,14.0,793,1.0653104782104492,,,0.016056520864367485
4322,15.0,720,0.9727227687835693,,,0.004444566555321217
4323,12.0,640,0.8594841957092285,,,0.011094605550169945
4324,11.0,697,0.9413797855377197,,,0.04499966651201248
4325,20.0,1183,1.6014153957366943,,,0.008276634849607944
4326,6.0,355,0.48716306686401367,,,0.019283780828118324
4327,6.0,378,0.5209362506866455,,,0.0100783696398139
4328,12.0,663,0.8976016044616699,,,0.018848402425646782
4329,13.0,836,1.1409289836883545,,,0.03028607740998268
4330,12.0,678,0.9315164089202881,,,0.015455895103514194
4331,13.0,683,0.9294922351837158,,,0.00963820330798626
4332,12.0,688,0.930452823638916,,,0.014483063481748104
4333,9.0,503,0.6750586032867432,,,0.015222595073282719
4334,13.0,762,1.0249204635620117,,,0.0048944768495857716
4335,20.0,973,1.3103461265563965,,,0.018011607229709625
4336,16.0,915,1.2386643886566162,,,0.015446529723703861
4337,6.0,380,0.5226657390594482,,,0.015640726312994957
4338,14.0,613,0.8358778953552246,,,0.006536294240504503
4339,6.0,355,0.4806787967681885,,,0.0285098385065794
4340,17.0,854,1.1570899486541748,,,0.016433915123343468
4341,23.0,1046,1.4081997871398926,,,0.008158926852047443
4342,9.0,696,0.9427423477172852,,,0.020776191726326942
4343,14.0,861,1.170337200164795,,,0.012291599065065384
4344,15.0,695,0.9408266544342041,,,0.011850294657051563
4345,5.0,364,0.4985036849975586,,,0.0071556661278009415
4346,12.0,801,1.0866997241973877,,,0.01496167853474617
4347,16.0,833,1.1312406063079834,,,0.011825084686279297
4348,16.0,757,1.036287784576416,,,0.03526342660188675
4349,9.0,573,0.7810595035552979,,,0.008157452568411827
4350,5.0,384,0.5214269161224365,,,0.0016655470244586468
4351,11.0,669,0.9115619659423828,,,0.021782286465168
4352,6.0,335,0.45772409439086914,,,0.012475385330617428
4353,19.0,883,1.1947147846221924,,,0.013279316015541553
4354,11.0,628,0.8445260524749756,,,0.024047693237662315
4355,4.0,381,0.512169361114502,,,0.019853822886943817
4356,12.0,712,0.9617748260498047,,,0.029842432588338852
4357,16.0,941,1.2688252925872803,,,0.0012153369607403874
4358,13.0,611,0.8364861011505127,,,0.023739010095596313
4359,9.0,658,0.8922524452209473,,,0.018639106303453445
4360,4.0,379,0.5224127769470215,,,0.016484756022691727
4361,13.0,716,0.9726481437683105,,,0.01882154867053032
4362,10.0,645,0.8743751049041748,,,0.006854506675153971
4363,9.0,577,0.786980390548706,,,0.0352749302983284
4364,11.0,659,0.8911337852478027,,,0.011986980214715004
4365,3.0,563,0.7715928554534912,,,0.012745101004838943
4366,22.0,1027,1.3863976001739502,,,0.008421367034316063
4367,16.0,889,1.2044975757598877,,,0.007013482972979546
4368,19.0,965,1.313443899154663,,,0.006828679703176022
4369,9.0,665,0.9109089374542236,,,0.015134409070014954
4370,21.0,881,1.1995198726654053,,,0.004462847486138344
4371,15.0,877,1.1956722736358643,,,0.007545477710664272
4372,18.0,827,1.1225507259368896,,,0.00850625243037939
4373,13.0,698,0.9449563026428223,,,0.0015276059275493026
4374,3.0,385,0.5292623043060303,,,0.011538738384842873
4375,11.0,652,0.8913507461547852,,,0.004882449749857187
4376,5.0,635,0.8603684902191162,,,0.017040187492966652
4377,12.0,681,0.9320645332336426,,,0.014508578926324844
4378,8.0,453,0.6139011383056641,,,0.03180190175771713
4379,22.0,887,1.1931769847869873,,,0.004464488942176104
4380,20.0,1097,1.466066598892212,,,0.009258496575057507
4381,12.0,683,0.9277727603912354,,,0.008969742804765701
4382,13.0,836,1.1365892887115479,,,0.010227752849459648
4383,16.0,863,1.1654062271118164,,,0.007290648762136698
4384,7.0,404,0.5487897396087646,,,0.0010896751191467047
4385,8.0,391,0.5360870361328125,,,0.013993947766721249
4386,17.0,899,1.2203929424285889,,,0.02169528603553772
4387,13.0,628,0.8500382900238037,,,0.006883563473820686
4388,13.0,626,0.8480515480041504,,,0.03323969617486
4389,17.0,908,1.2388732433319092,,,0.0046616713516414165
4390,4.0,371,0.5122315883636475,,,0.009923635981976986
4391,9.0,621,0.8450500965118408,,,0.010702870786190033
4392,13.0,649,0.8867475986480713,,,0.019728131592273712
4393,8.0,660,0.8973228931427002,,,0.004135744646191597
4394,12.0,641,0.8665084838867188,,,0.012229684740304947
4395,25.0,1069,1.4402663707733154,,,0.01842467114329338
4396,15.0,709,0.956810474395752,,,0.01871948502957821
4397,27.0,1431,1.9304873943328857,,,0.010646448470652103
4398,21.0,864,1.1726999282836914,,,0.012013006024062634
4399,11.0,619,0.8466610908508301,,,0.008881469257175922
4400,20.0,924,1.2559022903442383,,,0.01573094166815281
4401,9.0,699,0.958139181137085,,,0.024515682831406593
4402,8.0,623,0.8537032604217529,,,0.0037341266870498657
4403,4.0,357,0.4896080493927002,,,0.02916736528277397
4404,3.0,393,0.5351669788360596,,,0.02911599539220333
4405,13.0,613,0.8409645557403564,,,0.014524935744702816
4406,8.0,471,0.642941951751709,,,0.016444794833660126
4407,10.0,584,0.8003911972045898,,,0.004970833193510771
4408,22.0,1095,1.4847924709320068,,,0.014929278753697872
4409,16.0,681,0.9264712333679199,,,0.014002608135342598
4410,16.0,695,0.9430696964263916,,,0.02346431277692318
4411,17.0,908,1.2285325527191162,,,0.012845879420638084
4412,23.0,1114,1.5116753578186035,,,0.024028468877077103
4413,24.0,1445,1.959061861038208,,,0.017028983682394028
4414,27.0,1940,2.612191915512085,,,0.015906963497400284
4415,4.0,543,0.7356014251708984,,,0.002258667955175042
4416,11.0,637,0.8643720149993896,,,0.021490391343832016
4417,8.0,548,0.7422854900360107,,,0.021269435063004494
4418,10.0,685,0.9237616062164307,,,0.01154614519327879
4419,9.0,614,0.8209359645843506,,,0.008684731088578701
4420,16.0,827,1.112450361251831,,,0.013458354398608208
4421,4.0,577,0.787614107131958,,,0.016121942549943924
4422,5.0,397,0.5439953804016113,,,0.009356245398521423
4423,10.0,665,0.906959056854248,,,0.007326509337872267
4424,7.0,693,0.9435865879058838,,,0.009890944696962833
4425,8.0,629,0.8599584102630615,,,0.025067567825317383
4426,12.0,688,0.9381163120269775,,,0.018158866092562675
4427,3.0,366,0.49602627754211426,,,0.007393756881356239
4428,8.0,496,0.666511058807373,,,0.008869310840964317
4429,8.0,487,0.6621415615081787,,,0.009033010341227055
4430,18.0,823,1.113168478012085,,,0.007970706559717655
4431,11.0,663,0.9034979343414307,,,0.015203983522951603
4432,18.0,904,1.236142873764038,,,0.007103911135345697
4433,10.0,567,0.7691583633422852,,,0.017615439370274544
4434,4.0,378,0.5111899375915527,,,0.01069397758692503
4435,13.0,901,1.2072086334228516,,,0.014214687049388885
4436,14.0,889,1.1926531791687012,,,0.016069037839770317
4437,9.0,806,1.0920701026916504,,,0.033033136278390884
4438,10.0,660,0.8905541896820068,,,0.006981185171753168
4439,3.0,385,0.5177044868469238,,,0.021702421829104424
4440,13.0,691,0.9328479766845703,,,0.015465382486581802
4441,7.0,392,0.5269763469696045,,,0.0070902141742408276
4442,6.0,387,0.5256476402282715,,,0.007133951410651207
4443,8.0,501,0.6817054748535156,,,0.023541100323200226
4444,23.0,1205,1.6282799243927002,,,0.015367237851023674
4445,12.0,661,0.9009528160095215,,,0.01413100678473711
4446,12.0,652,0.882659912109375,,,0.0285088662058115
4447,14.0,682,0.9257886409759521,,,0.013165969401597977
4448,17.0,869,1.18064284324646,,,0.027813240885734558
4449,3.0,384,0.5293891429901123,,,0.006296518724411726
4450,11.0,675,0.922046422958374,,,0.006842450704425573
4451,21.0,1129,1.5208697319030762,,,0.012144587002694607
4452,10.0,665,0.89605712890625,,,0.024325519800186157
4453,3.0,385,0.5201795101165771,,,0.01942198909819126
4454,18.0,1183,1.593806505203247,,,0.014875807799398899
4455,3.0,392,0.5302276611328125,,,0.008350099436938763
4456,7.0,656,0.8946197032928467,,,0.02977113053202629
4457,21.0,1093,1.4691648483276367,,,0.013412329368293285
4458,4.0,485,0.6586778163909912,,,0.016413187608122826
4459,13.0,660,0.9000914096832275,,,0.03916594013571739
4460,13.0,621,0.83823561668396,,,0.004833904094994068
4461,8.0,645,0.8753077983856201,,,0.002204959513619542
4462,5.0,384,0.51902174949646,,,0.01100880652666092
4463,15.0,739,1.001211166381836,,,0.014147954992949963
4464,16.0,823,1.1152257919311523,,,0.03592275455594063
4465,17.0,821,1.1032967567443848,,,0.0012513685505837202
4466,16.0,793,1.0733380317687988,,,0.006570839323103428
4467,28.0,1020,1.366567611694336,,,0.009698521345853806
4468,9.0,583,0.7841987609863281,,,0.02431531623005867
4469,3.0,389,0.5342023372650146,,,0.019633423537015915
4470,4.0,455,0.6132774353027344,,,0.010556768625974655
4471,6.0,403,0.5521552562713623,,,0.04092784598469734
4472,4.0,367,0.49988627433776855,,,0.012681003659963608
4473,8.0,480,0.647956132888794,,,0.06868166476488113
4474,18.0,999,1.3393571376800537,,,0.014798195101320744
4475,12.0,631,0.8529467582702637,,,0.009576831944286823
4476,13.0,625,0.8495199680328369,,,0.016473589465022087
4477,4.0,503,0.6786272525787354,,,0.006416736636310816
4478,17.0,805,1.0830390453338623,,,0.007011021953076124
4479,10.0,503,0.6861302852630615,,,0.026341138407588005
4480,12.0,662,0.8935458660125732,,,0.03568818420171738
4481,13.0,953,1.2897679805755615,,,0.01421402022242546
4482,15.0,852,1.1450741291046143,,,0.02684781700372696
4483,3.0,344,0.4725313186645508,,,0.007687231060117483
4484,3.0,401,0.5459582805633545,,,0.022106396034359932
4485,14.0,825,1.117671012878418,,,0.008834321051836014
4486,6.0,651,0.8813726902008057,,,0.007677532732486725
4487,13.0,667,0.9008665084838867,,,0.0454813688993454
4488,15.0,759,1.040149450302124,,,0.00936040934175253
4489,18.0,1151,1.55391263961792,,,0.014499785378575325
4490,3.0,383,0.5156238079071045,,,0.007809466682374477
4491,3.0,499,0.6731808185577393,,,0.008409352041780949
4492,15.0,827,1.1177003383636475,,,0.007020536344498396
4493,12.0,661,0.8886725902557373,,,0.024750882759690285
4494,17.0,1207,1.6408252716064453,,,0.015235375612974167
4495,6.0,392,0.5341644287109375,,,0.010004524141550064
4496,5.0,399,0.5447041988372803,,,0.030087942257523537
4497,13.0,677,0.9144382476806641,,,0.00849634688347578
4498,4.0,652,0.8925549983978271,,,0.009723994880914688
4499,10.0,640,0.8730587959289551,,,0.002807813696563244
4500,12.0,829,1.1230738162994385,,,0.023112500086426735
4501,19.0,936,1.2661962509155273,,,0.017511583864688873
4502,19.0,889,1.1927440166473389,,,0.018250634893774986
4503,4.0,401,0.5429542064666748,,,0.039217352867126465
4504,13.0,783,1.05186128616333,,,0.008690972812473774
4505,16.0,864,1.159973382949829,,,0.01890464872121811
4506,15.0,712,0.9609682559967041,,,0.015446977689862251
4507,12.0,663,0.9078845977783203,,,0.02542247623205185
4508,13.0,919,1.238670825958252,,,0.02094547636806965
4509,10.0,656,0.8872499465942383,,,0.023559506982564926
4510,3.0,581,0.7861800193786621,,,0.018108047544956207
4511,4.0,505,0.6789498329162598,,,0.01725338026881218
4512,3.0,385,0.5245718955993652,,,0.012377978302538395
4513,3.0,416,0.5744969844818115,,,0.00633764686062932
4514,4.0,323,0.446610689163208,,,0.012827260419726372
4515,2.0,398,0.5481345653533936,,,0.025214621797204018
4516,20.0,1151,1.555119276046753,,,0.015658030286431313
4517,5.0,397,0.5453367233276367,,,0.0084398677572608
4518,13.0,637,0.8759362697601318,,,0.012846667319536209
4519,12.0,669,0.9175195693969727,,,0.008620571345090866
4520,9.0,666,0.9127864837646484,,,0.00983432400971651
4521,10.0,672,0.9108569622039795,,,0.004557836335152388
4522,10.0,691,0.9410049915313721,,,0.009830676019191742
4523,10.0,625,0.8524270057678223,,,0.01317440066486597
4524,15.0,902,1.2237884998321533,,,0.03946274146437645
4525,13.0,628,0.8580291271209717,,,0.00901613850146532
4526,3.0,385,0.5294718742370605,,,0.010956359095871449
4527,12.0,633,0.8674993515014648,,,0.017963562160730362
4528,17.0,821,1.1171667575836182,,,0.004619405139237642
4529,4.0,561,0.7702071666717529,,,0.002748148748651147
4530,11.0,608,0.8392951488494873,,,0.0113822715356946
4531,3.0,585,0.8045978546142578,,,0.03648876026272774
4532,12.0,664,0.9059286117553711,,,0.010486596263945103
4533,6.0,565,0.7742843627929688,,,0.02010152116417885
4534,13.0,646,0.8758432865142822,,,0.011278387159109116
4535,7.0,401,0.5507810115814209,,,0.006966769229620695
4536,6.0,406,0.5566158294677734,,,0.00946404691785574
4537,8.0,484,0.665980339050293,,,0.007490679621696472
4538,12.0,662,0.903637170791626,,,0.017894821241497993
4539,13.0,636,0.8697383403778076,,,0.012347257696092129
4540,17.0,939,1.2757635116577148,,,0.010406771674752235
4541,13.0,640,0.8738443851470947,,,0.01560614537447691
4542,19.0,813,1.1073644161224365,,,0.0343727245926857
4543,7.0,618,0.8430969715118408,,,0.01993422582745552
4544,15.0,789,1.0752789974212646,,,0.031269196420907974
4545,16.0,751,1.0279936790466309,,,0.004607012495398521
4546,18.0,895,1.217897891998291,,,0.006072770804166794
4547,5.0,507,0.6973798274993896,,,0.007253530900925398
4548,7.0,509,0.6957495212554932,,,0.006285673938691616
4549,6.0,498,0.6760914325714111,,,0.017369065433740616
4550,26.0,1155,1.5676250457763672,,,0.00954053271561861
4551,26.0,1246,1.672959327697754,,,0.047830913215875626
4552,13.0,630,0.8569555282592773,,,0.008918492123484612
4553,7.0,669,0.9126911163330078,,,0.004458225332200527
4554,18.0,871,1.183861494064331,,,0.005904071498662233
4555,3.0,595,0.8118021488189697,,,0.009290679357945919
4556,6.0,633,0.8637640476226807,,,0.030452312901616096
4557,3.0,385,0.5270516872406006,,,0.02666078880429268
4558,25.0,1396,1.8878602981567383,,,0.0161515511572361
4559,5.0,396,0.5399296283721924,,,0.021876897662878036
4560,7.0,542,0.741851806640625,,,0.02197611890733242
4561,15.0,1004,1.3700330257415771,,,0.010657147504389286
4562,17.0,885,1.20310640335083,,,0.006856671068817377
4563,23.0,1455,1.9641437530517578,,,0.013454887084662914
4564,9.0,481,0.6580781936645508,,,0.025255056098103523
4565,15.0,677,0.9293849468231201,,,0.025077104568481445
4566,10.0,535,0.7347531318664551,,,0.01026246789842844
4567,24.0,989,1.3483543395996094,,,0.01473364606499672
4568,18.0,875,1.1937370300292969,,,0.012052246369421482
4569,13.0,758,1.0389842987060547,,,0.03515220433473587
4570,7.0,555,0.7618973255157471,,,0.04719658941030502
4571,8.0,787,1.0676937103271484,,,0.029199257493019104
4572,13.0,587,0.8018820285797119,,,0.008243835531175137
4573,3.0,511,0.7007551193237305,,,0.002772885374724865
4574,13.0,653,0.8953678607940674,,,0.022466009482741356
4575,8.0,619,0.8452699184417725,,,0.016974827274680138
4576,11.0,621,0.8525681495666504,,,0.02712487429380417
4577,13.0,691,0.9482603073120117,,,0.02568606287240982
4578,4.0,514,0.7023675441741943,,,0.003998249769210815
4579,7.0,405,0.5550987720489502,,,0.010981742292642593
4580,3.0,385,0.5336592197418213,,,0.005870187189429998
4581,8.0,654,0.8881452083587646,,,0.01888711377978325
4582,23.0,1037,1.4039649963378906,,,0.003166974987834692
4583,16.0,785,1.0740914344787598,,,0.010681330226361752
4584,9.0,606,0.8269803524017334,,,0.011041665449738503
4585,13.0,634,0.8730206489562988,,,0.016349053010344505
4586,17.0,720,0.9771695137023926,,,0.007785627618432045
4587,9.0,603,0.8292193412780762,,,0.01140100322663784
4588,5.0,652,0.8852639198303223,,,0.006387087516486645
4589,15.0,677,0.9251632690429688,,,0.015243718400597572
4590,7.0,458,0.622227668762207,,,0.007510852999985218
4591,4.0,563,0.7702360153198242,,,0.008071623742580414
4592,7.0,491,0.6703789234161377,,,0.007844120264053345
4593,14.0,681,0.9195325374603271,,,0.006108184810727835
4594,9.0,542,0.7338249683380127,,,0.017089104279875755
4595,11.0,539,0.7301108837127686,,,0.006100155413150787
4596,6.0,494,0.6722631454467773,,,0.015402653254568577
4597,12.0,637,0.8561978340148926,,,0.005333890672773123
4598,4.0,378,0.5101335048675537,,,0.02690945379436016
4599,8.0,529,0.7228753566741943,,,0.020842846482992172
4600,10.0,709,0.9628734588623047,,,0.008767002262175083
4601,29.0,1306,1.7469329833984375,,,0.04511808604001999
4602,6.0,680,0.9201221466064453,,,0.009724760428071022
4603,12.0,655,0.88718581199646,,,0.0054740686900913715
4604,13.0,579,0.7898783683776855,,,0.0251157209277153
4605,3.0,429,0.5855751037597656,,,0.018323849886655807
4606,9.0,636,0.8704006671905518,,,0.023040343075990677
4607,5.0,512,0.7047924995422363,,,0.018655555322766304
4608,6.0,393,0.5355994701385498,,,0.013459635898470879
4609,3.0,387,0.5339291095733643,,,0.021050307899713516
4610,13.0,931,1.2712843418121338,,,0.008808222599327564
4611,10.0,500,0.6824891567230225,,,0.010584126226603985
4612,2.0,353,0.4825737476348877,,,0.013056403025984764
4613,18.0,795,1.0892202854156494,,,0.004299425985664129
4614,8.0,481,0.6597487926483154,,,0.02018461935222149
4615,10.0,693,0.9423046112060547,,,0.020861780270934105
4616,12.0,691,0.9456090927124023,,,0.017445605248212814
4617,3.0,355,0.4847078323364258,,,0.025219228118658066
4618,25.0,1010,1.3662934303283691,,,0.014110124669969082
4619,17.0,759,1.0378406047821045,,,0.018647992983460426
4620,12.0,683,0.9336893558502197,,,0.01198777835816145
4621,14.0,991,1.355832815170288,,,0.04595252498984337
4622,20.0,915,1.241873025894165,,,0.008651603013277054
4623,3.0,385,0.5266823768615723,,,0.01358063519001007
4624,4.0,360,0.4914534091949463,,,0.005178464576601982
4625,9.0,634,0.8628871440887451,,,0.026582058519124985
4626,13.0,611,0.8315446376800537,,,0.016593124717473984
4627,15.0,816,1.114518165588379,,,0.033542148768901825
4628,13.0,626,0.8531997203826904,,,0.012340645305812359
4629,5.0,409,0.5607008934020996,,,0.02282518707215786
4630,12.0,679,0.9212141036987305,,,0.02597147598862648
4631,11.0,651,0.8774511814117432,,,0.009081492200493813
4632,13.0,638,0.8625879287719727,,,0.00865866057574749
4633,13.0,565,0.7721014022827148,,,0.024895017966628075
4634,5.0,469,0.6481165885925293,,,0.019197631627321243
4635,4.0,400,0.5428109169006348,,,0.007496608421206474
4636,14.0,709,0.963639497756958,,,0.0018653958104550838
4637,9.0,483,0.6599924564361572,,,0.026721134781837463
4638,22.0,1003,1.366485834121704,,,0.012028845958411694
4639,3.0,431,0.5899667739868164,,,0.024125760421156883
4640,13.0,618,0.8390932083129883,,,0.007697463966906071
4641,5.0,496,0.6803319454193115,,,0.05436807870864868
4642,6.0,355,0.48990821838378906,,,0.026864565908908844
4643,7.0,392,0.5367343425750732,,,0.01807617023587227
4644,5.0,637,0.8692600727081299,,,0.008020802401006222
4645,22.0,846,1.1483712196350098,,,0.012639802880585194
4646,3.0,343,0.4693751335144043,,,0.008040213026106358
4647,7.0,655,0.8905375003814697,,,0.03825123980641365
4648,8.0,531,0.7202126979827881,,,0.009413860738277435
4649,2.0,623,0.8518593311309814,,,0.0015606345841661096
4650,7.0,591,0.7997951507568359,,,0.007981979288160801
4651,31.0,1461,1.937509536743164,,,0.006395055912435055
4652,8.0,520,0.7024052143096924,,,0.012020115740597248
4653,19.0,887,1.2115936279296875,,,0.0017676064744591713
4654,11.0,797,1.0727338790893555,,,0.016336366534233093
4655,12.0,687,0.9269402027130127,,,0.015404591336846352
4656,15.0,945,1.2813854217529297,,,0.013210647739470005
4657,3.0,386,0.5263164043426514,,,0.014948693104088306
4658,2.0,481,0.661130428314209,,,0.013378467410802841
4659,9.0,694,0.9482383728027344,,,0.016786497086286545
4660,13.0,960,1.3071706295013428,,,0.015536400489509106
4661,9.0,620,0.8481640815734863,,,0.018704840913414955
4662,10.0,848,1.1569492816925049,,,0.009128212928771973
4663,17.0,833,1.1362488269805908,,,0.011250765062868595
4664,8.0,617,0.8424909114837646,,,0.02853224240243435
4665,14.0,955,1.2990005016326904,,,0.023373503237962723
4666,4.0,645,0.8819975852966309,,,0.024479027837514877
4667,13.0,1013,1.3698334693908691,,,0.016861973330378532
4668,11.0,691,0.9408223628997803,,,0.010187740437686443
4669,10.0,627,0.8568093776702881,,,0.03336385637521744
4670,5.0,690,0.9499344825744629,,,0.013636562041938305
4671,4.0,465,0.6335968971252441,,,0.03154260292649269
4672,6.0,505,0.6826667785644531,,,0.004587498493492603
4673,11.0,793,1.0842022895812988,,,0.008694938383996487
4674,11.0,627,0.8538064956665039,,,0.007786955218762159
4675,15.0,767,1.0481295585632324,,,0.058046624064445496
4676,7.0,647,0.8774380683898926,,,0.022648291662335396
4677,4.0,465,0.6373934745788574,,,0.0054257698357105255
4678,6.0,653,0.8919386863708496,,,0.011233752593398094
4679,3.0,429,0.5878148078918457,,,0.012754807248711586
4680,9.0,738,1.0015742778778076,,,0.012191932648420334
4681,3.0,385,0.5281410217285156,,,0.004683916922658682
4682,12.0,663,0.9071245193481445,,,0.006372735369950533
4683,23.0,1268,1.7157437801361084,,,0.03426419943571091
4684,3.0,366,0.4966011047363281,,,0.01074520405381918
4685,8.0,475,0.6477224826812744,,,0.008446919731795788
4686,4.0,532,0.728097677230835,,,0.0076779634691774845
4687,23.0,1105,1.501683235168457,,,0.015453320927917957
4688,4.0,591,0.8070907592773438,,,0.013521458953619003
4689,4.0,372,0.5182504653930664,,,0.02003299444913864
4690,22.0,884,1.1880600452423096,,,0.023188970983028412
4691,14.0,923,1.2347800731658936,,,0.008172496221959591
4692,6.0,619,0.8375778198242188,,,0.030121594667434692
4693,13.0,629,0.8510913848876953,,,0.029704900458455086
4694,4.0,602,0.8119561672210693,,,0.013773067854344845
4695,17.0,1059,1.4180643558502197,,,0.013396525755524635
4696,8.0,501,0.6742892265319824,,,0.009328600019216537
4697,6.0,679,0.9173789024353027,,,0.0015529970405623317
4698,30.0,1717,2.3027420043945312,,,0.010029679164290428
4699,12.0,708,0.9614591598510742,,,0.003683435497805476
4700,7.0,477,0.6495957374572754,,,0.006739305332303047
4701,6.0,561,0.7682051658630371,,,0.017861930653452873
4702,10.0,679,0.9265072345733643,,,0.010370717383921146
4703,9.0,667,0.9085245132446289,,,0.011402502655982971
4704,7.0,699,0.9546017646789551,,,0.020366724580526352
4705,18.0,999,1.3594720363616943,,,0.023675646632909775
4706,4.0,475,0.651202917098999,,,0.014970560558140278
4707,6.0,497,0.6789860725402832,,,0.01770792156457901
4708,3.0,468,0.6417996883392334,,,0.0194951593875885
4709,8.0,676,0.9256026744842529,,,0.007412797771394253
4710,12.0,709,0.9683949947357178,,,0.016966208815574646
4711,18.0,1099,1.4885430335998535,,,0.004361413884907961
4712,3.0,467,0.6449229717254639,,,0.03348376974463463
4713,7.0,485,0.6631755828857422,,,0.019069528207182884
4714,2.0,351,0.47548437118530273,,,0.014471897855401039
4715,26.0,1275,1.719017744064331,,,0.008837991394102573
4716,15.0,719,0.9776489734649658,,,0.006629764102399349
4717,7.0,767,1.0442142486572266,,,0.01209129299968481
4718,3.0,463,0.633843183517456,,,0.012592404149472713
4719,5.0,374,0.51228928565979,,,0.0293512474745512
4720,12.0,799,1.0811028480529785,,,0.017739299684762955
4721,11.0,1032,1.3946125507354736,,,0.03478114306926727
4722,8.0,725,0.9768068790435791,,,0.015421080403029919
4723,9.0,699,0.948056697845459,,,0.018211564049124718
4724,11.0,518,0.7078032493591309,,,0.012154879979789257
4725,5.0,366,0.501518726348877,,,0.011823293752968311
4726,2.0,372,0.5099685192108154,,,0.005036861170083284
4727,5.0,519,0.7104349136352539,,,0.04277169331908226
4728,12.0,661,0.8945136070251465,,,0.009525010362267494
4729,6.0,505,0.6884024143218994,,,0.016975780948996544
4730,26.0,1273,1.704864263534546,,,0.0029547950252890587
4731,3.0,463,0.6288633346557617,,,0.010321637615561485
4732,19.0,808,1.1045796871185303,,,0.027684761211276054
4733,12.0,630,0.8593518733978271,,,0.004757534246891737
4734,3.0,585,0.7986340522766113,,,0.014306572265923023
4735,16.0,893,1.2074127197265625,,,0.005120094399899244
4736,21.0,1005,1.3632502555847168,,,0.019899023696780205
4737,4.0,485,0.6676554679870605,,,0.03095383383333683
4738,12.0,739,1.003190517425537,,,0.017192410305142403
4739,6.0,489,0.6666548252105713,,,0.015487028285861015
4740,8.0,565,0.772529125213623,,,0.025185128673911095
4741,4.0,574,0.7811253070831299,,,0.005813978146761656
4742,9.0,633,0.868396520614624,,,0.011850814335048199
4743,6.0,495,0.6764755249023438,,,0.0065978211350739
4744,15.0,840,1.14302396774292,,,0.011090155690908432
4745,12.0,570,0.7816562652587891,,,0.013082382269203663
4746,31.0,1523,2.05023455619812,,,0.014860675670206547
4747,2.0,351,0.47751927375793457,,,0.0322432778775692
4748,5.0,482,0.6617121696472168,,,0.021346110850572586
4749,3.0,351,0.4815189838409424,,,0.008666708134114742
4750,3.0,463,0.6300613880157471,,,0.010373341850936413
4751,17.0,697,0.9543251991271973,,,0.02967580407857895
4752,14.0,883,1.1998984813690186,,,0.01679682917892933
4753,6.0,549,0.7439329624176025,,,0.017054889351129532
4754,4.0,468,0.6268172264099121,,,0.023675154894590378
4755,4.0,383,0.5152726173400879,,,0.007955063134431839
4756,10.0,723,0.9704432487487793,,,0.013405018486082554
4757,7.0,570,0.776604175567627,,,0.006138517986983061
4758,2.0,465,0.6340057849884033,,,0.012296612374484539
4759,20.0,855,1.16251802444458,,,0.022217057645320892
4760,2.0,464,0.6358120441436768,,,0.014593562111258507
4761,17.0,1006,1.3628759384155273,,,0.008431742899119854
4762,3.0,593,0.8037123680114746,,,0.00917851272970438
4763,11.0,627,0.8551757335662842,,,0.007020674645900726
4764,7.0,636,0.8671939373016357,,,0.012733289040625095
4765,3.0,452,0.6189765930175781,,,0.008372664451599121
4766,8.0,518,0.7094275951385498,,,0.005769557785242796
4767,6.0,806,1.0906202793121338,,,0.014711262658238411
4768,12.0,707,0.9650561809539795,,,0.01163514144718647
4769,22.0,1144,1.5500504970550537,,,0.010140861384570599
4770,13.0,716,0.9769690036773682,,,0.016645759344100952
4771,4.0,378,0.5152866840362549,,,0.02549832873046398
4772,9.0,651,0.8932757377624512,,,0.0193558931350708
4773,14.0,699,0.949577808380127,,,0.012062638998031616
4774,14.0,800,1.0896613597869873,,,0.009579037316143513
4775,21.0,1016,1.3752083778381348,,,0.010982710868120193
4776,2.0,357,0.48932576179504395,,,0.027057485654950142
4777,5.0,607,0.8240470886230469,,,0.0023743296042084694
4778,3.0,366,0.4934811592102051,,,0.009900625795125961
4779,6.0,403,0.5452320575714111,,,0.0014098600950092077
4780,11.0,733,0.9934284687042236,,,0.01216969732195139
4781,12.0,655,0.8881287574768066,,,0.006240650545805693
4782,5.0,489,0.6644637584686279,,,0.021945521235466003
4783,14.0,955,1.2995660305023193,,,0.01811036467552185
4784,8.0,570,0.7791767120361328,,,0.01365918479859829
4785,8.0,662,0.9032056331634521,,,0.013148658908903599
4786,8.0,709,0.9651055335998535,,,0.008187228813767433
4787,12.0,728,0.9903478622436523,,,0.04193931818008423
4788,7.0,585,0.8019592761993408,,,0.005753842648118734
4789,13.0,647,0.8756415843963623,,,0.012935602106153965
4790,7.0,660,0.883906364440918,,,0.011847199872136116
4791,9.0,719,0.9789924621582031,,,0.018585994839668274
4792,13.0,635,0.8600733280181885,,,0.02068803831934929
4793,15.0,725,0.9743897914886475,,,0.01373210083693266
4794,5.0,471,0.6441149711608887,,,0.0071173557080328465
4795,15.0,714,0.9768502712249756,,,0.019853094592690468
4796,23.0,1087,1.4781184196472168,,,0.0128623116761446
4797,3.0,477,0.6545782089233398,,,0.00530581921339035
4798,13.0,612,0.8247654438018799,,,0.004111423622816801
4799,6.0,403,0.5454761981964111,,,0.016895754262804985
4800,7.0,614,0.8251724243164062,,,0.005019515287131071
4801,4.0,527,0.7069942951202393,,,0.019315022975206375
4802,13.0,819,1.1161408424377441,,,0.011301513761281967
4803,9.0,907,1.2469308376312256,,,0.00980198010802269
4804,24.0,1239,1.675053596496582,,,0.01040741242468357
4805,5.0,537,0.7323417663574219,,,0.014741260558366776
4806,8.0,585,0.8011679649353027,,,0.03666801378130913
4807,5.0,541,0.7399642467498779,,,0.0018464985769242048
4808,12.0,638,0.8785772323608398,,,0.022108322009444237
4809,5.0,609,0.8275570869445801,,,0.027644658461213112
4810,9.0,659,0.9019777774810791,,,0.035971980541944504
4811,2.0,371,0.507359504699707,,,0.00874381698668003
4812,5.0,469,0.6419148445129395,,,0.0061745960265398026
4813,3.0,385,0.5300531387329102,,,0.013089349493384361
4814,15.0,835,1.1382675170898438,,,0.005659716669470072
4815,8.0,659,0.9002170562744141,,,0.02457439713180065
4816,6.0,639,0.8735888004302979,,,0.005896358750760555
4817,12.0,645,0.8798627853393555,,,0.0375869944691658
4818,20.0,905,1.2323577404022217,,,0.015518922358751297
4819,12.0,597,0.7979774475097656,,,0.005028347484767437
4820,23.0,1460,1.9446868896484375,,,0.012787849642336369
4821,13.0,736,0.9889209270477295,,,0.02592497691512108
4822,14.0,816,1.109466552734375,,,0.006544025614857674
4823,21.0,1385,1.871595859527588,,,0.011081051081418991
4824,2.0,374,0.5113770961761475,,,0.008947053924202919
4825,5.0,649,0.8833374977111816,,,0.008144539780914783
4826,14.0,893,1.2072596549987793,,,0.013084225356578827
4827,10.0,624,0.8513288497924805,,,0.0047804987989366055
4828,10.0,628,0.8555166721343994,,,0.008261452428996563
4829,15.0,897,1.224050760269165,,,0.002661187667399645
4830,13.0,623,0.8525400161743164,,,0.01856866665184498
4831,12.0,671,0.9167051315307617,,,0.03767427057027817
4832,11.0,691,0.9420120716094971,,,0.03205704316496849
4833,15.0,837,1.140284538269043,,,0.005231842864304781
4834,3.0,465,0.6298091411590576,,,0.01379458885639906
4835,9.0,737,1.0006892681121826,,,0.010389200411736965
4836,17.0,883,1.188215732574463,,,0.00706468615680933
4837,9.0,719,0.977252721786499,,,0.012494349852204323
4838,11.0,664,0.8984687328338623,,,0.013435888104140759
4839,10.0,687,0.9271175861358643,,,0.008950683288276196
4840,10.0,637,0.8684036731719971,,,0.010121871717274189
4841,3.0,341,0.4666144847869873,,,0.008385816588997841
4842,13.0,635,0.8678297996520996,,,0.013720080256462097
4843,11.0,619,0.8508062362670898,,,0.022262075915932655
4844,25.0,1151,1.5598337650299072,,,0.00973125733435154
4845,4.0,405,0.5529401302337646,,,0.027174444869160652
4846,2.0,465,0.6300687789916992,,,0.009826133958995342
4847,4.0,589,0.8055145740509033,,,0.03405635058879852
4848,7.0,523,0.7145986557006836,,,0.010253269225358963
4849,12.0,647,0.8846902847290039,,,0.010921258479356766
4850,2.0,529,0.7249808311462402,,,0.007518609520047903
4851,5.0,419,0.5711886882781982,,,0.012512783519923687
4852,6.0,515,0.7037506103515625,,,0.010611583478748798
4853,9.0,623,0.8440103530883789,,,0.03255968913435936
4854,3.0,465,0.6399612426757812,,,0.007114544045180082
4855,13.0,623,0.8489348888397217,,,0.004965842701494694
4856,2.0,466,0.6385822296142578,,,0.0051016006618738174
4857,9.0,649,0.8832144737243652,,,0.017875144258141518
4858,4.0,465,0.6348717212677002,,,0.011971846222877502
4859,2.0,464,0.6369457244873047,,,0.011841977946460247
4860,19.0,951,1.2941181659698486,,,0.005685663782060146
4861,9.0,819,1.115915060043335,,,0.024244215339422226
4862,7.0,530,0.7197580337524414,,,0.012539445422589779
4863,3.0,465,0.6366021633148193,,,0.013272298499941826
4864,4.0,524,0.7193169593811035,,,0.004851880017668009
4865,8.0,499,0.6839148998260498,,,0.03868767246603966
4866,3.0,352,0.48218846321105957,,,0.007006129715591669
4867,6.0,462,0.6231510639190674,,,0.004863933194428682
4868,4.0,628,0.8516499996185303,,,0.022631516680121422
4869,10.0,634,0.8651490211486816,,,0.009386871941387653
4870,12.0,633,0.861133337020874,,,0.03014073707163334
4871,4.0,465,0.6250722408294678,,,0.009038109332323074
4872,17.0,910,1.2207984924316406,,,0.01552959717810154
4873,3.0,467,0.6448876857757568,,,0.009886589832603931
4874,3.0,503,0.6827821731567383,,,0.004211235325783491
4875,9.0,584,0.7929458618164062,,,0.014687876217067242
4876,23.0,1307,1.7655460834503174,,,0.0063764797523617744
4877,12.0,691,0.9423840045928955,,,0.015373235568404198
4878,25.0,1214,1.6432859897613525,,,0.014285216107964516
4879,7.0,468,0.6443777084350586,,,0.005434683058410883
4880,7.0,461,0.6383919715881348,,,0.012303642928600311
4881,2.0,464,0.6395750045776367,,,0.009589461609721184
4882,23.0,1489,2.0037546157836914,,,0.028571419417858124
4883,32.0,1247,1.672264814376831,,,0.02128371223807335
4884,2.0,464,0.6356933116912842,,,0.005858938209712505
4885,4.0,465,0.6394104957580566,,,0.017848964780569077
4886,10.0,624,0.8459188938140869,,,0.004512719344347715
4887,23.0,1207,1.619034767150879,,,0.005597647745162249
4888,3.0,497,0.6696443557739258,,,0.032023776322603226
4889,9.0,615,0.8282811641693115,,,0.012912129051983356
4890,2.0,464,0.6305103302001953,,,0.035021793097257614
4891,5.0,753,1.0233511924743652,,,0.03153613582253456
4892,3.0,464,0.6339445114135742,,,0.0057661389000713825
4893,3.0,465,0.6446230411529541,,,0.028404785320162773
4894,21.0,940,1.268913984298706,,,0.0066857775673270226
4895,3.0,466,0.6347270011901855,,,0.009616198018193245
4896,19.0,935,1.2721691131591797,,,0.00837387889623642
4897,13.0,607,0.8312926292419434,,,0.004468325059860945
4898,14.0,914,1.2478561401367188,,,0.005049432627856731
4899,5.0,495,0.6758313179016113,,,0.027362201362848282
4900,12.0,633,0.8644428253173828,,,0.011703482829034328
4901,3.0,398,0.5440323352813721,,,0.009316165931522846
4902,14.0,745,1.0152702331542969,,,0.01892268843948841
4903,2.0,445,0.6006617546081543,,,0.008304878138005733
4904,4.0,486,0.6584835052490234,,,0.02182232029736042
4905,5.0,482,0.6545195579528809,,,0.004417915362864733
4906,21.0,905,1.2276577949523926,,,0.018053684383630753
4907,4.0,411,0.5626225471496582,,,0.008476261980831623
4908,6.0,570,0.7767996788024902,,,0.009257819503545761
4909,2.0,467,0.6382951736450195,,,0.02912004292011261
4910,20.0,1018,1.3733501434326172,,,0.030162906274199486
4911,9.0,639,0.8658270835876465,,,0.02375880256295204
4912,3.0,465,0.636279821395874,,,0.00878962967544794
4913,3.0,466,0.6378083229064941,,,0.02165718376636505
4914,14.0,725,0.9866251945495605,,,0.012697017751634121
4915,7.0,556,0.7588992118835449,,,0.02366703189909458
4916,8.0,645,0.8631377220153809,,,0.00976235419511795
4917,8.0,637,0.8704936504364014,,,0.013487265445291996
4918,1.0,398,0.5382232666015625,,,0.020721405744552612
4919,7.0,622,0.8434023857116699,,,0.007433922495692968
4920,15.0,899,1.2177760601043701,,,0.02009313367307186
4921,5.0,560,0.7511940002441406,,,0.0013146577402949333
4922,3.0,531,0.7157614231109619,,,0.013676595874130726
4923,20.0,896,1.203188419342041,,,0.017209483310580254
4924,9.0,635,0.8533833026885986,,,0.003134002909064293
4925,3.0,461,0.6245839595794678,,,0.012262148782610893
4926,6.0,490,0.6585044860839844,,,0.01241355948150158
4927,6.0,656,0.8821287155151367,,,0.009696400724351406
4928,8.0,646,0.8705241680145264,,,0.029151801019906998
4929,3.0,475,0.6386048793792725,,,0.023029405623674393
4930,2.0,508,0.6842751502990723,,,0.029225705191493034
4931,12.0,632,0.8533883094787598,,,0.006703232880681753
4932,20.0,1090,1.4720606803894043,,,0.026960911229252815
4933,3.0,477,0.650768518447876,,,0.008958656340837479
4934,11.0,820,1.1157145500183105,,,0.015405389480292797
4935,9.0,611,0.8320126533508301,,,0.011890759691596031
4936,10.0,641,0.8747909069061279,,,0.02114040218293667
4937,8.0,558,0.7707836627960205,,,0.008190006017684937
4938,2.0,465,0.634037971496582,,,0.00858373660594225
4939,5.0,510,0.6989548206329346,,,0.007970000617206097
4940,16.0,771,1.0347588062286377,,,0.005244172643870115
4941,2.0,507,0.6899890899658203,,,0.011514797806739807
4942,2.0,507,0.6846635341644287,,,0.04043155536055565
4943,7.0,612,0.8269429206848145,,,0.015351292677223682
4944,13.0,708,0.9581851959228516,,,0.02166532352566719
4945,7.0,549,0.7543020248413086,,,0.017649520188570023
4946,4.0,499,0.6791307926177979,,,0.004094897769391537
4947,8.0,689,0.9358289241790771,,,0.010392334312200546
4948,2.0,464,0.6244678497314453,,,0.011582820676267147
4949,13.0,627,0.8576164245605469,,,0.008371724747121334
4950,10.0,696,0.9354114532470703,,,0.01434724684804678
4951,4.0,473,0.6381080150604248,,,0.008303388021886349
4952,3.0,615,0.8311984539031982,,,0.013254581019282341
4953,5.0,544,0.7337431907653809,,,0.007187606766819954
4954,7.0,629,0.8492465019226074,,,0.010487007908523083
4955,12.0,581,0.7842121124267578,,,0.023083271458745003
4956,3.0,487,0.656442403793335,,,0.0017238711006939411
4957,14.0,795,1.0826523303985596,,,0.012574976310133934
4958,11.0,735,1.0042157173156738,,,0.010965481400489807
4959,6.0,561,0.768385648727417,,,0.017005236819386482
4960,8.0,659,0.9027009010314941,,,0.011391405016183853
4961,5.0,507,0.695080041885376,,,0.00931491144001484
4962,5.0,557,0.7591605186462402,,,0.01790311187505722
4963,5.0,487,0.6628804206848145,,,0.010567902587354183
4964,9.0,558,0.7644002437591553,,,0.004578409716486931
4965,5.0,507,0.6868183612823486,,,0.004695945885032415
4966,7.0,551,0.7559561729431152,,,0.010388427414000034
4967,3.0,579,0.787545919418335,,,0.013132700696587563
4968,2.0,469,0.6433019638061523,,,0.0259140245616436
4969,6.0,556,0.7555146217346191,,,0.00979110598564148
4970,11.0,688,0.9395484924316406,,,0.026085954159498215
4971,3.0,472,0.6442909240722656,,,0.03150414675474167
4972,2.0,465,0.6339621543884277,,,0.008623146452009678
4973,17.0,921,1.2525346279144287,,,0.009161711670458317
4974,15.0,885,1.1978709697723389,,,0.046460893005132675
4975,6.0,559,0.7626540660858154,,,0.008958594873547554
4976,2.0,356,0.49233531951904297,,,0.007326158229261637
4977,20.0,909,1.2427241802215576,,,0.019966818392276764
4978,7.0,556,0.7569179534912109,,,0.0024092919193208218
4979,6.0,413,0.5653088092803955,,,0.018624596297740936
4980,8.0,759,1.0226783752441406,,,0.006820014212280512
4981,13.0,819,1.105881690979004,,,0.0059762634336948395
4982,20.0,1118,1.4970972537994385,,,0.033840280026197433
4983,25.0,1226,1.650944471359253,,,0.011724417097866535
4984,10.0,1259,1.6922328472137451,,,0.00997455045580864
4985,2.0,465,0.6312165260314941,,,0.01481520477682352
4986,12.0,654,0.8838474750518799,,,0.010028894990682602
4987,6.0,649,0.8745467662811279,,,0.008918685838580132
4988,2.0,467,0.6367330551147461,,,0.010608588345348835
4989,4.0,397,0.5439462661743164,,,0.004291043616831303
4990,6.0,567,0.773240327835083,,,0.009640275500714779
4991,3.0,465,0.6360347270965576,,,0.008647305890917778
4992,28.0,1262,1.7090644836425781,,,0.014582604169845581
4993,3.0,459,0.6291606426239014,,,0.022784538567066193
4994,2.0,464,0.641679048538208,,,0.018998991698026657
4995,23.0,1129,1.533524513244629,,,0.02116096019744873
4996,12.0,692,0.9387493133544922,,,0.01280725747346878
4997,21.0,1143,1.5475492477416992,,,0.011953828856348991
4998,9.0,628,0.8672459125518799,,,0.008208363316953182
4999,4.0,423,0.5746457576751709,,,0.003681258764117956
5000,10.0,618,0.8442690372467041,,,0.022497864440083504
5001,9.0,695,0.9490375518798828,,,0.008071795105934143
5002,10.0,710,0.9688839912414551,,,0.015459556132555008
5003,3.0,571,0.7820286750793457,,,0.030160533264279366
5004,14.0,697,0.9439430236816406,,,0.005176685284823179
5005,7.0,731,0.9980394840240479,,,0.018297920003533363
5006,5.0,507,0.6968123912811279,,,0.028224386274814606
5007,17.0,949,1.294177532196045,,,0.009642461314797401
5008,7.0,571,0.7797422409057617,,,0.028540557250380516
5009,7.0,655,0.8927841186523438,,,0.006454204674810171
5010,14.0,811,1.1118760108947754,,,0.01337088830769062
5011,26.0,1411,1.9148709774017334,,,0.02501458115875721
5012,8.0,717,0.974311351776123,,,0.012274689972400665
5013,9.0,676,0.9184143543243408,,,0.0030418201349675655
5014,3.0,464,0.6253433227539062,,,0.03328040614724159
5015,12.0,684,0.919954776763916,,,0.003423204878345132
5016,2.0,466,0.6313197612762451,,,0.012890034355223179
5017,21.0,935,1.2651646137237549,,,0.036408886313438416
5018,13.0,805,1.1069324016571045,,,0.017388250678777695
5019,12.0,665,0.9087541103363037,,,0.014821568503975868
5020,10.0,657,0.892531156539917,,,0.006560184992849827
5021,4.0,526,0.7224221229553223,,,0.024399587884545326
5022,10.0,661,0.8970141410827637,,,0.014722640626132488
5023,22.0,1037,1.4111106395721436,,,0.016490846872329712
5024,5.0,518,0.7096328735351562,,,0.008671043440699577
5025,21.0,868,1.1791410446166992,,,0.01771874912083149
5026,12.0,635,0.8587601184844971,,,0.006040479987859726
5027,16.0,837,1.1418125629425049,,,0.0229035634547472
5028,6.0,651,0.8902466297149658,,,0.03004332259297371
5029,9.0,631,0.8505306243896484,,,0.017408056184649467
5030,14.0,705,0.9444408416748047,,,0.006456227507442236
5031,8.0,681,0.912956953048706,,,0.007501968182623386
5032,17.0,805,1.071901559829712,,,0.04932669177651405
5033,7.0,673,0.9090073108673096,,,0.012547585181891918
5034,16.0,896,1.2103276252746582,,,0.01786995679140091
5035,3.0,573,0.7920656204223633,,,0.020868077874183655
5036,12.0,636,0.8696284294128418,,,0.01869027316570282
5037,14.0,883,1.1976637840270996,,,0.02497745305299759
5038,12.0,692,0.9379909038543701,,,0.021696286275982857
5039,22.0,951,1.2944347858428955,,,0.01544952392578125
5040,18.0,1077,1.4674482345581055,,,0.00419524684548378
5041,4.0,498,0.6819033622741699,,,0.02922038920223713
5042,14.0,818,1.1058366298675537,,,0.01191931776702404
5043,6.0,668,0.9049136638641357,,,0.007639023475348949
5044,2.0,465,0.6276843547821045,,,0.0045669046230614185
5045,12.0,671,0.9097697734832764,,,0.01790543459355831
5046,12.0,655,0.8835783004760742,,,0.008908693678677082
5047,9.0,643,0.8753387928009033,,,0.020835591480135918
5048,11.0,631,0.8492748737335205,,,0.007753197103738785
5049,4.0,604,0.8233358860015869,,,0.024180572479963303
5050,12.0,661,0.8920001983642578,,,0.005922896321862936
5051,14.0,853,1.151285171508789,,,0.019177231937646866
5052,8.0,553,0.7460215091705322,,,0.015836423262953758
5053,16.0,885,1.1938660144805908,,,0.03166920319199562
5054,2.0,398,0.5392718315124512,,,0.03211244195699692
5055,11.0,638,0.8573641777038574,,,0.009381018579006195
5056,13.0,853,1.1496195793151855,,,0.03633458912372589
5057,6.0,398,0.5428686141967773,,,0.009822377935051918
5058,19.0,815,1.1032323837280273,,,0.014153714291751385
5059,8.0,812,1.0876989364624023,,,0.00947626307606697
5060,11.0,699,0.9720277786254883,,,0.0051128738559782505
5061,15.0,743,1.008087158203125,,,0.007415256928652525
5062,8.0,688,0.9449727535247803,,,0.018236706033349037
5063,14.0,841,1.145186185836792,,,0.0026142126880586147
5064,10.0,629,0.8581411838531494,,,0.015941187739372253
5065,10.0,661,0.9011962413787842,,,0.006095202639698982
5066,13.0,698,0.9449617862701416,,,0.04393838718533516
5067,10.0,692,0.9341659545898438,,,0.020838353782892227
5068,4.0,415,0.5638582706451416,,,0.027501864358782768
5069,12.0,657,0.9041469097137451,,,0.0052331918850541115
5070,12.0,638,0.8699922561645508,,,0.011774525977671146
5071,12.0,695,0.9481906890869141,,,0.029191050678491592
5072,11.0,697,0.9451284408569336,,,0.015218784101307392
5073,22.0,934,1.2538776397705078,,,0.0066216192208230495
5074,17.0,885,1.2026188373565674,,,0.014887870289385319
5075,26.0,1259,1.7000160217285156,,,0.021511010825634003
5076,9.0,681,0.926363468170166,,,0.02508491836488247
5077,19.0,915,1.2459630966186523,,,0.010069506242871284
5078,20.0,918,1.2461869716644287,,,0.02718481607735157
5079,10.0,650,0.8880875110626221,,,0.005806144326925278
5080,19.0,1005,1.362234354019165,,,0.02652168646454811
5081,21.0,1081,1.4593091011047363,,,0.016214124858379364
5082,11.0,643,0.8747217655181885,,,0.019172856584191322
5083,22.0,1071,1.4414925575256348,,,0.0061584399081766605
5084,19.0,906,1.2193148136138916,,,0.005907223094254732
5085,19.0,1467,1.9717042446136475,,,0.007638940587639809
5086,5.0,589,0.8045997619628906,,,0.0060317544266581535
5087,16.0,1065,1.441910982131958,,,0.010959763079881668
5088,8.0,695,0.9450728893280029,,,0.020120853558182716
5089,15.0,993,1.34739351272583,,,0.03365251049399376
5090,14.0,739,1.00966477394104,,,0.013560544699430466
5091,12.0,650,0.8891074657440186,,,0.01442272774875164
5092,22.0,908,1.2362608909606934,,,0.03519468382000923
5093,25.0,998,1.3542263507843018,,,0.006301605608314276
5094,23.0,907,1.2401256561279297,,,0.009388620033860207
5095,4.0,408,0.5573463439941406,,,0.006316333077847958
5096,14.0,723,0.9902393817901611,,,0.012532718479633331
5097,3.0,497,0.6785867214202881,,,0.018192090094089508
5098,7.0,640,0.8706233501434326,,,0.03176248446106911
5099,22.0,1381,1.859795093536377,,,0.014074958860874176
5100,12.0,731,0.989579439163208,,,0.03398343548178673
5101,11.0,625,0.8493466377258301,,,0.023991243913769722
5102,18.0,1160,1.5572524070739746,,,0.005669816397130489
5103,11.0,683,0.9258031845092773,,,0.019479768350720406
5104,12.0,673,0.906749963760376,,,0.009653357788920403
5105,18.0,801,1.0930814743041992,,,0.00834294781088829
5106,21.0,1077,1.4525234699249268,,,0.011124104261398315
5107,24.0,1088,1.4487643241882324,,,0.0018521812744438648
5108,12.0,658,0.8932383060455322,,,0.010417350567877293
5109,22.0,957,1.2959680557250977,,,0.014476160518825054
5110,18.0,815,1.1070516109466553,,,0.012493998743593693
5111,4.0,619,0.8552558422088623,,,0.012378055602312088
5112,20.0,941,1.2855396270751953,,,0.004630031064152718
5113,28.0,1261,1.699728012084961,,,0.01563235931098461
5114,10.0,926,1.2621195316314697,,,0.02986116148531437
5115,10.0,629,0.8571527004241943,,,0.009162196889519691
5116,5.0,559,0.7650735378265381,,,0.025376418605446815
5117,12.0,766,1.0466041564941406,,,0.006136770825833082
5118,1.0,390,0.5337975025177002,,,0.02436082437634468
5119,25.0,1118,1.5078215599060059,,,0.013107722625136375
5120,13.0,972,1.3065769672393799,,,0.012262830510735512
5121,10.0,631,0.8531186580657959,,,0.02340569905936718
5122,27.0,1121,1.4911787509918213,,,0.026937907561659813
5123,10.0,623,0.8396940231323242,,,0.014968892559409142
5124,9.0,619,0.8335747718811035,,,0.02662278711795807
5125,14.0,800,1.0792386531829834,,,0.047468360513448715
5126,27.0,1267,1.6849629878997803,,,0.005343226250261068
5127,14.0,785,1.053325891494751,,,0.0074628363363444805
5128,9.0,618,0.8305537700653076,,,0.009616394527256489
5129,9.0,721,0.9779095649719238,,,0.009187324903905392
5130,4.0,441,0.5987908840179443,,,0.016431035473942757
5131,29.0,1489,2.001249074935913,,,0.008448373526334763
5132,20.0,948,1.2783429622650146,,,0.011749805882573128
5133,13.0,685,0.9326510429382324,,,0.052314482629299164
5134,12.0,603,0.8215093612670898,,,0.00890794675797224
5135,21.0,1031,1.399312973022461,,,0.007745394483208656
5136,15.0,751,1.0177714824676514,,,0.015721727162599564
5137,13.0,669,0.9126372337341309,,,0.009156032465398312
5138,22.0,1274,1.7144064903259277,,,0.0038403954822570086
5139,5.0,641,0.8726818561553955,,,0.012843355536460876
5140,23.0,1147,1.5403335094451904,,,0.03334061801433563
5141,15.0,977,1.3288683891296387,,,0.010083956643939018
5142,1.0,388,0.5271263122558594,,,0.009953242726624012
5143,29.0,1164,1.5480098724365234,,,0.01303949486464262
5144,19.0,1021,1.359602451324463,,,0.006379979196935892
5145,14.0,781,1.052811861038208,,,0.012702480889856815
5146,8.0,691,0.931999683380127,,,0.02574540674686432
5147,16.0,822,1.1093716621398926,,,0.009051396511495113
5148,12.0,680,0.9133710861206055,,,0.01553401816636324
5149,22.0,925,1.2424726486206055,,,0.01684536039829254
5150,21.0,935,1.2572627067565918,,,0.025852298364043236
5151,12.0,624,0.8373181819915771,,,0.01208045706152916
5152,2.0,464,0.6259145736694336,,,0.01100224070250988
5153,15.0,758,1.0197875499725342,,,0.015049319714307785
5154,18.0,922,1.2327651977539062,,,0.01691216602921486
5155,19.0,1179,1.5937695503234863,,,0.018930094316601753
5156,16.0,1291,1.7468645572662354,,,0.005684321746230125
5157,14.0,950,1.2853758335113525,,,0.009527303278446198
5158,14.0,1011,1.367687463760376,,,0.009806818328797817
5159,11.0,628,0.8542172908782959,,,0.00713022006675601
5160,18.0,905,1.2380318641662598,,,0.027071163058280945
5161,7.0,646,0.8791964054107666,,,0.002909769769757986
5162,23.0,1121,1.502462387084961,,,0.006570789031684399
5163,19.0,895,1.2163314819335938,,,0.009525053203105927
5164,21.0,1005,1.351069688796997,,,0.005421272944658995
5165,9.0,679,0.9200100898742676,,,0.006567164324223995
5166,11.0,683,0.92826247215271,,,0.015042532235383987
5167,16.0,1136,1.5418870449066162,,,0.013938536867499352
5168,0.0,377,0.51336669921875,,,0.011107513681054115
5169,9.0,735,0.9983358383178711,,,0.01586340181529522
5170,5.0,495,0.6734883785247803,,,0.008976520970463753
5171,16.0,912,1.2406983375549316,,,0.04533907026052475
5172,9.0,682,0.9365701675415039,,,0.011702429503202438
5173,12.0,671,0.9133243560791016,,,0.009815756231546402
5174,23.0,1146,1.5477986335754395,,,0.005443240515887737
5175,10.0,685,0.9313004016876221,,,0.0070113325491547585
5176,14.0,941,1.281099796295166,,,0.01436886191368103
5177,20.0,905,1.229780673980713,,,0.016887901350855827
5178,12.0,665,0.9082143306732178,,,0.018345145508646965
5179,10.0,665,0.9055182933807373,,,0.005721451714634895
5180,18.0,1011,1.3752262592315674,,,0.02680518478155136
5181,12.0,755,1.0322530269622803,,,0.00703485356643796
5182,11.0,676,0.9278497695922852,,,0.012312442995607853
5183,12.0,645,0.8836462497711182,,,0.001143664587289095
5184,11.0,620,0.8516683578491211,,,0.018285566940903664
5185,16.0,725,0.987154483795166,,,0.02024783194065094
5186,10.0,660,0.8972218036651611,,,0.012170574627816677
5187,13.0,1155,1.5541980266571045,,,0.017754346132278442
5188,1.0,395,0.5373401641845703,,,0.031603552401065826
5189,16.0,787,1.0584945678710938,,,0.01064937375485897
5190,4.0,408,0.5549092292785645,,,0.013108770363032818
5191,16.0,942,1.2834770679473877,,,0.013075173832476139
5192,13.0,631,0.8634083271026611,,,0.015279046259820461
5193,10.0,642,0.8711130619049072,,,0.005801802035421133
5194,13.0,678,0.9282500743865967,,,0.02047167532145977
5195,5.0,408,0.5604445934295654,,,0.02473502978682518
5196,25.0,1307,1.7532422542572021,,,0.012388600036501884
5197,7.0,650,0.8875634670257568,,,0.037165120244026184
5198,16.0,805,1.090069055557251,,,0.031032469123601913
5199,10.0,649,0.8902451992034912,,,0.0020145850721746683
5200,12.0,660,0.9038262367248535,,,0.024932825937867165
5201,30.0,1201,1.616255760192871,,,0.016252366825938225
5202,30.0,1579,2.1056954860687256,,,0.01729598641395569
5203,19.0,1053,1.4131391048431396,,,0.00824336800724268
5204,19.0,860,1.1572294235229492,,,0.016210922971367836
5205,4.0,389,0.5342497825622559,,,0.017164571210741997
5206,11.0,691,0.9511864185333252,,,0.007305373903363943
5207,10.0,710,0.9610230922698975,,,0.025700725615024567
5208,12.0,671,0.9064712524414062,,,0.009278516285121441
5209,29.0,1659,2.2086405754089355,,,0.0213616993278265
5210,11.0,639,0.8650181293487549,,,0.009304411709308624
5211,21.0,1067,1.4303221702575684,,,0.009195509366691113
5212,3.0,457,0.6170306205749512,,,0.016508804634213448
5213,14.0,706,0.9516348838806152,,,0.008936721831560135
5214,21.0,1141,1.5279278755187988,,,0.011421171016991138
5215,20.0,1079,1.443023681640625,,,0.025361165404319763
5216,24.0,1076,1.4431684017181396,,,0.020258726552128792
5217,4.0,536,0.7235884666442871,,,0.011046095751225948
5218,7.0,499,0.6741483211517334,,,0.013541361317038536
5219,5.0,542,0.7423410415649414,,,0.03168407455086708
5220,6.0,705,0.9617917537689209,,,0.006513291969895363
5221,2.0,364,0.4929056167602539,,,0.0157163068652153
5222,11.0,685,0.9294087886810303,,,0.014798525720834732
5223,14.0,1099,1.4981896877288818,,,0.025745369493961334
5224,16.0,881,1.2053802013397217,,,0.025041328743100166
5225,14.0,785,1.069045066833496,,,0.0017367159016430378
5226,18.0,976,1.3169331550598145,,,0.011913266964256763
5227,14.0,905,1.2219338417053223,,,0.006487098056823015
5228,13.0,687,0.9265403747558594,,,0.009193218313157558
5229,9.0,637,0.8609704971313477,,,0.0029183649457991123
5230,8.0,694,0.942908525466919,,,0.0021963410545140505
5231,9.0,625,0.8513052463531494,,,0.04699769243597984
5232,4.0,383,0.5172007083892822,,,0.012676069512963295
5233,9.0,697,0.9516608715057373,,,0.003387626726180315
5234,18.0,914,1.24003267288208,,,0.0053400080651044846
5235,10.0,649,0.8833646774291992,,,0.01878296583890915
5236,-2.0,359,0.48717188835144043,,,0.0031405240297317505
5237,13.0,669,0.9141902923583984,,,0.00860937312245369
5238,5.0,395,0.5387840270996094,,,0.022747138515114784
5239,4.0,398,0.5462708473205566,,,0.010468019172549248
5240,31.0,1501,2.0138986110687256,,,0.008959983475506306
5241,13.0,971,1.325730800628662,,,0.009210440330207348
5242,6.0,544,0.7352595329284668,,,0.011670691892504692
5243,12.0,647,0.8801407814025879,,,0.0069287847727537155
5244,15.0,739,0.9914751052856445,,,0.012514179572463036
5245,16.0,757,1.0208196640014648,,,0.045495182275772095
5246,11.0,633,0.8522758483886719,,,0.020322702825069427
5247,15.0,833,1.1295850276947021,,,0.008464401587843895
5248,18.0,878,1.1832854747772217,,,0.005870605353266001
5249,18.0,875,1.1844120025634766,,,0.01098733302205801
5250,16.0,772,1.0377793312072754,,,0.01131912786513567
5251,14.0,691,0.9261050224304199,,,0.014918972738087177
5252,19.0,846,1.141387701034546,,,0.015131983906030655
5253,13.0,686,0.9288291931152344,,,0.010776709765195847
5254,6.0,347,0.474078893661499,,,0.010222814045846462
5255,6.0,511,0.702319860458374,,,0.046577513217926025
5256,9.0,633,0.8662524223327637,,,0.021133670583367348
5257,22.0,1064,1.4398126602172852,,,0.01032304111868143
5258,14.0,672,0.9148285388946533,,,0.008224811404943466
5259,12.0,666,0.9110209941864014,,,0.01597742922604084
5260,8.0,698,0.9487020969390869,,,0.011104886420071125
5261,11.0,631,0.8653867244720459,,,0.013577482663094997
5262,16.0,884,1.199584722518921,,,0.005846814718097448
5263,5.0,660,0.9064409732818604,,,0.015199179761111736
5264,12.0,677,0.9212408065795898,,,0.004360022023320198
5265,7.0,405,0.5545780658721924,,,0.01219559833407402
5266,14.0,739,0.9973649978637695,,,0.010894245468080044
5267,11.0,747,1.0113182067871094,,,0.025179563090205193
5268,5.0,382,0.514958381652832,,,0.007959263399243355
5269,7.0,567,0.7657361030578613,,,0.012817468494176865
5270,18.0,923,1.2504963874816895,,,0.01132838986814022
5271,7.0,647,0.8809559345245361,,,0.00781971588730812
5272,14.0,743,1.0098495483398438,,,0.02254696562886238
5273,18.0,826,1.1278464794158936,,,0.007500938139855862
5274,6.0,375,0.512615442276001,,,0.01771675795316696
5275,13.0,635,0.867560863494873,,,0.011500378139317036
5276,22.0,1150,1.5435593128204346,,,0.012550732120871544
5277,8.0,611,0.8246333599090576,,,0.01098773255944252
5278,4.0,365,0.49431729316711426,,,0.008606046438217163
5279,12.0,613,0.8277449607849121,,,0.022519635036587715
5280,12.0,672,0.913815975189209,,,0.014824147336184978
5281,7.0,648,0.8886857032775879,,,0.024507196620106697
5282,13.0,612,0.8349931240081787,,,0.006672549527138472
5283,9.0,676,0.9280703067779541,,,0.008344538509845734
5284,12.0,667,0.9106945991516113,,,0.007475088816136122
5285,12.0,672,0.9193086624145508,,,0.01910972222685814
5286,46.0,1991,2.688861608505249,,,0.012354150414466858
5287,7.0,347,0.47307658195495605,,,0.009097165428102016
5288,11.0,670,0.913527250289917,,,0.009577916003763676
5289,12.0,672,0.9211959838867188,,,0.006621651817113161
5290,16.0,1107,1.5028703212738037,,,0.0020946646109223366
5291,16.0,915,1.2384922504425049,,,0.007726247888058424
5292,11.0,666,0.9010200500488281,,,0.01237212959676981
5293,21.0,999,1.3513431549072266,,,0.02131093293428421
5294,24.0,1345,1.7988286018371582,,,0.014821059070527554
5295,7.0,461,0.6213846206665039,,,0.03254507854580879
5296,14.0,675,0.9148366451263428,,,0.008339477702975273
5297,21.0,1043,1.4276022911071777,,,0.005860223900526762
5298,10.0,681,0.926283597946167,,,0.030109399929642677
5299,9.0,696,0.9565210342407227,,,0.00991021003574133
5300,5.0,509,0.6956074237823486,,,0.0202108696103096
5301,6.0,685,0.9260458946228027,,,0.012583359144628048
5302,15.0,774,1.0589110851287842,,,0.014757531695067883
5303,10.0,657,0.8926167488098145,,,0.026986850425601006
5304,4.0,511,0.6944050788879395,,,0.011581509374082088
5305,11.0,627,0.8620598316192627,,,0.02376062050461769
5306,6.0,671,0.9131567478179932,,,0.012242337688803673
5307,28.0,1385,1.8820781707763672,,,0.014156024903059006
5308,8.0,528,0.7249782085418701,,,0.02414514124393463
5309,10.0,690,0.9382562637329102,,,0.005688722711056471
5310,4.0,540,0.7395262718200684,,,0.03775481507182121
5311,11.0,1151,1.5585684776306152,,,0.007926550693809986
5312,30.0,1589,2.1061673164367676,,,0.009101703763008118
5313,15.0,855,1.151893138885498,,,0.011365143582224846
5314,12.0,671,0.9112033843994141,,,0.012119730934500694
5315,5.0,366,0.49243640899658203,,,0.014820046722888947
5316,14.0,759,1.0230906009674072,,,0.008765844628214836
5317,19.0,769,1.034121036529541,,,0.01784326508641243
5318,13.0,771,1.0389080047607422,,,0.012277821078896523
5319,3.0,669,0.9064285755157471,,,0.013582365587353706
5320,9.0,625,0.841843843460083,,,0.030623504891991615
5321,12.0,683,0.9274406433105469,,,0.01363066490739584
5322,22.0,1071,1.4387588500976562,,,0.014378747902810574
5323,11.0,677,0.9209465980529785,,,0.013995777815580368
5324,5.0,402,0.5493805408477783,,,0.0029389907140284777
5325,7.0,353,0.48396754264831543,,,0.005589286331087351
5326,28.0,1119,1.508148431777954,,,0.013344804756343365
5327,4.0,465,0.6343677043914795,,,0.006343511864542961
5328,5.0,384,0.5240933895111084,,,0.004252281505614519
5329,11.0,687,0.9310283660888672,,,0.005990017671138048
5330,9.0,645,0.8674275875091553,,,0.015486215241253376
5331,2.0,387,0.5288217067718506,,,0.01595108024775982
5332,14.0,903,1.2184953689575195,,,0.006419523619115353
5333,4.0,401,0.544503927230835,,,0.008343611843883991
5334,15.0,765,1.0317072868347168,,,0.012939791195094585
5335,0.0,535,0.7206563949584961,,,0.00795850157737732
5336,3.0,483,0.6506710052490234,,,0.053368888795375824
5337,3.0,385,0.5290489196777344,,,0.009671187028288841
5338,20.0,951,1.2753891944885254,,,0.007635965943336487
5339,12.0,668,0.8930501937866211,,,0.04524274915456772
5340,4.0,388,0.5263936519622803,,,0.013386743143200874
5341,6.0,376,0.5179734230041504,,,0.013064505532383919
5342,2.0,387,0.5302329063415527,,,0.03689917176961899
5343,5.0,480,0.6537771224975586,,,0.008091460913419724
5344,14.0,1084,1.4709694385528564,,,0.007741164416074753
5345,19.0,858,1.1682288646697998,,,0.012671676464378834
5346,17.0,899,1.2218468189239502,,,0.012160934507846832
5347,25.0,1227,1.6562480926513672,,,0.016182629391551018
5348,14.0,1147,1.5437490940093994,,,0.016877183690667152
5349,18.0,888,1.19364595413208,,,0.008078266866505146
5350,14.0,791,1.0684363842010498,,,0.014815930277109146
5351,13.0,621,0.8336150646209717,,,0.006606217473745346
5352,2.0,389,0.5273325443267822,,,0.006027085706591606
5353,25.0,1161,1.5459203720092773,,,0.004876363091170788
5354,12.0,627,0.8464112281799316,,,0.018960248678922653
5355,15.0,818,1.1005070209503174,,,0.015386677347123623
5356,29.0,1785,2.3682496547698975,,,0.04199406877160072
5357,18.0,995,1.338075876235962,,,0.013801922090351582
5358,15.0,1045,1.3935203552246094,,,0.022432005032896996
5359,10.0,661,0.8939013481140137,,,0.013295577839016914
5360,9.0,677,0.9214186668395996,,,0.03131997957825661
5361,5.0,423,0.5801336765289307,,,0.0157371386885643
5362,12.0,625,0.8520588874816895,,,0.026447022333741188
5363,11.0,718,0.9895386695861816,,,0.032342370599508286
5364,9.0,645,0.8793535232543945,,,0.007783377077430487
5365,16.0,745,1.0077385902404785,,,0.016349248588085175
5366,11.0,686,0.928093433380127,,,0.020716970786452293
5367,13.0,852,1.163053274154663,,,0.007876535877585411
5368,2.0,547,0.7464728355407715,,,0.014793703332543373
5369,11.0,648,0.8887803554534912,,,0.004632571712136269
5370,14.0,751,1.0424535274505615,,,0.005122731439769268
5371,13.0,629,0.8597116470336914,,,0.011501549743115902
5372,14.0,771,1.055903434753418,,,0.006025807466357946
5373,13.0,631,0.8763034343719482,,,0.011623049154877663
5374,8.0,679,0.9630823135375977,,,0.005424560979008675
5375,6.0,711,0.9966604709625244,,,0.007240548729896545
5376,1.0,458,0.6239163875579834,,,0.004780375864356756
5377,3.0,368,0.496258020401001,,,0.008476609364151955
5378,12.0,664,0.8914978504180908,,,0.01396920531988144
5379,9.0,621,0.8364560604095459,,,0.005990419536828995
5380,14.0,671,0.9168562889099121,,,0.02266356348991394
5381,10.0,708,0.9676363468170166,,,0.019296817481517792
5382,14.0,850,1.168236494064331,,,0.013944546692073345
5383,17.0,895,1.202751636505127,,,0.008106728084385395
5384,17.0,1104,1.4915564060211182,,,0.012554499320685863
5385,10.0,771,1.047685146331787,,,0.010793814435601234
5386,31.0,1891,2.5075643062591553,,,0.017510689795017242
5387,6.0,485,0.6579065322875977,,,0.009749037213623524
5388,12.0,681,0.9254708290100098,,,0.02296208031475544
5389,14.0,780,1.0682525634765625,,,0.008974946103990078
5390,31.0,1404,1.8927874565124512,,,0.016864102333784103
5391,7.0,653,0.8897480964660645,,,0.022028200328350067
5392,10.0,689,0.9406015872955322,,,0.0204860158264637
5393,11.0,793,1.08622145652771,,,0.00926437508314848
5394,28.0,1679,2.2591700553894043,,,0.008883565664291382
5395,14.0,885,1.2091243267059326,,,0.007495278492569923
5396,3.0,383,0.5245587825775146,,,0.013693141750991344
5397,15.0,860,1.167128562927246,,,0.008326423354446888
5398,13.0,985,1.3287994861602783,,,0.03240993618965149
5399,4.0,546,0.7502272129058838,,,0.00819584634155035
5400,9.0,731,0.9996323585510254,,,0.007752853911370039
5401,8.0,600,0.8100862503051758,,,0.011547497473657131
5402,13.0,811,1.1011626720428467,,,0.02064809761941433
5403,9.0,681,0.9220364093780518,,,0.02324538864195347
5404,9.0,632,0.8577451705932617,,,0.00789865106344223
5405,20.0,1051,1.4243667125701904,,,0.030106130987405777
5406,4.0,651,0.8812775611877441,,,0.012397793121635914
5407,10.0,665,0.8998470306396484,,,0.0042699347250163555
5408,10.0,676,0.9138600826263428,,,0.011390727944672108
5409,14.0,637,0.8589644432067871,,,0.017106782644987106
5410,18.0,971,1.3138856887817383,,,0.028938913717865944
5411,13.0,724,0.9853167533874512,,,0.03613486513495445
5412,1.0,485,0.6630442142486572,,,0.016111789271235466
5413,7.0,611,0.8382363319396973,,,0.007001806050539017
5414,15.0,965,1.3084514141082764,,,0.018043668940663338
5415,13.0,1081,1.4656322002410889,,,0.010794181376695633
5416,9.0,676,0.9227573871612549,,,0.02980225160717964
5417,5.0,649,0.8866517543792725,,,0.019111890345811844
5418,8.0,643,0.8808174133300781,,,0.030442282557487488
5419,17.0,1148,1.558509349822998,,,0.033359456807374954
5420,7.0,617,0.8332843780517578,,,0.007731529884040356
5421,9.0,684,0.930905818939209,,,0.011568820104002953
5422,8.0,576,0.7798051834106445,,,0.0101673798635602
5423,9.0,673,0.920041561126709,,,0.015398507937788963
5424,9.0,647,0.8811273574829102,,,0.014888635836541653
5425,7.0,544,0.7422947883605957,,,0.021789750084280968
5426,15.0,1307,1.7721011638641357,,,0.005063733551651239
5427,9.0,726,0.9873719215393066,,,0.021906889975070953
5428,10.0,633,0.8591468334197998,,,0.006678207777440548
5429,13.0,657,0.8912017345428467,,,0.00940944254398346
5430,26.0,990,1.3359284400939941,,,0.018004847690463066
5431,11.0,932,1.2732243537902832,,,0.010985932312905788
5432,14.0,968,1.3160669803619385,,,0.015574092976748943
5433,2.0,387,0.5540900230407715,,,0.028366411104798317
5434,14.0,674,0.9181985855102539,,,0.010713924653828144
5435,13.0,999,1.3632516860961914,,,0.010495400056242943
5436,13.0,981,1.3325605392456055,,,0.014367065392434597
5437,5.0,495,0.679753303527832,,,0.008152222260832787
5438,12.0,619,0.8468594551086426,,,0.0019380233716219664
5439,19.0,1101,1.4811015129089355,,,0.010474653914570808
5440,10.0,649,0.871044397354126,,,0.02921309880912304
5441,8.0,1099,1.477876901626587,,,0.014095539227128029
5442,13.0,802,1.0760858058929443,,,0.022007610648870468
5443,17.0,923,1.2394840717315674,,,0.012185972183942795
5444,9.0,697,0.9388401508331299,,,0.007573459297418594
5445,11.0,717,0.9694087505340576,,,0.027868185192346573
5446,9.0,634,0.8535399436950684,,,0.017672274261713028
5447,12.0,634,0.8575115203857422,,,0.010660284198820591
5448,17.0,731,0.9854271411895752,,,0.01108277216553688
5449,19.0,1329,1.7876074314117432,,,0.029004959389567375
5450,15.0,1051,1.4083006381988525,,,0.024345071986317635
5451,12.0,681,0.9122979640960693,,,0.021473458036780357
5452,12.0,673,0.9053018093109131,,,0.0096763726323843
5453,12.0,670,0.9073691368103027,,,0.008445707149803638
5454,7.0,642,0.864656925201416,,,0.029940946027636528
5455,18.0,1001,1.3436143398284912,,,0.009869987145066261
5456,11.0,612,0.8300633430480957,,,0.008776169270277023
5457,9.0,680,0.9149842262268066,,,0.01837727800011635
5458,3.0,388,0.5181384086608887,,,0.006719961296766996
5459,13.0,658,0.888110876083374,,,0.0297843124717474
5460,17.0,927,1.2445034980773926,,,0.008692101575434208
5461,2.0,385,0.5209922790527344,,,0.013297234661877155
5462,12.0,661,0.8894355297088623,,,0.007682937663048506
5463,6.0,635,0.851093053817749,,,0.020868252962827682
5464,11.0,672,0.90232253074646,,,0.011790613643825054
5465,16.0,749,1.0048542022705078,,,0.026019694283604622
5466,5.0,564,0.7598743438720703,,,0.00660607498139143
5467,11.0,663,0.8950903415679932,,,0.01446488592773676
5468,15.0,1135,1.537454605102539,,,0.0020436306949704885
5469,7.0,593,0.8116977214813232,,,0.01572420448064804
5470,12.0,847,1.134965419769287,,,0.013436776585876942
5471,12.0,635,0.8514959812164307,,,0.015287531539797783
5472,23.0,1258,1.6939897537231445,,,0.024511536583304405
5473,13.0,833,1.124697208404541,,,0.008238638751208782
5474,11.0,825,1.11024808883667,,,0.019784914329648018
5475,15.0,813,1.093681812286377,,,0.03668007627129555
5476,6.0,659,0.8853862285614014,,,0.0126261031255126
5477,6.0,387,0.5239474773406982,,,0.005276817828416824
5478,14.0,1060,1.4217510223388672,,,0.010608303360641003
5479,21.0,927,1.2403230667114258,,,0.010373365134000778
5480,23.0,1123,1.5045437812805176,,,0.009591721929609776
5481,13.0,785,1.0579404830932617,,,0.00543076591566205
5482,24.0,1073,1.4312515258789062,,,0.008856100961565971
5483,15.0,747,1.0111973285675049,,,0.015223274007439613
5484,11.0,848,1.1416127681732178,,,0.03656550869345665
5485,13.0,635,0.8500120639801025,,,0.035218529403209686
5486,21.0,1125,1.5100512504577637,,,0.002670212648808956
5487,14.0,716,0.978257417678833,,,0.011522270739078522
5488,6.0,489,0.6743819713592529,,,0.010203002020716667
5489,5.0,637,0.8587257862091064,,,0.011645407415926456
5490,24.0,1091,1.4608714580535889,,,0.015202784910798073
5491,13.0,827,1.1085612773895264,,,0.028647813946008682
5492,14.0,858,1.1486494541168213,,,0.03261393681168556
5493,3.0,507,0.6871421337127686,,,0.012277638539671898
5494,10.0,631,0.8631100654602051,,,0.01631409302353859
5495,9.0,715,0.9738872051239014,,,0.003592374501749873
5496,11.0,958,1.2881550788879395,,,0.02671882137656212
5497,10.0,664,0.9014554023742676,,,0.010629505850374699
5498,9.0,723,0.9842884540557861,,,0.006613271776586771
5499,15.0,814,1.1050567626953125,,,0.010725332424044609
5500,9.0,682,0.9297785758972168,,,0.010818014852702618
5501,7.0,605,0.8249571323394775,,,0.013548800721764565
5502,4.0,622,0.8499197959899902,,,0.004018728155642748
5503,15.0,1033,1.404320478439331,,,0.008032298646867275
5504,11.0,655,0.896934986114502,,,0.01702912710607052
5505,16.0,845,1.1502187252044678,,,0.012209274806082249
5506,6.0,386,0.5178890228271484,,,0.011516525410115719
5507,12.0,656,0.8898870944976807,,,0.0056413705460727215
5508,13.0,623,0.8448681831359863,,,0.006208376027643681
5509,12.0,954,1.278125524520874,,,0.008491357788443565
5510,13.0,817,1.1113288402557373,,,0.004629580304026604
5511,13.0,850,1.1608843803405762,,,0.007232065312564373
5512,12.0,661,0.9015130996704102,,,0.015998568385839462
5513,13.0,637,0.8691985607147217,,,0.024920901283621788
5514,10.0,631,0.8613579273223877,,,0.012435565702617168
5515,16.0,1085,1.4756762981414795,,,0.007527792826294899
5516,14.0,849,1.1558785438537598,,,0.025883523747324944
5517,10.0,669,0.9140951633453369,,,0.020826051011681557
5518,8.0,704,0.9580285549163818,,,0.01136739831417799
5519,13.0,641,0.8714807033538818,,,0.0024264405947178602
5520,14.0,690,0.9274623394012451,,,0.013186655007302761
5521,26.0,1157,1.5442118644714355,,,0.01685110665857792
5522,15.0,737,0.9893014430999756,,,0.0060585858300328255
5523,12.0,688,0.9338572025299072,,,0.011071303859353065
5524,14.0,679,0.9230279922485352,,,0.00669290404766798
5525,12.0,633,0.8644623756408691,,,0.009051895700395107
5526,14.0,674,0.9213016033172607,,,0.030314790084958076
5527,11.0,694,0.9505932331085205,,,0.008721241727471352
5528,15.0,730,0.9910588264465332,,,0.027336008846759796
5529,18.0,972,1.3190016746520996,,,0.01516350731253624
5530,16.0,919,1.2460010051727295,,,0.0132459020242095
5531,12.0,639,0.8601851463317871,,,0.013250734657049179
5532,13.0,842,1.1315784454345703,,,0.011724519543349743
5533,12.0,635,0.8639302253723145,,,0.035172391682863235
5534,29.0,1221,1.6190707683563232,,,0.009973687119781971
5535,12.0,657,0.8874540328979492,,,0.023104149848222733
5536,4.0,595,0.803417444229126,,,0.010233297012746334
5537,14.0,844,1.132690668106079,,,0.006997105199843645
5538,25.0,1322,1.7765278816223145,,,0.007600059267133474
5539,11.0,639,0.8706331253051758,,,0.028557883575558662
5540,31.0,2262,3.0483570098876953,,,0.019530942663550377
5541,12.0,669,0.9075438976287842,,,0.014021028764545918
5542,8.0,528,0.726142406463623,,,0.005739533342421055
5543,10.0,625,0.848679780960083,,,0.03600865975022316
5544,4.0,417,0.5728781223297119,,,0.014948590658605099
5545,12.0,658,0.8910214900970459,,,0.005588708445429802
5546,11.0,638,0.8711755275726318,,,0.008693871088325977
5547,7.0,552,0.7513337135314941,,,0.01783338375389576
5548,12.0,647,0.8799397945404053,,,0.013837131671607494
5549,8.0,559,0.7635595798492432,,,0.023400479927659035
5550,14.0,810,1.0999209880828857,,,0.0065896171145141125
5551,13.0,697,0.9447884559631348,,,0.007698979694396257
5552,17.0,946,1.2890191078186035,,,0.014037168584764004
5553,10.0,678,0.9318623542785645,,,0.0030938703566789627
5554,9.0,610,0.8304553031921387,,,0.009108200669288635
5555,9.0,624,0.8484084606170654,,,0.0052648927085101604
5556,20.0,1076,1.4592058658599854,,,0.013073178939521313
5557,14.0,695,0.9531445503234863,,,0.018898855894804
5558,2.0,469,0.6362924575805664,,,0.012570621445775032
5559,12.0,653,0.8882300853729248,,,0.011902251280844212
5560,9.0,695,0.9434950351715088,,,0.016798468306660652
5561,14.0,721,0.9842543601989746,,,0.005547363311052322
5562,6.0,550,0.7466561794281006,,,0.017330344766378403
5563,12.0,672,0.91440749168396,,,0.014150329865515232
5564,18.0,1176,1.597506046295166,,,0.008983848616480827
5565,12.0,632,0.852879524230957,,,0.007888560183346272
5566,9.0,629,0.843320369720459,,,0.017560919746756554
5567,15.0,1213,1.627265214920044,,,0.025002414360642433
5568,30.0,1732,2.3033838272094727,,,0.005330771207809448
5569,24.0,1327,1.8010334968566895,,,0.009459640830755234
5570,18.0,976,1.3257396221160889,,,0.012982319109141827
5571,14.0,737,1.0103683471679688,,,0.025759384036064148
5572,11.0,668,0.9137730598449707,,,0.007191450335085392
5573,15.0,1122,1.529287338256836,,,0.011309923604130745
5574,13.0,815,1.109609842300415,,,0.009534314274787903
5575,9.0,879,1.1979670524597168,,,0.024705225601792336
5576,15.0,936,1.2668812274932861,,,0.007569957058876753
5577,14.0,848,1.1568505764007568,,,0.016293128952383995
5578,19.0,919,1.241764783859253,,,0.008189179934561253
5579,11.0,624,0.8512787818908691,,,0.009335319511592388
5580,22.0,1303,1.7629694938659668,,,0.009792209602892399
5581,12.0,682,0.9314141273498535,,,0.01593654789030552
5582,12.0,680,0.932323694229126,,,0.01888517290353775
5583,19.0,787,1.0745913982391357,,,0.007423047441989183
5584,4.0,521,0.7010974884033203,,,0.007947409525513649
5585,7.0,544,0.7354075908660889,,,0.017458396032452583
5586,10.0,685,0.9192478656768799,,,0.013150551356375217
5587,14.0,690,0.9303522109985352,,,0.0074754939414560795
5588,11.0,614,0.8350868225097656,,,0.02621803618967533
5589,13.0,757,1.0272867679595947,,,0.012539483606815338
5590,15.0,774,1.053199052810669,,,0.015538434498012066
5591,10.0,679,0.9165744781494141,,,0.010042603127658367
5592,17.0,929,1.2556991577148438,,,0.01381777785718441
5593,3.0,497,0.6826834678649902,,,0.014382702298462391
5594,11.0,654,0.8930706977844238,,,0.012410979717969894
5595,2.0,385,0.5268552303314209,,,0.01577933505177498
5596,11.0,633,0.8682682514190674,,,0.007419411092996597
5597,14.0,797,1.0881822109222412,,,0.013421074487268925
5598,16.0,1103,1.497305154800415,,,0.0024457492399960756
5599,7.0,680,0.9326810836791992,,,0.010981421917676926
5600,10.0,656,0.896085262298584,,,0.01877962425351143
5601,13.0,887,1.2162461280822754,,,0.0020265881903469563
5602,12.0,685,0.9323773384094238,,,0.008212233893573284
5603,13.0,980,1.3320438861846924,,,0.013742338865995407
5604,13.0,987,1.3423268795013428,,,0.02043490670621395
5605,13.0,665,0.9129238128662109,,,0.018904097378253937
5606,3.0,387,0.5250792503356934,,,0.00141756737139076
5607,5.0,463,0.6283142566680908,,,0.03300715237855911
5608,26.0,1059,1.435279369354248,,,0.004777476657181978
5609,11.0,733,0.9970731735229492,,,0.016765085980296135
5610,10.0,673,0.9226839542388916,,,0.017164479941129684
5611,14.0,701,0.9578661918640137,,,0.011698461137712002
5612,13.0,781,1.0526671409606934,,,0.03296578302979469
5613,13.0,631,0.8501510620117188,,,0.008160318247973919
5614,8.0,660,0.894195556640625,,,0.015363465994596481
5615,7.0,392,0.5360238552093506,,,0.006880955304950476
5616,3.0,487,0.667294979095459,,,0.020824797451496124
5617,7.0,607,0.8261368274688721,,,0.02541678585112095
5618,3.0,385,0.5281198024749756,,,0.01271473616361618
5619,16.0,1172,1.5923256874084473,,,0.014428438618779182
5620,12.0,664,0.9079506397247314,,,0.02270822785794735
5621,8.0,619,0.8431458473205566,,,0.00618743896484375
5622,5.0,510,0.6975581645965576,,,0.01614653877913952
5623,14.0,805,1.097184419631958,,,0.0036828184965997934
5624,9.0,831,1.134359359741211,,,0.022148216143250465
5625,10.0,630,0.8636343479156494,,,0.023131465539336205
5626,11.0,631,0.8662858009338379,,,0.0052268472500145435
5627,15.0,861,1.1635961532592773,,,0.002557688392698765
5628,13.0,1016,1.3646705150604248,,,0.027726637199521065
5629,13.0,630,0.8547713756561279,,,0.014658333733677864
5630,22.0,1174,1.5879392623901367,,,0.009883057326078415
5631,8.0,605,0.8316659927368164,,,0.015692397952079773
5632,13.0,846,1.1476259231567383,,,0.010675214231014252
5633,20.0,983,1.341787576675415,,,0.014523330144584179
5634,10.0,626,0.8480730056762695,,,0.00523596303537488
5635,8.0,669,0.9051058292388916,,,0.0230863019824028
5636,16.0,920,1.2463936805725098,,,0.016495438292622566
5637,21.0,994,1.34145188331604,,,0.018534360453486443
5638,19.0,1182,1.578437089920044,,,0.02090740203857422
5639,6.0,670,0.9020373821258545,,,0.00254136067815125
5640,12.0,743,1.0049562454223633,,,0.00889913272112608
5641,20.0,1096,1.4693310260772705,,,0.029302092269062996
5642,24.0,1155,1.5623209476470947,,,0.012429917231202126
5643,12.0,691,0.9417181015014648,,,0.015367235988378525
5644,17.0,1097,1.485612154006958,,,0.020783238112926483
5645,13.0,977,1.3245902061462402,,,0.01025568600744009
5646,13.0,747,1.0177860260009766,,,0.006980085279792547
5647,15.0,733,0.999934196472168,,,0.007922579534351826
5648,8.0,693,0.9458892345428467,,,0.017736729234457016
5649,26.0,1511,2.0325405597686768,,,0.003707762574777007
5650,10.0,613,0.841066837310791,,,0.02107742801308632
5651,18.0,807,1.092668056488037,,,0.027454694733023643
5652,26.0,1081,1.4557652473449707,,,0.02167837880551815
5653,6.0,707,0.9601373672485352,,,0.02091067098081112
5654,13.0,971,1.3232824802398682,,,0.04051419347524643
5655,16.0,935,1.2723522186279297,,,0.028323132544755936
5656,10.0,709,0.9750430583953857,,,0.015745734795928
5657,12.0,671,0.9148762226104736,,,0.0076065510511398315
5658,11.0,691,0.9318332672119141,,,0.01041826419532299
5659,27.0,1377,1.8537359237670898,,,0.0072539085522294044
5660,8.0,677,0.9194762706756592,,,0.009308394975960255
5661,19.0,1103,1.4769744873046875,,,0.008815180510282516
5662,18.0,919,1.246293306350708,,,0.004510237369686365
5663,7.0,525,0.712860107421875,,,0.013585153967142105
5664,7.0,612,0.8334896564483643,,,0.016972970217466354
5665,3.0,472,0.6468682289123535,,,0.021691573783755302
5666,16.0,1017,1.377495288848877,,,0.00984102115035057
5667,14.0,995,1.3588085174560547,,,0.011753326281905174
5668,15.0,841,1.150127649307251,,,0.02009633183479309
5669,14.0,899,1.218963384628296,,,0.016246745362877846
5670,11.0,610,0.8356668949127197,,,0.0031835748814046383
5671,13.0,757,1.0299034118652344,,,0.012231122702360153
5672,12.0,631,0.857802152633667,,,0.0070074936375021935
5673,3.0,472,0.6455459594726562,,,0.011322492733597755
5674,2.0,523,0.7100710868835449,,,0.03686034306883812
5675,7.0,613,0.8356518745422363,,,0.006704262923449278
5676,12.0,642,0.8690123558044434,,,0.006667956709861755
5677,10.0,652,0.8813571929931641,,,0.008279258385300636
5678,13.0,637,0.8608188629150391,,,0.011699438095092773
5679,6.0,421,0.5711526870727539,,,0.01787170022726059
5680,24.0,1235,1.649350643157959,,,0.0288900937885046
5681,10.0,683,0.9191510677337646,,,0.012317080050706863
5682,17.0,985,1.3358211517333984,,,0.019417354837059975
5683,5.0,496,0.6757774353027344,,,0.024657022207975388
5684,15.0,834,1.1340792179107666,,,0.01450380589812994
5685,12.0,1066,1.435612440109253,,,0.019154608249664307
5686,6.0,651,0.8788776397705078,,,0.007006245199590921
5687,12.0,654,0.892613410949707,,,0.01802636682987213
5688,2.0,466,0.6332671642303467,,,0.00847284123301506
5689,16.0,1005,1.3580834865570068,,,0.021585021167993546
5690,9.0,674,0.9140946865081787,,,0.007752090226858854
5691,17.0,1223,1.646702766418457,,,0.006572148762643337
5692,6.0,519,0.7024774551391602,,,0.008439620956778526
5693,8.0,605,0.8180792331695557,,,0.008683400228619576
5694,5.0,485,0.6621325016021729,,,0.008391737006604671
5695,28.0,1769,2.3442232608795166,,,0.01076856441795826
5696,13.0,995,1.3425753116607666,,,0.011056598275899887
5697,17.0,874,1.1754391193389893,,,0.021438350901007652
5698,13.0,619,0.8330638408660889,,,0.002047445857897401
5699,12.0,642,0.8705220222473145,,,0.013400237075984478
5700,3.0,465,0.62506103515625,,,0.015143116004765034
5701,14.0,746,1.0188376903533936,,,0.013953845016658306
5702,5.0,391,0.5328381061553955,,,0.013314390555024147
5703,11.0,616,0.8415567874908447,,,0.010103153996169567
5704,12.0,636,0.8699626922607422,,,0.020727258175611496
5705,13.0,632,0.8622729778289795,,,0.020616041496396065
5706,7.0,392,0.5387475490570068,,,0.012582802213728428
5707,12.0,665,0.9075927734375,,,0.006265940144658089
5708,11.0,615,0.8375551700592041,,,0.03721325099468231
5709,15.0,698,0.9546065330505371,,,0.015770964324474335
5710,20.0,1095,1.4956328868865967,,,0.007949886843562126
5711,15.0,1047,1.4278059005737305,,,0.002745382720604539
5712,5.0,483,0.6633126735687256,,,0.0062478529289364815
5713,16.0,883,1.2019076347351074,,,0.018841369077563286
5714,11.0,689,0.9336609840393066,,,0.020588038489222527
5715,4.0,385,0.5245282649993896,,,0.017586708068847656
5716,13.0,699,0.9519217014312744,,,0.009247461333870888
5717,16.0,918,1.2537641525268555,,,0.011051476933062077
5718,11.0,637,0.874276876449585,,,0.0018406452145427465
5719,8.0,669,0.916313648223877,,,0.027130722999572754
5720,12.0,683,0.9356684684753418,,,0.006638847757130861
5721,11.0,642,0.8744852542877197,,,0.007578851655125618
5722,4.0,472,0.644141435623169,,,0.011667991988360882
5723,22.0,1029,1.4066317081451416,,,0.015748068690299988
5724,16.0,923,1.2579498291015625,,,0.007415037136524916
5725,13.0,669,0.9133391380310059,,,0.00790112279355526
5726,19.0,922,1.2520036697387695,,,0.016060346737504005
5727,7.0,625,0.8518352508544922,,,0.004359775688499212
5728,12.0,680,0.9252941608428955,,,0.023166589438915253
5729,5.0,678,0.927696943283081,,,0.019650250673294067
5730,22.0,1267,1.7139480113983154,,,0.0060261026956140995
5731,10.0,619,0.8391058444976807,,,0.03522796183824539
5732,8.0,499,0.670008659362793,,,0.007363595999777317
5733,11.0,682,0.9279448986053467,,,0.013902558013796806
5734,13.0,623,0.8532412052154541,,,0.03998697176575661
5735,16.0,1071,1.4624552726745605,,,0.012347443960607052
5736,11.0,708,0.9674046039581299,,,0.016095295548439026
5737,18.0,923,1.2569189071655273,,,0.01592368818819523
5738,11.0,652,0.8890769481658936,,,0.040149521082639694
5739,11.0,634,0.8602297306060791,,,0.012842806987464428
5740,11.0,969,1.3213810920715332,,,0.002019584644585848
5741,13.0,1042,1.421391248703003,,,0.0070494371466338634
5742,18.0,975,1.3182551860809326,,,0.02008725330233574
5743,23.0,1057,1.4299800395965576,,,0.02213285118341446
5744,3.0,494,0.6727631092071533,,,0.018208295106887817
5745,9.0,709,0.9701685905456543,,,0.015109671279788017
5746,15.0,911,1.2441728115081787,,,0.013551329262554646
5747,5.0,366,0.4964613914489746,,,0.012218817137181759
5748,7.0,650,0.887894868850708,,,0.014720486477017403
5749,13.0,631,0.8611569404602051,,,0.005884429439902306
5750,11.0,720,0.9870357513427734,,,0.03698141127824783
5751,14.0,1051,1.4372584819793701,,,0.014344301074743271
5752,3.0,372,0.5084066390991211,,,0.03486260771751404
5753,11.0,689,0.93951416015625,,,0.01674632914364338
5754,12.0,645,0.8867313861846924,,,0.013481542468070984
5755,11.0,618,0.8504881858825684,,,0.013539767824113369
5756,3.0,485,0.6573913097381592,,,0.01402019802480936
5757,11.0,677,0.926058292388916,,,0.009832603856921196
5758,13.0,613,0.8335704803466797,,,0.007946321740746498
5759,14.0,1028,1.402541160583496,,,0.011683513410389423
5760,11.0,689,0.9411847591400146,,,0.019709749147295952
5761,4.0,471,0.6458654403686523,,,0.0045022424310445786
5762,5.0,510,0.6980056762695312,,,0.015116533264517784
5763,11.0,627,0.8551547527313232,,,0.008579161949455738
5764,12.0,855,1.1656744480133057,,,0.014395331032574177
5765,10.0,675,0.9265451431274414,,,0.008570114150643349
5766,4.0,475,0.6479640007019043,,,0.018414907157421112
5767,14.0,804,1.082775592803955,,,0.012565068900585175
5768,9.0,620,0.8464646339416504,,,0.006255670450627804
5769,20.0,999,1.3592283725738525,,,0.02968517690896988
5770,8.0,681,0.9239680767059326,,,0.005493307486176491
5771,10.0,885,1.2026863098144531,,,0.004357021767646074
5772,6.0,392,0.5390496253967285,,,0.009368829429149628
5773,12.0,643,0.8702666759490967,,,0.007891586981713772
5774,17.0,907,1.2266380786895752,,,0.02921491675078869
5775,12.0,653,0.8880414962768555,,,0.030081821605563164
5776,11.0,880,1.203883171081543,,,0.0026327832601964474
5777,12.0,660,0.8999433517456055,,,0.006940971128642559
5778,13.0,847,1.1517152786254883,,,0.004858868662267923
5779,9.0,619,0.8421597480773926,,,0.010293496772646904
5780,15.0,914,1.2469370365142822,,,0.026784872636198997
5781,12.0,618,0.8504109382629395,,,0.02869953215122223
5782,13.0,1059,1.4470617771148682,,,0.010524652898311615
5783,11.0,629,0.8567731380462646,,,0.05202491581439972
5784,19.0,918,1.25174880027771,,,0.02931433916091919
5785,11.0,638,0.8666677474975586,,,0.01720571145415306
5786,17.0,917,1.247917890548706,,,0.015840204432606697
5787,10.0,627,0.8485455513000488,,,0.01319674588739872
5788,12.0,676,0.9156887531280518,,,0.010523360222578049
5789,13.0,762,1.0348572731018066,,,0.01757458783686161
5790,3.0,497,0.687222957611084,,,0.011758686974644661
5791,12.0,615,0.8368635177612305,,,0.0054409559816122055
5792,14.0,751,1.0254926681518555,,,0.04096708446741104
5793,6.0,515,0.7064878940582275,,,0.0020328795071691275
5794,10.0,625,0.8598232269287109,,,0.007134512532502413
5795,10.0,623,0.8501882553100586,,,0.010083600878715515
5796,5.0,485,0.6596641540527344,,,0.011991229839622974
5797,13.0,630,0.856482744216919,,,0.004123207647353411
5798,7.0,606,0.8278656005859375,,,0.018721381202340126
5799,8.0,701,0.9507913589477539,,,0.014465033076703548
5800,14.0,625,0.8513405323028564,,,0.017956163734197617
5801,23.0,1231,1.6686391830444336,,,0.015246182680130005
5802,23.0,1208,1.6391658782958984,,,0.020060889422893524
5803,4.0,397,0.5424721240997314,,,0.008812165819108486
5804,22.0,905,1.2269086837768555,,,0.012326519005000591
5805,12.0,690,0.9272658824920654,,,0.01294265128672123
5806,18.0,1171,1.5780744552612305,,,0.013694843277335167
5807,14.0,771,1.069314956665039,,,0.010051273740828037
5808,24.0,1331,1.7846672534942627,,,0.01195958536118269
5809,3.0,387,0.522629976272583,,,0.009991344064474106
5810,20.0,1055,1.4173893928527832,,,0.009250640869140625
5811,25.0,1063,1.4276762008666992,,,0.00506079476326704
5812,20.0,1005,1.3444924354553223,,,0.011118046939373016
5813,11.0,641,0.874699592590332,,,0.009539020247757435
5814,8.0,622,0.8485443592071533,,,0.010210713371634483
5815,29.0,1493,2.0016465187072754,,,0.003934803418815136
5816,11.0,685,0.9296915531158447,,,0.014578788541257381
5817,14.0,757,1.0334258079528809,,,0.006398884113878012
5818,15.0,971,1.3169171810150146,,,0.005336902569979429
5819,3.0,515,0.6932861804962158,,,0.010782461613416672
5820,3.0,491,0.664482593536377,,,0.012399694882333279
5821,11.0,624,0.8396265506744385,,,0.0161905400454998
5822,12.0,821,1.0999538898468018,,,0.008666026405990124
5823,11.0,745,1.002697467803955,,,0.018398761749267578
5824,5.0,513,0.6939585208892822,,,0.01933377981185913
5825,14.0,739,0.9945836067199707,,,0.01561172865331173
5826,13.0,739,0.9963939189910889,,,0.010785550810396671
5827,2.0,351,0.4774765968322754,,,0.009123559109866619
5828,6.0,515,0.6958737373352051,,,0.04196462407708168
5829,6.0,403,0.5443706512451172,,,0.008143465965986252
5830,13.0,736,0.9923098087310791,,,0.0037161968648433685
5831,9.0,776,1.0433628559112549,,,0.008775250054895878
5832,16.0,1013,1.3630297183990479,,,0.008527200669050217
5833,17.0,1053,1.4101314544677734,,,0.02393912896513939
5834,13.0,800,1.0752532482147217,,,0.00886102207005024
5835,4.0,414,0.555715799331665,,,0.0238401610404253
5836,3.0,473,0.6433572769165039,,,0.017497794702649117
5837,11.0,660,0.8877649307250977,,,0.0032182945869863033
5838,8.0,637,0.858511209487915,,,0.0063898577354848385
5839,10.0,721,0.9715719223022461,,,0.03908339515328407
5840,13.0,684,0.9220902919769287,,,0.031239943578839302
5841,10.0,720,0.9681892395019531,,,0.02203831449151039
5842,20.0,1081,1.4480388164520264,,,0.02253587543964386
5843,14.0,839,1.1251373291015625,,,0.03246137872338295
5844,12.0,625,0.8495755195617676,,,0.017801476642489433
5845,14.0,830,1.1278252601623535,,,0.025470005348324776
5846,18.0,1073,1.4612624645233154,,,0.011066557839512825
5847,10.0,612,0.8313229084014893,,,0.03740992769598961
5848,17.0,978,1.314965009689331,,,0.006246231961995363
5849,8.0,679,0.9186615943908691,,,0.014132114127278328
5850,10.0,683,0.9184300899505615,,,0.024460457265377045
5851,3.0,491,0.6655161380767822,,,0.005778767634183168
5852,12.0,690,0.9273788928985596,,,0.017219876870512962
5853,12.0,648,0.8803141117095947,,,0.03927728161215782
5854,11.0,902,1.2184889316558838,,,0.013586694374680519
5855,9.0,609,0.817023515701294,,,0.009482092224061489
5856,13.0,699,0.9449715614318848,,,0.04359083250164986
5857,11.0,649,0.8772497177124023,,,0.004624573513865471
5858,13.0,630,0.8484017848968506,,,0.016601962968707085
5859,10.0,662,0.8948266506195068,,,0.019937817007303238
5860,13.0,668,0.8977117538452148,,,0.018596667796373367
5861,13.0,617,0.8326432704925537,,,0.006862375885248184
5862,10.0,649,0.8789215087890625,,,0.0168901439756155
5863,11.0,647,0.8658308982849121,,,0.02629200555384159
5864,12.0,631,0.8495173454284668,,,0.007821321487426758
5865,10.0,641,0.8612890243530273,,,0.012566965073347092
5866,5.0,658,0.891596794128418,,,0.012901751324534416
5867,22.0,977,1.3108580112457275,,,0.014202178455889225
5868,4.0,489,0.6570508480072021,,,0.013873063027858734
5869,12.0,692,0.9333035945892334,,,0.03904073312878609
5870,12.0,643,0.8635752201080322,,,0.03672678396105766
5871,12.0,662,0.8918423652648926,,,0.012252984568476677
5872,3.0,478,0.6419618129730225,,,0.014959382824599743
5873,10.0,621,0.8419594764709473,,,0.01911357417702675
5874,8.0,625,0.8445837497711182,,,0.009239798411726952
5875,11.0,623,0.8361880779266357,,,0.00472938222810626
5876,4.0,493,0.6677379608154297,,,0.014675773680210114
5877,15.0,713,0.9604883193969727,,,0.017265724018216133
5878,4.0,466,0.6298038959503174,,,0.026736143976449966
5879,10.0,695,0.9342172145843506,,,0.012026053853332996
5880,19.0,1177,1.5722854137420654,,,0.020233264192938805
5881,13.0,627,0.8463807106018066,,,0.011759579181671143
5882,8.0,623,0.8360841274261475,,,0.019508084282279015
5883,10.0,669,0.8952231407165527,,,0.011040885001420975
5884,12.0,643,0.8687169551849365,,,0.012475499883294106
5885,16.0,1060,1.4212677478790283,,,0.009028200060129166
5886,12.0,638,0.8543820381164551,,,0.009822526946663857
5887,14.0,790,1.0649497509002686,,,0.014113254845142365
5888,19.0,1056,1.4184677600860596,,,0.011208426207304
5889,18.0,957,1.2890653610229492,,,0.01600027270615101
5890,10.0,646,0.8872621059417725,,,0.010091850534081459
5891,10.0,625,0.8584632873535156,,,0.027395155280828476
5892,11.0,657,0.8955333232879639,,,0.0097237229347229
5893,15.0,855,1.1715636253356934,,,0.011514940299093723
5894,12.0,620,0.8460345268249512,,,0.0020206766203045845
5895,12.0,644,0.8741610050201416,,,0.01564023084938526
5896,18.0,781,1.0639562606811523,,,0.02605278231203556
5897,7.0,619,0.8523650169372559,,,0.003438812680542469
5898,13.0,807,1.1179640293121338,,,0.002350171562284231
5899,16.0,824,1.124743938446045,,,0.01501184981316328
5900,3.0,399,0.5464141368865967,,,0.012677009217441082
5901,9.0,623,0.8529086112976074,,,0.005955413915216923
5902,4.0,472,0.6499001979827881,,,0.0067393165081739426
5903,12.0,661,0.8963279724121094,,,0.01772657223045826
5904,6.0,393,0.5412135124206543,,,0.018715670332312584
5905,25.0,1141,1.5410046577453613,,,0.008544228971004486
5906,14.0,810,1.1051974296569824,,,0.013676146976649761
5907,4.0,399,0.546151876449585,,,0.004833194427192211
5908,14.0,769,1.0519309043884277,,,0.006581704597920179
5909,17.0,791,1.0780613422393799,,,0.014529728330671787
5910,10.0,627,0.8487460613250732,,,0.007287115789949894
5911,23.0,1111,1.507735252380371,,,0.036134280264377594
5912,5.0,527,0.7137010097503662,,,0.014897921122610569
5913,9.0,613,0.8385834693908691,,,0.013901719823479652
5914,10.0,615,0.837322473526001,,,0.022023092955350876
5915,5.0,502,0.6838467121124268,,,0.014599548652768135
5916,13.0,769,1.0536458492279053,,,0.02622264251112938
5917,3.0,481,0.6612961292266846,,,0.01200675219297409
5918,10.0,607,0.833362340927124,,,0.019549477845430374
5919,17.0,999,1.360785722732544,,,0.017334090545773506
5920,9.0,621,0.8446838855743408,,,0.0018348325975239277
5921,9.0,639,0.8757047653198242,,,0.006828356999903917
5922,18.0,856,1.1671748161315918,,,0.053140245378017426
5923,16.0,701,0.9559071063995361,,,0.014858598820865154
5924,27.0,1320,1.7839293479919434,,,0.013604770414531231
5925,3.0,385,0.5263910293579102,,,0.00790832657366991
5926,3.0,390,0.5269320011138916,,,0.025086471810936928
5927,11.0,636,0.8656136989593506,,,0.01792016252875328
5928,13.0,627,0.8414292335510254,,,0.0193195641040802
5929,7.0,445,0.6081504821777344,,,0.014656170271337032
5930,2.0,409,0.551945686340332,,,0.006286586634814739
5931,10.0,655,0.8834898471832275,,,0.013242129236459732
5932,4.0,372,0.5083391666412354,,,0.008906850591301918
5933,4.0,360,0.4921445846557617,,,0.020884254947304726
5934,13.0,833,1.128037452697754,,,0.010258491151034832
5935,3.0,385,0.5277626514434814,,,0.012476061470806599
5936,6.0,345,0.47323179244995117,,,0.019450737163424492
5937,4.0,385,0.5249776840209961,,,0.007794887758791447
5938,24.0,1364,1.8368291854858398,,,0.019417626783251762
5939,9.0,677,0.9297807216644287,,,0.017193375155329704
5940,30.0,1151,1.558377742767334,,,0.018748467788100243
5941,10.0,655,0.8947491645812988,,,0.01318415254354477
5942,5.0,672,0.9132959842681885,,,0.025179296731948853
5943,3.0,400,0.5460615158081055,,,0.012392506934702396
5944,10.0,745,1.017324447631836,,,0.01213130634278059
5945,21.0,1571,2.113251209259033,,,0.01161261647939682
5946,11.0,649,0.873028039932251,,,0.013416039757430553
5947,12.0,626,0.8433504104614258,,,0.010215049609541893
5948,10.0,629,0.8539996147155762,,,0.008854412473738194
5949,19.0,981,1.3337478637695312,,,0.021921610459685326
5950,21.0,1222,1.657705307006836,,,0.019246011972427368
5951,18.0,1126,1.5352671146392822,,,0.03120485320687294
5952,12.0,611,0.8361947536468506,,,0.014673889614641666
5953,12.0,612,0.840968132019043,,,0.0020492507610470057
5954,18.0,747,1.0110187530517578,,,0.026667548343539238
5955,18.0,925,1.2506072521209717,,,0.008269399404525757
5956,21.0,1021,1.3825759887695312,,,0.008664565160870552
5957,12.0,661,0.8929750919342041,,,0.0082914549857378
5958,9.0,674,0.913881778717041,,,0.016254115849733353
5959,5.0,536,0.7245986461639404,,,0.007562834303826094
5960,4.0,391,0.5314021110534668,,,0.011154567822813988
5961,4.0,384,0.525238037109375,,,0.007490559481084347
5962,26.0,1442,1.9292261600494385,,,0.026714365929365158
5963,3.0,382,0.5175299644470215,,,0.010463323444128036
5964,5.0,485,0.6586699485778809,,,0.009052426554262638
5965,8.0,619,0.839547872543335,,,0.001885581063106656
5966,14.0,943,1.2759487628936768,,,0.013126685284078121
5967,2.0,372,0.5085537433624268,,,0.014895842410624027
5968,13.0,649,0.8846521377563477,,,0.013477711006999016
5969,12.0,623,0.8521318435668945,,,0.008796997368335724
5970,13.0,807,1.101271629333496,,,0.026155924424529076
5971,14.0,632,0.8653080463409424,,,0.009699423797428608
5972,3.0,407,0.5572400093078613,,,0.010594970546662807
5973,14.0,797,1.0864994525909424,,,0.017625853419303894
5974,4.0,471,0.6400866508483887,,,0.004507819190621376
5975,7.0,620,0.8526217937469482,,,0.03271971270442009
5976,15.0,1027,1.3888652324676514,,,0.008982256054878235
5977,17.0,823,1.1311633586883545,,,0.015089169144630432
5978,15.0,1069,1.4589624404907227,,,0.004865117371082306
5979,5.0,520,0.7044186592102051,,,0.02562163956463337
5980,19.0,1091,1.4789838790893555,,,0.005773418117314577
5981,6.0,427,0.5869581699371338,,,0.012650417163968086
5982,7.0,682,0.9303386211395264,,,0.023860272020101547
5983,14.0,759,1.040583610534668,,,0.01687474548816681
5984,10.0,618,0.8462841510772705,,,0.019662952050566673
5985,1.0,384,0.5264532566070557,,,0.009841852821409702
5986,16.0,791,1.0699620246887207,,,0.005644198041409254
5987,23.0,1048,1.4188907146453857,,,0.02976790815591812
5988,17.0,880,1.194791316986084,,,0.01044376939535141
5989,16.0,942,1.2792038917541504,,,0.006023445166647434
5990,14.0,776,1.0498323440551758,,,0.015670549124479294
5991,10.0,615,0.8384113311767578,,,0.004970545414835215
5992,11.0,620,0.8311903476715088,,,0.0031992013100534678
5993,20.0,1013,1.3741669654846191,,,0.007134403567761183
5994,3.0,504,0.6867482662200928,,,0.011983166448771954
5995,10.0,653,0.8921630382537842,,,0.010108811780810356
5996,6.0,510,0.6939895153045654,,,0.0050026425160467625
5997,10.0,653,0.8965084552764893,,,0.026206251233816147
5998,17.0,1254,1.6865887641906738,,,0.01111487578600645
5999,12.0,754,1.0204553604125977,,,0.006417645141482353
6000,10.0,693,0.9368362426757812,,,0.006007276941090822
6001,14.0,728,0.9841170310974121,,,0.011781363748013973
6002,3.0,391,0.5273773670196533,,,0.004060311708599329
6003,12.0,621,0.841228723526001,,,0.0017450350569561124
6004,12.0,632,0.8551473617553711,,,0.0183777566999197
6005,6.0,463,0.6273629665374756,,,0.00677249813452363
6006,3.0,477,0.6447756290435791,,,0.006185309030115604
6007,15.0,923,1.247485637664795,,,0.006028356496244669
6008,12.0,762,1.0278751850128174,,,0.014898176304996014
6009,12.0,661,0.8945562839508057,,,0.02026873454451561
6010,12.0,642,0.8713059425354004,,,0.0337689034640789
6011,20.0,1027,1.3793439865112305,,,0.010656588710844517
6012,7.0,611,0.8325669765472412,,,0.019926797598600388
6013,19.0,1063,1.4279277324676514,,,0.008901995606720448
6014,25.0,1135,1.524104356765747,,,0.01242020446807146
6015,1.0,401,0.5439879894256592,,,0.009525301866233349
6016,5.0,495,0.6694724559783936,,,0.021855315193533897
6017,15.0,725,0.9947829246520996,,,0.017517361789941788
6018,8.0,677,0.9207367897033691,,,0.014674200676381588
6019,16.0,1435,1.9278028011322021,,,0.00782816857099533
6020,13.0,829,1.121636152267456,,,0.011725571937859058
6021,24.0,1078,1.45064377784729,,,0.007086937315762043
6022,11.0,721,0.9781725406646729,,,0.012586507014930248
6023,9.0,640,0.8649108409881592,,,0.009574171155691147
6024,15.0,850,1.1479418277740479,,,0.03356299176812172
6025,12.0,675,0.910590410232544,,,0.014983493834733963
6026,18.0,915,1.2329864501953125,,,0.018624255433678627
6027,10.0,652,0.8820254802703857,,,0.014760738238692284
6028,21.0,1284,1.735567569732666,,,0.0018068720819428563
6029,10.0,683,0.9280998706817627,,,0.016971902921795845
6030,4.0,473,0.6407406330108643,,,0.03239968791604042
6031,2.0,377,0.5148100852966309,,,0.015315157361328602
6032,17.0,1182,1.5814335346221924,,,0.006960039027035236
6033,26.0,1062,1.4347448348999023,,,0.012121130712330341
6034,9.0,640,0.864884614944458,,,0.01130530796945095
6035,14.0,673,0.9082956314086914,,,0.00571396853774786
6036,14.0,824,1.112955093383789,,,0.017090018838644028
6037,13.0,673,0.9142076969146729,,,0.009884195402264595
6038,10.0,691,0.9326424598693848,,,0.01010916568338871
6039,12.0,670,0.90151047706604,,,0.0144652696326375
6040,13.0,609,0.8328299522399902,,,0.011689974926412106
6041,12.0,669,0.9016067981719971,,,0.00894287507981062
6042,15.0,765,1.035588264465332,,,0.009678993374109268
6043,11.0,658,0.8985321521759033,,,0.008231724612414837
6044,12.0,635,0.8608858585357666,,,0.03552228584885597
6045,17.0,824,1.1200344562530518,,,0.02386135794222355
6046,11.0,619,0.8450350761413574,,,0.006673618219792843
6047,20.0,983,1.3380725383758545,,,0.0052063907496631145
6048,12.0,662,0.8998782634735107,,,0.008571602404117584
6049,9.0,629,0.8602023124694824,,,0.006438549142330885
6050,8.0,647,0.8757147789001465,,,0.006039787549525499
6051,14.0,973,1.3230946063995361,,,0.01669960282742977
6052,12.0,1063,1.4466679096221924,,,0.006993463262915611
6053,9.0,641,0.8774304389953613,,,0.012673461809754372
6054,16.0,974,1.3097875118255615,,,0.016324292868375778
6055,12.0,720,0.965367317199707,,,0.013946077786386013
6056,10.0,703,0.9499387741088867,,,0.009072107262909412
6057,11.0,623,0.8384714126586914,,,0.005446983966976404
6058,12.0,653,0.8791699409484863,,,0.04083715379238129
6059,6.0,668,0.8998582363128662,,,0.01589050516486168
6060,9.0,808,1.1018455028533936,,,0.014603489078581333
6061,8.0,804,1.0972018241882324,,,0.01569969765841961
6062,11.0,665,0.9008429050445557,,,0.006555820349603891
6063,11.0,625,0.8520941734313965,,,0.009231061674654484
6064,13.0,943,1.2881078720092773,,,0.00472487136721611
6065,11.0,635,0.8676140308380127,,,0.03318013250827789
6066,11.0,618,0.8418843746185303,,,0.011912133544683456
6067,10.0,626,0.85622239112854,,,0.016719000414013863
6068,8.0,551,0.7547521591186523,,,0.039012983441352844
6069,18.0,961,1.311004400253296,,,0.026189934462308884
6070,10.0,681,0.9295964241027832,,,0.022258302196860313
6071,12.0,700,0.9550249576568604,,,0.00463480968028307
6072,3.0,389,0.5336852073669434,,,0.011065744794905186
6073,13.0,1079,1.4734187126159668,,,0.01952402852475643
6074,13.0,995,1.3528664112091064,,,0.00468872906640172
6075,11.0,679,0.9257512092590332,,,0.007135073188692331
6076,5.0,471,0.6348860263824463,,,0.0028043827041983604
6077,12.0,625,0.8548867702484131,,,0.0037545873783528805
6078,11.0,663,0.9021015167236328,,,0.017548654228448868
6079,9.0,687,0.9351897239685059,,,0.02050691656768322
6080,10.0,611,0.8347375392913818,,,0.016898073256015778
6081,10.0,719,0.9861807823181152,,,0.026831621304154396
6082,18.0,921,1.2546234130859375,,,0.014760229736566544
6083,15.0,751,1.0247361660003662,,,0.0018033680971711874
6084,9.0,627,0.8453943729400635,,,0.009861870668828487
6085,19.0,991,1.3527238368988037,,,0.017205100506544113
6086,9.0,703,0.961601734161377,,,0.008168220520019531
6087,12.0,849,1.155871868133545,,,0.02355840988457203
6088,12.0,667,0.9086661338806152,,,0.02906995266675949
6089,4.0,503,0.6889724731445312,,,0.007773618213832378
6090,15.0,1157,1.5676133632659912,,,0.010027788579463959
6091,6.0,516,0.6996731758117676,,,0.0123309176415205
6092,12.0,715,0.9729359149932861,,,0.0050606378354132175
6093,10.0,909,1.2356271743774414,,,0.02282274141907692
6094,7.0,526,0.7062158584594727,,,0.01594015397131443
6095,9.0,662,0.8948013782501221,,,0.0030875166412442923
6096,29.0,1847,2.444262981414795,,,0.026534369215369225
6097,12.0,633,0.8541762828826904,,,0.01215439848601818
6098,13.0,610,0.8194010257720947,,,0.008126950822770596
6099,5.0,480,0.6570720672607422,,,0.020745722576975822
6100,14.0,696,0.9457499980926514,,,0.013564685359597206
6101,3.0,375,0.5182802677154541,,,0.02384079620242119
6102,4.0,478,0.6613292694091797,,,0.013551387004554272
6103,13.0,826,1.1219806671142578,,,0.00791348796337843
6104,5.0,480,0.6528604030609131,,,0.007928574457764626
6105,9.0,631,0.8671269416809082,,,0.014185772277414799
6106,24.0,1476,1.9909543991088867,,,0.02064669132232666
6107,5.0,471,0.6439394950866699,,,0.013075518421828747
6108,14.0,677,0.9229831695556641,,,0.01097062323242426
6109,14.0,874,1.1894783973693848,,,0.006702732760459185
6110,3.0,514,0.7057709693908691,,,0.014466377906501293
6111,8.0,633,0.8634982109069824,,,0.0054803588427603245
6112,12.0,702,0.9567265510559082,,,0.016164841130375862
6113,4.0,489,0.6630997657775879,,,0.018439238891005516
6114,9.0,615,0.8298516273498535,,,0.004463360644876957
6115,12.0,619,0.8343124389648438,,,0.009165797382593155
6116,6.0,556,0.7529823780059814,,,0.005491655319929123
6117,10.0,621,0.8451442718505859,,,0.015397874638438225
6118,12.0,653,0.8849289417266846,,,0.014869192615151405
6119,12.0,661,0.8914134502410889,,,0.005641824100166559
6120,7.0,631,0.8486719131469727,,,0.00711478665471077
6121,11.0,720,0.9780325889587402,,,0.008478110656142235
6122,12.0,658,0.8953869342803955,,,0.006084172520786524
6123,12.0,817,1.1220471858978271,,,0.007306761108338833
6124,13.0,824,1.1176178455352783,,,0.02715717814862728
6125,12.0,629,0.8560826778411865,,,0.0055607338435947895
6126,5.0,494,0.6748149394989014,,,0.0065164449624717236
6127,11.0,697,0.9587154388427734,,,0.021473638713359833
6128,12.0,732,1.0000555515289307,,,0.021888388320803642
6129,12.0,621,0.8503472805023193,,,0.029611065983772278
6130,12.0,944,1.2778282165527344,,,0.00503557501360774
6131,10.0,683,0.9309661388397217,,,0.007959523238241673
6132,4.0,503,0.6838560104370117,,,0.02668890357017517
6133,14.0,672,0.9168076515197754,,,0.020345935598015785
6134,5.0,480,0.6590855121612549,,,0.016149727627635002
6135,4.0,483,0.6634883880615234,,,0.005434932187199593
6136,4.0,378,0.5186128616333008,,,0.00408196821808815
6137,10.0,689,0.9401991367340088,,,0.014264937490224838
6138,4.0,578,0.7870903015136719,,,0.006868906784802675
6139,10.0,626,0.8548765182495117,,,0.009545630775392056
6140,17.0,827,1.1238138675689697,,,0.02489916794002056
6141,4.0,381,0.5157496929168701,,,0.010360694490373135
6142,12.0,697,0.9367086887359619,,,0.007409427314996719
6143,13.0,840,1.1223576068878174,,,0.00721374899148941
6144,26.0,1341,1.7980806827545166,,,0.006606244016438723
6145,11.0,659,0.8924298286437988,,,0.03484832122921944
6146,5.0,503,0.6854102611541748,,,0.00915191788226366
6147,4.0,497,0.6725380420684814,,,0.00400044908747077
6148,13.0,981,1.325965166091919,,,0.00547620328143239
6149,23.0,1704,2.2960562705993652,,,0.03383772820234299
6150,4.0,481,0.6603033542633057,,,0.014884383417665958
6151,4.0,478,0.6506040096282959,,,0.0048935250379145145
6152,3.0,479,0.654766321182251,,,0.011661620810627937
6153,13.0,634,0.8680963516235352,,,0.007242042105644941
6154,5.0,483,0.6630251407623291,,,0.03470360115170479
6155,8.0,810,1.103971004486084,,,0.006769736297428608
6156,6.0,485,0.6641707420349121,,,0.01543188001960516
6157,10.0,665,0.909268856048584,,,0.002715445589274168
6158,7.0,532,0.7267608642578125,,,0.013260588981211185
6159,11.0,619,0.8448486328125,,,0.008510514162480831
6160,11.0,674,0.9166629314422607,,,0.026010723784565926
6161,11.0,684,0.9374971389770508,,,0.01885225623846054
6162,11.0,631,0.8605728149414062,,,0.005408743862062693
6163,5.0,561,0.7566227912902832,,,0.01846480928361416
6164,6.0,513,0.6901543140411377,,,0.013001462444663048
6165,8.0,609,0.822425127029419,,,0.016886278986930847
6166,10.0,642,0.8786616325378418,,,0.00725527573376894
6167,12.0,641,0.8770558834075928,,,0.006673544645309448
6168,15.0,865,1.1782879829406738,,,0.010517538525164127
6169,16.0,1076,1.4681453704833984,,,0.00814747903496027
6170,18.0,915,1.244194507598877,,,0.013886318542063236
6171,10.0,625,0.8508462905883789,,,0.03462722897529602
6172,3.0,485,0.6630311012268066,,,0.008492937311530113
6173,15.0,1035,1.4190585613250732,,,0.04533305764198303
6174,4.0,475,0.6534087657928467,,,0.003055732464417815
6175,15.0,874,1.1920433044433594,,,0.010516324080526829
6176,13.0,859,1.1843814849853516,,,0.01549468468874693
6177,13.0,663,0.9051470756530762,,,0.011013918556272984
6178,15.0,762,1.0426735877990723,,,0.018400561064481735
6179,11.0,684,0.9359638690948486,,,0.019121946766972542
6180,11.0,917,1.2434344291687012,,,0.0165123101323843
6181,18.0,1381,1.8845093250274658,,,0.009339786134660244
6182,9.0,631,0.8545634746551514,,,0.004786769859492779
6183,12.0,701,0.9668691158294678,,,0.0324915274977684
6184,11.0,643,0.8755521774291992,,,0.02309047430753708
6185,13.0,825,1.1261966228485107,,,0.007118236273527145
6186,20.0,1097,1.4854934215545654,,,0.039287466555833817
6187,3.0,483,0.6657266616821289,,,0.01437372900545597
6188,16.0,1001,1.3661978244781494,,,0.022329606115818024
6189,10.0,617,0.841120719909668,,,0.018048306927084923
6190,15.0,1027,1.3983709812164307,,,0.013243597000837326
6191,12.0,636,0.86102294921875,,,0.023243414238095284
6192,5.0,487,0.6550474166870117,,,0.00781860202550888
6193,14.0,613,0.8255228996276855,,,0.022078368812799454
6194,12.0,903,1.2186055183410645,,,0.0064792633056640625
6195,23.0,1050,1.4110305309295654,,,0.009378265589475632
6196,10.0,629,0.8513402938842773,,,0.009423116222023964
6197,18.0,1007,1.3523216247558594,,,0.022475918754935265
6198,13.0,629,0.8519442081451416,,,0.018858959898352623
6199,11.0,663,0.8962914943695068,,,0.018112322315573692
6200,27.0,1353,1.8019864559173584,,,0.009194046258926392
6201,16.0,1111,1.4939239025115967,,,0.03822924941778183
6202,12.0,713,0.9678585529327393,,,0.034228984266519547
6203,23.0,1317,1.7866265773773193,,,0.010681445710361004
6204,16.0,958,1.3046197891235352,,,0.01125265285372734
6205,14.0,862,1.177098035812378,,,0.011174322105944157
6206,27.0,1410,1.9018003940582275,,,0.019137000665068626
6207,19.0,1032,1.398190975189209,,,0.014113012701272964
6208,5.0,551,0.7509725093841553,,,0.0071859159506857395
6209,12.0,705,0.9663419723510742,,,0.010314148850739002
6210,17.0,1229,1.6652326583862305,,,0.012247683480381966
6211,8.0,683,0.9378194808959961,,,0.014076325111091137
6212,12.0,654,0.8933377265930176,,,0.010989302769303322
6213,4.0,389,0.534642219543457,,,0.01099533960223198
6214,16.0,882,1.2041387557983398,,,0.010046618059277534
6215,12.0,665,0.9117705821990967,,,0.003312194487079978
6216,10.0,825,1.1218230724334717,,,0.012352151796221733
6217,15.0,819,1.1081478595733643,,,0.01509100291877985
6218,8.0,395,0.533139705657959,,,0.013622178696095943
6219,12.0,640,0.8650820255279541,,,0.014247825369238853
6220,2.0,404,0.5425677299499512,,,0.01348479650914669
6221,4.0,420,0.5710508823394775,,,0.03780295327305794
6222,10.0,619,0.8388664722442627,,,0.00907918717712164
6223,14.0,983,1.326782464981079,,,0.012076041661202908
6224,17.0,935,1.2555692195892334,,,0.00802319124341011
6225,12.0,1000,1.348680019378662,,,0.019287504255771637
6226,17.0,1147,1.5489952564239502,,,0.019420303404331207
6227,14.0,1203,1.6310362815856934,,,0.006919640116393566
6228,9.0,675,0.9237456321716309,,,0.02204856462776661
6229,9.0,620,0.851489782333374,,,0.021764976903796196
6230,12.0,655,0.896012544631958,,,0.014300879091024399
6231,14.0,863,1.16978120803833,,,0.009455759078264236
6232,15.0,854,1.1576900482177734,,,0.011441565118730068
6233,9.0,663,0.9029715061187744,,,0.014817548915743828
6234,10.0,615,0.8428316116333008,,,0.015611405484378338
6235,11.0,658,0.9025917053222656,,,0.009391630999743938
6236,23.0,935,1.2721033096313477,,,0.012810032814741135
6237,13.0,837,1.1368463039398193,,,0.014059839770197868
6238,6.0,373,0.5049116611480713,,,0.0021541982423514128
6239,3.0,387,0.5292336940765381,,,0.006927649024873972
6240,10.0,735,0.9903359413146973,,,0.015557871200144291
6241,12.0,657,0.8885881900787354,,,0.006093841977417469
6242,15.0,851,1.150695562362671,,,0.02415410988032818
6243,10.0,634,0.8622579574584961,,,0.03454964607954025
6244,3.0,394,0.5372352600097656,,,0.009967713616788387
6245,6.0,611,0.8383955955505371,,,0.010434380732476711
6246,8.0,395,0.5423922538757324,,,0.0019303754670545459
6247,6.0,395,0.5421059131622314,,,0.03325199335813522
6248,4.0,404,0.5553314685821533,,,0.007427211385220289
6249,10.0,619,0.8468899726867676,,,0.004729356616735458
6250,23.0,1057,1.4388985633850098,,,0.008879512548446655
6251,6.0,395,0.5467729568481445,,,0.013059158809483051
6252,14.0,680,0.9224903583526611,,,0.0513644777238369
6253,12.0,703,0.9570143222808838,,,0.010628803633153439
6254,14.0,711,0.9693081378936768,,,0.004194227512925863
6255,23.0,1070,1.4555189609527588,,,0.015037924982607365
6256,3.0,376,0.5186619758605957,,,0.010478086769580841
6257,15.0,1291,1.7403781414031982,,,0.021935004740953445
6258,8.0,637,0.8577229976654053,,,0.00907265767455101
6259,11.0,655,0.8940277099609375,,,0.010512419044971466
6260,12.0,639,0.8748171329498291,,,0.009411392733454704
6261,14.0,917,1.255033254623413,,,0.03276413679122925
6262,10.0,644,0.8839738368988037,,,0.014528172090649605
6263,12.0,679,0.9282658100128174,,,0.016509803012013435
6264,6.0,514,0.6960866451263428,,,0.007236143574118614
6265,5.0,473,0.6444680690765381,,,0.017108656466007233
6266,13.0,673,0.9139530658721924,,,0.013253530487418175
6267,5.0,373,0.5083863735198975,,,0.009795044548809528
6268,20.0,926,1.26059889793396,,,0.01611769199371338
6269,12.0,675,0.9188644886016846,,,0.024082718417048454
6270,14.0,759,1.0150718688964844,,,0.02692953497171402
6271,4.0,405,0.5497827529907227,,,0.021603675559163094
6272,9.0,698,0.9392554759979248,,,0.04287640377879143
6273,14.0,759,1.022155523300171,,,0.007958103902637959
6274,12.0,669,0.8961832523345947,,,0.00802678894251585
6275,11.0,683,0.9222242832183838,,,0.008115713484585285
6276,15.0,1161,1.5543818473815918,,,0.012104177847504616
6277,10.0,619,0.841346025466919,,,0.030208660289645195
6278,15.0,712,0.9709155559539795,,,0.0039007249288260937
6279,14.0,1248,1.6921753883361816,,,0.009338166564702988
6280,9.0,747,1.0247435569763184,,,0.03406551480293274
6281,2.0,407,0.5596139430999756,,,0.0062384232878685
6282,10.0,675,0.9257078170776367,,,0.0026367302052676678
6283,8.0,627,0.8607115745544434,,,0.01091314759105444
6284,12.0,826,1.125105381011963,,,0.013300184160470963
6285,17.0,1056,1.43381667137146,,,0.03980991244316101
6286,18.0,871,1.1819825172424316,,,0.005404003895819187
6287,13.0,637,0.8661534786224365,,,0.013738535344600677
6288,18.0,1161,1.575117588043213,,,0.00567738339304924
6289,4.0,497,0.6783828735351562,,,0.007405307609587908
6290,8.0,601,0.8165745735168457,,,0.008712129667401314
6291,9.0,613,0.8341188430786133,,,0.013145457953214645
6292,5.0,537,0.7360584735870361,,,0.01870148256421089
6293,8.0,617,0.8325512409210205,,,0.03546693176031113
6294,11.0,696,0.9388189315795898,,,0.00502825528383255
6295,4.0,496,0.6684026718139648,,,0.0054679191671311855
6296,30.0,1609,2.1560730934143066,,,0.013869769871234894
6297,7.0,351,0.48021578788757324,,,0.012299866415560246
6298,15.0,926,1.2398624420166016,,,0.008514702320098877
6299,7.0,349,0.47633838653564453,,,0.004952350165694952
6300,11.0,698,0.9405016899108887,,,0.010329226963222027
6301,12.0,677,0.9074609279632568,,,0.006986513733863831
6302,13.0,629,0.8491261005401611,,,0.013474006205797195
6303,4.0,472,0.6329686641693115,,,0.01903679221868515
6304,13.0,647,0.8784008026123047,,,0.0047090547159314156
6305,12.0,816,1.1190063953399658,,,0.015744350850582123
6306,6.0,368,0.5023274421691895,,,0.010360253043472767
6307,23.0,1044,1.413606882095337,,,0.01867310330271721
6308,10.0,691,0.9423670768737793,,,0.005282490514218807
6309,6.0,557,0.7581014633178711,,,0.004856310319155455
6310,18.0,1005,1.365318775177002,,,0.02829488180577755
6311,28.0,1340,1.807610034942627,,,0.006780179217457771
6312,11.0,638,0.8663756847381592,,,0.03697563707828522
6313,14.0,777,1.0567083358764648,,,0.005772206000983715
6314,15.0,745,1.0124874114990234,,,0.03185935690999031
6315,5.0,458,0.6253862380981445,,,0.0022234227508306503
6316,9.0,633,0.854163646697998,,,0.03140360489487648
6317,5.0,485,0.6582143306732178,,,0.00220979074947536
6318,17.0,1096,1.4851758480072021,,,0.011867324821650982
6319,9.0,614,0.8281662464141846,,,0.02918766811490059
6320,12.0,679,0.9270188808441162,,,0.006461604963988066
6321,16.0,965,1.312166690826416,,,0.0059423670172691345
6322,13.0,972,1.314478874206543,,,0.008051001466810703
6323,19.0,998,1.3465559482574463,,,0.010938378982245922
6324,11.0,697,0.9493730068206787,,,0.019441980868577957
6325,18.0,1187,1.6189332008361816,,,0.01857338286936283
6326,15.0,1008,1.3656175136566162,,,0.015368049964308739
6327,9.0,666,0.9112472534179688,,,0.029692206531763077
6328,8.0,476,0.6454620361328125,,,0.01869538426399231
6329,6.0,485,0.6594793796539307,,,0.006398241501301527
6330,7.0,363,0.4948430061340332,,,0.014896591193974018
6331,8.0,482,0.6624042987823486,,,0.013456861488521099
6332,14.0,612,0.8420853614807129,,,0.014370827935636044
6333,5.0,484,0.6633760929107666,,,0.017626343294978142
6334,14.0,777,1.0594964027404785,,,0.030532820150256157
6335,5.0,481,0.654876708984375,,,0.016939524561166763
6336,15.0,771,1.045971155166626,,,0.02588147483766079
6337,17.0,847,1.1548352241516113,,,0.008309275843203068
6338,5.0,493,0.671501874923706,,,0.009809257462620735
6339,10.0,653,0.8895177841186523,,,0.006136124953627586
6340,6.0,481,0.6546156406402588,,,0.039135292172431946
6341,3.0,389,0.5363836288452148,,,0.012603385373950005
6342,14.0,1077,1.4663841724395752,,,0.005723567213863134
6343,12.0,657,0.8901145458221436,,,0.0069480519741773605
6344,8.0,639,0.8727848529815674,,,0.027959533035755157
6345,24.0,1123,1.5159878730773926,,,0.016790125519037247
6346,9.0,647,0.8804104328155518,,,0.005830644629895687
6347,19.0,1178,1.6016011238098145,,,0.00853925570845604
6348,18.0,929,1.2675726413726807,,,0.020671827718615532
6349,14.0,684,0.9348602294921875,,,0.006237119436264038
6350,13.0,807,1.0940589904785156,,,0.019296854734420776
6351,15.0,1087,1.4762282371520996,,,0.010045510716736317
6352,15.0,977,1.3252742290496826,,,0.008692449890077114
6353,5.0,537,0.7359805107116699,,,0.01696660742163658
6354,4.0,417,0.5744550228118896,,,0.013319565914571285
6355,5.0,535,0.7326264381408691,,,0.0031504223588854074
6356,15.0,901,1.229255199432373,,,0.014295914210379124
6357,14.0,758,1.036803960800171,,,0.006753284949809313
6358,12.0,627,0.8561825752258301,,,0.02617293782532215
6359,11.0,617,0.8354191780090332,,,0.01990135759115219
6360,3.0,385,0.5270776748657227,,,0.004598537459969521
6361,3.0,393,0.5420436859130859,,,0.002496173372492194
6362,12.0,690,0.9430027008056641,,,0.010575082153081894
6363,15.0,935,1.27876877784729,,,0.040122270584106445
6364,8.0,622,0.8457024097442627,,,0.013060606084764004
6365,14.0,701,0.9590232372283936,,,0.03671387955546379
6366,12.0,1013,1.3743202686309814,,,0.030920015648007393
6367,13.0,982,1.3363428115844727,,,0.023924218490719795
6368,10.0,664,0.9035913944244385,,,0.004712216556072235
6369,11.0,645,0.872553825378418,,,0.003991220146417618
6370,9.0,631,0.8615801334381104,,,0.00684820581227541
6371,12.0,756,1.0419411659240723,,,0.01627022959291935
6372,17.0,1148,1.560819149017334,,,0.029719406738877296
6373,3.0,484,0.658217191696167,,,0.011228710412979126
6374,21.0,1027,1.3954718112945557,,,0.008222714066505432
6375,9.0,553,0.7548961639404297,,,0.00957988016307354
6376,12.0,665,0.9090235233306885,,,0.014113189652562141
6377,9.0,691,0.9463293552398682,,,0.008755088783800602
6378,22.0,1189,1.6074795722961426,,,0.005921128671616316
6379,4.0,485,0.6628246307373047,,,0.014644368551671505
6380,12.0,635,0.8646361827850342,,,0.004408304113894701
6381,13.0,662,0.9093146324157715,,,0.021385133266448975
6382,10.0,614,0.8321609497070312,,,0.039055123925209045
6383,15.0,1025,1.3932850360870361,,,0.006629033945500851
6384,12.0,927,1.2577593326568604,,,0.025497253984212875
6385,8.0,671,0.9183633327484131,,,0.016742460429668427
6386,13.0,971,1.322504997253418,,,0.006241990253329277
6387,9.0,677,0.9141428470611572,,,0.011710450053215027
6388,7.0,812,1.1073801517486572,,,0.010130953043699265
6389,27.0,1283,1.7391579151153564,,,0.007015387527644634
6390,11.0,936,1.2662067413330078,,,0.015644054859876633
6391,13.0,665,0.8975734710693359,,,0.012444095686078072
6392,11.0,632,0.8590648174285889,,,0.012321727350354195
6393,9.0,818,1.1146047115325928,,,0.011071689426898956
6394,3.0,385,0.521740198135376,,,0.008295353502035141
6395,12.0,782,1.0521013736724854,,,0.03248182684183121
6396,10.0,691,0.9398562908172607,,,0.006088919937610626
6397,18.0,1101,1.4970552921295166,,,0.018489329144358635
6398,11.0,641,0.8675804138183594,,,0.013348368927836418
6399,11.0,679,0.9225401878356934,,,0.00797412358224392
6400,12.0,639,0.8721420764923096,,,0.0207343902438879
6401,7.0,392,0.5386195182800293,,,0.019906623288989067
6402,15.0,916,1.2566347122192383,,,0.009058927185833454
6403,20.0,1286,1.7393295764923096,,,0.031399063766002655
6404,4.0,611,0.8302898406982422,,,0.015822848305106163
6405,11.0,679,0.9276666641235352,,,0.006965286564081907
6406,8.0,625,0.8510394096374512,,,0.008383368141949177
6407,17.0,689,0.9431958198547363,,,0.012095071375370026
6408,25.0,1216,1.6451771259307861,,,0.00747814541682601
6409,16.0,1164,1.5845704078674316,,,0.002989185741171241
6410,11.0,656,0.8882625102996826,,,0.004607505165040493
6411,11.0,680,0.9267041683197021,,,0.025317072868347168
6412,9.0,690,0.9319932460784912,,,0.008856146596372128
6413,9.0,701,0.9417898654937744,,,0.020941076800227165
6414,4.0,486,0.6569538116455078,,,0.004184698220342398
6415,12.0,618,0.8311672210693359,,,0.0085317837074399
6416,5.0,577,0.7821857929229736,,,0.034929342567920685
6417,7.0,653,0.8942463397979736,,,0.022028202190995216
6418,8.0,628,0.8561749458312988,,,0.030953221023082733
6419,12.0,614,0.838214635848999,,,0.0240202434360981
6420,15.0,1064,1.4484798908233643,,,0.036712076514959335
6421,15.0,685,0.9355566501617432,,,0.013420547358691692
6422,14.0,825,1.1167898178100586,,,0.007928400300443172
6423,7.0,797,1.0720374584197998,,,0.013736557215452194
6424,24.0,1451,1.9452316761016846,,,0.009535063989460468
6425,10.0,626,0.8509337902069092,,,0.007941246032714844
6426,13.0,644,0.8715598583221436,,,0.013401343487203121
6427,3.0,492,0.6738722324371338,,,0.013915357179939747
6428,4.0,507,0.6921947002410889,,,0.009124156087636948
6429,11.0,689,0.9376368522644043,,,0.006451635155826807
6430,10.0,625,0.8590452671051025,,,0.0062432666309177876
6431,10.0,660,0.9000279903411865,,,0.005844190716743469
6432,12.0,664,0.9084255695343018,,,0.008856973610818386
6433,9.0,709,0.9719722270965576,,,0.009193960577249527
6434,15.0,782,1.0619962215423584,,,0.013814317993819714
6435,16.0,936,1.2714877128601074,,,0.0025174811016768217
6436,9.0,629,0.8476808071136475,,,0.009373973123729229
6437,14.0,784,1.055943489074707,,,0.0113535076379776
6438,3.0,396,0.5365605354309082,,,0.01304797362536192
6439,4.0,503,0.6873884201049805,,,0.003486381843686104
6440,6.0,551,0.7543716430664062,,,0.01044472772628069
6441,10.0,659,0.8944287300109863,,,0.005321194883435965
6442,9.0,621,0.8455438613891602,,,0.010074676014482975
6443,9.0,698,0.9505517482757568,,,0.004529738333076239
6444,9.0,633,0.865612268447876,,,0.008443539030849934
6445,13.0,644,0.8731319904327393,,,0.009975436143577099
6446,12.0,805,1.0966975688934326,,,0.010261554270982742
6447,16.0,844,1.1428515911102295,,,0.006859417539089918
6448,12.0,667,0.9037473201751709,,,0.013244743458926678
6449,13.0,851,1.1676368713378906,,,0.0020605877507478
6450,31.0,1663,2.2083306312561035,,,0.006138612050563097
6451,14.0,675,0.9146728515625,,,0.014162758365273476
6452,13.0,834,1.1248931884765625,,,0.008371150121092796
6453,6.0,629,0.860527515411377,,,0.027443066239356995
6454,8.0,644,0.8746640682220459,,,0.02421429753303528
6455,7.0,544,0.7400825023651123,,,0.006763196550309658
6456,15.0,978,1.3256614208221436,,,0.005225894507020712
6457,12.0,618,0.850799560546875,,,0.025694357231259346
6458,14.0,678,0.928398847579956,,,0.0025346826296299696
6459,11.0,789,1.075171709060669,,,0.023441702127456665
6460,7.0,629,0.8573265075683594,,,0.018825029954314232
6461,11.0,681,0.9355781078338623,,,0.01853116974234581
6462,6.0,397,0.543865442276001,,,0.012209762819111347
6463,5.0,579,0.7869155406951904,,,0.006886858958750963
6464,12.0,691,0.9383792877197266,,,0.0056466045789420605
6465,10.0,699,0.9542927742004395,,,0.024483807384967804
6466,2.0,398,0.5377678871154785,,,0.00913250632584095
6467,11.0,801,1.0784409046173096,,,0.005073020234704018
6468,9.0,639,0.8699643611907959,,,0.04265303537249565
6469,2.0,391,0.5324511528015137,,,0.015978433191776276
6470,5.0,603,0.8133618831634521,,,0.007091826293617487
6471,12.0,715,0.9629755020141602,,,0.009239655919373035
6472,3.0,491,0.6640026569366455,,,0.010565129108726978
6473,11.0,607,0.8261752128601074,,,0.009950424544513226
6474,11.0,629,0.8435850143432617,,,0.007653247565031052
6475,3.0,379,0.5102436542510986,,,0.010892038233578205
6476,9.0,655,0.8848047256469727,,,0.005561200901865959
6477,11.0,614,0.8221888542175293,,,0.011535229161381721
6478,12.0,679,0.9146938323974609,,,0.009256703779101372
6479,12.0,679,0.9118325710296631,,,0.013185987249016762
6480,12.0,697,0.9501779079437256,,,0.005322360433638096
6481,6.0,578,0.7866933345794678,,,0.009117720648646355
6482,3.0,405,0.5569767951965332,,,0.002765139564871788
6483,9.0,615,0.8372771739959717,,,0.01051084604114294
6484,13.0,834,1.1441106796264648,,,0.00967684667557478
6485,19.0,1119,1.5227248668670654,,,0.023007014766335487
6486,6.0,645,0.8781664371490479,,,0.00974458921700716
6487,5.0,586,0.8025238513946533,,,0.04202374070882797
6488,22.0,1363,1.8428449630737305,,,0.008836454711854458
6489,15.0,1005,1.363034725189209,,,0.009140252135694027
6490,7.0,670,0.9212250709533691,,,0.006475528236478567
6491,5.0,484,0.6661312580108643,,,0.013581594452261925
6492,9.0,651,0.8847641944885254,,,0.008860026486217976
6493,1.0,398,0.5437078475952148,,,0.015533285215497017
6494,12.0,725,0.9906120300292969,,,0.012723780237138271
6495,11.0,660,0.908484935760498,,,0.01661089062690735
6496,12.0,653,0.8889710903167725,,,0.009906494989991188
6497,13.0,993,1.3594975471496582,,,0.011842910200357437
6498,5.0,623,0.8531572818756104,,,0.010385526344180107
6499,13.0,752,1.030933141708374,,,0.03031332604587078
6500,10.0,615,0.8357605934143066,,,0.010714118368923664
6501,5.0,489,0.669640064239502,,,0.02054016850888729
6502,14.0,1025,1.3959765434265137,,,0.007335477974265814
6503,10.0,685,0.9356813430786133,,,0.014717315323650837
6504,12.0,683,0.9281177520751953,,,0.01929398812353611
6505,10.0,630,0.8614716529846191,,,0.010284552350640297
6506,10.0,691,0.9478991031646729,,,0.002815835876390338
6507,10.0,659,0.8988800048828125,,,0.005909956991672516
6508,6.0,641,0.8730020523071289,,,0.00845852680504322
6509,10.0,659,0.9039008617401123,,,0.013652543537318707
6510,12.0,677,0.9216670989990234,,,0.017720216885209084
6511,13.0,865,1.172987461090088,,,0.00864031445235014
6512,18.0,865,1.1766231060028076,,,0.012530188076198101
6513,16.0,1050,1.4209494590759277,,,0.008460700511932373
6514,7.0,395,0.5365951061248779,,,0.02598589099943638
6515,11.0,779,1.0651686191558838,,,0.01014738529920578
6516,7.0,402,0.5476312637329102,,,0.02523026429116726
6517,9.0,676,0.9253709316253662,,,0.01721455715596676
6518,16.0,955,1.3025541305541992,,,0.012161779217422009
6519,2.0,517,0.7110030651092529,,,0.0020689270459115505
6520,5.0,643,0.8763504028320312,,,0.03282579779624939
6521,3.0,387,0.5248823165893555,,,0.008410338312387466
6522,15.0,1283,1.7156596183776855,,,0.0029467849526554346
6523,12.0,613,0.841109037399292,,,0.016703728586435318
6524,14.0,1147,1.5508174896240234,,,0.015552418306469917
6525,10.0,627,0.8547985553741455,,,0.03743625804781914
6526,11.0,642,0.8732600212097168,,,0.0032807986717671156
6527,9.0,817,1.1164181232452393,,,0.001620698836632073
6528,5.0,551,0.7532832622528076,,,0.017683137208223343
6529,12.0,817,1.1120126247406006,,,0.009636976756155491
6530,10.0,695,0.9394514560699463,,,0.01971179060637951
6531,23.0,1081,1.4565658569335938,,,0.0029609831981360912
6532,7.0,558,0.7492194175720215,,,0.009701657108962536
6533,8.0,761,1.0337188243865967,,,0.0018930305959656835
6534,10.0,649,0.8754069805145264,,,0.01069947611540556
6535,11.0,649,0.8830258846282959,,,0.013204129412770271
6536,9.0,612,0.8248093128204346,,,0.009888573549687862
6537,11.0,703,0.958745002746582,,,0.03417078033089638
6538,3.0,479,0.6487445831298828,,,0.008650409989058971
6539,17.0,1199,1.613220453262329,,,0.011182102374732494
6540,18.0,1228,1.6588060855865479,,,0.01021762378513813
6541,11.0,701,0.9506690502166748,,,0.003610704792663455
6542,26.0,1525,2.0579001903533936,,,0.008591726422309875
6543,13.0,885,1.2028844356536865,,,0.015607585199177265
6544,16.0,615,0.8408718109130859,,,0.02990342490375042
6545,5.0,405,0.5544788837432861,,,0.015418344177305698
6546,7.0,383,0.5232410430908203,,,0.013666640967130661
6547,5.0,484,0.6609804630279541,,,0.01430683396756649
6548,5.0,505,0.6888144016265869,,,0.004254873376339674
6549,9.0,644,0.9012560844421387,,,0.02430231124162674
6550,21.0,1129,1.5249152183532715,,,0.00890317838639021
6551,11.0,749,1.020754098892212,,,0.008953974582254887
6552,12.0,631,0.8492448329925537,,,0.006792079657316208
6553,3.0,491,0.6674432754516602,,,0.0119796646758914
6554,13.0,679,0.9244558811187744,,,0.010089992545545101
6555,10.0,681,0.9191651344299316,,,0.028437677770853043
6556,14.0,903,1.231799602508545,,,0.011408020742237568
6557,7.0,786,1.0708534717559814,,,0.011093376204371452
6558,12.0,571,0.7804226875305176,,,0.005658669397234917
6559,11.0,653,0.8811898231506348,,,0.008412227965891361
6560,5.0,637,0.8643679618835449,,,0.007845132611691952
6561,13.0,983,1.326073408126831,,,0.008998910896480083
6562,11.0,643,0.8758361339569092,,,0.013478039763867855
6563,14.0,811,1.0935120582580566,,,0.005140646826475859
6564,8.0,386,0.5202109813690186,,,0.013876187615096569
6565,10.0,662,0.9031479358673096,,,0.003012204309925437
6566,14.0,778,1.050919771194458,,,0.0033124808687716722
6567,12.0,697,0.9493489265441895,,,0.010156490840017796
6568,10.0,624,0.8443450927734375,,,0.008999192155897617
6569,15.0,1092,1.4791829586029053,,,0.033928025513887405
6570,5.0,482,0.6549723148345947,,,0.008400236256420612
6571,11.0,703,0.9552860260009766,,,0.0068684956058859825
6572,23.0,1284,1.729137897491455,,,0.008220802992582321
6573,8.0,820,1.1109931468963623,,,0.013553259894251823
6574,15.0,869,1.1754999160766602,,,0.01920277252793312
6575,11.0,645,0.881030797958374,,,0.007582487538456917
6576,15.0,1009,1.374570608139038,,,0.028774671256542206
6577,15.0,763,1.0400521755218506,,,0.008455641567707062
6578,11.0,685,0.9313254356384277,,,0.009803248569369316
6579,17.0,1077,1.4600732326507568,,,0.013567979447543621
6580,11.0,723,0.9830620288848877,,,0.00978073850274086
6581,4.0,597,0.8141210079193115,,,0.030776426196098328
6582,7.0,580,0.7884597778320312,,,0.048356056213378906
6583,10.0,672,0.9113032817840576,,,0.02392050251364708
6584,10.0,649,0.8718230724334717,,,0.0037461789324879646
6585,8.0,673,0.90651535987854,,,0.0023999896366149187
6586,14.0,960,1.2824130058288574,,,0.02153567597270012
6587,18.0,939,1.260754108428955,,,0.03133200481534004
6588,11.0,695,0.9344141483306885,,,0.0034682590048760176
6589,12.0,623,0.8406996726989746,,,0.011252835392951965
6590,8.0,610,0.8224911689758301,,,0.0061804489232599735
6591,5.0,576,0.7745959758758545,,,0.013824223540723324
6592,12.0,613,0.8307843208312988,,,0.009579273872077465
6593,4.0,414,0.5589108467102051,,,0.004928030073642731
6594,6.0,489,0.6595380306243896,,,0.026486989110708237
6595,17.0,832,1.1187057495117188,,,0.01333616953343153
6596,12.0,668,0.9012949466705322,,,0.007937437854707241
6597,10.0,625,0.8404767513275146,,,0.006531821563839912
6598,14.0,1006,1.351165771484375,,,0.019596964120864868
6599,8.0,537,0.7247819900512695,,,0.007089105434715748
6600,7.0,688,0.9376418590545654,,,0.014573590829968452
6601,11.0,682,0.9331016540527344,,,0.017472563311457634
6602,12.0,647,0.8821799755096436,,,0.012845796532928944
6603,4.0,488,0.6677868366241455,,,0.01444840244948864
6604,9.0,661,0.8940935134887695,,,0.019242335110902786
6605,14.0,732,0.9897701740264893,,,0.014563921838998795
6606,12.0,735,0.9860363006591797,,,0.011479063890874386
6607,14.0,681,0.9139270782470703,,,0.018253017216920853
6608,11.0,699,0.9393718242645264,,,0.02354566939175129
6609,12.0,657,0.8856198787689209,,,0.02010864019393921
6610,11.0,632,0.8569645881652832,,,0.01417471282184124
6611,9.0,682,0.9336941242218018,,,0.00498990761116147
6612,3.0,395,0.5403299331665039,,,0.008182135410606861
6613,14.0,1064,1.4542746543884277,,,0.025826042518019676
6614,9.0,616,0.8452696800231934,,,0.0084861284121871
6615,12.0,643,0.8755338191986084,,,0.038142118602991104
6616,10.0,727,0.9853949546813965,,,0.006681664846837521
6617,13.0,775,1.0608510971069336,,,0.006170270964503288
6618,20.0,1184,1.6028928756713867,,,0.008308668620884418
6619,16.0,1075,1.4608604907989502,,,0.006066615227609873
6620,30.0,1425,1.9160072803497314,,,0.012542923912405968
6621,9.0,623,0.8490467071533203,,,0.011854023672640324
6622,10.0,639,0.8744676113128662,,,0.0035121275577694178
6623,12.0,661,0.9020195007324219,,,0.009263399988412857
6624,4.0,507,0.694451093673706,,,0.009377183392643929
6625,9.0,628,0.85689377784729,,,0.0031092925928533077
6626,9.0,671,0.9070227146148682,,,0.009731704369187355
6627,8.0,638,0.864832878112793,,,0.026391148567199707
6628,9.0,694,0.941490888595581,,,0.01416186522692442
6629,10.0,659,0.8951265811920166,,,0.008744606748223305
6630,10.0,819,1.1095249652862549,,,0.008756972849369049
6631,3.0,509,0.6893088817596436,,,0.013586718589067459
6632,17.0,849,1.1430222988128662,,,0.011415345594286919
6633,9.0,757,1.024082899093628,,,0.010148759000003338
6634,7.0,531,0.7130217552185059,,,0.0014909597812220454
6635,25.0,1081,1.46189284324646,,,0.011005410924553871
6636,9.0,627,0.8459174633026123,,,0.002410378074273467
6637,11.0,685,0.9309403896331787,,,0.02939351461827755
6638,10.0,681,0.9179878234863281,,,0.012490206398069859
6639,12.0,674,0.9049015045166016,,,0.03058273158967495
6640,13.0,831,1.1269490718841553,,,0.010499011725187302
6641,12.0,629,0.8595714569091797,,,0.009950663894414902
6642,8.0,723,0.9899449348449707,,,0.018962033092975616
6643,15.0,824,1.118647813796997,,,0.005872937850654125
6644,9.0,824,1.1271984577178955,,,0.006531915161758661
6645,10.0,667,0.908149242401123,,,0.01198094617575407
6646,10.0,645,0.8766906261444092,,,0.005888339597731829
6647,13.0,992,1.3601853847503662,,,0.014331182464957237
6648,4.0,508,0.6952874660491943,,,0.018537523224949837
6649,9.0,821,1.1146929264068604,,,0.013107546605169773
6650,14.0,976,1.330902099609375,,,0.009613731876015663
6651,6.0,605,0.8248908519744873,,,0.009056048467755318
6652,13.0,847,1.1519150733947754,,,0.004256392363458872
6653,8.0,683,0.9161281585693359,,,0.011425148695707321
6654,16.0,835,1.1204347610473633,,,0.011729063466191292
6655,13.0,933,1.2523338794708252,,,0.010100043378770351
6656,5.0,381,0.5109307765960693,,,0.011311565525829792
6657,13.0,833,1.120673656463623,,,0.01188927423208952
6658,9.0,617,0.8342511653900146,,,0.002398282289505005
6659,10.0,703,0.9491231441497803,,,0.007637847680598497
6660,18.0,1311,1.7539560794830322,,,0.013810909353196621
6661,12.0,652,0.8885529041290283,,,0.011111344210803509
6662,16.0,1072,1.4418649673461914,,,0.03522440791130066
6663,22.0,955,1.3007638454437256,,,0.009688608348369598
6664,9.0,822,1.113574504852295,,,0.011342745274305344
6665,11.0,645,0.8850622177124023,,,0.016602037474513054
6666,11.0,711,0.9708809852600098,,,0.008196395821869373
6667,11.0,633,0.8641183376312256,,,0.024259362369775772
6668,9.0,709,0.957650899887085,,,0.009855729527771473
6669,6.0,493,0.6807215213775635,,,0.011991128325462341
6670,4.0,506,0.6959624290466309,,,0.01428184937685728
6671,10.0,785,1.0709829330444336,,,0.00976464245468378
6672,8.0,635,0.8595473766326904,,,0.004257160238921642
6673,17.0,1144,1.558610439300537,,,0.009880405850708485
6674,13.0,777,1.053241491317749,,,0.012323171831667423
6675,11.0,692,0.9354403018951416,,,0.003859718795865774
6676,5.0,660,0.88895583152771,,,0.03617634251713753
6677,11.0,702,0.9536118507385254,,,0.002774639055132866
6678,9.0,654,0.8846869468688965,,,0.007238857913762331
6679,3.0,391,0.5277016162872314,,,0.011723155155777931
6680,27.0,1663,2.2411599159240723,,,0.012018471956253052
6681,9.0,620,0.8432309627532959,,,0.006381663493812084
6682,14.0,1182,1.5990684032440186,,,0.010570414364337921
6683,9.0,629,0.8528294563293457,,,0.008479415439069271
6684,15.0,740,1.007861614227295,,,0.003385859774425626
6685,4.0,389,0.5361466407775879,,,0.013744866475462914
6686,8.0,641,0.8722074031829834,,,0.009477512910962105
6687,11.0,847,1.147082805633545,,,0.007953369989991188
6688,20.0,1337,1.8281147480010986,,,0.011758159846067429
6689,9.0,658,0.8975987434387207,,,0.005060386843979359
6690,12.0,622,0.8479883670806885,,,0.019031811505556107
6691,5.0,389,0.5308372974395752,,,0.02247536927461624
6692,10.0,653,0.891399621963501,,,0.025266746059060097
6693,12.0,697,0.9588656425476074,,,0.011984395794570446
6694,12.0,840,1.1528677940368652,,,0.004738524090498686
6695,8.0,649,0.8852195739746094,,,0.009034616872668266
6696,10.0,619,0.8456802368164062,,,0.026470955461263657
6697,15.0,1122,1.5170414447784424,,,0.005984156392514706
6698,12.0,677,0.9244217872619629,,,0.01196324173361063
6699,15.0,712,0.9733591079711914,,,0.011984970420598984
6700,9.0,679,0.9220373630523682,,,0.008402491919696331
6701,11.0,684,0.9314758777618408,,,0.00649059284478426
6702,5.0,505,0.6832654476165771,,,0.006046193186193705
6703,14.0,694,0.9516808986663818,,,0.005750192794948816
6704,15.0,1597,2.1585261821746826,,,0.011354194022715092
6705,11.0,672,0.9130430221557617,,,0.004344926681369543
6706,9.0,680,0.9248929023742676,,,0.005273714661598206
6707,11.0,620,0.844048023223877,,,0.023861238732933998
6708,7.0,574,0.7841732501983643,,,0.020460139960050583
6709,4.0,507,0.6926159858703613,,,0.011553464457392693
6710,23.0,1227,1.6409039497375488,,,0.006373140495270491
6711,11.0,646,0.871962308883667,,,0.011102566495537758
6712,15.0,1054,1.4173505306243896,,,0.016846397891640663
6713,3.0,490,0.6756994724273682,,,0.026154853403568268
6714,14.0,744,1.0169849395751953,,,0.011368627659976482
6715,11.0,624,0.8534929752349854,,,0.00786388199776411
6716,9.0,610,0.8280270099639893,,,0.006131280213594437
6717,3.0,494,0.6745493412017822,,,0.00943549070507288
6718,10.0,612,0.8293361663818359,,,0.02318885363638401
6719,13.0,989,1.346592903137207,,,0.014727605506777763
6720,16.0,1013,1.3748204708099365,,,0.015545494854450226
6721,13.0,849,1.162187099456787,,,0.003069832921028137
6722,8.0,653,0.8922836780548096,,,0.008604430593550205
6723,9.0,697,0.9539563655853271,,,0.008692770265042782
6724,11.0,720,0.98227858543396,,,0.005099011119455099
6725,10.0,643,0.8796942234039307,,,0.008096162229776382
6726,9.0,731,0.9982812404632568,,,0.009865064173936844
6727,4.0,497,0.6807022094726562,,,0.022279666736721992
6728,17.0,924,1.253079891204834,,,0.006748025305569172
6729,11.0,736,0.9972953796386719,,,0.005638514645397663
6730,14.0,761,1.0357296466827393,,,0.007344722747802734
6731,9.0,619,0.8471736907958984,,,0.011470727622509003
6732,8.0,630,0.8574912548065186,,,0.009225916117429733
6733,12.0,667,0.9114959239959717,,,0.017669353634119034
6734,5.0,507,0.6875138282775879,,,0.010832741856575012
6735,7.0,617,0.8426322937011719,,,0.028021952137351036
6736,5.0,574,0.781388521194458,,,0.02881348505616188
6737,18.0,1191,1.6102855205535889,,,0.010172703303396702
6738,13.0,771,1.0425424575805664,,,0.01853155717253685
6739,14.0,915,1.240032434463501,,,0.0038893395103514194
6740,3.0,466,0.639742374420166,,,0.03510350361466408
6741,15.0,1136,1.5591187477111816,,,0.021542945876717567
6742,13.0,819,1.1063642501831055,,,0.007139985449612141
6743,5.0,499,0.6743981838226318,,,0.005481440108269453
6744,14.0,840,1.1375346183776855,,,0.00779435969889164
6745,11.0,687,0.9380218982696533,,,0.01230179239064455
6746,21.0,1179,1.598484754562378,,,0.005950636230409145
6747,13.0,819,1.1157841682434082,,,0.005345107521861792
6748,17.0,1142,1.5365955829620361,,,0.010986389592289925
6749,14.0,684,0.9245944023132324,,,0.013861062005162239
6750,2.0,466,0.6320550441741943,,,0.01807011105120182
6751,19.0,1488,1.992384672164917,,,0.007439343724399805
6752,7.0,576,0.7920403480529785,,,0.019842609763145447
6753,8.0,625,0.8592944145202637,,,0.01437880378216505
6754,9.0,628,0.8580160140991211,,,0.009876170195639133
6755,8.0,353,0.4811885356903076,,,0.010918822139501572
6756,13.0,825,1.1291038990020752,,,0.004118941258639097
6757,7.0,737,1.0049984455108643,,,0.017805859446525574
6758,12.0,791,1.0683701038360596,,,0.010645141825079918
6759,19.0,1382,1.8559279441833496,,,0.017150571569800377
6760,14.0,856,1.1628172397613525,,,0.006877344101667404
6761,5.0,413,0.5662939548492432,,,0.008797490037977695
6762,6.0,537,0.7338230609893799,,,0.012790082022547722
6763,14.0,682,0.93215012550354,,,0.00848670769482851
6764,14.0,728,0.9902758598327637,,,0.01271863840520382
6765,4.0,586,0.7901756763458252,,,0.017882712185382843
6766,11.0,629,0.8456084728240967,,,0.014626661315560341
6767,11.0,631,0.8498477935791016,,,0.010876347310841084
6768,3.0,467,0.6251623630523682,,,0.005495534744113684
6769,16.0,1330,1.7789568901062012,,,0.017967848107218742
6770,14.0,786,1.0674302577972412,,,0.0061324723064899445
6771,9.0,689,0.9421629905700684,,,0.0055541349574923515
6772,3.0,469,0.6409556865692139,,,0.007054657209664583
6773,14.0,763,1.0452136993408203,,,0.00728763360530138
6774,18.0,817,1.1092195510864258,,,0.02085547149181366
6775,2.0,465,0.6318204402923584,,,0.012433726340532303
6776,20.0,1466,1.97214937210083,,,0.00926994625478983
6777,12.0,833,1.1234467029571533,,,0.00382667756639421
6778,15.0,1075,1.4534599781036377,,,0.011552583426237106
6779,17.0,945,1.2791261672973633,,,0.006615918595343828
6780,2.0,467,0.6367983818054199,,,0.022292563691735268
6781,4.0,487,0.6562354564666748,,,0.03461262956261635
6782,9.0,801,1.0917868614196777,,,0.013065112754702568
6783,8.0,800,1.0841166973114014,,,0.0280886460095644
6784,5.0,538,0.7236120700836182,,,0.006405561696738005
6785,9.0,806,1.088578224182129,,,0.019301041960716248
6786,12.0,835,1.126101016998291,,,0.023670710623264313
6787,7.0,612,0.8315565586090088,,,0.00965950544923544
6788,9.0,821,1.1103551387786865,,,0.0117532042786479
6789,11.0,699,0.9480478763580322,,,0.010843239724636078
6790,8.0,805,1.0905940532684326,,,0.013619983568787575
6791,2.0,466,0.6350629329681396,,,0.017088167369365692
6792,2.0,469,0.6363825798034668,,,0.011534098535776138
6793,4.0,485,0.6620345115661621,,,0.013338234275579453
6794,3.0,505,0.679506778717041,,,0.012559679336845875
6795,13.0,992,1.337195873260498,,,0.012475922703742981
6796,10.0,621,0.8368761539459229,,,0.00871526263654232
6797,10.0,633,0.8572957515716553,,,0.001470971736125648
6798,7.0,623,0.8407955169677734,,,0.001986851217225194
6799,8.0,633,0.8536462783813477,,,0.01123844925314188
6800,26.0,1462,1.9730865955352783,,,0.0022537654731422663
6801,2.0,467,0.6337838172912598,,,0.011127552948892117
6802,19.0,1054,1.4228439331054688,,,0.013647884130477905
6803,11.0,639,0.8804221153259277,,,0.004424195736646652
6804,12.0,677,0.9130599498748779,,,0.015615626238286495
6805,2.0,469,0.6365494728088379,,,0.007919492200016975
6806,9.0,800,1.0858900547027588,,,0.013549604453146458
6807,10.0,624,0.839881181716919,,,0.053165968507528305
6808,16.0,1215,1.6299326419830322,,,0.01141405664384365
6809,18.0,973,1.310239315032959,,,0.03192421793937683
6810,3.0,469,0.6391136646270752,,,0.01044338196516037
6811,9.0,612,0.8288180828094482,,,0.01193134393543005
6812,6.0,538,0.7284893989562988,,,0.002103684702888131
6813,7.0,392,0.5328075885772705,,,0.03178522735834122
6814,6.0,534,0.7206759452819824,,,0.007364341989159584
6815,7.0,612,0.8313350677490234,,,0.0052886223420500755
6816,10.0,626,0.8565566539764404,,,0.011462791822850704
6817,15.0,834,1.140000820159912,,,0.00868274737149477
6818,12.0,642,0.8753883838653564,,,0.0033055187668651342
6819,11.0,639,0.8723349571228027,,,0.010310428217053413
6820,5.0,497,0.6848292350769043,,,0.011163859628140926
6821,8.0,704,0.9740607738494873,,,0.012931451201438904
6822,3.0,470,0.6487040519714355,,,0.0032613242510706186
6823,2.0,464,0.6381890773773193,,,0.008243123069405556
6824,6.0,536,0.7336938381195068,,,0.03220093995332718
6825,2.0,466,0.6348044872283936,,,0.013737872242927551
6826,12.0,651,0.892176628112793,,,0.049033086746931076
6827,5.0,532,0.7227623462677002,,,0.010709053836762905
6828,4.0,569,0.7776010036468506,,,0.012320275418460369
6829,8.0,633,0.8673546314239502,,,0.007413909304887056
6830,12.0,925,1.2565531730651855,,,0.019526420161128044
6831,15.0,1101,1.4980297088623047,,,0.006849000230431557
6832,5.0,516,0.7025585174560547,,,0.01454238872975111
6833,11.0,677,0.9245107173919678,,,0.00604286277666688
6834,15.0,881,1.2006800174713135,,,0.00801980309188366
6835,4.0,479,0.6596312522888184,,,0.016147403046488762
6836,12.0,654,0.8936915397644043,,,0.01366819255053997
6837,6.0,607,0.8299012184143066,,,0.025179238989949226
6838,9.0,835,1.1436848640441895,,,0.016676967963576317
6839,5.0,495,0.6800320148468018,,,0.01260146964341402
6840,4.0,384,0.527324914932251,,,0.013436401262879372
6841,6.0,395,0.5437841415405273,,,0.01255297102034092
6842,17.0,992,1.341675043106079,,,0.01605486124753952
6843,11.0,643,0.8748760223388672,,,0.04623868316411972
6844,17.0,845,1.1517326831817627,,,0.01587488315999508
6845,7.0,619,0.8388164043426514,,,0.003076966619119048
6846,9.0,615,0.8403160572052002,,,0.011464638635516167
6847,8.0,614,0.8372838497161865,,,0.011198152787983418
6848,31.0,1781,2.3859102725982666,,,0.013843409717082977
6849,10.0,623,0.8486988544464111,,,0.011379393748939037
6850,8.0,630,0.8506758213043213,,,0.010655214078724384
6851,5.0,497,0.6710686683654785,,,0.00559976976364851
6852,12.0,837,1.1318259239196777,,,0.016383515670895576
6853,15.0,785,1.0585238933563232,,,0.007992654107511044
6854,18.0,921,1.2402849197387695,,,0.03328372910618782
6855,4.0,505,0.6819155216217041,,,0.009208250790834427
6856,18.0,857,1.161996841430664,,,0.005023582372814417
6857,9.0,624,0.8466053009033203,,,0.0073293400928378105
6858,10.0,639,0.8575129508972168,,,0.008232480846345425
6859,29.0,1561,2.0924811363220215,,,0.0031671947799623013
6860,20.0,1417,1.8986966609954834,,,0.01556774415075779
6861,10.0,619,0.8353331089019775,,,0.03332360088825226
6862,10.0,639,0.8658697605133057,,,0.046279262751340866
6863,7.0,583,0.7884023189544678,,,0.009677588939666748
6864,24.0,1503,2.011260747909546,,,0.0055774603970348835
6865,9.0,580,0.7798025608062744,,,0.007234898861497641
6866,11.0,639,0.8699774742126465,,,0.03292310982942581
6867,5.0,378,0.5101664066314697,,,0.019521715119481087
6868,8.0,626,0.8451969623565674,,,0.014073743484914303
6869,8.0,613,0.8283748626708984,,,0.005676767323166132
6870,20.0,1275,1.7189562320709229,,,0.0033795866183936596
6871,17.0,1319,1.7742478847503662,,,0.0025533216539770365
6872,10.0,625,0.8486406803131104,,,0.009065462276339531
6873,14.0,1013,1.3672349452972412,,,0.010497313924133778
6874,7.0,617,0.8322272300720215,,,0.008730278350412846
6875,9.0,612,0.8356454372406006,,,0.015571867115795612
6876,6.0,671,0.9194560050964355,,,0.015385131351649761
6877,14.0,976,1.3303587436676025,,,0.012291984632611275
6878,15.0,1083,1.4730515480041504,,,0.008684602566063404
6879,4.0,354,0.48689961433410645,,,0.01704518496990204
6880,11.0,684,0.9249799251556396,,,0.01899673230946064
6881,4.0,523,0.7135047912597656,,,0.015186761505901814
6882,7.0,742,1.0093204975128174,,,0.017428815364837646
6883,16.0,1057,1.4374868869781494,,,0.0028507444076240063
6884,11.0,655,0.8958292007446289,,,0.01665138639509678
6885,8.0,662,0.897773027420044,,,0.0022190953604876995
6886,5.0,605,0.8288285732269287,,,0.003488343907520175
6887,16.0,1057,1.4357624053955078,,,0.018837567418813705
6888,11.0,644,0.8792252540588379,,,0.004332001321017742
6889,8.0,814,1.1113014221191406,,,0.025757234543561935
6890,15.0,937,1.2777984142303467,,,0.03916100785136223
6891,21.0,1109,1.500399112701416,,,0.010535722598433495
6892,13.0,937,1.2733690738677979,,,0.01564948447048664
6893,6.0,619,0.8310256004333496,,,0.004150982014834881
6894,6.0,611,0.8250596523284912,,,0.00843583233654499
6895,9.0,722,0.9707226753234863,,,0.008469249121844769
6896,13.0,983,1.3231143951416016,,,0.0073655652813613415
6897,8.0,671,0.91646409034729,,,0.0025510292034596205
6898,16.0,868,1.1718318462371826,,,0.005555851384997368
6899,11.0,929,1.2511029243469238,,,0.005332462955266237
6900,18.0,1417,1.9040501117706299,,,0.007138977758586407
6901,7.0,645,0.8745436668395996,,,0.009646252728998661
6902,9.0,823,1.1152253150939941,,,0.01961495541036129
6903,14.0,1070,1.447953701019287,,,0.01078453566879034
6904,8.0,645,0.877363920211792,,,0.01964353211224079
6905,11.0,612,0.839576005935669,,,0.011802583001554012
6906,9.0,827,1.1283197402954102,,,0.007092610467225313
6907,9.0,824,1.1229217052459717,,,0.002112460555508733
6908,8.0,709,0.9603033065795898,,,0.0060839178040623665
6909,21.0,1395,1.8841006755828857,,,0.005309878382831812
6910,13.0,867,1.1858494281768799,,,0.0061509618535637856
6911,9.0,629,0.8590195178985596,,,0.011801072396337986
6912,5.0,393,0.5357074737548828,,,0.0025145974941551685
6913,9.0,615,0.8413445949554443,,,0.006658658385276794
6914,10.0,626,0.8611574172973633,,,0.010052702389657497
6915,16.0,728,0.9881978034973145,,,0.006235883571207523
6916,5.0,472,0.6429252624511719,,,0.008726183325052261
6917,20.0,1148,1.5613207817077637,,,0.007694195955991745
6918,14.0,735,0.9941377639770508,,,0.03011428378522396
6919,20.0,1069,1.4560573101043701,,,0.011699187569320202
6920,12.0,676,0.9273519515991211,,,0.005868539214134216
6921,15.0,799,1.0745203495025635,,,0.009415478445589542
6922,8.0,673,0.909393310546875,,,0.015273477882146835
6923,14.0,873,1.1843342781066895,,,0.013736658729612827
6924,15.0,765,1.0250649452209473,,,0.017703911289572716
6925,12.0,834,1.1305396556854248,,,0.009503757581114769
6926,9.0,610,0.8190243244171143,,,0.002276700222864747
6927,21.0,1349,1.8206348419189453,,,0.010280082002282143
6928,8.0,633,0.8589386940002441,,,0.004901553969830275
6929,34.0,1736,2.3126423358917236,,,0.0063599105924367905
6930,11.0,691,0.9310271739959717,,,0.030287548899650574
6931,10.0,677,0.9179873466491699,,,0.011971919797360897
6932,17.0,1264,1.7058892250061035,,,0.016399947926402092
6933,11.0,701,0.9487919807434082,,,0.005388820543885231
6934,7.0,655,0.8845481872558594,,,0.010905388742685318
6935,8.0,812,1.10658597946167,,,0.009501234628260136
6936,9.0,658,0.9026820659637451,,,0.02009107545018196
6937,8.0,678,0.9233205318450928,,,0.006279610097408295
6938,9.0,696,0.9491865634918213,,,0.005269905086606741
6939,8.0,673,0.9120419025421143,,,0.006472530774772167
6940,8.0,635,0.8583641052246094,,,0.010206049308180809
6941,8.0,820,1.1125850677490234,,,0.04198063910007477
6942,14.0,957,1.285679578781128,,,0.003311864100396633
6943,13.0,779,1.0637638568878174,,,0.00977242086082697
6944,8.0,809,1.0989570617675781,,,0.011775730177760124
6945,9.0,623,0.8527679443359375,,,0.008069305680692196
6946,17.0,1260,1.7120752334594727,,,0.02212582714855671
6947,13.0,977,1.3289968967437744,,,0.014707335270941257
6948,8.0,611,0.833613395690918,,,0.018479201942682266
6949,8.0,759,1.0329010486602783,,,0.007245797663927078
6950,12.0,689,0.935943603515625,,,0.01851848140358925
6951,7.0,665,0.9026856422424316,,,0.025299841538071632
6952,9.0,687,0.925015926361084,,,0.010677698999643326
6953,7.0,631,0.8483967781066895,,,0.005355301313102245
6954,9.0,859,1.1668736934661865,,,0.0026299764867872
6955,8.0,791,1.0857977867126465,,,0.009501038119196892
6956,9.0,730,0.994988203048706,,,0.009556669741868973
6957,8.0,613,0.839827299118042,,,0.013120784424245358
6958,9.0,639,0.8680343627929688,,,0.012477935291826725
6959,13.0,990,1.3491649627685547,,,0.01199138443917036
6960,5.0,593,0.8115906715393066,,,0.008897648192942142
6961,2.0,511,0.6985719203948975,,,0.007515348494052887
6962,9.0,613,0.8352625370025635,,,0.01292603462934494
6963,8.0,579,0.7973384857177734,,,0.011421937495470047
6964,9.0,822,1.1161510944366455,,,0.016114452853798866
6965,5.0,620,0.8436098098754883,,,0.005243197549134493
6966,17.0,1037,1.4190590381622314,,,0.01051363442093134
6967,11.0,655,0.8987843990325928,,,0.01014381367713213
6968,8.0,638,0.8709452152252197,,,0.015946241095662117
6969,11.0,682,0.9269835948944092,,,0.007681421469897032
6970,6.0,477,0.6544415950775146,,,0.018635421991348267
6971,8.0,629,0.8573343753814697,,,0.007778472267091274
6972,6.0,611,0.830758810043335,,,0.012120610103011131
6973,8.0,686,0.9344830513000488,,,0.006369940470904112
6974,9.0,612,0.8296523094177246,,,0.00666473712772131
6975,8.0,712,0.9671945571899414,,,0.011741597205400467
6976,8.0,711,0.9696147441864014,,,0.014463118277490139
6977,5.0,583,0.7947309017181396,,,0.004469926469027996
6978,3.0,469,0.6348512172698975,,,0.008190897293388844
6979,10.0,655,0.893204927444458,,,0.005778937600553036
6980,9.0,713,0.967329740524292,,,0.00855994038283825
6981,4.0,508,0.6920771598815918,,,0.011334924958646297
6982,10.0,649,0.8764181137084961,,,0.010098167695105076
6983,10.0,699,0.9613997936248779,,,0.008401786908507347
6984,8.0,663,0.909278392791748,,,0.0022909415420144796
6985,16.0,931,1.2643697261810303,,,0.008814569562673569
6986,4.0,573,0.7841131687164307,,,0.018350303173065186
6987,21.0,953,1.3042371273040771,,,0.009799878112971783
6988,15.0,945,1.2826683521270752,,,0.002557699102908373
6989,12.0,1227,1.6654696464538574,,,0.013524016365408897
6990,3.0,508,0.6850841045379639,,,0.0033085632603615522
6991,17.0,978,1.309377670288086,,,0.007433499209582806
6992,10.0,618,0.835564374923706,,,0.012329705990850925
6993,16.0,787,1.0587055683135986,,,0.01477755792438984
6994,9.0,787,1.0628936290740967,,,0.011887168511748314
6995,8.0,633,0.8615529537200928,,,0.007816066034138203
6996,9.0,646,0.8801150321960449,,,0.008823951706290245
6997,4.0,594,0.813328742980957,,,0.012560204602777958
6998,9.0,699,0.9517810344696045,,,0.007404545322060585
6999,18.0,986,1.3394012451171875,,,0.016014141961932182
7000,11.0,1063,1.4470512866973877,,,0.009597348049283028
7001,11.0,676,0.9259002208709717,,,0.01050126925110817
7002,9.0,713,0.9738545417785645,,,0.006135785952210426
7003,7.0,613,0.8371267318725586,,,0.010187916457653046
7004,9.0,679,0.9318203926086426,,,0.004776665475219488
7005,13.0,626,0.8566715717315674,,,0.006729145999997854
7006,10.0,621,0.8485221862792969,,,0.02595001645386219
7007,11.0,667,0.9078714847564697,,,0.02576078288257122
7008,10.0,669,0.911454439163208,,,0.007204449735581875
7009,7.0,613,0.8346877098083496,,,0.00865945778787136
7010,14.0,921,1.2521142959594727,,,0.012870773673057556
7011,10.0,775,1.0556721687316895,,,0.012112467549741268
7012,14.0,752,1.0335755348205566,,,0.009318319149315357
7013,11.0,651,0.8905582427978516,,,0.012904757633805275
7014,11.0,639,0.8654603958129883,,,0.006060865242034197
7015,8.0,577,0.7793693542480469,,,0.013324343599379063
7016,11.0,682,0.920452356338501,,,0.030744904652237892
7017,2.0,391,0.5330526828765869,,,0.014915560372173786
7018,7.0,577,0.7801566123962402,,,0.004970869515091181
7019,9.0,707,0.9551980495452881,,,0.001970842946320772
7020,10.0,639,0.8652760982513428,,,0.027667731046676636
7021,11.0,630,0.8501627445220947,,,0.01155844796448946
7022,18.0,963,1.2934620380401611,,,0.027343470603227615
7023,3.0,429,0.5814323425292969,,,0.01898583024740219
7024,2.0,473,0.6362879276275635,,,0.020907167345285416
7025,10.0,615,0.8316481113433838,,,0.010111638344824314
7026,7.0,587,0.7950968742370605,,,0.012412652373313904
7027,7.0,689,0.9334402084350586,,,0.012199616990983486
7028,12.0,617,0.8366503715515137,,,0.006257355213165283
7029,11.0,845,1.1524100303649902,,,0.014782046899199486
7030,7.0,661,0.900383472442627,,,0.010073190554976463
7031,18.0,1039,1.412712574005127,,,0.006788504775613546
7032,14.0,800,1.0909395217895508,,,0.015269486233592033
7033,8.0,618,0.8369715213775635,,,0.011098804883658886
7034,11.0,836,1.1174447536468506,,,0.013409027829766273
7035,6.0,767,1.0289669036865234,,,0.012002333998680115
7036,15.0,1245,1.661144733428955,,,0.023320885375142097
7037,7.0,671,0.9112808704376221,,,0.007580074481666088
7038,14.0,979,1.3312029838562012,,,0.011938173323869705
7039,13.0,712,0.9668622016906738,,,0.0027395288925617933
7040,7.0,793,1.0753793716430664,,,0.002531731268391013
7041,9.0,610,0.8308281898498535,,,0.003764296881854534
7042,3.0,387,0.5271904468536377,,,0.006430683191865683
7043,10.0,669,0.9072139263153076,,,0.03043711557984352
7044,19.0,903,1.2237827777862549,,,0.0076203374192118645
7045,19.0,1003,1.3673322200775146,,,0.013205618597567081
7046,11.0,627,0.8565685749053955,,,0.012587341479957104
7047,4.0,362,0.4943082332611084,,,0.02508694864809513
7048,9.0,713,0.9706974029541016,,,0.005183511879295111
7049,4.0,356,0.48436546325683594,,,0.009179999120533466
7050,2.0,475,0.6489441394805908,,,0.006893768906593323
7051,12.0,937,1.2809453010559082,,,0.012643142603337765
7052,4.0,524,0.7157204151153564,,,0.01317000575363636
7053,15.0,817,1.113363265991211,,,0.0032564757857471704
7054,8.0,547,0.7434792518615723,,,0.006732562091201544
7055,17.0,1014,1.3777122497558594,,,0.032162345945835114
7056,7.0,685,0.934969425201416,,,0.01391401793807745
7057,18.0,1217,1.6551449298858643,,,0.01175170112401247
7058,9.0,711,0.9689607620239258,,,0.013725580647587776
7059,5.0,583,0.7968401908874512,,,0.010473508387804031
7060,21.0,1416,1.912313461303711,,,0.018039433285593987
7061,13.0,629,0.8544502258300781,,,0.008649534545838833
7062,11.0,628,0.8585641384124756,,,0.025683492422103882
7063,7.0,811,1.1061789989471436,,,0.03504220023751259
7064,6.0,537,0.73110032081604,,,0.020916756242513657
7065,12.0,625,0.8540542125701904,,,0.016192426905035973
7066,21.0,1040,1.406163215637207,,,0.016245374456048012
7067,12.0,861,1.1667840480804443,,,0.012791713699698448
7068,8.0,689,0.9354846477508545,,,0.016270091757178307
7069,25.0,1614,2.1769678592681885,,,0.006322823464870453
7070,4.0,499,0.6889171600341797,,,0.008281195536255836
7071,8.0,699,0.9485325813293457,,,0.0056001669727265835
7072,9.0,655,0.8970963954925537,,,0.013760799542069435
7073,11.0,643,0.8653848171234131,,,0.01112805400043726
7074,8.0,668,0.9145441055297852,,,0.006570287514477968
7075,10.0,681,0.9344191551208496,,,0.04874690622091293
7076,14.0,1089,1.486910104751587,,,0.011568557471036911
7077,7.0,537,0.7340414524078369,,,0.013245070353150368
7078,12.0,629,0.8574123382568359,,,0.0060181827284395695
7079,13.0,1115,1.5198943614959717,,,0.013391999527812004
7080,4.0,582,0.7900807857513428,,,0.0303721334785223
7081,14.0,780,1.0676119327545166,,,0.011238331906497478
7082,14.0,799,1.0883710384368896,,,0.00941470731049776
7083,20.0,1131,1.5360634326934814,,,0.017971530556678772
7084,4.0,591,0.806168794631958,,,0.036581192165613174
7085,10.0,704,0.9604518413543701,,,0.011037102900445461
7086,9.0,591,0.8131585121154785,,,0.012778022326529026
7087,9.0,616,0.8472318649291992,,,0.008458500728011131
7088,22.0,1316,1.7881314754486084,,,0.04176480695605278
7089,12.0,706,0.9690546989440918,,,0.014813856221735477
7090,13.0,981,1.3281853199005127,,,0.007733003702014685
7091,2.0,467,0.6404964923858643,,,0.012011546641588211
7092,3.0,482,0.6632795333862305,,,0.006820212583988905
7093,13.0,1056,1.4277958869934082,,,0.005266427528113127
7094,9.0,759,1.0264623165130615,,,0.008313845843076706
7095,3.0,482,0.6574704647064209,,,0.01956985890865326
7096,9.0,675,0.9200191497802734,,,0.019867267459630966
7097,11.0,633,0.8694090843200684,,,0.011320915073156357
7098,8.0,623,0.8485848903656006,,,0.009202566929161549
7099,10.0,615,0.8347795009613037,,,0.012672562152147293
7100,14.0,975,1.3185553550720215,,,0.005612790118902922
7101,11.0,622,0.8558773994445801,,,0.019583705812692642
7102,9.0,695,0.938636302947998,,,0.006777952425181866
7103,9.0,657,0.8972456455230713,,,0.010469292290508747
7104,20.0,1108,1.5084829330444336,,,0.004229520447552204
7105,17.0,935,1.2625946998596191,,,0.008200333453714848
7106,12.0,763,1.0347175598144531,,,0.022300297394394875
7107,15.0,1003,1.3561866283416748,,,0.00517701031640172
7108,8.0,621,0.8494243621826172,,,0.005344299599528313
7109,7.0,543,0.7412991523742676,,,0.03977467119693756
7110,9.0,711,0.9673991203308105,,,0.019100839272141457
7111,6.0,633,0.8501100540161133,,,0.009531861171126366
7112,13.0,973,1.3080668449401855,,,0.014016814529895782
7113,15.0,883,1.1989896297454834,,,0.003323587588965893
7114,10.0,615,0.8379716873168945,,,0.01460412610322237
7115,3.0,479,0.6448502540588379,,,0.014042983762919903
7116,12.0,899,1.2287569046020508,,,0.006503172218799591
7117,13.0,773,1.0535485744476318,,,0.012147876434028149
7118,11.0,639,0.8742251396179199,,,0.010862661525607109
7119,14.0,955,1.2945587635040283,,,0.003916086629033089
7120,9.0,707,0.9740695953369141,,,0.010285867378115654
7121,11.0,639,0.8717987537384033,,,0.010357181541621685
7122,9.0,670,0.903130054473877,,,0.009637386538088322
7123,11.0,620,0.8334712982177734,,,0.01161768939346075
7124,6.0,588,0.7912287712097168,,,0.014372780919075012
7125,17.0,1197,1.6250474452972412,,,0.003125319257378578
7126,12.0,671,0.9173829555511475,,,0.0033434475772082806
7127,8.0,627,0.8578927516937256,,,0.007306831423193216
7128,11.0,669,0.9061508178710938,,,0.013923260383307934
7129,7.0,641,0.8749258518218994,,,0.009817619808018208
7130,11.0,828,1.1254816055297852,,,0.008698626421391964
7131,7.0,611,0.8350629806518555,,,0.013000743463635445
7132,8.0,622,0.8469223976135254,,,0.012082718312740326
7133,5.0,489,0.6676046848297119,,,0.011138143949210644
7134,16.0,1116,1.506648302078247,,,0.008462364785373211
7135,6.0,637,0.8617763519287109,,,0.0220347847789526
7136,13.0,825,1.1226260662078857,,,0.005347036756575108
7137,3.0,486,0.6639289855957031,,,0.003319853451102972
7138,13.0,856,1.1627743244171143,,,0.006322816479951143
7139,16.0,1088,1.4704782962799072,,,0.005726808216422796
7140,11.0,699,0.94783616065979,,,0.007103250827640295
7141,15.0,713,0.9758684635162354,,,0.013290957547724247
7142,9.0,721,0.9884598255157471,,,0.006556348875164986
7143,19.0,943,1.2803828716278076,,,0.01595340110361576
7144,3.0,507,0.692817211151123,,,0.02039361745119095
7145,7.0,742,1.014660120010376,,,0.0069581009447574615
7146,9.0,689,0.9358749389648438,,,0.008478973992168903
7147,12.0,715,0.9807007312774658,,,0.006926811300218105
7148,11.0,660,0.8918547630310059,,,0.008115087635815144
7149,9.0,701,0.9563486576080322,,,0.008150696754455566
7150,15.0,798,1.0852255821228027,,,0.010505085811018944
7151,12.0,636,0.8667898178100586,,,0.010861343704164028
7152,4.0,489,0.657271146774292,,,0.016951924189925194
7153,12.0,789,1.0664618015289307,,,0.00846233032643795
7154,11.0,679,0.9145123958587646,,,0.006867311429232359
7155,7.0,570,0.7693979740142822,,,0.013350303284823895
7156,6.0,617,0.8374388217926025,,,0.01064238604158163
7157,9.0,635,0.8586187362670898,,,0.015904147177934647
7158,14.0,967,1.3022210597991943,,,0.013265307061374187
7159,14.0,913,1.2351882457733154,,,0.01866951212286949
7160,9.0,670,0.9104845523834229,,,0.043655894696712494
7161,8.0,557,0.7612714767456055,,,0.010508214123547077
7162,16.0,822,1.1257810592651367,,,0.004377163015305996
7163,7.0,635,0.8638882637023926,,,0.024201981723308563
7164,8.0,587,0.801429033279419,,,0.006240383256226778
7165,8.0,653,0.8877773284912109,,,0.013166096992790699
7166,11.0,612,0.8342447280883789,,,0.010143388994038105
7167,14.0,852,1.156865119934082,,,0.010333388112485409
7168,3.0,507,0.6898293495178223,,,0.013788841664791107
7169,3.0,469,0.6367697715759277,,,0.007634213659912348
7170,7.0,618,0.8410763740539551,,,0.020144464448094368
7171,11.0,685,0.9282658100128174,,,0.016631271690130234
7172,3.0,628,0.8519563674926758,,,0.0336446538567543
7173,14.0,977,1.334486484527588,,,0.010591876693069935
7174,9.0,691,0.9435379505157471,,,0.0037946151569485664
7175,17.0,838,1.1384475231170654,,,0.02498374693095684
7176,12.0,859,1.169764757156372,,,0.008036659099161625
7177,3.0,469,0.6438677310943604,,,0.0081245182082057
7178,8.0,693,0.940011739730835,,,0.01901935786008835
7179,15.0,902,1.2266037464141846,,,0.009361187927424908
7180,17.0,1052,1.429499864578247,,,0.009795289486646652
7181,3.0,508,0.6910531520843506,,,0.009133770130574703
7182,7.0,623,0.8497211933135986,,,0.015232083387672901
7183,12.0,626,0.8638231754302979,,,0.005585163831710815
7184,7.0,557,0.7604117393493652,,,0.031458038836717606
7185,12.0,689,0.9373884201049805,,,0.005205053370445967
7186,10.0,613,0.8277904987335205,,,0.023358557373285294
7187,8.0,575,0.7872633934020996,,,0.01653503067791462
7188,8.0,547,0.7421212196350098,,,0.020212998613715172
7189,23.0,1156,1.5712575912475586,,,0.010071182623505592
7190,6.0,404,0.5531933307647705,,,0.019121168181300163
7191,8.0,705,0.9554822444915771,,,0.008147742599248886
7192,16.0,931,1.2676455974578857,,,0.012567981146275997
7193,13.0,979,1.3302791118621826,,,0.005002643447369337
7194,12.0,643,0.8749570846557617,,,0.012873032130300999
7195,6.0,497,0.6849393844604492,,,0.014778119511902332
7196,15.0,832,1.1321849822998047,,,0.012014740146696568
7197,8.0,664,0.9033684730529785,,,0.010287938639521599
7198,6.0,412,0.5578458309173584,,,0.00420954218134284
7199,6.0,545,0.7465660572052002,,,0.0058787669986486435
7200,6.0,577,0.7838802337646484,,,0.010187474079430103
7201,15.0,1230,1.675506591796875,,,0.009558829478919506
7202,8.0,615,0.8377254009246826,,,0.007994651794433594
7203,12.0,873,1.1896140575408936,,,0.001966293668374419
7204,17.0,1091,1.4779961109161377,,,0.010152902454137802
7205,16.0,833,1.1289384365081787,,,0.0015878089470788836
7206,16.0,1107,1.4971067905426025,,,0.010605760850012302
7207,8.0,702,0.9444811344146729,,,0.015024974942207336
7208,11.0,724,0.9808053970336914,,,0.022481409832835197
7209,9.0,634,0.8602688312530518,,,0.015823477879166603
7210,9.0,841,1.1496822834014893,,,0.011589952744543552
7211,6.0,532,0.7208666801452637,,,0.022831371054053307
7212,14.0,829,1.1253540515899658,,,0.01200119312852621
7213,3.0,507,0.6965353488922119,,,0.030787348747253418
7214,20.0,1483,2.018390417098999,,,0.006169241853058338
7215,8.0,721,0.9814002513885498,,,0.019376233220100403
7216,12.0,737,1.0023844242095947,,,0.01220948901027441
7217,21.0,1199,1.6228759288787842,,,0.021366620436310768
7218,15.0,1105,1.496293067932129,,,0.005428391043096781
7219,23.0,1509,2.042658567428589,,,0.002408996457234025
7220,3.0,580,0.7941453456878662,,,0.018075164407491684
7221,7.0,637,0.8672230243682861,,,0.005361104849725962
7222,9.0,703,0.9604659080505371,,,0.007554437033832073
7223,9.0,688,0.9246237277984619,,,0.0053774467669427395
7224,12.0,632,0.8641648292541504,,,0.015161977149546146
7225,5.0,581,0.7936868667602539,,,0.004469519015401602
7226,3.0,506,0.688805341720581,,,0.004868473391979933
7227,17.0,1117,1.5008201599121094,,,0.019111601635813713
7228,12.0,836,1.1392543315887451,,,0.00675295852124691
7229,20.0,1463,1.9600436687469482,,,0.012728842906653881
7230,18.0,1259,1.6952722072601318,,,0.010837148874998093
7231,23.0,999,1.345219612121582,,,0.04820005223155022
7232,13.0,976,1.3203961849212646,,,0.004581575281918049
7233,9.0,821,1.1215083599090576,,,0.010786826722323895
7234,15.0,1091,1.4724364280700684,,,0.03465692698955536
7235,13.0,999,1.3623147010803223,,,0.009342019446194172
7236,10.0,749,1.0066144466400146,,,0.015585614368319511
7237,8.0,700,0.9552571773529053,,,0.008504512719810009
7238,8.0,646,0.8806533813476562,,,0.049131132662296295
7239,9.0,657,0.8876628875732422,,,0.00840409193187952
7240,9.0,863,1.1703968048095703,,,0.015704743564128876
7241,9.0,659,0.9015545845031738,,,0.006408124230802059
7242,11.0,670,0.9141244888305664,,,0.029974551871418953
7243,7.0,684,0.9355788230895996,,,0.00602379534393549
7244,10.0,618,0.8464646339416504,,,0.008232001215219498
7245,9.0,701,0.9537637233734131,,,0.006089743692427874
7246,10.0,631,0.8571150302886963,,,0.009694015607237816
7247,18.0,813,1.0995638370513916,,,0.006201280280947685
7248,4.0,489,0.6683557033538818,,,0.021478386595845222
7249,18.0,1203,1.6339325904846191,,,0.03187451884150505
7250,9.0,617,0.8451125621795654,,,0.005364885088056326
7251,12.0,669,0.9073143005371094,,,0.010002787224948406
7252,23.0,1455,1.9725842475891113,,,0.014087730087339878
7253,18.0,1263,1.7175590991973877,,,0.005333691369742155
7254,13.0,921,1.2570817470550537,,,0.012277976609766483
7255,9.0,718,0.9768025875091553,,,0.031679246574640274
7256,6.0,726,0.9897053241729736,,,0.005914260167628527
7257,20.0,1059,1.4380519390106201,,,0.0065742977894842625
7258,16.0,1255,1.7040791511535645,,,0.012956649996340275
7259,7.0,620,0.8358807563781738,,,0.012589890509843826
7260,19.0,1056,1.4157285690307617,,,0.010992133989930153
7261,17.0,1067,1.4404888153076172,,,0.012749903835356236
7262,9.0,631,0.8552579879760742,,,0.0033645001240074635
7263,12.0,691,0.9375340938568115,,,0.008170030079782009
7264,15.0,922,1.242856740951538,,,0.0056686801835894585
7265,8.0,729,0.991959810256958,,,0.01231758575886488
7266,13.0,953,1.295858383178711,,,0.008229894563555717
7267,11.0,617,0.8435285091400146,,,0.006547898985445499
7268,10.0,696,0.9480242729187012,,,0.012895958498120308
7269,6.0,588,0.8013858795166016,,,0.011837845668196678
7270,14.0,1013,1.3772528171539307,,,0.0050803436897695065
7271,22.0,1274,1.7296149730682373,,,0.003045320278033614
7272,2.0,467,0.6370110511779785,,,0.015442728996276855
7273,9.0,679,0.9262661933898926,,,0.025667810812592506
7274,9.0,698,0.956683874130249,,,0.020391402766108513
7275,9.0,734,0.995089054107666,,,0.004227071534842253
7276,12.0,947,1.2891628742218018,,,0.015020106919109821
7277,13.0,713,0.9780819416046143,,,0.02109377644956112
7278,13.0,838,1.1469993591308594,,,0.0052429186180233955
7279,21.0,1051,1.42612624168396,,,0.00739638414233923
7280,9.0,715,0.9754867553710938,,,0.0062338984571397305
7281,9.0,552,0.7542235851287842,,,0.010981924831867218
7282,8.0,593,0.8098978996276855,,,0.013921169564127922
7283,5.0,734,0.9926853179931641,,,0.014265293255448341
7284,12.0,643,0.8799591064453125,,,0.017471477389335632
7285,17.0,1157,1.5670430660247803,,,0.00902410689741373
7286,10.0,655,0.8922054767608643,,,0.009308714419603348
7287,12.0,640,0.8717327117919922,,,0.006174920592457056
7288,14.0,1195,1.6190369129180908,,,0.013634203933179379
7289,9.0,680,0.9248061180114746,,,0.010763650760054588
7290,17.0,1321,1.8007793426513672,,,0.018943144008517265
7291,15.0,1015,1.380948781967163,,,0.009161866270005703
7292,8.0,656,0.9143719673156738,,,0.011044470593333244
7293,14.0,1138,1.5513668060302734,,,0.019479015842080116
7294,8.0,639,0.8730297088623047,,,0.0457008071243763
7295,9.0,697,0.9454963207244873,,,0.0042190952226519585
7296,16.0,1100,1.4801700115203857,,,0.02324495278298855
7297,20.0,1121,1.5035686492919922,,,0.007753320038318634
7298,10.0,757,1.0215222835540771,,,0.0035485506523400545
7299,12.0,675,0.9095325469970703,,,0.023725075647234917
7300,14.0,816,1.1001160144805908,,,0.025162523612380028
7301,14.0,755,1.0352773666381836,,,0.00810800027102232
7302,14.0,849,1.151393175125122,,,0.009272965602576733
7303,7.0,625,0.8514378070831299,,,0.0070080566219985485
7304,14.0,828,1.1306304931640625,,,0.007483124732971191
7305,16.0,1137,1.54703950881958,,,0.030051255598664284
7306,15.0,699,0.955111026763916,,,0.006938951555639505
7307,23.0,1147,1.5568642616271973,,,0.0076110996305942535
7308,9.0,685,0.9307971000671387,,,0.01682819053530693
7309,4.0,602,0.8233814239501953,,,0.012382074259221554
7310,15.0,1013,1.385361909866333,,,0.009749213233590126
7311,12.0,652,0.8837225437164307,,,0.014957954175770283
7312,10.0,833,1.1177647113800049,,,0.00911804847419262
7313,19.0,1240,1.6588108539581299,,,0.012814079411327839
7314,10.0,617,0.8313663005828857,,,0.012202632613480091
7315,9.0,690,0.9431838989257812,,,0.004605450201779604
7316,11.0,699,0.95707106590271,,,0.008125131949782372
7317,8.0,670,0.9121520519256592,,,0.01024036854505539
7318,16.0,781,1.058622121810913,,,0.016522156074643135
7319,14.0,809,1.1001834869384766,,,0.009406521916389465
7320,6.0,537,0.7284653186798096,,,0.03414134681224823
7321,3.0,652,0.8827672004699707,,,0.009513943456113338
7322,27.0,1220,1.6585991382598877,,,0.022295672446489334
7323,7.0,542,0.7432425022125244,,,0.012670500203967094
7324,7.0,571,0.7852065563201904,,,0.008782507851719856
7325,10.0,622,0.8487539291381836,,,0.010747572407126427
7326,9.0,727,0.9929158687591553,,,0.012800249271094799
7327,12.0,647,0.8821558952331543,,,0.010580362752079964
7328,17.0,1051,1.433021068572998,,,0.016767745837569237
7329,9.0,669,0.9159014225006104,,,0.013567191548645496
7330,11.0,623,0.8524842262268066,,,0.01394913624972105
7331,8.0,814,1.108755350112915,,,0.02033434994518757
7332,9.0,858,1.165736198425293,,,0.00811304897069931
7333,15.0,1037,1.4165606498718262,,,0.013541032560169697
7334,4.0,499,0.6814875602722168,,,0.0032657678239047527
7335,9.0,630,0.845191240310669,,,0.005593258887529373
7336,16.0,1091,1.4691393375396729,,,0.010179487988352776
7337,10.0,611,0.8205766677856445,,,0.005594784859567881
7338,7.0,649,0.8791382312774658,,,0.0033310644794255495
7339,25.0,1253,1.6857943534851074,,,0.01683783158659935
7340,16.0,1403,1.8917303085327148,,,0.02927551418542862
7341,8.0,655,0.8803579807281494,,,0.005359904374927282
7342,15.0,817,1.0985655784606934,,,0.00959541741758585
7343,4.0,586,0.7898504734039307,,,0.003089048434048891
7344,15.0,845,1.132157564163208,,,0.009932655841112137
7345,16.0,832,1.1139023303985596,,,0.0047805579379200935
7346,9.0,692,0.9334275722503662,,,0.007035908754914999
7347,16.0,777,1.0546493530273438,,,0.010009152814745903
7348,17.0,931,1.2645316123962402,,,0.011215652339160442
7349,10.0,639,0.8758988380432129,,,0.0072196233086287975
7350,9.0,701,0.9520323276519775,,,0.004525948781520128
7351,13.0,827,1.1247873306274414,,,0.010157451964914799
7352,9.0,663,0.9050569534301758,,,0.012711519375443459
7353,13.0,1001,1.3584809303283691,,,0.010559496469795704
7354,5.0,397,0.5443003177642822,,,0.006242796778678894
7355,9.0,689,0.9423558712005615,,,0.010870786383748055
7356,8.0,615,0.8387830257415771,,,0.009507616981863976
7357,15.0,1025,1.3975837230682373,,,0.014541516080498695
7358,11.0,713,0.969595193862915,,,0.02142832987010479
7359,9.0,705,0.9609856605529785,,,0.013894381001591682
7360,16.0,991,1.3503594398498535,,,0.006816416047513485
7361,11.0,669,0.9147441387176514,,,0.00464273989200592
7362,13.0,814,1.1060645580291748,,,0.009598205797374249
7363,12.0,864,1.1816704273223877,,,0.0076906015165150166
7364,13.0,824,1.1233136653900146,,,0.013424709439277649
7365,6.0,510,0.6898612976074219,,,0.006749243941158056
7366,10.0,612,0.8341231346130371,,,0.0025224806740880013
7367,21.0,1153,1.5649194717407227,,,0.015358983539044857
7368,10.0,685,0.9335582256317139,,,0.015660466626286507
7369,11.0,669,0.9193849563598633,,,0.014767737127840519
7370,16.0,1015,1.3898282051086426,,,0.02128784917294979
7371,8.0,576,0.7817058563232422,,,0.00488745654001832
7372,9.0,709,0.972175121307373,,,0.016071291640400887
7373,11.0,653,0.89613938331604,,,0.034144554287195206
7374,9.0,680,0.9289634227752686,,,0.016648566350340843
7375,17.0,1019,1.3883163928985596,,,0.013415331020951271
7376,14.0,833,1.1377363204956055,,,0.00722051877528429
7377,9.0,655,0.8919830322265625,,,0.01229905802756548
7378,13.0,997,1.3513643741607666,,,0.01696908287703991
7379,9.0,704,0.9557578563690186,,,0.0042817904613912106
7380,14.0,796,1.0826516151428223,,,0.014505752362310886
7381,14.0,866,1.1651196479797363,,,0.013869757764041424
7382,7.0,650,0.87345290184021,,,0.007797291036695242
7383,3.0,508,0.6888134479522705,,,0.010176906362175941
7384,8.0,737,0.9974026679992676,,,0.01622123271226883
7385,11.0,700,0.959132194519043,,,0.009109050035476685
7386,15.0,917,1.256667137145996,,,0.025345543399453163
7387,14.0,955,1.3019969463348389,,,0.008535199798643589
7388,7.0,645,0.8826098442077637,,,0.013741845265030861
7389,11.0,726,0.985335111618042,,,0.016979126259684563
7390,16.0,1081,1.4525995254516602,,,0.00855596736073494
7391,8.0,659,0.8872256278991699,,,0.01494808029383421
7392,16.0,883,1.1873693466186523,,,0.016099564731121063
7393,9.0,701,0.9478442668914795,,,0.008000768721103668
7394,6.0,677,0.9175257682800293,,,0.024377357214689255
7395,6.0,704,0.9498162269592285,,,0.004874504171311855
7396,8.0,663,0.904343843460083,,,0.011693675071001053
7397,6.0,802,1.0971710681915283,,,0.011071043089032173
7398,8.0,632,0.859546422958374,,,0.008536025881767273
7399,13.0,1001,1.365159511566162,,,0.009076783433556557
7400,9.0,829,1.1339998245239258,,,0.01274560671299696
7401,9.0,743,1.0132415294647217,,,0.007273078430444002
7402,12.0,866,1.172623872756958,,,0.011535823345184326
7403,7.0,543,0.7404799461364746,,,0.0037080447655171156
7404,9.0,613,0.8358561992645264,,,0.009409892372786999
7405,16.0,1127,1.537980079650879,,,0.009524817578494549
7406,13.0,853,1.161506175994873,,,0.019802242517471313
7407,13.0,971,1.3210880756378174,,,0.019477786496281624
7408,9.0,874,1.1846768856048584,,,0.013879976235330105
7409,9.0,684,0.9354276657104492,,,0.017849918454885483
7410,4.0,525,0.7171216011047363,,,0.011165345087647438
7411,16.0,1039,1.394681453704834,,,0.015979042276740074
7412,23.0,1147,1.5404536724090576,,,0.010359239764511585
7413,17.0,895,1.2217082977294922,,,0.00767402583733201
7414,27.0,1505,2.036947011947632,,,0.010848215781152248
7415,20.0,1163,1.5744993686676025,,,0.0032658663112670183
7416,20.0,1321,1.7916743755340576,,,0.006174891721457243
7417,13.0,984,1.3424174785614014,,,0.010271099396049976
7418,20.0,1427,1.9383409023284912,,,0.019193828105926514
7419,4.0,580,0.7944071292877197,,,0.0022126396652311087
7420,16.0,1111,1.5103890895843506,,,0.009060229174792767
7421,15.0,1398,1.873185157775879,,,0.008651085197925568
7422,21.0,1054,1.4130938053131104,,,0.004776045214384794
7423,22.0,1133,1.5112261772155762,,,0.012152760289609432
7424,7.0,632,0.8641717433929443,,,0.003471988718956709
7425,20.0,1014,1.3584723472595215,,,0.01036765705794096
7426,13.0,975,1.3015339374542236,,,0.0031468679662793875
7427,9.0,641,0.8667342662811279,,,0.012141522020101547
7428,14.0,947,1.2638180255889893,,,0.005109979771077633
7429,13.0,807,1.081531047821045,,,0.011127118021249771
7430,9.0,680,0.9195456504821777,,,0.029628226533532143
7431,10.0,635,0.854755163192749,,,0.009048250503838062
7432,21.0,1061,1.4228770732879639,,,0.012693333439528942
7433,9.0,655,0.8863246440887451,,,0.02253475971519947
7434,20.0,1019,1.3788764476776123,,,0.007689797785133123
7435,11.0,917,1.2481865882873535,,,0.010133306495845318
7436,14.0,853,1.1617631912231445,,,0.012793807312846184
7437,21.0,1397,1.8892366886138916,,,0.0131004573777318
7438,24.0,1483,1.9932889938354492,,,0.01353999599814415
7439,10.0,691,0.9326395988464355,,,0.027754908427596092
7440,15.0,1089,1.471177101135254,,,0.034122053533792496
7441,21.0,1503,2.028536796569824,,,0.008443349041044712
7442,9.0,833,1.1232123374938965,,,0.019484465941786766
7443,9.0,659,0.8880612850189209,,,0.014604191295802593
7444,19.0,1377,1.8464977741241455,,,0.009462633170187473
7445,14.0,979,1.3199071884155273,,,0.017356766387820244
7446,12.0,989,1.339991807937622,,,0.01889040693640709
7447,17.0,1150,1.5683212280273438,,,0.014031379483640194
7448,6.0,661,0.902193546295166,,,0.008921260945498943
7449,16.0,1082,1.4743983745574951,,,0.017111018300056458
7450,15.0,1015,1.377230167388916,,,0.00937487930059433
7451,9.0,624,0.8447129726409912,,,0.01840090937912464
7452,23.0,1216,1.6292426586151123,,,0.012986602261662483
7453,8.0,535,0.7304115295410156,,,0.005309369880706072
7454,10.0,673,0.9198639392852783,,,0.01403004303574562
7455,15.0,978,1.3293352127075195,,,0.018026091158390045
7456,10.0,617,0.8346846103668213,,,0.014937887899577618
7457,9.0,624,0.8502869606018066,,,0.021174190565943718
7458,7.0,543,0.7332127094268799,,,0.0044958991929888725
7459,12.0,926,1.2577638626098633,,,0.011165263131260872
7460,9.0,623,0.852379560470581,,,0.006440380588173866
7461,6.0,615,0.8407480716705322,,,0.01358153484761715
7462,16.0,1266,1.7009069919586182,,,0.007748397067189217
7463,5.0,507,0.6872906684875488,,,0.011045482009649277
7464,10.0,822,1.1184203624725342,,,0.011952809989452362
7465,10.0,644,0.8815820217132568,,,0.005441585090011358
7466,7.0,840,1.1392953395843506,,,0.007355908397585154
7467,11.0,697,0.9557516574859619,,,0.019017089158296585
7468,9.0,811,1.1066210269927979,,,0.008111275732517242
7469,12.0,654,0.8952455520629883,,,0.030565733090043068
7470,21.0,1443,1.928457498550415,,,0.002965705469250679
7471,9.0,688,0.9262523651123047,,,0.014695563353598118
7472,10.0,653,0.8883190155029297,,,0.0057084821164608
7473,13.0,862,1.1692521572113037,,,0.010587900876998901
7474,11.0,614,0.8376402854919434,,,0.0031831481028348207
7475,8.0,623,0.8544204235076904,,,0.012243195436894894
7476,12.0,630,0.857222318649292,,,0.005333160050213337
7477,6.0,608,0.8297617435455322,,,0.007976599968969822
7478,5.0,389,0.5312337875366211,,,0.013119914568960667
7479,16.0,735,1.0046460628509521,,,0.012718825601041317
7480,11.0,685,0.9311118125915527,,,0.01183064840734005
7481,18.0,1007,1.370948076248169,,,0.008768728002905846
7482,10.0,685,0.9323408603668213,,,0.011069313623011112
7483,4.0,533,0.7209436893463135,,,0.00907249003648758
7484,12.0,693,0.9408707618713379,,,0.01407417468726635
7485,16.0,1093,1.4800894260406494,,,0.005177697632461786
7486,14.0,705,0.9598438739776611,,,0.013066837564110756
7487,16.0,713,0.9739139080047607,,,0.0134098120033741
7488,11.0,677,0.9201741218566895,,,0.013073088601231575
7489,12.0,835,1.1444432735443115,,,0.008077654056251049
7490,13.0,968,1.3192458152770996,,,0.02362086996436119
7491,5.0,407,0.5512509346008301,,,0.011433756910264492
7492,11.0,687,0.9366395473480225,,,0.00611681304872036
7493,11.0,648,0.8838298320770264,,,0.012447386980056763
7494,11.0,897,1.2256560325622559,,,0.01803719811141491
7495,4.0,511,0.695096492767334,,,0.023787781596183777
7496,8.0,612,0.8374643325805664,,,0.01790950633585453
7497,15.0,934,1.269406795501709,,,0.005040752235800028
7498,3.0,413,0.5616090297698975,,,0.008413824252784252
7499,15.0,773,1.0446608066558838,,,0.006333731580525637
7500,17.0,732,0.9863057136535645,,,0.007971416227519512
7501,12.0,725,0.9763758182525635,,,0.025378456339240074
7502,9.0,701,0.9543662071228027,,,0.006541043519973755
7503,19.0,1329,1.7907419204711914,,,0.005991613492369652
7504,9.0,639,0.8690588474273682,,,0.0035600007977336645
7505,10.0,626,0.8481676578521729,,,0.006496249698102474
7506,16.0,753,1.0327632427215576,,,0.025208791717886925
7507,14.0,985,1.3311610221862793,,,0.013086814433336258
7508,6.0,631,0.8570523262023926,,,0.026049835607409477
7509,15.0,1231,1.6686501502990723,,,0.01496176142245531
7510,9.0,665,0.8962211608886719,,,0.004094000905752182
7511,14.0,978,1.3233139514923096,,,0.008557192049920559
7512,11.0,621,0.8406202793121338,,,0.010702108033001423
7513,10.0,719,0.9684038162231445,,,0.013257536105811596
7514,4.0,487,0.6566512584686279,,,0.01976742595434189
7515,4.0,479,0.6469376087188721,,,0.003076441353186965
7516,12.0,636,0.8611304759979248,,,0.013850750401616096
7517,6.0,529,0.7232351303100586,,,0.011725135147571564
7518,9.0,603,0.8190205097198486,,,0.003679248970001936
7519,7.0,623,0.8470399379730225,,,0.010188247077167034
7520,10.0,677,0.924252986907959,,,0.011310425586998463
7521,13.0,966,1.317732334136963,,,0.02693425677716732
7522,12.0,700,0.952521562576294,,,0.04292583093047142
7523,5.0,522,0.7095491886138916,,,0.010896768420934677
7524,16.0,886,1.2062959671020508,,,0.006994592025876045
7525,12.0,614,0.8403942584991455,,,0.0054020448587834835
7526,9.0,628,0.8619041442871094,,,0.0039049789775162935
7527,9.0,615,0.8339657783508301,,,0.010150689631700516
7528,12.0,903,1.2261638641357422,,,0.005526280030608177
7529,8.0,677,0.9175679683685303,,,0.0020478046499192715
7530,20.0,1200,1.627089023590088,,,0.015402747318148613
7531,5.0,487,0.6687281131744385,,,0.010411152616143227
7532,11.0,621,0.8499932289123535,,,0.015805082395672798
7533,12.0,629,0.8529365062713623,,,0.014872109517455101
7534,10.0,678,0.9245660305023193,,,0.01264943927526474
7535,7.0,531,0.7266614437103271,,,0.013896801508963108
7536,4.0,496,0.6739447116851807,,,0.0033547801431268454
7537,8.0,715,0.9767894744873047,,,0.011370767839252949
7538,9.0,638,0.8694956302642822,,,0.01010456494987011
7539,21.0,1127,1.5274720191955566,,,0.01464921236038208
7540,4.0,507,0.694730281829834,,,0.00526013458147645
7541,16.0,935,1.2723352909088135,,,0.010924209840595722
7542,13.0,994,1.3531568050384521,,,0.0028492738492786884
7543,13.0,850,1.1516427993774414,,,0.009382258169353008
7544,11.0,721,0.981778621673584,,,0.0107056749984622
7545,8.0,605,0.8264873027801514,,,0.006524238269776106
7546,8.0,633,0.8561019897460938,,,0.017718445509672165
7547,8.0,630,0.8619740009307861,,,0.005443161353468895
7548,7.0,637,0.8665266036987305,,,0.00408354215323925
7549,19.0,978,1.3166663646697998,,,0.0018837838433682919
7550,20.0,1149,1.5486326217651367,,,0.009404156357049942
7551,12.0,683,0.9150054454803467,,,0.008218802511692047
7552,10.0,699,0.9357430934906006,,,0.007369596976786852
7553,11.0,669,0.90289306640625,,,0.016619045287370682
7554,4.0,483,0.6513113975524902,,,0.010181061923503876
7555,15.0,906,1.217076301574707,,,0.00854549277573824
7556,10.0,731,0.9957256317138672,,,0.011642277240753174
7557,16.0,910,1.2406620979309082,,,0.014048478566110134
7558,9.0,636,0.8610434532165527,,,0.00967231672257185
7559,10.0,623,0.8500125408172607,,,0.008142668753862381
7560,10.0,675,0.9249436855316162,,,0.005157725885510445
7561,17.0,1022,1.3864223957061768,,,0.02370920032262802
7562,4.0,506,0.6862547397613525,,,0.006241602823138237
7563,16.0,1076,1.465519905090332,,,0.006041762884706259
7564,14.0,697,0.9397666454315186,,,0.014204958453774452
7565,14.0,984,1.3459084033966064,,,0.009609094820916653
7566,29.0,1403,1.8886213302612305,,,0.023670321330428123
7567,13.0,848,1.1602959632873535,,,0.005616264883428812
7568,8.0,625,0.8471274375915527,,,0.010072601959109306
7569,10.0,905,1.2190563678741455,,,0.0105925677344203
7570,19.0,1041,1.3948309421539307,,,0.002631569979712367
7571,11.0,629,0.8484339714050293,,,0.005804558750241995
7572,16.0,723,0.9783985614776611,,,0.02406313642859459
7573,10.0,655,0.8808741569519043,,,0.02148757316172123
7574,3.0,505,0.6742126941680908,,,0.006317927036434412
7575,12.0,674,0.9092123508453369,,,0.0036696563474833965
7576,7.0,499,0.6769602298736572,,,0.0046217842027544975
7577,16.0,993,1.3315038681030273,,,0.002705285092815757
7578,12.0,815,1.1110212802886963,,,0.014621677808463573
7579,18.0,1009,1.3775336742401123,,,0.015547270886600018
7580,9.0,643,0.8798127174377441,,,0.011219102889299393
7581,9.0,605,0.828864336013794,,,0.011513503268361092
7582,4.0,371,0.5080633163452148,,,0.004907077178359032
7583,19.0,1134,1.5294387340545654,,,0.017856596037745476
7584,11.0,693,0.9432113170623779,,,0.00889818836003542
7585,5.0,590,0.8059563636779785,,,0.019597219303250313
7586,9.0,728,0.9886045455932617,,,0.01948939636349678
7587,11.0,691,0.9424004554748535,,,0.0220712348818779
7588,16.0,1052,1.4251506328582764,,,0.009720824658870697
7589,15.0,720,0.9848148822784424,,,0.0066780089400708675
7590,9.0,693,0.9386818408966064,,,0.011089818552136421
7591,4.0,613,0.8349282741546631,,,0.026842502877116203
7592,12.0,692,0.9358515739440918,,,0.0106391292065382
7593,15.0,817,1.1138591766357422,,,0.016043296083807945
7594,5.0,395,0.5437045097351074,,,0.007024015765637159
7595,9.0,653,0.8905949592590332,,,0.01236904226243496
7596,17.0,1000,1.3504893779754639,,,0.011148880235850811
7597,6.0,645,0.8807709217071533,,,0.014247506856918335
7598,6.0,496,0.6833016872406006,,,0.008162615820765495
7599,9.0,661,0.8967833518981934,,,0.017260810360312462
7600,6.0,522,0.7007768154144287,,,0.00927665363997221
7601,14.0,987,1.3419334888458252,,,0.005397479981184006
7602,6.0,687,0.92472243309021,,,0.01484527625143528
7603,16.0,1135,1.5215542316436768,,,0.006136429496109486
7604,19.0,959,1.2926881313323975,,,0.015245862305164337
7605,13.0,1019,1.3687753677368164,,,0.005183055531233549
7606,13.0,1009,1.3680627346038818,,,0.016882166266441345
7607,10.0,675,0.9217605590820312,,,0.008645356632769108
7608,6.0,668,0.9117605686187744,,,0.022427642717957497
7609,8.0,565,0.7714977264404297,,,0.006032689940184355
7610,8.0,674,0.9209413528442383,,,0.006619560997933149
7611,20.0,1466,1.984875202178955,,,0.03907394781708717
7612,9.0,669,0.9122352600097656,,,0.03569266200065613
7613,22.0,1207,1.6306214332580566,,,0.010838952846825123
7614,9.0,644,0.8615906238555908,,,0.011728355661034584
7615,12.0,641,0.8671119213104248,,,0.007267956621944904
7616,10.0,661,0.8953883647918701,,,0.03279813751578331
7617,21.0,1139,1.5444331169128418,,,0.002848612144589424
7618,26.0,2171,2.9190847873687744,,,0.00654928432777524
7619,4.0,580,0.7942073345184326,,,0.007664930075407028
7620,21.0,1155,1.5709154605865479,,,0.008503195829689503
7621,18.0,1004,1.3715384006500244,,,0.009568349458277225
7622,13.0,996,1.3567159175872803,,,0.012276003137230873
7623,13.0,985,1.3353898525238037,,,0.01701737754046917
7624,21.0,1293,1.7601239681243896,,,0.004939248785376549
7625,9.0,700,0.9519128799438477,,,0.011011062189936638
7626,13.0,840,1.1479032039642334,,,0.00446833111345768
7627,22.0,1342,1.8167576789855957,,,0.018833398818969727
7628,17.0,1154,1.565199375152588,,,0.009376537054777145
7629,14.0,862,1.176757574081421,,,0.030047794803977013
7630,31.0,1680,2.252098798751831,,,0.010941663756966591
7631,9.0,647,0.8675196170806885,,,0.00893932394683361
7632,20.0,1266,1.7003865242004395,,,0.009374015964567661
7633,13.0,1028,1.380826711654663,,,0.038942646235227585
7634,14.0,1061,1.4265010356903076,,,0.01073124073445797
7635,13.0,827,1.1244258880615234,,,0.02086203172802925
7636,12.0,777,1.0516633987426758,,,0.015968037769198418
7637,16.0,1118,1.5332858562469482,,,0.006880521308630705
7638,6.0,481,0.65317702293396,,,0.009330105036497116
7639,9.0,665,0.8999543190002441,,,0.012810253538191319
7640,15.0,869,1.185692310333252,,,0.004387449938803911
7641,17.0,1043,1.4123358726501465,,,0.005050054285675287
7642,12.0,837,1.1433825492858887,,,0.005454367958009243
7643,18.0,1082,1.4679086208343506,,,0.004097163211554289
7644,15.0,778,1.058915376663208,,,0.0060998559929430485
7645,12.0,682,0.9272468090057373,,,0.03433270379900932
7646,7.0,647,0.8855421543121338,,,0.009977058507502079
7647,17.0,1030,1.3938863277435303,,,0.006092607043683529
7648,12.0,682,0.9229159355163574,,,0.01712607592344284
7649,5.0,641,0.880845308303833,,,0.02328544482588768
7650,9.0,617,0.8433711528778076,,,0.007497643120586872
7651,10.0,815,1.1128365993499756,,,0.015292113646864891
7652,15.0,723,0.9777047634124756,,,0.00892425887286663
7653,21.0,917,1.232729196548462,,,0.01987321488559246
7654,40.0,1967,2.6256470680236816,,,0.010353314690291882
7655,15.0,942,1.2688806056976318,,,0.004856053274124861
7656,20.0,991,1.3307502269744873,,,0.01286226324737072
7657,14.0,813,1.0933706760406494,,,0.00964105874300003
7658,30.0,1385,1.8424139022827148,,,0.015225321054458618
7659,18.0,1078,1.4510245323181152,,,0.009672461077570915
7660,18.0,1148,1.54831862449646,,,0.015767931938171387
7661,9.0,625,0.8522219657897949,,,0.012971467338502407
7662,10.0,705,0.9592688083648682,,,0.013378973118960857
7663,13.0,851,1.153977870941162,,,0.004314829129725695
7664,13.0,706,0.9610593318939209,,,0.005224417429417372
7665,9.0,832,1.1540982723236084,,,0.006140602752566338
7666,8.0,697,0.9538004398345947,,,0.0057936497032642365
7667,6.0,550,0.750436544418335,,,0.0039733522571623325
7668,2.0,387,0.5295991897583008,,,0.010361799970269203
7669,9.0,694,0.9460458755493164,,,0.021259307861328125
7670,5.0,536,0.7290880680084229,,,0.005525799468159676
7671,11.0,674,0.918853759765625,,,0.01785583607852459
7672,13.0,695,0.9527492523193359,,,0.009926386177539825
7673,8.0,585,0.8000593185424805,,,0.014690417796373367
7674,18.0,1089,1.4809138774871826,,,0.008039130829274654
7675,4.0,510,0.6960453987121582,,,0.008663651533424854
7676,4.0,357,0.48444414138793945,,,0.005456006620079279
7677,4.0,573,0.7727868556976318,,,0.016330255195498466
7678,16.0,823,1.1082432270050049,,,0.010650054551661015
7679,14.0,886,1.1954803466796875,,,0.03282425180077553
7680,3.0,503,0.6729743480682373,,,0.026677081361413002
7681,9.0,691,0.9318971633911133,,,0.019156569615006447
7682,14.0,971,1.3081791400909424,,,0.007712208200246096
7683,11.0,717,0.9718790054321289,,,0.007202776148915291
7684,25.0,1293,1.7526843547821045,,,0.010326293297111988
7685,8.0,689,0.929271936416626,,,0.002617544261738658
7686,16.0,1014,1.3681950569152832,,,0.012496707029640675
7687,17.0,995,1.3326170444488525,,,0.01568649709224701
7688,3.0,394,0.5262558460235596,,,0.017216132953763008
7689,9.0,853,1.1529388427734375,,,0.012053300626575947
7690,11.0,679,0.913114070892334,,,0.012523986399173737
7691,16.0,963,1.2973523139953613,,,0.013377699069678783
7692,9.0,707,0.9472787380218506,,,0.016124309971928596
7693,16.0,1077,1.4484071731567383,,,0.010930381715297699
7694,8.0,656,0.8783721923828125,,,0.0024421128910034895
7695,5.0,519,0.6986396312713623,,,0.02024748921394348
7696,9.0,673,0.909919261932373,,,0.019646430388092995
7697,20.0,1141,1.522059679031372,,,0.0028595393523573875
7698,17.0,1083,1.456754446029663,,,0.011748031713068485
7699,15.0,737,0.9925491809844971,,,0.028941499069333076
7700,13.0,737,0.9912886619567871,,,0.013067769818007946
7701,15.0,867,1.1711978912353516,,,0.006402665749192238
7702,9.0,645,0.8767974376678467,,,0.007682498078793287
7703,11.0,641,0.8641996383666992,,,0.011173362843692303
7704,7.0,514,0.6909162998199463,,,0.009604386985301971
7705,17.0,1173,1.5682122707366943,,,0.010022801347076893
7706,27.0,1232,1.6436150074005127,,,0.00694679981097579
7707,8.0,647,0.8661372661590576,,,0.007621795870363712
7708,12.0,663,0.8883750438690186,,,0.009462798945605755
7709,12.0,667,0.8949813842773438,,,0.014648081734776497
7710,11.0,800,1.081566572189331,,,0.032962922006845474
7711,16.0,1059,1.407606601715088,,,0.008749275468289852
7712,12.0,655,0.8770096302032471,,,0.021495230495929718
7713,15.0,774,1.0395948886871338,,,0.01306519377976656
7714,9.0,705,0.9478359222412109,,,0.015067484229803085
7715,11.0,667,0.8973345756530762,,,0.0075494940392673016
7716,22.0,1131,1.5121126174926758,,,0.007230485323816538
7717,9.0,688,0.9295177459716797,,,0.021496159955859184
7718,9.0,684,0.9233260154724121,,,0.013540186919271946
7719,10.0,693,0.9319519996643066,,,0.027442632243037224
7720,13.0,879,1.1802678108215332,,,0.026599261909723282
7721,17.0,800,1.0785198211669922,,,0.008312085643410683
7722,14.0,829,1.112863302230835,,,0.007671120576560497
7723,11.0,684,0.9188520908355713,,,0.008599217981100082
7724,13.0,922,1.240466833114624,,,0.00930696353316307
7725,10.0,647,0.8695633411407471,,,0.0068852901458740234
7726,4.0,581,0.7811169624328613,,,0.022642895579338074
7727,14.0,879,1.1795392036437988,,,0.00933590717613697
7728,9.0,807,1.0881636142730713,,,0.011766166426241398
7729,4.0,532,0.7178304195404053,,,0.005483867600560188
7730,6.0,655,0.8823909759521484,,,0.00964710395783186
7731,8.0,643,0.8695368766784668,,,0.010809426195919514
7732,9.0,845,1.1600637435913086,,,0.007636839058250189
7733,4.0,568,0.7842142581939697,,,0.009359939955174923
7734,10.0,661,0.9013338088989258,,,0.005486577749252319
7735,8.0,566,0.7669601440429688,,,0.010520758107304573
7736,13.0,1070,1.4622869491577148,,,0.005935680121183395
7737,13.0,897,1.221473217010498,,,0.02525709941983223
7738,9.0,610,0.8340945243835449,,,0.019943609833717346
7739,25.0,1465,1.976060152053833,,,0.02954781800508499
7740,10.0,694,0.9469099044799805,,,0.009699203073978424
7741,28.0,1191,1.6143944263458252,,,0.0061956048011779785
7742,8.0,645,0.8760371208190918,,,0.011850975453853607
7743,9.0,809,1.1052136421203613,,,0.01577231101691723
7744,9.0,830,1.1250889301300049,,,0.011857116594910622
7745,11.0,620,0.8386595249176025,,,0.007360778283327818
7746,19.0,960,1.3063490390777588,,,0.0048060729168355465
7747,3.0,655,0.8997254371643066,,,0.006079192738980055
7748,8.0,815,1.1041674613952637,,,0.007736667059361935
7749,8.0,815,1.1012558937072754,,,0.0024840242695063353
7750,10.0,618,0.8325371742248535,,,0.007873119786381721
7751,8.0,661,0.8905785083770752,,,0.005702347494661808
7752,8.0,674,0.9145569801330566,,,0.01887708716094494
7753,11.0,632,0.8676750659942627,,,0.006808084901422262
7754,10.0,687,0.9341754913330078,,,0.013976623304188251
7755,9.0,824,1.109543800354004,,,0.013606836088001728
7756,8.0,654,0.8963034152984619,,,0.02315101958811283
7757,4.0,573,0.7797341346740723,,,0.0024472051300108433
7758,9.0,617,0.8406028747558594,,,0.01984931156039238
7759,11.0,697,0.9471068382263184,,,0.014282306656241417
7760,16.0,1079,1.456334114074707,,,0.028051894158124924
7761,22.0,1162,1.5784921646118164,,,0.02110123448073864
7762,9.0,818,1.1151504516601562,,,0.00703010568395257
7763,9.0,627,0.8592073917388916,,,0.00654558977112174
7764,9.0,620,0.8421647548675537,,,0.0060629756189882755
7765,6.0,657,0.8929522037506104,,,0.02395663969218731
7766,3.0,508,0.6874663829803467,,,0.010975596494972706
7767,8.0,691,0.9487884044647217,,,0.0057279448956251144
7768,9.0,710,0.9657719135284424,,,0.021717282012104988
7769,9.0,709,0.9677186012268066,,,0.010926788672804832
7770,11.0,619,0.8428728580474854,,,0.009297948330640793
7771,12.0,635,0.863286018371582,,,0.015268373303115368
7772,6.0,555,0.7576310634613037,,,0.027902105823159218
7773,8.0,563,0.7629373073577881,,,0.029248381033539772
7774,8.0,806,1.0763144493103027,,,0.00752347381785512
7775,16.0,994,1.3311522006988525,,,0.003200515639036894
7776,6.0,643,0.8662192821502686,,,0.009052787907421589
7777,10.0,1115,1.4996120929718018,,,0.009894276037812233
7778,12.0,668,0.9006345272064209,,,0.0037206828128546476
7779,9.0,715,0.9676485061645508,,,0.010578378103673458
7780,8.0,613,0.8278098106384277,,,0.012492135167121887
7781,19.0,1360,1.8280563354492188,,,0.007424330338835716
7782,13.0,869,1.1689081192016602,,,0.016235319897532463
7783,4.0,511,0.6867938041687012,,,0.01009198185056448
7784,8.0,605,0.8132448196411133,,,0.008685876615345478
7785,6.0,563,0.7572042942047119,,,0.008700544014573097
7786,9.0,663,0.8969674110412598,,,0.013604648411273956
7787,3.0,517,0.6976923942565918,,,0.007413673680275679
7788,6.0,555,0.7480185031890869,,,0.003340428927913308
7789,9.0,829,1.1135492324829102,,,0.012964894063770771
7790,10.0,835,1.122408390045166,,,0.011235817335546017
7791,12.0,685,0.9186782836914062,,,0.03312365710735321
7792,13.0,992,1.333784818649292,,,0.008270828053355217
7793,15.0,748,1.0050814151763916,,,0.009940402582287788
7794,13.0,869,1.1803648471832275,,,0.0036725704558193684
7795,17.0,1117,1.5046379566192627,,,0.004989534616470337
7796,9.0,633,0.8499360084533691,,,0.0055732037872076035
7797,9.0,827,1.1120576858520508,,,0.01103975996375084
7798,9.0,709,0.958885908126831,,,0.00979803316295147
7799,9.0,673,0.912111759185791,,,0.005259734112769365
7800,13.0,958,1.3094658851623535,,,0.01039483118802309
7801,3.0,497,0.6806674003601074,,,0.010126982815563679
7802,9.0,649,0.8789718151092529,,,0.011223952285945415
7803,8.0,703,0.9491980075836182,,,0.0060405307449400425
7804,11.0,702,0.9493255615234375,,,0.005924163851886988
7805,7.0,555,0.7554857730865479,,,0.02004394493997097
7806,9.0,823,1.1214592456817627,,,0.006838482804596424
7807,13.0,958,1.301640510559082,,,0.0030511911027133465
7808,18.0,1155,1.5744280815124512,,,0.011870581656694412
7809,9.0,839,1.147057294845581,,,0.01687104068696499
7810,10.0,625,0.8562090396881104,,,0.01248227059841156
7811,11.0,661,0.8969628810882568,,,0.007039596326649189
7812,9.0,815,1.1059696674346924,,,0.011229030787944794
7813,12.0,703,0.9601123332977295,,,0.012774898670613766
7814,14.0,891,1.2117860317230225,,,0.02492372877895832
7815,18.0,798,1.0854580402374268,,,0.010033898986876011
7816,2.0,455,0.6208393573760986,,,0.00289822556078434
7817,11.0,637,0.864539384841919,,,0.0029891522135585546
7818,4.0,500,0.6860487461090088,,,0.0036074963863939047
7819,10.0,647,0.8936617374420166,,,0.010289246216416359
7820,12.0,752,1.030937910079956,,,0.0030183030758053064
7821,11.0,678,0.9233222007751465,,,0.011712754145264626
7822,12.0,627,0.8500680923461914,,,0.00695598591119051
7823,8.0,807,1.1001901626586914,,,0.011090336367487907
7824,23.0,1180,1.5886988639831543,,,0.004254777450114489
7825,11.0,785,1.062868595123291,,,0.032862380146980286
7826,14.0,802,1.0772120952606201,,,0.04732167348265648
7827,10.0,623,0.8452486991882324,,,0.008816840127110481
7828,9.0,833,1.1263391971588135,,,0.0180690698325634
7829,12.0,628,0.8511953353881836,,,0.007434193976223469
7830,7.0,671,0.9156925678253174,,,0.010498777031898499
7831,16.0,751,1.0234334468841553,,,0.007315697614103556
7832,13.0,1000,1.3645899295806885,,,0.013024815358221531
7833,29.0,1817,2.4491708278656006,,,0.011060590855777264
7834,9.0,855,1.152071475982666,,,0.012207134626805782
7835,8.0,645,0.8681483268737793,,,0.007551079150289297
7836,6.0,571,0.7745811939239502,,,0.014599797315895557
7837,13.0,999,1.3492159843444824,,,0.010828341357409954
7838,15.0,843,1.151212453842163,,,0.010882901959121227
7839,11.0,659,0.9046111106872559,,,0.0077406177297234535
7840,4.0,573,0.7807362079620361,,,0.012440546415746212
7841,11.0,634,0.8660938739776611,,,0.014384619891643524
7842,13.0,877,1.1934349536895752,,,0.04294656962156296
7843,9.0,667,0.9065647125244141,,,0.005940117407590151
7844,12.0,676,0.9191458225250244,,,0.0029941173270344734
7845,6.0,491,0.677825927734375,,,0.008394503965973854
7846,24.0,1052,1.4139444828033447,,,0.01148186530917883
7847,4.0,508,0.6988506317138672,,,0.006284403149038553
7848,8.0,817,1.1086859703063965,,,0.005134298000484705
7849,9.0,691,0.939551591873169,,,0.01363657508045435
7850,12.0,979,1.3335175514221191,,,0.005004705861210823
7851,11.0,620,0.8450376987457275,,,0.006908878218382597
7852,4.0,489,0.6725964546203613,,,0.010691727511584759
7853,4.0,498,0.6825144290924072,,,0.0069711958058178425
7854,18.0,1018,1.385289192199707,,,0.013184899464249611
7855,8.0,610,0.8338785171508789,,,0.02262924611568451
7856,4.0,498,0.6820085048675537,,,0.00973991397768259
7857,9.0,693,0.9453043937683105,,,0.006930946372449398
7858,9.0,709,0.9625096321105957,,,0.0025757597759366035
7859,5.0,479,0.6437370777130127,,,0.006928315386176109
7860,13.0,1002,1.3386974334716797,,,0.01860927976667881
7861,18.0,922,1.2361884117126465,,,0.010478463023900986
7862,11.0,639,0.8711271286010742,,,0.012792899273335934
7863,19.0,1037,1.3847429752349854,,,0.00770074687898159
7864,4.0,586,0.7913105487823486,,,0.008785194717347622
7865,8.0,807,1.084632158279419,,,0.006749005522578955
7866,12.0,645,0.8671715259552002,,,0.019959229975938797
7867,11.0,621,0.8320324420928955,,,0.008562260307371616
7868,12.0,663,0.8903801441192627,,,0.005984277930110693
7869,6.0,492,0.6658434867858887,,,0.00578650739043951
7870,4.0,507,0.6830885410308838,,,0.00913998018950224
7871,7.0,685,0.9189772605895996,,,0.0043060192838311195
7872,5.0,586,0.7911732196807861,,,0.005650837440043688
7873,8.0,645,0.8739523887634277,,,0.008122140541672707
7874,4.0,589,0.7965130805969238,,,0.007227480411529541
7875,8.0,635,0.8496277332305908,,,0.030074596405029297
7876,12.0,647,0.8678863048553467,,,0.012931815348565578
7877,10.0,623,0.8336012363433838,,,0.008789408020675182
7878,19.0,1010,1.352311372756958,,,0.011039694771170616
7879,8.0,618,0.8316051959991455,,,0.015644287690520287
7880,1.0,407,0.5541481971740723,,,0.02234862744808197
7881,16.0,1096,1.4881393909454346,,,0.010485882870852947
7882,11.0,634,0.8659439086914062,,,0.01055071409791708
7883,14.0,991,1.3467028141021729,,,0.00906488299369812
7884,15.0,977,1.3323965072631836,,,0.0016451020492240787
7885,16.0,770,1.049917221069336,,,0.01264991145581007
7886,14.0,838,1.1496667861938477,,,0.011963716708123684
7887,6.0,532,0.7259848117828369,,,0.012982562184333801
7888,9.0,716,0.9774062633514404,,,0.01116743590682745
7889,12.0,903,1.2379064559936523,,,0.010298055596649647
7890,5.0,477,0.6465089321136475,,,0.008905230090022087
7891,8.0,650,0.8763728141784668,,,0.017706729471683502
7892,7.0,650,0.8662929534912109,,,0.005504215136170387
7893,4.0,573,0.7753136157989502,,,0.0030507214833050966
7894,24.0,1313,1.766432523727417,,,0.03011004999279976
7895,22.0,1220,1.6405351161956787,,,0.008363960310816765
7896,9.0,610,0.8251066207885742,,,0.007401418872177601
7897,29.0,1121,1.5180537700653076,,,0.009490101598203182
7898,9.0,631,0.862499475479126,,,0.008839819580316544
7899,9.0,675,0.9236083030700684,,,0.008516496047377586
7900,9.0,663,0.9010474681854248,,,0.008036203682422638
7901,11.0,835,1.1393535137176514,,,0.03806425258517265
7902,13.0,974,1.3267474174499512,,,0.004516362678259611
7903,11.0,629,0.8586876392364502,,,0.015498743392527103
7904,10.0,615,0.8346915245056152,,,0.01254939753562212
7905,6.0,481,0.6571769714355469,,,0.009556518867611885
7906,4.0,414,0.5622053146362305,,,0.019024699926376343
7907,9.0,663,0.90157151222229,,,0.006167967803776264
7908,6.0,507,0.689363956451416,,,0.020778389647603035
7909,10.0,758,1.0328223705291748,,,0.010180460289120674
7910,10.0,624,0.8491899967193604,,,0.006697769742459059
7911,8.0,623,0.8543729782104492,,,0.007879122160375118
7912,11.0,871,1.1831738948822021,,,0.008493801578879356
7913,14.0,1095,1.4946722984313965,,,0.012212379835546017
7914,4.0,405,0.5516598224639893,,,0.017713990062475204
7915,12.0,864,1.1793618202209473,,,0.01070813275873661
7916,11.0,671,0.916560173034668,,,0.012695464305579662
7917,28.0,1371,1.862715721130371,,,0.019627274945378304
7918,14.0,1081,1.4710614681243896,,,0.010687681846320629
7919,9.0,676,0.9175512790679932,,,0.011752638034522533
7920,20.0,1069,1.4415044784545898,,,0.006517419125884771
7921,17.0,1049,1.4238090515136719,,,0.02104502171278
7922,26.0,1403,1.8934762477874756,,,0.006888349074870348
7923,10.0,643,0.8834731578826904,,,0.010801047086715698
7924,5.0,397,0.5406787395477295,,,0.02018224261701107
7925,13.0,989,1.3495514392852783,,,0.012467779219150543
7926,9.0,691,0.9401991367340088,,,0.01324205007404089
7927,12.0,686,0.9430153369903564,,,0.007703122217208147
7928,19.0,938,1.2688868045806885,,,0.008821258321404457
7929,19.0,1007,1.3527159690856934,,,0.015107627958059311
7930,6.0,536,0.7299096584320068,,,0.008995205163955688
7931,22.0,1339,1.7981691360473633,,,0.007690159138292074
7932,10.0,720,0.9720406532287598,,,0.016377808526158333
7933,15.0,1013,1.3676893711090088,,,0.01207392942160368
7934,7.0,635,0.8590908050537109,,,0.0037395060062408447
7935,18.0,811,1.094066858291626,,,0.012100809253752232
7936,6.0,593,0.7957611083984375,,,0.021316658705472946
7937,9.0,846,1.1403207778930664,,,0.023784561082720757
7938,9.0,697,0.947746753692627,,,0.026600755751132965
7939,9.0,667,0.9012341499328613,,,0.01303938589990139
7940,5.0,394,0.5364983081817627,,,0.009928983636200428
7941,15.0,835,1.1406943798065186,,,0.010827090591192245
7942,14.0,680,0.9321026802062988,,,0.02349015511572361
7943,12.0,696,0.9470546245574951,,,0.008954362012445927
7944,13.0,837,1.1381072998046875,,,0.010251588188111782
7945,21.0,1397,1.8951752185821533,,,0.005960696842521429
7946,4.0,537,0.7316148281097412,,,0.02191864512860775
7947,9.0,749,1.0174553394317627,,,0.009951607324182987
7948,12.0,695,0.9504363536834717,,,0.007908672094345093
7949,12.0,661,0.9032986164093018,,,0.006976956967264414
7950,14.0,935,1.2689313888549805,,,0.013784854672849178
7951,3.0,464,0.629981279373169,,,0.01418850477784872
7952,6.0,405,0.5623898506164551,,,0.030336378142237663
7953,10.0,627,0.8522148132324219,,,0.005813629366457462
7954,11.0,713,0.9736323356628418,,,0.0046135070733726025
7955,16.0,865,1.1840286254882812,,,0.01715763285756111
7956,19.0,814,1.1085810661315918,,,0.0060155270621180534
7957,11.0,667,0.9136195182800293,,,0.011224956251680851
7958,4.0,489,0.6692559719085693,,,0.0076463487930595875
7959,10.0,617,0.8438985347747803,,,0.011103600263595581
7960,13.0,969,1.3200640678405762,,,0.003732750192284584
7961,10.0,689,0.9451248645782471,,,0.011278273537755013
7962,4.0,465,0.6253359317779541,,,0.02831810526549816
7963,10.0,699,0.945673942565918,,,0.004678708966821432
7964,10.0,641,0.863706111907959,,,0.018522581085562706
7965,13.0,633,0.8571667671203613,,,0.01449164841324091
7966,7.0,636,0.8643996715545654,,,0.014608385041356087
7967,19.0,849,1.1388916969299316,,,0.005342726595699787
7968,7.0,738,0.9928998947143555,,,0.006303568370640278
7969,13.0,827,1.1161150932312012,,,0.010079112835228443
7970,12.0,835,1.1287293434143066,,,0.006448215804994106
7971,14.0,861,1.1662030220031738,,,0.011984474956989288
7972,16.0,955,1.2867748737335205,,,0.00368249649181962
7973,11.0,631,0.8554773330688477,,,0.015730157494544983
7974,6.0,537,0.7199721336364746,,,0.004564282484352589
7975,15.0,842,1.1334466934204102,,,0.02147931233048439
7976,10.0,627,0.8505144119262695,,,0.007865221239626408
7977,18.0,866,1.1701388359069824,,,0.02862623706459999
7978,14.0,947,1.2751586437225342,,,0.030652549117803574
7979,12.0,655,0.880535364151001,,,0.0024787599686533213
7980,21.0,1416,1.9018657207489014,,,0.012950820848345757
7981,18.0,834,1.1355550289154053,,,0.014325953088700771
7982,15.0,819,1.1120407581329346,,,0.010492220520973206
7983,12.0,629,0.8663039207458496,,,0.011469349265098572
7984,9.0,845,1.1469700336456299,,,0.0112628024071455
7985,9.0,697,0.950183629989624,,,0.005615114700049162
7986,4.0,473,0.6433970928192139,,,0.027987128123641014
7987,4.0,473,0.6528785228729248,,,0.005760145373642445
7988,5.0,574,0.786715030670166,,,0.006400278769433498
7989,20.0,1581,2.134268045425415,,,0.014011988416314125
7990,8.0,608,0.8297107219696045,,,0.0058266036212444305
7991,12.0,667,0.9137723445892334,,,0.01929919421672821
7992,17.0,1179,1.6038312911987305,,,0.009957997128367424
7993,7.0,611,0.8283390998840332,,,0.019846154376864433
7994,4.0,523,0.7025861740112305,,,0.01363465003669262
7995,6.0,675,0.9091401100158691,,,0.008368234150111675
7996,12.0,615,0.8313388824462891,,,0.012049604207277298
7997,15.0,988,1.3359479904174805,,,0.010794427245855331
7998,4.0,493,0.6668169498443604,,,0.014665934257209301
7999,11.0,717,0.9668264389038086,,,0.018747055903077126
8000,10.0,645,0.8697712421417236,,,0.009074046276509762
8001,17.0,1461,1.9597291946411133,,,0.01299580093473196
8002,21.0,1195,1.6009230613708496,,,0.009996537119150162
8003,12.0,673,0.9061574935913086,,,0.015580805949866772
8004,12.0,659,0.8966665267944336,,,0.008638973347842693
8005,9.0,704,0.9499380588531494,,,0.017835738137364388
8006,12.0,706,0.9451115131378174,,,0.00969909131526947
8007,13.0,977,1.3085901737213135,,,0.007424631156027317
8008,10.0,819,1.1026182174682617,,,0.009752677753567696
8009,7.0,577,0.7732901573181152,,,0.01890227384865284
8010,14.0,972,1.3089535236358643,,,0.009259995073080063
8011,27.0,1165,1.5506887435913086,,,0.009351616725325584
8012,14.0,972,1.304440975189209,,,0.009600145742297173
8013,6.0,671,0.9005756378173828,,,0.010121043771505356
8014,10.0,830,1.127234697341919,,,0.027020270004868507
8015,13.0,979,1.327052354812622,,,0.01616627350449562
8016,8.0,618,0.8391611576080322,,,0.011374278925359249
8017,9.0,822,1.1209757328033447,,,0.015733234584331512
8018,12.0,693,0.9436841011047363,,,0.010925481095910072
8019,4.0,533,0.7252910137176514,,,0.011053064838051796
8020,13.0,977,1.3267221450805664,,,0.01195273082703352
8021,5.0,694,0.9450807571411133,,,0.01639070361852646
8022,9.0,824,1.1264264583587646,,,0.010613571852445602
8023,12.0,677,0.9269745349884033,,,0.00444430485367775
8024,8.0,607,0.8248794078826904,,,0.0067628477700054646
8025,10.0,608,0.8327643871307373,,,0.013326367363333702
8026,8.0,613,0.8409349918365479,,,0.009113447740674019
8027,12.0,777,1.054067850112915,,,0.010192176327109337
8028,6.0,531,0.7259626388549805,,,0.011176315136253834
8029,20.0,1065,1.446300745010376,,,0.006655489560216665
8030,13.0,623,0.8429954051971436,,,0.013333387672901154
8031,4.0,480,0.6509153842926025,,,0.009202802553772926
8032,11.0,633,0.8560209274291992,,,0.011842247098684311
8033,9.0,679,0.9313468933105469,,,0.01311451755464077
8034,9.0,629,0.8559350967407227,,,0.007530268747359514
8035,16.0,1148,1.5656919479370117,,,0.033212676644325256
8036,12.0,628,0.8608808517456055,,,0.018460053950548172
8037,16.0,1145,1.5606515407562256,,,0.0066064996644854546
8038,23.0,1518,2.0677480697631836,,,0.0080484664067626
8039,15.0,1061,1.4454052448272705,,,0.018498819321393967
8040,2.0,469,0.6415057182312012,,,0.017343688756227493
8041,17.0,1053,1.4259402751922607,,,0.011910611763596535
8042,8.0,722,0.9805002212524414,,,0.004936185199767351
8043,11.0,667,0.9099748134613037,,,0.00734584080055356
8044,9.0,671,0.9138271808624268,,,0.005601044278591871
8045,8.0,644,0.8822331428527832,,,0.00612120795994997
8046,7.0,629,0.8617498874664307,,,0.004002493340522051
8047,6.0,697,0.9462583065032959,,,0.0067205303348600864
8048,25.0,1073,1.4534902572631836,,,0.0033904060255736113
8049,10.0,678,0.9278967380523682,,,0.01991342194378376
8050,9.0,674,0.9155788421630859,,,0.011743823997676373
8051,2.0,467,0.6400766372680664,,,0.0056809475645422935
8052,16.0,737,1.0070774555206299,,,0.008472568355500698
8053,13.0,1006,1.3715245723724365,,,0.005884918849915266
8054,9.0,627,0.8536784648895264,,,0.018463725224137306
8055,2.0,468,0.6415262222290039,,,0.01019559521228075
8056,18.0,1166,1.5792019367218018,,,0.013054114766418934
8057,11.0,636,0.8686332702636719,,,0.019994715228676796
8058,21.0,1015,1.360675573348999,,,0.027506958693265915
8059,4.0,407,0.5545434951782227,,,0.008488797582685947
8060,13.0,883,1.201967716217041,,,0.0033352181781083345
8061,6.0,584,0.7974145412445068,,,0.01923886314034462
8062,4.0,371,0.5000123977661133,,,0.006795254535973072
8063,6.0,631,0.8571200370788574,,,0.009832956828176975
8064,6.0,539,0.7309143543243408,,,0.01892463117837906
8065,4.0,579,0.7845456600189209,,,0.010566170327365398
8066,4.0,580,0.788830041885376,,,0.009166041389107704
8067,9.0,659,0.9020607471466064,,,0.022805312648415565
8068,13.0,869,1.188784122467041,,,0.009477594867348671
8069,14.0,778,1.0520989894866943,,,0.0024144977796822786
8070,7.0,593,0.8110806941986084,,,0.03583250567317009
8071,4.0,583,0.7976527214050293,,,0.014392993412911892
8072,12.0,674,0.9149107933044434,,,0.003967719618231058
8073,5.0,478,0.6511621475219727,,,0.011708813719451427
8074,8.0,714,0.977593183517456,,,0.009727912954986095
8075,21.0,1115,1.5231132507324219,,,0.0036190981045365334
8076,28.0,1161,1.5788755416870117,,,0.025979764759540558
8077,28.0,1320,1.783801555633545,,,0.02199249155819416
8078,15.0,935,1.2674636840820312,,,0.020971771329641342
8079,24.0,1345,1.8210079669952393,,,0.004458772949874401
8080,17.0,1077,1.4599871635437012,,,0.008892296813428402
8081,5.0,355,0.48616576194763184,,,0.010297335684299469
8082,27.0,1471,1.9954955577850342,,,0.009363124147057533
8083,9.0,675,0.9148011207580566,,,0.013709005899727345
8084,17.0,1237,1.6840746402740479,,,0.00937643926590681
8085,12.0,662,0.9018566608428955,,,0.02237480692565441
8086,11.0,622,0.8445699214935303,,,0.01157979667186737
8087,14.0,966,1.3246362209320068,,,0.011180790141224861
8088,16.0,924,1.2532000541687012,,,0.025305384770035744
8089,11.0,683,0.9369080066680908,,,0.027658112347126007
8090,25.0,1781,2.393749713897705,,,0.014811443164944649
8091,13.0,646,0.8803918361663818,,,0.01574195921421051
8092,16.0,1151,1.5691461563110352,,,0.007036746479570866
8093,13.0,645,0.8687100410461426,,,0.014149321243166924
8094,7.0,739,0.9947173595428467,,,0.012487401254475117
8095,9.0,673,0.9073071479797363,,,0.00567195750772953
8096,6.0,499,0.6701211929321289,,,0.027599452063441277
8097,12.0,691,0.9438276290893555,,,0.00917102862149477
8098,12.0,693,0.9352951049804688,,,0.008327851071953773
8099,13.0,641,0.866645336151123,,,0.025477442890405655
8100,26.0,1464,1.9591350555419922,,,0.00772677268832922
8101,4.0,510,0.6894099712371826,,,0.004444444086402655
8102,6.0,419,0.5681450366973877,,,0.01021918561309576
8103,14.0,728,0.9772355556488037,,,0.02791946940124035
8104,10.0,739,0.9929869174957275,,,0.00337093323469162
8105,10.0,711,0.9560816287994385,,,0.002522328170016408
8106,4.0,583,0.7832307815551758,,,0.019611001014709473
8107,8.0,680,0.9146292209625244,,,0.007763880770653486
8108,11.0,634,0.8527917861938477,,,0.013944926671683788
8109,4.0,587,0.7952923774719238,,,0.023622656241059303
8110,5.0,479,0.6538496017456055,,,0.027384748682379723
8111,12.0,699,0.9566860198974609,,,0.00665499921888113
8112,16.0,1083,1.4805850982666016,,,0.010217493399977684
8113,9.0,698,0.9562153816223145,,,0.008450081571936607
8114,28.0,1298,1.7539288997650146,,,0.006289828103035688
8115,15.0,821,1.1226317882537842,,,0.0033130324445664883
8116,10.0,687,0.9334497451782227,,,0.0059469337575137615
8117,9.0,691,0.9462921619415283,,,0.0035728556104004383
8118,16.0,817,1.1010618209838867,,,0.01942089945077896
8119,13.0,787,1.0743327140808105,,,0.009807173162698746
8120,10.0,653,0.8963623046875,,,0.004106894601136446
8121,10.0,831,1.1318557262420654,,,0.009941661730408669
8122,9.0,711,0.9652295112609863,,,0.011020652018487453
8123,22.0,1017,1.3778090476989746,,,0.0068794917315244675
8124,11.0,720,0.9752223491668701,,,0.00526531832292676
8125,13.0,811,1.1060113906860352,,,0.0325726717710495
8126,11.0,685,0.9363367557525635,,,0.030207883566617966
8127,28.0,1399,1.8838403224945068,,,0.01188080757856369
8128,11.0,630,0.8535308837890625,,,0.013062491081655025
8129,13.0,823,1.1194648742675781,,,0.021640261635184288
8130,9.0,633,0.8671815395355225,,,0.015915200114250183
8131,4.0,412,0.5579183101654053,,,0.00743749737739563
8132,11.0,719,0.9790389537811279,,,0.030132003128528595
8133,25.0,1348,1.8096811771392822,,,0.013011539354920387
8134,9.0,641,0.8667647838592529,,,0.02248254045844078
8135,11.0,651,0.8795754909515381,,,0.014428097754716873
8136,10.0,725,0.9841740131378174,,,0.011702819727361202
8137,4.0,583,0.7925999164581299,,,0.01584630273282528
8138,10.0,687,0.9376571178436279,,,0.01619875617325306
8139,4.0,597,0.8130755424499512,,,0.005680663976818323
8140,7.0,616,0.8417880535125732,,,0.023428114131093025
8141,17.0,999,1.3650822639465332,,,0.006727030035108328
8142,13.0,627,0.8527228832244873,,,0.01261869352310896
8143,17.0,968,1.3241868019104004,,,0.010759137570858002
8144,9.0,703,0.9587745666503906,,,0.0068147494457662106
8145,10.0,725,0.9931511878967285,,,0.020582886412739754
8146,4.0,479,0.6568741798400879,,,0.006361419800668955
8147,4.0,579,0.7917320728302002,,,0.02086779475212097
8148,21.0,1307,1.7752063274383545,,,0.011667114682495594
8149,22.0,1200,1.6259565353393555,,,0.01638146862387657
8150,5.0,505,0.6769163608551025,,,0.008963489904999733
8151,12.0,674,0.9147560596466064,,,0.013082634657621384
8152,11.0,677,0.9191601276397705,,,0.045331921428442
8153,10.0,845,1.142301082611084,,,0.0038889937568455935
8154,11.0,694,0.9388518333435059,,,0.020590580999851227
8155,14.0,787,1.055966854095459,,,0.03316948190331459
8156,12.0,701,0.9462616443634033,,,0.008459021337330341
8157,15.0,952,1.2884910106658936,,,0.004079023376107216
8158,14.0,1105,1.4836537837982178,,,0.01230443362146616
8159,8.0,749,1.0171208381652832,,,0.011798211373388767
8160,11.0,627,0.8501462936401367,,,0.07489113509654999
8161,14.0,747,1.0231366157531738,,,0.012165403924882412
8162,4.0,481,0.6538395881652832,,,0.006965582724660635
8163,4.0,478,0.6480772495269775,,,0.02072361670434475
8164,19.0,1127,1.5349318981170654,,,0.005895128473639488
8165,12.0,679,0.9236738681793213,,,0.012919805943965912
8166,9.0,829,1.1287710666656494,,,0.010066634975373745
8167,25.0,1721,2.324652910232544,,,0.00871601514518261
8168,20.0,1598,2.165759563446045,,,0.01779957301914692
8169,7.0,723,0.9876255989074707,,,0.010299580171704292
8170,11.0,661,0.8996865749359131,,,0.0027646191883832216
8171,2.0,489,0.6668074131011963,,,0.035938140004873276
8172,8.0,715,0.971388578414917,,,0.05423390120267868
8173,9.0,606,0.8264594078063965,,,0.0064397105015814304
8174,10.0,667,0.9149739742279053,,,0.023719526827335358
8175,21.0,1245,1.689300537109375,,,0.021655403077602386
8176,4.0,509,0.6979455947875977,,,0.004138352815061808
8177,17.0,1216,1.6562206745147705,,,0.008120146580040455
8178,17.0,1366,1.8564252853393555,,,0.01714317686855793
8179,3.0,449,0.6092789173126221,,,0.014618877321481705
8180,10.0,604,0.823131799697876,,,0.005120390094816685
8181,9.0,681,0.9302055835723877,,,0.010731457732617855
8182,8.0,542,0.7284607887268066,,,0.015326476655900478
8183,9.0,748,1.0052578449249268,,,0.009138035587966442
8184,24.0,1032,1.3920903205871582,,,0.007811308838427067
8185,20.0,1134,1.531761646270752,,,0.012699049897491932
8186,3.0,470,0.6388852596282959,,,0.014789788983762264
8187,6.0,502,0.6886684894561768,,,0.013122795149683952
8188,14.0,752,1.021775245666504,,,0.012132486328482628
8189,13.0,621,0.8434479236602783,,,0.01001664437353611
8190,12.0,638,0.8673295974731445,,,0.017849676311016083
8191,7.0,624,0.8467502593994141,,,0.009714417159557343
8192,11.0,639,0.867901086807251,,,0.033435091376304626
8193,9.0,677,0.9258782863616943,,,0.008656774647533894
8194,9.0,624,0.8489246368408203,,,0.006335019133985043
8195,9.0,710,0.9733290672302246,,,0.02263318933546543
8196,9.0,735,1.0019960403442383,,,0.014641811139881611
8197,9.0,719,0.9763431549072266,,,0.006492919754236937
8198,6.0,497,0.6834254264831543,,,0.009667390957474709
8199,12.0,942,1.276165246963501,,,0.009764015674591064
8200,8.0,818,1.1167762279510498,,,0.014064821414649487
8201,9.0,715,0.9667415618896484,,,0.022848036140203476
8202,5.0,587,0.8009605407714844,,,0.006899497006088495
8203,4.0,509,0.6942036151885986,,,0.006100049242377281
8204,9.0,824,1.123915195465088,,,0.011500389315187931
8205,10.0,721,0.9858672618865967,,,0.009907612577080727
8206,8.0,695,0.9467329978942871,,,0.03421400487422943
8207,7.0,673,0.9176313877105713,,,0.0069172861985862255
8208,9.0,715,0.9710915088653564,,,0.00572328083217144
8209,21.0,1253,1.707721471786499,,,0.009468373842537403
8210,9.0,655,0.8947629928588867,,,0.02841465175151825
8211,9.0,743,1.0161585807800293,,,0.00957393553107977
8212,9.0,840,1.141526699066162,,,0.006651004310697317
8213,14.0,901,1.2262375354766846,,,0.010812393389642239
8214,9.0,631,0.8589560985565186,,,0.01015450432896614
8215,8.0,739,1.0107944011688232,,,0.010470607317984104
8216,8.0,806,1.0985641479492188,,,0.01153415534645319
8217,9.0,655,0.8887312412261963,,,0.009503566659986973
8218,5.0,685,0.9303503036499023,,,0.009787539020180702
8219,14.0,861,1.1696982383728027,,,0.006010325625538826
8220,8.0,712,0.967047929763794,,,0.02109193243086338
8221,9.0,833,1.1373307704925537,,,0.010397050529718399
8222,18.0,1197,1.6227138042449951,,,0.010547841899096966
8223,7.0,685,0.9368185997009277,,,0.012337885797023773
8224,13.0,975,1.329604148864746,,,0.0035222747828811407
8225,5.0,697,0.9488463401794434,,,0.014498520642518997
8226,14.0,931,1.2629337310791016,,,0.009258068166673183
8227,14.0,971,1.3143813610076904,,,0.01092443335801363
8228,7.0,629,0.8467600345611572,,,0.020614277571439743
8229,8.0,710,0.9567141532897949,,,0.012064757756888866
8230,10.0,688,0.924938440322876,,,0.019973816350102425
8231,14.0,861,1.1635520458221436,,,0.01891287975013256
8232,9.0,823,1.1250269412994385,,,0.012885973788797855
8233,10.0,703,0.955150842666626,,,0.02197849750518799
8234,6.0,621,0.8377134799957275,,,0.008439850993454456
8235,5.0,679,0.9216914176940918,,,0.019263846799731255
8236,7.0,753,1.0252585411071777,,,0.02560366690158844
8237,13.0,852,1.1623132228851318,,,0.014879399910569191
8238,10.0,633,0.8601312637329102,,,0.016086488962173462
8239,21.0,997,1.341186285018921,,,0.009790471754968166
8240,9.0,653,0.8834269046783447,,,0.037779901176691055
8241,7.0,817,1.1051981449127197,,,0.0053564817644655704
8242,13.0,814,1.1053698062896729,,,0.019111543893814087
8243,8.0,706,0.9556057453155518,,,0.011647476814687252
8244,15.0,791,1.0675396919250488,,,0.011958389542996883
8245,13.0,714,0.9761581420898438,,,0.015558131039142609
8246,6.0,491,0.6790013313293457,,,0.010336213745176792
8247,22.0,1641,2.1981780529022217,,,0.012480073608458042
8248,8.0,743,1.009509801864624,,,0.011819107457995415
8249,6.0,816,1.1108624935150146,,,0.02893754281103611
8250,10.0,667,0.9044618606567383,,,0.02405617944896221
8251,4.0,497,0.6759085655212402,,,0.02750287763774395
8252,4.0,490,0.6590335369110107,,,0.004781804047524929
8253,12.0,953,1.2915518283843994,,,0.003609976265579462
8254,9.0,760,1.0297787189483643,,,0.033290792256593704
8255,16.0,1047,1.4143669605255127,,,0.013113807886838913
8256,6.0,505,0.6750955581665039,,,0.02776571922004223
8257,26.0,1773,2.371648073196411,,,0.010026778094470501
8258,8.0,650,0.8765113353729248,,,0.01769569143652916
8259,8.0,707,0.9583034515380859,,,0.010439510457217693
8260,7.0,709,0.9581179618835449,,,0.02006376162171364
8261,7.0,603,0.8162384033203125,,,0.026628652587532997
8262,10.0,690,0.9292194843292236,,,0.006008056458085775
8263,7.0,523,0.705834150314331,,,0.010913939215242863
8264,12.0,638,0.8608379364013672,,,0.009693077765405178
8265,11.0,651,0.872368574142456,,,0.004313775338232517
8266,19.0,973,1.3147470951080322,,,0.026399608701467514
8267,9.0,679,0.9120490550994873,,,0.007972383871674538
8268,9.0,695,0.939002513885498,,,0.01337289810180664
8269,12.0,673,0.9146847724914551,,,0.00958582479506731
8270,12.0,675,0.9087865352630615,,,0.012406333349645138
8271,13.0,840,1.128352165222168,,,0.011942461133003235
8272,20.0,1417,1.904435396194458,,,0.004545056261122227
8273,9.0,657,0.89935302734375,,,0.007287041749805212
8274,11.0,666,0.9089832305908203,,,0.014156250283122063
8275,4.0,497,0.6688673496246338,,,0.012865900062024593
8276,10.0,627,0.8501691818237305,,,0.00914360024034977
8277,4.0,487,0.6620039939880371,,,0.020343923941254616
8278,4.0,751,1.0155904293060303,,,0.010909346863627434
8279,16.0,1285,1.7353456020355225,,,0.011088593862950802
8280,11.0,695,0.9419217109680176,,,0.018366441130638123
8281,4.0,574,0.7770838737487793,,,0.025790518149733543
8282,9.0,769,1.0367326736450195,,,0.016542091965675354
8283,5.0,479,0.6533701419830322,,,0.008926214650273323
8284,8.0,807,1.0944983959197998,,,0.003373843850567937
8285,8.0,807,1.098757028579712,,,0.016315259039402008
8286,3.0,497,0.6724371910095215,,,0.004679400008171797
8287,8.0,811,1.1023287773132324,,,0.003853508969768882
8288,13.0,1003,1.3638575077056885,,,0.004598576109856367
8289,8.0,687,0.9441728591918945,,,0.007079999428242445
8290,12.0,614,0.839684247970581,,,0.00990862026810646
8291,9.0,822,1.113387107849121,,,0.027872351929545403
8292,8.0,799,1.090745210647583,,,0.042350273579359055
8293,8.0,806,1.109206199645996,,,0.009225122630596161
8294,8.0,807,1.0949933528900146,,,0.007220904808491468
8295,8.0,794,1.0817031860351562,,,0.012371514923870564
8296,9.0,806,1.0983717441558838,,,0.006379679311066866
8297,18.0,1065,1.450089931488037,,,0.005513256415724754
8298,9.0,835,1.1313419342041016,,,0.012895395047962666
8299,15.0,793,1.0784449577331543,,,0.007069137413054705
8300,13.0,971,1.3109619617462158,,,0.02413424663245678
8301,8.0,810,1.094404697418213,,,0.009176991879940033
8302,9.0,817,1.1056833267211914,,,0.0035576382651925087
8303,16.0,1101,1.48464035987854,,,0.009938912466168404
8304,16.0,894,1.2093560695648193,,,0.006269864737987518
8305,3.0,497,0.673025369644165,,,0.0023988368920981884
8306,9.0,709,0.9608006477355957,,,0.020354963839054108
8307,5.0,563,0.7657387256622314,,,0.013611258007586002
8308,12.0,882,1.2060258388519287,,,0.01224657241255045
8309,12.0,995,1.3604073524475098,,,0.009253905154764652
8310,21.0,1101,1.4739575386047363,,,0.009554632008075714
8311,2.0,360,0.48927950859069824,,,0.012441744096577168
8312,14.0,699,0.9428224563598633,,,0.006641855929046869
8313,14.0,889,1.2029576301574707,,,0.018329793587327003
8314,12.0,781,1.0490028858184814,,,0.010299638845026493
8315,8.0,687,0.921544075012207,,,0.00739924656227231
8316,14.0,955,1.2865626811981201,,,0.02758096344769001
8317,7.0,657,0.886244535446167,,,0.006612158380448818
8318,12.0,691,0.9294352531433105,,,0.011405052617192268
8319,14.0,989,1.3246729373931885,,,0.009129179641604424
8320,13.0,995,1.33266019821167,,,0.01588176190853119
8321,19.0,1225,1.6548428535461426,,,0.005253343377262354
8322,8.0,725,0.9855749607086182,,,0.013819346204400063
8323,13.0,861,1.1711621284484863,,,0.0048684715293347836
8324,12.0,947,1.2863826751708984,,,0.019141973927617073
8325,8.0,691,0.9444630146026611,,,0.002456033369526267
8326,7.0,637,0.875485897064209,,,0.01137823611497879
8327,6.0,703,0.9489068984985352,,,0.00568952364847064
8328,22.0,1280,1.725167989730835,,,0.014466608874499798
8329,13.0,983,1.3436694145202637,,,0.030375337228178978
8330,19.0,1135,1.5251832008361816,,,0.006233863066881895
8331,13.0,827,1.1114697456359863,,,0.01064961776137352
8332,15.0,1110,1.4911141395568848,,,0.003124230308458209
8333,9.0,820,1.1141383647918701,,,0.003546249819919467
8334,14.0,1185,1.6006195545196533,,,0.006900355685502291
8335,6.0,693,0.933826208114624,,,0.013269737362861633
8336,11.0,922,1.2364575862884521,,,0.009558495134115219
8337,10.0,721,0.9730720520019531,,,0.017250563949346542
8338,11.0,713,0.9644637107849121,,,0.031139833852648735
8339,14.0,1005,1.3466758728027344,,,0.0048905108124017715
8340,15.0,1105,1.483170747756958,,,0.0031452288385480642
8341,9.0,835,1.124502182006836,,,0.012377751991152763
8342,12.0,855,1.1499669551849365,,,0.004795732907950878
8343,8.0,617,0.8260781764984131,,,0.008696273900568485
8344,4.0,594,0.797722578048706,,,0.008560337126255035
8345,5.0,511,0.6906862258911133,,,0.03299093246459961
8346,22.0,1245,1.664292335510254,,,0.008797327056527138
8347,7.0,620,0.8322288990020752,,,0.004615175072103739
8348,22.0,1511,2.0086677074432373,,,0.011223276145756245
8349,14.0,967,1.3023972511291504,,,0.00964305642992258
8350,24.0,1115,1.50897216796875,,,0.010719758458435535
8351,12.0,631,0.8579034805297852,,,0.006298698019236326
8352,22.0,1225,1.672530174255371,,,0.005049607716500759
8353,11.0,681,0.9192335605621338,,,0.008363926783204079
8354,3.0,497,0.6698999404907227,,,0.005884004291146994
8355,10.0,608,0.8179957866668701,,,0.004021637141704559
8356,17.0,1381,1.853541374206543,,,0.0028263507410883904
8357,23.0,1127,1.5061373710632324,,,0.013076571747660637
8358,6.0,539,0.7425854206085205,,,0.00680579524487257
8359,9.0,717,0.9779927730560303,,,0.00529841473326087
8360,7.0,505,0.6783490180969238,,,0.007635313551872969
8361,14.0,779,1.0643503665924072,,,0.013449111022055149
8362,11.0,957,1.3095393180847168,,,0.005972923710942268
8363,10.0,675,0.9224634170532227,,,0.014820191077888012
8364,12.0,801,1.093351125717163,,,0.0037418464198708534
8365,28.0,1292,1.744309902191162,,,0.010286846198141575
8366,15.0,1060,1.4440605640411377,,,0.010435625910758972
8367,5.0,520,0.7114803791046143,,,0.014307075180113316
8368,9.0,835,1.1271209716796875,,,0.0030698967166244984
8369,9.0,647,0.8751614093780518,,,0.0056039514020085335
8370,9.0,699,0.9418189525604248,,,0.008336533792316914
8371,22.0,1360,1.8272411823272705,,,0.020166566595435143
8372,12.0,675,0.9072237014770508,,,0.013948353007435799
8373,13.0,988,1.3345654010772705,,,0.00617599580436945
8374,9.0,825,1.119192361831665,,,0.007593957241624594
8375,10.0,635,0.8558902740478516,,,0.010295404121279716
8376,16.0,743,0.9982831478118896,,,0.0028618446085602045
8377,4.0,567,0.7727048397064209,,,0.005816343240439892
8378,13.0,978,1.322033166885376,,,0.013771078549325466
8379,4.0,703,0.9495844841003418,,,0.010278626345098019
8380,15.0,833,1.1215746402740479,,,0.011752579361200333
8381,12.0,677,0.930119514465332,,,0.008649867959320545
8382,16.0,837,1.1280148029327393,,,0.0063363234512507915
8383,12.0,984,1.3293275833129883,,,0.018066855147480965
8384,18.0,809,1.0985267162322998,,,0.03987812250852585
8385,20.0,974,1.3200149536132812,,,0.006131958216428757
8386,9.0,849,1.1450707912445068,,,0.0039580329321324825
8387,8.0,721,0.966223955154419,,,0.014331378042697906
8388,12.0,666,0.9078788757324219,,,0.006321331020444632
8389,17.0,967,1.304072618484497,,,0.009329371154308319
8390,19.0,945,1.2751579284667969,,,0.004721322562545538
8391,9.0,829,1.1208915710449219,,,0.0246721338480711
8392,17.0,861,1.1687877178192139,,,0.006602603476494551
8393,15.0,779,1.0666561126708984,,,0.01460584532469511
8394,21.0,1080,1.467691421508789,,,0.015444345772266388
8395,6.0,695,0.9532456398010254,,,0.00604432774707675
8396,5.0,497,0.6760075092315674,,,0.007200522348284721
8397,9.0,657,0.8973469734191895,,,0.018681487068533897
8398,27.0,1663,2.22410249710083,,,0.00327390362508595
8399,21.0,1074,1.449434757232666,,,0.004346029367297888
8400,4.0,363,0.4958474636077881,,,0.00922314077615738
8401,10.0,686,0.9361042976379395,,,0.007994419895112514
8402,14.0,691,0.9374463558197021,,,0.0026641872245818377
8403,10.0,642,0.8775060176849365,,,0.014125666581094265
8404,11.0,628,0.8549249172210693,,,0.008678367361426353
8405,19.0,1123,1.5198395252227783,,,0.02820984274148941
8406,1.0,382,0.5173203945159912,,,0.008061938919126987
8407,10.0,657,0.8925070762634277,,,0.0074898661114275455
8408,26.0,1737,2.3336269855499268,,,0.011098222807049751
8409,-1.0,341,0.4670102596282959,,,0.010004358366131783
8410,4.0,469,0.6453285217285156,,,0.007663269992917776
8411,16.0,901,1.2317509651184082,,,0.0038922177627682686
8412,16.0,857,1.1710729598999023,,,0.0033573724795132875
8413,8.0,650,0.9058041572570801,,,0.0028913309797644615
8414,24.0,1278,1.7120559215545654,,,0.016759255900979042
8415,7.0,676,0.9105994701385498,,,0.02396949753165245
8416,11.0,693,0.9401059150695801,,,0.01574978604912758
8417,16.0,757,1.0322504043579102,,,0.012290808372199535
8418,12.0,613,0.8314192295074463,,,0.005779412109404802
8419,16.0,887,1.205827236175537,,,0.008783509954810143
8420,6.0,497,0.6764276027679443,,,0.0033303145319223404
8421,5.0,479,0.6476597785949707,,,0.027440786361694336
8422,11.0,626,0.839759349822998,,,0.014559334143996239
8423,11.0,1069,1.4373855590820312,,,0.008990843780338764
8424,19.0,1075,1.436147928237915,,,0.009845097549259663
8425,8.0,830,1.1146879196166992,,,0.013077523559331894
8426,6.0,497,0.6664671897888184,,,0.005934133194386959
8427,3.0,475,0.6431829929351807,,,0.015553093515336514
8428,8.0,812,1.0942268371582031,,,0.008352488279342651
8429,4.0,496,0.6678063869476318,,,0.015566891059279442
8430,6.0,496,0.6673433780670166,,,0.015195011161267757
8431,14.0,873,1.1672477722167969,,,0.002400626428425312
8432,3.0,489,0.6587200164794922,,,0.009861297905445099
8433,4.0,581,0.7809569835662842,,,0.006155502051115036
8434,11.0,913,1.2279949188232422,,,0.015210126526653767
8435,16.0,1071,1.4338350296020508,,,0.01471224520355463
8436,9.0,811,1.0864052772521973,,,0.0052880337461829185
8437,6.0,497,0.6643612384796143,,,0.0023405093234032393
8438,4.0,611,0.8158800601959229,,,0.015607491135597229
8439,5.0,510,0.6844723224639893,,,0.011140337213873863
8440,11.0,865,1.1666834354400635,,,0.011076602153480053
8441,10.0,867,1.1627857685089111,,,0.02723369188606739
8442,9.0,846,1.1337947845458984,,,0.002782755298539996
8443,22.0,986,1.3141438961029053,,,0.012132561765611172
8444,9.0,702,0.9377861022949219,,,0.005750459618866444
8445,7.0,639,0.8593947887420654,,,0.008031483739614487
8446,13.0,628,0.8439593315124512,,,0.004819582216441631
8447,12.0,670,0.9024851322174072,,,0.007930237799882889
8448,8.0,812,1.089956521987915,,,0.005586029961705208
8449,9.0,668,0.9000411033630371,,,0.046053338795900345
8450,9.0,703,0.9451091289520264,,,0.039622366428375244
8451,5.0,495,0.6647684574127197,,,0.013759000226855278
8452,16.0,1091,1.4598875045776367,,,0.007934906519949436
8453,9.0,704,0.9497926235198975,,,0.006423001643270254
8454,6.0,579,0.7786738872528076,,,0.012961859814822674
8455,8.0,612,0.825110912322998,,,0.012414665892720222
8456,9.0,747,1.001079797744751,,,0.00749229034408927
8457,12.0,815,1.106393814086914,,,0.005101219285279512
8458,12.0,630,0.8512232303619385,,,0.013841361738741398
8459,7.0,645,0.8704044818878174,,,0.010128139518201351
8460,20.0,1032,1.3833024501800537,,,0.013092913664877415
8461,8.0,591,0.7971665859222412,,,0.004876643419265747
8462,25.0,1579,2.0998270511627197,,,0.0059007336385548115
8463,29.0,1398,1.880671501159668,,,0.011010165326297283
8464,12.0,755,1.0198569297790527,,,0.026140747591853142
8465,14.0,803,1.0956079959869385,,,0.01699564978480339
8466,4.0,498,0.6781535148620605,,,0.01229734905064106
8467,8.0,646,0.8803584575653076,,,0.007997704669833183
8468,16.0,1076,1.459874153137207,,,0.0034151917789131403
8469,8.0,693,0.9367704391479492,,,0.014489223249256611
8470,12.0,999,1.3493659496307373,,,0.017356527969241142
8471,12.0,752,1.013028860092163,,,0.006220611743628979
8472,12.0,1137,1.5401546955108643,,,0.008054762147367
8473,6.0,497,0.6710267066955566,,,0.008766057901084423
8474,8.0,657,0.8817739486694336,,,0.007862066850066185
8475,11.0,724,0.9734053611755371,,,0.01032533310353756
8476,13.0,987,1.3278837203979492,,,0.006276111584156752
8477,8.0,569,0.7664942741394043,,,0.011003927327692509
8478,9.0,661,0.8927595615386963,,,0.012608789838850498
8479,5.0,573,0.7762119770050049,,,0.0060188788920640945
8480,11.0,692,0.929807186126709,,,0.008000955916941166
8481,17.0,1027,1.3859546184539795,,,0.0050976816564798355
8482,11.0,820,1.1047089099884033,,,0.01751064509153366
8483,8.0,815,1.0928525924682617,,,0.0072236512787640095
8484,13.0,860,1.1508705615997314,,,0.008274398744106293
8485,3.0,375,0.508061408996582,,,0.010563813149929047
8486,8.0,638,0.870628833770752,,,0.014246681705117226
8487,21.0,1121,1.5195918083190918,,,0.0023430802393704653
8488,7.0,649,0.8827145099639893,,,0.011245185509324074
8489,13.0,971,1.310534954071045,,,0.011968118138611317
8490,12.0,609,0.8191947937011719,,,0.007853691466152668
8491,9.0,721,0.9736678600311279,,,0.026814479380846024
8492,8.0,603,0.8135371208190918,,,0.011979498900473118
8493,19.0,1189,1.606276273727417,,,0.005388073157519102
8494,13.0,658,0.899611234664917,,,0.007357292342931032
8495,6.0,630,0.8533341884613037,,,0.009350812993943691
8496,9.0,663,0.9073948860168457,,,0.013755938038229942
8497,4.0,478,0.6573946475982666,,,0.009190128184854984
8498,21.0,1295,1.7440283298492432,,,0.00937134213745594
8499,13.0,1004,1.3607046604156494,,,0.003922378644347191
8500,12.0,873,1.1880602836608887,,,0.008702719584107399
8501,30.0,2003,2.688424587249756,,,0.006569819059222937
8502,17.0,1074,1.4652161598205566,,,0.007849441841244698
8503,18.0,1060,1.4350347518920898,,,0.013253630138933659
8504,4.0,579,0.7926385402679443,,,0.014458918944001198
8505,4.0,481,0.6527791023254395,,,0.010283533483743668
8506,9.0,692,0.9340221881866455,,,0.009553797543048859
8507,8.0,805,1.084089994430542,,,0.0068806856870651245
8508,3.0,469,0.629331111907959,,,0.006066461093723774
8509,19.0,974,1.3046648502349854,,,0.002913872478529811
8510,4.0,579,0.7812294960021973,,,0.00903298519551754
8511,29.0,1779,2.3466386795043945,,,0.0033906097523868084
8512,9.0,825,1.1056280136108398,,,0.02505928836762905
8513,20.0,1099,1.4649040699005127,,,0.008677041158080101
8514,7.0,559,0.751384973526001,,,0.007609983440488577
8515,17.0,1030,1.3968861103057861,,,0.014475759118795395
8516,19.0,1041,1.4090161323547363,,,0.013049394823610783
8517,25.0,1175,1.5916283130645752,,,0.028649907559156418
8518,4.0,497,0.6749742031097412,,,0.009566245600581169
8519,7.0,677,0.926671028137207,,,0.0065848068334162235
8520,16.0,986,1.3350887298583984,,,0.002042460720986128
8521,9.0,690,0.9409422874450684,,,0.007234577555209398
8522,4.0,477,0.6547539234161377,,,0.022535350173711777
8523,6.0,681,0.9226095676422119,,,0.04766378179192543
8524,4.0,581,0.7863261699676514,,,0.011009781621396542
8525,4.0,643,0.8850142955780029,,,0.011933712288737297
8526,9.0,713,0.9677789211273193,,,0.01162510085850954
8527,9.0,671,0.9202983379364014,,,0.02047390304505825
8528,12.0,827,1.113182783126831,,,0.005966958124190569
8529,12.0,623,0.8403165340423584,,,0.024567218497395515
8530,9.0,712,0.9554965496063232,,,0.006442836485803127
8531,19.0,1035,1.3832011222839355,,,0.01768016256392002
8532,12.0,623,0.8523895740509033,,,0.005974459927529097
8533,13.0,856,1.1664915084838867,,,0.0029179370030760765
8534,9.0,686,0.9349665641784668,,,0.009961134754121304
8535,15.0,968,1.3219609260559082,,,0.00482829287648201
8536,11.0,643,0.8722963333129883,,,0.01025250181555748
8537,9.0,683,0.9292271137237549,,,0.012128978036344051
8538,10.0,640,0.872342586517334,,,0.007972576655447483
8539,9.0,872,1.19187593460083,,,0.009628512896597385
8540,5.0,741,1.0110774040222168,,,0.01046039629727602
8541,9.0,668,0.9144248962402344,,,0.009826225228607655
8542,13.0,658,0.8970813751220703,,,0.009764592163264751
8543,12.0,679,0.9226822853088379,,,0.011343124322593212
8544,11.0,640,0.8694412708282471,,,0.00577580789104104
8545,12.0,829,1.1250994205474854,,,0.006710912100970745
8546,9.0,655,0.8956418037414551,,,0.009565137326717377
8547,12.0,917,1.2464330196380615,,,0.010621639899909496
8548,27.0,1533,2.0619373321533203,,,0.016826514154672623
8549,9.0,763,1.0392241477966309,,,0.016144515946507454
8550,13.0,903,1.2239656448364258,,,0.008061396889388561
8551,10.0,726,0.9856257438659668,,,0.0038665300235152245
8552,21.0,951,1.28007173538208,,,0.0160810723900795
8553,10.0,685,0.9314124584197998,,,0.013809558935463428
8554,4.0,481,0.6551024913787842,,,0.01691589690744877
8555,7.0,795,1.0794777870178223,,,0.0031308953184634447
8556,14.0,758,1.0328843593597412,,,0.003829520894214511
8557,14.0,852,1.1642391681671143,,,0.009539500810205936
8558,13.0,879,1.1904044151306152,,,0.020366014912724495
8559,14.0,1015,1.3886892795562744,,,0.010694648139178753
8560,9.0,703,0.9616100788116455,,,0.002227320335805416
8561,9.0,698,0.9541027545928955,,,0.022630935534834862
8562,13.0,958,1.2878942489624023,,,0.023754272609949112
8563,5.0,462,0.6249222755432129,,,0.01093294471502304
8564,7.0,711,0.9544227123260498,,,0.032771721482276917
8565,14.0,771,1.0427210330963135,,,0.009560094214975834
8566,13.0,864,1.1745574474334717,,,0.017492538318037987
8567,8.0,686,0.9299983978271484,,,0.018719598650932312
8568,10.0,703,0.9531822204589844,,,0.018191877752542496
8569,11.0,615,0.8385088443756104,,,0.0394294410943985
8570,15.0,996,1.3516066074371338,,,0.013094582594931126
8571,9.0,868,1.1676216125488281,,,0.0038435107562690973
8572,4.0,474,0.6442909240722656,,,0.008786068297922611
8573,8.0,807,1.1027073860168457,,,0.005401291884481907
8574,4.0,492,0.6713619232177734,,,0.010133742354810238
8575,6.0,497,0.6802468299865723,,,0.00729027483612299
8576,16.0,937,1.274440050125122,,,0.004350963979959488
8577,16.0,718,0.978961706161499,,,0.0027818360831588507
8578,15.0,701,0.9547879695892334,,,0.0037619187496602535
8579,21.0,1129,1.5330541133880615,,,0.004026183392852545
8580,17.0,935,1.2690191268920898,,,0.019648823887109756
8581,20.0,984,1.3394036293029785,,,0.012379851192235947
8582,12.0,649,0.8855628967285156,,,0.006622385233640671
8583,15.0,887,1.2013897895812988,,,0.003837525611743331
8584,6.0,541,0.7390966415405273,,,0.006975412834435701
8585,4.0,479,0.6547000408172607,,,0.021816153079271317
8586,22.0,1089,1.4659106731414795,,,0.008609773591160774
8587,7.0,578,0.7824685573577881,,,0.029021693393588066
8588,8.0,741,1.0090391635894775,,,0.0128838662058115
8589,4.0,409,0.5545284748077393,,,0.008636957965791225
8590,29.0,1263,1.705110788345337,,,0.011050079949200153
8591,9.0,645,0.8801131248474121,,,0.02615048550069332
8592,9.0,867,1.1817271709442139,,,0.01614140346646309
8593,18.0,1076,1.4595530033111572,,,0.014396118931472301
8594,11.0,609,0.8363385200500488,,,0.011901863850653172
8595,7.0,754,1.0251245498657227,,,0.01664120703935623
8596,8.0,747,1.0147154331207275,,,0.028075071051716805
8597,9.0,847,1.1504740715026855,,,0.007447036448866129
8598,15.0,877,1.1856963634490967,,,0.003792610252276063
8599,8.0,697,0.9496636390686035,,,0.017190026119351387
8600,13.0,815,1.1072864532470703,,,0.005846924148499966
8601,6.0,539,0.7386641502380371,,,0.006146086845546961
8602,13.0,956,1.2811636924743652,,,0.010196666233241558
8603,12.0,661,0.8945586681365967,,,0.002854524878785014
8604,5.0,497,0.6846466064453125,,,0.011582902632653713
8605,7.0,552,0.7659084796905518,,,0.011326346546411514
8606,9.0,822,1.118095874786377,,,0.008164530619978905
8607,15.0,1077,1.457242488861084,,,0.019448447972536087
8608,5.0,503,0.683474063873291,,,0.012716852128505707
8609,3.0,373,0.5102818012237549,,,0.01341744139790535
8610,13.0,983,1.34037446975708,,,0.0041060671210289
8611,17.0,1322,1.7818129062652588,,,0.013283791020512581
8612,15.0,899,1.2170984745025635,,,0.01221709605306387
8613,14.0,775,1.043133020401001,,,0.0031320606358349323
8614,9.0,651,0.8731427192687988,,,0.010227637365460396
8615,13.0,989,1.3301589488983154,,,0.011560449376702309
8616,5.0,603,0.8182830810546875,,,0.022266602143645287
8617,15.0,1059,1.4420135021209717,,,0.02757125161588192
8618,4.0,476,0.651055097579956,,,0.006999372038990259
8619,18.0,985,1.3226652145385742,,,0.01015893742442131
8620,19.0,965,1.2872638702392578,,,0.0036300374194979668
8621,4.0,507,0.6861159801483154,,,0.005063252057880163
8622,19.0,1258,1.6950349807739258,,,0.008334456011652946
8623,8.0,644,0.8773632049560547,,,0.007978721521794796
8624,9.0,617,0.8397552967071533,,,0.012295563705265522
8625,18.0,1077,1.436570405960083,,,0.005025648046284914
8626,9.0,820,1.0984187126159668,,,0.028361888602375984
8627,18.0,1059,1.4370982646942139,,,0.009949993342161179
8628,17.0,1023,1.364189863204956,,,0.006073464173823595
8629,1.0,521,0.7052316665649414,,,0.005379809532314539
8630,7.0,547,0.7313714027404785,,,0.009591910988092422
8631,7.0,525,0.7099926471710205,,,0.007910797372460365
8632,13.0,900,1.2107281684875488,,,0.011485731229186058
8633,19.0,1062,1.4185383319854736,,,0.01294159609824419
8634,4.0,499,0.6728806495666504,,,0.015072435140609741
8635,13.0,621,0.834566593170166,,,0.004867694806307554
8636,14.0,841,1.127258539199829,,,0.027539098635315895
8637,11.0,639,0.8669397830963135,,,0.0050785355269908905
8638,16.0,1424,1.91729736328125,,,0.011419654823839664
8639,12.0,739,1.0104753971099854,,,0.0182439424097538
8640,5.0,578,0.7887065410614014,,,0.008698484860360622
8641,14.0,915,1.256159782409668,,,0.01241063792258501
8642,4.0,480,0.6587467193603516,,,0.014093670062720776
8643,11.0,697,0.947575569152832,,,0.005335778463631868
8644,9.0,701,0.9554855823516846,,,0.0034265608992427588
8645,9.0,703,0.9541306495666504,,,0.011237439699470997
8646,10.0,648,0.884608268737793,,,0.03474603593349457
8647,11.0,639,0.8749394416809082,,,0.009488401934504509
8648,6.0,497,0.6783638000488281,,,0.010594052262604237
8649,13.0,988,1.346616506576538,,,0.02595175802707672
8650,21.0,1237,1.6827857494354248,,,0.005701734684407711
8651,12.0,792,1.0829482078552246,,,0.022721312940120697
8652,7.0,571,0.7753734588623047,,,0.0169596616178751
8653,18.0,1162,1.5638318061828613,,,0.021058348938822746
8654,10.0,709,0.9591324329376221,,,0.01119916420429945
8655,1.0,472,0.641838788986206,,,0.012883393093943596
8656,10.0,659,0.9055116176605225,,,0.02782389707863331
8657,14.0,771,1.0489158630371094,,,0.017066610977053642
8658,4.0,357,0.4836142063140869,,,0.010791473090648651
8659,12.0,670,0.9165658950805664,,,0.0025790550280362368
8660,14.0,749,1.0221638679504395,,,0.009763468988239765
8661,9.0,688,0.9308724403381348,,,0.01294358167797327
8662,6.0,511,0.6891393661499023,,,0.016556333750486374
8663,11.0,634,0.8585076332092285,,,0.01759462244808674
8664,19.0,1088,1.4607086181640625,,,0.007728611119091511
8665,4.0,497,0.667083740234375,,,0.0040800850838422775
8666,6.0,521,0.7051608562469482,,,0.010794729925692081
8667,29.0,1791,2.388453483581543,,,0.004270173143595457
8668,7.0,677,0.911855936050415,,,0.020181385800242424
8669,12.0,622,0.8363552093505859,,,0.008864407427608967
8670,4.0,418,0.564225435256958,,,0.002367792883887887
8671,5.0,624,0.8349313735961914,,,0.018354196101427078
8672,15.0,986,1.3392632007598877,,,0.02410050481557846
8673,9.0,823,1.122284173965454,,,0.007238502148538828
8674,9.0,715,0.9731950759887695,,,0.010623035952448845
8675,5.0,496,0.6787803173065186,,,0.005610523745417595
8676,8.0,542,0.7350800037384033,,,0.017160335555672646
8677,15.0,790,1.0719192028045654,,,0.008507593534886837
8678,24.0,1055,1.4258661270141602,,,0.02434222400188446
8679,17.0,833,1.1278595924377441,,,0.0062581622041761875
8680,11.0,725,0.9776976108551025,,,0.015562370419502258
8681,10.0,647,0.8729991912841797,,,0.01432608813047409
8682,5.0,497,0.6787745952606201,,,0.023363424465060234
8683,5.0,521,0.706449031829834,,,0.005164681933820248
8684,7.0,474,0.6460847854614258,,,0.013929620385169983
8685,5.0,561,0.7645280361175537,,,0.007451304700225592
8686,15.0,853,1.1528916358947754,,,0.011601724661886692
8687,33.0,1529,2.0497167110443115,,,0.018561096861958504
8688,4.0,497,0.6779384613037109,,,0.01935633458197117
8689,9.0,679,0.925163745880127,,,0.005492247175425291
8690,10.0,963,1.312941312789917,,,0.021814512088894844
8691,6.0,707,0.9543027877807617,,,0.01629835180938244
8692,13.0,784,1.0615954399108887,,,0.013042799197137356
8693,10.0,658,0.884545087814331,,,0.008303878828883171
8694,9.0,830,1.1202380657196045,,,0.008130653761327267
8695,17.0,1158,1.5622377395629883,,,0.010771553963422775
8696,11.0,631,0.8601176738739014,,,0.018229806795716286
8697,22.0,1463,1.9623119831085205,,,0.013250616379082203
8698,4.0,478,0.6490750312805176,,,0.01079877931624651
8699,9.0,814,1.1001472473144531,,,0.01484785508364439
8700,9.0,639,0.8645644187927246,,,0.007102616131305695
8701,9.0,681,0.9258010387420654,,,0.035145994275808334
8702,22.0,959,1.287191390991211,,,0.0032249120995402336
8703,11.0,631,0.8599128723144531,,,0.006593167316168547
8704,4.0,480,0.6571965217590332,,,0.02826162800192833
8705,10.0,617,0.8407495021820068,,,0.009901170618832111
8706,8.0,655,0.8946261405944824,,,0.01688670925796032
8707,9.0,631,0.8553071022033691,,,0.017495863139629364
8708,3.0,389,0.5265982151031494,,,0.023735806345939636
8709,12.0,631,0.8555121421813965,,,0.02079758234322071
8710,11.0,681,0.9176807403564453,,,0.01029122993350029
8711,12.0,883,1.1870925426483154,,,0.010213254950940609
8712,25.0,1065,1.4291982650756836,,,0.017101282253861427
8713,14.0,749,1.0076439380645752,,,0.013479610905051231
8714,5.0,520,0.7012057304382324,,,0.011875282041728497
8715,8.0,691,0.9382929801940918,,,0.031445637345314026
8716,15.0,758,1.024801254272461,,,0.005332108121365309
8717,21.0,1169,1.5675048828125,,,0.012924516573548317
8718,9.0,829,1.118265151977539,,,0.010793989524245262
8719,6.0,650,0.8835673332214355,,,0.015929704532027245
8720,14.0,809,1.1018078327178955,,,0.005389614496380091
8721,9.0,625,0.8440172672271729,,,0.02341003157198429
8722,8.0,573,0.7734918594360352,,,0.027498163282871246
8723,4.0,509,0.689791202545166,,,0.004885486792773008
8724,31.0,1443,1.9239757061004639,,,0.006112934090197086
8725,9.0,855,1.157634973526001,,,0.012305612675845623
8726,10.0,630,0.8545713424682617,,,0.01218888908624649
8727,24.0,1383,1.8514981269836426,,,0.014695967547595501
8728,4.0,533,0.7229700088500977,,,0.008761737495660782
8729,2.0,363,0.4881250858306885,,,0.026255598291754723
8730,14.0,975,1.3113594055175781,,,0.006474365945905447
8731,7.0,703,0.9546120166778564,,,0.008207712322473526
8732,12.0,626,0.8448081016540527,,,0.005344358738511801
8733,14.0,677,0.9232456684112549,,,0.007577603682875633
8734,9.0,842,1.1465237140655518,,,0.02322211116552353
8735,8.0,791,1.0776042938232422,,,0.009292231872677803
8736,9.0,585,0.7959225177764893,,,0.021080398932099342
8737,7.0,738,1.0080766677856445,,,0.01830350235104561
8738,9.0,683,0.9286205768585205,,,0.0042326441034674644
8739,9.0,743,1.016935110092163,,,0.021776877343654633
8740,9.0,639,0.8722913265228271,,,0.010865910910069942
8741,11.0,627,0.8550951480865479,,,0.021671222522854805
8742,9.0,805,1.0818607807159424,,,0.013335815630853176
8743,4.0,582,0.787611722946167,,,0.007912233471870422
8744,14.0,1008,1.3670024871826172,,,0.04316403716802597
8745,4.0,350,0.4839589595794678,,,0.012924025766551495
8746,21.0,1354,1.808180570602417,,,0.007711818907409906
8747,13.0,1016,1.3634228706359863,,,0.033443670719861984
8748,13.0,783,1.048469066619873,,,0.011580484919250011
8749,15.0,1076,1.4404428005218506,,,0.01217352319508791
8750,17.0,1149,1.553574800491333,,,0.01250430103391409
8751,6.0,755,1.0286438465118408,,,0.011288798414170742
8752,5.0,701,0.9560332298278809,,,0.014705538749694824
8753,5.0,503,0.687744140625,,,0.00998222827911377
8754,9.0,652,0.8896019458770752,,,0.013148533180356026
8755,9.0,636,0.8626711368560791,,,0.007248665206134319
8756,12.0,626,0.8525900840759277,,,0.008916869759559631
8757,13.0,983,1.3320207595825195,,,0.019934140145778656
8758,8.0,681,0.926645040512085,,,0.008207953535020351
8759,14.0,701,0.9574892520904541,,,0.004376323893666267
8760,14.0,972,1.315685749053955,,,0.010858646593987942
8761,9.0,817,1.1135873794555664,,,0.012834245339035988
8762,8.0,677,0.9154942035675049,,,0.00934632495045662
8763,6.0,649,0.8940753936767578,,,0.01881464198231697
8764,9.0,829,1.1237354278564453,,,0.034688353538513184
8765,22.0,1105,1.5064857006072998,,,0.009105945006012917
8766,4.0,409,0.5609803199768066,,,0.007303865626454353
8767,8.0,796,1.084441900253296,,,0.018105806782841682
8768,5.0,499,0.6774444580078125,,,0.008671845309436321
8769,13.0,917,1.2400250434875488,,,0.012539424933493137
8770,17.0,902,1.2395825386047363,,,0.01045242603868246
8771,9.0,658,0.8898355960845947,,,0.024081774055957794
8772,8.0,811,1.1020994186401367,,,0.017234886065125465
8773,14.0,979,1.3267805576324463,,,0.0137246735394001
8774,17.0,795,1.0872278213500977,,,0.018827257677912712
8775,9.0,551,0.7462427616119385,,,0.013906074687838554
8776,9.0,829,1.1371653079986572,,,0.007154779974371195
8777,9.0,829,1.129258394241333,,,0.012153773568570614
8778,13.0,971,1.3205716609954834,,,0.007964600808918476
8779,20.0,1399,1.8782305717468262,,,0.015233487822115421
8780,16.0,921,1.2474391460418701,,,0.003068323712795973
8781,16.0,1015,1.356762170791626,,,0.02202894166111946
8782,19.0,1451,1.9330453872680664,,,0.019255541265010834
8783,27.0,1425,1.9034080505371094,,,0.008989650756120682
8784,5.0,604,0.817821741104126,,,0.009071440435945988
8785,9.0,644,0.8866500854492188,,,0.012383909896016121
8786,16.0,808,1.0965468883514404,,,0.016450639814138412
8787,5.0,469,0.6396949291229248,,,0.018626002594828606
8788,8.0,611,0.8264820575714111,,,0.008693776093423367
8789,8.0,809,1.1018562316894531,,,0.01360245794057846
8790,8.0,543,0.7308743000030518,,,0.008627145551145077
8791,10.0,611,0.8268814086914062,,,0.007550443988293409
8792,9.0,705,0.9439184665679932,,,0.004508074373006821
8793,19.0,1279,1.7207167148590088,,,0.003444455098360777
8794,7.0,684,0.9299194812774658,,,0.014036193490028381
8795,18.0,946,1.2842514514923096,,,0.004674901720136404
8796,17.0,1019,1.3794565200805664,,,0.013921507634222507
8797,4.0,477,0.6506245136260986,,,0.006567893549799919
8798,10.0,634,0.8637135028839111,,,0.016317278146743774
8799,8.0,637,0.8653922080993652,,,0.010932359844446182
8800,14.0,693,0.9419810771942139,,,0.012094645760953426
8801,3.0,473,0.6433284282684326,,,0.006170001812279224
8802,20.0,1102,1.4874000549316406,,,0.0037362242583185434
8803,12.0,665,0.9055321216583252,,,0.01322128251194954
8804,13.0,1004,1.370330572128296,,,0.013791966252028942
8805,14.0,787,1.0616025924682617,,,0.008423649705946445
8806,15.0,939,1.2649528980255127,,,0.020627545192837715
8807,23.0,1619,2.1767144203186035,,,0.019073283299803734
8808,9.0,623,0.8493466377258301,,,0.006811021827161312
8809,7.0,645,0.8812634944915771,,,0.009520291350781918
8810,26.0,1051,1.4280927181243896,,,0.011178824119269848
8811,14.0,782,1.0603489875793457,,,0.008825370110571384
8812,14.0,773,1.0569067001342773,,,0.008718786761164665
8813,22.0,1269,1.7113375663757324,,,0.010453608818352222
8814,13.0,859,1.1751022338867188,,,0.02574811689555645
8815,13.0,983,1.3357412815093994,,,0.009338321164250374
8816,15.0,1050,1.4100592136383057,,,0.02189563773572445
8817,10.0,623,0.8453044891357422,,,0.008860038593411446
8818,7.0,715,0.9709413051605225,,,0.024185286834836006
8819,19.0,1178,1.5938029289245605,,,0.014310161583125591
8820,19.0,1071,1.4327564239501953,,,0.012968202121555805
8821,12.0,815,1.1208622455596924,,,0.029988568276166916
8822,13.0,972,1.3275091648101807,,,0.007934627123177052
8823,11.0,677,0.9230096340179443,,,0.006318338681012392
8824,9.0,591,0.8040788173675537,,,0.027798792347311974
8825,4.0,609,0.8332154750823975,,,0.007906872779130936
8826,11.0,622,0.8474128246307373,,,0.005728546064347029
8827,9.0,663,0.910419225692749,,,0.0028622373938560486
8828,8.0,807,1.0969741344451904,,,0.006398512050509453
8829,17.0,917,1.2485857009887695,,,0.008940957486629486
8830,13.0,985,1.3361120223999023,,,0.0051193698309361935
8831,5.0,569,0.773568868637085,,,0.011685055680572987
8832,18.0,1007,1.3675894737243652,,,0.009512270800769329
8833,10.0,809,1.1111035346984863,,,0.0056072319857776165
8834,5.0,469,0.6402256488800049,,,0.027075355872511864
8835,14.0,909,1.2371506690979004,,,0.0161177646368742
8836,19.0,1066,1.4400520324707031,,,0.020883915945887566
8837,9.0,690,0.944502592086792,,,0.009612570516765118
8838,9.0,657,0.8963315486907959,,,0.002416668925434351
8839,5.0,603,0.8201344013214111,,,0.012938244268298149
8840,9.0,624,0.8535127639770508,,,0.00824243575334549
8841,18.0,1252,1.704308032989502,,,0.007524101994931698
8842,7.0,540,0.7388548851013184,,,0.008901672437787056
8843,6.0,497,0.6787905693054199,,,0.008619323372840881
8844,12.0,688,0.9381098747253418,,,0.007998147048056126
8845,12.0,884,1.205200433731079,,,0.005624975543469191
8846,12.0,667,0.9091589450836182,,,0.007923071272671223
8847,7.0,544,0.742332935333252,,,0.010776031762361526
8848,14.0,683,0.9332690238952637,,,0.011345645412802696
8849,4.0,497,0.6793811321258545,,,0.006370746064931154
8850,24.0,1453,1.9642133712768555,,,0.013146249577403069
8851,13.0,1010,1.3625824451446533,,,0.00617448054254055
8852,19.0,981,1.3356537818908691,,,0.015498326160013676
8853,9.0,679,0.9236838817596436,,,0.00812513381242752
8854,12.0,917,1.2503893375396729,,,0.010065830312669277
8855,5.0,661,0.8950023651123047,,,0.01669924519956112
8856,10.0,629,0.8519327640533447,,,0.010387731716036797
8857,28.0,1775,2.359529972076416,,,0.01096832100301981
8858,12.0,806,1.084582805633545,,,0.011916565708816051
8859,14.0,1079,1.4553658962249756,,,0.014694648794829845
8860,20.0,1029,1.3826947212219238,,,0.011771444231271744
8861,20.0,1410,1.8983612060546875,,,0.02294042706489563
8862,7.0,703,0.9628961086273193,,,0.017145171761512756
8863,33.0,1881,2.530735492706299,,,0.019756732508540154
8864,8.0,704,0.9579062461853027,,,0.008780096657574177
8865,9.0,861,1.1660442352294922,,,0.008277208544313908
8866,10.0,683,0.9302148818969727,,,0.013360409997403622
8867,10.0,788,1.0723645687103271,,,0.0064522442407906055
8868,13.0,689,0.9348957538604736,,,0.004957514349371195
8869,4.0,579,0.793473482131958,,,0.003916173707693815
8870,9.0,825,1.1254992485046387,,,0.0035806873347610235
8871,14.0,983,1.3356382846832275,,,0.005051345564424992
8872,6.0,699,0.9430844783782959,,,0.008580680936574936
8873,4.0,573,0.781527042388916,,,0.009546567685902119
8874,6.0,751,1.0222198963165283,,,0.017179246991872787
8875,8.0,823,1.1186654567718506,,,0.010712887160480022
8876,21.0,1417,1.9097459316253662,,,0.008204665966331959
8877,12.0,650,0.8792481422424316,,,0.009806469082832336
8878,14.0,741,1.0020718574523926,,,0.017813434824347496
8879,9.0,651,0.8872668743133545,,,0.010989218950271606
8880,19.0,1025,1.3745267391204834,,,0.007034073583781719
8881,13.0,751,1.0171804428100586,,,0.010649451985955238
8882,12.0,816,1.103588342666626,,,0.00915517657995224
8883,19.0,848,1.1453275680541992,,,0.008671817369759083
8884,8.0,807,1.0998454093933105,,,0.010912409983575344
8885,9.0,675,0.9229869842529297,,,0.014379529282450676
8886,9.0,675,0.9192450046539307,,,0.01221513096243143
8887,16.0,951,1.2873520851135254,,,0.008011679165065289
8888,23.0,1065,1.4218108654022217,,,0.0031116593163460493
8889,11.0,782,1.0609869956970215,,,0.012075505219399929
8890,8.0,570,0.7727229595184326,,,0.005983235314488411
8891,18.0,1001,1.3706128597259521,,,0.005148683208972216
8892,17.0,1046,1.4183566570281982,,,0.010588382370769978
8893,9.0,807,1.1021549701690674,,,0.002685766201466322
8894,8.0,663,0.9070279598236084,,,0.035406604409217834
8895,15.0,846,1.146672248840332,,,0.009504496119916439
8896,23.0,1267,1.7128825187683105,,,0.008608492091298103
8897,17.0,923,1.2627882957458496,,,0.008388214744627476
8898,5.0,471,0.6455173492431641,,,0.026047049090266228
8899,14.0,747,1.0120463371276855,,,0.0038669786881655455
8900,27.0,1311,1.7739527225494385,,,0.013489075005054474
8901,8.0,566,0.7741715908050537,,,0.009104812517762184
8902,12.0,676,0.9186289310455322,,,0.013054165989160538
8903,28.0,1385,1.861785650253296,,,0.01720663718879223
8904,23.0,1080,1.4654908180236816,,,0.01774231716990471
8905,16.0,1142,1.5519239902496338,,,0.005143867339938879
8906,12.0,667,0.9133787155151367,,,0.003486395813524723
8907,10.0,639,0.8722186088562012,,,0.01601361483335495
8908,3.0,415,0.5624520778656006,,,0.004479406401515007
8909,18.0,1063,1.4330048561096191,,,0.007785344962030649
8910,16.0,762,1.0366346836090088,,,0.011140972375869751
8911,7.0,396,0.5418980121612549,,,0.004112163092941046
8912,13.0,959,1.304990291595459,,,0.02411494217813015
8913,14.0,771,1.0514192581176758,,,0.00457548163831234
8914,22.0,1118,1.5109572410583496,,,0.012427727691829205
8915,16.0,907,1.2119247913360596,,,0.009788730181753635
8916,12.0,685,0.9317855834960938,,,0.01164802722632885
8917,11.0,663,0.8985583782196045,,,0.016127383336424828
8918,19.0,833,1.1343424320220947,,,0.01238507591187954
8919,16.0,826,1.123429536819458,,,0.007926858961582184
8920,13.0,769,1.0478756427764893,,,0.015482190996408463
8921,13.0,707,0.9585158824920654,,,0.012540158815681934
8922,11.0,690,0.9445896148681641,,,0.017620904371142387
8923,12.0,682,0.9193308353424072,,,0.010094167664647102
8924,11.0,688,0.927537202835083,,,0.013227815739810467
8925,14.0,962,1.3037312030792236,,,0.0068952119909226894
8926,13.0,769,1.0336315631866455,,,0.0066273752599954605
8927,15.0,873,1.180478811264038,,,0.010286075063049793
8928,8.0,663,0.8990602493286133,,,0.008737600408494473
8929,14.0,763,1.036623477935791,,,0.01906343176960945
8930,24.0,1275,1.7206552028656006,,,0.011010434478521347
8931,7.0,639,0.8708124160766602,,,0.014407780021429062
8932,7.0,633,0.8657491207122803,,,0.009336692281067371
8933,15.0,1149,1.5686144828796387,,,0.010960128158330917
8934,15.0,853,1.1571693420410156,,,0.016540857031941414
8935,16.0,1065,1.451089859008789,,,0.03119322843849659
8936,9.0,619,0.8432822227478027,,,0.00809396617114544
8937,20.0,1067,1.445845365524292,,,0.009409218095242977
8938,20.0,1117,1.511423110961914,,,0.020667394623160362
8939,5.0,484,0.6481163501739502,,,0.011962703429162502
8940,9.0,671,0.9078638553619385,,,0.005792985670268536
8941,12.0,825,1.1056501865386963,,,0.011553550139069557
8942,13.0,825,1.1087701320648193,,,0.007354382425546646
8943,12.0,891,1.2116789817810059,,,0.012146729975938797
8944,21.0,1479,2.0008790493011475,,,0.008062275126576424
8945,12.0,651,0.8932704925537109,,,0.01161330845206976
8946,4.0,351,0.47686266899108887,,,0.006077734287828207
8947,9.0,721,0.9757266044616699,,,0.005229187197983265
8948,12.0,672,0.9075636863708496,,,0.00889127142727375
8949,10.0,653,0.8888754844665527,,,0.013233321718871593
8950,30.0,2150,2.852226734161377,,,0.011551300063729286
8951,6.0,520,0.7023894786834717,,,0.015509573742747307
8952,3.0,479,0.6489884853363037,,,0.007730341516435146
8953,16.0,1122,1.5070655345916748,,,0.007221206557005644
8954,17.0,983,1.3341073989868164,,,0.013324550352990627
8955,5.0,504,0.689831018447876,,,0.007454168051481247
8956,25.0,1541,2.0627009868621826,,,0.010542700067162514
8957,22.0,1390,1.8515992164611816,,,0.01287540327757597
8958,15.0,1033,1.3960251808166504,,,0.014744382351636887
8959,17.0,1015,1.3761670589447021,,,0.00805080309510231
8960,17.0,832,1.1306967735290527,,,0.007152274716645479
8961,22.0,1100,1.49605393409729,,,0.016643477603793144
8962,21.0,1070,1.4507575035095215,,,0.042934875935316086
8963,2.0,390,0.5335774421691895,,,0.017221126705408096
8964,9.0,689,0.9344286918640137,,,0.013354137539863586
8965,17.0,944,1.2659039497375488,,,0.039876338094472885
8966,12.0,666,0.9080667495727539,,,0.012676048092544079
8967,16.0,712,0.9662127494812012,,,0.006280418019741774
8968,12.0,675,0.91849684715271,,,0.01691194623708725
8969,1.0,466,0.6424837112426758,,,0.021943576633930206
8970,16.0,993,1.3530302047729492,,,0.01090078055858612
8971,19.0,960,1.3078899383544922,,,0.009899881668388844
8972,5.0,594,0.810938835144043,,,0.006052830256521702
8973,13.0,677,0.9272558689117432,,,0.026827380061149597
8974,23.0,1158,1.5532886981964111,,,0.00611170893535018
8975,23.0,1203,1.6027562618255615,,,0.005377718713134527
8976,18.0,1105,1.4727678298950195,,,0.02435714565217495
8977,22.0,1383,1.848356008529663,,,0.008310699835419655
8978,19.0,1056,1.4335007667541504,,,0.011643207632005215
8979,12.0,659,0.9051225185394287,,,0.013886876404285431
8980,16.0,869,1.1753652095794678,,,0.02610704116523266
8981,11.0,677,0.9278430938720703,,,0.01040634885430336
8982,15.0,1053,1.426180362701416,,,0.017826132476329803
8983,12.0,690,0.9325289726257324,,,0.008217028342187405
8984,10.0,637,0.8661224842071533,,,0.006672471761703491
8985,14.0,939,1.276261806488037,,,0.00834691897034645
8986,12.0,651,0.8815920352935791,,,0.007046015001833439
8987,14.0,694,0.9465746879577637,,,0.01151731051504612
8988,11.0,899,1.2161343097686768,,,0.01763276383280754
8989,10.0,685,0.9357333183288574,,,0.0038740993477404118
8990,12.0,668,0.9111204147338867,,,0.005509567447006702
8991,18.0,1043,1.420654296875,,,0.02325623482465744
8992,20.0,991,1.3420979976654053,,,0.01724129728972912
8993,13.0,702,0.9464359283447266,,,0.024284711107611656
8994,14.0,789,1.0608291625976562,,,0.01157386600971222
8995,19.0,950,1.265929937362671,,,0.008519873954355717
8996,12.0,730,0.9828364849090576,,,0.013429329730570316
8997,4.0,491,0.6596155166625977,,,0.00444383779540658
8998,3.0,393,0.5351948738098145,,,0.018605101853609085
8999,13.0,1338,1.8013842105865479,,,0.02405034936964512
9000,27.0,1514,2.0219850540161133,,,0.03297944739460945
9001,13.0,651,0.8796536922454834,,,0.011263650842010975
9002,21.0,1133,1.518531322479248,,,0.018722470849752426
9003,5.0,639,0.8592898845672607,,,0.012719988822937012
9004,9.0,821,1.112792730331421,,,0.010273546911776066
9005,26.0,1187,1.6087534427642822,,,0.010344411246478558
9006,19.0,1124,1.5220634937286377,,,0.004845833405852318
9007,7.0,579,0.7923851013183594,,,0.019650893285870552
9008,12.0,632,0.8631503582000732,,,0.00965183600783348
9009,4.0,469,0.6443469524383545,,,0.013318527489900589
9010,20.0,1282,1.740799903869629,,,0.013892500661313534
9011,10.0,619,0.8452022075653076,,,0.01595410890877247
9012,19.0,1083,1.474414587020874,,,0.011485418304800987
9013,12.0,690,0.9404458999633789,,,0.007845113053917885
9014,3.0,497,0.6760523319244385,,,0.014277776703238487
9015,17.0,1076,1.4545655250549316,,,0.010684497654438019
9016,7.0,606,0.8207657337188721,,,0.007623143494129181
9017,20.0,1424,1.9223930835723877,,,0.00739301647990942
9018,19.0,1237,1.6471610069274902,,,0.011926588602364063
9019,7.0,537,0.7199559211730957,,,0.009924794547259808
9020,11.0,701,0.9472689628601074,,,0.013790501281619072
9021,13.0,609,0.8376224040985107,,,0.009751206263899803
9022,12.0,633,0.8635783195495605,,,0.02444370463490486
9023,9.0,628,0.8580026626586914,,,0.019079437479376793
9024,9.0,550,0.7507293224334717,,,0.008906777016818523
9025,11.0,648,0.879530668258667,,,0.011954943649470806
9026,12.0,661,0.9023680686950684,,,0.007192455232143402
9027,16.0,889,1.217165231704712,,,0.028190508484840393
9028,12.0,643,0.87882399559021,,,0.029607702046632767
9029,15.0,785,1.0694291591644287,,,0.02816600166261196
9030,8.0,566,0.7730495929718018,,,0.005237681325525045
9031,12.0,763,1.04227614402771,,,0.009192128665745258
9032,13.0,879,1.1986050605773926,,,0.017279651015996933
9033,12.0,631,0.8648660182952881,,,0.00921983364969492
9034,15.0,794,1.0781292915344238,,,0.012011587619781494
9035,8.0,397,0.5384693145751953,,,0.013609946705400944
9036,9.0,694,0.9414162635803223,,,0.0071103619411587715
9037,12.0,604,0.81795334815979,,,0.016271593049168587
9038,28.0,1666,2.214540958404541,,,0.0286300890147686
9039,12.0,637,0.8721816539764404,,,0.013803347013890743
9040,9.0,685,0.933382511138916,,,0.011414678767323494
9041,12.0,926,1.2609992027282715,,,0.005325166042894125
9042,13.0,659,0.8939595222473145,,,0.013688923791050911
9043,24.0,1032,1.3950920104980469,,,0.007320845499634743
9044,15.0,981,1.3253228664398193,,,0.007160936016589403
9045,18.0,1017,1.3787002563476562,,,0.013600636273622513
9046,16.0,914,1.232422113418579,,,0.006352385506033897
9047,22.0,1157,1.5498802661895752,,,0.011257107369601727
9048,4.0,462,0.6256365776062012,,,0.026350144296884537
9049,4.0,496,0.6806039810180664,,,0.014789313077926636
9050,7.0,622,0.8471889495849609,,,0.009675472974777222
9051,7.0,652,0.896066427230835,,,0.00817533116787672
9052,12.0,989,1.3482108116149902,,,0.011532163247466087
9053,12.0,643,0.8759536743164062,,,0.00842526275664568
9054,12.0,609,0.8307697772979736,,,0.005442663561552763
9055,9.0,626,0.8517112731933594,,,0.002889517229050398
9056,18.0,1063,1.4408578872680664,,,0.009809489361941814
9057,12.0,619,0.8436143398284912,,,0.007635163608938456
9058,15.0,977,1.3173637390136719,,,0.010908370837569237
9059,12.0,609,0.8313500881195068,,,0.020635688677430153
9060,19.0,1001,1.3556973934173584,,,0.008739056065678596
9061,11.0,637,0.8702313899993896,,,0.007385253440588713
9062,7.0,392,0.5374383926391602,,,0.007514068856835365
9063,14.0,683,0.9299094676971436,,,0.009332124143838882
9064,19.0,1352,1.831883192062378,,,0.007346414495259523
9065,17.0,1126,1.5130703449249268,,,0.020930452272295952
9066,17.0,1271,1.69722318649292,,,0.007773383520543575
9067,8.0,549,0.7438733577728271,,,0.0032688670326024294
9068,15.0,837,1.1185111999511719,,,0.011384631507098675
9069,22.0,1340,1.788822889328003,,,0.01191420666873455
9070,4.0,477,0.6424167156219482,,,0.009658959694206715
9071,32.0,1911,2.52050518989563,,,0.020935427397489548
9072,12.0,654,0.8784866333007812,,,0.009580735117197037
9073,15.0,845,1.1429102420806885,,,0.017660032957792282
9074,4.0,365,0.4982576370239258,,,0.01893704943358898
9075,16.0,1223,1.663212537765503,,,0.03149528056383133
9076,9.0,650,0.8849244117736816,,,0.010136529803276062
9077,14.0,984,1.338655710220337,,,0.003710936289280653
9078,5.0,358,0.4935781955718994,,,0.01623661257326603
9079,15.0,994,1.3367180824279785,,,0.013331558555364609
9080,10.0,611,0.8329143524169922,,,0.00939996913075447
9081,16.0,819,1.1112916469573975,,,0.008198203518986702
9082,9.0,658,0.8925702571868896,,,0.008649214170873165
9083,12.0,659,0.8969705104827881,,,0.014199755154550076
9084,9.0,824,1.1104979515075684,,,0.017332401126623154
9085,14.0,698,0.9460527896881104,,,0.010135347954928875
9086,12.0,699,0.9480760097503662,,,0.01490827463567257
9087,17.0,1087,1.4746627807617188,,,0.03205709159374237
9088,9.0,622,0.8473856449127197,,,0.010121204890310764
9089,8.0,543,0.7388310432434082,,,0.02519526332616806
9090,16.0,1019,1.3770637512207031,,,0.016467109322547913
9091,12.0,679,0.930628776550293,,,0.010434923693537712
9092,21.0,1309,1.7629203796386719,,,0.013458512723445892
9093,11.0,619,0.8431332111358643,,,0.016094788908958435
9094,6.0,491,0.6712491512298584,,,0.01619873382151127
9095,5.0,657,0.8959932327270508,,,0.017276383936405182
9096,15.0,913,1.244828462600708,,,0.006340467371046543
9097,6.0,476,0.6508016586303711,,,0.022374741733074188
9098,8.0,687,0.9335641860961914,,,0.0037454674020409584
9099,9.0,650,0.8822629451751709,,,0.00975822750478983
9100,15.0,1155,1.5735359191894531,,,0.016065184026956558
9101,20.0,955,1.3044776916503906,,,0.0145531315356493
9102,14.0,728,0.990070104598999,,,0.010566674172878265
9103,14.0,939,1.2742910385131836,,,0.007306384388357401
9104,18.0,1163,1.570570945739746,,,0.022221432998776436
9105,14.0,886,1.2025868892669678,,,0.017894718796014786
9106,17.0,1078,1.4689743518829346,,,0.017163032665848732
9107,23.0,1110,1.504364252090454,,,0.006739723961800337
9108,10.0,617,0.8389766216278076,,,0.03669549152255058
9109,15.0,1017,1.3837401866912842,,,0.031257323920726776
9110,4.0,499,0.6813063621520996,,,0.0029675511177629232
9111,12.0,831,1.123079776763916,,,0.012413342483341694
9112,7.0,518,0.6998715400695801,,,0.015839915722608566
9113,19.0,1479,1.9912574291229248,,,0.018651114776730537
9114,13.0,869,1.1759636402130127,,,0.009770489297807217
9115,6.0,511,0.6995224952697754,,,0.00493094464763999
9116,15.0,977,1.3266406059265137,,,0.011908159591257572
9117,27.0,1348,1.8221862316131592,,,0.007347883190959692
9118,9.0,626,0.8584499359130859,,,0.010377106256783009
9119,7.0,550,0.7590756416320801,,,0.0023723181802779436
9120,18.0,1354,1.8420464992523193,,,0.008596454747021198
9121,8.0,613,0.8429090976715088,,,0.0210835263133049
9122,12.0,664,0.9012818336486816,,,0.016366006806492805
9123,28.0,1369,1.8428082466125488,,,0.003672718768939376
9124,16.0,1264,1.7078146934509277,,,0.01360144279897213
9125,10.0,637,0.8718991279602051,,,0.009761177934706211
9126,6.0,537,0.7291326522827148,,,0.012892712838947773
9127,11.0,635,0.862102746963501,,,0.02832810766994953
9128,11.0,634,0.8656148910522461,,,0.023903144523501396
9129,25.0,1121,1.5120913982391357,,,0.011560261249542236
9130,18.0,1034,1.4040522575378418,,,0.01448042131960392
9131,14.0,875,1.182802438735962,,,0.008136683143675327
9132,21.0,1093,1.4780502319335938,,,0.02784673683345318
9133,3.0,519,0.7116398811340332,,,0.012281636707484722
9134,4.0,504,0.6876425743103027,,,0.028181839734315872
9135,8.0,561,0.7574515342712402,,,0.0034328275360167027
9136,17.0,1057,1.408841848373413,,,0.012949934229254723
9137,4.0,597,0.8085508346557617,,,0.003889776300638914
9138,7.0,622,0.8484499454498291,,,0.018253760412335396
9139,12.0,729,0.9863715171813965,,,0.008244358003139496
9140,4.0,575,0.7827939987182617,,,0.014317568391561508
9141,9.0,727,0.9831774234771729,,,0.007583735976368189
9142,14.0,1079,1.4522621631622314,,,0.01211231853812933
9143,22.0,965,1.282048225402832,,,0.006490066647529602
9144,14.0,671,0.8990707397460938,,,0.035763900727033615
9145,4.0,369,0.49765968322753906,,,0.0075263273902237415
9146,4.0,367,0.49341583251953125,,,0.010465634986758232
9147,12.0,640,0.8650550842285156,,,0.02247568406164646
9148,20.0,1035,1.406825304031372,,,0.017199652269482613
9149,15.0,1064,1.4431421756744385,,,0.013476096093654633
9150,16.0,750,1.021991491317749,,,0.015009306371212006
9151,10.0,753,1.0264861583709717,,,0.00838636513799429
9152,18.0,1011,1.3742821216583252,,,0.00900980830192566
9153,4.0,508,0.6849510669708252,,,0.012473149225115776
9154,3.0,372,0.49936413764953613,,,0.03149062395095825
9155,5.0,497,0.6701881885528564,,,0.010208005085587502
9156,12.0,837,1.1331782341003418,,,0.01923833042383194
9157,25.0,1458,1.9476828575134277,,,0.02390495128929615
9158,6.0,639,0.8637351989746094,,,0.02018263004720211
9159,2.0,461,0.6412181854248047,,,0.003610089886933565
9160,12.0,617,0.8296158313751221,,,0.008714557625353336
9161,14.0,861,1.1582229137420654,,,0.007806004956364632
9162,22.0,1225,1.6304244995117188,,,0.006240498274564743
9163,9.0,667,0.894644021987915,,,0.010373485274612904
9164,6.0,567,0.7650668621063232,,,0.008481067605316639
9165,23.0,1193,1.595233678817749,,,0.015402154996991158
9166,12.0,697,0.9383389949798584,,,0.012176974676549435
9167,10.0,628,0.8448207378387451,,,0.006416915915906429
9168,6.0,521,0.7123456001281738,,,0.018878746777772903
9169,14.0,760,1.0228395462036133,,,0.0073112258687615395
9170,14.0,816,1.0986852645874023,,,0.008073772303760052
9171,4.0,571,0.7595181465148926,,,0.00975732784718275
9172,13.0,820,1.108724594116211,,,0.011551028117537498
9173,20.0,1015,1.3592865467071533,,,0.014866167679429054
9174,9.0,812,1.0890793800354004,,,0.007461889646947384
9175,4.0,596,0.8007233142852783,,,0.01983412355184555
9176,9.0,860,1.152773380279541,,,0.016401290893554688
9177,4.0,372,0.5092406272888184,,,0.02169707790017128
9178,9.0,755,1.011552333831787,,,0.011733081191778183
9179,15.0,781,1.0466697216033936,,,0.005686527583748102
9180,17.0,1176,1.5690357685089111,,,0.003135542618110776
9181,4.0,369,0.49722766876220703,,,0.010733382776379585
9182,13.0,987,1.3221197128295898,,,0.00540715828537941
9183,11.0,720,0.968895673751831,,,0.007628887891769409
9184,9.0,812,1.0860788822174072,,,0.012483898550271988
9185,9.0,1075,1.437084674835205,,,0.012755303643643856
9186,8.0,709,0.9550299644470215,,,0.02024242654442787
9187,18.0,1239,1.651346206665039,,,0.018061824142932892
9188,16.0,1032,1.3773159980773926,,,0.009164819493889809
9189,6.0,735,0.9836838245391846,,,0.010921875946223736
9190,9.0,859,1.1432380676269531,,,0.0061387731693685055
9191,7.0,736,0.9910192489624023,,,0.004603272303938866
9192,7.0,575,0.7755193710327148,,,0.006789053324609995
9193,13.0,739,0.9926998615264893,,,0.010782210156321526
9194,13.0,617,0.8282439708709717,,,0.014360400848090649
9195,13.0,993,1.3362107276916504,,,0.006220638751983643
9196,15.0,1020,1.366570234298706,,,0.024439556524157524
9197,12.0,657,0.8852548599243164,,,0.013104863464832306
9198,4.0,587,0.7874341011047363,,,0.006500633433461189
9199,12.0,755,1.0159435272216797,,,0.008157873526215553
9200,14.0,1272,1.694885492324829,,,0.00789213553071022
9201,9.0,848,1.1419365406036377,,,0.010847104713320732
9202,13.0,908,1.2191493511199951,,,0.006738515105098486
9203,6.0,683,0.9207639694213867,,,0.007067347411066294
9204,9.0,665,0.888458251953125,,,0.008682454004883766
9205,10.0,655,0.880385160446167,,,0.006972778122872114
9206,8.0,651,0.878997802734375,,,0.0037373134400695562
9207,10.0,679,0.9177556037902832,,,0.016309786587953568
9208,8.0,590,0.7951161861419678,,,0.008902662433683872
9209,15.0,845,1.15065336227417,,,0.013115140609443188
9210,11.0,643,0.8773188591003418,,,0.027907395735383034
9211,8.0,651,0.8900046348571777,,,0.012196226976811886
9212,11.0,681,0.9291784763336182,,,0.00713947881013155
9213,4.0,497,0.6842994689941406,,,0.012080701068043709
9214,4.0,589,0.7989904880523682,,,0.010800197720527649
9215,8.0,578,0.7919275760650635,,,0.006803328637033701
9216,9.0,703,0.9608473777770996,,,0.010570873506367207
9217,4.0,582,0.7937357425689697,,,0.0045593976974487305
9218,9.0,689,0.9358806610107422,,,0.013582381419837475
9219,9.0,725,0.9922811985015869,,,0.01013757474720478
9220,14.0,977,1.3242051601409912,,,0.004186251200735569
9221,14.0,993,1.3485407829284668,,,0.012332103215157986
9222,20.0,1384,1.8729057312011719,,,0.0069456021301448345
9223,4.0,603,0.8197481632232666,,,0.016132168471813202
9224,10.0,722,0.9811477661132812,,,0.0031434488482773304
9225,9.0,678,0.927593469619751,,,0.009817248210310936
9226,7.0,537,0.7253334522247314,,,0.010176188312470913
9227,8.0,591,0.7997746467590332,,,0.008199506439268589
9228,4.0,573,0.7798645496368408,,,0.0039170412346720695
9229,7.0,704,0.9598445892333984,,,0.012532118707895279
9230,9.0,833,1.132308006286621,,,0.00234979554079473
9231,4.0,595,0.810706377029419,,,0.016701051965355873
9232,13.0,790,1.0676629543304443,,,0.004725204780697823
9233,8.0,685,0.9345190525054932,,,0.009265927597880363
9234,5.0,493,0.666719913482666,,,0.008924097754061222
9235,10.0,706,0.962716817855835,,,0.009965126402676105
9236,4.0,497,0.6773076057434082,,,0.006751207634806633
9237,13.0,891,1.2124738693237305,,,0.015960531309247017
9238,8.0,539,0.7311868667602539,,,0.010881955735385418
9239,3.0,476,0.6503591537475586,,,0.00835247989743948
9240,18.0,1050,1.4244909286499023,,,0.006356518715620041
9241,11.0,691,0.9509813785552979,,,0.005982546601444483
9242,9.0,693,0.9445383548736572,,,0.005593587178736925
9243,11.0,673,0.9206950664520264,,,0.019865786656737328
9244,17.0,1110,1.506432294845581,,,0.02965199574828148
9245,13.0,691,0.9407620429992676,,,0.013313761912286282
9246,13.0,1004,1.3763141632080078,,,0.007273521739989519
9247,7.0,562,0.7670695781707764,,,0.0069394404999911785
9248,7.0,673,0.9207432270050049,,,0.008597399108111858
9249,4.0,574,0.7885382175445557,,,0.010511168278753757
9250,6.0,579,0.7853965759277344,,,0.007558926939964294
9251,17.0,1079,1.4478957653045654,,,0.010124421678483486
9252,23.0,1451,1.9423823356628418,,,0.008362644352018833
9253,17.0,1094,1.4714257717132568,,,0.009537805803120136
9254,8.0,579,0.7801463603973389,,,0.015011009760200977
9255,6.0,537,0.7240157127380371,,,0.004735087975859642
9256,19.0,1411,1.8970954418182373,,,0.006434351205825806
9257,3.0,541,0.7326264381408691,,,0.007378694135695696
9258,12.0,649,0.8832871913909912,,,0.028216294944286346
9259,8.0,579,0.778468132019043,,,0.01456955075263977
9260,7.0,427,0.5754806995391846,,,0.0195213221013546
9261,22.0,1601,2.141197443008423,,,0.00892912968993187
9262,13.0,1009,1.3577985763549805,,,0.02594912052154541
9263,17.0,958,1.2854702472686768,,,0.0075583686120808125
9264,21.0,1460,1.9572653770446777,,,0.01039164885878563
9265,16.0,1187,1.6078414916992188,,,0.01599082536995411
9266,15.0,1099,1.4808721542358398,,,0.01674295961856842
9267,12.0,868,1.171412467956543,,,0.0052507068030536175
9268,14.0,989,1.333935260772705,,,0.012851317413151264
9269,11.0,771,1.0463716983795166,,,0.007093234919011593
9270,7.0,395,0.532221794128418,,,0.00486474484205246
9271,4.0,489,0.6653537750244141,,,0.012086041271686554
9272,15.0,815,1.0981078147888184,,,0.010296300053596497
9273,16.0,879,1.1839673519134521,,,0.004468397703021765
9274,2.0,361,0.4875667095184326,,,0.00847445335239172
9275,15.0,769,1.0324528217315674,,,0.008097603917121887
9276,27.0,1862,2.4712696075439453,,,0.022038672119379044
9277,8.0,497,0.6744649410247803,,,0.010431651957333088
9278,10.0,900,1.2155723571777344,,,0.011329062283039093
9279,17.0,906,1.2208278179168701,,,0.006073874421417713
9280,10.0,636,0.862450122833252,,,0.009463335387408733
9281,12.0,751,1.0240726470947266,,,0.009473112411797047
9282,7.0,392,0.5302093029022217,,,0.006669829599559307
9283,13.0,804,1.098902702331543,,,0.003417819272726774
9284,10.0,746,1.0168921947479248,,,0.013389378786087036
9285,7.0,520,0.713916540145874,,,0.015110442414879799
9286,7.0,349,0.47925496101379395,,,0.008685912936925888
9287,7.0,525,0.7186875343322754,,,0.013102257624268532
9288,4.0,477,0.6469016075134277,,,0.00843070913106203
9289,19.0,925,1.2482678890228271,,,0.008592325262725353
9290,10.0,650,0.8884649276733398,,,0.01336423959583044
9291,28.0,1421,1.9056694507598877,,,0.00937799271196127
9292,7.0,562,0.7691073417663574,,,0.013671732507646084
9293,16.0,996,1.349893569946289,,,0.029838362708687782
9294,6.0,583,0.7899270057678223,,,0.005914698820561171
9295,18.0,913,1.231027603149414,,,0.011929926462471485
9296,10.0,823,1.121903896331787,,,0.020873431116342545
9297,6.0,403,0.5557303428649902,,,0.009989693760871887
9298,11.0,650,0.8876173496246338,,,0.010723913088440895
9299,6.0,403,0.5516417026519775,,,0.0058914003893733025
9300,12.0,677,0.9137623310089111,,,0.009545944631099701
9301,12.0,646,0.8837597370147705,,,0.007128602359443903
9302,12.0,794,1.0774214267730713,,,0.01203899085521698
9303,12.0,641,0.8814787864685059,,,0.013876081444323063
9304,10.0,692,0.9495024681091309,,,0.011168952099978924
9305,5.0,574,0.7882933616638184,,,0.01166795939207077
9306,10.0,650,0.8846423625946045,,,0.005524246487766504
9307,11.0,679,0.923020601272583,,,0.0027761501260101795
9308,14.0,867,1.1795868873596191,,,0.010388883762061596
9309,11.0,723,0.9863183498382568,,,0.009676720947027206
9310,12.0,667,0.9092888832092285,,,0.00552276149392128
9311,6.0,580,0.7835526466369629,,,0.011313457041978836
9312,4.0,497,0.6674978733062744,,,0.010279792360961437
9313,4.0,495,0.6667509078979492,,,0.03419339284300804
9314,21.0,1195,1.593919277191162,,,0.015024430118501186
9315,4.0,498,0.6729645729064941,,,0.0031386814080178738
9316,4.0,573,0.7663016319274902,,,0.00431129802018404
9317,21.0,1091,1.470282793045044,,,0.01204316969960928
9318,6.0,521,0.7100801467895508,,,0.008380573242902756
9319,12.0,665,0.8999011516571045,,,0.006026267074048519
9320,13.0,1001,1.3440783023834229,,,0.007776220794767141
9321,13.0,632,0.8556442260742188,,,0.008142126724123955
9322,12.0,597,0.8041625022888184,,,0.01031224150210619
9323,14.0,951,1.2790968418121338,,,0.005598150193691254
9324,34.0,2353,3.100369930267334,,,0.007878359407186508
9325,32.0,1735,2.3008947372436523,,,0.010211450047791004
9326,22.0,1057,1.4108407497406006,,,0.014818214811384678
9327,12.0,665,0.8916769027709961,,,0.006115401163697243
9328,28.0,1599,2.1309003829956055,,,0.010847027413547039
9329,18.0,1031,1.3800749778747559,,,0.010268207639455795
9330,9.0,540,0.7277004718780518,,,0.015197093598544598
9331,13.0,776,1.0458548069000244,,,0.01140636671334505
9332,12.0,853,1.1436741352081299,,,0.007398886140435934
9333,3.0,490,0.6670761108398438,,,0.006355982273817062
9334,4.0,573,0.7830767631530762,,,0.02067825011909008
9335,12.0,874,1.1874780654907227,,,0.006601815111935139
9336,4.0,598,0.8131604194641113,,,0.011883840896189213
9337,18.0,852,1.1531586647033691,,,0.004149134270846844
9338,14.0,895,1.2163348197937012,,,0.007805392611771822
9339,23.0,1053,1.424882411956787,,,0.00615932559594512
9340,14.0,633,0.8629984855651855,,,0.01354045607149601
9341,11.0,511,0.7029733657836914,,,0.005190003197640181
9342,20.0,1475,1.9751040935516357,,,0.011927414685487747
9343,13.0,859,1.1719698905944824,,,0.010167623870074749
9344,9.0,702,0.9576127529144287,,,0.012415208853781223
9345,14.0,1024,1.3915774822235107,,,0.004014669917523861
9346,14.0,963,1.3091411590576172,,,0.010332377627491951
9347,5.0,393,0.5342526435852051,,,0.006135020405054092
9348,12.0,848,1.1602516174316406,,,0.012634732760488987
9349,17.0,942,1.272383451461792,,,0.006448359228670597
9350,20.0,1135,1.5403189659118652,,,0.0027349095325917006
9351,13.0,697,0.9491336345672607,,,0.0191021915525198
9352,5.0,667,0.912813663482666,,,0.011870832182466984
9353,12.0,843,1.140946626663208,,,0.023486696183681488
9354,7.0,392,0.5325124263763428,,,0.007013763766735792
9355,10.0,614,0.8377962112426758,,,0.01595657877624035
9356,14.0,900,1.2272765636444092,,,0.002771263010799885
9357,14.0,868,1.1897618770599365,,,0.008695368655025959
9358,20.0,1296,1.7489051818847656,,,0.0066103278659284115
9359,19.0,918,1.247823715209961,,,0.00684000039473176
9360,13.0,609,0.8293297290802002,,,0.00944356806576252
9361,11.0,571,0.7868266105651855,,,0.0043738847598433495
9362,11.0,612,0.8333883285522461,,,0.0029395308811217546
9363,23.0,1056,1.4305953979492188,,,0.004128387197852135
9364,20.0,1055,1.4274258613586426,,,0.00592341274023056
9365,16.0,987,1.3555679321289062,,,0.010849637910723686
9366,12.0,831,1.1324830055236816,,,0.028616951778531075
9367,7.0,362,0.49349403381347656,,,0.013303629122674465
9368,7.0,392,0.5330314636230469,,,0.011309386231005192
9369,6.0,384,0.5282497406005859,,,0.015144066885113716
9370,18.0,769,1.044626235961914,,,0.031757570803165436
9371,13.0,826,1.1085772514343262,,,0.006349069066345692
9372,6.0,393,0.5291042327880859,,,0.010375984013080597
9373,27.0,1582,2.111226797103882,,,0.033244870603084564
9374,8.0,395,0.5391557216644287,,,0.0049179731868207455
9375,31.0,1516,2.039492607116699,,,0.005011729430407286
9376,15.0,1116,1.5052533149719238,,,0.0336202010512352
9377,13.0,655,0.8919122219085693,,,0.0034841038286685944
9378,13.0,638,0.8686723709106445,,,0.023675095289945602
9379,10.0,557,0.7532706260681152,,,0.011425142176449299
9380,25.0,1530,2.064854621887207,,,0.012524592690169811
9381,9.0,704,0.9632093906402588,,,0.01183879654854536
9382,10.0,627,0.8573710918426514,,,0.008529240265488625
9383,14.0,855,1.166001319885254,,,0.00715968944132328
9384,8.0,681,0.9172897338867188,,,0.01517334021627903
9385,17.0,933,1.2462215423583984,,,0.01687881164252758
9386,13.0,606,0.8180410861968994,,,0.007241571322083473
9387,4.0,497,0.682692289352417,,,0.012900201603770256
9388,11.0,725,0.9813859462738037,,,0.004274594597518444
9389,13.0,629,0.8580625057220459,,,0.007734235841780901
9390,16.0,1093,1.4888784885406494,,,0.018171846866607666
9391,11.0,626,0.855426549911499,,,0.01050402969121933
9392,18.0,1037,1.3980457782745361,,,0.006785011850297451
9393,10.0,634,0.8654599189758301,,,0.01579783484339714
9394,11.0,655,0.8986656665802002,,,0.013232865370810032
9395,10.0,903,1.2298171520233154,,,0.01446270290762186
9396,18.0,1095,1.483144998550415,,,0.0048564765602350235
9397,12.0,832,1.1346697807312012,,,0.03538525104522705
9398,12.0,669,0.9071619510650635,,,0.01799992099404335
9399,18.0,911,1.2291440963745117,,,0.01724204234778881
9400,16.0,745,1.003190040588379,,,0.011488678865134716
9401,9.0,622,0.8437209129333496,,,0.005176873877644539
9402,8.0,655,0.8993871212005615,,,0.006538999266922474
9403,8.0,621,0.8453986644744873,,,0.008599594235420227
9404,11.0,648,0.8807635307312012,,,0.007820342667400837
9405,4.0,605,0.8283662796020508,,,0.00646804366260767
9406,11.0,906,1.2346951961517334,,,0.0118654640391469
9407,3.0,555,0.760000467300415,,,0.006812633480876684
9408,13.0,785,1.066021203994751,,,0.006144174374639988
9409,28.0,1445,1.9415547847747803,,,0.0030606230720877647
9410,20.0,894,1.2144925594329834,,,0.008810119703412056
9411,16.0,789,1.0691206455230713,,,0.009587840177118778
9412,12.0,663,0.8998003005981445,,,0.007883524522185326
9413,7.0,553,0.7540547847747803,,,0.006151080597192049
9414,10.0,703,0.9543948173522949,,,0.016561146825551987
9415,14.0,813,1.102501630783081,,,0.006292225327342749
9416,15.0,723,0.9751746654510498,,,0.015434117056429386
9417,8.0,705,0.9484045505523682,,,0.012740477919578552
9418,13.0,979,1.3222830295562744,,,0.02134140022099018
9419,19.0,1085,1.4621484279632568,,,0.004550045356154442
9420,11.0,682,0.9295098781585693,,,0.014727013185620308
9421,23.0,1377,1.8612565994262695,,,0.012560715898871422
9422,8.0,635,0.8552074432373047,,,0.004729896783828735
9423,11.0,924,1.2518527507781982,,,0.01049122679978609
9424,5.0,583,0.7940876483917236,,,0.006215821485966444
9425,10.0,838,1.1419150829315186,,,0.011288023553788662
9426,13.0,971,1.3271253108978271,,,0.02149009332060814
9427,11.0,614,0.8329498767852783,,,0.007747965399175882
9428,22.0,1126,1.5106515884399414,,,0.01019714493304491
9429,10.0,930,1.265127182006836,,,0.016844026744365692
9430,4.0,475,0.6470942497253418,,,0.012284757569432259
9431,14.0,855,1.162959098815918,,,0.005032664630562067
9432,5.0,403,0.5479509830474854,,,0.02513616718351841
9433,25.0,1090,1.4754879474639893,,,0.013740599155426025
9434,4.0,497,0.6752054691314697,,,0.007937327027320862
9435,17.0,828,1.1274044513702393,,,0.012760782614350319
9436,13.0,667,0.9062585830688477,,,0.0031981244683265686
9437,22.0,1022,1.3798084259033203,,,0.02434554696083069
9438,6.0,671,0.9113368988037109,,,0.004936571232974529
9439,11.0,609,0.8227944374084473,,,0.013295271433889866
9440,5.0,474,0.6447129249572754,,,0.01480107195675373
9441,13.0,623,0.8424780368804932,,,0.02076980285346508
9442,12.0,659,0.8808882236480713,,,0.02473141811788082
9443,10.0,703,0.9477510452270508,,,0.03631419315934181
9444,10.0,607,0.8198833465576172,,,0.013965489342808723
9445,12.0,643,0.8750710487365723,,,0.02082868479192257
9446,5.0,575,0.7844970226287842,,,0.007615761365741491
9447,23.0,1351,1.8289687633514404,,,0.01022294070571661
9448,6.0,669,0.9102499485015869,,,0.016492055729031563
9449,26.0,1412,1.8979365825653076,,,0.006005779840052128
9450,17.0,1071,1.4552335739135742,,,0.019301649183034897
9451,12.0,824,1.122117519378662,,,0.014353513717651367
9452,15.0,749,1.0169727802276611,,,0.011887256987392902
9453,10.0,829,1.1304001808166504,,,0.0035642036236822605
9454,16.0,819,1.1088523864746094,,,0.020091097801923752
9455,15.0,772,1.0476844310760498,,,0.009203040041029453
9456,22.0,1191,1.6138391494750977,,,0.012751699425280094
9457,4.0,353,0.48783302307128906,,,0.017521880567073822
9458,12.0,587,0.8074822425842285,,,0.004900512285530567
9459,19.0,1031,1.399869441986084,,,0.008165959268808365
9460,11.0,675,0.9180908203125,,,0.00935786496847868
9461,7.0,541,0.7387723922729492,,,0.010305303148925304
9462,14.0,775,1.046736717224121,,,0.00871855579316616
9463,5.0,590,0.7959651947021484,,,0.0076924944296479225
9464,5.0,578,0.7931349277496338,,,0.017762795090675354
9465,16.0,893,1.2184646129608154,,,0.0345500223338604
9466,13.0,675,0.9198675155639648,,,0.007697031367570162
9467,19.0,880,1.1921584606170654,,,0.01640729233622551
9468,18.0,991,1.3629391193389893,,,0.005455869249999523
9469,12.0,639,0.8757991790771484,,,0.009848067536950111
9470,21.0,1096,1.4793016910552979,,,0.004772761836647987
9471,9.0,842,1.1412312984466553,,,0.021490653976798058
9472,19.0,1066,1.4336373805999756,,,0.014859558083117008
9473,19.0,1173,1.579561710357666,,,0.009489995427429676
9474,12.0,697,0.9502134323120117,,,0.0069320229813456535
9475,21.0,1267,1.6882905960083008,,,0.01126894447952509
9476,12.0,667,0.8977041244506836,,,0.006253488827496767
9477,7.0,566,0.7689337730407715,,,0.0040870592929422855
9478,8.0,353,0.47496843338012695,,,0.011565540917217731
9479,12.0,919,1.2426578998565674,,,0.01061972975730896
9480,9.0,512,0.6902494430541992,,,0.014383739791810513
9481,7.0,405,0.5519015789031982,,,0.01344416756182909
9482,7.0,580,0.7865939140319824,,,0.018803615123033524
9483,27.0,1950,2.601141929626465,,,0.03567257151007652
9484,5.0,356,0.4812033176422119,,,0.010223119519650936
9485,24.0,1173,1.5830323696136475,,,0.0032691354863345623
9486,4.0,335,0.4572930335998535,,,0.007288297172635794
9487,6.0,398,0.5426833629608154,,,0.0022509158588945866
9488,16.0,742,1.0030155181884766,,,0.00625206483528018
9489,17.0,975,1.3131756782531738,,,0.010568920522928238
9490,12.0,674,0.9087400436401367,,,0.012322510592639446
9491,7.0,405,0.5501453876495361,,,0.013861790299415588
9492,11.0,644,0.8691902160644531,,,0.012321687303483486
9493,13.0,631,0.8590996265411377,,,0.011989360675215721
9494,5.0,388,0.5221991539001465,,,0.014873117208480835
9495,12.0,642,0.864670991897583,,,0.011135470122098923
9496,7.0,396,0.5389077663421631,,,0.01349765807390213
9497,14.0,813,1.1000652313232422,,,0.007335566449910402
9498,6.0,703,0.9504530429840088,,,0.012287400662899017
9499,14.0,845,1.1473488807678223,,,0.008769071660935879
9500,15.0,932,1.2586023807525635,,,0.01696895621716976
9501,20.0,1336,1.8021588325500488,,,0.008769882842898369
9502,20.0,1068,1.4285967350006104,,,0.01651502214372158
9503,12.0,996,1.347987413406372,,,0.007344529032707214
9504,17.0,859,1.1563899517059326,,,0.03539717197418213
9505,3.0,374,0.5042738914489746,,,0.011458908207714558
9506,5.0,356,0.48513126373291016,,,0.011801565997302532
9507,17.0,1083,1.467904806137085,,,0.013590177521109581
9508,14.0,696,0.9537866115570068,,,0.01521985698491335
9509,9.0,661,0.8938043117523193,,,0.007895377464592457
9510,10.0,644,0.8696527481079102,,,0.023433974012732506
9511,22.0,936,1.2551863193511963,,,0.004753749817609787
9512,16.0,757,1.0182666778564453,,,0.013483166694641113
9513,11.0,607,0.8166553974151611,,,0.006666137836873531
9514,13.0,775,1.0431475639343262,,,0.00567854568362236
9515,8.0,395,0.5407402515411377,,,0.006956272758543491
9516,10.0,576,0.7769088745117188,,,0.00422635767608881
9517,17.0,859,1.1619184017181396,,,0.018025804311037064
9518,8.0,564,0.765871524810791,,,0.01644131727516651
9519,7.0,360,0.48768162727355957,,,0.007133922539651394
9520,13.0,675,0.9140689373016357,,,0.011426578275859356
9521,10.0,628,0.8522911071777344,,,0.030784836038947105
9522,16.0,708,0.968212366104126,,,0.0055669150315225124
9523,3.0,393,0.5367448329925537,,,0.006251201964914799
9524,6.0,557,0.7623565196990967,,,0.007056610193103552
9525,12.0,647,0.8885805606842041,,,0.011965613812208176
9526,13.0,615,0.841850996017456,,,0.008075266145169735
9527,6.0,582,0.7986655235290527,,,0.012862940318882465
9528,4.0,567,0.7760822772979736,,,0.014908108860254288
9529,7.0,360,0.49510931968688965,,,0.006066726986318827
9530,7.0,684,0.9299132823944092,,,0.010392395779490471
9531,13.0,989,1.3420934677124023,,,0.02051570825278759
9532,7.0,360,0.49443984031677246,,,0.007398757617920637
9533,12.0,672,0.9277276992797852,,,0.008624597452580929
9534,15.0,823,1.1250503063201904,,,0.006304020527750254
9535,10.0,571,0.7804107666015625,,,0.01030487660318613
9536,15.0,856,1.173990249633789,,,0.010693413205444813
9537,14.0,901,1.2225122451782227,,,0.035631854087114334
9538,8.0,705,0.9577255249023438,,,0.010697039775550365
9539,14.0,930,1.2656052112579346,,,0.010417780838906765
9540,21.0,846,1.147813081741333,,,0.009144588373601437
9541,14.0,806,1.1059939861297607,,,0.008690549060702324
9542,11.0,540,0.7364122867584229,,,0.008056784979999065
9543,9.0,674,0.9026093482971191,,,0.014917295426130295
9544,2.0,392,0.5282440185546875,,,0.023337094113230705
9545,10.0,621,0.8355803489685059,,,0.010102082043886185
9546,7.0,360,0.4886040687561035,,,0.01178386714309454
9547,3.0,510,0.6885859966278076,,,0.006706361658871174
9548,7.0,372,0.5023705959320068,,,0.008507461287081242
9549,12.0,759,1.0375430583953857,,,0.004452208988368511
9550,11.0,924,1.2599546909332275,,,0.011208202689886093
9551,13.0,739,1.0061132907867432,,,0.004100691992789507
9552,10.0,698,0.9489419460296631,,,0.010910299606621265
9553,18.0,1013,1.359900951385498,,,0.015617826022207737
9554,7.0,393,0.5335431098937988,,,0.012573374435305595
9555,6.0,403,0.5460662841796875,,,0.00495343329384923
9556,14.0,983,1.3179376125335693,,,0.027397096157073975
9557,20.0,1077,1.4493553638458252,,,0.021198438480496407
9558,23.0,982,1.3137288093566895,,,0.01337249856442213
9559,12.0,570,0.7763683795928955,,,0.02733541838824749
9560,4.0,569,0.7718837261199951,,,0.024776576086878777
9561,21.0,1213,1.6486890316009521,,,0.003075581742450595
9562,5.0,504,0.689427375793457,,,0.012747906148433685
9563,12.0,818,1.1105968952178955,,,0.006859562825411558
9564,10.0,735,1.0058128833770752,,,0.012908894568681717
9565,7.0,403,0.5546486377716064,,,0.017215846106410027
9566,9.0,703,0.9561192989349365,,,0.011842034757137299
9567,16.0,755,1.0283203125,,,0.014782367274165154
9568,21.0,1004,1.354780912399292,,,0.008753163740038872
9569,11.0,1063,1.4401493072509766,,,0.009619343094527721
9570,18.0,909,1.2260823249816895,,,0.0108276242390275
9571,13.0,827,1.1102371215820312,,,0.03513186797499657
9572,11.0,643,0.8804781436920166,,,0.01164042018353939
9573,15.0,826,1.1213386058807373,,,0.013184692710638046
9574,11.0,562,0.7708654403686523,,,0.005955596920102835
9575,9.0,529,0.7206225395202637,,,0.01174035482108593
9576,6.0,393,0.5316076278686523,,,0.017987774685025215
9577,15.0,1097,1.4960136413574219,,,0.016026031225919724
9578,8.0,399,0.5462954044342041,,,0.012214568443596363
9579,12.0,614,0.8435096740722656,,,0.007943203672766685
9580,23.0,1135,1.5338983535766602,,,0.019872993230819702
9581,4.0,367,0.5067811012268066,,,0.004712358117103577
9582,19.0,1094,1.4774816036224365,,,0.027126604691147804
9583,13.0,977,1.3227484226226807,,,0.021469350904226303
9584,13.0,989,1.3423190116882324,,,0.008244368247687817
9585,6.0,574,0.7822933197021484,,,0.007569652516394854
9586,7.0,541,0.736769437789917,,,0.006346947513520718
9587,7.0,404,0.5516347885131836,,,0.013805581256747246
9588,8.0,703,0.9582314491271973,,,0.007146340794861317
9589,16.0,725,0.9898803234100342,,,0.012495575472712517
9590,14.0,903,1.238924264907837,,,0.005907553713768721
9591,12.0,644,0.8768877983093262,,,0.012098787352442741
9592,9.0,960,1.2978005409240723,,,0.006598437670618296
9593,8.0,362,0.49041318893432617,,,0.007383727002888918
9594,10.0,621,0.8471758365631104,,,0.013345961458981037
9595,8.0,386,0.5278658866882324,,,0.013647991232573986
9596,13.0,551,0.7533690929412842,,,0.04573492333292961
9597,18.0,939,1.268550157546997,,,0.010479829274117947
9598,17.0,995,1.3592729568481445,,,0.00903730746358633
9599,4.0,367,0.503685712814331,,,0.026145873591303825
9600,13.0,625,0.8581950664520264,,,0.008124888874590397
9601,13.0,807,1.0995287895202637,,,0.030975451692938805
9602,13.0,909,1.2427058219909668,,,0.012332119047641754
9603,26.0,1210,1.6329317092895508,,,0.026993989944458008
9604,20.0,981,1.32381272315979,,,0.006770340260118246
9605,18.0,1004,1.3502960205078125,,,0.0056349728256464005
9606,12.0,575,0.775632381439209,,,0.013650288805365562
9607,16.0,762,1.0241007804870605,,,0.013027154840528965
9608,14.0,595,0.8036198616027832,,,0.02900054305791855
9609,8.0,353,0.48606252670288086,,,0.020387960597872734
9610,12.0,617,0.8319697380065918,,,0.013352245092391968
9611,22.0,841,1.1274676322937012,,,0.018799621611833572
9612,5.0,354,0.47270989418029785,,,0.004704852122813463
9613,13.0,609,0.819291353225708,,,0.007895336486399174
9614,7.0,549,0.7402660846710205,,,0.02693469263613224
9615,12.0,627,0.8433489799499512,,,0.017082007601857185
9616,8.0,353,0.48375511169433594,,,0.011591359972953796
9617,13.0,935,1.262359857559204,,,0.005157337058335543
9618,18.0,1001,1.3536522388458252,,,0.010882888920605183
9619,15.0,887,1.212629795074463,,,0.004673823714256287
9620,5.0,386,0.5286734104156494,,,0.009058886207640171
9621,20.0,1277,1.729407548904419,,,0.0261592548340559
9622,8.0,497,0.6761293411254883,,,0.022936634719371796
9623,16.0,741,1.01076340675354,,,0.0077231936156749725
9624,19.0,827,1.1163253784179688,,,0.010759640485048294
9625,8.0,362,0.5001518726348877,,,0.014517552219331264
9626,30.0,1332,1.7946343421936035,,,0.010199740529060364
9627,9.0,399,0.5485398769378662,,,0.022963393479585648
9628,6.0,355,0.48697757720947266,,,0.01730475202202797
9629,8.0,363,0.49411845207214355,,,0.00923941284418106
9630,4.0,333,0.44954729080200195,,,0.010997174307703972
9631,9.0,643,0.8704078197479248,,,0.042584583163261414
9632,13.0,620,0.8381154537200928,,,0.01818724162876606
9633,15.0,791,1.070730209350586,,,0.012031937018036842
9634,6.0,386,0.5230081081390381,,,0.024722851812839508
9635,7.0,392,0.5338199138641357,,,0.019248858094215393
9636,16.0,1069,1.4413859844207764,,,0.013553830794990063
9637,16.0,739,0.995713472366333,,,0.00279710884205997
9638,12.0,683,0.922910213470459,,,0.009845614433288574
9639,13.0,627,0.8540847301483154,,,0.007100672926753759
9640,6.0,381,0.5228197574615479,,,0.009506084956228733
9641,18.0,873,1.1888079643249512,,,0.020454129204154015
9642,12.0,666,0.9145920276641846,,,0.014409765601158142
9643,7.0,383,0.525766134262085,,,0.002995653310790658
9644,17.0,771,1.043592929840088,,,0.00501755066215992
9645,9.0,579,0.795940637588501,,,0.007801141124218702
9646,13.0,659,0.9034774303436279,,,0.00836744625121355
9647,12.0,653,0.8880095481872559,,,0.01263115368783474
9648,24.0,1090,1.4746224880218506,,,0.013154903426766396
9649,18.0,755,1.0287485122680664,,,0.008540351875126362
9650,11.0,725,0.9896829128265381,,,0.008394245058298111
9651,6.0,821,1.1162981986999512,,,0.010762306861579418
9652,5.0,471,0.6441135406494141,,,0.022125516086816788
9653,18.0,855,1.1594984531402588,,,0.01714363694190979
9654,12.0,590,0.794335126876831,,,0.005733452271670103
9655,13.0,815,1.112546682357788,,,0.015196504071354866
9656,12.0,902,1.228727102279663,,,0.014482177793979645
9657,8.0,407,0.5527164936065674,,,0.026238851249217987
9658,30.0,1445,1.9081993103027344,,,0.01967245154082775
9659,12.0,703,0.9397566318511963,,,0.010276584886014462
9660,14.0,623,0.8371636867523193,,,0.005101095885038376
9661,18.0,829,1.1111559867858887,,,0.008865995332598686
9662,9.0,550,0.739483118057251,,,0.016777046024799347
9663,15.0,731,0.9829342365264893,,,0.021560009568929672
9664,9.0,699,0.9455649852752686,,,0.03680391237139702
9665,9.0,488,0.6607398986816406,,,0.008506972342729568
9666,20.0,1227,1.6340551376342773,,,0.011487509123980999
9667,17.0,904,1.2172925472259521,,,0.017075065523386
9668,13.0,741,0.9960098266601562,,,0.0040744598954916
9669,15.0,705,0.9457788467407227,,,0.00940097775310278
9670,14.0,752,1.0068800449371338,,,0.024353215470910072
9671,6.0,490,0.6608748435974121,,,0.007562420330941677
9672,19.0,952,1.2736542224884033,,,0.014804459176957607
9673,10.0,491,0.6697578430175781,,,0.011607186868786812
9674,9.0,717,0.9688031673431396,,,0.022225800901651382
9675,14.0,945,1.2702043056488037,,,0.007528721820563078
9676,18.0,1052,1.4041483402252197,,,0.01857529953122139
9677,8.0,365,0.4950556755065918,,,0.014073911122977734
9678,13.0,716,0.9624843597412109,,,0.008487366139888763
9679,14.0,631,0.8502025604248047,,,0.01101688016206026
9680,11.0,573,0.7712976932525635,,,0.018279679119586945
9681,14.0,622,0.8433356285095215,,,0.013329623267054558
9682,4.0,352,0.47924113273620605,,,0.01463819108903408
9683,13.0,807,1.081834077835083,,,0.007057711482048035
9684,25.0,1107,1.4901926517486572,,,0.026956694200634956
9685,14.0,619,0.8425717353820801,,,0.018777674064040184
9686,8.0,399,0.5468595027923584,,,0.006566718686372042
9687,8.0,583,0.7906334400177002,,,0.020760001614689827
9688,19.0,979,1.3075764179229736,,,0.009911948814988136
9689,7.0,437,0.5866494178771973,,,0.004610641393810511
9690,21.0,959,1.2790892124176025,,,0.019177600741386414
9691,13.0,691,0.9298090934753418,,,0.026150565594434738
9692,8.0,399,0.5381877422332764,,,0.017864184454083443
9693,13.0,784,1.0494415760040283,,,0.014763089828193188
9694,13.0,627,0.8402230739593506,,,0.018619395792484283
9695,21.0,1168,1.559396743774414,,,0.008797620423138142
9696,8.0,380,0.5125207901000977,,,0.012981835752725601
9697,18.0,740,1.00813889503479,,,0.015388044528663158
9698,19.0,955,1.2982382774353027,,,0.03268015757203102
9699,9.0,399,0.5458176136016846,,,0.021231666207313538
9700,10.0,653,0.8921811580657959,,,0.007808188907802105
9701,12.0,551,0.7564878463745117,,,0.012100527063012123
9702,21.0,1125,1.5043890476226807,,,0.026183251291513443
9703,16.0,818,1.1002492904663086,,,0.02055867202579975
9704,19.0,945,1.260279655456543,,,0.006687521003186703
9705,13.0,619,0.8336689472198486,,,0.008861708454787731
9706,15.0,737,0.9828722476959229,,,0.020705824717879295
9707,12.0,461,0.6176087856292725,,,0.023848840966820717
9708,10.0,668,0.894106388092041,,,0.01821606233716011
9709,12.0,717,0.9636447429656982,,,0.024199143052101135
9710,10.0,568,0.7637059688568115,,,0.012125326320528984
9711,12.0,561,0.7529022693634033,,,0.011688384227454662
9712,13.0,641,0.8559613227844238,,,0.015388594008982182
9713,14.0,692,0.9296567440032959,,,0.012246767058968544
9714,11.0,641,0.8659143447875977,,,0.02862616255879402
9715,12.0,683,0.9222731590270996,,,0.02269824407994747
9716,7.0,399,0.5397367477416992,,,0.018038412556052208
9717,8.0,380,0.5155322551727295,,,0.009523033164441586
9718,26.0,1191,1.583683729171753,,,0.018422361463308334
9719,7.0,398,0.5368533134460449,,,0.014645107090473175
9720,8.0,399,0.5367212295532227,,,0.0085355956107378
9721,12.0,943,1.2667927742004395,,,0.008339396677911282
9722,11.0,624,0.8458418846130371,,,0.015472188591957092
9723,12.0,611,0.8239250183105469,,,0.03610675409436226
9724,13.0,939,1.256805181503296,,,0.013072235509753227
9725,7.0,595,0.8044142723083496,,,0.014121212996542454
9726,16.0,723,0.9661281108856201,,,0.014505653642117977
9727,15.0,893,1.2082164287567139,,,0.013032441027462482
9728,22.0,1217,1.6411147117614746,,,0.00926123932003975
9729,16.0,796,1.0823040008544922,,,0.0180521197617054
9730,16.0,1085,1.4600675106048584,,,0.016765829175710678
9731,10.0,589,0.7915976047515869,,,0.011253430508077145
9732,13.0,647,0.8738579750061035,,,0.014720341190695763
9733,14.0,637,0.8600430488586426,,,0.009503606706857681
9734,20.0,1013,1.3611974716186523,,,0.012197070755064487
9735,8.0,571,0.7674674987792969,,,0.01245027408003807
9736,13.0,622,0.8373026847839355,,,0.01189934927970171
9737,14.0,774,1.0496633052825928,,,0.008099375292658806
9738,23.0,945,1.2639367580413818,,,0.01065906323492527
9739,11.0,691,0.9277193546295166,,,0.013125516474246979
9740,8.0,363,0.49568819999694824,,,0.00786950346082449
9741,8.0,399,0.5497348308563232,,,0.013565645553171635
9742,6.0,624,0.8518173694610596,,,0.030193984508514404
9743,16.0,956,1.3020529747009277,,,0.007340499199926853
9744,11.0,543,0.7343432903289795,,,0.014678554609417915
9745,9.0,667,0.8960611820220947,,,0.020587239414453506
9746,12.0,756,1.0121073722839355,,,0.025353839620947838
9747,12.0,679,0.9192218780517578,,,0.02071330137550831
9748,20.0,993,1.350836992263794,,,0.02120792493224144
9749,13.0,619,0.8477897644042969,,,0.012520055286586285
9750,14.0,758,1.0291693210601807,,,0.05077797919511795
9751,8.0,385,0.5258514881134033,,,0.012449073605239391
9752,21.0,925,1.244084358215332,,,0.012343182228505611
9753,13.0,715,0.9737956523895264,,,0.028896676376461983
9754,2.0,491,0.6654112339019775,,,0.009729188866913319
9755,17.0,932,1.2606987953186035,,,0.012746225111186504
9756,8.0,395,0.5407743453979492,,,0.015096252784132957
9757,8.0,409,0.5603251457214355,,,0.008737173862755299
9758,8.0,413,0.5559403896331787,,,0.030101196840405464
9759,15.0,731,0.986236572265625,,,0.012378637678921223
9760,5.0,589,0.7957558631896973,,,0.010266811586916447
9761,17.0,785,1.0617451667785645,,,0.022676045075058937
9762,13.0,675,0.9216163158416748,,,0.009574989788234234
9763,8.0,613,0.825728178024292,,,0.02625688724219799
9764,16.0,1082,1.4624669551849365,,,0.006794394459575415
9765,11.0,657,0.8900570869445801,,,0.01386243849992752
9766,15.0,691,0.9310033321380615,,,0.011466237716376781
9767,8.0,395,0.5340087413787842,,,0.016182752326130867
9768,8.0,404,0.5452179908752441,,,0.011611061170697212
9769,18.0,850,1.1485049724578857,,,0.016192374750971794
9770,7.0,357,0.48030734062194824,,,0.017714180052280426
9771,8.0,365,0.4969820976257324,,,0.015153943561017513
9772,14.0,833,1.1217267513275146,,,0.003759250743314624
9773,8.0,362,0.49202799797058105,,,0.01121447142213583
9774,6.0,389,0.5298948287963867,,,0.012386887334287167
9775,16.0,992,1.3390038013458252,,,0.016709130257368088
9776,7.0,362,0.48983049392700195,,,0.014229503460228443
9777,6.0,392,0.5275592803955078,,,0.044080231338739395
9778,9.0,570,0.7657036781311035,,,0.010598928667604923
9779,28.0,1402,1.8724253177642822,,,0.019626345485448837
9780,6.0,386,0.5267333984375,,,0.02007977105677128
9781,9.0,587,0.8036160469055176,,,0.03466689959168434
9782,21.0,871,1.186518669128418,,,0.014138055965304375
9783,5.0,336,0.46085023880004883,,,0.009297426789999008
9784,14.0,739,1.0123441219329834,,,0.019115746021270752
9785,21.0,1144,1.5492358207702637,,,0.005970879457890987
9786,7.0,654,0.8908627033233643,,,0.011299997568130493
9787,14.0,717,0.9788212776184082,,,0.026972366496920586
9788,22.0,1309,1.7766330242156982,,,0.006653591524809599
9789,8.0,399,0.5417592525482178,,,0.023115918040275574
9790,20.0,1238,1.6803271770477295,,,0.0034137722104787827
9791,21.0,1133,1.52982497215271,,,0.010579998604953289
9792,16.0,879,1.1972026824951172,,,0.008503942750394344
9793,18.0,701,0.9584121704101562,,,0.01001254003494978
9794,11.0,638,0.8744778633117676,,,0.006112363655120134
9795,9.0,491,0.6659126281738281,,,0.006857077591121197
9796,7.0,362,0.4939110279083252,,,0.010439313016831875
9797,21.0,875,1.1832101345062256,,,0.01826464757323265
9798,8.0,558,0.754256010055542,,,0.024750955402851105
9799,12.0,601,0.8114631175994873,,,0.00998940970748663
9800,12.0,541,0.7297024726867676,,,0.01117044035345316
9801,8.0,395,0.5377569198608398,,,0.02326110564172268
9802,7.0,385,0.5317869186401367,,,0.017720449715852737
9803,15.0,741,0.9927840232849121,,,0.008880630135536194
9804,8.0,583,0.7858572006225586,,,0.010075335390865803
9805,21.0,937,1.2553086280822754,,,0.015126810409128666
9806,7.0,397,0.5333704948425293,,,0.009848825633525848
9807,13.0,819,1.0990369319915771,,,0.014691285789012909
9808,7.0,565,0.7619287967681885,,,0.03383737429976463
9809,17.0,902,1.2262394428253174,,,0.02604716457426548
9810,7.0,381,0.5264363288879395,,,0.014654114842414856
9811,10.0,759,1.034609317779541,,,0.0096358023583889
9812,25.0,1695,2.286262273788452,,,0.0075057800859212875
9813,11.0,746,1.0235567092895508,,,0.008192864246666431
9814,8.0,668,0.9036006927490234,,,0.007064977660775185
9815,17.0,1215,1.6505272388458252,,,0.01134118065237999
9816,10.0,620,0.8451433181762695,,,0.01120666041970253
9817,26.0,872,1.1779155731201172,,,0.007328310050070286
9818,13.0,865,1.1831145286560059,,,0.028308860957622528
9819,8.0,347,0.47380876541137695,,,0.006288616452366114
9820,5.0,348,0.47458958625793457,,,0.020325051620602608
9821,12.0,792,1.0844383239746094,,,0.018330654129385948
9822,9.0,815,1.108943223953247,,,0.007831996306777
9823,14.0,669,0.9091176986694336,,,0.012904427014291286
9824,14.0,783,1.0639708042144775,,,0.002068387810140848
9825,12.0,830,1.129270076751709,,,0.025041712448000908
9826,10.0,534,0.7299673557281494,,,0.017204049974679947
9827,31.0,1732,2.3168318271636963,,,0.01059042289853096
9828,11.0,707,0.9610259532928467,,,0.02241642214357853
9829,10.0,725,0.9886324405670166,,,0.038233257830142975
9830,11.0,675,0.9213197231292725,,,0.029190922155976295
9831,7.0,380,0.5224719047546387,,,0.018813271075487137
9832,15.0,845,1.151930332183838,,,0.0061448062770068645
9833,15.0,903,1.2315411567687988,,,0.009643255732953548
9834,21.0,1007,1.3689093589782715,,,0.04621255770325661
9835,7.0,396,0.5394814014434814,,,0.00330720329657197
9836,15.0,875,1.188110113143921,,,0.015715118497610092
9837,20.0,959,1.2957029342651367,,,0.012737848795950413
9838,8.0,576,0.7871403694152832,,,0.0041482336819171906
9839,8.0,589,0.8014941215515137,,,0.010012608021497726
9840,7.0,399,0.5450809001922607,,,0.007195005659013987
9841,24.0,1057,1.422123908996582,,,0.00601206487044692
9842,26.0,1112,1.4905133247375488,,,0.011536815203726292
9843,33.0,1765,2.3653502464294434,,,0.00475516589358449
9844,6.0,477,0.6551971435546875,,,0.017316600307822227
9845,8.0,385,0.5290184020996094,,,0.014138312079012394
9846,20.0,1077,1.4506356716156006,,,0.010078782215714455
9847,12.0,667,0.8953778743743896,,,0.013879243284463882
9848,19.0,1081,1.4433701038360596,,,0.01391188520938158
9849,14.0,795,1.0725233554840088,,,0.018872825428843498
9850,15.0,734,0.9839813709259033,,,0.010718269273638725
9851,13.0,617,0.8275308609008789,,,0.023274952545762062
9852,12.0,677,0.9135088920593262,,,0.009149032644927502
9853,15.0,711,0.9564599990844727,,,0.030524618923664093
9854,18.0,1011,1.3523476123809814,,,0.0053884354420006275
9855,12.0,659,0.8865611553192139,,,0.013220028951764107
9856,8.0,363,0.48990488052368164,,,0.010814160108566284
9857,7.0,506,0.6880724430084229,,,0.01580529287457466
9858,13.0,719,0.9632468223571777,,,0.008920514024794102
9859,13.0,803,1.0737848281860352,,,0.0067972540855407715
9860,20.0,866,1.165586233139038,,,0.010954317636787891
9861,17.0,901,1.206956386566162,,,0.005158853251487017
9862,8.0,445,0.595712423324585,,,0.0031511352863162756
9863,14.0,885,1.1930913925170898,,,0.015125746838748455
9864,11.0,736,0.9855961799621582,,,0.029895378276705742
9865,8.0,669,0.9042472839355469,,,0.006681288592517376
9866,16.0,737,0.9861311912536621,,,0.007227951195091009
9867,8.0,363,0.49134159088134766,,,0.004894948098808527
9868,37.0,1640,2.176612138748169,,,0.010476473718881607
9869,20.0,969,1.2995762825012207,,,0.009439080022275448
9870,7.0,460,0.6174049377441406,,,0.011100329458713531
9871,11.0,645,0.8713138103485107,,,0.010637212544679642
9872,13.0,802,1.076446771621704,,,0.016686296090483665
9873,18.0,745,0.9995150566101074,,,0.009842325933277607
9874,5.0,386,0.5207822322845459,,,0.006488820072263479
9875,7.0,428,0.576587438583374,,,0.017360547557473183
9876,16.0,687,0.9217162132263184,,,0.006905036512762308
9877,17.0,714,0.9618897438049316,,,0.006908886134624481
9878,7.0,398,0.5290768146514893,,,0.0076125855557620525
9879,12.0,659,0.886467695236206,,,0.005199868232011795
9880,12.0,643,0.8653993606567383,,,0.0160837359726429
9881,6.0,497,0.6676363945007324,,,0.01910603791475296
9882,8.0,573,0.76853346824646,,,0.01437347661703825
9883,7.0,542,0.7291102409362793,,,0.015360897406935692
9884,11.0,683,0.9213018417358398,,,0.026728063821792603
9885,11.0,627,0.8410465717315674,,,0.034562576562166214
9886,20.0,889,1.200901985168457,,,0.02120327018201351
9887,8.0,364,0.490964412689209,,,0.03933492302894592
9888,8.0,571,0.7683298587799072,,,0.007270283531397581
9889,13.0,797,1.0690865516662598,,,0.030522791668772697
9890,14.0,608,0.815701961517334,,,0.01422636117786169
9891,13.0,665,0.8918976783752441,,,0.010930291377007961
9892,18.0,838,1.1141841411590576,,,0.010860669426620007
9893,16.0,834,1.1172447204589844,,,0.042990874499082565
9894,7.0,583,0.7856056690216064,,,0.009678900241851807
9895,17.0,848,1.134981393814087,,,0.010925421491265297
9896,7.0,679,0.9101414680480957,,,0.007567042950540781
9897,11.0,886,1.192948341369629,,,0.005318013019859791
9898,9.0,629,0.8477687835693359,,,0.019251007586717606
9899,5.0,374,0.5049023628234863,,,0.008215060457587242
9900,12.0,655,0.8791699409484863,,,0.029149681329727173
9901,6.0,349,0.47435450553894043,,,0.008711297996342182
9902,13.0,631,0.8489668369293213,,,0.010062548331916332
9903,7.0,365,0.4950289726257324,,,0.012620489113032818
9904,15.0,881,1.183349370956421,,,0.01714860089123249
9905,11.0,573,0.7694790363311768,,,0.011486131697893143
9906,20.0,991,1.324075698852539,,,0.007476277649402618
9907,13.0,828,1.1143200397491455,,,0.011249490082263947
9908,16.0,601,0.8040618896484375,,,0.0031820102594792843
9909,12.0,549,0.7643356323242188,,,0.006869376637041569
9910,6.0,380,0.5206036567687988,,,0.015374602749943733
9911,15.0,773,1.044177532196045,,,0.0163328368216753
9912,8.0,365,0.4917125701904297,,,0.009199352003633976
9913,15.0,684,0.9190244674682617,,,0.009596843272447586
9914,8.0,668,0.8996784687042236,,,0.010931644588708878
9915,14.0,675,0.9088265895843506,,,0.013359852135181427
9916,7.0,384,0.5162773132324219,,,0.012599200941622257
9917,11.0,741,1.0021345615386963,,,0.012728194706141949
9918,23.0,1237,1.6712579727172852,,,0.014968731440603733
9919,6.0,561,0.7634966373443604,,,0.01894678920507431
9920,14.0,731,0.9907734394073486,,,0.030355248600244522
9921,14.0,690,0.9426023960113525,,,0.029569976031780243
9922,12.0,665,0.8957929611206055,,,0.01058727502822876
9923,7.0,381,0.5126099586486816,,,0.005220544990152121
9924,14.0,727,0.9774045944213867,,,0.007713037077337503
9925,13.0,657,0.8857998847961426,,,0.01310165785253048
9926,14.0,633,0.8601694107055664,,,0.02822927013039589
9927,7.0,362,0.49457240104675293,,,0.0045720492489635944
9928,14.0,617,0.8443281650543213,,,0.010175243020057678
9929,18.0,1004,1.3550910949707031,,,0.014902420341968536
9930,8.0,407,0.5564405918121338,,,0.019974809139966965
9931,14.0,827,1.1280968189239502,,,0.014994172379374504
9932,8.0,593,0.7938024997711182,,,0.017073141410946846
9933,19.0,1244,1.661710262298584,,,0.012223562225699425
9934,8.0,399,0.5441184043884277,,,0.005140313412994146
9935,15.0,553,0.7506833076477051,,,0.008120940066874027
9936,8.0,399,0.5412116050720215,,,0.008029821328818798
9937,16.0,787,1.0599486827850342,,,0.04857534542679787
9938,14.0,621,0.8403518199920654,,,0.003706117859110236
9939,19.0,1113,1.4950034618377686,,,0.006952106487005949
9940,14.0,836,1.1266162395477295,,,0.0317908450961113
9941,6.0,499,0.6718297004699707,,,0.014763841405510902
9942,10.0,749,1.0070114135742188,,,0.013626610860228539
9943,20.0,842,1.1288392543792725,,,0.019460555166006088
9944,7.0,395,0.5339248180389404,,,0.0342780239880085
9945,13.0,621,0.8407750129699707,,,0.01221624668687582
9946,27.0,1227,1.639643669128418,,,0.027918241918087006
9947,5.0,771,1.053100824356079,,,0.012085720896720886
9948,21.0,793,1.078683614730835,,,0.011257686652243137
9949,8.0,589,0.7938189506530762,,,0.03189045935869217
9950,17.0,910,1.2254877090454102,,,0.026137514039874077
9951,17.0,743,1.0158748626708984,,,0.017516419291496277
9952,23.0,983,1.329637050628662,,,0.00957418791949749
9953,17.0,741,1.0088794231414795,,,0.006897983141243458
9954,14.0,1047,1.4235954284667969,,,0.05022348091006279
9955,21.0,911,1.238459825515747,,,0.009610476903617382
9956,7.0,398,0.5484538078308105,,,0.01313850749284029
9957,12.0,629,0.8598334789276123,,,0.01879221946001053
9958,10.0,731,0.9969091415405273,,,0.01365481037646532
9959,19.0,897,1.2120780944824219,,,0.01418565958738327
9960,20.0,1030,1.3926146030426025,,,0.01520606316626072
9961,11.0,489,0.6765413284301758,,,0.02084645815193653
9962,17.0,878,1.1871933937072754,,,0.003457743441686034
9963,15.0,761,1.0336709022521973,,,0.011515878140926361
9964,12.0,669,0.9128541946411133,,,0.03585488349199295
9965,7.0,396,0.5411784648895264,,,0.015234102495014668
9966,19.0,897,1.2138404846191406,,,0.014415730722248554
9967,20.0,1123,1.5189628601074219,,,0.02746344730257988
9968,20.0,695,0.9419064521789551,,,0.021351376548409462
9969,7.0,386,0.530968427658081,,,0.015211287885904312
9970,18.0,973,1.3242127895355225,,,0.0096955681219697
9971,14.0,639,0.8732085227966309,,,0.02451515570282936
9972,12.0,676,0.9193451404571533,,,0.010882433503866196
9973,8.0,399,0.5493388175964355,,,0.01633969321846962
9974,15.0,1101,1.4955494403839111,,,0.012660549022257328
9975,20.0,1033,1.3836123943328857,,,0.014665031805634499
9976,11.0,763,1.0229098796844482,,,0.02951573207974434
9977,7.0,396,0.5392639636993408,,,0.021426862105727196
9978,7.0,396,0.5378422737121582,,,0.030247246846556664
9979,14.0,905,1.2154946327209473,,,0.007707907818257809
9980,13.0,635,0.8540101051330566,,,0.01256120577454567
9981,9.0,681,0.9138073921203613,,,0.013076667673885822
9982,17.0,733,0.9872696399688721,,,0.03016115538775921
9983,8.0,561,0.7567160129547119,,,0.03707048296928406
9984,7.0,627,0.8406217098236084,,,0.016954803839325905
9985,21.0,1029,1.3758463859558105,,,0.018253926187753677
9986,13.0,615,0.8271567821502686,,,0.00792192667722702
9987,21.0,975,1.300391674041748,,,0.006049050018191338
9988,28.0,1277,1.6914286613464355,,,0.01514982059597969
9989,20.0,869,1.1715645790100098,,,0.009222397580742836
9990,15.0,867,1.158362627029419,,,0.017198147252202034
9991,16.0,792,1.0659282207489014,,,0.02755015902221203
9992,8.0,562,0.7552316188812256,,,0.012752976268529892
9993,7.0,591,0.8004100322723389,,,0.006083446554839611
9994,17.0,1037,1.3854401111602783,,,0.011979632079601288
9995,24.0,1373,1.8266165256500244,,,0.018982816487550735
9996,6.0,398,0.5325706005096436,,,0.005561450030654669
9997,13.0,638,0.8610279560089111,,,0.025195594877004623
9998,8.0,363,0.4888954162597656,,,0.008072950877249241
9999,7.0,700,0.9411578178405762,,,0.02177363820374012
10000,13.0,652,0.8774979114532471,,,0.026947971433401108
10001,13.0,665,0.893559455871582,,,0.02608317695558071
10002,14.0,743,0.9979231357574463,,,0.007048484403640032
10003,9.0,453,0.6124694347381592,,,0.032939981669187546
10004,14.0,657,0.8775753974914551,,,0.017180966213345528
10005,8.0,591,0.794605016708374,,,0.014690863899886608
10006,8.0,389,0.5249547958374023,,,0.011272448115050793
10007,8.0,399,0.5436711311340332,,,0.018940161913633347
10008,10.0,749,1.004915714263916,,,0.014441452920436859
10009,14.0,638,0.8612377643585205,,,0.01664203219115734
10010,14.0,751,1.0049185752868652,,,0.008460688404738903
10011,13.0,642,0.8642580509185791,,,0.007887808606028557
10012,5.0,384,0.5189745426177979,,,0.01987365260720253
10013,8.0,389,0.5226600170135498,,,0.008545677177608013
10014,18.0,825,1.1109161376953125,,,0.015396913513541222
10015,14.0,826,1.1074459552764893,,,0.031931646168231964
10016,30.0,1145,1.524402379989624,,,0.005027557257562876
10017,19.0,1137,1.5284509658813477,,,0.013059355318546295
10018,9.0,843,1.1283397674560547,,,0.02922249399125576
10019,2.0,390,0.5238165855407715,,,0.036377690732479095
10020,16.0,735,0.9888966083526611,,,0.010521403513848782
10021,13.0,661,0.8834474086761475,,,0.012780504301190376
10022,14.0,931,1.250603437423706,,,0.02576262131333351
10023,13.0,852,1.1467525959014893,,,0.008011874742805958
10024,12.0,835,1.1120593547821045,,,0.018710017204284668
10025,9.0,399,0.5365469455718994,,,0.024082105606794357
10026,8.0,399,0.5387823581695557,,,0.00476484838873148
10027,19.0,935,1.249706506729126,,,0.012629506178200245
10028,18.0,930,1.2507262229919434,,,0.024836935102939606
10029,23.0,1041,1.3857719898223877,,,0.01678548939526081
10030,18.0,1034,1.3867952823638916,,,0.020809447392821312
10031,20.0,980,1.3129446506500244,,,0.01984105259180069
10032,14.0,1384,1.8456242084503174,,,0.02989409677684307
10033,13.0,1085,1.4538471698760986,,,0.016026124358177185
10034,18.0,657,0.8801403045654297,,,0.010029290802776814
10035,17.0,844,1.130993127822876,,,0.005230405833572149
10036,19.0,832,1.111560344696045,,,0.00786216277629137
10037,12.0,680,0.9163756370544434,,,0.019846707582473755
10038,7.0,353,0.4799807071685791,,,0.014306609518826008
10039,14.0,810,1.0923972129821777,,,0.027388807386159897
10040,19.0,715,0.9547669887542725,,,0.012379433959722519
10041,11.0,607,0.8139381408691406,,,0.013394028879702091
10042,26.0,1061,1.4107272624969482,,,0.02825433388352394
10043,8.0,399,0.5428614616394043,,,0.033711064606904984
10044,15.0,723,0.9728853702545166,,,0.007353067863732576
10045,14.0,685,0.9280340671539307,,,0.021604932844638824
10046,8.0,353,0.476320743560791,,,0.00873164925724268
10047,13.0,611,0.8228461742401123,,,0.024061763659119606
10048,8.0,462,0.6245298385620117,,,0.017108377069234848
10049,16.0,846,1.1347572803497314,,,0.02678823657333851
10050,14.0,860,1.153496265411377,,,0.020123077556490898
10051,15.0,793,1.0638236999511719,,,0.04940638318657875
10052,14.0,999,1.3362865447998047,,,0.013249260373413563
10053,21.0,865,1.1603150367736816,,,0.00968167558312416
10054,24.0,939,1.2569868564605713,,,0.008777134120464325
10055,14.0,651,0.8748917579650879,,,0.010066531598567963
10056,12.0,631,0.8554913997650146,,,0.012344958260655403
10057,18.0,789,1.0575389862060547,,,0.015088168904185295
10058,16.0,747,1.0028128623962402,,,0.013966638594865799
10059,14.0,927,1.242227554321289,,,0.003759146435186267
10060,20.0,1143,1.5306956768035889,,,0.0068155452609062195
10061,17.0,828,1.1119718551635742,,,0.015382833778858185
10062,9.0,933,1.248640537261963,,,0.015514081344008446
10063,11.0,821,1.1050145626068115,,,0.008777591399848461
10064,13.0,630,0.8485636711120605,,,0.013102094642817974
10065,19.0,719,0.9617865085601807,,,0.05300557240843773
10066,8.0,399,0.5400543212890625,,,0.01442693267017603
10067,16.0,739,0.994213342666626,,,0.004401018377393484
10068,14.0,633,0.852165937423706,,,0.00830056145787239
10069,13.0,709,0.9508323669433594,,,0.016829967498779297
10070,9.0,680,0.9150376319885254,,,0.007235493510961533
10071,6.0,336,0.4572172164916992,,,0.015850530937314034
10072,9.0,582,0.7831289768218994,,,0.015764018520712852
10073,9.0,583,0.7855846881866455,,,0.00818804930895567
10074,13.0,611,0.8236761093139648,,,0.007909146137535572
10075,12.0,693,0.936406135559082,,,0.014839017763733864
10076,16.0,881,1.1780643463134766,,,0.013284671120345592
10077,6.0,334,0.452237606048584,,,0.008483796380460262
10078,17.0,1013,1.3611888885498047,,,0.014483258128166199
10079,12.0,695,0.9308271408081055,,,0.010571440681815147
10080,7.0,386,0.522010326385498,,,0.019260214641690254
10081,4.0,497,0.6699817180633545,,,0.0076364814303815365
10082,8.0,361,0.4860858917236328,,,0.008370587602257729
10083,23.0,1033,1.3805067539215088,,,0.028760408982634544
10084,8.0,353,0.4748821258544922,,,0.03169752284884453
10085,13.0,650,0.8793454170227051,,,0.00948390830308199
10086,9.0,535,0.7216100692749023,,,0.01862291991710663
10087,22.0,916,1.2321584224700928,,,0.009160704910755157
10088,13.0,778,1.0412254333496094,,,0.006735574454069138
10089,11.0,538,0.7179114818572998,,,0.011052589863538742
10090,16.0,727,0.9796397686004639,,,0.02037135884165764
10091,8.0,500,0.6728370189666748,,,0.01179475337266922
10092,22.0,1061,1.412738561630249,,,0.014391986653208733
10093,15.0,673,0.9055931568145752,,,0.01246722787618637
10094,19.0,937,1.2554056644439697,,,0.019182603806257248
10095,18.0,995,1.3283262252807617,,,0.015052856877446175
10096,11.0,669,0.9020981788635254,,,0.01054678950458765
10097,18.0,779,1.0455164909362793,,,0.042410556226968765
10098,16.0,866,1.1594724655151367,,,0.013266220688819885
10099,9.0,447,0.598487138748169,,,0.02875690907239914
10100,12.0,564,0.7547266483306885,,,0.009172078222036362
10101,14.0,829,1.1150572299957275,,,0.011727400124073029
10102,16.0,725,0.9687261581420898,,,0.009407494217157364
10103,18.0,921,1.2347290515899658,,,0.042768947780132294
10104,23.0,1070,1.4275798797607422,,,0.017794247716665268
10105,12.0,600,0.8063898086547852,,,0.013607894070446491
10106,21.0,903,1.2074332237243652,,,0.006949066650122404
10107,7.0,404,0.5407531261444092,,,0.013179397210478783
10108,22.0,1049,1.4027550220489502,,,0.011381681077182293
10109,19.0,823,1.100987434387207,,,0.014272685162723064
10110,9.0,429,0.579810619354248,,,0.017597472295165062
10111,14.0,899,1.2026617527008057,,,0.018296806141734123
10112,13.0,881,1.1769604682922363,,,0.011440143920481205
10113,15.0,670,0.8990600109100342,,,0.022798754274845123
10114,14.0,771,1.039017915725708,,,0.01215712446719408
10115,24.0,955,1.2755005359649658,,,0.011591837741434574
10116,22.0,1009,1.350489854812622,,,0.0034116690512746572
10117,18.0,1065,1.4239535331726074,,,0.006340397521853447
10118,19.0,1053,1.4105310440063477,,,0.016929635778069496
10119,9.0,619,0.8336050510406494,,,0.009081893600523472
10120,13.0,682,0.9154796600341797,,,0.010373570024967194
10121,20.0,1142,1.5264992713928223,,,0.009673038497567177
10122,9.0,399,0.5371823310852051,,,0.007804565597325563
10123,19.0,930,1.2425920963287354,,,0.019750503823161125
10124,8.0,395,0.5309700965881348,,,0.011706036515533924
10125,22.0,1027,1.3757028579711914,,,0.023597529157996178
10126,13.0,644,0.8604321479797363,,,0.009444969706237316
10127,9.0,495,0.6709632873535156,,,0.013495681807398796
10128,14.0,614,0.8216400146484375,,,0.019602525979280472
10129,12.0,619,0.833660364151001,,,0.003975915256887674
10130,14.0,561,0.7543010711669922,,,0.010254750959575176
10131,16.0,557,0.7486052513122559,,,0.01698836125433445
10132,10.0,580,0.7799179553985596,,,0.008808900602161884
10133,19.0,1132,1.510744333267212,,,0.011647420935332775
10134,17.0,1189,1.598210334777832,,,0.00910904910415411
10135,12.0,565,0.7560129165649414,,,0.010978310368955135
10136,19.0,780,1.0465409755706787,,,0.013903616927564144
10137,8.0,419,0.5669631958007812,,,0.013247493654489517
10138,12.0,626,0.8366549015045166,,,0.009133084677159786
10139,8.0,511,0.6858358383178711,,,0.009091063402593136
10140,17.0,1125,1.4998600482940674,,,0.014775448478758335
10141,11.0,573,0.7759177684783936,,,0.012420340441167355
10142,11.0,552,0.7424547672271729,,,0.012404697015881538
10143,25.0,1277,1.6934361457824707,,,0.013550519943237305
10144,7.0,396,0.5334029197692871,,,0.02201349101960659
10145,26.0,1217,1.6348257064819336,,,0.024672292172908783
10146,9.0,667,0.8971977233886719,,,0.012153307907283306
10147,10.0,415,0.5580224990844727,,,0.008316662162542343
10148,18.0,941,1.2567203044891357,,,0.01533275842666626
10149,7.0,349,0.474193811416626,,,0.018643351271748543
10150,9.0,589,0.7862472534179688,,,0.020140400156378746
10151,18.0,882,1.177910327911377,,,0.004708439111709595
10152,12.0,651,0.8748190402984619,,,0.04585934057831764
10153,6.0,398,0.5380525588989258,,,0.022332098335027695
10154,21.0,1130,1.508894443511963,,,0.018163826316595078
10155,21.0,896,1.2001924514770508,,,0.012827127240598202
10156,21.0,1434,1.9188039302825928,,,0.007894236594438553
10157,13.0,633,0.847261905670166,,,0.014821791090071201
10158,14.0,607,0.8145937919616699,,,0.004439256154000759
10159,12.0,617,0.8307144641876221,,,0.01690569706261158
10160,7.0,672,0.8978548049926758,,,0.02009720169007778
10161,7.0,499,0.687070369720459,,,0.01244180928915739
10162,14.0,669,0.9069375991821289,,,0.011593556962907314
10163,3.0,525,0.7156074047088623,,,0.009540433995425701
10164,15.0,741,1.0129642486572266,,,0.00858032051473856
10165,11.0,640,0.8752219676971436,,,0.008924906142055988
10166,10.0,540,0.7381393909454346,,,0.00917358510196209
10167,13.0,884,1.1968767642974854,,,0.027175791561603546
10168,7.0,534,0.7302055358886719,,,0.016750190407037735
10169,8.0,408,0.5537722110748291,,,0.004510736092925072
10170,17.0,831,1.1297500133514404,,,0.022593123838305473
10171,17.0,830,1.1329505443572998,,,0.0030350061133503914
10172,37.0,1930,2.586369514465332,,,0.019638879224658012
10173,11.0,549,0.7448196411132812,,,0.024816878139972687
10174,10.0,578,0.7887792587280273,,,0.011023594066500664
10175,8.0,398,0.5416598320007324,,,0.007314853370189667
10176,15.0,723,0.9839460849761963,,,0.016142921522259712
10177,14.0,788,1.0751409530639648,,,0.01864595338702202
10178,12.0,648,0.879650354385376,,,0.029668834060430527
10179,17.0,1276,1.722731590270996,,,0.0225834958255291
10180,4.0,497,0.6768622398376465,,,0.005675714462995529
10181,7.0,555,0.7650103569030762,,,0.022690683603286743
10182,7.0,398,0.5459811687469482,,,0.01498768012970686
10183,24.0,1127,1.5214781761169434,,,0.0037688198499381542
10184,12.0,655,0.8947467803955078,,,0.010512731038033962
10185,8.0,503,0.6858668327331543,,,0.007981320843100548
10186,9.0,399,0.5440497398376465,,,0.00896532367914915
10187,14.0,825,1.1053357124328613,,,0.014343173243105412
10188,18.0,1007,1.35396146774292,,,0.018394552171230316
10189,12.0,639,0.8656737804412842,,,0.01544095203280449
10190,18.0,897,1.2121551036834717,,,0.015882840380072594
10191,2.0,342,0.4609549045562744,,,0.013932732865214348
10192,13.0,795,1.0743014812469482,,,0.014887481927871704
10193,9.0,527,0.7180662155151367,,,0.033296652138233185
10194,11.0,561,0.7619531154632568,,,0.015141133219003677
10195,7.0,483,0.6547257900238037,,,0.011618968099355698
10196,14.0,605,0.8311347961425781,,,0.016027873381972313
10197,12.0,634,0.8692998886108398,,,0.007226749788969755
10198,24.0,1437,1.924027919769287,,,0.008028263226151466
10199,13.0,810,1.094883918762207,,,0.022075975313782692
10200,16.0,744,1.0073347091674805,,,0.03188558667898178
10201,8.0,395,0.5375466346740723,,,0.018346332013607025
10202,12.0,709,0.958012580871582,,,0.008317932486534119
10203,8.0,501,0.6804871559143066,,,0.022276606410741806
10204,12.0,661,0.8996570110321045,,,0.019497860223054886
10205,13.0,842,1.1407601833343506,,,0.010717052035033703
10206,21.0,917,1.2394640445709229,,,0.036616869270801544
10207,7.0,506,0.6898016929626465,,,0.01484791748225689
10208,12.0,621,0.8522341251373291,,,0.0034866740461438894
10209,7.0,384,0.5315568447113037,,,0.022879891097545624
10210,16.0,993,1.3519847393035889,,,0.01521467324346304
10211,14.0,764,1.0403516292572021,,,0.009319986216723919
10212,9.0,399,0.543804407119751,,,0.01901056244969368
10213,19.0,981,1.332545518875122,,,0.020407583564519882
10214,9.0,653,0.8898086547851562,,,0.0046859607100486755
10215,14.0,790,1.0707688331604004,,,0.015736766159534454
10216,10.0,630,0.8691368103027344,,,0.030932817608118057
10217,11.0,675,0.9145340919494629,,,0.019876882433891296
10218,23.0,995,1.3358213901519775,,,0.01382493320852518
10219,2.0,379,0.5129842758178711,,,0.013866650871932507
10220,18.0,774,1.045825719833374,,,0.012746999971568584
10221,13.0,819,1.1113805770874023,,,0.014120295643806458
10222,19.0,763,1.037600040435791,,,0.016611680388450623
10223,13.0,619,0.8373889923095703,,,0.006721417885273695
10224,7.0,392,0.5311720371246338,,,0.02195831947028637
10225,21.0,894,1.2073054313659668,,,0.010477423667907715
10226,8.0,399,0.546952486038208,,,0.01306257862597704
10227,17.0,749,1.0110688209533691,,,0.015147827565670013
10228,17.0,719,0.9715864658355713,,,0.017588207498192787
10229,8.0,395,0.5416581630706787,,,0.006781589239835739
10230,8.0,399,0.5360918045043945,,,0.018780557438731194
10231,9.0,451,0.6060559749603271,,,0.015333859249949455
10232,13.0,885,1.1918509006500244,,,0.025210024788975716
10233,8.0,380,0.5187804698944092,,,0.026974841952323914
10234,7.0,656,0.8914480209350586,,,0.017108339816331863
10235,6.0,398,0.5448541641235352,,,0.0166146382689476
10236,21.0,975,1.3204522132873535,,,0.015825707465410233
10237,11.0,605,0.8281631469726562,,,0.029574092477560043
10238,19.0,950,1.2873897552490234,,,0.013622078113257885
10239,9.0,615,0.8369433879852295,,,0.019272394478321075
10240,13.0,895,1.2158684730529785,,,0.023530475795269012
10241,9.0,610,0.8314087390899658,,,0.019322644919157028
10242,11.0,537,0.73545241355896,,,0.017709827050566673
10243,13.0,843,1.144571304321289,,,0.015200608409941196
10244,12.0,544,0.7433643341064453,,,0.02186395600438118
10245,11.0,625,0.8482985496520996,,,0.01505862083286047
10246,20.0,903,1.2136507034301758,,,0.012413416057825089
10247,18.0,885,1.1975646018981934,,,0.013891260139644146
10248,10.0,659,0.9002895355224609,,,0.010055584833025932
10249,16.0,869,1.1947581768035889,,,0.007863619364798069
10250,14.0,779,1.0500164031982422,,,0.028164224699139595
10251,18.0,953,1.2759406566619873,,,0.010774537920951843
10252,9.0,399,0.5462074279785156,,,0.010776911862194538
10253,8.0,399,0.5517377853393555,,,0.0295547004789114
10254,21.0,979,1.3361904621124268,,,0.006755367387086153
10255,17.0,723,0.9896290302276611,,,0.0064291623421013355
10256,12.0,559,0.7564074993133545,,,0.01256527192890644
10257,8.0,363,0.49265503883361816,,,0.007341897115111351
10258,16.0,720,0.9830403327941895,,,0.01041138544678688
10259,12.0,695,0.9448490142822266,,,0.04838690906763077
10260,10.0,387,0.5301954746246338,,,0.014668515883386135
10261,11.0,727,0.9934523105621338,,,0.021158503368496895
10262,4.0,417,0.5726563930511475,,,0.010486658662557602
10263,15.0,771,1.0419533252716064,,,0.026852481067180634
10264,24.0,1039,1.4116199016571045,,,0.02630515582859516
10265,20.0,947,1.2859618663787842,,,0.014635059982538223
10266,30.0,1971,2.625279188156128,,,0.0315692313015461
10267,24.0,957,1.2902109622955322,,,0.01953682117164135
10268,8.0,399,0.5447874069213867,,,0.02400047518312931
10269,19.0,839,1.1382009983062744,,,0.018905512988567352
10270,32.0,1559,2.0652291774749756,,,0.013750335201621056
10271,16.0,849,1.1352295875549316,,,0.012781809084117413
10272,17.0,943,1.2585666179656982,,,0.03200358524918556
10273,8.0,480,0.6525578498840332,,,0.01702234335243702
10274,4.0,497,0.6731522083282471,,,0.008510329760611057
10275,19.0,845,1.1387698650360107,,,0.020685045048594475
10276,12.0,555,0.7452969551086426,,,0.00650866748765111
10277,18.0,1025,1.3686704635620117,,,0.01446017250418663
10278,10.0,746,0.9994866847991943,,,0.005871349945664406
10279,11.0,627,0.8437113761901855,,,0.017123719677329063
10280,6.0,529,0.7214756011962891,,,0.0030001280829310417
10281,15.0,723,0.990837812423706,,,0.01023239828646183
10282,14.0,623,0.8309741020202637,,,0.00708813639357686
10283,7.0,392,0.5325965881347656,,,0.013853183947503567
10284,19.0,806,1.0910601615905762,,,0.01932554505765438
10285,14.0,754,1.0274198055267334,,,0.016046272590756416
10286,13.0,635,0.8498198986053467,,,0.044292788952589035
10287,8.0,503,0.6766443252563477,,,0.026572514325380325
10288,12.0,573,0.7688295841217041,,,0.012987070716917515
10289,9.0,399,0.5386736392974854,,,0.009755801409482956
10290,0.0,515,0.6933972835540771,,,0.014626650139689445
10291,15.0,768,1.0262727737426758,,,0.050622668117284775
10292,9.0,522,0.7005515098571777,,,0.005148274824023247
10293,17.0,883,1.1920640468597412,,,0.007487990893423557
10294,4.0,425,0.5810086727142334,,,0.015851426869630814
10295,15.0,758,1.0257384777069092,,,0.011569740250706673
10296,9.0,451,0.6129612922668457,,,0.013394592329859734
10297,12.0,628,0.8539488315582275,,,0.015196078456938267
10298,29.0,1341,1.8001279830932617,,,0.01339922659099102
10299,14.0,632,0.8483505249023438,,,0.011105635203421116
10300,16.0,1096,1.4809763431549072,,,0.017783978953957558
10301,3.0,398,0.5476484298706055,,,0.007476951461285353
10302,3.0,493,0.6689784526824951,,,0.01265051681548357
10303,24.0,916,1.228198528289795,,,0.010501755401492119
10304,17.0,1110,1.4869756698608398,,,0.016463078558444977
10305,7.0,465,0.6243076324462891,,,0.011944359168410301
10306,11.0,695,0.929262638092041,,,0.011786531656980515
10307,10.0,503,0.6784758567810059,,,0.02151603251695633
10308,12.0,672,0.9050509929656982,,,0.017620252445340157
10309,12.0,731,1.005530595779419,,,0.006337568163871765
10310,23.0,838,1.1305313110351562,,,0.02084849216043949
10311,21.0,891,1.2057888507843018,,,0.028197309002280235
10312,27.0,1081,1.4607698917388916,,,0.007320099510252476
10313,15.0,707,0.9688675403594971,,,0.023215068504214287
10314,15.0,683,0.927248477935791,,,0.03238430991768837
10315,28.0,1523,2.0507311820983887,,,0.016616525128483772
10316,26.0,1275,1.7217395305633545,,,0.003971348982304335
10317,9.0,619,0.847205400466919,,,0.012855969369411469
10318,5.0,463,0.6344931125640869,,,0.006437595933675766
10319,19.0,1044,1.4182984828948975,,,0.015054170042276382
10320,8.0,495,0.6808171272277832,,,0.007002214435487986
10321,8.0,387,0.5295190811157227,,,0.01577572710812092
10322,17.0,735,1.0084381103515625,,,0.009679035283625126
10323,17.0,718,0.9698123931884766,,,0.006846421863883734
10324,14.0,756,1.0301783084869385,,,0.011113809421658516
10325,17.0,746,1.016883134841919,,,0.011663754470646381
10326,13.0,745,1.0102379322052002,,,0.007767070550471544
10327,18.0,707,0.9665884971618652,,,0.010747911408543587
10328,17.0,712,0.9672257900238037,,,0.01314911711961031
10329,18.0,1026,1.3891386985778809,,,0.0104232681915164
10330,11.0,642,0.878429651260376,,,0.012255053967237473
10331,13.0,596,0.8136870861053467,,,0.027222497388720512
10332,13.0,808,1.0958671569824219,,,0.018168186768889427
10333,13.0,605,0.8276083469390869,,,0.024630583822727203
10334,8.0,395,0.5462796688079834,,,0.03799757361412048
10335,6.0,386,0.5300934314727783,,,0.014776410534977913
10336,7.0,396,0.5440042018890381,,,0.008746074512600899
10337,15.0,880,1.2031261920928955,,,0.014279495924711227
10338,17.0,743,1.010117769241333,,,0.012281817384064198
10339,11.0,981,1.3309340476989746,,,0.008447353728115559
10340,19.0,1595,2.1546988487243652,,,0.020324543118476868
10341,17.0,896,1.2238516807556152,,,0.014898337423801422
10342,15.0,675,0.9256875514984131,,,0.011740146204829216
10343,11.0,661,0.8963298797607422,,,0.013560591265559196
10344,12.0,633,0.8626370429992676,,,0.020248491317033768
10345,13.0,952,1.3034813404083252,,,0.013020116835832596
10346,12.0,1119,1.513735055923462,,,0.010492236353456974
10347,10.0,477,0.6484665870666504,,,0.012138022109866142
10348,18.0,776,1.057509422302246,,,0.007923103868961334
10349,21.0,910,1.2328054904937744,,,0.011457506567239761
10350,17.0,936,1.2649998664855957,,,0.007776395883411169
10351,14.0,606,0.8254070281982422,,,0.012125156819820404
10352,18.0,718,0.9774434566497803,,,0.009267589077353477
10353,9.0,567,0.7712030410766602,,,0.012237615883350372
10354,16.0,870,1.1848173141479492,,,0.011235145851969719
10355,17.0,735,1.0030040740966797,,,0.007962980307638645
10356,15.0,691,0.9343922138214111,,,0.023931020870804787
10357,8.0,655,0.8887820243835449,,,0.00879692193120718
10358,18.0,1083,1.4613523483276367,,,0.010700191371142864
10359,4.0,497,0.6796650886535645,,,0.005446017719805241
10360,7.0,499,0.6797780990600586,,,0.02268209308385849
10361,18.0,877,1.1924257278442383,,,0.011102301068603992
10362,10.0,659,0.9046540260314941,,,0.025148212909698486
10363,18.0,789,1.0694100856781006,,,0.0203839261084795
10364,8.0,395,0.5457746982574463,,,0.011986227706074715
10365,15.0,648,0.8900320529937744,,,0.003798716003075242
10366,16.0,846,1.154447317123413,,,0.013712682761251926
10367,18.0,876,1.188877820968628,,,0.007646558340638876
10368,17.0,1007,1.3731811046600342,,,0.014507651329040527
10369,13.0,667,0.9061446189880371,,,0.015198382548987865
10370,15.0,975,1.3215718269348145,,,0.012340960092842579
10371,27.0,1525,2.055429458618164,,,0.011587318032979965
10372,15.0,758,1.0321049690246582,,,0.029544632881879807
10373,21.0,827,1.1197707653045654,,,0.006369197741150856
10374,12.0,613,0.8387343883514404,,,0.03291770815849304
10375,13.0,623,0.8440678119659424,,,0.008991138078272343
10376,3.0,508,0.6954464912414551,,,0.021160976961255074
10377,20.0,935,1.2736146450042725,,,0.010009540244936943
10378,16.0,855,1.166616678237915,,,0.007642550393939018
10379,22.0,821,1.1191246509552002,,,0.007474071811884642
10380,14.0,759,1.038407802581787,,,0.010086556896567345
10381,32.0,1405,1.87510085105896,,,0.004818939603865147
10382,19.0,1144,1.5496721267700195,,,0.013618109747767448
10383,11.0,631,0.8634121417999268,,,0.014082077890634537
10384,4.0,436,0.5861756801605225,,,0.008178879506886005
10385,16.0,887,1.2055392265319824,,,0.007324370089918375
10386,18.0,933,1.262181282043457,,,0.02060273475944996
10387,14.0,607,0.8264608383178711,,,0.009774154983460903
10388,9.0,490,0.6694042682647705,,,0.01891038380563259
10389,18.0,901,1.2156710624694824,,,0.01678558439016342
10390,8.0,399,0.5547375679016113,,,0.0072236754931509495
10391,16.0,757,1.029085636138916,,,0.01541139930486679
10392,6.0,350,0.4767301082611084,,,0.010866989381611347
10393,9.0,399,0.5478646755218506,,,0.010527070611715317
10394,7.0,392,0.5300197601318359,,,0.008431377820670605
10395,10.0,687,0.9230895042419434,,,0.010018069297075272
10396,13.0,601,0.8163852691650391,,,0.010082653723657131
10397,15.0,855,1.1533479690551758,,,0.016940997913479805
10398,5.0,363,0.49791479110717773,,,0.03665686771273613
10399,12.0,527,0.7146954536437988,,,0.004061785992234945
10400,17.0,911,1.232332706451416,,,0.010388435795903206
10401,12.0,660,0.9069058895111084,,,0.0225670263171196
10402,12.0,643,0.8775949478149414,,,0.009047700092196465
10403,19.0,817,1.107219934463501,,,0.01395316980779171
10404,18.0,869,1.1765542030334473,,,0.009236681275069714
10405,16.0,654,0.8929002285003662,,,0.020120184868574142
10406,10.0,489,0.6732683181762695,,,0.012756548821926117
10407,16.0,780,1.0666353702545166,,,0.004597925581037998
10408,11.0,580,0.7913761138916016,,,0.021073713898658752
10409,11.0,551,0.751880407333374,,,0.01298715639859438
10410,6.0,575,0.7892308235168457,,,0.015419622883200645
10411,7.0,415,0.5691907405853271,,,0.011417786590754986
10412,18.0,913,1.234614610671997,,,0.013219892047345638
10413,17.0,785,1.0700023174285889,,,0.017868811264634132
10414,11.0,739,1.0097062587738037,,,0.019173571839928627
10415,11.0,595,0.813692569732666,,,0.02905219793319702
10416,17.0,855,1.1692883968353271,,,0.010991006158292294
10417,23.0,1065,1.4376301765441895,,,0.007142081391066313
10418,16.0,885,1.2043468952178955,,,0.01452943217009306
10419,14.0,787,1.0761854648590088,,,0.017529241740703583
10420,14.0,654,0.8889508247375488,,,0.015184029005467892
10421,17.0,733,0.9990940093994141,,,0.00823153369128704
10422,7.0,360,0.4924790859222412,,,0.017706139013171196
10423,14.0,732,0.9948093891143799,,,0.008274238556623459
10424,5.0,399,0.5434517860412598,,,0.013353228569030762
10425,18.0,659,0.8946609497070312,,,0.007286935579031706
10426,13.0,662,0.9020547866821289,,,0.02161542698740959
10427,16.0,898,1.2173266410827637,,,0.024006251245737076
10428,28.0,1296,1.744581937789917,,,0.00634990818798542
10429,14.0,611,0.835254430770874,,,0.010340754874050617
10430,8.0,359,0.4928891658782959,,,0.01660369150340557
10431,12.0,653,0.8827567100524902,,,0.0058896481059491634
10432,9.0,443,0.5988945960998535,,,0.025847941637039185
10433,5.0,400,0.5449924468994141,,,0.057916514575481415
10434,28.0,1211,1.6322343349456787,,,0.010031362064182758
10435,14.0,638,0.8671576976776123,,,0.007366749458014965
10436,13.0,617,0.8408203125,,,0.011913131922483444
10437,7.0,403,0.5508456230163574,,,0.014070022851228714
10438,10.0,652,0.8759489059448242,,,0.010360282845795155
10439,16.0,646,0.8681282997131348,,,0.005694724153727293
10440,14.0,751,1.0177385807037354,,,0.013049153611063957
10441,13.0,595,0.8045897483825684,,,0.054010841995477676
10442,26.0,1263,1.6833269596099854,,,0.011973071843385696
10443,12.0,629,0.8575828075408936,,,0.012629915960133076
10444,7.0,396,0.5375082492828369,,,0.015957556664943695
10445,9.0,843,1.14473557472229,,,0.015169420279562473
10446,14.0,737,1.0028753280639648,,,0.006429656874388456
10447,21.0,947,1.2781424522399902,,,0.009689820930361748
10448,18.0,799,1.0859534740447998,,,0.015793904662132263
10449,24.0,1153,1.5660903453826904,,,0.01357122790068388
10450,15.0,765,1.0362434387207031,,,0.003884822130203247
10451,16.0,803,1.0938618183135986,,,0.00982957985252142
10452,8.0,396,0.5370309352874756,,,0.02268322743475437
10453,12.0,558,0.7559762001037598,,,0.0122910737991333
10454,14.0,675,0.9090332984924316,,,0.009726688265800476
10455,7.0,387,0.5222833156585693,,,0.009957976639270782
10456,15.0,591,0.7988886833190918,,,0.013048467226326466
10457,20.0,1113,1.5106260776519775,,,0.006036490201950073
10458,13.0,653,0.8823757171630859,,,0.024849524721503258
10459,15.0,830,1.13211989402771,,,0.010356775484979153
10460,9.0,403,0.5508260726928711,,,0.010368505492806435
10461,14.0,614,0.8368022441864014,,,0.05096681788563728
10462,7.0,392,0.5375411510467529,,,0.021911147981882095
10463,15.0,545,0.743398904800415,,,0.01349035743623972
10464,20.0,1043,1.414684772491455,,,0.00894949771463871
10465,16.0,662,0.9040782451629639,,,0.005561359226703644
10466,6.0,477,0.6457712650299072,,,0.02226107195019722
10467,20.0,994,1.353534460067749,,,0.015796933323144913
10468,10.0,444,0.6092522144317627,,,0.013094340451061726
10469,15.0,711,0.9723465442657471,,,0.0051320502534508705
10470,17.0,734,0.9965829849243164,,,0.003907316830009222
10471,16.0,837,1.1435878276824951,,,0.043361373245716095
10472,26.0,1013,1.3676018714904785,,,0.01572323590517044
10473,8.0,572,0.7855792045593262,,,0.013560025952756405
10474,3.0,413,0.5659825801849365,,,0.015994083136320114
10475,7.0,495,0.6822028160095215,,,0.01992507465183735
10476,13.0,579,0.7826423645019531,,,0.009797481819987297
10477,10.0,563,0.7659659385681152,,,0.010310341604053974
10478,12.0,701,0.9536716938018799,,,0.03277210146188736
10479,8.0,399,0.5480444431304932,,,0.01148953102529049
10480,11.0,633,0.8561620712280273,,,0.02068898268043995
10481,6.0,335,0.46254754066467285,,,0.021151458844542503
10482,16.0,695,0.9466226100921631,,,0.023687370121479034
10483,15.0,761,1.0308375358581543,,,0.010795831680297852
10484,18.0,733,0.9925620555877686,,,0.008766699582338333
10485,12.0,625,0.852736234664917,,,0.012085056863725185
10486,18.0,1001,1.3658642768859863,,,0.016446078196167946
10487,8.0,399,0.5472521781921387,,,0.015502545051276684
10488,9.0,482,0.6607680320739746,,,0.03748583048582077
10489,7.0,397,0.5414936542510986,,,0.02018277905881405
10490,7.0,349,0.47997117042541504,,,0.00524592911824584
10491,6.0,399,0.5434699058532715,,,0.01599530130624771
10492,13.0,560,0.7503712177276611,,,0.022414973005652428
10493,23.0,1067,1.4378771781921387,,,0.02191217429935932
10494,12.0,521,0.706561803817749,,,0.0050295451655983925
10495,9.0,481,0.6581394672393799,,,0.032153088599443436
10496,15.0,839,1.1338448524475098,,,0.01989644579589367
10497,10.0,563,0.7679955959320068,,,0.02011813223361969
10498,9.0,469,0.6396634578704834,,,0.016887176781892776
10499,21.0,875,1.1852707862854004,,,0.012541995383799076
10500,19.0,797,1.0879542827606201,,,0.03031233325600624
10501,15.0,743,0.9980466365814209,,,0.015916410833597183
10502,11.0,661,0.887908935546875,,,0.03267626091837883
10503,6.0,365,0.4994237422943115,,,0.01377884391695261
10504,13.0,641,0.8567144870758057,,,0.018520034849643707
10505,20.0,1305,1.756000280380249,,,0.00943756103515625
10506,9.0,455,0.6232099533081055,,,0.00816329661756754
10507,5.0,400,0.5472891330718994,,,0.005634955130517483
10508,12.0,641,0.8705954551696777,,,0.035060953348875046
10509,8.0,399,0.5445008277893066,,,0.015239336527884007
10510,23.0,1048,1.4273972511291504,,,0.0030364214908331633
10511,3.0,542,0.7347679138183594,,,0.025452522560954094
10512,22.0,943,1.2803432941436768,,,0.010612688958644867
10513,20.0,943,1.2880592346191406,,,0.011015434749424458
10514,7.0,399,0.5438902378082275,,,0.015630394220352173
10515,13.0,703,0.9578993320465088,,,0.0169427040964365
10516,13.0,769,1.0537161827087402,,,0.013063650578260422
10517,12.0,642,0.8754563331604004,,,0.014777006581425667
10518,7.0,360,0.49130773544311523,,,0.007613710593432188
10519,13.0,620,0.8461921215057373,,,0.031327687203884125
10520,7.0,585,0.795050859451294,,,0.011655555106699467
10521,15.0,715,0.9636168479919434,,,0.013365615159273148
10522,14.0,599,0.8049461841583252,,,0.011305052787065506
10523,8.0,399,0.5383057594299316,,,0.023801209405064583
10524,9.0,857,1.14741849899292,,,0.02539834938943386
10525,15.0,737,0.9903562068939209,,,0.010339844040572643
10526,17.0,905,1.2123863697052002,,,0.016584530472755432
10527,19.0,943,1.2758376598358154,,,0.014729070477187634
10528,16.0,754,1.029653549194336,,,0.012893510051071644
10529,20.0,911,1.2344436645507812,,,0.006136877927929163
10530,22.0,931,1.2686607837677002,,,0.01271425373852253
10531,19.0,1017,1.380608320236206,,,0.04609459638595581
10532,22.0,1122,1.5205798149108887,,,0.012936841696500778
10533,10.0,691,0.9433460235595703,,,0.019228480756282806
10534,8.0,395,0.5351741313934326,,,0.03133552521467209
10535,21.0,927,1.2540371417999268,,,0.025394821539521217
10536,17.0,830,1.132094383239746,,,0.005885074846446514
10537,13.0,601,0.8204293251037598,,,0.010665875859558582
10538,8.0,399,0.5469043254852295,,,0.016364727169275284
10539,20.0,903,1.2155787944793701,,,0.025876827538013458
10540,14.0,572,0.7717037200927734,,,0.011243663728237152
10541,12.0,658,0.8991034030914307,,,0.01081891544163227
10542,14.0,679,0.9270391464233398,,,0.01320590265095234
10543,8.0,399,0.5405130386352539,,,0.018879825249314308
10544,13.0,645,0.881772518157959,,,0.02141127921640873
10545,12.0,642,0.8628146648406982,,,0.01783401146531105
10546,12.0,662,0.8980638980865479,,,0.008631983771920204
10547,15.0,719,0.9756693840026855,,,0.014652403071522713
10548,16.0,1155,1.5706400871276855,,,0.019498132169246674
10549,22.0,952,1.2829697132110596,,,0.02494073286652565
10550,24.0,1461,1.9698705673217773,,,0.013908193446695805
10551,13.0,617,0.8380386829376221,,,0.011513952165842056
10552,11.0,662,0.8971683979034424,,,0.01608498953282833
10553,17.0,621,0.8400821685791016,,,0.011162282899022102
10554,13.0,673,0.9074089527130127,,,0.017093300819396973
10555,14.0,563,0.7637441158294678,,,0.012157018296420574
10556,14.0,645,0.8739745616912842,,,0.03003557212650776
10557,20.0,965,1.3005151748657227,,,0.013950593769550323
10558,7.0,619,0.8323631286621094,,,0.024650011211633682
10559,23.0,1195,1.6005847454071045,,,0.022586338222026825
10560,7.0,398,0.5471620559692383,,,0.019337153062224388
10561,22.0,1131,1.5227656364440918,,,0.01553258765488863
10562,17.0,745,1.001709222793579,,,0.009143766015768051
10563,12.0,573,0.7772953510284424,,,0.007516330108046532
10564,24.0,961,1.2869071960449219,,,0.01811382733285427
10565,15.0,733,0.9923050403594971,,,0.010121583938598633
10566,19.0,971,1.3076012134552002,,,0.008553839288651943
10567,4.0,495,0.6716737747192383,,,0.025781061500310898
10568,13.0,621,0.8363480567932129,,,0.019173095002770424
10569,14.0,680,0.9165701866149902,,,0.007926547899842262
10570,6.0,623,0.8427681922912598,,,0.013729198835790157
10571,16.0,784,1.0595896244049072,,,0.013844657689332962
10572,10.0,443,0.6007261276245117,,,0.013827819377183914
10573,14.0,753,1.016432762145996,,,0.011436824686825275
10574,6.0,335,0.45270609855651855,,,0.006809262093156576
10575,14.0,731,0.9825928211212158,,,0.02344401367008686
10576,11.0,920,1.249830961227417,,,0.0277573112398386
10577,24.0,992,1.3309171199798584,,,0.03437262773513794
10578,14.0,628,0.849959135055542,,,0.008844788186252117
10579,10.0,449,0.6107206344604492,,,0.013886013068258762
10580,9.0,690,0.9276623725891113,,,0.008876238949596882
10581,8.0,574,0.7807412147521973,,,0.02947135828435421
10582,11.0,679,0.9148373603820801,,,0.01564076915383339
10583,23.0,1194,1.6015112400054932,,,0.011862837709486485
10584,14.0,610,0.8269720077514648,,,0.008937479928135872
10585,20.0,1055,1.4164319038391113,,,0.00952943041920662
10586,16.0,712,0.964134693145752,,,0.015239423140883446
10587,8.0,387,0.5292119979858398,,,0.016728108748793602
10588,8.0,375,0.5096220970153809,,,0.022891227155923843
10589,14.0,751,1.019845962524414,,,0.016278332099318504
10590,12.0,654,0.8825647830963135,,,0.01740976609289646
10591,12.0,819,1.1053459644317627,,,0.009073135443031788
10592,29.0,1969,2.6091086864471436,,,0.013231340795755386
10593,8.0,399,0.5426657199859619,,,0.0164800975471735
10594,11.0,497,0.6696641445159912,,,0.007901467382907867
10595,5.0,400,0.5429971218109131,,,0.012112502939999104
10596,12.0,499,0.679039478302002,,,0.006181106902658939
10597,14.0,772,1.0457978248596191,,,0.005409016739577055
10598,7.0,411,0.5568716526031494,,,0.00975712202489376
10599,7.0,415,0.5589175224304199,,,0.017267972230911255
10600,8.0,508,0.6919286251068115,,,0.011578129604458809
10601,23.0,955,1.291844129562378,,,0.01129696611315012
10602,11.0,416,0.5683023929595947,,,0.01269020140171051
10603,15.0,1069,1.455120325088501,,,0.007875997573137283
10604,23.0,1190,1.6153719425201416,,,0.01966041885316372
10605,7.0,415,0.5649509429931641,,,0.013035069219768047
10606,19.0,831,1.1233437061309814,,,0.021980969235301018
10607,11.0,612,0.8302419185638428,,,0.037893395870923996
10608,5.0,621,0.8491542339324951,,,0.01728249341249466
10609,11.0,648,0.8841032981872559,,,0.01288207620382309
10610,12.0,673,0.9181289672851562,,,0.017652295529842377
10611,14.0,867,1.1717562675476074,,,0.025071153417229652
10612,10.0,605,0.8222105503082275,,,0.007369173690676689
10613,7.0,363,0.4987294673919678,,,0.053004372864961624
10614,30.0,1630,2.1608238220214844,,,0.029687171801924706
10615,21.0,731,0.9952526092529297,,,0.0090328399091959
10616,7.0,415,0.5694546699523926,,,0.028612222522497177
10617,21.0,1107,1.4995484352111816,,,0.010741042904555798
10618,9.0,399,0.5448205471038818,,,0.010223967023193836
10619,13.0,615,0.8371677398681641,,,0.019332846626639366
10620,14.0,624,0.8491175174713135,,,0.014677897095680237
10621,17.0,787,1.0728740692138672,,,0.010252992622554302
10622,11.0,709,0.9721148014068604,,,0.019972559064626694
10623,15.0,763,1.0403642654418945,,,0.025212770327925682
10624,9.0,399,0.5448050498962402,,,0.02335021272301674
10625,14.0,748,1.0210304260253906,,,0.00874502956867218
10626,9.0,705,0.9617879390716553,,,0.021924948319792747
10627,21.0,811,1.1009066104888916,,,0.011677572503685951
10628,13.0,997,1.3562111854553223,,,0.00891941599547863
10629,13.0,629,0.8592607975006104,,,0.00774407247081399
10630,8.0,387,0.5310683250427246,,,0.009608650580048561
10631,17.0,1192,1.6094989776611328,,,0.01649251952767372
10632,21.0,900,1.21846604347229,,,0.01845295913517475
10633,12.0,649,0.8844475746154785,,,0.010066946037113667
10634,4.0,507,0.6889750957489014,,,0.02827913500368595
10635,23.0,1153,1.555711269378662,,,0.023178234696388245
10636,12.0,539,0.7368807792663574,,,0.0116176912561059
10637,7.0,360,0.4940502643585205,,,0.01357492245733738
10638,15.0,825,1.1235754489898682,,,0.012032002210617065
10639,7.0,481,0.652764081954956,,,0.016574548557400703
10640,7.0,362,0.49731898307800293,,,0.03319879248738289
10641,9.0,399,0.5478110313415527,,,0.023228876292705536
10642,14.0,762,1.0363678932189941,,,0.012255489826202393
10643,7.0,567,0.7701585292816162,,,0.01931227371096611
10644,14.0,672,0.9281692504882812,,,0.0404534637928009
10645,26.0,963,1.3055384159088135,,,0.017872774973511696
10646,7.0,399,0.5406069755554199,,,0.008136196993291378
10647,10.0,661,0.8979396820068359,,,0.01779821701347828
10648,10.0,1061,1.4503626823425293,,,0.020603807643055916
10649,16.0,757,1.0219104290008545,,,0.012217202223837376
10650,12.0,640,0.8670153617858887,,,0.019171344116330147
10651,25.0,1283,1.7292401790618896,,,0.008707019500434399
10652,12.0,677,0.9188964366912842,,,0.017090165987610817
10653,12.0,664,0.9075372219085693,,,0.004993984010070562
10654,8.0,387,0.530097484588623,,,0.020807096734642982
10655,7.0,409,0.5570595264434814,,,0.006902565713971853
10656,7.0,360,0.49543237686157227,,,0.014285806566476822
10657,18.0,933,1.254817008972168,,,0.019081611186265945
10658,14.0,587,0.7973551750183105,,,0.012432659976184368
10659,19.0,940,1.2689146995544434,,,0.026053411886096
10660,7.0,603,0.824005126953125,,,0.01710147224366665
10661,13.0,647,0.8803050518035889,,,0.009852972812950611
10662,9.0,399,0.5454456806182861,,,0.019046340137720108
10663,7.0,396,0.5399594306945801,,,0.02541309967637062
10664,20.0,961,1.3007237911224365,,,0.02212532050907612
10665,6.0,360,0.4934408664703369,,,0.025440512225031853
10666,18.0,868,1.1689248085021973,,,0.02916598692536354
10667,14.0,602,0.811795711517334,,,0.028851686045527458
10668,16.0,758,1.0304603576660156,,,0.016997341066598892
10669,18.0,905,1.2255926132202148,,,0.016832945868372917
10670,7.0,396,0.5379259586334229,,,0.012714793905615807
10671,13.0,607,0.8216073513031006,,,0.012873867526650429
10672,14.0,711,0.9689226150512695,,,0.008699092082679272
10673,15.0,753,1.0253651142120361,,,0.02922789566218853
10674,22.0,961,1.2980856895446777,,,0.012415681034326553
10675,14.0,896,1.2011330127716064,,,0.021130206063389778
10676,32.0,1203,1.6054637432098389,,,0.041548825800418854
10677,16.0,1061,1.4337005615234375,,,0.009188668802380562
10678,19.0,897,1.2213029861450195,,,0.014411925338208675
10679,9.0,489,0.6665420532226562,,,0.011066997423768044
10680,7.0,353,0.48057985305786133,,,0.017587698996067047
10681,3.0,374,0.5152556896209717,,,0.004978707525879145
10682,18.0,950,1.2904345989227295,,,0.007394240703433752
10683,12.0,663,0.907991886138916,,,0.00614572037011385
10684,17.0,689,0.9404292106628418,,,0.014479952864348888
10685,16.0,881,1.187598705291748,,,0.019879858940839767
10686,7.0,450,0.6127967834472656,,,0.036837268620729446
10687,12.0,642,0.8829410076141357,,,0.014243715442717075
10688,11.0,503,0.6822876930236816,,,0.0036208934616297483
10689,12.0,664,0.906461238861084,,,0.015228154137730598
10690,12.0,709,0.9692366123199463,,,0.017111364752054214
10691,9.0,463,0.6296296119689941,,,0.01109600905328989
10692,22.0,1037,1.408686876296997,,,0.005472977180033922
10693,20.0,794,1.0887601375579834,,,0.011622522957623005
10694,13.0,630,0.8597948551177979,,,0.006771489046514034
10695,8.0,507,0.688976526260376,,,0.011757900007069111
10696,13.0,641,0.8762362003326416,,,0.0103725865483284
10697,6.0,687,0.9339988231658936,,,0.02328774333000183
10698,21.0,1171,1.581526279449463,,,0.007535955403000116
10699,18.0,891,1.2067828178405762,,,0.010599364526569843
10700,12.0,645,0.8801572322845459,,,0.009588115848600864
10701,19.0,687,0.927081823348999,,,0.013518002815544605
10702,7.0,563,0.7583308219909668,,,0.01118948683142662
10703,22.0,923,1.2348785400390625,,,0.015315474942326546
10704,13.0,742,0.9953444004058838,,,0.015252778306603432
10705,10.0,697,0.9339158535003662,,,0.007202844135463238
10706,10.0,767,1.0266320705413818,,,0.010780845768749714
10707,6.0,499,0.6813890933990479,,,0.0031710374169051647
10708,8.0,493,0.6747076511383057,,,0.010715682059526443
10709,22.0,945,1.2839179039001465,,,0.0290096253156662
10710,12.0,547,0.7480919361114502,,,0.012482079677283764
10711,9.0,661,0.8944599628448486,,,0.012824324890971184
10712,12.0,802,1.0848138332366943,,,0.008483370766043663
10713,9.0,529,0.7129583358764648,,,0.013276485726237297
10714,18.0,1197,1.6133339405059814,,,0.02124062553048134
10715,10.0,643,0.8758444786071777,,,0.008451218716800213
10716,16.0,801,1.089850902557373,,,0.019629565998911858
10717,16.0,890,1.211057186126709,,,0.016315000131726265
10718,18.0,787,1.055781364440918,,,0.011307798326015472
10719,13.0,631,0.8491184711456299,,,0.005615572445094585
10720,3.0,541,0.7306549549102783,,,0.010133445262908936
10721,15.0,1065,1.4452025890350342,,,0.013272755779325962
10722,9.0,481,0.6601924896240234,,,0.00834224559366703
10723,6.0,500,0.6878910064697266,,,0.01307660061866045
10724,12.0,647,0.8853466510772705,,,0.03304830193519592
10725,14.0,731,0.993156909942627,,,0.01719781570136547
10726,17.0,732,0.9943678379058838,,,0.0045738122425973415
10727,24.0,989,1.3347117900848389,,,0.006744318176060915
10728,14.0,765,1.0403966903686523,,,0.013898508623242378
10729,12.0,637,0.8716864585876465,,,0.018830323591828346
10730,18.0,1041,1.4057376384735107,,,0.0142660578712821
10731,13.0,906,1.2335731983184814,,,0.01136550959199667
10732,16.0,553,0.7531778812408447,,,0.006995185744017363
10733,16.0,795,1.0811469554901123,,,0.010736332274973392
10734,15.0,747,1.015641689300537,,,0.013409711420536041
10735,11.0,678,0.9233810901641846,,,0.01029130443930626
10736,4.0,495,0.6804008483886719,,,0.016230328008532524
10737,17.0,1224,1.6529426574707031,,,0.008757197298109531
10738,15.0,757,1.032585859298706,,,0.019926736131310463
10739,9.0,961,1.3109965324401855,,,0.012507577426731586
10740,9.0,516,0.7070283889770508,,,0.010533885098993778
10741,5.0,455,0.6210801601409912,,,0.0129434484988451
10742,23.0,955,1.2942876815795898,,,0.00671476311981678
10743,13.0,619,0.8438289165496826,,,0.017855528742074966
10744,24.0,1247,1.682964563369751,,,0.022634319961071014
10745,8.0,379,0.5211377143859863,,,0.011948291212320328
10746,17.0,716,0.9792153835296631,,,0.01534939743578434
10747,11.0,606,0.8266012668609619,,,0.027951128780841827
10748,20.0,1076,1.451763391494751,,,0.015507795847952366
10749,13.0,578,0.7863538265228271,,,0.011435885913670063
10750,5.0,611,0.8357083797454834,,,0.010841090232133865
10751,25.0,1152,1.559654951095581,,,0.006285184063017368
10752,9.0,399,0.5509436130523682,,,0.013518471270799637
10753,17.0,893,1.2050905227661133,,,0.016331747174263
10754,19.0,825,1.1115696430206299,,,0.020572490990161896
10755,12.0,557,0.7586534023284912,,,0.004885388538241386
10756,12.0,571,0.778496503829956,,,0.012620003893971443
10757,9.0,449,0.6113989353179932,,,0.021274743601679802
10758,6.0,465,0.6371369361877441,,,0.014058705419301987
10759,8.0,403,0.5488998889923096,,,0.01736764796078205
10760,8.0,461,0.6303863525390625,,,0.01586109958589077
10761,5.0,451,0.6142749786376953,,,0.010840759612619877
10762,13.0,615,0.8419222831726074,,,0.01653919741511345
10763,11.0,827,1.1277151107788086,,,0.006213747896254063
10764,8.0,483,0.6600537300109863,,,0.03213892877101898
10765,16.0,833,1.135359287261963,,,0.016099344938993454
10766,9.0,399,0.5491256713867188,,,0.012310460209846497
10767,5.0,495,0.6781487464904785,,,0.017053935676813126
10768,15.0,886,1.1991219520568848,,,0.020482785999774933
10769,6.0,556,0.7625758647918701,,,0.007673074025660753
10770,12.0,563,0.7668516635894775,,,0.04938868433237076
10771,13.0,637,0.8700685501098633,,,0.005020910874009132
10772,8.0,445,0.5919833183288574,,,0.01036030799150467
10773,12.0,601,0.8088948726654053,,,0.012896575964987278
10774,8.0,482,0.6507084369659424,,,0.009307379834353924
10775,8.0,359,0.48532629013061523,,,0.007900644093751907
10776,8.0,465,0.6232328414916992,,,0.007191837765276432
10777,12.0,677,0.9121525287628174,,,0.014408550225198269
10778,7.0,353,0.47740960121154785,,,0.008252966217696667
10779,10.0,498,0.6721293926239014,,,0.01117998268455267
10780,19.0,953,1.2757136821746826,,,0.026176966726779938
10781,15.0,817,1.0943429470062256,,,0.02136787585914135
10782,19.0,1097,1.4721996784210205,,,0.011602918617427349
10783,9.0,399,0.5379538536071777,,,0.03407545015215874
10784,8.0,389,0.5301918983459473,,,0.025131769478321075
10785,12.0,675,0.9103353023529053,,,0.00971533264964819
10786,16.0,1007,1.3489530086517334,,,0.009424322284758091
10787,12.0,415,0.5611312389373779,,,0.01066658180207014
10788,23.0,925,1.2332262992858887,,,0.01199552696198225
10789,10.0,644,0.8701076507568359,,,0.008561927825212479
10790,8.0,534,0.7223591804504395,,,0.006882768124341965
10791,4.0,527,0.7154655456542969,,,0.019684987142682076
10792,7.0,353,0.4844334125518799,,,0.008020265959203243
10793,20.0,743,1.006697416305542,,,0.004813337232917547
10794,8.0,354,0.48543882369995117,,,0.014937986619770527
10795,7.0,353,0.4785628318786621,,,0.011423944495618343
10796,16.0,743,1.0131096839904785,,,0.006226567551493645
10797,8.0,453,0.6224908828735352,,,0.013976385816931725
10798,8.0,478,0.6519296169281006,,,0.004865704569965601
10799,8.0,395,0.5380661487579346,,,0.0121732447296381
10800,13.0,620,0.8440475463867188,,,0.012049691751599312
10801,13.0,643,0.8764894008636475,,,0.012492281384766102
10802,7.0,394,0.5364923477172852,,,0.013394942507147789
10803,14.0,741,1.0102307796478271,,,0.01366574689745903
10804,6.0,404,0.553534746170044,,,0.005686051212251186
10805,8.0,454,0.6144073009490967,,,0.03620889037847519
10806,7.0,396,0.5418083667755127,,,0.009644442237913609
10807,7.0,415,0.5662007331848145,,,0.009570326656103134
10808,7.0,353,0.4844059944152832,,,0.012719324789941311
10809,21.0,803,1.0942604541778564,,,0.01761370338499546
10810,7.0,385,0.5292837619781494,,,0.011349871754646301
10811,8.0,389,0.5374422073364258,,,0.013997511938214302
10812,6.0,403,0.5494506359100342,,,0.010239620693027973
10813,16.0,765,1.0480399131774902,,,0.02462678588926792
10814,7.0,404,0.5532612800598145,,,0.007790876552462578
10815,21.0,1119,1.5072336196899414,,,0.006388453301042318
10816,7.0,466,0.6408038139343262,,,0.019264552742242813
10817,8.0,395,0.5427405834197998,,,0.016036400571465492
10818,4.0,419,0.5684404373168945,,,0.008121620863676071
10819,16.0,819,1.1080434322357178,,,0.017211709171533585
10820,8.0,458,0.6270570755004883,,,0.01735457219183445
10821,7.0,481,0.6581847667694092,,,0.011936565861105919
10822,12.0,648,0.8786206245422363,,,0.013785569928586483
10823,7.0,404,0.5516078472137451,,,0.024755677208304405
10824,7.0,353,0.48254871368408203,,,0.010717595927417278
10825,7.0,414,0.5651810169219971,,,0.02375807613134384
10826,7.0,353,0.48218464851379395,,,0.006982486695051193
10827,8.0,404,0.5500285625457764,,,0.008577638305723667
10828,8.0,455,0.6218819618225098,,,0.011936343275010586
10829,11.0,650,0.8902266025543213,,,0.021848585456609726
10830,16.0,915,1.2409968376159668,,,0.025906100869178772
10831,7.0,404,0.5513558387756348,,,0.006960560102015734
10832,10.0,370,0.5042922496795654,,,0.009411176666617393
10833,5.0,453,0.6254725456237793,,,0.012710893526673317
10834,18.0,809,1.097226858139038,,,0.05084428936243057
10835,8.0,473,0.6517713069915771,,,0.011911964043974876
10836,26.0,1099,1.4757094383239746,,,0.01471316535025835
10837,12.0,647,0.8827006816864014,,,0.02079109661281109
10838,13.0,777,1.053795576095581,,,0.01837100274860859
10839,6.0,639,0.8695981502532959,,,0.013731217943131924
10840,8.0,444,0.606661319732666,,,0.017083102837204933
10841,11.0,394,0.537329912185669,,,0.00861340295523405
10842,19.0,856,1.1700351238250732,,,0.012090852484107018
10843,11.0,538,0.7332477569580078,,,0.018528733402490616
10844,10.0,747,1.0155982971191406,,,0.0063840593211352825
10845,7.0,353,0.48602914810180664,,,0.019780755043029785
10846,29.0,1145,1.5423610210418701,,,0.051858045160770416
10847,8.0,385,0.5259289741516113,,,0.015443245880305767
10848,10.0,643,0.8657872676849365,,,0.013445137068629265
10849,13.0,656,0.8974864482879639,,,0.015535915270447731
10850,13.0,591,0.8071129322052002,,,0.020170684903860092
10851,8.0,380,0.5146799087524414,,,0.013823266141116619
10852,20.0,927,1.2388389110565186,,,0.014167767949402332
10853,10.0,513,0.694378137588501,,,0.016390323638916016
10854,23.0,969,1.2954010963439941,,,0.015497291460633278
10855,6.0,531,0.7163200378417969,,,0.006633608136326075
10856,8.0,476,0.6372387409210205,,,0.011631138622760773
10857,14.0,753,1.0088791847229004,,,0.03361286595463753
10858,7.0,392,0.5316402912139893,,,0.007387295365333557
10859,7.0,404,0.5518085956573486,,,0.023454824462532997
10860,8.0,642,0.8701043128967285,,,0.029805779457092285
10861,7.0,366,0.497037410736084,,,0.011188496835529804
10862,6.0,465,0.6236824989318848,,,0.009806313551962376
10863,11.0,578,0.7761800289154053,,,0.018573369830846786
10864,21.0,953,1.2744781970977783,,,0.01423717848956585
10865,12.0,655,0.8985855579376221,,,0.023099062964320183
10866,7.0,353,0.4834258556365967,,,0.02048199437558651
10867,16.0,819,1.116562843322754,,,0.008275776170194149
10868,6.0,338,0.4631001949310303,,,0.008078896440565586
10869,12.0,553,0.7575721740722656,,,0.02505677379667759
10870,7.0,404,0.553518533706665,,,0.009261599741876125
10871,13.0,653,0.8923640251159668,,,0.013853487558662891
10872,21.0,834,1.1276555061340332,,,0.011473633348941803
10873,12.0,669,0.9105231761932373,,,0.015033320523798466
10874,16.0,743,1.0061676502227783,,,0.007948926649987698
10875,11.0,564,0.7667365074157715,,,0.0169335026293993
10876,7.0,575,0.77681565284729,,,0.02664913237094879
10877,6.0,481,0.6567802429199219,,,0.007154922001063824
10878,15.0,771,1.0462071895599365,,,0.020916467532515526
10879,7.0,404,0.5464622974395752,,,0.02689032442867756
10880,4.0,445,0.5968520641326904,,,0.025948354974389076
10881,14.0,972,1.3057434558868408,,,0.012687144801020622
10882,15.0,729,0.9789507389068604,,,0.010436875745654106
10883,13.0,609,0.8199899196624756,,,0.011988981626927853
10884,7.0,399,0.5337300300598145,,,0.0199994258582592
10885,7.0,353,0.4817345142364502,,,0.024028511717915535
10886,13.0,577,0.780738115310669,,,0.015376044437289238
10887,20.0,953,1.2773051261901855,,,0.016299407929182053
10888,17.0,971,1.2998826503753662,,,0.009465765208005905
10889,7.0,537,0.7269341945648193,,,0.018162349238991737
10890,13.0,657,0.8835606575012207,,,0.007584613747894764
10891,18.0,761,1.0209264755249023,,,0.020733172073960304
10892,21.0,1156,1.5446853637695312,,,0.01346956379711628
10893,10.0,681,0.9150817394256592,,,0.016036972403526306
10894,2.0,355,0.4818305969238281,,,0.010991908609867096
10895,32.0,1591,2.101438045501709,,,0.013741552829742432
10896,9.0,431,0.5791246891021729,,,0.013430265709757805
10897,6.0,404,0.5481300354003906,,,0.019515305757522583
10898,18.0,1013,1.358999490737915,,,0.023882661014795303
10899,19.0,1005,1.3509156703948975,,,0.03094390034675598
10900,8.0,389,0.531954288482666,,,0.014479391276836395
10901,18.0,801,1.0857172012329102,,,0.013841486535966396
10902,8.0,353,0.48319101333618164,,,0.007656695321202278
10903,12.0,535,0.7313213348388672,,,0.006391354836523533
10904,12.0,563,0.7704620361328125,,,0.011865759268403053
10905,10.0,537,0.7300527095794678,,,0.018882622942328453
10906,9.0,537,0.7319488525390625,,,0.008600190281867981
10907,31.0,1428,1.930471658706665,,,0.007238675374537706
10908,7.0,404,0.5520164966583252,,,0.01319434680044651
10909,9.0,1257,1.7031822204589844,,,0.01962193474173546
10910,8.0,391,0.5356767177581787,,,0.017161766067147255
10911,14.0,590,0.7990124225616455,,,0.017452312633395195
10912,9.0,702,0.9655566215515137,,,0.027398589998483658
10913,28.0,1574,2.131718873977661,,,0.014076834544539452
10914,15.0,589,0.7957839965820312,,,0.02183167263865471
10915,23.0,923,1.2501351833343506,,,0.011800704523921013
10916,7.0,353,0.48209071159362793,,,0.00957027729600668
10917,7.0,353,0.48487305641174316,,,0.009077661670744419
10918,13.0,955,1.2978036403656006,,,0.022957198321819305
10919,7.0,377,0.513927698135376,,,0.0051679122261703014
10920,8.0,389,0.5338881015777588,,,0.014196421951055527
10921,13.0,660,0.8993971347808838,,,0.03026462346315384
10922,11.0,459,0.6233577728271484,,,0.008787054568529129
10923,8.0,404,0.5461945533752441,,,0.03449961170554161
10924,8.0,391,0.5360012054443359,,,0.024921057745814323
10925,12.0,657,0.8925578594207764,,,0.02230197563767433
10926,8.0,353,0.48195910453796387,,,0.010062215849757195
10927,21.0,992,1.33609938621521,,,0.005499814171344042
10928,8.0,353,0.48040771484375,,,0.01926587149500847
10929,9.0,525,0.7176547050476074,,,0.0058446661569178104
10930,9.0,455,0.6198468208312988,,,0.00309118558652699
10931,6.0,398,0.5391051769256592,,,0.02227277122437954
10932,7.0,481,0.6622247695922852,,,0.016375260427594185
10933,7.0,353,0.4811859130859375,,,0.009509529918432236
10934,7.0,353,0.48313117027282715,,,0.020322013646364212
10935,17.0,737,0.9948418140411377,,,0.007996616885066032
10936,5.0,497,0.6728906631469727,,,0.0058538904413580894
10937,13.0,650,0.8839869499206543,,,0.009004315361380577
10938,8.0,404,0.5507009029388428,,,0.005238105542957783
10939,7.0,405,0.5525155067443848,,,0.010463306680321693
10940,6.0,384,0.5216212272644043,,,0.022017959505319595
10941,12.0,565,0.7711894512176514,,,0.021665144711732864
10942,8.0,466,0.635352373123169,,,0.011243552900850773
10943,3.0,436,0.5943124294281006,,,0.012375839054584503
10944,8.0,466,0.6392645835876465,,,0.01270859781652689
10945,11.0,517,0.7061114311218262,,,0.011773485690355301
10946,16.0,747,1.0211548805236816,,,0.029554083943367004
10947,16.0,887,1.2050361633300781,,,0.011211968958377838
10948,6.0,391,0.5360448360443115,,,0.01337470393627882
10949,16.0,855,1.1635372638702393,,,0.01734204962849617
10950,10.0,519,0.7066261768341064,,,0.014458938501775265
10951,9.0,449,0.6118190288543701,,,0.012539099901914597
10952,7.0,581,0.790086030960083,,,0.013805458322167397
10953,12.0,677,0.9251642227172852,,,0.029969239607453346
10954,12.0,919,1.2579905986785889,,,0.014190100133419037
10955,11.0,634,0.8645927906036377,,,0.03810450807213783
10956,13.0,631,0.8551182746887207,,,0.02446170337498188
10957,7.0,435,0.591820478439331,,,0.008656910620629787
10958,6.0,360,0.49037981033325195,,,0.008009751327335835
10959,44.0,2119,2.8148281574249268,,,0.015837443992495537
10960,13.0,631,0.8485214710235596,,,0.013270973227918148
10961,13.0,649,0.8760087490081787,,,0.012434158474206924
10962,8.0,493,0.6601090431213379,,,0.011810746975243092
10963,14.0,881,1.1868422031402588,,,0.01117387879639864
10964,13.0,805,1.0854237079620361,,,0.020230818539857864
10965,16.0,1051,1.424269199371338,,,0.00789344497025013
10966,12.0,627,0.8509030342102051,,,0.008846061304211617
10967,7.0,443,0.6028628349304199,,,0.010356212966144085
10968,5.0,483,0.6501860618591309,,,0.014972344972193241
10969,16.0,740,0.9960050582885742,,,0.011020444333553314
10970,7.0,404,0.5488932132720947,,,0.014622700400650501
10971,10.0,705,0.9575467109680176,,,0.015726789832115173
10972,6.0,392,0.5324087142944336,,,0.02785642258822918
10973,14.0,607,0.8286378383636475,,,0.012476610019803047
10974,8.0,385,0.5210483074188232,,,0.015655025839805603
10975,8.0,475,0.6479685306549072,,,0.010416499339044094
10976,14.0,623,0.8386580944061279,,,0.0057244086638092995
10977,15.0,572,0.7803423404693604,,,0.00695044593885541
10978,17.0,870,1.1875097751617432,,,0.009385409764945507
10979,16.0,721,0.9833111763000488,,,0.014103229157626629
10980,6.0,604,0.8264672756195068,,,0.027776002883911133
10981,7.0,554,0.7569987773895264,,,0.012561867944896221
10982,7.0,437,0.5979170799255371,,,0.007606578059494495
10983,4.0,479,0.6570243835449219,,,0.004203002899885178
10984,7.0,404,0.5600309371948242,,,0.032479461282491684
10985,12.0,703,0.9522902965545654,,,0.014897421933710575
10986,7.0,366,0.49417638778686523,,,0.019078366458415985
10987,13.0,663,0.8978776931762695,,,0.022124359384179115
10988,18.0,915,1.2243518829345703,,,0.00849704910069704
10989,4.0,479,0.6498425006866455,,,0.01278990600258112
10990,3.0,374,0.5055496692657471,,,0.005022586323320866
10991,3.0,572,0.7674074172973633,,,0.010725890286266804
10992,15.0,813,1.0912096500396729,,,0.01723688840866089
10993,8.0,477,0.6462962627410889,,,0.007965952157974243
10994,7.0,397,0.5422096252441406,,,0.02403273619711399
10995,2.0,391,0.5289287567138672,,,0.006771748885512352
10996,14.0,583,0.7869858741760254,,,0.00815592985600233
10997,8.0,805,1.0862491130828857,,,0.01094442792236805
10998,7.0,471,0.6327581405639648,,,0.009810326620936394
10999,7.0,473,0.6379790306091309,,,0.011624454520642757
11000,17.0,859,1.15267014503479,,,0.00935827475041151
11001,12.0,631,0.8495128154754639,,,0.01492471806704998
11002,7.0,362,0.4888651371002197,,,0.010457481257617474
11003,16.0,762,1.0266296863555908,,,0.005248268600553274
11004,7.0,392,0.5296275615692139,,,0.029621627181768417
11005,7.0,389,0.5262174606323242,,,0.006572438403964043
11006,12.0,824,1.1122527122497559,,,0.01669887825846672
11007,7.0,415,0.5620582103729248,,,0.005383669398725033
11008,12.0,941,1.2685484886169434,,,0.02052902989089489
11009,6.0,404,0.5475163459777832,,,0.009328280575573444
11010,8.0,469,0.6333563327789307,,,0.014157182537019253
11011,1.0,336,0.4555952548980713,,,0.0202916469424963
11012,8.0,593,0.8011507987976074,,,0.01324537768959999
11013,13.0,637,0.8526597023010254,,,0.0202946774661541
11014,18.0,805,1.092061996459961,,,0.008608747273683548
11015,8.0,385,0.5251176357269287,,,0.03652404248714447
11016,11.0,392,0.5412805080413818,,,0.03137572109699249
11017,12.0,487,0.6818733215332031,,,0.004750652704387903
11018,3.0,372,0.5058577060699463,,,0.029268132522702217
11019,7.0,689,0.9365179538726807,,,0.021553488448262215
11020,8.0,396,0.5425879955291748,,,0.01464006770402193
11021,12.0,495,0.6770496368408203,,,0.027538329362869263
11022,7.0,353,0.482196569442749,,,0.02412543259561062
11023,6.0,485,0.6570889949798584,,,0.009511533193290234
11024,14.0,770,1.0525109767913818,,,0.010429580695927143
11025,8.0,389,0.5343501567840576,,,0.016859889030456543
11026,8.0,495,0.670473575592041,,,0.014402689412236214
11027,8.0,391,0.5346472263336182,,,0.03977450355887413
11028,7.0,415,0.5642063617706299,,,0.017011115327477455
11029,7.0,446,0.6108546257019043,,,0.01714753359556198
11030,7.0,416,0.5663797855377197,,,0.017055880278348923
11031,27.0,1357,1.8158330917358398,,,0.017588619142770767
11032,8.0,404,0.5496268272399902,,,0.020080801099538803
11033,18.0,871,1.1719117164611816,,,0.016142060980200768
11034,9.0,564,0.7624249458312988,,,0.030379682779312134
11035,7.0,405,0.5535438060760498,,,0.009040804579854012
11036,7.0,392,0.5378870964050293,,,0.030411219224333763
11037,14.0,665,0.901543378829956,,,0.01816839911043644
11038,6.0,385,0.5249316692352295,,,0.00848865881562233
11039,8.0,365,0.49858641624450684,,,0.018303344026207924
11040,7.0,353,0.48317694664001465,,,0.016848066821694374
11041,14.0,1135,1.546515941619873,,,0.015964243561029434
11042,7.0,415,0.5695071220397949,,,0.043397970497608185
11043,23.0,1147,1.5483121871948242,,,0.027082188054919243
11044,8.0,389,0.5374641418457031,,,0.006681628525257111
11045,7.0,413,0.5584969520568848,,,0.013362105004489422
11046,8.0,465,0.6404283046722412,,,0.011180248111486435
11047,8.0,453,0.6146321296691895,,,0.012684473767876625
11048,18.0,753,1.0257713794708252,,,0.022227223962545395
11049,6.0,450,0.6153926849365234,,,0.007503981236368418
11050,17.0,857,1.1636688709259033,,,0.0104097044095397
11051,19.0,966,1.3060579299926758,,,0.008415834046900272
11052,15.0,728,0.9868612289428711,,,0.013053790666162968
11053,8.0,447,0.6138498783111572,,,0.010036864317953587
11054,7.0,414,0.560178279876709,,,0.01596321538090706
11055,8.0,464,0.6309914588928223,,,0.012541265226900578
11056,6.0,398,0.545053243637085,,,0.06758462637662888
11057,22.0,1043,1.4128427505493164,,,0.01622437871992588
11058,15.0,601,0.8207027912139893,,,0.017773618921637535
11059,7.0,417,0.5668802261352539,,,0.018067041411995888
11060,11.0,649,0.8880276679992676,,,0.009536165744066238
11061,6.0,445,0.605539083480835,,,0.03328447416424751
11062,8.0,391,0.5393946170806885,,,0.016687756404280663
11063,6.0,379,0.5203173160552979,,,0.01072681788355112
11064,11.0,737,0.9955854415893555,,,0.017308378592133522
11065,11.0,543,0.7373611927032471,,,0.007790103554725647
11066,14.0,621,0.8406202793121338,,,0.009890290908515453
11067,8.0,391,0.5341026782989502,,,0.007336657494306564
11068,2.0,385,0.5250420570373535,,,0.015041164122521877
11069,12.0,778,1.0524623394012451,,,0.021926308050751686
11070,11.0,621,0.8439676761627197,,,0.016550177708268166
11071,3.0,365,0.4953300952911377,,,0.027269983664155006
11072,7.0,495,0.6763982772827148,,,0.012922011315822601
11073,14.0,812,1.1007168292999268,,,0.013880649581551552
11074,7.0,392,0.53299880027771,,,0.01041331235319376
11075,18.0,896,1.2190823554992676,,,0.013706034980714321
11076,3.0,374,0.5099973678588867,,,0.02015463076531887
11077,6.0,470,0.6380283832550049,,,0.04975814372301102
11078,17.0,1245,1.6757628917694092,,,0.008965174667537212
11079,9.0,497,0.6646957397460938,,,0.017152903601527214
11080,15.0,776,1.0594072341918945,,,0.008594896644353867
11081,18.0,993,1.3478574752807617,,,0.03796910122036934
11082,18.0,865,1.1726808547973633,,,0.008438334800302982
11083,16.0,778,1.0559158325195312,,,0.009844472631812096
11084,14.0,588,0.8072915077209473,,,0.01026907842606306
11085,21.0,957,1.2952637672424316,,,0.03804275766015053
11086,7.0,404,0.5479457378387451,,,0.007444106042385101
11087,10.0,655,0.8857474327087402,,,0.022549264132976532
11088,18.0,901,1.2137930393218994,,,0.014073193073272705
11089,8.0,385,0.5181653499603271,,,0.05585762485861778
11090,18.0,825,1.1139681339263916,,,0.012249740771949291
11091,13.0,607,0.8293156623840332,,,0.020159272477030754
11092,6.0,453,0.6227643489837646,,,0.010084494017064571
11093,8.0,389,0.5312156677246094,,,0.019196955487132072
11094,6.0,403,0.549572229385376,,,0.007049954496324062
11095,19.0,1220,1.6514248847961426,,,0.006796595174819231
11096,11.0,565,0.7736434936523438,,,0.028561607003211975
11097,9.0,441,0.6027989387512207,,,0.007053382229059935
11098,15.0,859,1.1687664985656738,,,0.007077525369822979
11099,8.0,353,0.4844808578491211,,,0.010334191843867302
11100,8.0,353,0.4867393970489502,,,0.017678041011095047
11101,16.0,835,1.132596492767334,,,0.008382477797567844
11102,7.0,404,0.557269811630249,,,0.011533036828041077
11103,7.0,397,0.540870189666748,,,0.00584031455218792
11104,8.0,353,0.4831221103668213,,,0.008850273676216602
11105,10.0,580,0.7888810634613037,,,0.00825587846338749
11106,10.0,507,0.6950359344482422,,,0.014711772091686726
11107,7.0,353,0.47564220428466797,,,0.027254626154899597
11108,13.0,609,0.8193440437316895,,,0.029622092843055725
11109,11.0,511,0.6908893585205078,,,0.012392430566251278
11110,21.0,989,1.3316397666931152,,,0.008500867523252964
11111,7.0,404,0.549098014831543,,,0.031608618795871735
11112,11.0,567,0.7737512588500977,,,0.0160896684974432
11113,4.0,571,0.7788069248199463,,,0.01730176992714405
11114,7.0,404,0.5575611591339111,,,0.010198757983744144
11115,7.0,472,0.6422631740570068,,,0.017899082973599434
11116,9.0,507,0.6943328380584717,,,0.0318940170109272
11117,6.0,491,0.6696739196777344,,,0.014919151552021503
11118,13.0,759,1.0387258529663086,,,0.007265958935022354
11119,19.0,1369,1.852980613708496,,,0.021665841341018677
11120,19.0,939,1.2749934196472168,,,0.00651331664994359
11121,12.0,813,1.1063721179962158,,,0.020894011482596397
11122,6.0,469,0.6426637172698975,,,0.010423398576676846
11123,12.0,747,1.018193244934082,,,0.013859275728464127
11124,23.0,1071,1.4457697868347168,,,0.007579403463751078
11125,13.0,625,0.8496212959289551,,,0.011790881864726543
11126,18.0,875,1.1951510906219482,,,0.015210036188364029
11127,4.0,341,0.46723198890686035,,,0.04125642776489258
11128,6.0,407,0.555121898651123,,,0.012942569330334663
11129,23.0,1443,1.9203712940216064,,,0.009619174525141716
11130,8.0,391,0.5264451503753662,,,0.015550066716969013
11131,14.0,725,0.9708254337310791,,,0.012395104393362999
11132,5.0,353,0.4768095016479492,,,0.0068414947018027306
11133,12.0,735,0.9915566444396973,,,0.018161501735448837
11134,7.0,392,0.5320591926574707,,,0.006812321487814188
11135,7.0,353,0.48694872856140137,,,0.009728575125336647
11136,10.0,650,0.8828761577606201,,,0.01710108295083046
11137,15.0,743,0.9999597072601318,,,0.015172069892287254
11138,8.0,527,0.7114677429199219,,,0.013275334611535072
11139,15.0,817,1.1030304431915283,,,0.04084239527583122
11140,10.0,644,0.8686964511871338,,,0.028668159618973732
11141,15.0,825,1.1228115558624268,,,0.013637689873576164
11142,14.0,754,1.0229172706604004,,,0.014128251932561398
11143,7.0,353,0.4732017517089844,,,0.016023609787225723
11144,14.0,611,0.8171141147613525,,,0.02423517033457756
11145,12.0,633,0.851283073425293,,,0.01538864430040121
11146,13.0,671,0.90765380859375,,,0.013289539143443108
11147,6.0,450,0.6085946559906006,,,0.013773990795016289
11148,6.0,389,0.5261154174804688,,,0.025624066591262817
11149,7.0,465,0.6332361698150635,,,0.009807675145566463
11150,12.0,651,0.8818573951721191,,,0.012979251332581043
11151,24.0,1135,1.5158448219299316,,,0.023834293708205223
11152,12.0,612,0.8328464031219482,,,0.01540080551058054
11153,7.0,392,0.5276262760162354,,,0.017220789566636086
11154,9.0,572,0.7705893516540527,,,0.024442873895168304
11155,21.0,1101,1.4691522121429443,,,0.014461386017501354
11156,31.0,1605,2.1344242095947266,,,0.006115592550486326
11157,13.0,861,1.171802282333374,,,0.03817271813750267
11158,3.0,449,0.6150524616241455,,,0.029802368953824043
11159,32.0,1687,2.237577199935913,,,0.014962884597480297
11160,12.0,620,0.835211992263794,,,0.008533480577170849
11161,6.0,397,0.5391647815704346,,,0.0076744090765714645
11162,3.0,374,0.5054056644439697,,,0.036084696650505066
11163,4.0,373,0.5001051425933838,,,0.020185811445116997
11164,6.0,495,0.6672918796539307,,,0.011802836321294308
11165,5.0,493,0.6722729206085205,,,0.01854267716407776
11166,32.0,1951,2.6091930866241455,,,0.01534535363316536
11167,8.0,552,0.759678840637207,,,0.009083835408091545
11168,13.0,614,0.8439476490020752,,,0.013463370501995087
11169,11.0,702,0.9503486156463623,,,0.010576501488685608
11170,23.0,1257,1.6970059871673584,,,0.012188751250505447
11171,7.0,353,0.48538899421691895,,,0.03638681024312973
11172,32.0,1568,2.0915653705596924,,,0.023089734837412834
11173,6.0,357,0.4881751537322998,,,0.020003221929073334
11174,12.0,651,0.893378496170044,,,0.011677642352879047
11175,7.0,503,0.689176082611084,,,0.014903238043189049
11176,21.0,879,1.204071283340454,,,0.023440837860107422
11177,11.0,622,0.847937822341919,,,0.010332351550459862
11178,8.0,404,0.5519452095031738,,,0.009167268872261047
11179,12.0,526,0.7117733955383301,,,0.013740920461714268
11180,19.0,1006,1.368971586227417,,,0.0083530955016613
11181,26.0,995,1.3393874168395996,,,0.005960260983556509
11182,3.0,469,0.6458709239959717,,,0.012446668930351734
11183,6.0,397,0.5422995090484619,,,0.018294595181941986
11184,5.0,499,0.6803297996520996,,,0.018135877326130867
11185,10.0,615,0.8391709327697754,,,0.019850365817546844
11186,8.0,353,0.48505187034606934,,,0.017260052263736725
11187,12.0,623,0.8522696495056152,,,0.017535554245114326
11188,9.0,592,0.8161373138427734,,,0.020257405936717987
11189,5.0,401,0.5528066158294678,,,0.011797000654041767
11190,14.0,744,1.0132653713226318,,,0.00788896530866623
11191,20.0,1060,1.434135913848877,,,0.01459574606269598
11192,17.0,921,1.255842924118042,,,0.017535893246531487
11193,14.0,741,1.0100657939910889,,,0.015652306377887726
11194,19.0,780,1.063849687576294,,,0.03617355599999428
11195,7.0,665,0.9011147022247314,,,0.00458568474277854
11196,6.0,408,0.555060625076294,,,0.01037878729403019
11197,12.0,677,0.9307196140289307,,,0.022217851132154465
11198,19.0,1067,1.4356167316436768,,,0.02551962435245514
11199,14.0,742,1.001629114151001,,,0.011069675907492638
11200,2.0,400,0.545452356338501,,,0.013121143914759159
11201,6.0,802,1.078214168548584,,,0.021622447296977043
11202,12.0,620,0.8289918899536133,,,0.008058012463152409
11203,7.0,497,0.6726489067077637,,,0.035372234880924225
11204,12.0,670,0.9029386043548584,,,0.036947499960660934
11205,5.0,436,0.5933518409729004,,,0.011179212480783463
11206,12.0,663,0.8887720108032227,,,0.012523348443210125
11207,10.0,639,0.8730039596557617,,,0.0041046179831027985
11208,1.0,356,0.4785451889038086,,,0.009258084930479527
11209,16.0,1257,1.7123165130615234,,,0.015922296792268753
11210,20.0,1092,1.4758963584899902,,,0.020568815991282463
11211,13.0,752,1.0226373672485352,,,0.007407716009765863
11212,14.0,765,1.0385797023773193,,,0.0100946556776762
11213,4.0,375,0.510962963104248,,,0.007763467263430357
11214,16.0,958,1.3062667846679688,,,0.0206315815448761
11215,9.0,491,0.668663740158081,,,0.007732491008937359
11216,8.0,538,0.7292201519012451,,,0.005529414396733046
11217,10.0,907,1.224738359451294,,,0.00515665952116251
11218,12.0,689,0.9426419734954834,,,0.0068814801052212715
11219,13.0,686,0.9308631420135498,,,0.005563210695981979
11220,4.0,342,0.46973657608032227,,,0.016333604231476784
11221,8.0,567,0.7756502628326416,,,0.019305970519781113
11222,15.0,727,0.9960236549377441,,,0.012735266238451004
11223,14.0,677,0.9150986671447754,,,0.020378729328513145
11224,13.0,633,0.8656246662139893,,,0.014864304102957249
11225,15.0,728,0.9856059551239014,,,0.006654790136963129
11226,10.0,561,0.7555422782897949,,,0.01747932843863964
11227,5.0,342,0.4629523754119873,,,0.04429008439183235
11228,18.0,1283,1.717128038406372,,,0.013952219858765602
11229,12.0,607,0.8209648132324219,,,0.027249149978160858
11230,12.0,884,1.2039954662322998,,,0.019255436956882477
11231,10.0,631,0.8608262538909912,,,0.008928940631449223
11232,18.0,832,1.13236665725708,,,0.008931185118854046
11233,9.0,601,0.8209099769592285,,,0.019330447539687157
11234,8.0,404,0.5517749786376953,,,0.0029466988053172827
11235,11.0,622,0.8465991020202637,,,0.016207687556743622
11236,15.0,758,1.0320093631744385,,,0.017557093873620033
11237,7.0,405,0.5591990947723389,,,0.013057149015367031
11238,7.0,353,0.48203015327453613,,,0.005994963925331831
11239,11.0,565,0.7747714519500732,,,0.007558820769190788
11240,15.0,841,1.1473472118377686,,,0.019098550081253052
11241,6.0,343,0.47284674644470215,,,0.007828952744603157
11242,13.0,699,0.9503574371337891,,,0.018155986443161964
11243,12.0,640,0.8738398551940918,,,0.012299127876758575
11244,8.0,559,0.7671554088592529,,,0.013409233652055264
11245,10.0,665,0.900951623916626,,,0.03557070717215538
11246,10.0,533,0.726290225982666,,,0.009335658513009548
11247,6.0,381,0.5190911293029785,,,0.023777179419994354
11248,1.0,374,0.5104703903198242,,,0.014267913065850735
11249,14.0,757,1.0309176445007324,,,0.013384542427957058
11250,14.0,733,0.9912474155426025,,,0.00878477469086647
11251,8.0,626,0.8403942584991455,,,0.017602477222681046
11252,13.0,698,0.9338061809539795,,,0.010275167413055897
11253,3.0,593,0.8024964332580566,,,0.021461477503180504
11254,5.0,477,0.6419167518615723,,,0.011712741106748581
11255,10.0,573,0.7763519287109375,,,0.01187093835324049
11256,8.0,393,0.5292339324951172,,,0.01924295164644718
11257,8.0,527,0.7204899787902832,,,0.015157745219767094
11258,1.0,392,0.5308258533477783,,,0.012855615466833115
11259,7.0,352,0.48072147369384766,,,0.009505925700068474
11260,18.0,959,1.2882800102233887,,,0.010603141970932484
11261,8.0,389,0.5259966850280762,,,0.009146158583462238
11262,16.0,921,1.2320239543914795,,,0.011332794092595577
11263,13.0,735,0.9936497211456299,,,0.009249651804566383
11264,9.0,640,0.8608722686767578,,,0.04506940767168999
11265,13.0,801,1.0875999927520752,,,0.010303658433258533
11266,18.0,971,1.313779354095459,,,0.006719651166349649
11267,5.0,405,0.5425107479095459,,,0.008436732925474644
11268,15.0,976,1.307053565979004,,,0.008771671913564205
11269,13.0,725,0.981055736541748,,,0.020530343055725098
11270,8.0,391,0.5352139472961426,,,0.011856838129460812
11271,10.0,649,0.8880431652069092,,,0.023086892440915108
11272,11.0,692,0.9413483142852783,,,0.020241985097527504
11273,19.0,899,1.2194437980651855,,,0.02644960582256317
11274,9.0,565,0.7706048488616943,,,0.013171583414077759
11275,17.0,1047,1.414869785308838,,,0.05071757361292839
11276,5.0,405,0.5505445003509521,,,0.01927945204079151
11277,7.0,465,0.6331396102905273,,,0.01386104617267847
11278,7.0,399,0.5434377193450928,,,0.018176229670643806
11279,17.0,833,1.1354260444641113,,,0.049310311675071716
11280,12.0,631,0.8581349849700928,,,0.007990546524524689
11281,1.0,392,0.5350322723388672,,,0.010056176222860813
11282,9.0,546,0.7427945137023926,,,0.011312391608953476
11283,8.0,522,0.7121531963348389,,,0.014026414602994919
11284,8.0,521,0.7151052951812744,,,0.0245682243257761
11285,12.0,806,1.103757381439209,,,0.015359252691268921
11286,9.0,472,0.643103837966919,,,0.020176049321889877
11287,15.0,895,1.2170264720916748,,,0.010989205911755562
11288,13.0,649,0.8820960521697998,,,0.014621955342590809
11289,12.0,589,0.79795241355896,,,0.009140745736658573
11290,5.0,483,0.6571178436279297,,,0.02360297366976738
11291,20.0,947,1.2744503021240234,,,0.009382679127156734
11292,9.0,348,0.47059178352355957,,,0.004839031957089901
11293,17.0,785,1.0560550689697266,,,0.020353643223643303
11294,9.0,527,0.7129671573638916,,,0.01226071361452341
11295,19.0,909,1.2303509712219238,,,0.009875326417386532
11296,12.0,639,0.8768279552459717,,,0.021663984283804893
11297,13.0,566,0.7747313976287842,,,0.02293085679411888
11298,3.0,388,0.5317971706390381,,,0.009798891842365265
11299,12.0,635,0.8664031028747559,,,0.02400859445333481
11300,5.0,340,0.4659609794616699,,,0.01609744317829609
11301,21.0,933,1.2663357257843018,,,0.03223966807126999
11302,12.0,664,0.9012618064880371,,,0.0066882167011499405
11303,16.0,1019,1.3760089874267578,,,0.01955169253051281
11304,4.0,419,0.5706238746643066,,,0.009322267025709152
11305,4.0,342,0.470095157623291,,,0.00568612664937973
11306,14.0,839,1.142768383026123,,,0.014017616398632526
11307,13.0,658,0.8914194107055664,,,0.010176892392337322
11308,13.0,707,0.954535961151123,,,0.012759815901517868
11309,5.0,357,0.48045825958251953,,,0.012086995877325535
11310,16.0,783,1.0550389289855957,,,0.012761971913278103
11311,10.0,614,0.8199129104614258,,,0.03809458389878273
11312,15.0,714,0.9558689594268799,,,0.01028211135417223
11313,8.0,389,0.5282855033874512,,,0.01707964949309826
11314,12.0,655,0.8842072486877441,,,0.04133632779121399
11315,8.0,353,0.47648048400878906,,,0.010614218190312386
11316,12.0,569,0.7703855037689209,,,0.014436758123338223
11317,21.0,1229,1.642449140548706,,,0.020317459478974342
11318,8.0,353,0.47385597229003906,,,0.013160649687051773
11319,6.0,405,0.5471317768096924,,,0.007021788507699966
11320,10.0,591,0.8098678588867188,,,0.020615585148334503
11321,11.0,664,0.900132417678833,,,0.013040553778409958
11322,7.0,507,0.6836926937103271,,,0.010925181210041046
11323,4.0,353,0.47635483741760254,,,0.011336399242281914
11324,8.0,353,0.476820707321167,,,0.011120080947875977
11325,8.0,578,0.7781119346618652,,,0.04171404242515564
11326,29.0,1159,1.5413188934326172,,,0.008674218319356441
11327,3.0,366,0.49294447898864746,,,0.015435499139130116
11328,25.0,1307,1.7559397220611572,,,0.02930888719856739
11329,12.0,643,0.8776535987854004,,,0.012565087527036667
11330,9.0,609,0.8238332271575928,,,0.017883626744151115
11331,13.0,757,1.0290865898132324,,,0.014681767672300339
11332,4.0,353,0.4864211082458496,,,0.007925922982394695
11333,11.0,699,0.9560904502868652,,,0.014883480966091156
11334,5.0,353,0.48294758796691895,,,0.017994726076722145
11335,11.0,630,0.8655319213867188,,,0.018677465617656708
11336,7.0,363,0.4979524612426758,,,0.05466224253177643
11337,7.0,678,0.9204678535461426,,,0.009773604571819305
11338,4.0,627,0.8519563674926758,,,0.0064813788048923016
11339,15.0,751,1.0121769905090332,,,0.02557164430618286
11340,3.0,374,0.5031311511993408,,,0.010807700455188751
11341,8.0,549,0.7420229911804199,,,0.010335088707506657
11342,23.0,848,1.131178379058838,,,0.012521989643573761
11343,9.0,454,0.6130824089050293,,,0.015916669741272926
11344,13.0,627,0.8570804595947266,,,0.012042283080518246
11345,5.0,485,0.6650030612945557,,,0.025572918355464935
11346,7.0,661,0.8976876735687256,,,0.031707070767879486
11347,13.0,751,1.017805576324463,,,0.01322428323328495
11348,6.0,474,0.6426119804382324,,,0.012983469292521477
11349,13.0,633,0.8686895370483398,,,0.004753025248646736
11350,10.0,671,0.9132773876190186,,,0.004853558726608753
11351,10.0,653,0.8911244869232178,,,0.027590639889240265
11352,12.0,648,0.8842129707336426,,,0.033180367201566696
11353,21.0,931,1.2513079643249512,,,0.012882795184850693
11354,40.0,1843,2.457336664199829,,,0.009565629996359348
11355,13.0,669,0.8990175724029541,,,0.031619831919670105
11356,18.0,931,1.2502658367156982,,,0.007445192895829678
11357,6.0,392,0.5370357036590576,,,0.005830697249621153
11358,17.0,832,1.1336474418640137,,,0.054227109998464584
11359,10.0,809,1.106558084487915,,,0.025692857801914215
11360,16.0,751,1.027111291885376,,,0.006722226273268461
11361,6.0,357,0.491180419921875,,,0.01144998986274004
11362,7.0,374,0.511293888092041,,,0.022137140855193138
11363,13.0,635,0.8645710945129395,,,0.004197049420326948
11364,15.0,739,1.0002903938293457,,,0.011526678688824177
11365,9.0,651,0.8868193626403809,,,0.013912484981119633
11366,7.0,566,0.7773599624633789,,,0.021193910390138626
11367,23.0,1006,1.35666823387146,,,0.012172591872513294
11368,23.0,1473,1.9926893711090088,,,0.01510291825979948
11369,6.0,354,0.4874885082244873,,,0.04407702013850212
11370,10.0,819,1.1223080158233643,,,0.025706259533762932
11371,4.0,379,0.5205898284912109,,,0.02673543058335781
11372,7.0,392,0.5372786521911621,,,0.007133677136152983
11373,19.0,980,1.3345787525177002,,,0.020964374765753746
11374,18.0,965,1.315399408340454,,,0.01773439534008503
11375,9.0,695,0.9483597278594971,,,0.014173448085784912
11376,32.0,1798,2.4058337211608887,,,0.01672586053609848
11377,14.0,662,0.8996005058288574,,,0.017046617344021797
11378,1.0,573,0.7815642356872559,,,0.008848804049193859
11379,12.0,673,0.907494306564331,,,0.019663095474243164
11380,12.0,693,0.9278700351715088,,,0.01556598860770464
11381,5.0,431,0.5891506671905518,,,0.010470767505466938
11382,12.0,579,0.7815296649932861,,,0.009093922562897205
11383,8.0,453,0.6138205528259277,,,0.037864115089178085
11384,16.0,931,1.249614953994751,,,0.00939854420721531
11385,12.0,685,0.924445390701294,,,0.010782316327095032
11386,3.0,346,0.4676532745361328,,,0.0069053261540830135
11387,14.0,733,0.9917778968811035,,,0.01049808505922556
11388,19.0,963,1.2914602756500244,,,0.006657843478024006
11389,3.0,364,0.51548171043396,,,0.011028453707695007
11390,17.0,774,1.0584299564361572,,,0.008185504004359245
11391,5.0,483,0.6616735458374023,,,0.010434440337121487
11392,21.0,899,1.2091476917266846,,,0.010381259955465794
11393,3.0,627,0.8537566661834717,,,0.013582782819867134
11394,22.0,1015,1.380957841873169,,,0.015654345974326134
11395,6.0,453,0.6204550266265869,,,0.009388991631567478
11396,12.0,749,1.0205883979797363,,,0.02545846439898014
11397,13.0,929,1.2696938514709473,,,0.006652140058577061
11398,9.0,663,0.8979747295379639,,,0.008724404498934746
11399,33.0,1618,2.154989719390869,,,0.01671268418431282
11400,12.0,608,0.8283817768096924,,,0.005433311220258474
11401,12.0,645,0.8787364959716797,,,0.012868188321590424
11402,7.0,353,0.483609676361084,,,0.011054936796426773
11403,11.0,531,0.7313172817230225,,,0.01323417667299509
11404,22.0,890,1.2128467559814453,,,0.011127140372991562
11405,12.0,567,0.7724418640136719,,,0.011366453021764755
11406,6.0,376,0.5155792236328125,,,0.022070348262786865
11407,16.0,1005,1.3629415035247803,,,0.004248405806720257
11408,11.0,640,0.862774133682251,,,0.011309115216135979
11409,5.0,357,0.4841647148132324,,,0.017071573063731194
11410,9.0,495,0.6723253726959229,,,0.014324964955449104
11411,12.0,599,0.8145103454589844,,,0.008536012843251228
11412,15.0,859,1.1569914817810059,,,0.009160934016108513
11413,5.0,372,0.5015764236450195,,,0.00959546584635973
11414,11.0,604,0.8167579174041748,,,0.011025259271264076
11415,14.0,859,1.1523175239562988,,,0.012334967963397503
11416,21.0,982,1.313063383102417,,,0.013387788087129593
11417,3.0,365,0.49721789360046387,,,0.014842480421066284
11418,13.0,677,0.9091606140136719,,,0.01499822735786438
11419,11.0,561,0.7525629997253418,,,0.01483733020722866
11420,13.0,780,1.0639522075653076,,,0.008495179004967213
11421,10.0,637,0.8649747371673584,,,0.01678590476512909
11422,10.0,691,0.9385702610015869,,,0.00762914028018713
11423,8.0,453,0.611832857131958,,,0.01560711208730936
11424,16.0,939,1.2769253253936768,,,0.01352139376103878
11425,14.0,628,0.8596315383911133,,,0.029883265495300293
11426,5.0,373,0.5129320621490479,,,0.007752086501568556
11427,17.0,836,1.1437640190124512,,,0.04052112251520157
11428,15.0,807,1.0982553958892822,,,0.02339974045753479
11429,9.0,451,0.6230313777923584,,,0.012664631940424442
11430,4.0,372,0.5116188526153564,,,0.03830380365252495
11431,8.0,485,0.6611406803131104,,,0.034279532730579376
11432,16.0,735,1.0051262378692627,,,0.012300372123718262
11433,4.0,366,0.5013201236724854,,,0.005110411439090967
11434,20.0,1047,1.4238057136535645,,,0.015383710153400898
11435,13.0,965,1.3178601264953613,,,0.015970803797245026
11436,13.0,627,0.8656442165374756,,,0.006359927821904421
11437,10.0,788,1.0761029720306396,,,0.012808037921786308
11438,6.0,538,0.736412525177002,,,0.009844297543168068
11439,14.0,935,1.264733076095581,,,0.016830075532197952
11440,8.0,362,0.490736722946167,,,0.022200478240847588
11441,20.0,1337,1.8082787990570068,,,0.010625299997627735
11442,4.0,389,0.5299341678619385,,,0.008404272608458996
11443,12.0,575,0.7846424579620361,,,0.009231208823621273
11444,18.0,1115,1.5228421688079834,,,0.008292327634990215
11445,4.0,387,0.522345781326294,,,0.008478865958750248
11446,14.0,605,0.8099331855773926,,,0.004875109996646643
11447,12.0,668,0.9002339839935303,,,0.010181914083659649
11448,13.0,817,1.11016845703125,,,0.005084315314888954
11449,12.0,729,0.9971532821655273,,,0.006506061181426048
11450,20.0,901,1.2261905670166016,,,0.003371960949152708
11451,16.0,875,1.1864526271820068,,,0.012292652390897274
11452,13.0,762,1.0358574390411377,,,0.01788862980902195
11453,7.0,399,0.5450937747955322,,,0.020680701360106468
11454,14.0,605,0.8267307281494141,,,0.021555772051215172
11455,24.0,1117,1.5129368305206299,,,0.017942357808351517
11456,7.0,656,0.8918766975402832,,,0.007640419993549585
11457,19.0,951,1.2869210243225098,,,0.006879672408103943
11458,20.0,925,1.2419867515563965,,,0.01194542832672596
11459,6.0,461,0.6324515342712402,,,0.018361371010541916
11460,28.0,1295,1.7538871765136719,,,0.00748709961771965
11461,6.0,501,0.6900105476379395,,,0.012065346352756023
11462,14.0,719,0.9852931499481201,,,0.021476702764630318
11463,8.0,467,0.6355769634246826,,,0.018432173877954483
11464,16.0,813,1.1081304550170898,,,0.013172358274459839
11465,12.0,651,0.8805906772613525,,,0.004876210819929838
11466,5.0,471,0.6329755783081055,,,0.004543266724795103
11467,8.0,585,0.7872178554534912,,,0.013086100108921528
11468,5.0,355,0.48134541511535645,,,0.02268858440220356
11469,7.0,446,0.6022224426269531,,,0.01607479155063629
11470,16.0,669,0.8985543251037598,,,0.02563915215432644
11471,19.0,947,1.2656443119049072,,,0.016027234494686127
11472,13.0,763,1.0232186317443848,,,0.018986742943525314
11473,13.0,843,1.1340980529785156,,,0.04776743799448013
11474,7.0,395,0.5311737060546875,,,0.014012527652084827
11475,6.0,335,0.45175743103027344,,,0.007198475766927004
11476,9.0,621,0.8356332778930664,,,0.020133230835199356
11477,13.0,691,0.9397842884063721,,,0.03159713372588158
11478,10.0,539,0.7289164066314697,,,0.01073692087084055
11479,6.0,335,0.4528048038482666,,,0.0312026496976614
11480,5.0,545,0.7374279499053955,,,0.007383280899375677
11481,12.0,659,0.8904392719268799,,,0.006727383006364107
11482,5.0,397,0.5380220413208008,,,0.02013932541012764
11483,14.0,927,1.2571308612823486,,,0.016235969960689545
11484,14.0,942,1.2829833030700684,,,0.008444045670330524
11485,13.0,649,0.8857831954956055,,,0.005173977464437485
11486,3.0,490,0.6631217002868652,,,0.024468351155519485
11487,5.0,437,0.5927872657775879,,,0.013454603031277657
11488,10.0,658,0.8938260078430176,,,0.05066521093249321
11489,3.0,364,0.5046195983886719,,,0.012660562992095947
11490,6.0,503,0.6800768375396729,,,0.008906946517527103
11491,12.0,689,0.9400038719177246,,,0.024636156857013702
11492,14.0,927,1.2594490051269531,,,0.008747472427785397
11493,1.0,517,0.7092204093933105,,,0.037904199212789536
11494,6.0,335,0.46344494819641113,,,0.0077733490616083145
11495,13.0,651,0.891139030456543,,,0.018585501238703728
11496,16.0,1003,1.3661432266235352,,,0.018003273755311966
11497,2.0,514,0.704188346862793,,,0.0069319927133619785
11498,6.0,397,0.541290283203125,,,0.015695422887802124
11499,8.0,758,1.0242242813110352,,,0.0178422462195158
11500,4.0,433,0.5838661193847656,,,0.007768289651721716
11501,13.0,683,0.9200286865234375,,,0.020315639674663544
11502,9.0,670,0.9101176261901855,,,0.01619070954620838
11503,14.0,1087,1.467461109161377,,,0.009697390720248222
11504,3.0,510,0.6867985725402832,,,0.01517767459154129
11505,2.0,480,0.6506695747375488,,,0.01138452161103487
11506,14.0,724,0.9814543724060059,,,0.015276533551514149
11507,4.0,357,0.48249125480651855,,,0.0031374634709209204
11508,2.0,385,0.5191836357116699,,,0.013498417101800442
11509,12.0,632,0.8634457588195801,,,0.010343615896999836
11510,6.0,395,0.53700852394104,,,0.00917130522429943
11511,11.0,712,0.9613118171691895,,,0.006659230682998896
11512,17.0,755,1.0209264755249023,,,0.005499656777828932
11513,14.0,728,0.9933509826660156,,,0.010277064517140388
11514,13.0,641,0.8694729804992676,,,0.013852059841156006
11515,8.0,620,0.8458049297332764,,,0.01002390868961811
11516,4.0,369,0.5038847923278809,,,0.008320127613842487
11517,5.0,490,0.6709170341491699,,,0.007791880518198013
11518,4.0,385,0.5271611213684082,,,0.007497437298297882
11519,9.0,657,0.8969762325286865,,,0.020402779802680016
11520,6.0,397,0.5427825450897217,,,0.009676298126578331
11521,11.0,776,1.0537528991699219,,,0.003035840345546603
11522,10.0,537,0.7279000282287598,,,0.018455101177096367
11523,15.0,764,1.0420265197753906,,,0.018773231655359268
11524,4.0,443,0.6054832935333252,,,0.013113242574036121
11525,10.0,637,0.8703374862670898,,,0.010070526972413063
11526,13.0,641,0.8671374320983887,,,0.016144929453730583
11527,14.0,703,0.9587159156799316,,,0.020995933562517166
11528,7.0,443,0.6065695285797119,,,0.01796339452266693
11529,9.0,668,0.9028990268707275,,,0.025492586195468903
11530,13.0,629,0.8456242084503174,,,0.035692378878593445
11531,19.0,893,1.2129712104797363,,,0.005420604255050421
11532,8.0,623,0.8516185283660889,,,0.0248726774007082
11533,6.0,461,0.6256425380706787,,,0.03287004679441452
11534,13.0,862,1.174527645111084,,,0.013394302688539028
11535,13.0,735,0.9960179328918457,,,0.010357247665524483
11536,13.0,941,1.273987054824829,,,0.010203087702393532
11537,15.0,802,1.0845203399658203,,,0.010447314940392971
11538,10.0,595,0.803145170211792,,,0.012709114700555801
11539,4.0,452,0.6155452728271484,,,0.031895384192466736
11540,13.0,645,0.8661012649536133,,,0.03898942843079567
11541,8.0,574,0.7795863151550293,,,0.022917501628398895
11542,5.0,374,0.505256175994873,,,0.009510560892522335
11543,6.0,397,0.5373406410217285,,,0.01547742635011673
11544,9.0,634,0.8614931106567383,,,0.012771991081535816
11545,21.0,957,1.2953252792358398,,,0.01186256855726242
11546,17.0,911,1.241976022720337,,,0.009091905318200588
11547,10.0,646,0.8738925457000732,,,0.007793329190462828
11548,8.0,717,0.9744968414306641,,,0.012946134433150291
11549,8.0,696,0.9485518932342529,,,0.022331248968839645
11550,4.0,469,0.6396093368530273,,,0.02011730521917343
11551,11.0,811,1.1024527549743652,,,0.022472908720374107
11552,2.0,467,0.6332881450653076,,,0.015769081190228462
11553,13.0,670,0.9166667461395264,,,0.05374493449926376
11554,13.0,619,0.8387868404388428,,,0.027104023844003677
11555,10.0,617,0.8373372554779053,,,0.004861221183091402
11556,6.0,499,0.6796863079071045,,,0.01646190695464611
11557,13.0,625,0.8550422191619873,,,0.018298711627721786
11558,4.0,373,0.5091354846954346,,,0.006684477906674147
11559,21.0,1453,1.9678242206573486,,,0.01522002462297678
11560,14.0,689,0.9374027252197266,,,0.009480839595198631
11561,15.0,819,1.1112899780273438,,,0.01282939501106739
11562,15.0,745,1.0201947689056396,,,0.01421410869807005
11563,18.0,855,1.1638872623443604,,,0.0045986599288880825
11564,7.0,524,0.7095997333526611,,,0.009970496408641338
11565,15.0,771,1.0484063625335693,,,0.015722185373306274
11566,11.0,865,1.1814942359924316,,,0.011925672180950642
11567,12.0,819,1.1140518188476562,,,0.009045463986694813
11568,10.0,615,0.8428676128387451,,,0.010095815174281597
11569,11.0,646,0.8888823986053467,,,0.01333619188517332
11570,8.0,513,0.6992995738983154,,,0.014402955770492554
11571,27.0,1325,1.7868101596832275,,,0.025328878313302994
11572,9.0,535,0.7294228076934814,,,0.007174123544245958
11573,16.0,872,1.1894402503967285,,,0.004126962274312973
11574,9.0,632,0.8574979305267334,,,0.006114950403571129
11575,9.0,601,0.8166613578796387,,,0.026763679459691048
11576,9.0,617,0.8410582542419434,,,0.015689728781580925
11577,14.0,681,0.9356229305267334,,,0.014546766877174377
11578,14.0,785,1.0734097957611084,,,0.024733947589993477
11579,17.0,1095,1.4856188297271729,,,0.006753620225936174
11580,22.0,1115,1.5050508975982666,,,0.013700304552912712
11581,4.0,471,0.6398971080780029,,,0.010131950490176678
11582,21.0,1100,1.4952986240386963,,,0.04380923882126808
11583,5.0,523,0.7122981548309326,,,0.01535232923924923
11584,13.0,768,1.0422613620758057,,,0.009935474954545498
11585,13.0,655,0.8894720077514648,,,0.009922120720148087
11586,14.0,785,1.0783109664916992,,,0.023096980527043343
11587,20.0,1157,1.5648725032806396,,,0.008334663696587086
11588,2.0,387,0.5253217220306396,,,0.011948075145483017
11589,15.0,773,1.0575356483459473,,,0.012686883099377155
11590,6.0,497,0.6790988445281982,,,0.005543259438127279
11591,16.0,758,1.033008098602295,,,0.014235293492674828
11592,13.0,741,1.0115604400634766,,,0.010075605474412441
11593,19.0,983,1.335421085357666,,,0.03583484888076782
11594,22.0,1002,1.3503079414367676,,,0.007416417822241783
11595,8.0,649,0.8871428966522217,,,0.010928559117019176
11596,7.0,498,0.6783647537231445,,,0.008546065539121628
11597,10.0,499,0.6789669990539551,,,0.0065898895263671875
11598,7.0,527,0.714669942855835,,,0.018420079723000526
11599,13.0,753,1.0194182395935059,,,0.018679413944482803
11600,7.0,645,0.8804588317871094,,,0.011480705812573433
11601,10.0,693,0.9429428577423096,,,0.01367508340626955
11602,9.0,557,0.7577071189880371,,,0.009958271868526936
11603,26.0,1505,2.0226926803588867,,,0.009119202382862568
11604,5.0,493,0.6716575622558594,,,0.0055764298886060715
11605,18.0,917,1.2381699085235596,,,0.010891356505453587
11606,19.0,986,1.3435394763946533,,,0.0025213665794581175
11607,5.0,483,0.6536664962768555,,,0.015453720465302467
11608,13.0,755,1.0336945056915283,,,0.0062370821833610535
11609,5.0,398,0.5509307384490967,,,0.007391002960503101
11610,18.0,1069,1.4507033824920654,,,0.02421358786523342
11611,10.0,618,0.8385844230651855,,,0.01338791660964489
11612,6.0,573,0.7816064357757568,,,0.006950441747903824
11613,22.0,956,1.2955145835876465,,,0.008385105058550835
11614,6.0,503,0.6867890357971191,,,0.009531593881547451
11615,5.0,497,0.6751716136932373,,,0.01146553736180067
11616,11.0,617,0.8388488292694092,,,0.03038858436048031
11617,14.0,707,0.9584977626800537,,,0.012377414852380753
11618,10.0,585,0.7976982593536377,,,0.012760345824062824
11619,4.0,362,0.4956672191619873,,,0.06120606139302254
11620,21.0,988,1.3377153873443604,,,0.006418217904865742
11621,28.0,1419,1.9272518157958984,,,0.011434816755354404
11622,13.0,820,1.110527515411377,,,0.015581716783344746
11623,8.0,505,0.6821963787078857,,,0.03287370130419731
11624,11.0,611,0.8258392810821533,,,0.052976492792367935
11625,12.0,646,0.8757290840148926,,,0.00857503805309534
11626,22.0,1038,1.3920037746429443,,,0.018595274537801743
11627,12.0,727,0.9716935157775879,,,0.013539199717342854
11628,20.0,1043,1.3978767395019531,,,0.0356636717915535
11629,11.0,603,0.818195104598999,,,0.010307717137038708
11630,7.0,397,0.5420622825622559,,,0.0046916319988667965
11631,25.0,1163,1.5744173526763916,,,0.024185191839933395
11632,17.0,871,1.1820447444915771,,,0.03088638000190258
11633,22.0,1122,1.517913818359375,,,0.01644587144255638
11634,8.0,485,0.6544992923736572,,,0.002623633947223425
11635,12.0,644,0.8695545196533203,,,0.0037687390577048063
11636,5.0,466,0.6246817111968994,,,0.01408462692052126
11637,12.0,638,0.8763036727905273,,,0.00791988056153059
11638,9.0,566,0.7737832069396973,,,0.010883627459406853
11639,3.0,374,0.5135602951049805,,,0.01237074937671423
11640,5.0,466,0.6424353122711182,,,0.01683349534869194
11641,13.0,630,0.8641653060913086,,,0.023598963394761086
11642,14.0,833,1.1367707252502441,,,0.005808066111057997
11643,12.0,597,0.8091797828674316,,,0.016240864992141724
11644,14.0,727,0.9877114295959473,,,0.008396487683057785
11645,7.0,725,0.9900362491607666,,,0.009416150860488415
11646,25.0,1383,1.8669559955596924,,,0.012806311249732971
11647,11.0,591,0.8086090087890625,,,0.017919443547725677
11648,23.0,1253,1.6965208053588867,,,0.010653252713382244
11649,13.0,705,0.9657831192016602,,,0.01834803633391857
11650,11.0,651,0.8872249126434326,,,0.01663038320839405
11651,12.0,638,0.8725595474243164,,,0.027209201827645302
11652,12.0,594,0.8117468357086182,,,0.024945635348558426
11653,17.0,918,1.2472681999206543,,,0.012969447299838066
11654,8.0,575,0.7766203880310059,,,0.009403222240507603
11655,14.0,613,0.8263998031616211,,,0.0196986086666584
11656,3.0,444,0.6060583591461182,,,0.0318160280585289
11657,12.0,620,0.8359115123748779,,,0.007460759952664375
11658,11.0,693,0.9417140483856201,,,0.015364586375653744
11659,11.0,679,0.9223053455352783,,,0.005982622969895601
11660,7.0,503,0.6871562004089355,,,0.02216160111129284
11661,6.0,445,0.6168539524078369,,,0.03835407271981239
11662,10.0,661,0.8970041275024414,,,0.019464511424303055
11663,26.0,1313,1.769252061843872,,,0.00782714318484068
11664,25.0,1149,1.548154354095459,,,0.02126370742917061
11665,13.0,726,0.991342306137085,,,0.00750860758125782
11666,10.0,617,0.8429577350616455,,,0.02544010803103447
11667,17.0,832,1.1322228908538818,,,0.020403938367962837
11668,16.0,739,0.9925880432128906,,,0.024143176153302193
11669,7.0,495,0.6729006767272949,,,0.014435956254601479
11670,7.0,531,0.7246301174163818,,,0.020745765417814255
11671,12.0,755,1.0170097351074219,,,0.00950887892395258
11672,24.0,965,1.2864725589752197,,,0.018049081787467003
11673,13.0,711,0.9564704895019531,,,0.012345879338681698
11674,6.0,463,0.6260852813720703,,,0.021272258833050728
11675,12.0,642,0.8644146919250488,,,0.012678300961852074
11676,23.0,1251,1.6673953533172607,,,0.009980968199670315
11677,14.0,723,0.9737517833709717,,,0.014303788542747498
11678,16.0,913,1.2177150249481201,,,0.019320353865623474
11679,7.0,502,0.6788656711578369,,,0.009509607218205929
11680,11.0,705,0.945742130279541,,,0.012998932041227818
11681,12.0,635,0.8588004112243652,,,0.0037856181152164936
11682,8.0,607,0.8195712566375732,,,0.03621241822838783
11683,18.0,1243,1.6760549545288086,,,0.008262082934379578
11684,22.0,1052,1.4072492122650146,,,0.009052051231265068
11685,12.0,595,0.8024547100067139,,,0.006272474303841591
11686,13.0,706,0.950615644454956,,,0.014966962859034538
11687,12.0,661,0.8902978897094727,,,0.027630489319562912
11688,22.0,1070,1.433772087097168,,,0.0073016975075006485
11689,23.0,872,1.1697845458984375,,,0.01560290902853012
11690,20.0,897,1.2073607444763184,,,0.011656129732728004
11691,8.0,559,0.7573771476745605,,,0.009998789988458157
11692,5.0,463,0.6300170421600342,,,0.0166555754840374
11693,10.0,678,0.9184741973876953,,,0.007570174057036638
11694,12.0,675,0.9230451583862305,,,0.02080107107758522
11695,13.0,617,0.8329451084136963,,,0.011551078408956528
11696,11.0,642,0.8768398761749268,,,0.02885640412569046
11697,14.0,728,0.9948108196258545,,,0.01200461108237505
11698,5.0,385,0.528695821762085,,,0.01551796868443489
11699,22.0,1067,1.4459636211395264,,,0.027524374425411224
11700,12.0,654,0.8872594833374023,,,0.010279220528900623
11701,6.0,400,0.5451946258544922,,,0.0059315357357263565
11702,5.0,385,0.5288982391357422,,,0.005683929659426212
11703,10.0,611,0.8298928737640381,,,0.022584255784749985
11704,10.0,636,0.8544132709503174,,,0.03114398382604122
11705,28.0,1231,1.649146318435669,,,0.0063799661584198475
11706,13.0,598,0.818640947341919,,,0.007310766261070967
11707,5.0,396,0.5384855270385742,,,0.008171706460416317
11708,11.0,581,0.7909774780273438,,,0.010799423791468143
11709,4.0,509,0.6955850124359131,,,0.009763265959918499
11710,22.0,1001,1.3543555736541748,,,0.015032436698675156
11711,12.0,658,0.9030740261077881,,,0.010850238613784313
11712,4.0,436,0.5991425514221191,,,0.030598577111959457
11713,19.0,842,1.1410305500030518,,,0.006146361585706472
11714,13.0,707,0.9591999053955078,,,0.010296526364982128
11715,15.0,875,1.1908116340637207,,,0.014915971085429192
11716,17.0,783,1.0709857940673828,,,0.03103063814342022
11717,11.0,709,0.9529769420623779,,,0.02554837241768837
11718,10.0,631,0.8529558181762695,,,0.019042877480387688
11719,15.0,727,0.9716594219207764,,,0.015995290130376816
11720,13.0,785,1.0531234741210938,,,0.006586130242794752
11721,29.0,1286,1.7098920345306396,,,0.021631985902786255
11722,5.0,452,0.6165494918823242,,,0.010552164167165756
11723,11.0,677,0.924217939376831,,,0.010395480319857597
11724,23.0,1179,1.5905945301055908,,,0.012836895883083344
11725,26.0,1201,1.6258976459503174,,,0.010563483461737633
11726,9.0,513,0.6985650062561035,,,0.013699615374207497
11727,9.0,497,0.6818501949310303,,,0.008132501505315304
11728,12.0,747,1.0193860530853271,,,0.006671727169305086
11729,4.0,385,0.5243451595306396,,,0.031765103340148926
11730,13.0,709,0.9582438468933105,,,0.011716479435563087
11731,13.0,773,1.0434064865112305,,,0.01298703532665968
11732,6.0,504,0.6893336772918701,,,0.021897844970226288
11733,20.0,1075,1.4617972373962402,,,0.018637575209140778
11734,21.0,906,1.2345023155212402,,,0.015443726442754269
11735,18.0,849,1.1600148677825928,,,0.027189839631319046
11736,12.0,687,0.9367620944976807,,,0.010347697883844376
11737,12.0,693,0.9331274032592773,,,0.013798880390822887
11738,23.0,937,1.2545971870422363,,,0.026229482144117355
11739,19.0,1035,1.4030165672302246,,,0.015504895709455013
11740,6.0,339,0.46298885345458984,,,0.007319761905819178
11741,24.0,1196,1.613041877746582,,,0.020227761939167976
11742,9.0,621,0.8413236141204834,,,0.03412102535367012
11743,14.0,778,1.0487353801727295,,,0.019495422020554543
11744,14.0,693,0.9407515525817871,,,0.010434494353830814
11745,20.0,1243,1.6758654117584229,,,0.026193318888545036
11746,11.0,646,0.8812673091888428,,,0.009365798905491829
11747,15.0,680,0.9228672981262207,,,0.007178249768912792
11748,7.0,353,0.48024511337280273,,,0.020575203001499176
11749,4.0,461,0.620750904083252,,,0.006168925669044256
11750,14.0,936,1.2610950469970703,,,0.014047881588339806
11751,17.0,825,1.1078927516937256,,,0.016857899725437164
11752,12.0,661,0.8910608291625977,,,0.009832537733018398
11753,14.0,693,0.9324438571929932,,,0.02661459892988205
11754,13.0,629,0.8448772430419922,,,0.018711570650339127
11755,10.0,710,0.9708352088928223,,,0.007833343930542469
11756,18.0,804,1.0882461071014404,,,0.017551520839333534
11757,4.0,436,0.5960280895233154,,,0.011299151927232742
11758,6.0,514,0.6959166526794434,,,0.019523905590176582
11759,16.0,737,1.0050008296966553,,,0.009474622085690498
11760,5.0,484,0.6625239849090576,,,0.02217172645032406
11761,19.0,966,1.2994403839111328,,,0.006652425974607468
11762,9.0,557,0.7569088935852051,,,0.038649287074804306
11763,12.0,773,1.0512199401855469,,,0.009927157312631607
11764,14.0,743,1.007138729095459,,,0.013021971099078655
11765,16.0,844,1.1615469455718994,,,0.020046010613441467
11766,21.0,1055,1.4141273498535156,,,0.01980935037136078
11767,9.0,585,0.7886257171630859,,,0.01565435901284218
11768,6.0,390,0.5367815494537354,,,0.006991767790168524
11769,22.0,1068,1.4410932064056396,,,0.007817099802196026
11770,14.0,761,1.0328316688537598,,,0.012607866898179054
11771,9.0,503,0.6808319091796875,,,0.015072519890964031
11772,4.0,428,0.5818860530853271,,,0.01048196293413639
11773,12.0,655,0.8929908275604248,,,0.01778498664498329
11774,9.0,617,0.8333849906921387,,,0.01318348292261362
11775,3.0,453,0.6196379661560059,,,0.015378601849079132
11776,23.0,1099,1.4874107837677002,,,0.010264342650771141
11777,11.0,639,0.8749134540557861,,,0.04215024411678314
11778,10.0,573,0.7803957462310791,,,0.011055778712034225
11779,13.0,820,1.1156280040740967,,,0.0039233192801475525
11780,13.0,933,1.267939567565918,,,0.017222369089722633
11781,12.0,819,1.113685131072998,,,0.011146437376737595
11782,19.0,865,1.166837215423584,,,0.010234520770609379
11783,12.0,622,0.8440284729003906,,,0.014778820797801018
11784,17.0,893,1.2043631076812744,,,0.007129281759262085
11785,15.0,775,1.0503227710723877,,,0.010076730512082577
11786,14.0,672,0.90435791015625,,,0.014746767468750477
11787,7.0,396,0.5363202095031738,,,0.016832442954182625
11788,17.0,809,1.0873608589172363,,,0.00426454795524478
11789,14.0,880,1.1906602382659912,,,0.011890709400177002
11790,12.0,808,1.087231159210205,,,0.009844566695392132
11791,16.0,927,1.2455086708068848,,,0.00663350522518158
11792,14.0,728,0.9923577308654785,,,0.01294125895947218
11793,16.0,899,1.2230875492095947,,,0.035975608974695206
11794,11.0,647,0.881345272064209,,,0.013803940266370773
11795,24.0,1358,1.8180906772613525,,,0.016590725630521774
11796,15.0,674,0.9299652576446533,,,0.007374245207756758
11797,6.0,404,0.557185173034668,,,0.007925317622721195
11798,15.0,917,1.2482621669769287,,,0.004215177148580551
11799,20.0,905,1.219883680343628,,,0.008354753255844116
11800,18.0,821,1.1088619232177734,,,0.014066810719668865
11801,12.0,644,0.8765020370483398,,,0.012846877798438072
11802,21.0,1037,1.3839313983917236,,,0.007095642387866974
11803,5.0,445,0.6022610664367676,,,0.007146870717406273
11804,19.0,1175,1.5743129253387451,,,0.01476992480456829
11805,15.0,789,1.0642049312591553,,,0.014118065126240253
11806,18.0,1142,1.5331165790557861,,,0.025972727686166763
11807,13.0,633,0.853926420211792,,,0.006439854856580496
11808,18.0,913,1.2243354320526123,,,0.013016412034630775
11809,7.0,533,0.7236738204956055,,,0.007366735953837633
11810,20.0,1063,1.4205121994018555,,,0.013628527522087097
11811,21.0,840,1.1274025440216064,,,0.014290569350123405
11812,17.0,915,1.2331101894378662,,,0.013443589210510254
11813,6.0,611,0.8246912956237793,,,0.011613518930971622
11814,17.0,851,1.1481471061706543,,,0.01744087040424347
11815,14.0,686,0.9225249290466309,,,0.013483935035765171
11816,12.0,683,0.9249141216278076,,,0.010147799737751484
11817,5.0,425,0.5749406814575195,,,0.011760435998439789
11818,8.0,480,0.6471309661865234,,,0.018396034836769104
11819,14.0,788,1.0630464553833008,,,0.011652311310172081
11820,14.0,751,1.0201983451843262,,,0.020117171108722687
11821,5.0,465,0.6335446834564209,,,0.014631432481110096
11822,12.0,817,1.1180627346038818,,,0.008520321920514107
11823,11.0,613,0.8394005298614502,,,0.011723659932613373
11824,20.0,969,1.3175113201141357,,,0.006451436318457127
11825,19.0,1255,1.7016007900238037,,,0.003643871983513236
11826,5.0,438,0.5964691638946533,,,0.009278242476284504
11827,13.0,734,0.9952125549316406,,,0.009623813442885876
11828,15.0,746,1.0149075984954834,,,0.025230981409549713
11829,9.0,613,0.8367147445678711,,,0.03050812892615795
11830,13.0,630,0.8600611686706543,,,0.00874888151884079
11831,18.0,945,1.2844090461730957,,,0.026428278535604477
11832,11.0,583,0.7936251163482666,,,0.01513520535081625
11833,14.0,675,0.9203798770904541,,,0.013408238999545574
11834,13.0,639,0.8650453090667725,,,0.013090455904603004
11835,10.0,640,0.8677988052368164,,,0.028992144390940666
11836,19.0,895,1.2075390815734863,,,0.023940404877066612
11837,6.0,537,0.733642578125,,,0.025196315720677376
11838,7.0,564,0.769766092300415,,,0.009535177610814571
11839,7.0,549,0.7461686134338379,,,0.012328789569437504
11840,12.0,819,1.1200001239776611,,,0.013643951155245304
11841,1.0,512,0.7021088600158691,,,0.014832957647740841
11842,20.0,1148,1.5549240112304688,,,0.012223664671182632
11843,18.0,794,1.080343246459961,,,0.00830163899809122
11844,13.0,633,0.864433765411377,,,0.01975077949464321
11845,4.0,468,0.6391067504882812,,,0.012250823900103569
11846,7.0,549,0.7506749629974365,,,0.010425117798149586
11847,5.0,398,0.543858528137207,,,0.010824508965015411
11848,10.0,688,0.9375555515289307,,,0.03720775619149208
11849,4.0,426,0.5719411373138428,,,0.028921334072947502
11850,15.0,913,1.2431726455688477,,,0.010450605303049088
11851,17.0,1291,1.740567922592163,,,0.010800237767398357
11852,15.0,820,1.115882158279419,,,0.016955453902482986
11853,10.0,696,0.9487791061401367,,,0.024410493671894073
11854,19.0,1101,1.4902398586273193,,,0.005093999207019806
11855,20.0,1028,1.3884575366973877,,,0.00790216401219368
11856,11.0,814,1.1071186065673828,,,0.010303868912160397
11857,20.0,1224,1.6548326015472412,,,0.01183179672807455
11858,14.0,759,1.0324032306671143,,,0.015087727457284927
11859,5.0,459,0.6286356449127197,,,0.011431224644184113
11860,26.0,1695,2.2649993896484375,,,0.011507579125463963
11861,13.0,844,1.1516380310058594,,,0.009792456403374672
11862,12.0,727,0.9941513538360596,,,0.007536201737821102
11863,4.0,489,0.6651401519775391,,,0.011301446706056595
11864,7.0,562,0.7650101184844971,,,0.034704145044088364
11865,11.0,866,1.1777658462524414,,,0.014287457801401615
11866,4.0,449,0.6108543872833252,,,0.013253912329673767
11867,14.0,746,1.015244722366333,,,0.008023016154766083
11868,5.0,456,0.6193423271179199,,,0.020951250568032265
11869,25.0,1140,1.5542941093444824,,,0.00505705364048481
11870,11.0,645,0.8759880065917969,,,0.014205020852386951
11871,24.0,1039,1.4022250175476074,,,0.0275531318038702
11872,9.0,597,0.8147022724151611,,,0.005078932736068964
11873,5.0,399,0.5440037250518799,,,0.015535719692707062
11874,12.0,648,0.8777151107788086,,,0.012741336598992348
11875,3.0,522,0.7106125354766846,,,0.007421023678034544
11876,12.0,817,1.1086227893829346,,,0.009908080101013184
11877,12.0,649,0.8833625316619873,,,0.016434649005532265
11878,10.0,579,0.7866451740264893,,,0.008674945682287216
11879,15.0,810,1.099034070968628,,,0.019266227260231972
11880,17.0,1004,1.3680179119110107,,,0.005373460706323385
11881,19.0,1063,1.4428861141204834,,,0.008112985640764236
11882,15.0,963,1.3051834106445312,,,0.004714730195701122
11883,5.0,399,0.5403013229370117,,,0.004194017965346575
11884,7.0,531,0.7217886447906494,,,0.011156954802572727
11885,18.0,923,1.2497117519378662,,,0.028744099661707878
11886,16.0,1104,1.499908685684204,,,0.011541654355823994
11887,16.0,960,1.2968173027038574,,,0.0390632301568985
11888,16.0,839,1.1409673690795898,,,0.013966389000415802
11889,6.0,497,0.6788549423217773,,,0.011140106245875359
11890,14.0,890,1.2127704620361328,,,0.004391591064631939
11891,31.0,1696,2.270258665084839,,,0.003248816356062889
11892,14.0,755,1.0162739753723145,,,0.01102936640381813
11893,13.0,809,1.0884685516357422,,,0.010856003500521183
11894,9.0,616,0.8289234638214111,,,0.010939511470496655
11895,9.0,535,0.7186410427093506,,,0.009297088719904423
11896,13.0,669,0.8970427513122559,,,0.009935349225997925
11897,21.0,1325,1.7801167964935303,,,0.038120802491903305
11898,16.0,722,0.9659528732299805,,,0.00974008534103632
11899,11.0,676,0.9087281227111816,,,0.021643131971359253
11900,5.0,479,0.6411745548248291,,,0.021631337702274323
11901,12.0,759,1.0252671241760254,,,0.038964323699474335
11902,14.0,777,1.0396826267242432,,,0.009455103427171707
11903,7.0,591,0.7964181900024414,,,0.025776313617825508
11904,9.0,525,0.706242561340332,,,0.03528878837823868
11905,16.0,983,1.3177919387817383,,,0.010055376216769218
11906,12.0,867,1.1629607677459717,,,0.012689380906522274
11907,20.0,960,1.286787748336792,,,0.006108899135142565
11908,7.0,440,0.5924720764160156,,,0.007842621766030788
11909,20.0,1362,1.8157966136932373,,,0.008516584523022175
11910,20.0,1210,1.609449863433838,,,0.010812010616064072
11911,5.0,474,0.6364583969116211,,,0.005851783324033022
11912,5.0,447,0.6014714241027832,,,0.024922287091612816
11913,5.0,409,0.5555927753448486,,,0.010149836540222168
11914,16.0,753,1.0089857578277588,,,0.005493627395480871
11915,12.0,647,0.8750510215759277,,,0.019342582672834396
11916,12.0,817,1.0906000137329102,,,0.01314669568091631
11917,12.0,890,1.2037551403045654,,,0.009884895756840706
11918,13.0,647,0.8836467266082764,,,0.006278739310801029
11919,16.0,853,1.1611683368682861,,,0.011005443520843983
11920,13.0,713,0.9708435535430908,,,0.01988341473042965
11921,15.0,1072,1.456615686416626,,,0.027326127514243126
11922,19.0,911,1.2401177883148193,,,0.00894642062485218
11923,25.0,1171,1.5861449241638184,,,0.00541521655395627
11924,27.0,1201,1.6209204196929932,,,0.01732269860804081
11925,5.0,396,0.5432171821594238,,,0.028034843504428864
11926,4.0,436,0.5946807861328125,,,0.02294529229402542
11927,13.0,617,0.8360145092010498,,,0.015146330930292606
11928,5.0,398,0.542468786239624,,,0.020658154040575027
11929,16.0,823,1.1107394695281982,,,0.0074107227846980095
11930,5.0,396,0.5332486629486084,,,0.01872178167104721
11931,10.0,652,0.8865847587585449,,,0.005935930646955967
11932,13.0,857,1.153334140777588,,,0.008631988428533077
11933,10.0,573,0.777407169342041,,,0.008179466240108013
11934,18.0,1005,1.3530471324920654,,,0.025483928620815277
11935,5.0,396,0.5385363101959229,,,0.020427487790584564
11936,23.0,1273,1.7082188129425049,,,0.00800187699496746
11937,12.0,705,0.9509537220001221,,,0.009901808574795723
11938,12.0,637,0.8589572906494141,,,0.027612101286649704
11939,12.0,613,0.8294808864593506,,,0.00929356086999178
11940,23.0,1455,1.9572603702545166,,,0.005989048629999161
11941,29.0,1653,2.216743230819702,,,0.008616331964731216
11942,5.0,397,0.5470807552337646,,,0.010738120414316654
11943,7.0,486,0.6624481678009033,,,0.013323449529707432
11944,9.0,507,0.6901230812072754,,,0.008281384594738483
11945,20.0,928,1.256908893585205,,,0.014725775457918644
11946,12.0,576,0.7852747440338135,,,0.017331350594758987
11947,13.0,607,0.8245198726654053,,,0.009092001244425774
11948,13.0,789,1.0738227367401123,,,0.015768883749842644
11949,12.0,633,0.8684301376342773,,,0.019703833386301994
11950,12.0,675,0.9178259372711182,,,0.006241369992494583
11951,5.0,445,0.6068317890167236,,,0.010776359587907791
11952,16.0,923,1.2537755966186523,,,0.006151898298412561
11953,11.0,533,0.7228999137878418,,,0.029790334403514862
11954,0.0,471,0.640080451965332,,,0.005281475372612476
11955,14.0,815,1.1112382411956787,,,0.013189953751862049
11956,12.0,665,0.9158368110656738,,,0.008447260595858097
11957,20.0,981,1.330930471420288,,,0.005894143600016832
11958,24.0,1355,1.8269693851470947,,,0.016787590458989143
11959,13.0,627,0.8547487258911133,,,0.0031811296939849854
11960,18.0,895,1.2179036140441895,,,0.006877941079437733
11961,12.0,647,0.8781290054321289,,,0.012749243527650833
11962,14.0,972,1.3146131038665771,,,0.00511020515114069
11963,19.0,1058,1.4139420986175537,,,0.008823800832033157
11964,4.0,412,0.5586988925933838,,,0.0111688869073987
11965,32.0,1355,1.8063054084777832,,,0.008149604313075542
11966,12.0,743,0.9969923496246338,,,0.005339635536074638
11967,20.0,945,1.2675459384918213,,,0.012373805046081543
11968,12.0,623,0.835594654083252,,,0.006531853228807449
11969,5.0,456,0.6145968437194824,,,0.007435846608132124
11970,7.0,535,0.7196416854858398,,,0.0027826796285808086
11971,8.0,642,0.8620827198028564,,,0.006450355518609285
11972,3.0,454,0.6139612197875977,,,0.01237985584884882
11973,12.0,613,0.8332271575927734,,,0.014321140944957733
11974,15.0,848,1.1512670516967773,,,0.010218949057161808
11975,5.0,498,0.6812629699707031,,,0.00804950948804617
11976,9.0,633,0.8584544658660889,,,0.010524730198085308
11977,16.0,792,1.0759685039520264,,,0.01686623878777027
11978,5.0,397,0.5422649383544922,,,0.00787661038339138
11979,13.0,638,0.8681354522705078,,,0.010063707828521729
11980,12.0,646,0.881791353225708,,,0.012738058343529701
11981,12.0,622,0.8455672264099121,,,0.015332573093473911
11982,9.0,719,0.9807820320129395,,,0.01001910399645567
11983,23.0,1052,1.419847011566162,,,0.008365809917449951
11984,6.0,392,0.5376803874969482,,,0.005891318898648024
11985,12.0,773,1.054443359375,,,0.008521044626832008
11986,10.0,699,0.9599931240081787,,,0.00798078440129757
11987,15.0,969,1.313204288482666,,,0.027117835357785225
11988,8.0,532,0.726909875869751,,,0.016084890812635422
11989,15.0,767,1.0420560836791992,,,0.007582982536405325
11990,12.0,827,1.1260921955108643,,,0.005657707806676626
11991,19.0,945,1.2776203155517578,,,0.01226933766156435
11992,10.0,617,0.8446249961853027,,,0.007961130701005459
11993,9.0,567,0.7739019393920898,,,0.014103231951594353
11994,12.0,667,0.906583309173584,,,0.012060622684657574
11995,21.0,951,1.2904465198516846,,,0.015799591317772865
11996,12.0,708,0.9622642993927002,,,0.005691614467650652
11997,11.0,651,0.8829195499420166,,,0.05102025344967842
11998,23.0,965,1.3019840717315674,,,0.019293248653411865
11999,4.0,437,0.5916266441345215,,,0.011114368215203285
12000,10.0,661,0.8984358310699463,,,0.007426367606967688
12001,11.0,570,0.7763018608093262,,,0.00938386470079422
12002,24.0,1219,1.6309847831726074,,,0.01572476327419281
12003,26.0,1350,1.8272907733917236,,,0.018140392377972603
12004,6.0,436,0.5980057716369629,,,0.005719981621950865
12005,12.0,647,0.8865149021148682,,,0.01083291508257389
12006,13.0,704,0.9518816471099854,,,0.014604881405830383
12007,15.0,763,1.04258394241333,,,0.031952377408742905
12008,19.0,933,1.2654283046722412,,,0.014616196043789387
12009,9.0,585,0.791417121887207,,,0.015897465869784355
12010,13.0,664,0.9034121036529541,,,0.00938788428902626
12011,10.0,657,0.8855152130126953,,,0.013029566965997219
12012,12.0,631,0.8466534614562988,,,0.02445869706571102
12013,15.0,755,1.0178916454315186,,,0.03039260394871235
12014,6.0,490,0.6602678298950195,,,0.010086985304951668
12015,16.0,1027,1.3803038597106934,,,0.014298376627266407
12016,13.0,772,1.0372109413146973,,,0.007784566376358271
12017,12.0,663,0.8912317752838135,,,0.01048706192523241
12018,19.0,1014,1.3562114238739014,,,0.014240749180316925
12019,17.0,915,1.2424681186676025,,,0.004597709979861975
12020,16.0,823,1.1189842224121094,,,0.010182361118495464
12021,14.0,865,1.1728661060333252,,,0.01244729571044445
12022,13.0,621,0.8449499607086182,,,0.01083862129598856
12023,3.0,365,0.501413106918335,,,0.008723312057554722
12024,19.0,931,1.2627475261688232,,,0.01309182494878769
12025,18.0,927,1.2614259719848633,,,0.01752452366054058
12026,13.0,698,0.9494040012359619,,,0.014190135523676872
12027,10.0,665,0.9128878116607666,,,0.010677549988031387
12028,23.0,1170,1.5638127326965332,,,0.004593918099999428
12029,14.0,688,0.9424335956573486,,,0.008775963447988033
12030,13.0,695,0.9436256885528564,,,0.00844106450676918
12031,12.0,679,0.9255425930023193,,,0.004509617108851671
12032,8.0,581,0.790550947189331,,,0.006948026828467846
12033,25.0,1224,1.648282766342163,,,0.008810598403215408
12034,14.0,707,0.9590556621551514,,,0.015510006807744503
12035,12.0,647,0.8817548751831055,,,0.007247328758239746
12036,19.0,1052,1.4322950839996338,,,0.012414961121976376
12037,12.0,609,0.8354871273040771,,,0.01832060143351555
12038,8.0,527,0.709326982498169,,,0.02823268622159958
12039,5.0,454,0.6184709072113037,,,0.014325189404189587
12040,9.0,550,0.748565673828125,,,0.017804691568017006
12041,38.0,1803,2.4097750186920166,,,0.009236950427293777
12042,12.0,646,0.8830037117004395,,,0.014674054458737373
12043,6.0,526,0.7116034030914307,,,0.01115796435624361
12044,3.0,455,0.6195659637451172,,,0.010932917706668377
12045,13.0,852,1.152358055114746,,,0.01721726730465889
12046,20.0,1001,1.3535518646240234,,,0.022735267877578735
12047,12.0,719,0.9792184829711914,,,0.031775422394275665
12048,11.0,673,0.9183604717254639,,,0.035500846803188324
12049,10.0,615,0.8390836715698242,,,0.006200441159307957
12050,12.0,669,0.9061722755432129,,,0.010794724337756634
12051,16.0,833,1.1285679340362549,,,0.019079385325312614
12052,18.0,913,1.236760139465332,,,0.029705891385674477
12053,24.0,1255,1.6837537288665771,,,0.012896961532533169
12054,26.0,1109,1.501159429550171,,,0.0116522666066885
12055,29.0,1317,1.7589881420135498,,,0.011582741513848305
12056,13.0,647,0.8756828308105469,,,0.012683005072176456
12057,18.0,982,1.3340516090393066,,,0.033243369311094284
12058,5.0,444,0.5978569984436035,,,0.0070021809078752995
12059,13.0,656,0.8875455856323242,,,0.02941823936998844
12060,10.0,629,0.8529868125915527,,,0.007568171713501215
12061,5.0,398,0.5428614616394043,,,0.0063459905795753
12062,12.0,670,0.9082217216491699,,,0.008933169767260551
12063,11.0,658,0.8901872634887695,,,0.011788155883550644
12064,13.0,703,0.9491345882415771,,,0.017412487417459488
12065,16.0,779,1.0523133277893066,,,0.012506485916674137
12066,29.0,1393,1.853928804397583,,,0.04569830745458603
12067,24.0,1061,1.422766923904419,,,0.014106417074799538
12068,11.0,677,0.916752815246582,,,0.0075546433217823505
12069,10.0,673,0.9196557998657227,,,0.012637187726795673
12070,3.0,405,0.5554771423339844,,,0.00834511686116457
12071,5.0,410,0.5545785427093506,,,0.010414961725473404
12072,10.0,613,0.839853048324585,,,0.019331783056259155
12073,17.0,839,1.13828444480896,,,0.01392882876098156
12074,11.0,680,0.9332399368286133,,,0.025352658703923225
12075,11.0,633,0.8603901863098145,,,0.017169702798128128
12076,9.0,656,0.8882372379302979,,,0.012137000449001789
12077,8.0,554,0.7549805641174316,,,0.029592232778668404
12078,18.0,801,1.0855097770690918,,,0.015241085551679134
12079,20.0,976,1.3193633556365967,,,0.01857425644993782
12080,11.0,628,0.8514328002929688,,,0.010660559870302677
12081,13.0,629,0.8561336994171143,,,0.007953616790473461
12082,5.0,397,0.5450112819671631,,,0.005385790951550007
12083,3.0,481,0.6584935188293457,,,0.010070688091218472
12084,11.0,562,0.7686402797698975,,,0.009032560512423515
12085,11.0,563,0.7697353363037109,,,0.005582783836871386
12086,8.0,561,0.7601118087768555,,,0.015504363924264908
12087,0.0,507,0.6912167072296143,,,0.014457006007432938
12088,25.0,1397,1.8787758350372314,,,0.03967595845460892
12089,11.0,563,0.77439284324646,,,0.010584598407149315
12090,20.0,898,1.2149930000305176,,,0.03401869907975197
12091,10.0,610,0.8355884552001953,,,0.013347947038710117
12092,12.0,829,1.1326677799224854,,,0.00949409045279026
12093,13.0,763,1.0340297222137451,,,0.007040221709758043
12094,7.0,497,0.6790604591369629,,,0.021909473463892937
12095,5.0,398,0.546051025390625,,,0.008965748362243176
12096,20.0,1023,1.385744571685791,,,0.010325468145310879
12097,4.0,475,0.6451687812805176,,,0.018106140196323395
12098,5.0,399,0.5504450798034668,,,0.013058420270681381
12099,15.0,804,1.0921597480773926,,,0.012669125571846962
12100,16.0,867,1.1782808303833008,,,0.01293170265853405
12101,10.0,653,0.8788707256317139,,,0.009323839098215103
12102,13.0,731,0.9816465377807617,,,0.011436385102570057
12103,15.0,816,1.1071498394012451,,,0.009533872827887535
12104,14.0,781,1.0423259735107422,,,0.005053482484072447
12105,6.0,413,0.5580060482025146,,,0.010444254614412785
12106,10.0,651,0.8755359649658203,,,0.006577817257493734
12107,13.0,769,1.0387852191925049,,,0.01068819873034954
12108,20.0,1092,1.452709436416626,,,0.010175098665058613
12109,24.0,947,1.2712821960449219,,,0.0231894850730896
12110,12.0,792,1.0658938884735107,,,0.010004173964262009
12111,10.0,654,0.8809702396392822,,,0.016780344769358635
12112,11.0,595,0.7968277931213379,,,0.011678115464746952
12113,21.0,1164,1.558159351348877,,,0.004362660925835371
12114,13.0,767,1.030646800994873,,,0.022276751697063446
12115,13.0,624,0.8420102596282959,,,0.026984399184584618
12116,11.0,816,1.0959227085113525,,,0.015497174113988876
12117,7.0,641,0.8661999702453613,,,0.016815636307001114
12118,20.0,995,1.3286170959472656,,,0.020379727706313133
12119,17.0,955,1.2792069911956787,,,0.00767324585467577
12120,9.0,565,0.7582883834838867,,,0.011598885990679264
12121,12.0,821,1.1015987396240234,,,0.008207383565604687
12122,14.0,741,1.0005853176116943,,,0.009852901101112366
12123,13.0,757,1.0280437469482422,,,0.02141113579273224
12124,17.0,827,1.126701831817627,,,0.01001730840653181
12125,21.0,1604,2.1780011653900146,,,0.013702199794352055
12126,12.0,684,0.9313929080963135,,,0.005158628337085247
12127,11.0,589,0.7945566177368164,,,0.008038998581469059
12128,29.0,1680,2.2323386669158936,,,0.009075230918824673
12129,13.0,751,1.0249497890472412,,,0.014730485156178474
12130,13.0,780,1.0588252544403076,,,0.008420778438448906
12131,5.0,398,0.5414924621582031,,,0.007257680408656597
12132,6.0,385,0.5228333473205566,,,0.009397848509252071
12133,19.0,791,1.061798095703125,,,0.013183927163481712
12134,14.0,757,1.0263710021972656,,,0.010494408197700977
12135,12.0,759,1.0282971858978271,,,0.010489691980183125
12136,19.0,1063,1.4467782974243164,,,0.03491407632827759
12137,21.0,973,1.3031282424926758,,,0.00770614854991436
12138,17.0,771,1.0517480373382568,,,0.010053373873233795
12139,5.0,551,0.7518801689147949,,,0.007348552346229553
12140,17.0,949,1.2805933952331543,,,0.015066264197230339
12141,15.0,877,1.1934762001037598,,,0.019687479361891747
12142,12.0,822,1.1089832782745361,,,0.014354217797517776
12143,7.0,398,0.5370979309082031,,,0.007787847425788641
12144,13.0,761,1.021263599395752,,,0.007898207753896713
12145,13.0,768,1.0324485301971436,,,0.015025950036942959
12146,17.0,796,1.0674588680267334,,,0.010054393671452999
12147,15.0,799,1.084596872329712,,,0.009077893570065498
12148,7.0,559,0.7594301700592041,,,0.0158365648239851
12149,22.0,1193,1.621891975402832,,,0.0064927819184958935
12150,5.0,397,0.5414638519287109,,,0.0046518356539309025
12151,7.0,535,0.7287170886993408,,,0.023435227572917938
12152,12.0,828,1.1257829666137695,,,0.012350037693977356
12153,12.0,761,1.0324733257293701,,,0.008967706933617592
12154,18.0,917,1.2467255592346191,,,0.004693567752838135
12155,14.0,950,1.2903759479522705,,,0.007461572531610727
12156,23.0,1200,1.6180291175842285,,,0.009981708601117134
12157,14.0,793,1.0793349742889404,,,0.041625894606113434
12158,12.0,608,0.8306970596313477,,,0.00927150808274746
12159,24.0,1159,1.5747959613800049,,,0.011470383033156395
12160,12.0,758,1.0303943157196045,,,0.052756041288375854
12161,5.0,385,0.5331583023071289,,,0.014817745424807072
12162,11.0,579,0.7940423488616943,,,0.03597359359264374
12163,5.0,503,0.6854598522186279,,,0.016226017847657204
12164,5.0,449,0.6154747009277344,,,0.008758035488426685
12165,9.0,563,0.7625167369842529,,,0.02182195521891117
12166,9.0,581,0.7970433235168457,,,0.00854564644396305
12167,14.0,729,0.9976115226745605,,,0.008964477106928825
12168,10.0,668,0.9084668159484863,,,0.009133657440543175
12169,6.0,464,0.6299893856048584,,,0.010480201803147793
12170,6.0,505,0.6928751468658447,,,0.008748643100261688
12171,10.0,545,0.7427070140838623,,,0.0086215203627944
12172,13.0,625,0.8560202121734619,,,0.013437088578939438
12173,13.0,1062,1.4456019401550293,,,0.006581015884876251
12174,14.0,881,1.197021245956421,,,0.008375908248126507
12175,10.0,747,1.0142323970794678,,,0.03133269026875496
12176,4.0,352,0.48426008224487305,,,0.039852775633335114
12177,20.0,1321,1.7883100509643555,,,0.01446541491895914
12178,12.0,735,1.0005357265472412,,,0.018751608207821846
12179,11.0,588,0.7989201545715332,,,0.004142852034419775
12180,17.0,1019,1.385042667388916,,,0.008277969434857368
12181,14.0,889,1.2048299312591553,,,0.013494654558598995
12182,11.0,837,1.138521432876587,,,0.009985014796257019
12183,17.0,759,1.037125825881958,,,0.008700662292540073
12184,16.0,839,1.1405706405639648,,,0.03711983188986778
12185,9.0,600,0.8176960945129395,,,0.009563196450471878
12186,7.0,530,0.7211098670959473,,,0.015257911756634712
12187,10.0,513,0.7065470218658447,,,0.007781422697007656
12188,13.0,837,1.134913444519043,,,0.02570340782403946
12189,11.0,664,0.9067063331604004,,,0.026332085952162743
12190,11.0,689,0.9350800514221191,,,0.01373459305614233
12191,12.0,745,1.009984016418457,,,0.004646636545658112
12192,19.0,993,1.3533883094787598,,,0.012867315672338009
12193,5.0,385,0.5248823165893555,,,0.01724976859986782
12194,10.0,598,0.8069372177124023,,,0.011010379530489445
12195,14.0,780,1.0582387447357178,,,0.012252126820385456
12196,7.0,371,0.5053479671478271,,,0.006375304888933897
12197,11.0,547,0.7439630031585693,,,0.012657128274440765
12198,13.0,766,1.0377557277679443,,,0.019614197313785553
12199,10.0,563,0.766406774520874,,,0.01770489290356636
12200,5.0,385,0.523719072341919,,,0.009949823841452599
12201,9.0,599,0.8161618709564209,,,0.023830635473132133
12202,5.0,398,0.5429821014404297,,,0.011938213370740414
12203,12.0,719,0.9737775325775146,,,0.003493085503578186
12204,9.0,580,0.7840621471405029,,,0.004556075669825077
12205,17.0,897,1.2120554447174072,,,0.009224670007824898
12206,10.0,640,0.873028039932251,,,0.00471049128100276
12207,13.0,706,0.9577913284301758,,,0.008612011559307575
12208,12.0,613,0.8251855373382568,,,0.01000321377068758
12209,17.0,829,1.1164321899414062,,,0.010744363069534302
12210,18.0,1141,1.5382256507873535,,,0.009400647133588791
12211,14.0,713,0.9661097526550293,,,0.008138463832437992
12212,11.0,657,0.8919110298156738,,,0.010606836527585983
12213,11.0,631,0.8567354679107666,,,0.01182276476174593
12214,13.0,779,1.0518925189971924,,,0.007302660495042801
12215,19.0,1105,1.484790563583374,,,0.007510221563279629
12216,25.0,1219,1.6295747756958008,,,0.015171325765550137
12217,16.0,828,1.1133768558502197,,,0.006284477189183235
12218,10.0,581,0.787421703338623,,,0.010202652774751186
12219,5.0,398,0.5459744930267334,,,0.012146628461778164
12220,10.0,603,0.8183295726776123,,,0.007933004759252071
12221,29.0,1346,1.8073375225067139,,,0.010184569284319878
12222,9.0,578,0.7872483730316162,,,0.013128611259162426
12223,10.0,655,0.8897161483764648,,,0.006822784431278706
12224,17.0,839,1.1303768157958984,,,0.01035149022936821
12225,17.0,1213,1.6202332973480225,,,0.018325047567486763
12226,13.0,663,0.8924667835235596,,,0.024786001071333885
12227,11.0,569,0.7649734020233154,,,0.022600319236516953
12228,6.0,365,0.492539644241333,,,0.00852369237691164
12229,14.0,691,0.9331574440002441,,,0.015146039426326752
12230,11.0,696,0.9312536716461182,,,0.006848044693470001
12231,12.0,717,0.9592585563659668,,,0.014602508395910263
12232,20.0,1066,1.4263520240783691,,,0.008831881918013096
12233,13.0,651,0.877788782119751,,,0.00554974190890789
12234,6.0,401,0.5385375022888184,,,0.005651077721267939
12235,12.0,829,1.115196704864502,,,0.007628395222127438
12236,19.0,1162,1.5700738430023193,,,0.010311422869563103
12237,9.0,623,0.8462972640991211,,,0.012866314500570297
12238,15.0,797,1.0720407962799072,,,0.01769489236176014
12239,13.0,800,1.077561378479004,,,0.008121774531900883
12240,13.0,721,0.9804890155792236,,,0.03991558402776718
12241,7.0,536,0.7286324501037598,,,0.011024405248463154
12242,23.0,1133,1.546703577041626,,,0.013697254471480846
12243,12.0,834,1.1334407329559326,,,0.022990377619862556
12244,7.0,405,0.5539929866790771,,,0.006641584448516369
12245,9.0,638,0.8710675239562988,,,0.0025460056494921446
12246,6.0,390,0.5370039939880371,,,0.009749889373779297
12247,17.0,859,1.1603178977966309,,,0.00998666137456894
12248,10.0,765,1.0277230739593506,,,0.023047538474202156
12249,11.0,587,0.7917406558990479,,,0.008489994332194328
12250,25.0,1333,1.7772941589355469,,,0.012982621788978577
12251,10.0,681,0.9165031909942627,,,0.009170879609882832
12252,12.0,825,1.1107263565063477,,,0.015235514380037785
12253,12.0,693,0.9330098628997803,,,0.0165496114641428
12254,12.0,834,1.1182372570037842,,,0.018018163740634918
12255,5.0,483,0.6510109901428223,,,0.011408686637878418
12256,25.0,1248,1.6623764038085938,,,0.011970733292400837
12257,21.0,1048,1.4003150463104248,,,0.02262931875884533
12258,9.0,624,0.8432102203369141,,,0.009714876301586628
12259,7.0,549,0.7376132011413574,,,0.008744284510612488
12260,6.0,697,0.932988166809082,,,0.024437768384814262
12261,12.0,761,1.0221428871154785,,,0.028797445818781853
12262,21.0,984,1.3113341331481934,,,0.029629044234752655
12263,11.0,582,0.7825264930725098,,,0.006067235488444567
12264,9.0,701,0.9484949111938477,,,0.013586767017841339
12265,18.0,1004,1.3679003715515137,,,0.029578566551208496
12266,12.0,647,0.8797252178192139,,,0.02843627519905567
12267,10.0,549,0.7499487400054932,,,0.009492401033639908
12268,12.0,823,1.1227943897247314,,,0.011197577230632305
12269,20.0,1299,1.7441253662109375,,,0.0037023669574409723
12270,28.0,1270,1.698723554611206,,,0.011929144151508808
12271,16.0,850,1.1542432308197021,,,0.016376575455069542
12272,13.0,727,0.9899723529815674,,,0.039007145911455154
12273,23.0,1305,1.7648587226867676,,,0.02663777954876423
12274,13.0,761,1.0292284488677979,,,0.00717613659799099
12275,12.0,656,0.8904983997344971,,,0.0087165217846632
12276,14.0,753,1.0114660263061523,,,0.004140500910580158
12277,5.0,447,0.6091396808624268,,,0.010312152095139027
12278,11.0,590,0.8028309345245361,,,0.01114409789443016
12279,9.0,679,0.9219222068786621,,,0.013319378718733788
12280,16.0,907,1.2276837825775146,,,0.02437475323677063
12281,10.0,576,0.7881743907928467,,,0.012137333862483501
12282,19.0,853,1.162407636642456,,,0.019891131669282913
12283,21.0,1184,1.6034438610076904,,,0.020743055269122124
12284,16.0,833,1.1380295753479004,,,0.015545838512480259
12285,14.0,799,1.0930168628692627,,,0.03033488616347313
12286,20.0,1296,1.76255464553833,,,0.033135753124952316
12287,5.0,394,0.5406279563903809,,,0.014680109918117523
12288,20.0,976,1.3408963680267334,,,0.01571778953075409
12289,13.0,768,1.0428028106689453,,,0.02178998850286007
12290,7.0,343,0.4662497043609619,,,0.030334878712892532
12291,18.0,981,1.3342437744140625,,,0.042061835527420044
12292,11.0,555,0.7498054504394531,,,0.007064481731504202
12293,11.0,657,0.8941776752471924,,,0.043012168258428574
12294,11.0,682,0.9242982864379883,,,0.008317599073052406
12295,12.0,815,1.10658597946167,,,0.01225287839770317
12296,10.0,627,0.8496558666229248,,,0.0170802790671587
12297,20.0,1200,1.6272861957550049,,,0.03664708882570267
12298,16.0,793,1.0786433219909668,,,0.006438736338168383
12299,9.0,613,0.8329167366027832,,,0.010673384182155132
12300,29.0,1325,1.7858214378356934,,,0.021024346351623535
12301,3.0,479,0.6563689708709717,,,0.008599739521741867
12302,12.0,820,1.1203155517578125,,,0.012272847816348076
12303,17.0,915,1.2434437274932861,,,0.015936734154820442
12304,15.0,971,1.3202183246612549,,,0.012540804222226143
12305,20.0,1255,1.6998095512390137,,,0.014804468490183353
12306,23.0,1242,1.6782522201538086,,,0.015931464731693268
12307,12.0,777,1.0490608215332031,,,0.01219920814037323
12308,10.0,630,0.8615603446960449,,,0.005950613413006067
12309,11.0,587,0.8032975196838379,,,0.009573797695338726
12310,10.0,591,0.8039617538452148,,,0.008566847071051598
12311,14.0,923,1.2445957660675049,,,0.015241889283061028
12312,11.0,660,0.8842570781707764,,,0.009725429117679596
12313,7.0,582,0.7907371520996094,,,0.014495555311441422
12314,10.0,589,0.7991964817047119,,,0.010989248752593994
12315,8.0,669,0.9114665985107422,,,0.006444794125854969
12316,10.0,553,0.7597601413726807,,,0.004021181259304285
12317,22.0,1292,1.7474925518035889,,,0.0100113395601511
12318,17.0,1271,1.7287521362304688,,,0.007939966395497322
12319,12.0,831,1.1314468383789062,,,0.014494906179606915
12320,12.0,700,0.9524674415588379,,,0.03212103247642517
12321,11.0,874,1.186762809753418,,,0.01604648493230343
12322,32.0,1224,1.646838665008545,,,0.004358626902103424
12323,9.0,563,0.7665696144104004,,,0.0051207649521529675
12324,19.0,948,1.285064458847046,,,0.010981561616063118
12325,20.0,965,1.3106021881103516,,,0.02740929089486599
12326,11.0,661,0.8998312950134277,,,0.020068814978003502
12327,12.0,839,1.1348896026611328,,,0.013191891834139824
12328,14.0,896,1.201946496963501,,,0.07818131148815155
12329,10.0,626,0.8539562225341797,,,0.016569776460528374
12330,13.0,761,1.0335369110107422,,,0.00951593741774559
12331,22.0,1079,1.4572057723999023,,,0.017716864123940468
12332,19.0,1299,1.745331048965454,,,0.012462787330150604
12333,23.0,1176,1.5846576690673828,,,0.012846502475440502
12334,4.0,505,0.681372880935669,,,0.014202597551047802
12335,31.0,1305,1.7508456707000732,,,0.008372606709599495
12336,12.0,641,0.8692429065704346,,,0.003264659084379673
12337,12.0,688,0.9214091300964355,,,0.017736537382006645
12338,10.0,686,0.926776647567749,,,0.0038698939606547356
12339,31.0,1895,2.5096750259399414,,,0.01746930554509163
12340,20.0,989,1.3299040794372559,,,0.010029681958258152
12341,7.0,407,0.5524399280548096,,,0.011872485280036926
12342,13.0,768,1.0408434867858887,,,0.013796302489936352
12343,16.0,794,1.0731234550476074,,,0.009115754626691341
12344,6.0,352,0.4767436981201172,,,0.006629899609833956
12345,14.0,911,1.2311441898345947,,,0.00607054028660059
12346,12.0,732,0.9927725791931152,,,0.015060912817716599
12347,22.0,1150,1.562107801437378,,,0.010637478902935982
12348,12.0,748,1.014415979385376,,,0.01261606253683567
12349,17.0,925,1.2580957412719727,,,0.008915293030440807
12350,10.0,583,0.7932813167572021,,,0.01335989497601986
12351,13.0,686,0.937877893447876,,,0.006920332554727793
12352,10.0,664,0.9104270935058594,,,0.007023823447525501
12353,9.0,620,0.8454151153564453,,,0.00843717809766531
12354,12.0,827,1.1162710189819336,,,0.004486626945436001
12355,7.0,593,0.7984442710876465,,,0.0059029776602983475
12356,11.0,587,0.7974746227264404,,,0.01576353795826435
12357,12.0,558,0.7574858665466309,,,0.008813686668872833
12358,14.0,871,1.183288812637329,,,0.012645283713936806
12359,16.0,767,1.044344425201416,,,0.014935742132365704
12360,7.0,516,0.707207202911377,,,0.008615555241703987
12361,14.0,883,1.2024428844451904,,,0.005893648136407137
12362,12.0,665,0.9027731418609619,,,0.007306380197405815
12363,12.0,706,0.9619812965393066,,,0.011034964583814144
12364,20.0,1427,1.9084582328796387,,,0.016248593106865883
12365,21.0,1269,1.7003002166748047,,,0.03528963774442673
12366,14.0,858,1.1491937637329102,,,0.017502697184681892
12367,19.0,1076,1.4304866790771484,,,0.016659848392009735
12368,12.0,681,0.9159364700317383,,,0.010852514766156673
12369,6.0,339,0.4591257572174072,,,0.010473770089447498
12370,26.0,1209,1.6040081977844238,,,0.009119508787989616
12371,10.0,649,0.8736534118652344,,,0.0038491347804665565
12372,13.0,781,1.0502216815948486,,,0.02513415925204754
12373,7.0,525,0.7104208469390869,,,0.006406119558960199
12374,14.0,855,1.1418802738189697,,,0.021877765655517578
12375,8.0,577,0.7777299880981445,,,0.010343809612095356
12376,18.0,992,1.326408863067627,,,0.02688782289624214
12377,24.0,1301,1.7535676956176758,,,0.01046130433678627
12378,9.0,589,0.7987277507781982,,,0.0072927940636873245
12379,15.0,845,1.1497786045074463,,,0.011513943783938885
12380,13.0,749,1.015568494796753,,,0.013957584276795387
12381,20.0,1065,1.439774513244629,,,0.01372123695909977
12382,10.0,595,0.8070392608642578,,,0.02278427965939045
12383,6.0,401,0.5482385158538818,,,0.010865461081266403
12384,6.0,533,0.7215054035186768,,,0.01495360117405653
12385,16.0,778,1.060338020324707,,,0.017192846164107323
12386,13.0,754,1.0226898193359375,,,0.009207183495163918
12387,8.0,613,0.8293836116790771,,,0.008924388326704502
12388,4.0,375,0.5124928951263428,,,0.010747105814516544
12389,6.0,605,0.8217530250549316,,,0.01775733381509781
12390,7.0,404,0.54840087890625,,,0.012844204902648926
12391,10.0,735,0.9849138259887695,,,0.003796932054683566
12392,9.0,692,0.9384868144989014,,,0.04399275779724121
12393,20.0,1275,1.7105035781860352,,,0.01119994092732668
12394,12.0,787,1.0676355361938477,,,0.00901062972843647
12395,12.0,579,0.7826249599456787,,,0.033989403396844864
12396,18.0,1232,1.6502363681793213,,,0.009905644692480564
12397,6.0,503,0.6929919719696045,,,0.031618572771549225
12398,10.0,657,0.8915026187896729,,,0.005131582263857126
12399,7.0,614,0.8417763710021973,,,0.007328961975872517
12400,9.0,570,0.7823851108551025,,,0.013169003650546074
12401,12.0,705,0.966322660446167,,,0.005939558148384094
12402,10.0,565,0.769946813583374,,,0.010348863899707794
12403,11.0,586,0.7987289428710938,,,0.017832966521382332
12404,6.0,509,0.6981315612792969,,,0.03187266364693642
12405,10.0,577,0.7841742038726807,,,0.009021922014653683
12406,12.0,763,1.0404739379882812,,,0.00981213804334402
12407,6.0,412,0.5698261260986328,,,0.012940488755702972
12408,14.0,811,1.1120660305023193,,,0.0073387399315834045
12409,13.0,767,1.0399701595306396,,,0.005170916672796011
12410,4.0,485,0.6616401672363281,,,0.012087677605450153
12411,26.0,1349,1.8237566947937012,,,0.011289718560874462
12412,6.0,410,0.557105541229248,,,0.010130830109119415
12413,37.0,1909,2.558738946914673,,,0.017786625772714615
12414,4.0,499,0.6783075332641602,,,0.006537845823913813
12415,12.0,733,0.9967947006225586,,,0.034345660358667374
12416,20.0,905,1.2258219718933105,,,0.029865920543670654
12417,11.0,665,0.9037120342254639,,,0.01088622771203518
12418,5.0,398,0.5435795783996582,,,0.017657656222581863
12419,7.0,542,0.7429397106170654,,,0.02010260708630085
12420,3.0,375,0.5140857696533203,,,0.00843728519976139
12421,19.0,947,1.2831664085388184,,,0.012623093090951443
12422,23.0,1353,1.818838357925415,,,0.010268818587064743
12423,9.0,567,0.7651915550231934,,,0.009641270153224468
12424,12.0,747,1.0029351711273193,,,0.016362134367227554
12425,4.0,379,0.5144772529602051,,,0.007236632518470287
12426,12.0,833,1.1158828735351562,,,0.016559628769755363
12427,12.0,758,1.0199806690216064,,,0.027563756331801414
12428,11.0,561,0.7551193237304688,,,0.014927541837096214
12429,18.0,877,1.1773576736450195,,,0.01310368999838829
12430,16.0,796,1.076219081878662,,,0.022564345970749855
12431,26.0,1262,1.702077865600586,,,0.03289223089814186
12432,17.0,845,1.1394352912902832,,,0.009360570460557938
12433,11.0,539,0.7332673072814941,,,0.012153099291026592
12434,11.0,792,1.0731348991394043,,,0.019099822267889977
12435,14.0,708,0.9570918083190918,,,0.03334832191467285
12436,7.0,509,0.6867632865905762,,,0.005738888867199421
12437,5.0,339,0.467087984085083,,,0.01808454655110836
12438,20.0,937,1.2736728191375732,,,0.008940712548792362
12439,7.0,410,0.5613303184509277,,,0.010939190164208412
12440,12.0,835,1.1384835243225098,,,0.008170148357748985
12441,6.0,509,0.6970362663269043,,,0.0031099843326956034
12442,7.0,577,0.7918334007263184,,,0.004358791746199131
12443,9.0,567,0.7733702659606934,,,0.01971409097313881
12444,25.0,1307,1.7707154750823975,,,0.007648478262126446
12445,10.0,702,0.9596056938171387,,,0.011391629464924335
12446,25.0,1209,1.6093840599060059,,,0.019846539944410324
12447,1.0,525,0.704608678817749,,,0.013590916059911251
12448,22.0,1203,1.6139144897460938,,,0.018521830439567566
12449,9.0,573,0.7750473022460938,,,0.007833058014512062
12450,17.0,849,1.1416120529174805,,,0.015583040192723274
12451,12.0,731,0.976482629776001,,,0.011475837789475918
12452,8.0,577,0.7758395671844482,,,0.013117981143295765
12453,24.0,1117,1.493333101272583,,,0.01938609592616558
12454,16.0,667,0.8928463459014893,,,0.005237241741269827
12455,13.0,685,0.9316935539245605,,,0.008529581129550934
12456,25.0,1414,1.882904291152954,,,0.06475932151079178
12457,19.0,995,1.3369040489196777,,,0.008105325512588024
12458,21.0,1081,1.4420268535614014,,,0.006847519427537918
12459,19.0,874,1.1974842548370361,,,0.0061914026737213135
12460,3.0,374,0.5124392509460449,,,0.008301808498799801
12461,17.0,1111,1.5128395557403564,,,0.004562550690025091
12462,16.0,922,1.243605375289917,,,0.009403032250702381
12463,21.0,1237,1.6661901473999023,,,0.00794754084199667
12464,10.0,596,0.8030025959014893,,,0.015151992440223694
12465,9.0,663,0.9002399444580078,,,0.010281266644597054
12466,7.0,413,0.5594282150268555,,,0.013128824532032013
12467,7.0,576,0.7888004779815674,,,0.00516457250341773
12468,27.0,1025,1.387608289718628,,,0.016851967200636864
12469,13.0,634,0.8607442378997803,,,0.008912501856684685
12470,10.0,589,0.8067185878753662,,,0.008250431157648563
12471,8.0,521,0.7109088897705078,,,0.005341973155736923
12472,5.0,398,0.5467805862426758,,,0.007225703913718462
12473,7.0,415,0.5634825229644775,,,0.004629893694072962
12474,4.0,785,1.0686774253845215,,,0.012434722855687141
12475,13.0,823,1.130094051361084,,,0.010235515423119068
12476,12.0,823,1.122408151626587,,,0.00636704359203577
12477,8.0,531,0.7242124080657959,,,0.0028826117049902678
12478,8.0,508,0.6938326358795166,,,0.007131021469831467
12479,12.0,564,0.7734158039093018,,,0.014619002118706703
12480,7.0,635,0.863741397857666,,,0.009115622378885746
12481,9.0,559,0.7612094879150391,,,0.005631669890135527
12482,8.0,573,0.7839233875274658,,,0.0060290321707725525
12483,13.0,825,1.1180102825164795,,,0.014778252691030502
12484,8.0,575,0.7856900691986084,,,0.014757838100194931
12485,13.0,775,1.0619888305664062,,,0.008936014026403427
12486,13.0,847,1.1591403484344482,,,0.00897012185305357
12487,12.0,783,1.0631747245788574,,,0.01071886532008648
12488,11.0,595,0.8062472343444824,,,0.008745935745537281
12489,16.0,783,1.0678789615631104,,,0.008813898079097271
12490,14.0,759,1.035640001296997,,,0.024356795474886894
12491,2.0,401,0.5462305545806885,,,0.01899428479373455
12492,18.0,963,1.3129844665527344,,,0.02240592986345291
12493,9.0,607,0.8236904144287109,,,0.03243209421634674
12494,19.0,901,1.2098352909088135,,,0.03212079033255577
12495,8.0,636,0.8507184982299805,,,0.012258235365152359
12496,11.0,551,0.7436678409576416,,,0.013257473707199097
12497,14.0,775,1.0478215217590332,,,0.025002244859933853
12498,7.0,422,0.5763788223266602,,,0.013060550205409527
12499,9.0,577,0.7894766330718994,,,0.029212286695837975
12500,13.0,777,1.0593900680541992,,,0.010569727048277855
12501,13.0,731,0.9944660663604736,,,0.015387026593089104
12502,10.0,649,0.8815104961395264,,,0.024331476539373398
12503,7.0,363,0.49553608894348145,,,0.016756506636738777
12504,9.0,637,0.868760347366333,,,0.012691451236605644
12505,18.0,921,1.2554242610931396,,,0.010767900384962559
12506,7.0,587,0.7907829284667969,,,0.017535241320729256
12507,9.0,691,0.9297382831573486,,,0.017656885087490082
12508,7.0,579,0.7857651710510254,,,0.006877840496599674
12509,7.0,523,0.7097811698913574,,,0.017161503434181213
12510,6.0,401,0.5485444068908691,,,0.007049813400954008
12511,8.0,566,0.7656826972961426,,,0.03227785602211952
12512,13.0,735,1.0023488998413086,,,0.009601404890418053
12513,7.0,417,0.5955460071563721,,,0.03866400197148323
12514,10.0,698,0.9464700222015381,,,0.011327576823532581
12515,1.0,383,0.5189175605773926,,,0.01350012794137001
12516,27.0,1135,1.5175206661224365,,,0.009599723853170872
12517,12.0,572,0.7771267890930176,,,0.011590332724153996
12518,17.0,893,1.2091107368469238,,,0.009818440303206444
12519,11.0,576,0.7815430164337158,,,0.00417139520868659
12520,12.0,696,0.9416389465332031,,,0.010545582510530949
12521,12.0,682,0.9215333461761475,,,0.007570788264274597
12522,25.0,1056,1.4269018173217773,,,0.014430497772991657
12523,7.0,351,0.47718214988708496,,,0.005587955471128225
12524,10.0,656,0.8870260715484619,,,0.016095826402306557
12525,21.0,989,1.3255689144134521,,,0.031484030187129974
12526,4.0,429,0.5816841125488281,,,0.007572788279503584
12527,8.0,531,0.7190947532653809,,,0.00480967853218317
12528,3.0,366,0.4963259696960449,,,0.02197343297302723
12529,7.0,508,0.6871035099029541,,,0.0065840971656143665
12530,22.0,919,1.2330522537231445,,,0.007077316287904978
12531,10.0,623,0.8439333438873291,,,0.006524347700178623
12532,13.0,779,1.055727243423462,,,0.012053215876221657
12533,11.0,657,0.8956105709075928,,,0.01511737797409296
12534,7.0,396,0.5378482341766357,,,0.009122352115809917
12535,11.0,650,0.8799939155578613,,,0.03952489793300629
12536,5.0,398,0.5367183685302734,,,0.008852080442011356
12537,7.0,523,0.7062528133392334,,,0.015645012259483337
12538,3.0,366,0.5003573894500732,,,0.004509736318141222
12539,9.0,587,0.7927403450012207,,,0.0076965512707829475
12540,28.0,1285,1.7148926258087158,,,0.0066096847876906395
12541,12.0,709,0.9638123512268066,,,0.011167186312377453
12542,15.0,900,1.2203986644744873,,,0.003482040949165821
12543,17.0,787,1.0648870468139648,,,0.011754539795219898
12544,24.0,991,1.3302156925201416,,,0.007733162958174944
12545,15.0,815,1.1107683181762695,,,0.016053011640906334
12546,10.0,610,0.8370451927185059,,,0.017100626602768898
12547,7.0,419,0.574408769607544,,,0.015440340153872967
12548,8.0,612,0.8341689109802246,,,0.009574254043400288
12549,15.0,805,1.088904857635498,,,0.018869129940867424
12550,9.0,665,0.9027118682861328,,,0.00523536279797554
12551,22.0,1191,1.607194423675537,,,0.004016741644591093
12552,6.0,547,0.746251106262207,,,0.004670336376875639
12553,7.0,587,0.8004655838012695,,,0.011916098184883595
12554,8.0,599,0.8081095218658447,,,0.023784099146723747
12555,12.0,769,1.040461540222168,,,0.029782013967633247
12556,17.0,812,1.0942928791046143,,,0.005990119650959969
12557,12.0,743,1.007880449295044,,,0.006507429294288158
12558,13.0,789,1.0633533000946045,,,0.004905121400952339
12559,18.0,897,1.2051165103912354,,,0.006705529987812042
12560,25.0,1323,1.768312692642212,,,0.009138450026512146
12561,9.0,601,0.815514087677002,,,0.01913360506296158
12562,13.0,722,0.9724164009094238,,,0.004808880854398012
12563,15.0,936,1.2653441429138184,,,0.013598076067864895
12564,4.0,536,0.7214634418487549,,,0.014030150137841702
12565,9.0,656,0.8842871189117432,,,0.014361519366502762
12566,8.0,579,0.7845826148986816,,,0.008279477246105671
12567,18.0,977,1.3209969997406006,,,0.012494206428527832
12568,25.0,1329,1.8004248142242432,,,0.01241065002977848
12569,14.0,874,1.1839091777801514,,,0.0037374813109636307
12570,7.0,393,0.5388000011444092,,,0.004342677071690559
12571,3.0,373,0.507591962814331,,,0.013126307167112827
12572,13.0,819,1.114487648010254,,,0.029787108302116394
12573,15.0,989,1.343468189239502,,,0.008790186606347561
12574,13.0,745,1.0074505805969238,,,0.01048203557729721
12575,27.0,1693,2.237433671951294,,,0.014968780800700188
12576,21.0,840,1.1335859298706055,,,0.016217365860939026
12577,18.0,819,1.1141693592071533,,,0.00785557646304369
12578,4.0,347,0.47557830810546875,,,0.02060580998659134
12579,16.0,823,1.120023250579834,,,0.008074873127043247
12580,19.0,814,1.1048085689544678,,,0.009690258651971817
12581,12.0,684,0.9309864044189453,,,0.018686339259147644
12582,13.0,896,1.2104029655456543,,,0.0073914313688874245
12583,6.0,411,0.5565402507781982,,,0.01237549725919962
12584,22.0,957,1.2941737174987793,,,0.025765512138605118
12585,5.0,351,0.4825584888458252,,,0.013077814131975174
12586,32.0,1762,2.3524088859558105,,,0.03648513928055763
12587,16.0,861,1.1729404926300049,,,0.012138058431446552
12588,7.0,547,0.741276741027832,,,0.020480463281273842
12589,7.0,522,0.7106118202209473,,,0.016097772866487503
12590,20.0,1125,1.5252978801727295,,,0.029925966635346413
12591,19.0,976,1.3216722011566162,,,0.013454345054924488
12592,10.0,754,1.0279786586761475,,,0.008268110454082489
12593,9.0,561,0.758366584777832,,,0.0035518610384315252
12594,11.0,576,0.7829632759094238,,,0.021152665838599205
12595,10.0,699,0.9506831169128418,,,0.007266812026500702
12596,13.0,653,0.8915135860443115,,,0.015865471214056015
12597,23.0,1467,1.985321044921875,,,0.009443135000765324
12598,20.0,1104,1.4956412315368652,,,0.01805063523352146
12599,7.0,511,0.6951911449432373,,,0.011371953412890434
12600,10.0,657,0.8976554870605469,,,0.015405973419547081
12601,16.0,837,1.141627550125122,,,0.008367800153791904
12602,7.0,502,0.6846113204956055,,,0.012007197365164757
12603,32.0,1701,2.286849021911621,,,0.016341032460331917
12604,12.0,811,1.0949759483337402,,,0.00722955446690321
12605,7.0,577,0.7905948162078857,,,0.01228152122348547
12606,3.0,373,0.5099735260009766,,,0.021485958248376846
12607,12.0,753,1.0288293361663818,,,0.007447440642863512
12608,27.0,1266,1.7165882587432861,,,0.011106511577963829
12609,9.0,561,0.7658941745758057,,,0.003369850805029273
12610,7.0,659,0.8985495567321777,,,0.007371657993644476
12611,4.0,403,0.5540142059326172,,,0.0065774195827543736
12612,14.0,732,0.9871511459350586,,,0.008057924918830395
12613,6.0,351,0.4831418991088867,,,0.018087774515151978
12614,12.0,802,1.0882482528686523,,,0.015214181505143642
12615,15.0,851,1.1369256973266602,,,0.012389766983687878
12616,6.0,404,0.5416402816772461,,,0.010246274061501026
12617,6.0,361,0.4917774200439453,,,0.009657571092247963
12618,17.0,780,1.0479443073272705,,,0.008016020990908146
12619,16.0,861,1.156740427017212,,,0.00857464224100113
12620,10.0,851,1.1486766338348389,,,0.013547619804739952
12621,7.0,545,0.7324564456939697,,,0.025578979402780533
12622,5.0,391,0.526524543762207,,,0.011841478757560253
12623,4.0,377,0.5101752281188965,,,0.019953254610300064
12624,14.0,844,1.128981113433838,,,0.008764944970607758
12625,7.0,511,0.6904385089874268,,,0.01189211942255497
12626,9.0,681,0.9113500118255615,,,0.013519715517759323
12627,3.0,357,0.4849066734313965,,,0.02701941505074501
12628,13.0,747,1.0213382244110107,,,0.012799033895134926
12629,18.0,873,1.1845808029174805,,,0.01428564265370369
12630,14.0,740,1.0114233493804932,,,0.0059517137706279755
12631,14.0,912,1.2477262020111084,,,0.018537266179919243
12632,11.0,561,0.7661526203155518,,,0.030179329216480255
12633,11.0,635,0.8625931739807129,,,0.018672099336981773
12634,12.0,591,0.8084487915039062,,,0.012393000535666943
12635,11.0,593,0.803417444229126,,,0.02132134512066841
12636,6.0,352,0.47847485542297363,,,0.013868783600628376
12637,12.0,591,0.7973482608795166,,,0.007155248429626226
12638,12.0,824,1.1248259544372559,,,0.01443464495241642
12639,8.0,555,0.7541539669036865,,,0.011660423129796982
12640,13.0,751,1.0270466804504395,,,0.013154911808669567
12641,6.0,499,0.6836729049682617,,,0.005707546137273312
12642,18.0,955,1.301194667816162,,,0.012293556705117226
12643,7.0,390,0.5320477485656738,,,0.008374359458684921
12644,6.0,365,0.4955110549926758,,,0.03621789067983627
12645,5.0,397,0.5422713756561279,,,0.016790634021162987
12646,11.0,664,0.8992476463317871,,,0.010909922420978546
12647,19.0,900,1.2172725200653076,,,0.010194708593189716
12648,11.0,597,0.8156688213348389,,,0.017016278579831123
12649,8.0,577,0.7881510257720947,,,0.008976769633591175
12650,18.0,1023,1.3722913265228271,,,0.005895223468542099
12651,17.0,892,1.2024011611938477,,,0.01358463428914547
12652,10.0,577,0.7805619239807129,,,0.021427715197205544
12653,8.0,551,0.7529425621032715,,,0.02174491249024868
12654,19.0,833,1.1209042072296143,,,0.012692170217633247
12655,12.0,625,0.8496816158294678,,,0.01768692396581173
12656,0.0,350,0.4757375717163086,,,0.017692802473902702
12657,13.0,805,1.087615966796875,,,0.004882021341472864
12658,11.0,771,1.038691759109497,,,0.012450341135263443
12659,12.0,577,0.778221607208252,,,0.010852978564798832
12660,14.0,741,1.0025544166564941,,,0.01246337965130806
12661,23.0,1238,1.6625475883483887,,,0.0033810038585215807
12662,13.0,763,1.0349271297454834,,,0.026032019406557083
12663,12.0,757,1.0177936553955078,,,0.026032574474811554
12664,3.0,426,0.5798323154449463,,,0.01562546193599701
12665,11.0,560,0.7589659690856934,,,0.005654618609696627
12666,25.0,958,1.2974653244018555,,,0.01661272905766964
12667,11.0,571,0.7742738723754883,,,0.027686256915330887
12668,4.0,377,0.5187668800354004,,,0.02704870142042637
12669,25.0,904,1.2271041870117188,,,0.00986444391310215
12670,5.0,439,0.6007547378540039,,,0.014968931674957275
12671,6.0,334,0.4548492431640625,,,0.011603215709328651
12672,18.0,1194,1.6170225143432617,,,0.03266889974474907
12673,12.0,709,0.9732205867767334,,,0.011652619577944279
12674,9.0,653,0.8901722431182861,,,0.024720368906855583
12675,9.0,656,0.8952960968017578,,,0.017405711114406586
12676,4.0,497,0.6747739315032959,,,0.012539324350655079
12677,10.0,650,0.8846836090087891,,,0.010859535075724125
12678,13.0,675,0.9136168956756592,,,0.011437819339334965
12679,7.0,677,0.9158954620361328,,,0.004032133612781763
12680,14.0,761,1.0308175086975098,,,0.008096504025161266
12681,14.0,832,1.1386387348175049,,,0.012404230423271656
12682,11.0,658,0.8991453647613525,,,0.012422251515090466
12683,11.0,696,0.9432029724121094,,,0.010222059674561024
12684,5.0,399,0.5410785675048828,,,0.012124312110245228
12685,13.0,582,0.7905573844909668,,,0.017110081389546394
12686,14.0,756,1.0263605117797852,,,0.01623157039284706
12687,5.0,399,0.5492875576019287,,,0.011989705264568329
12688,20.0,938,1.269693374633789,,,0.010547750629484653
12689,6.0,388,0.5324015617370605,,,0.003548935055732727
12690,15.0,852,1.1493675708770752,,,0.022677656263113022
12691,9.0,592,0.807377815246582,,,0.0057422081008553505
12692,12.0,816,1.106797695159912,,,0.01261695846915245
12693,11.0,659,0.8989088535308838,,,0.01230408065021038
12694,3.0,396,0.5414655208587646,,,0.016773734241724014
12695,11.0,618,0.841707706451416,,,0.021229078993201256
12696,4.0,519,0.7031831741333008,,,0.005104523617774248
12697,11.0,583,0.7942917346954346,,,0.014926685020327568
12698,15.0,703,0.9579970836639404,,,0.029629752039909363
12699,5.0,333,0.4531731605529785,,,0.014087709598243237
12700,14.0,738,0.999802827835083,,,0.016823722049593925
12701,8.0,624,0.851248025894165,,,0.017228879034519196
12702,11.0,565,0.770143985748291,,,0.034332990646362305
12703,5.0,399,0.5432276725769043,,,0.008209740743041039
12704,21.0,1115,1.5118279457092285,,,0.004096497781574726
12705,5.0,398,0.5502963066101074,,,0.009600028395652771
12706,11.0,583,0.7972328662872314,,,0.006756740156561136
12707,20.0,811,1.0946943759918213,,,0.0072053163312375546
12708,17.0,1237,1.6603329181671143,,,0.012506169266998768
12709,18.0,888,1.1990022659301758,,,0.010140861384570599
12710,12.0,755,1.026885986328125,,,0.013434957712888718
12711,13.0,755,1.023752212524414,,,0.011743276380002499
12712,10.0,695,0.9460270404815674,,,0.020116453990340233
12713,24.0,966,1.3190906047821045,,,0.010356059297919273
12714,18.0,819,1.120068073272705,,,0.01295275054872036
12715,12.0,664,0.9030923843383789,,,0.009828146547079086
12716,21.0,1022,1.3873252868652344,,,0.009658509865403175
12717,9.0,529,0.7244422435760498,,,0.02252127230167389
12718,9.0,509,0.6921911239624023,,,0.0060415551997721195
12719,10.0,611,0.8349473476409912,,,0.02138056978583336
12720,21.0,1127,1.5239348411560059,,,0.0075037237256765366
12721,23.0,977,1.3262410163879395,,,0.009701373055577278
12722,7.0,514,0.6962323188781738,,,0.02125796489417553
12723,9.0,572,0.7780547142028809,,,0.006350474897772074
12724,14.0,673,0.911569356918335,,,0.011593110859394073
12725,12.0,584,0.8000435829162598,,,0.0048859622329473495
12726,8.0,597,0.8088419437408447,,,0.012316358275711536
12727,10.0,625,0.8481285572052002,,,0.01610345020890236
12728,11.0,558,0.7580225467681885,,,0.012348130345344543
12729,20.0,897,1.2299985885620117,,,0.04994911327958107
12730,12.0,571,0.7827866077423096,,,0.00532182864844799
12731,17.0,757,1.0261540412902832,,,0.010015950538218021
12732,13.0,573,0.7808542251586914,,,0.012714095413684845
12733,5.0,399,0.549086332321167,,,0.004200904630124569
12734,7.0,523,0.7198655605316162,,,0.015235294587910175
12735,9.0,509,0.6939103603363037,,,0.022802667692303658
12736,12.0,573,0.7753517627716064,,,0.020921405404806137
12737,13.0,841,1.1461167335510254,,,0.004160402342677116
12738,16.0,861,1.1700050830841064,,,0.013898033648729324
12739,4.0,432,0.5906713008880615,,,0.004673454910516739
12740,7.0,440,0.6028492450714111,,,0.007788694463670254
12741,5.0,399,0.5453629493713379,,,0.009964106604456902
12742,5.0,399,0.5475280284881592,,,0.015254002995789051
12743,8.0,528,0.7183265686035156,,,0.01608065329492092
12744,21.0,1036,1.3845129013061523,,,0.014336131513118744
12745,9.0,623,0.8378221988677979,,,0.013332034461200237
12746,10.0,645,0.8708620071411133,,,0.010176870040595531
12747,7.0,404,0.5448763370513916,,,0.009231061674654484
12748,8.0,552,0.7427504062652588,,,0.01039435900747776
12749,4.0,383,0.5232515335083008,,,0.012122598476707935
12750,5.0,385,0.520745038986206,,,0.031328435987234116
12751,4.0,351,0.4740583896636963,,,0.010770382359623909
12752,24.0,958,1.2905290126800537,,,0.007757221348583698
12753,5.0,399,0.5485010147094727,,,0.0223452877253294
12754,25.0,1077,1.4559986591339111,,,0.025752892717719078
12755,5.0,399,0.5487589836120605,,,0.010074053891003132
12756,9.0,509,0.6856594085693359,,,0.028263278305530548
12757,5.0,425,0.5813870429992676,,,0.013672149740159512
12758,11.0,583,0.7789077758789062,,,0.009341887198388577
12759,9.0,567,0.7659568786621094,,,0.013517945073544979
12760,12.0,792,1.0696382522583008,,,0.013595061376690865
12761,4.0,377,0.5109503269195557,,,0.013451076112687588
12762,9.0,549,0.7409212589263916,,,0.007648990023881197
12763,4.0,457,0.6163735389709473,,,0.018158815801143646
12764,12.0,577,0.7767519950866699,,,0.018518032506108284
12765,14.0,863,1.1660895347595215,,,0.01428213156759739
12766,18.0,893,1.2020049095153809,,,0.006638745777308941
12767,17.0,764,1.025972604751587,,,0.014731877483427525
12768,11.0,559,0.7580153942108154,,,0.0038037148769944906
12769,13.0,723,0.9759304523468018,,,0.008633713237941265
12770,6.0,539,0.7272293567657471,,,0.014125564135611057
12771,9.0,508,0.6929035186767578,,,0.01366073451936245
12772,11.0,694,0.9398231506347656,,,0.004212823696434498
12773,6.0,399,0.5471396446228027,,,0.026613423600792885
12774,9.0,523,0.7130179405212402,,,0.008350233547389507
12775,5.0,399,0.5492827892303467,,,0.013930912129580975
12776,11.0,578,0.7923200130462646,,,0.020352961495518684
12777,5.0,398,0.5421638488769531,,,0.0037749886978417635
12778,11.0,717,0.9769792556762695,,,0.013385863043367863
12779,6.0,386,0.5313656330108643,,,0.005497652571648359
12780,19.0,1292,1.7460784912109375,,,0.015606136061251163
12781,13.0,749,1.0161423683166504,,,0.008440962061285973
12782,10.0,605,0.8244950771331787,,,0.006916985847055912
12783,4.0,383,0.5182549953460693,,,0.01268727146089077
12784,6.0,500,0.6848959922790527,,,0.014612588100135326
12785,5.0,455,0.6216285228729248,,,0.015779385343194008
12786,7.0,509,0.6952123641967773,,,0.002555080922320485
12787,19.0,868,1.1791441440582275,,,0.025607625022530556
12788,20.0,1003,1.3672914505004883,,,0.009988307021558285
12789,16.0,877,1.1907958984375,,,0.013617290183901787
12790,12.0,631,0.8623623847961426,,,0.014044737443327904
12791,21.0,859,1.1680316925048828,,,0.00799791980534792
12792,21.0,1097,1.4854443073272705,,,0.01409090030938387
12793,13.0,721,0.9831480979919434,,,0.01995037868618965
12794,13.0,719,0.9843504428863525,,,0.0129231633618474
12795,26.0,1293,1.7305035591125488,,,0.03243693336844444
12796,21.0,1147,1.541344165802002,,,0.011412810534238815
12797,13.0,689,0.9228973388671875,,,0.009184549562633038
12798,7.0,506,0.6864101886749268,,,0.023259416222572327
12799,23.0,995,1.3469443321228027,,,0.012235129252076149
12800,18.0,861,1.1688449382781982,,,0.011228799819946289
12801,8.0,587,0.7993912696838379,,,0.009855601005256176
12802,12.0,581,0.7838590145111084,,,0.006382723804563284
12803,22.0,1109,1.4753978252410889,,,0.011871781200170517
12804,15.0,735,0.9789550304412842,,,0.012718395330011845
12805,11.0,571,0.775468111038208,,,0.007962243631482124
12806,9.0,561,0.7655048370361328,,,0.004216720815747976
12807,13.0,638,0.8609251976013184,,,0.014884634874761105
12808,12.0,571,0.7770111560821533,,,0.03344929218292236
12809,27.0,1361,1.820425271987915,,,0.03467509523034096
12810,14.0,711,0.9698400497436523,,,0.017729338258504868
12811,26.0,998,1.3452281951904297,,,0.009579980745911598
12812,8.0,655,0.8975260257720947,,,0.012118377722799778
12813,19.0,766,1.0474662780761719,,,0.009612075053155422
12814,24.0,1098,1.4833827018737793,,,0.012793757021427155
12815,8.0,603,0.8271024227142334,,,0.013979330658912659
12816,10.0,566,0.7686936855316162,,,0.018579566851258278
12817,14.0,838,1.1476171016693115,,,0.004926214460283518
12818,11.0,647,0.8857994079589844,,,0.008204761892557144
12819,20.0,931,1.2485449314117432,,,0.01015740167349577
12820,11.0,667,0.8951277732849121,,,0.01953331008553505
12821,16.0,741,1.0020878314971924,,,0.013013141229748726
12822,14.0,878,1.1848108768463135,,,0.010775710456073284
12823,9.0,501,0.6802051067352295,,,0.00403894716873765
12824,13.0,583,0.7885646820068359,,,0.041527122259140015
12825,6.0,335,0.45560741424560547,,,0.017714256420731544
12826,12.0,588,0.7909548282623291,,,0.008526977151632309
12827,11.0,664,0.8886675834655762,,,0.0053408266976475716
12828,22.0,1243,1.6471638679504395,,,0.007435789797455072
12829,14.0,743,1.0029761791229248,,,0.003225296037271619
12830,9.0,524,0.713773250579834,,,0.0188573207706213
12831,10.0,651,0.8816490173339844,,,0.0103211160749197
12832,6.0,595,0.8059823513031006,,,0.007846391759812832
12833,11.0,569,0.7652013301849365,,,0.0074890232644975185
12834,18.0,942,1.259894847869873,,,0.02015562169253826
12835,12.0,742,0.9895045757293701,,,0.013739161193370819
12836,22.0,1082,1.4632205963134766,,,0.010939876548945904
12837,8.0,407,0.556781530380249,,,0.010846910998225212
12838,24.0,1045,1.4031274318695068,,,0.010630268603563309
12839,9.0,509,0.6977782249450684,,,0.002599692437797785
12840,23.0,939,1.2703516483306885,,,0.018137602135539055
12841,7.0,351,0.4895026683807373,,,0.010401841253042221
12842,12.0,665,0.9041926860809326,,,0.019416777417063713
12843,18.0,772,1.0489084720611572,,,0.00723023759201169
12844,11.0,599,0.8206031322479248,,,0.027530739083886147
12845,8.0,806,1.1009564399719238,,,0.014371761120855808
12846,10.0,725,0.9857006072998047,,,0.006355818826705217
12847,7.0,407,0.5562191009521484,,,0.017422964796423912
12848,31.0,1673,2.2485263347625732,,,0.009461425244808197
12849,13.0,751,1.0161724090576172,,,0.012536500580608845
12850,18.0,929,1.250204086303711,,,0.021530283614993095
12851,5.0,447,0.6059393882751465,,,0.017047161236405373
12852,5.0,386,0.523247480392456,,,0.0041750650852918625
12853,10.0,715,0.9645400047302246,,,0.00988899078220129
12854,21.0,1111,1.491459846496582,,,0.01661238633096218
12855,15.0,677,0.9111554622650146,,,0.007829065434634686
12856,7.0,533,0.7194526195526123,,,0.030797233805060387
12857,13.0,682,0.9296669960021973,,,0.010461757890880108
12858,27.0,1094,1.4703824520111084,,,0.007506120949983597
12859,11.0,567,0.7741069793701172,,,0.016498230397701263
12860,24.0,1215,1.6405282020568848,,,0.01321312878280878
12861,20.0,915,1.2433772087097168,,,0.013392971828579903
12862,13.0,754,1.0207157135009766,,,0.01366446539759636
12863,13.0,704,0.9555380344390869,,,0.007088686805218458
12864,9.0,509,0.6899175643920898,,,0.006303745787590742
12865,12.0,631,0.8549473285675049,,,0.014741540886461735
12866,20.0,941,1.2735416889190674,,,0.00835548248142004
12867,26.0,1244,1.6749491691589355,,,0.02185746841132641
12868,11.0,551,0.7474091053009033,,,0.011148477904498577
12869,10.0,677,0.9197921752929688,,,0.006017560139298439
12870,24.0,1099,1.4847607612609863,,,0.006200004834681749
12871,10.0,577,0.7786650657653809,,,0.012385118752717972
12872,6.0,404,0.5513558387756348,,,0.011989190243184566
12873,6.0,386,0.530104398727417,,,0.00890912301838398
12874,14.0,758,1.0307421684265137,,,0.005496721714735031
12875,18.0,807,1.094038724899292,,,0.014566146768629551
12876,21.0,947,1.279827356338501,,,0.007529961410909891
12877,5.0,508,0.6959989070892334,,,0.0067839487455785275
12878,13.0,841,1.1375126838684082,,,0.009317497722804546
12879,17.0,851,1.1574227809906006,,,0.005096286069601774
12880,18.0,961,1.2975902557373047,,,0.024864718317985535
12881,7.0,399,0.5456531047821045,,,0.011060241609811783
12882,19.0,911,1.2341504096984863,,,0.008117069490253925
12883,14.0,875,1.1959710121154785,,,0.007222349755465984
12884,22.0,1684,2.245607614517212,,,0.040308836847543716
12885,10.0,727,0.9853878021240234,,,0.00988797191530466
12886,4.0,398,0.5453271865844727,,,0.010614421218633652
12887,12.0,651,0.876434326171875,,,0.007633056025952101
12888,18.0,943,1.286902666091919,,,0.00906793586909771
12889,11.0,672,0.9077146053314209,,,0.016335224732756615
12890,22.0,990,1.3230183124542236,,,0.027718303725123405
12891,13.0,717,0.9661450386047363,,,0.011150295846164227
12892,11.0,731,0.9904797077178955,,,0.006766154896467924
12893,6.0,399,0.5436413288116455,,,0.013048590160906315
12894,18.0,987,1.3382902145385742,,,0.008175636641681194
12895,6.0,465,0.6341550350189209,,,0.0029117120429873466
12896,13.0,755,1.0241162776947021,,,0.02132914587855339
12897,15.0,767,1.0395300388336182,,,0.006750837434083223
12898,24.0,1070,1.4382061958312988,,,0.007289725821465254
12899,12.0,617,0.8363738059997559,,,0.00924534909427166
12900,18.0,1003,1.3520448207855225,,,0.006968643981963396
12901,9.0,822,1.11482572555542,,,0.013427776284515858
12902,10.0,561,0.7651863098144531,,,0.006131831556558609
12903,8.0,679,0.9185247421264648,,,0.013421395793557167
12904,21.0,1051,1.41239595413208,,,0.008139475248754025
12905,5.0,388,0.5256984233856201,,,0.01818784885108471
12906,1.0,451,0.6142668724060059,,,0.006840556859970093
12907,9.0,503,0.6787290573120117,,,0.006005917210131884
12908,10.0,665,0.8982491493225098,,,0.002901450265198946
12909,8.0,401,0.5420141220092773,,,0.014826351776719093
12910,12.0,717,0.9769251346588135,,,0.00871342048048973
12911,16.0,857,1.154306173324585,,,0.03324772045016289
12912,13.0,751,1.0091497898101807,,,0.012940865010023117
12913,10.0,569,0.7796313762664795,,,0.011365278623998165
12914,5.0,399,0.543452262878418,,,0.012931754812598228
12915,5.0,476,0.6491138935089111,,,0.019820434972643852
12916,24.0,1065,1.430971384048462,,,0.026233943179249763
12917,10.0,576,0.7806839942932129,,,0.006549422163516283
12918,19.0,985,1.3295142650604248,,,0.011212252080440521
12919,12.0,621,0.8436896800994873,,,0.015749096870422363
12920,12.0,589,0.8073313236236572,,,0.03150380775332451
12921,16.0,777,1.0562303066253662,,,0.030709903687238693
12922,8.0,407,0.550607442855835,,,0.028075333684682846
12923,18.0,953,1.2982313632965088,,,0.011024907231330872
12924,22.0,1233,1.6665539741516113,,,0.030618958175182343
12925,10.0,527,0.7224886417388916,,,0.01717040129005909
12926,6.0,413,0.5643730163574219,,,0.02828318625688553
12927,5.0,477,0.6507840156555176,,,0.01340753585100174
12928,13.0,813,1.1110458374023438,,,0.02182328701019287
12929,11.0,727,0.9888787269592285,,,0.00891234539449215
12930,19.0,869,1.177610158920288,,,0.03821686655282974
12931,9.0,661,0.9013450145721436,,,0.018928304314613342
12932,16.0,1045,1.4166512489318848,,,0.0043285624124109745
12933,6.0,457,0.6221494674682617,,,0.006770784500986338
12934,13.0,759,1.033433437347412,,,0.013369775377213955
12935,8.0,415,0.5651199817657471,,,0.006682434119284153
12936,21.0,1125,1.5153756141662598,,,0.01121943537145853
12937,6.0,653,0.8916888236999512,,,0.006502234842628241
12938,5.0,556,0.7549598217010498,,,0.016096200793981552
12939,9.0,513,0.7022049427032471,,,0.008606327697634697
12940,16.0,749,1.0171787738800049,,,0.015225471928715706
12941,8.0,555,0.7595071792602539,,,0.015224043279886246
12942,12.0,682,0.925602912902832,,,0.005392762366682291
12943,16.0,799,1.0914306640625,,,0.024849940091371536
12944,12.0,691,0.9431064128875732,,,0.01940598338842392
12945,4.0,471,0.6430413722991943,,,0.012629826553165913
12946,11.0,887,1.2118642330169678,,,0.010151578113436699
12947,12.0,571,0.7825887203216553,,,0.027462081983685493
12948,8.0,477,0.6567459106445312,,,0.012521070428192616
12949,10.0,698,0.9540231227874756,,,0.010372322984039783
12950,5.0,399,0.5447909832000732,,,0.0069456822238862514
12951,11.0,558,0.7646393775939941,,,0.012474309653043747
12952,19.0,1186,1.5843565464019775,,,0.0070023313164711
12953,20.0,913,1.2307991981506348,,,0.005566002801060677
12954,26.0,1252,1.666039228439331,,,0.013226894661784172
12955,12.0,565,0.7606124877929688,,,0.008353871293365955
12956,12.0,721,0.9790163040161133,,,0.005012016277760267
12957,14.0,749,1.003467082977295,,,0.011669214814901352
12958,4.0,361,0.48784494400024414,,,0.009532627649605274
12959,11.0,575,0.7644896507263184,,,0.013851218856871128
12960,11.0,603,0.8074162006378174,,,0.012982570566236973
12961,6.0,494,0.6687653064727783,,,0.03606482595205307
12962,11.0,707,0.9459302425384521,,,0.04801853001117706
12963,30.0,1272,1.6920573711395264,,,0.018892280757427216
12964,18.0,823,1.1004109382629395,,,0.009033114649355412
12965,22.0,963,1.2876851558685303,,,0.0077290283516049385
12966,15.0,688,0.9219844341278076,,,0.04380268231034279
12967,32.0,1475,1.955120325088501,,,0.009804189205169678
12968,14.0,629,0.8449075222015381,,,0.003076764289289713
12969,11.0,706,0.9483528137207031,,,0.022368136793375015
12970,23.0,1312,1.750391960144043,,,0.006513862404972315
12971,9.0,509,0.6865718364715576,,,0.022625626996159554
12972,21.0,1090,1.4493153095245361,,,0.011988087557256222
12973,12.0,733,0.9786050319671631,,,0.010677848011255264
12974,8.0,362,0.48761463165283203,,,0.01096409559249878
12975,7.0,409,0.5539631843566895,,,0.016186721622943878
12976,18.0,1025,1.3629038333892822,,,0.014161501079797745
12977,16.0,704,0.9443655014038086,,,0.031756024807691574
12978,15.0,762,1.0260264873504639,,,0.006985783111304045
12979,11.0,666,0.8978252410888672,,,0.028874773532152176
12980,7.0,483,0.6501593589782715,,,0.013492768630385399
12981,11.0,727,0.9733283519744873,,,0.010146967135369778
12982,17.0,908,1.2128229141235352,,,0.016760321334004402
12983,9.0,521,0.7089338302612305,,,0.014121885411441326
12984,20.0,945,1.2811777591705322,,,0.011176162399351597
12985,12.0,750,1.0212979316711426,,,0.03277556970715523
12986,7.0,360,0.49086666107177734,,,0.020022587850689888
12987,7.0,537,0.7285001277923584,,,0.0134864691644907
12988,23.0,1413,1.8998465538024902,,,0.013853266835212708
12989,23.0,1191,1.6057422161102295,,,0.010259805247187614
12990,22.0,844,1.135392189025879,,,0.030335556715726852
12991,10.0,556,0.7484724521636963,,,0.009788026101887226
12992,24.0,1023,1.3670227527618408,,,0.013746007345616817
12993,19.0,839,1.138847827911377,,,0.012731549330055714
12994,8.0,577,0.7860763072967529,,,0.013719492591917515
12995,8.0,353,0.4784207344055176,,,0.010972371324896812
12996,13.0,635,0.860882043838501,,,0.014739482663571835
12997,14.0,935,1.2736830711364746,,,0.0038931516464799643
12998,11.0,720,0.9787397384643555,,,0.012240332551300526
12999,12.0,897,1.2082364559173584,,,0.013420337811112404
13000,10.0,535,0.7187254428863525,,,0.014465426094830036
13001,10.0,571,0.7688095569610596,,,0.012942538596689701
13002,23.0,1165,1.5581750869750977,,,0.009922950528562069
13003,16.0,746,0.9966950416564941,,,0.017064251005649567
13004,-2.0,309,0.4218716621398926,,,0.007164599373936653
13005,8.0,623,0.854393720626831,,,0.00749230245128274
13006,11.0,836,1.1379144191741943,,,0.020316369831562042
13007,10.0,598,0.8100383281707764,,,0.003096916014328599
13008,7.0,573,0.781489372253418,,,0.013671746477484703
13009,22.0,1019,1.3921420574188232,,,0.007442756090313196
13010,8.0,571,0.7772102355957031,,,0.009173044934868813
13011,14.0,695,0.9421482086181641,,,0.01766917109489441
13012,9.0,568,0.7761874198913574,,,0.013087505474686623
13013,0.0,355,0.4920215606689453,,,0.014239908196032047
13014,9.0,576,0.7809243202209473,,,0.00405546510592103
13015,9.0,587,0.7857623100280762,,,0.028092337772250175
13016,9.0,547,0.7353181838989258,,,0.013178497552871704
13017,6.0,478,0.647942304611206,,,0.015143346972763538
13018,7.0,587,0.791339635848999,,,0.014941955916583538
13019,9.0,571,0.7633514404296875,,,0.030816461890935898
13020,7.0,576,0.7773110866546631,,,0.018687643110752106
13021,26.0,960,1.2823786735534668,,,0.01928672380745411
13022,16.0,850,1.1471045017242432,,,0.049037687480449677
13023,31.0,2109,2.7773935794830322,,,0.0053863367065787315
13024,23.0,1000,1.3390860557556152,,,0.010838915593922138
13025,8.0,413,0.55631422996521,,,0.008666656911373138
13026,12.0,711,0.9529407024383545,,,0.006498332601040602
13027,22.0,909,1.217123031616211,,,0.011858982965350151
13028,20.0,927,1.2403171062469482,,,0.00833590142428875
13029,6.0,490,0.661569356918335,,,0.003953566774725914
13030,5.0,386,0.5188114643096924,,,0.010732904076576233
13031,23.0,1029,1.3693690299987793,,,0.0075547960586845875
13032,18.0,807,1.082650899887085,,,0.02787609025835991
13033,13.0,761,1.0257303714752197,,,0.012758780270814896
13034,10.0,894,1.1909475326538086,,,0.004023719113320112
13035,10.0,664,0.8951911926269531,,,0.03567081689834595
13036,9.0,595,0.7986748218536377,,,0.038840316236019135
13037,8.0,395,0.5329148769378662,,,0.009325290098786354
13038,6.0,485,0.6615884304046631,,,0.02028615027666092
13039,7.0,479,0.6439933776855469,,,0.007349858991801739
13040,12.0,743,1.0019309520721436,,,0.008311968296766281
13041,22.0,1070,1.4325966835021973,,,0.012554450891911983
13042,6.0,583,0.7818641662597656,,,0.031786248087882996
13043,13.0,773,1.0402891635894775,,,0.007453370373696089
13044,11.0,650,0.8734245300292969,,,0.020707225427031517
13045,9.0,577,0.7706789970397949,,,0.017942404374480247
13046,13.0,712,0.9555521011352539,,,0.007809029426425695
13047,25.0,1215,1.6207818984985352,,,0.017333753407001495
13048,16.0,655,0.8873426914215088,,,0.010739305056631565
13049,17.0,963,1.3085527420043945,,,0.008085356093943119
13050,16.0,1019,1.3799080848693848,,,0.013827319256961346
13051,21.0,971,1.3071162700653076,,,0.017458992078900337
13052,17.0,810,1.0985054969787598,,,0.020156869664788246
13053,12.0,659,0.89459228515625,,,0.007486505433917046
13054,13.0,670,0.9101245403289795,,,0.006863066460937262
13055,13.0,739,1.005047082901001,,,0.010631933808326721
13056,5.0,336,0.45878124237060547,,,0.028138525784015656
13057,9.0,669,0.9151015281677246,,,0.010450741276144981
13058,9.0,535,0.7280483245849609,,,0.02659520134329796
13059,8.0,685,0.9294536113739014,,,0.01854875311255455
13060,19.0,821,1.1154303550720215,,,0.006339572370052338
13061,18.0,801,1.087777853012085,,,0.029828915372490883
13062,14.0,656,0.8820114135742188,,,0.008425215259194374
13063,17.0,845,1.1397883892059326,,,0.007139878813177347
13064,7.0,407,0.5456724166870117,,,0.011248496361076832
13065,12.0,576,0.7754838466644287,,,0.01343294233083725
13066,8.0,507,0.6842231750488281,,,0.009956234134733677
13067,11.0,679,0.9067268371582031,,,0.0155752869322896
13068,7.0,360,0.48285913467407227,,,0.010621923953294754
13069,21.0,917,1.239664077758789,,,0.012542448937892914
13070,13.0,731,0.9907798767089844,,,0.007594154682010412
13071,5.0,386,0.5275375843048096,,,0.006813950836658478
13072,9.0,669,0.9139149188995361,,,0.03137810528278351
13073,13.0,771,1.0432932376861572,,,0.007178659085184336
13074,10.0,583,0.7996842861175537,,,0.01835590973496437
13075,14.0,678,0.917121171951294,,,0.0069977110251784325
13076,9.0,644,0.8776223659515381,,,0.0108555993065238
13077,12.0,643,0.8760879039764404,,,0.035055749118328094
13078,19.0,794,1.06990385055542,,,0.006814951542764902
13079,20.0,939,1.261357069015503,,,0.00936361588537693
13080,12.0,682,0.9187908172607422,,,0.012653316371142864
13081,9.0,592,0.8068115711212158,,,0.015376223251223564
13082,5.0,483,0.6596753597259521,,,0.014931336976587772
13083,8.0,407,0.556530237197876,,,0.0075591206550598145
13084,14.0,646,0.8798785209655762,,,0.007764747831970453
13085,17.0,794,1.08223557472229,,,0.029179692268371582
13086,6.0,539,0.7322468757629395,,,0.027129633352160454
13087,12.0,765,1.036452054977417,,,0.015259351581335068
13088,10.0,716,0.9645395278930664,,,0.01171790063381195
13089,9.0,517,0.7058916091918945,,,0.014647345058619976
13090,15.0,717,0.9743881225585938,,,0.011959806084632874
13091,18.0,786,1.0715584754943848,,,0.0373932383954525
13092,7.0,433,0.5889124870300293,,,0.015221714973449707
13093,12.0,736,1.0085327625274658,,,0.006385375279933214
13094,2.0,396,0.5401206016540527,,,0.021422093734145164
13095,14.0,748,1.0144975185394287,,,0.016768736764788628
13096,7.0,479,0.6552841663360596,,,0.05811362341046333
13097,15.0,942,1.2756214141845703,,,0.01541227288544178
13098,14.0,754,1.0311317443847656,,,0.014151036739349365
13099,20.0,891,1.211984634399414,,,0.008948431350290775
13100,2.0,447,0.609990119934082,,,0.03464233875274658
13101,11.0,578,0.7889053821563721,,,0.010051626712083817
13102,13.0,789,1.0767343044281006,,,0.02921040914952755
13103,9.0,693,0.9426312446594238,,,0.00654813926666975
13104,10.0,653,0.8913683891296387,,,0.0065345242619514465
13105,11.0,727,0.9883568286895752,,,0.012265147641301155
13106,19.0,754,1.0305109024047852,,,0.026899443939328194
13107,16.0,781,1.0584173202514648,,,0.03287340700626373
13108,13.0,764,1.0345726013183594,,,0.0045349448919296265
13109,15.0,755,1.0226945877075195,,,0.012438453733921051
13110,13.0,741,1.0046935081481934,,,0.007366221863776445
13111,19.0,983,1.3336148262023926,,,0.022258639335632324
13112,7.0,681,0.9284391403198242,,,0.019313383847475052
13113,13.0,741,1.001969575881958,,,0.005769193172454834
13114,11.0,573,0.7792768478393555,,,0.006853430066257715
13115,8.0,407,0.5559587478637695,,,0.013704419136047363
13116,6.0,409,0.5560235977172852,,,0.012243027798831463
13117,14.0,773,1.051379680633545,,,0.012323793955147266
13118,7.0,571,0.7714645862579346,,,0.006489269435405731
13119,12.0,727,0.975395917892456,,,0.030015621334314346
13120,12.0,689,0.9298243522644043,,,0.023618729785084724
13121,5.0,430,0.5862014293670654,,,0.017072631046175957
13122,5.0,411,0.5581495761871338,,,0.01702997274696827
13123,20.0,1167,1.5690155029296875,,,0.014922529458999634
13124,24.0,1293,1.7414453029632568,,,0.01520132552832365
13125,17.0,822,1.1189987659454346,,,0.004128005355596542
13126,6.0,398,0.5438942909240723,,,0.014160720631480217
13127,5.0,545,0.7432732582092285,,,0.014826774597167969
13128,5.0,398,0.5440976619720459,,,0.009273484349250793
13129,23.0,1459,1.9751663208007812,,,0.009206931106746197
13130,12.0,725,0.9835045337677002,,,0.025511693209409714
13131,12.0,837,1.1463284492492676,,,0.00841677375137806
13132,12.0,823,1.1175472736358643,,,0.017049143090844154
13133,15.0,761,1.028982400894165,,,0.008718032389879227
13134,14.0,894,1.2007479667663574,,,0.02619844861328602
13135,6.0,477,0.6425838470458984,,,0.00868676695972681
13136,13.0,821,1.1043922901153564,,,0.027312124148011208
13137,15.0,857,1.163043737411499,,,0.010597353801131248
13138,20.0,914,1.2364275455474854,,,0.031835123896598816
13139,14.0,747,1.0037689208984375,,,0.029140084981918335
13140,19.0,1055,1.4107530117034912,,,0.007301892153918743
13141,11.0,579,0.7795543670654297,,,0.00801311619579792
13142,27.0,1352,1.8073842525482178,,,0.016643591225147247
13143,19.0,785,1.0641090869903564,,,0.015120048075914383
13144,11.0,672,0.9143917560577393,,,0.009881695732474327
13145,15.0,765,1.0420100688934326,,,0.01281300000846386
13146,11.0,565,0.7718174457550049,,,0.02053537592291832
13147,13.0,583,0.799095630645752,,,0.012387153692543507
13148,12.0,709,0.9643905162811279,,,0.008024376817047596
13149,10.0,675,0.9162259101867676,,,0.02393387444317341
13150,1.0,390,0.5332324504852295,,,0.01570180431008339
13151,25.0,1309,1.7756731510162354,,,0.008637819439172745
13152,6.0,591,0.8079040050506592,,,0.0071412487886846066
13153,12.0,828,1.12611985206604,,,0.0078111980110406876
13154,10.0,568,0.772193193435669,,,0.015853023156523705
13155,25.0,1279,1.7179303169250488,,,0.013032747432589531
13156,9.0,527,0.7255287170410156,,,0.011931020766496658
13157,8.0,627,0.8517370223999023,,,0.01714414730668068
13158,14.0,782,1.060392141342163,,,0.007899017073214054
13159,12.0,681,0.9286417961120605,,,0.011692549102008343
13160,15.0,775,1.0582809448242188,,,0.010802592150866985
13161,5.0,541,0.7416763305664062,,,0.007917281240224838
13162,14.0,741,1.0128121376037598,,,0.012594964355230331
13163,21.0,1123,1.522169589996338,,,0.0046638487838208675
13164,15.0,820,1.117680549621582,,,0.007356335408985615
13165,15.0,780,1.0611443519592285,,,0.015905650332570076
13166,22.0,1102,1.4917199611663818,,,0.008662397041916847
13167,11.0,724,0.9903159141540527,,,0.02330804243683815
13168,13.0,753,1.0268340110778809,,,0.012981289997696877
13169,24.0,1494,2.0120999813079834,,,0.017793891951441765
13170,14.0,890,1.2063202857971191,,,0.015549994073808193
13171,11.0,711,0.9705708026885986,,,0.0039919354021549225
13172,9.0,528,0.7185995578765869,,,0.01666298322379589
13173,18.0,1123,1.5296709537506104,,,0.028402436524629593
13174,12.0,595,0.8161399364471436,,,0.009602483361959457
13175,13.0,742,1.00937819480896,,,0.0049594128504395485
13176,7.0,517,0.7083356380462646,,,0.00459052762016654
13177,12.0,737,1.0075798034667969,,,0.012110276147723198
13178,5.0,607,0.8323726654052734,,,0.009267380461096764
13179,9.0,559,0.7535426616668701,,,0.009198702871799469
13180,28.0,1696,2.2617714405059814,,,0.007739717606455088
13181,15.0,855,1.1544644832611084,,,0.019755488261580467
13182,6.0,453,0.6173391342163086,,,0.019315853714942932
13183,13.0,715,0.9744875431060791,,,0.008717707358300686
13184,9.0,655,0.893808126449585,,,0.004465220496058464
13185,18.0,948,1.2905402183532715,,,0.01184446457773447
13186,12.0,735,0.9986410140991211,,,0.039488982409238815
13187,10.0,676,0.915156364440918,,,0.013586578890681267
13188,17.0,835,1.1340389251708984,,,0.014638565480709076
13189,13.0,741,1.0151748657226562,,,0.006311634089797735
13190,12.0,688,0.929243803024292,,,0.005715060979127884
13191,5.0,408,0.5556540489196777,,,0.012693320401012897
13192,10.0,616,0.8422510623931885,,,0.011793241836130619
13193,24.0,1335,1.8083186149597168,,,0.014063037000596523
13194,8.0,572,0.7770664691925049,,,0.00885696429759264
13195,8.0,601,0.8177216053009033,,,0.02537366934120655
13196,13.0,738,1.0063989162445068,,,0.025720272213220596
13197,9.0,527,0.7256176471710205,,,0.008886219933629036
13198,26.0,1033,1.3974664211273193,,,0.01008374709635973
13199,9.0,579,0.7893569469451904,,,0.031214093789458275
13200,17.0,866,1.1677722930908203,,,0.006808488164097071
13201,18.0,992,1.3322958946228027,,,0.011015151627361774
13202,18.0,906,1.221635103225708,,,0.0216824933886528
13203,18.0,904,1.2217681407928467,,,0.010152245871722698
13204,28.0,1228,1.6585426330566406,,,0.00963171012699604
13205,18.0,813,1.0971217155456543,,,0.014062472619116306
13206,11.0,699,0.9509143829345703,,,0.014407876878976822
13207,10.0,592,0.8030753135681152,,,0.008374749682843685
13208,7.0,401,0.546255350112915,,,0.019786441698670387
13209,21.0,957,1.2947909832000732,,,0.01140186470001936
13210,11.0,540,0.7328720092773438,,,0.012930570170283318
13211,9.0,557,0.7571301460266113,,,0.01567738689482212
13212,19.0,991,1.3385612964630127,,,0.011278771795332432
13213,12.0,522,0.7041149139404297,,,0.01842709258198738
13214,14.0,781,1.0504369735717773,,,0.008699856698513031
13215,5.0,397,0.5385212898254395,,,0.011295700445771217
13216,14.0,757,1.0115032196044922,,,0.00442719180136919
13217,10.0,694,0.9301867485046387,,,0.013938934542238712
13218,6.0,477,0.6422417163848877,,,0.014871075749397278
13219,21.0,811,1.0835840702056885,,,0.01197331864386797
13220,6.0,543,0.7347593307495117,,,0.016581961885094643
13221,12.0,671,0.9030818939208984,,,0.004378053359687328
13222,17.0,844,1.1353886127471924,,,0.012994946911931038
13223,24.0,1172,1.5682685375213623,,,0.008696488104760647
13224,7.0,539,0.7264728546142578,,,0.007651813328266144
13225,17.0,858,1.1551811695098877,,,0.0065897745080292225
13226,5.0,399,0.5375797748565674,,,0.023752087727189064
13227,8.0,575,0.7797856330871582,,,0.01347613986581564
13228,11.0,690,0.9372997283935547,,,0.008742580190300941
13229,12.0,745,1.0104148387908936,,,0.04840119928121567
13230,26.0,1386,1.861983060836792,,,0.01898321323096752
13231,8.0,585,0.7985942363739014,,,0.01611442305147648
13232,12.0,577,0.7785995006561279,,,0.010771926492452621
13233,13.0,698,0.9472250938415527,,,0.01195250079035759
13234,9.0,569,0.7842960357666016,,,0.013712091371417046
13235,6.0,488,0.66361403465271,,,0.014917959459125996
13236,12.0,718,0.9692614078521729,,,0.0036133460234850645
13237,11.0,599,0.8215925693511963,,,0.01151368860155344
13238,11.0,569,0.7753047943115234,,,0.010392928496003151
13239,13.0,769,1.0503075122833252,,,0.023639552295207977
13240,18.0,1037,1.404545545578003,,,0.006982362363487482
13241,9.0,537,0.7325749397277832,,,0.008631997741758823
13242,22.0,1183,1.609701156616211,,,0.011756260879337788
13243,18.0,881,1.1924772262573242,,,0.02319980226457119
13244,14.0,876,1.1965551376342773,,,0.03307490423321724
13245,3.0,419,0.5769124031066895,,,0.010415850207209587
13246,6.0,411,0.5575776100158691,,,0.014818749390542507
13247,27.0,1341,1.81058669090271,,,0.017556998878717422
13248,20.0,1007,1.369969367980957,,,0.010547483339905739
13249,13.0,768,1.0415644645690918,,,0.01003063004463911
13250,19.0,847,1.1493663787841797,,,0.009607172571122646
13251,20.0,1021,1.3873050212860107,,,0.006491325329989195
13252,10.0,698,0.9586491584777832,,,0.00510308938100934
13253,8.0,582,0.7902884483337402,,,0.0200054831802845
13254,12.0,699,0.9487862586975098,,,0.00825725868344307
13255,10.0,699,0.9483044147491455,,,0.009689677506685257
13256,10.0,695,0.9500322341918945,,,0.027791660279035568
13257,9.0,573,0.7782576084136963,,,0.007861260324716568
13258,12.0,721,0.9786286354064941,,,0.014065159484744072
13259,22.0,1141,1.5457165241241455,,,0.008368261158466339
13260,13.0,737,1.009673833847046,,,0.00865078903734684
13261,9.0,595,0.8201000690460205,,,0.01983560621738434
13262,13.0,758,1.0223138332366943,,,0.03412863239645958
13263,18.0,1062,1.441230297088623,,,0.009876973927021027
13264,14.0,799,1.0911142826080322,,,0.022459406405687332
13265,20.0,1192,1.620443344116211,,,0.018324609845876694
13266,8.0,549,0.7419908046722412,,,0.005589386913925409
13267,10.0,869,1.1850907802581787,,,0.016764305531978607
13268,12.0,643,0.8712589740753174,,,0.015140834264457226
13269,9.0,572,0.7802083492279053,,,0.00788192730396986
13270,11.0,600,0.8166406154632568,,,0.004383452236652374
13271,15.0,828,1.1209802627563477,,,0.013604355975985527
13272,18.0,949,1.293818473815918,,,0.007692520506680012
13273,8.0,585,0.7993271350860596,,,0.01865493319928646
13274,9.0,630,0.8568551540374756,,,0.008889949880540371
13275,7.0,395,0.5437166690826416,,,0.01804620958864689
13276,11.0,690,0.9470033645629883,,,0.00905285868793726
13277,12.0,710,0.9659321308135986,,,0.0031271125189960003
13278,5.0,399,0.5489349365234375,,,0.013365710154175758
13279,7.0,404,0.5519866943359375,,,0.011345780454576015
13280,15.0,877,1.1977627277374268,,,0.01891915872693062
13281,9.0,620,0.845423698425293,,,0.01990652270615101
13282,17.0,914,1.2413015365600586,,,0.012358934618532658
13283,7.0,638,0.8656902313232422,,,0.003758141538128257
13284,9.0,611,0.8401100635528564,,,0.010846501216292381
13285,13.0,752,1.0281007289886475,,,0.01655089482665062
13286,13.0,696,0.9441053867340088,,,0.03788622468709946
13287,12.0,685,0.9287970066070557,,,0.023835549131035805
13288,11.0,697,0.9491312503814697,,,0.005939567927271128
13289,12.0,633,0.8649880886077881,,,0.006089869886636734
13290,13.0,631,0.8539466857910156,,,0.01662101410329342
13291,11.0,775,1.0491445064544678,,,0.010112271644175053
13292,17.0,936,1.270693063735962,,,0.014034795574843884
13293,10.0,683,0.9366395473480225,,,0.006558740045875311
13294,12.0,728,0.9868812561035156,,,0.012477818876504898
13295,10.0,566,0.7717790603637695,,,0.020566627383232117
13296,30.0,1327,1.7849652767181396,,,0.015258642844855785
13297,8.0,585,0.8057577610015869,,,0.011486230418086052
13298,18.0,830,1.1241536140441895,,,0.002708097919821739
13299,18.0,859,1.1645228862762451,,,0.011562501080334187
13300,12.0,632,0.8632986545562744,,,0.006558001972734928
13301,24.0,1255,1.6995885372161865,,,0.008577758446335793
13302,13.0,641,0.8763434886932373,,,0.0344393216073513
13303,12.0,561,0.7690157890319824,,,0.009919052943587303
13304,22.0,1099,1.4731826782226562,,,0.005586776416748762
13305,6.0,509,0.6928155422210693,,,0.013036959804594517
13306,6.0,503,0.6861422061920166,,,0.00949128344655037
13307,15.0,808,1.1025640964508057,,,0.009923203848302364
13308,3.0,403,0.5454027652740479,,,0.013788299635052681
13309,8.0,580,0.7898452281951904,,,0.007243606727570295
13310,13.0,764,1.025974988937378,,,0.036283861845731735
13311,5.0,419,0.5631096363067627,,,0.011294011026620865
13312,5.0,419,0.5602731704711914,,,0.00505478959530592
13313,11.0,684,0.9198737144470215,,,0.012918862514197826
13314,12.0,761,1.0209524631500244,,,0.007126074284315109
13315,10.0,717,0.9626691341400146,,,0.010548380203545094
13316,22.0,924,1.236670732498169,,,0.008306515403091908
13317,16.0,681,0.9161357879638672,,,0.014391690492630005
13318,12.0,1080,1.4509766101837158,,,0.008619051426649094
13319,20.0,970,1.3037083148956299,,,0.010903846472501755
13320,17.0,941,1.272634744644165,,,0.010983943939208984
13321,6.0,495,0.6757357120513916,,,0.004040923435240984
13322,9.0,556,0.7551243305206299,,,0.014772956259548664
13323,3.0,373,0.510838508605957,,,0.007719040848314762
13324,13.0,780,1.0580861568450928,,,0.015052711591124535
13325,11.0,559,0.7614312171936035,,,0.01091791968792677
13326,4.0,402,0.5539488792419434,,,0.012826536782085896
13327,11.0,729,0.994941234588623,,,0.012752813287079334
13328,13.0,745,1.0105822086334229,,,0.0068552992306649685
13329,13.0,725,0.9864881038665771,,,0.014450756832957268
13330,20.0,905,1.2327110767364502,,,0.011880310252308846
13331,10.0,601,0.8214554786682129,,,0.012097097933292389
13332,9.0,625,0.8559741973876953,,,0.02116205170750618
13333,13.0,767,1.0465867519378662,,,0.010711254552006721
13334,8.0,565,0.7667727470397949,,,0.011567343957722187
13335,19.0,749,1.0213654041290283,,,0.015961341559886932
13336,19.0,864,1.1713955402374268,,,0.012463471852242947
13337,17.0,801,1.089447021484375,,,0.022880522534251213
13338,21.0,1039,1.4056084156036377,,,0.0384557768702507
13339,3.0,525,0.7183432579040527,,,0.016061866655945778
13340,5.0,397,0.5421898365020752,,,0.007187552750110626
13341,13.0,731,0.9963147640228271,,,0.0039232694543898106
13342,7.0,395,0.5344243049621582,,,0.007960468530654907
13343,16.0,954,1.2970004081726074,,,0.020954905077815056
13344,8.0,582,0.7890326976776123,,,0.011506211943924427
13345,11.0,709,0.9653224945068359,,,0.016603510826826096
13346,19.0,905,1.2331433296203613,,,0.009009795263409615
13347,26.0,1371,1.8408081531524658,,,0.005042808596044779
13348,19.0,890,1.1993625164031982,,,0.010732092894613743
13349,16.0,831,1.138087272644043,,,0.010640899650752544
13350,20.0,923,1.2489418983459473,,,0.01205362193286419
13351,13.0,847,1.1484684944152832,,,0.007624907419085503
13352,11.0,679,0.9271135330200195,,,0.014283056370913982
13353,8.0,526,0.7197000980377197,,,0.009230837225914001
13354,12.0,709,0.9622058868408203,,,0.008484932594001293
13355,11.0,717,0.9750247001647949,,,0.006330905947834253
13356,21.0,1193,1.6108644008636475,,,0.011429265141487122
13357,29.0,1388,1.85756516456604,,,0.019654562696814537
13358,15.0,921,1.250253677368164,,,0.011559967882931232
13359,14.0,805,1.085080623626709,,,0.019110124558210373
13360,13.0,821,1.1045324802398682,,,0.009688043966889381
13361,4.0,416,0.568687915802002,,,0.00795050524175167
13362,16.0,757,1.0274453163146973,,,0.013331307098269463
13363,32.0,1623,2.163475513458252,,,0.022225428372621536
13364,9.0,687,0.9337139129638672,,,0.015313738025724888
13365,14.0,710,0.9654664993286133,,,0.014417590573430061
13366,13.0,751,1.0264887809753418,,,0.0076896632090210915
13367,13.0,767,1.042846918106079,,,0.015620430931448936
13368,17.0,975,1.323512315750122,,,0.011814660392701626
13369,3.0,395,0.5382211208343506,,,0.015979235991835594
13370,15.0,763,1.0418524742126465,,,0.009794933721423149
13371,27.0,1287,1.7409734725952148,,,0.005535569973289967
13372,6.0,449,0.6063938140869141,,,0.00978817231953144
13373,12.0,771,1.0485799312591553,,,0.007161220535635948
13374,8.0,688,0.9430487155914307,,,0.005872727371752262
13375,13.0,736,1.0049512386322021,,,0.01553257368505001
13376,21.0,885,1.2059948444366455,,,0.027323851361870766
13377,25.0,1373,1.8476264476776123,,,0.025399262085556984
13378,13.0,781,1.0609698295593262,,,0.02313128300011158
13379,5.0,492,0.6720578670501709,,,0.008497496135532856
13380,12.0,756,1.0263190269470215,,,0.0042533972300589085
13381,25.0,1210,1.6196296215057373,,,0.015529097989201546
13382,25.0,1200,1.5972259044647217,,,0.011298191733658314
13383,22.0,955,1.2949342727661133,,,0.00953731033951044
13384,22.0,882,1.1952118873596191,,,0.030153589323163033
13385,10.0,585,0.8093585968017578,,,0.013838444836437702
13386,12.0,587,0.7973432540893555,,,0.010826162062585354
13387,19.0,907,1.2326254844665527,,,0.012820526957511902
13388,13.0,755,1.0297281742095947,,,0.01908985525369644
13389,13.0,873,1.1899456977844238,,,0.011071708984673023
13390,11.0,575,0.7888445854187012,,,0.01794283278286457
13391,5.0,571,0.777660608291626,,,0.0062908148393034935
13392,8.0,602,0.8102178573608398,,,0.008865182287991047
13393,7.0,542,0.7326219081878662,,,0.013433394953608513
13394,27.0,1263,1.6800506114959717,,,0.006902159191668034
13395,14.0,737,1.0044522285461426,,,0.01756618730723858
13396,8.0,580,0.7937006950378418,,,0.01295927632600069
13397,16.0,803,1.094104290008545,,,0.01236055139452219
13398,9.0,597,0.811805248260498,,,0.011767559684813023
13399,20.0,1047,1.4066791534423828,,,0.007791909389197826
13400,22.0,1033,1.3893733024597168,,,0.019238179549574852
13401,9.0,578,0.7822844982147217,,,0.019826868548989296
13402,14.0,679,0.9201304912567139,,,0.04444843530654907
13403,9.0,703,0.9436182975769043,,,0.014180521480739117
13404,11.0,619,0.8335192203521729,,,0.006699329242110252
13405,6.0,429,0.5821011066436768,,,0.021761637181043625
13406,16.0,791,1.0639328956604004,,,0.01819426752626896
13407,23.0,1155,1.548797607421875,,,0.008549165911972523
13408,6.0,509,0.6873719692230225,,,0.014875121414661407
13409,12.0,735,0.9971411228179932,,,0.01943770796060562
13410,23.0,1164,1.5530223846435547,,,0.013432363979518414
13411,5.0,411,0.5653784275054932,,,0.006163266487419605
13412,13.0,757,1.0291457176208496,,,0.016956893727183342
13413,11.0,678,0.919978141784668,,,0.010522591881453991
13414,12.0,712,0.9718742370605469,,,0.025830252096056938
13415,9.0,634,0.8547928333282471,,,0.0065697976388037205
13416,12.0,727,0.978219747543335,,,0.014327355660498142
13417,28.0,1726,2.3185017108917236,,,0.006953358184546232
13418,32.0,1811,2.404616117477417,,,0.0030454574152827263
13419,18.0,947,1.2687115669250488,,,0.002809586003422737
13420,12.0,681,0.9256997108459473,,,0.01672518067061901
13421,16.0,855,1.1511108875274658,,,0.017557339742779732
13422,13.0,730,0.9830095767974854,,,0.008257805369794369
13423,13.0,739,0.9966883659362793,,,0.0173532385379076
13424,11.0,719,0.9758405685424805,,,0.011272464878857136
13425,13.0,827,1.1291484832763672,,,0.009560207836329937
13426,12.0,749,1.0200262069702148,,,0.011182510294020176
13427,10.0,587,0.8042764663696289,,,0.019315218552947044
13428,7.0,645,0.8804192543029785,,,0.01288644690066576
13429,13.0,767,1.0364465713500977,,,0.012234612368047237
13430,12.0,732,0.9832372665405273,,,0.009319358505308628
13431,32.0,1861,2.459113121032715,,,0.04104003310203552
13432,12.0,733,0.9931814670562744,,,0.010160411708056927
13433,12.0,601,0.8163647651672363,,,0.035592302680015564
13434,18.0,1109,1.5034728050231934,,,0.007922903634607792
13435,12.0,769,1.044083833694458,,,0.008942563086748123
13436,17.0,857,1.1635212898254395,,,0.0341278612613678
13437,6.0,537,0.727330207824707,,,0.009961002506315708
13438,25.0,996,1.3525266647338867,,,0.003760711522772908
13439,8.0,701,0.9491398334503174,,,0.019735200330615044
13440,8.0,538,0.7298228740692139,,,0.00524519570171833
13441,11.0,683,0.919147253036499,,,0.02357543632388115
13442,6.0,531,0.7184939384460449,,,0.008013581857085228
13443,12.0,684,0.9237825870513916,,,0.011000601574778557
13444,5.0,455,0.6110339164733887,,,0.01221027597784996
13445,15.0,890,1.1988000869750977,,,0.028355535119771957
13446,17.0,859,1.163874864578247,,,0.004083947278559208
13447,19.0,1017,1.3706998825073242,,,0.013687715865671635
13448,17.0,1059,1.4269263744354248,,,0.005998570937663317
13449,5.0,398,0.5377380847930908,,,0.013800207525491714
13450,16.0,784,1.0505485534667969,,,0.014860116876661777
13451,15.0,1246,1.6821458339691162,,,0.018445659428834915
13452,12.0,575,0.7914700508117676,,,0.013073956593871117
13453,19.0,940,1.2791392803192139,,,0.009518522769212723
13454,6.0,517,0.7122519016265869,,,0.014888234436511993
13455,17.0,768,1.045064926147461,,,0.012086485512554646
13456,23.0,1128,1.5238823890686035,,,0.007949121296405792
13457,12.0,658,0.8932881355285645,,,0.007679345086216927
13458,8.0,663,0.9025087356567383,,,0.03254442289471626
13459,17.0,733,0.9957282543182373,,,0.011047094129025936
13460,28.0,1551,2.081634044647217,,,0.0069479928351938725
13461,12.0,704,0.9607453346252441,,,0.011974559165537357
13462,13.0,594,0.8083384037017822,,,0.013327295891940594
13463,12.0,719,0.9824492931365967,,,0.010658067651093006
13464,23.0,1275,1.7269554138183594,,,0.0430450439453125
13465,11.0,701,0.9485926628112793,,,0.005883353296667337
13466,11.0,563,0.7667586803436279,,,0.00844087079167366
13467,8.0,531,0.7308342456817627,,,0.009395303204655647
13468,12.0,682,0.9271130561828613,,,0.00688041839748621
13469,12.0,679,0.925116777420044,,,0.01634138636291027
13470,27.0,1260,1.7097952365875244,,,0.02814185433089733
13471,13.0,821,1.1184043884277344,,,0.007107769139111042
13472,21.0,958,1.3021495342254639,,,0.013801186345517635
13473,11.0,710,0.9667472839355469,,,0.009724445641040802
13474,7.0,521,0.7126727104187012,,,0.010392154566943645
13475,17.0,786,1.0734930038452148,,,0.010478907264769077
13476,17.0,742,1.0069079399108887,,,0.0074942647479474545
13477,14.0,679,0.9284358024597168,,,0.010068526491522789
13478,22.0,984,1.3193814754486084,,,0.005558487493544817
13479,16.0,853,1.1544978618621826,,,0.022598430514335632
13480,20.0,1260,1.6933636665344238,,,0.011166270822286606
13481,12.0,709,0.9707744121551514,,,0.026019688695669174
13482,16.0,773,1.0462534427642822,,,0.010806892067193985
13483,13.0,749,1.017185926437378,,,0.008009523153305054
13484,13.0,684,0.9255177974700928,,,0.007770946715027094
13485,7.0,531,0.7148420810699463,,,0.012482375837862492
13486,10.0,545,0.734246015548706,,,0.016763588413596153
13487,19.0,809,1.08990478515625,,,0.016431787982583046
13488,10.0,601,0.8132584095001221,,,0.007041506934911013
13489,18.0,838,1.1331439018249512,,,0.010443405248224735
13490,12.0,783,1.0539445877075195,,,0.011389916762709618
13491,23.0,1241,1.6796660423278809,,,0.006226889323443174
13492,11.0,586,0.8032710552215576,,,0.01648060977458954
13493,10.0,637,0.8656229972839355,,,0.003392350161448121
13494,12.0,698,0.95223069190979,,,0.010197538882493973
13495,14.0,871,1.1898760795593262,,,0.009674903936684132
13496,11.0,696,0.9514100551605225,,,0.01634703204035759
13497,29.0,1282,1.7396390438079834,,,0.03139399737119675
13498,11.0,768,1.0470633506774902,,,0.00921208318322897
13499,24.0,1327,1.7940537929534912,,,0.011733789928257465
13500,12.0,721,0.9855804443359375,,,0.04201887920498848
13501,18.0,777,1.0568056106567383,,,0.017868326976895332
13502,12.0,701,0.9624650478363037,,,0.015084595419466496
13503,13.0,729,0.99045729637146,,,0.009730663150548935
13504,20.0,907,1.2435269355773926,,,0.006433193106204271
13505,18.0,733,1.001133918762207,,,0.03874789923429489
13506,18.0,772,1.047835350036621,,,0.018434520810842514
13507,10.0,575,0.7873568534851074,,,0.0055862776935100555
13508,11.0,560,0.7664163112640381,,,0.028605828061699867
13509,12.0,725,0.9933862686157227,,,0.010180851444602013
13510,6.0,491,0.6745500564575195,,,0.006961960811167955
13511,26.0,1321,1.7812540531158447,,,0.009167566895484924
13512,12.0,859,1.177565097808838,,,0.010199163109064102
13513,16.0,771,1.056509017944336,,,0.027581118047237396
13514,29.0,1560,2.108236789703369,,,0.009873807430267334
13515,9.0,643,0.8822588920593262,,,0.014575304463505745
13516,14.0,685,0.934251070022583,,,0.005083152092993259
13517,33.0,1985,2.6662099361419678,,,0.011543256230652332
13518,12.0,689,0.9334061145782471,,,0.0033861652482300997
13519,11.0,561,0.7739505767822266,,,0.014256937429308891
13520,13.0,721,0.9838831424713135,,,0.003843432292342186
